prompt_id,example_id,pca_auc,norm_auc,pca_top2_correct,norm_top2_correct,target_overlap,matched_overlap_mean
5aba6de555429955dce3ee1d::working_set_pack_a,5aba6de555429955dce3ee1d,1.0,0.5,True,False,0.16632631188099814,0.03699176273078425
5aba6de555429955dce3ee1d::active_set_pack_a,5aba6de555429955dce3ee1d,1.0,0.75,True,False,0.16632631188099814,0.04357436531783613
5aba6de555429955dce3ee1d::working_set_pack_b,5aba6de555429955dce3ee1d,0.875,0.5,False,False,0.16632631188099814,0.03333609871390048
5aba6de555429955dce3ee1d::active_set_pack_b,5aba6de555429955dce3ee1d,1.0,0.625,True,False,0.16632631188099814,0.04791963765381416
5ae0abf655429945ae95940d::working_set_pack_a,5ae0abf655429945ae95940d,1.0,1.0,True,True,0.16775871501884088,0.055824742315353074
5ae0abf655429945ae95940d::active_set_pack_a,5ae0abf655429945ae95940d,0.875,0.75,False,False,0.16775871501884088,0.06068552337410232
5ae0abf655429945ae95940d::working_set_pack_b,5ae0abf655429945ae95940d,1.0,1.0,True,True,0.16775871501884088,0.05265746928798874
5ae0abf655429945ae95940d::active_set_pack_b,5ae0abf655429945ae95940d,1.0,1.0,True,True,0.16775871501884088,0.049035451310274106
5a7ba64c5542995eb53be97b::working_set_pack_a,5a7ba64c5542995eb53be97b,1.0,0.625,True,False,0.33764886804865835,0.04397887596422788
5a7ba64c5542995eb53be97b::active_set_pack_a,5a7ba64c5542995eb53be97b,1.0,0.625,True,False,0.33764886804865835,0.04693093964665611
5a7ba64c5542995eb53be97b::working_set_pack_b,5a7ba64c5542995eb53be97b,1.0,0.75,True,False,0.33764886804865835,0.04547642929434312
5a7ba64c5542995eb53be97b::active_set_pack_b,5a7ba64c5542995eb53be97b,1.0,0.625,True,False,0.33764886804865835,0.055538421042242096
5a8f20d655429924144829dc::working_set_pack_a,5a8f20d655429924144829dc,1.0,0.75,True,False,0.17293659924525281,0.1495294797540302
5a8f20d655429924144829dc::active_set_pack_a,5a8f20d655429924144829dc,1.0,0.75,True,False,0.17293659924525281,0.14148171873951157
5a8f20d655429924144829dc::working_set_pack_b,5a8f20d655429924144829dc,1.0,0.875,True,False,0.17293659924525281,0.10367656420674032
5a8f20d655429924144829dc::active_set_pack_b,5a8f20d655429924144829dc,1.0,0.875,True,False,0.17293659924525281,0.1447921574939596
5ae70f035542991bbc9761b1::working_set_pack_a,5ae70f035542991bbc9761b1,1.0,0.875,True,False,0.1580952217312059,0.05597901083429579
5ae70f035542991bbc9761b1::active_set_pack_a,5ae70f035542991bbc9761b1,1.0,0.75,True,False,0.1580952217312059,0.05602006231498539
5ae70f035542991bbc9761b1::working_set_pack_b,5ae70f035542991bbc9761b1,0.875,0.875,False,False,0.1580952217312059,0.05809500745729922
5ae70f035542991bbc9761b1::active_set_pack_b,5ae70f035542991bbc9761b1,1.0,0.875,True,False,0.1580952217312059,0.054641494056297216
5ae0af9a5542993d6555ec17::working_set_pack_a,5ae0af9a5542993d6555ec17,1.0,1.0,True,True,0.1299156097901111,0.0
5ae0af9a5542993d6555ec17::active_set_pack_a,5ae0af9a5542993d6555ec17,1.0,1.0,True,True,0.1299156097901111,0.0
5ae0af9a5542993d6555ec17::working_set_pack_b,5ae0af9a5542993d6555ec17,1.0,1.0,True,True,0.1299156097901111,0.0
5ae0af9a5542993d6555ec17::active_set_pack_b,5ae0af9a5542993d6555ec17,1.0,1.0,True,True,0.1299156097901111,0.0
5a76b649554299373536017f::working_set_pack_a,5a76b649554299373536017f,1.0,1.0,True,True,0.6379955662958916,0.15926618861924116
5a76b649554299373536017f::active_set_pack_a,5a76b649554299373536017f,1.0,1.0,True,True,0.6379955662958916,0.1307007552386704
5a76b649554299373536017f::working_set_pack_b,5a76b649554299373536017f,1.0,1.0,True,True,0.6379955662958916,0.13945597795870587
5a76b649554299373536017f::active_set_pack_b,5a76b649554299373536017f,1.0,1.0,True,True,0.6379955662958916,0.08929130530030793
5a778e1b5542995d831811c5::working_set_pack_a,5a778e1b5542995d831811c5,1.0,1.0,True,True,0.11272759873705482,0.08786777675991728
5a778e1b5542995d831811c5::active_set_pack_a,5a778e1b5542995d831811c5,1.0,1.0,True,True,0.11272759873705482,0.078651135840677
5a778e1b5542995d831811c5::working_set_pack_b,5a778e1b5542995d831811c5,1.0,1.0,True,True,0.11272759873705482,0.09900246956207939
5a778e1b5542995d831811c5::active_set_pack_b,5a778e1b5542995d831811c5,1.0,1.0,True,True,0.11272759873705482,0.11670706752918188
5a7a0d665542990783324e14::working_set_pack_a,5a7a0d665542990783324e14,0.875,0.875,False,False,0.12122722685116363,0.0851230009921704
5a7a0d665542990783324e14::active_set_pack_a,5a7a0d665542990783324e14,0.75,0.75,False,False,0.12122722685116363,0.05648106652553612
5a7a0d665542990783324e14::working_set_pack_b,5a7a0d665542990783324e14,1.0,0.75,True,False,0.12122722685116363,0.022642871434805364
5a7a0d665542990783324e14::active_set_pack_b,5a7a0d665542990783324e14,0.875,0.75,False,False,0.12122722685116363,0.03866697839373232
5a82411055429940e5e1a815::working_set_pack_a,5a82411055429940e5e1a815,1.0,1.0,True,True,0.08520402358504287,0.06895328835878414
5a82411055429940e5e1a815::active_set_pack_a,5a82411055429940e5e1a815,1.0,1.0,True,True,0.08520402358504287,0.05369771135182645
5a82411055429940e5e1a815::working_set_pack_b,5a82411055429940e5e1a815,1.0,1.0,True,True,0.08520402358504287,0.047192759977289556
5a82411055429940e5e1a815::active_set_pack_b,5a82411055429940e5e1a815,1.0,0.875,True,False,0.08520402358504287,0.05763454327462354
5a7c7a8f55429907fabeef9c::working_set_pack_a,5a7c7a8f55429907fabeef9c,1.0,1.0,True,True,0.08414916722517138,0.03933920144401035
5a7c7a8f55429907fabeef9c::active_set_pack_a,5a7c7a8f55429907fabeef9c,1.0,1.0,True,True,0.08414916722517138,0.04050933890397113
5a7c7a8f55429907fabeef9c::working_set_pack_b,5a7c7a8f55429907fabeef9c,1.0,1.0,True,True,0.08414916722517138,0.04451114758654166
5a7c7a8f55429907fabeef9c::active_set_pack_b,5a7c7a8f55429907fabeef9c,1.0,1.0,True,True,0.08414916722517138,0.04843178701445467
5a73589d55429901807dafd1::working_set_pack_a,5a73589d55429901807dafd1,1.0,1.0,True,True,0.12154944012867024,0.111459556789609
5a73589d55429901807dafd1::active_set_pack_a,5a73589d55429901807dafd1,1.0,1.0,True,True,0.12154944012867024,0.09188808406965006
5a73589d55429901807dafd1::working_set_pack_b,5a73589d55429901807dafd1,1.0,1.0,True,True,0.12154944012867024,0.09649757514390178
5a73589d55429901807dafd1::active_set_pack_b,5a73589d55429901807dafd1,1.0,1.0,True,True,0.12154944012867024,0.08437779356883326
5add624c5542992200553adf::working_set_pack_a,5add624c5542992200553adf,1.0,1.0,True,True,0.0847592381888373,0.04433591691635187
5add624c5542992200553adf::active_set_pack_a,5add624c5542992200553adf,1.0,1.0,True,True,0.0847592381888373,0.05934243829475362
5add624c5542992200553adf::working_set_pack_b,5add624c5542992200553adf,1.0,1.0,True,True,0.0847592381888373,0.04653507837715044
5add624c5542992200553adf::active_set_pack_b,5add624c5542992200553adf,1.0,1.0,True,True,0.0847592381888373,0.04527773620339328
5ade14735542990dbb2f7f49::working_set_pack_a,5ade14735542990dbb2f7f49,1.0,1.0,True,True,0.3002222423961311,0.02770895167625828
5ade14735542990dbb2f7f49::active_set_pack_a,5ade14735542990dbb2f7f49,1.0,1.0,True,True,0.3002222423961311,0.018489095796218644
5ade14735542990dbb2f7f49::working_set_pack_b,5ade14735542990dbb2f7f49,0.875,0.875,False,False,0.3002222423961311,0.02097551251353887
5ade14735542990dbb2f7f49::active_set_pack_b,5ade14735542990dbb2f7f49,1.0,1.0,True,True,0.3002222423961311,0.006981345985880559
5ade18635542997c77aded3e::working_set_pack_a,5ade18635542997c77aded3e,1.0,0.875,True,False,0.3975848124659672,0.12626075803365283
5ade18635542997c77aded3e::active_set_pack_a,5ade18635542997c77aded3e,0.875,0.625,False,False,0.3975848124659672,0.054558819522005114
5ade18635542997c77aded3e::working_set_pack_b,5ade18635542997c77aded3e,0.875,0.625,False,False,0.3975848124659672,0.05277419848078119
5ade18635542997c77aded3e::active_set_pack_b,5ade18635542997c77aded3e,1.0,0.875,True,False,0.3975848124659672,0.13362473136405603
5ab1c5cb554299722f9b4c61::working_set_pack_a,5ab1c5cb554299722f9b4c61,1.0,1.0,True,True,0.07351431135736076,0.057362306780417295
5ab1c5cb554299722f9b4c61::active_set_pack_a,5ab1c5cb554299722f9b4c61,1.0,1.0,True,True,0.07351431135736076,0.06868651484308377
5ab1c5cb554299722f9b4c61::working_set_pack_b,5ab1c5cb554299722f9b4c61,1.0,1.0,True,True,0.07351431135736076,0.05723701702436988
5ab1c5cb554299722f9b4c61::active_set_pack_b,5ab1c5cb554299722f9b4c61,1.0,1.0,True,True,0.07351431135736076,0.0630281316111358
5ae73a195542991e8301cbfd::working_set_pack_a,5ae73a195542991e8301cbfd,1.0,1.0,True,True,0.12101141216062805,0.05493667272691713
5ae73a195542991e8301cbfd::active_set_pack_a,5ae73a195542991e8301cbfd,1.0,1.0,True,True,0.12101141216062805,0.04375148741606958
5ae73a195542991e8301cbfd::working_set_pack_b,5ae73a195542991e8301cbfd,1.0,1.0,True,True,0.12101141216062805,0.056519254991230464
5ae73a195542991e8301cbfd::active_set_pack_b,5ae73a195542991e8301cbfd,1.0,1.0,True,True,0.12101141216062805,0.04663703695914399
5ab55478554299488d4d993d::working_set_pack_a,5ab55478554299488d4d993d,1.0,1.0,True,True,0.07050591536813762,0.03667535830998382
5ab55478554299488d4d993d::active_set_pack_a,5ab55478554299488d4d993d,1.0,1.0,True,True,0.07050591536813762,0.027562521723671823
5ab55478554299488d4d993d::working_set_pack_b,5ab55478554299488d4d993d,1.0,0.75,True,False,0.07050591536813762,0.028586971291469584
5ab55478554299488d4d993d::active_set_pack_b,5ab55478554299488d4d993d,1.0,1.0,True,True,0.07050591536813762,0.026553557735934586
5ab373d6554299233954ff53::working_set_pack_a,5ab373d6554299233954ff53,1.0,0.75,True,False,0.12058197523825573,0.0517685562166905
5ab373d6554299233954ff53::active_set_pack_a,5ab373d6554299233954ff53,1.0,0.875,True,False,0.12058197523825573,0.04987168923729529
5ab373d6554299233954ff53::working_set_pack_b,5ab373d6554299233954ff53,1.0,0.75,True,False,0.12058197523825573,0.0415928301468843
5ab373d6554299233954ff53::active_set_pack_b,5ab373d6554299233954ff53,1.0,0.625,True,False,0.12058197523825573,0.05564207465717537
5a7a8dab554299042af8f66a::working_set_pack_a,5a7a8dab554299042af8f66a,1.0,1.0,True,True,0.37314480039455133,0.07407928158271984
5a7a8dab554299042af8f66a::active_set_pack_a,5a7a8dab554299042af8f66a,1.0,1.0,True,True,0.37314480039455133,0.06675797165547168
5a7a8dab554299042af8f66a::working_set_pack_b,5a7a8dab554299042af8f66a,1.0,1.0,True,True,0.37314480039455133,0.06650389953111423
5a7a8dab554299042af8f66a::active_set_pack_b,5a7a8dab554299042af8f66a,1.0,0.875,True,False,0.37314480039455133,0.07115979615387757
5ab3020e55429976abd1bc1a::working_set_pack_a,5ab3020e55429976abd1bc1a,1.0,1.0,True,True,0.18477093345797613,0.04730170666720587
5ab3020e55429976abd1bc1a::active_set_pack_a,5ab3020e55429976abd1bc1a,1.0,1.0,True,True,0.18477093345797613,0.04842743452469379
5ab3020e55429976abd1bc1a::working_set_pack_b,5ab3020e55429976abd1bc1a,1.0,1.0,True,True,0.18477093345797613,0.05265032987280587
5ab3020e55429976abd1bc1a::active_set_pack_b,5ab3020e55429976abd1bc1a,1.0,1.0,True,True,0.18477093345797613,0.0386564400166325
5ae726a1554299572ea54738::working_set_pack_a,5ae726a1554299572ea54738,1.0,0.75,True,False,0.33579885550553434,0.0337956133984019
5ae726a1554299572ea54738::active_set_pack_a,5ae726a1554299572ea54738,1.0,0.875,True,False,0.33579885550553434,0.03870118038699484
5ae726a1554299572ea54738::working_set_pack_b,5ae726a1554299572ea54738,1.0,0.5,True,False,0.33579885550553434,0.034928791784131635
5ae726a1554299572ea54738::active_set_pack_b,5ae726a1554299572ea54738,1.0,0.75,True,False,0.33579885550553434,0.03835642028064331
5a8b10c655429949d91db49c::working_set_pack_a,5a8b10c655429949d91db49c,1.0,1.0,True,True,0.0716708670028776,0.049316814949092944
5a8b10c655429949d91db49c::active_set_pack_a,5a8b10c655429949d91db49c,1.0,1.0,True,True,0.0716708670028776,0.03320929335818786
5a8b10c655429949d91db49c::working_set_pack_b,5a8b10c655429949d91db49c,1.0,0.75,True,False,0.0716708670028776,0.06296308495001451
5a8b10c655429949d91db49c::active_set_pack_b,5a8b10c655429949d91db49c,1.0,1.0,True,True,0.0716708670028776,0.03946329849461426
5ab3f9b95542992ade7c6f09::working_set_pack_a,5ab3f9b95542992ade7c6f09,0.875,0.875,False,False,0.2435130775575052,0.057755909581452436
5ab3f9b95542992ade7c6f09::active_set_pack_a,5ab3f9b95542992ade7c6f09,1.0,0.875,True,False,0.2435130775575052,0.06224521497979048
5ab3f9b95542992ade7c6f09::working_set_pack_b,5ab3f9b95542992ade7c6f09,1.0,0.875,True,False,0.2435130775575052,0.05889168280761084
5ab3f9b95542992ade7c6f09::active_set_pack_b,5ab3f9b95542992ade7c6f09,1.0,0.75,True,False,0.2435130775575052,0.060386153213689744
5ade45ed554299728e26c699::working_set_pack_a,5ade45ed554299728e26c699,1.0,1.0,True,True,0.06084431985971594,0.028479709227711092
5ade45ed554299728e26c699::active_set_pack_a,5ade45ed554299728e26c699,1.0,1.0,True,True,0.06084431985971594,0.05544165218894763
5ade45ed554299728e26c699::working_set_pack_b,5ade45ed554299728e26c699,1.0,1.0,True,True,0.06084431985971594,0.027409111534854723
5ade45ed554299728e26c699::active_set_pack_b,5ade45ed554299728e26c699,1.0,1.0,True,True,0.06084431985971594,0.04970077182610533
5adc432d55429944faac24a1::working_set_pack_a,5adc432d55429944faac24a1,1.0,1.0,True,True,0.33693053043077303,0.05612328065784825
5adc432d55429944faac24a1::active_set_pack_a,5adc432d55429944faac24a1,1.0,1.0,True,True,0.33693053043077303,0.10356638345977236
5adc432d55429944faac24a1::working_set_pack_b,5adc432d55429944faac24a1,1.0,1.0,True,True,0.33693053043077303,0.11090018927923709
5adc432d55429944faac24a1::active_set_pack_b,5adc432d55429944faac24a1,1.0,1.0,True,True,0.33693053043077303,0.08672193807661871
5adcf98255429947343537e9::working_set_pack_a,5adcf98255429947343537e9,0.875,0.5,False,False,0.07971586958061455,0.044794294043574615
5adcf98255429947343537e9::active_set_pack_a,5adcf98255429947343537e9,1.0,0.5,True,False,0.07971586958061455,0.04237730139153595
5adcf98255429947343537e9::working_set_pack_b,5adcf98255429947343537e9,1.0,0.5,True,False,0.07971586958061455,0.037638639557611375
5adcf98255429947343537e9::active_set_pack_b,5adcf98255429947343537e9,1.0,0.5,True,False,0.07971586958061455,0.042696127879011184
5ab285d0554299340b5254fa::working_set_pack_a,5ab285d0554299340b5254fa,1.0,1.0,True,True,0.20475482300358666,0.06390821657092632
5ab285d0554299340b5254fa::active_set_pack_a,5ab285d0554299340b5254fa,1.0,0.5,True,False,0.20475482300358666,0.05279986033672468
5ab285d0554299340b5254fa::working_set_pack_b,5ab285d0554299340b5254fa,1.0,0.75,True,False,0.20475482300358666,0.06884082809038608
5ab285d0554299340b5254fa::active_set_pack_b,5ab285d0554299340b5254fa,1.0,0.625,True,False,0.20475482300358666,0.058071012826912176
5a7317535542994cef4bc450::working_set_pack_a,5a7317535542994cef4bc450,1.0,1.0,True,True,0.10690434726110665,0.0766977695158778
5a7317535542994cef4bc450::active_set_pack_a,5a7317535542994cef4bc450,1.0,0.875,True,False,0.10690434726110665,0.11287268705716937
5a7317535542994cef4bc450::working_set_pack_b,5a7317535542994cef4bc450,1.0,1.0,True,True,0.10690434726110665,0.06660958062269934
5a7317535542994cef4bc450::active_set_pack_b,5a7317535542994cef4bc450,1.0,1.0,True,True,0.10690434726110665,0.1048803095724746
5a8d15b75542994ba4e3dbea::working_set_pack_a,5a8d15b75542994ba4e3dbea,1.0,1.0,True,True,0.01266951027920103,0.0
5a8d15b75542994ba4e3dbea::active_set_pack_a,5a8d15b75542994ba4e3dbea,1.0,1.0,True,True,0.01266951027920103,0.0
5a8d15b75542994ba4e3dbea::working_set_pack_b,5a8d15b75542994ba4e3dbea,1.0,1.0,True,True,0.01266951027920103,0.0
5a8d15b75542994ba4e3dbea::active_set_pack_b,5a8d15b75542994ba4e3dbea,1.0,1.0,True,True,0.01266951027920103,0.0
5a903a4855429933b8a204a9::working_set_pack_a,5a903a4855429933b8a204a9,1.0,1.0,True,True,0.14947768956572946,0.04603947419708319
5a903a4855429933b8a204a9::active_set_pack_a,5a903a4855429933b8a204a9,1.0,1.0,True,True,0.14947768956572946,0.06468208466429379
5a903a4855429933b8a204a9::working_set_pack_b,5a903a4855429933b8a204a9,1.0,1.0,True,True,0.14947768956572946,0.05892669668071223
5a903a4855429933b8a204a9::active_set_pack_b,5a903a4855429933b8a204a9,1.0,1.0,True,True,0.14947768956572946,0.05423075876608869
5abae247554299660624165c::working_set_pack_a,5abae247554299660624165c,1.0,1.0,True,True,0.06454105345330215,0.02224080313556942
5abae247554299660624165c::active_set_pack_a,5abae247554299660624165c,1.0,1.0,True,True,0.06454105345330215,0.02884236677783846
5abae247554299660624165c::working_set_pack_b,5abae247554299660624165c,1.0,1.0,True,True,0.06454105345330215,0.023939028222937014
5abae247554299660624165c::active_set_pack_b,5abae247554299660624165c,1.0,1.0,True,True,0.06454105345330215,0.025153452890106932
5a8113ca55429938b61422ab::working_set_pack_a,5a8113ca55429938b61422ab,1.0,1.0,True,True,0.1660100277271075,0.0
5a8113ca55429938b61422ab::active_set_pack_a,5a8113ca55429938b61422ab,1.0,1.0,True,True,0.1660100277271075,0.0
5a8113ca55429938b61422ab::working_set_pack_b,5a8113ca55429938b61422ab,1.0,1.0,True,True,0.1660100277271075,0.0
5a8113ca55429938b61422ab::active_set_pack_b,5a8113ca55429938b61422ab,1.0,1.0,True,True,0.1660100277271075,0.0
5abb1cc55542992ccd8e7f16::working_set_pack_a,5abb1cc55542992ccd8e7f16,1.0,1.0,True,True,0.2483896986019093,0.06586215200960735
5abb1cc55542992ccd8e7f16::active_set_pack_a,5abb1cc55542992ccd8e7f16,1.0,1.0,True,True,0.2483896986019093,0.07490677186633757
5abb1cc55542992ccd8e7f16::working_set_pack_b,5abb1cc55542992ccd8e7f16,1.0,1.0,True,True,0.2483896986019093,0.06445566300935857
5abb1cc55542992ccd8e7f16::active_set_pack_b,5abb1cc55542992ccd8e7f16,1.0,0.875,True,False,0.2483896986019093,0.06569316298305132
5a80df91554299260e20a198::working_set_pack_a,5a80df91554299260e20a198,1.0,0.875,True,False,0.1106517242705681,0.07145426113687132
5a80df91554299260e20a198::active_set_pack_a,5a80df91554299260e20a198,1.0,0.875,True,False,0.1106517242705681,0.07101251044485421
5a80df91554299260e20a198::working_set_pack_b,5a80df91554299260e20a198,1.0,0.875,True,False,0.1106517242705681,0.07719484663461133
5a80df91554299260e20a198::active_set_pack_b,5a80df91554299260e20a198,1.0,1.0,True,True,0.1106517242705681,0.07481590074733888
5a7d549f5542991319bc93ad::working_set_pack_a,5a7d549f5542991319bc93ad,1.0,0.5,True,False,0.06666612435518425,0.0396928371916986
5a7d549f5542991319bc93ad::active_set_pack_a,5a7d549f5542991319bc93ad,1.0,0.5,True,False,0.06666612435518425,0.04418169634205285
5a7d549f5542991319bc93ad::working_set_pack_b,5a7d549f5542991319bc93ad,1.0,0.5,True,False,0.06666612435518425,0.04578610454809555
5a7d549f5542991319bc93ad::active_set_pack_b,5a7d549f5542991319bc93ad,1.0,0.5,True,False,0.06666612435518425,0.050636064737726985
5ae68e9d55429908198fa60e::working_set_pack_a,5ae68e9d55429908198fa60e,1.0,0.875,True,False,0.1142694827853658,0.07589780834682848
5ae68e9d55429908198fa60e::active_set_pack_a,5ae68e9d55429908198fa60e,1.0,0.875,True,False,0.1142694827853658,0.07801188143874946
5ae68e9d55429908198fa60e::working_set_pack_b,5ae68e9d55429908198fa60e,1.0,0.625,True,False,0.1142694827853658,0.08217832363236877
5ae68e9d55429908198fa60e::active_set_pack_b,5ae68e9d55429908198fa60e,1.0,0.75,True,False,0.1142694827853658,0.07599283362603813
5a8285be55429966c78a6a41::working_set_pack_a,5a8285be55429966c78a6a41,1.0,1.0,True,True,0.23974748939532659,0.07034319221245931
5a8285be55429966c78a6a41::active_set_pack_a,5a8285be55429966c78a6a41,1.0,1.0,True,True,0.23974748939532659,0.06448355715574186
5a8285be55429966c78a6a41::working_set_pack_b,5a8285be55429966c78a6a41,1.0,1.0,True,True,0.23974748939532659,0.06759695417164586
5a8285be55429966c78a6a41::active_set_pack_b,5a8285be55429966c78a6a41,1.0,1.0,True,True,0.23974748939532659,0.06280338904991674
5a8e58cb5542990e94052ae0::working_set_pack_a,5a8e58cb5542990e94052ae0,1.0,0.5,True,False,0.2863421457814888,0.08275097180359359
5a8e58cb5542990e94052ae0::active_set_pack_a,5a8e58cb5542990e94052ae0,1.0,0.5,True,False,0.2863421457814888,0.07621996153857744
5a8e58cb5542990e94052ae0::working_set_pack_b,5a8e58cb5542990e94052ae0,1.0,0.5,True,False,0.2863421457814888,0.09499757143334236
5a8e58cb5542990e94052ae0::active_set_pack_b,5a8e58cb5542990e94052ae0,1.0,0.75,True,False,0.2863421457814888,0.07905781776737406
5a72d90d55429901807daf53::working_set_pack_a,5a72d90d55429901807daf53,1.0,0.75,True,False,0.18802600079379503,0.057457162480152674
5a72d90d55429901807daf53::active_set_pack_a,5a72d90d55429901807daf53,1.0,0.625,True,False,0.18802600079379503,0.19041225668513134
5a72d90d55429901807daf53::working_set_pack_b,5a72d90d55429901807daf53,1.0,0.625,True,False,0.18802600079379503,0.16890103659292063
5a72d90d55429901807daf53::active_set_pack_b,5a72d90d55429901807daf53,1.0,0.75,True,False,0.18802600079379503,0.1642385477491774
5ab6a327554299110f219a45::working_set_pack_a,5ab6a327554299110f219a45,1.0,0.5,True,False,0.12371727678420165,0.11062610461473713
5ab6a327554299110f219a45::active_set_pack_a,5ab6a327554299110f219a45,1.0,0.5,True,False,0.12371727678420165,0.09382995224754873
5ab6a327554299110f219a45::working_set_pack_b,5ab6a327554299110f219a45,1.0,0.5,True,False,0.12371727678420165,0.11884544736691503
5ab6a327554299110f219a45::active_set_pack_b,5ab6a327554299110f219a45,1.0,0.5,True,False,0.12371727678420165,0.08520092218740488
5adc0856554299438c868d0d::working_set_pack_a,5adc0856554299438c868d0d,1.0,0.875,True,False,0.3315390827968666,0.08286183735499006
5adc0856554299438c868d0d::active_set_pack_a,5adc0856554299438c868d0d,1.0,1.0,True,True,0.3315390827968666,0.0977089397965456
5adc0856554299438c868d0d::working_set_pack_b,5adc0856554299438c868d0d,1.0,1.0,True,True,0.3315390827968666,0.08260912556721998
5adc0856554299438c868d0d::active_set_pack_b,5adc0856554299438c868d0d,1.0,1.0,True,True,0.3315390827968666,0.04757964817502326
5a7fb04d55429969796c1b24::working_set_pack_a,5a7fb04d55429969796c1b24,0.875,0.75,False,False,0.13316431380634122,0.1116716838404534
5a7fb04d55429969796c1b24::active_set_pack_a,5a7fb04d55429969796c1b24,1.0,0.75,True,False,0.13316431380634122,0.12658189900271435
5a7fb04d55429969796c1b24::working_set_pack_b,5a7fb04d55429969796c1b24,1.0,0.875,True,False,0.13316431380634122,0.06637406125903407
5a7fb04d55429969796c1b24::active_set_pack_b,5a7fb04d55429969796c1b24,1.0,0.625,True,False,0.13316431380634122,0.062481296873340454
5a790e91554299078472779e::working_set_pack_a,5a790e91554299078472779e,0.75,0.5,False,False,0.15910000806613617,0.0619670766548201
5a790e91554299078472779e::active_set_pack_a,5a790e91554299078472779e,0.875,0.5,False,False,0.15910000806613617,0.13764446199317978
5a790e91554299078472779e::working_set_pack_b,5a790e91554299078472779e,0.625,0.5,False,False,0.15910000806613617,0.1335761487525589
5a790e91554299078472779e::active_set_pack_b,5a790e91554299078472779e,0.75,0.5,False,False,0.15910000806613617,0.14984661136415445
5a759ce25542996c70cfaf0e::working_set_pack_a,5a759ce25542996c70cfaf0e,1.0,0.875,True,False,0.3413304033271975,0.08332011334145595
5a759ce25542996c70cfaf0e::active_set_pack_a,5a759ce25542996c70cfaf0e,1.0,0.875,True,False,0.3413304033271975,0.0712430503397043
5a759ce25542996c70cfaf0e::working_set_pack_b,5a759ce25542996c70cfaf0e,1.0,0.875,True,False,0.3413304033271975,0.07495064525778827
5a759ce25542996c70cfaf0e::active_set_pack_b,5a759ce25542996c70cfaf0e,1.0,0.75,True,False,0.3413304033271975,0.06922713202474456
5ae3e9995542995dadf24247::working_set_pack_a,5ae3e9995542995dadf24247,1.0,0.625,True,False,0.1967378885933403,0.045770853512107385
5ae3e9995542995dadf24247::active_set_pack_a,5ae3e9995542995dadf24247,1.0,1.0,True,True,0.1967378885933403,0.04470668864214268
5ae3e9995542995dadf24247::working_set_pack_b,5ae3e9995542995dadf24247,1.0,0.625,True,False,0.1967378885933403,0.0440654519814549
5ae3e9995542995dadf24247::active_set_pack_b,5ae3e9995542995dadf24247,1.0,0.75,True,False,0.1967378885933403,0.04307150171606514
5a73668e55429901807db02e::working_set_pack_a,5a73668e55429901807db02e,1.0,1.0,True,True,0.199750377236966,0.0627736419606911
5a73668e55429901807db02e::active_set_pack_a,5a73668e55429901807db02e,1.0,1.0,True,True,0.199750377236966,0.06002282437769049
5a73668e55429901807db02e::working_set_pack_b,5a73668e55429901807db02e,1.0,1.0,True,True,0.199750377236966,0.04463724864254926
5a73668e55429901807db02e::active_set_pack_b,5a73668e55429901807db02e,1.0,1.0,True,True,0.199750377236966,0.0657421388860893
5a8ba093554299240d9c203f::working_set_pack_a,5a8ba093554299240d9c203f,1.0,0.625,True,False,0.16659115789941603,0.08415063272012585
5a8ba093554299240d9c203f::active_set_pack_a,5a8ba093554299240d9c203f,1.0,0.75,True,False,0.16659115789941603,0.07244007697658889
5a8ba093554299240d9c203f::working_set_pack_b,5a8ba093554299240d9c203f,0.875,0.625,False,False,0.16659115789941603,0.10255580473205739
5a8ba093554299240d9c203f::active_set_pack_b,5a8ba093554299240d9c203f,1.0,0.5,True,False,0.16659115789941603,0.21643259481029475
5ab6ea2955429954757d33b8::working_set_pack_a,5ab6ea2955429954757d33b8,1.0,1.0,True,True,0.30532998145152174,0.04500924158203237
5ab6ea2955429954757d33b8::active_set_pack_a,5ab6ea2955429954757d33b8,1.0,1.0,True,True,0.30532998145152174,0.049418116760292084
5ab6ea2955429954757d33b8::working_set_pack_b,5ab6ea2955429954757d33b8,1.0,0.875,True,False,0.30532998145152174,0.04734714316374372
5ab6ea2955429954757d33b8::active_set_pack_b,5ab6ea2955429954757d33b8,1.0,1.0,True,True,0.30532998145152174,0.04280594095049034
5ac04545554299294b218f6a::working_set_pack_a,5ac04545554299294b218f6a,1.0,1.0,True,True,0.1451564407181601,0.06244134102829156
5ac04545554299294b218f6a::active_set_pack_a,5ac04545554299294b218f6a,1.0,1.0,True,True,0.1451564407181601,0.055847904906790986
5ac04545554299294b218f6a::working_set_pack_b,5ac04545554299294b218f6a,1.0,0.875,True,False,0.1451564407181601,0.052329997495116215
5ac04545554299294b218f6a::active_set_pack_b,5ac04545554299294b218f6a,1.0,0.875,True,False,0.1451564407181601,0.049217166590048995
5abba5e75542992ccd8e7f64::working_set_pack_a,5abba5e75542992ccd8e7f64,1.0,0.875,True,False,0.18240267857973996,0.0444755867422367
5abba5e75542992ccd8e7f64::active_set_pack_a,5abba5e75542992ccd8e7f64,1.0,0.875,True,False,0.18240267857973996,0.0450861154434334
5abba5e75542992ccd8e7f64::working_set_pack_b,5abba5e75542992ccd8e7f64,1.0,0.75,True,False,0.18240267857973996,0.048422207264575426
5abba5e75542992ccd8e7f64::active_set_pack_b,5abba5e75542992ccd8e7f64,1.0,1.0,True,True,0.18240267857973996,0.05202132402522007
5a764234554299109176e6e6::working_set_pack_a,5a764234554299109176e6e6,1.0,1.0,True,True,0.20236047242986965,0.08602079905156966
5a764234554299109176e6e6::active_set_pack_a,5a764234554299109176e6e6,1.0,0.875,True,False,0.20236047242986965,0.07945025321383685
5a764234554299109176e6e6::working_set_pack_b,5a764234554299109176e6e6,1.0,1.0,True,True,0.20236047242986965,0.07175577628185581
5a764234554299109176e6e6::active_set_pack_b,5a764234554299109176e6e6,1.0,1.0,True,True,0.20236047242986965,0.08515077588792747
5a8b21cb55429971feec4647::working_set_pack_a,5a8b21cb55429971feec4647,1.0,1.0,True,True,0.1933292954130444,0.06666149063572786
5a8b21cb55429971feec4647::active_set_pack_a,5a8b21cb55429971feec4647,1.0,1.0,True,True,0.1933292954130444,0.07246063850590449
5a8b21cb55429971feec4647::working_set_pack_b,5a8b21cb55429971feec4647,1.0,1.0,True,True,0.1933292954130444,0.06696329404813844
5a8b21cb55429971feec4647::active_set_pack_b,5a8b21cb55429971feec4647,1.0,1.0,True,True,0.1933292954130444,0.07433829757905472
5a8e8fc75542990e94052b57::working_set_pack_a,5a8e8fc75542990e94052b57,1.0,0.625,True,False,0.13470097253623545,0.04912726378871712
5a8e8fc75542990e94052b57::active_set_pack_a,5a8e8fc75542990e94052b57,1.0,0.75,True,False,0.13470097253623545,0.051062744680846484
5a8e8fc75542990e94052b57::working_set_pack_b,5a8e8fc75542990e94052b57,1.0,0.75,True,False,0.13470097253623545,0.04706916246843709
5a8e8fc75542990e94052b57::active_set_pack_b,5a8e8fc75542990e94052b57,1.0,0.5,True,False,0.13470097253623545,0.05158198303470819
5ae1d33a554299492dc91b9d::working_set_pack_a,5ae1d33a554299492dc91b9d,1.0,0.875,True,False,0.12891285368676447,0.037297694564127855
5ae1d33a554299492dc91b9d::active_set_pack_a,5ae1d33a554299492dc91b9d,1.0,1.0,True,True,0.12891285368676447,0.04004037536330124
5ae1d33a554299492dc91b9d::working_set_pack_b,5ae1d33a554299492dc91b9d,1.0,0.625,True,False,0.12891285368676447,0.048340225825607125
5ae1d33a554299492dc91b9d::active_set_pack_b,5ae1d33a554299492dc91b9d,1.0,1.0,True,True,0.12891285368676447,0.04082793599270851
5a81e73f554299676cceb14d::working_set_pack_a,5a81e73f554299676cceb14d,1.0,1.0,True,True,0.21891613634942625,0.06248659110256345
5a81e73f554299676cceb14d::active_set_pack_a,5a81e73f554299676cceb14d,1.0,1.0,True,True,0.21891613634942625,0.0622525112968177
5a81e73f554299676cceb14d::working_set_pack_b,5a81e73f554299676cceb14d,1.0,1.0,True,True,0.21891613634942625,0.05089014755997891
5a81e73f554299676cceb14d::active_set_pack_b,5a81e73f554299676cceb14d,1.0,1.0,True,True,0.21891613634942625,0.060040857627138206
5ae8256355429952e35eaa59::working_set_pack_a,5ae8256355429952e35eaa59,1.0,0.875,True,False,0.10019970046716418,0.057000308053579425
5ae8256355429952e35eaa59::active_set_pack_a,5ae8256355429952e35eaa59,1.0,1.0,True,True,0.10019970046716418,0.0634177174326759
5ae8256355429952e35eaa59::working_set_pack_b,5ae8256355429952e35eaa59,1.0,1.0,True,True,0.10019970046716418,0.06238119069327347
5ae8256355429952e35eaa59::active_set_pack_b,5ae8256355429952e35eaa59,1.0,0.75,True,False,0.10019970046716418,0.05786749732567136
5a827a9f55429940e5e1a8cf::working_set_pack_a,5a827a9f55429940e5e1a8cf,1.0,1.0,True,True,0.11116895724033307,0.07938331451860059
5a827a9f55429940e5e1a8cf::active_set_pack_a,5a827a9f55429940e5e1a8cf,1.0,1.0,True,True,0.11116895724033307,0.07862020079424742
5a827a9f55429940e5e1a8cf::working_set_pack_b,5a827a9f55429940e5e1a8cf,1.0,1.0,True,True,0.11116895724033307,0.04554008381602723
5a827a9f55429940e5e1a8cf::active_set_pack_b,5a827a9f55429940e5e1a8cf,1.0,0.875,True,False,0.11116895724033307,0.04919152343135462
5a8d32ae5542994ba4e3dc1d::working_set_pack_a,5a8d32ae5542994ba4e3dc1d,0.875,0.875,False,False,0.09875174788619562,0.08494994024066371
5a8d32ae5542994ba4e3dc1d::active_set_pack_a,5a8d32ae5542994ba4e3dc1d,1.0,0.875,True,False,0.09875174788619562,0.05964646007604628
5a8d32ae5542994ba4e3dc1d::working_set_pack_b,5a8d32ae5542994ba4e3dc1d,1.0,0.75,True,False,0.09875174788619562,0.06416639206020724
5a8d32ae5542994ba4e3dc1d::active_set_pack_b,5a8d32ae5542994ba4e3dc1d,1.0,0.875,True,False,0.09875174788619562,0.05679371295116162
5a8634195542991e771815ba::working_set_pack_a,5a8634195542991e771815ba,1.0,1.0,True,True,0.3749189090088798,0.06796990084585658
5a8634195542991e771815ba::active_set_pack_a,5a8634195542991e771815ba,0.875,0.875,False,False,0.3749189090088798,0.0656049693400845
5a8634195542991e771815ba::working_set_pack_b,5a8634195542991e771815ba,1.0,1.0,True,True,0.3749189090088798,0.07143506235525683
5a8634195542991e771815ba::active_set_pack_b,5a8634195542991e771815ba,1.0,0.875,True,False,0.3749189090088798,0.08786684950015641
5ae1fc135542997283cd2309::working_set_pack_a,5ae1fc135542997283cd2309,1.0,0.875,True,False,0.12830237508970566,0.0570329400506863
5ae1fc135542997283cd2309::active_set_pack_a,5ae1fc135542997283cd2309,1.0,0.875,True,False,0.12830237508970566,0.08235538842068799
5ae1fc135542997283cd2309::working_set_pack_b,5ae1fc135542997283cd2309,1.0,1.0,True,True,0.12830237508970566,0.06759691189135038
5ae1fc135542997283cd2309::active_set_pack_b,5ae1fc135542997283cd2309,1.0,0.75,True,False,0.12830237508970566,0.051283482962427095
5a8844135542994846c1ce77::working_set_pack_a,5a8844135542994846c1ce77,0.875,0.625,False,False,0.11492075812826616,0.09272363812741785
5a8844135542994846c1ce77::active_set_pack_a,5a8844135542994846c1ce77,1.0,0.625,True,False,0.11492075812826616,0.08019398604024768
5a8844135542994846c1ce77::working_set_pack_b,5a8844135542994846c1ce77,0.875,0.5,False,False,0.11492075812826616,0.0665795806884644
5a8844135542994846c1ce77::active_set_pack_b,5a8844135542994846c1ce77,1.0,0.5,True,False,0.11492075812826616,0.07822236339809868
5ac0d9e55542992a796ded92::working_set_pack_a,5ac0d9e55542992a796ded92,1.0,1.0,True,True,0.06755808447280989,0.043266487842722925
5ac0d9e55542992a796ded92::active_set_pack_a,5ac0d9e55542992a796ded92,1.0,0.875,True,False,0.06755808447280989,0.03580084425125001
5ac0d9e55542992a796ded92::working_set_pack_b,5ac0d9e55542992a796ded92,1.0,1.0,True,True,0.06755808447280989,0.047126284610377725
5ac0d9e55542992a796ded92::active_set_pack_b,5ac0d9e55542992a796ded92,1.0,1.0,True,True,0.06755808447280989,0.04546231800692013
5a8a30ad5542992d82986eec::working_set_pack_a,5a8a30ad5542992d82986eec,1.0,0.875,True,False,0.1400644858781143,0.07001652757156347
5a8a30ad5542992d82986eec::active_set_pack_a,5a8a30ad5542992d82986eec,0.875,0.625,False,False,0.1400644858781143,0.04829979912497453
5a8a30ad5542992d82986eec::working_set_pack_b,5a8a30ad5542992d82986eec,1.0,0.75,True,False,0.1400644858781143,0.0711640185790976
5a8a30ad5542992d82986eec::active_set_pack_b,5a8a30ad5542992d82986eec,1.0,0.875,True,False,0.1400644858781143,0.0745557323158555
5a8deeb455429917b4a5bce2::working_set_pack_a,5a8deeb455429917b4a5bce2,1.0,1.0,True,True,0.03397490835194073,0.0
5a8deeb455429917b4a5bce2::active_set_pack_a,5a8deeb455429917b4a5bce2,1.0,1.0,True,True,0.03397490835194073,0.0
5a8deeb455429917b4a5bce2::working_set_pack_b,5a8deeb455429917b4a5bce2,1.0,1.0,True,True,0.03397490835194073,0.0
5a8deeb455429917b4a5bce2::active_set_pack_b,5a8deeb455429917b4a5bce2,1.0,1.0,True,True,0.03397490835194073,0.006443327264816656
5a73035d5542992359bc31fd::working_set_pack_a,5a73035d5542992359bc31fd,1.0,1.0,True,True,0.08857208655011864,0.054448870235745295
5a73035d5542992359bc31fd::active_set_pack_a,5a73035d5542992359bc31fd,1.0,1.0,True,True,0.08857208655011864,0.05283443168128124
5a73035d5542992359bc31fd::working_set_pack_b,5a73035d5542992359bc31fd,1.0,1.0,True,True,0.08857208655011864,0.052153124085709233
5a73035d5542992359bc31fd::active_set_pack_b,5a73035d5542992359bc31fd,1.0,1.0,True,True,0.08857208655011864,0.053060011254440737
5ade4b7f55429939a52fe877::working_set_pack_a,5ade4b7f55429939a52fe877,0.875,0.75,False,False,0.3642054404493358,0.06892483986589262
5ade4b7f55429939a52fe877::active_set_pack_a,5ade4b7f55429939a52fe877,1.0,0.75,True,False,0.3642054404493358,0.07731773679838029
5ade4b7f55429939a52fe877::working_set_pack_b,5ade4b7f55429939a52fe877,1.0,0.5,True,False,0.3642054404493358,0.06893073683228085
5ade4b7f55429939a52fe877::active_set_pack_b,5ade4b7f55429939a52fe877,1.0,0.625,True,False,0.3642054404493358,0.08139878814724705
5a7bc8b1554299294a54aad0::working_set_pack_a,5a7bc8b1554299294a54aad0,1.0,0.625,True,False,0.007874738633677394,0.0
5a7bc8b1554299294a54aad0::active_set_pack_a,5a7bc8b1554299294a54aad0,1.0,0.75,True,False,0.007874738633677394,0.001068017309230876
5a7bc8b1554299294a54aad0::working_set_pack_b,5a7bc8b1554299294a54aad0,0.625,0.75,False,False,0.007874738633677394,0.0015263514686329894
5a7bc8b1554299294a54aad0::active_set_pack_b,5a7bc8b1554299294a54aad0,1.0,1.0,True,True,0.007874738633677394,0.0
5abc2e3d554299114383a0f6::working_set_pack_a,5abc2e3d554299114383a0f6,0.875,0.75,False,False,0.14096248650440557,0.05423500683047633
5abc2e3d554299114383a0f6::active_set_pack_a,5abc2e3d554299114383a0f6,0.875,0.625,False,False,0.14096248650440557,0.055598535575284345
5abc2e3d554299114383a0f6::working_set_pack_b,5abc2e3d554299114383a0f6,1.0,0.625,True,False,0.14096248650440557,0.05296275775866697
5abc2e3d554299114383a0f6::active_set_pack_b,5abc2e3d554299114383a0f6,0.875,0.625,False,False,0.14096248650440557,0.060147041794435314
5a7929cf554299029c4b5f12::working_set_pack_a,5a7929cf554299029c4b5f12,1.0,1.0,True,True,0.549640361585731,0.09012444330517141
5a7929cf554299029c4b5f12::active_set_pack_a,5a7929cf554299029c4b5f12,1.0,1.0,True,True,0.549640361585731,0.10533752277821473
5a7929cf554299029c4b5f12::working_set_pack_b,5a7929cf554299029c4b5f12,1.0,0.75,True,False,0.549640361585731,0.08351129046960762
5a7929cf554299029c4b5f12::active_set_pack_b,5a7929cf554299029c4b5f12,1.0,1.0,True,True,0.549640361585731,0.10194961829569109
5ab964ae5542996be20204c0::working_set_pack_a,5ab964ae5542996be20204c0,0.875,0.5,False,False,0.1867695912859769,0.08915887612524631
5ab964ae5542996be20204c0::active_set_pack_a,5ab964ae5542996be20204c0,1.0,0.75,True,False,0.1867695912859769,0.10921180723994267
5ab964ae5542996be20204c0::working_set_pack_b,5ab964ae5542996be20204c0,1.0,0.75,True,False,0.1867695912859769,0.0970879985310048
5ab964ae5542996be20204c0::active_set_pack_b,5ab964ae5542996be20204c0,0.75,0.625,False,False,0.1867695912859769,0.08472905279749963
5add44235542995b365faae2::working_set_pack_a,5add44235542995b365faae2,1.0,1.0,True,True,0.1450479936836046,0.04687882167351434
5add44235542995b365faae2::active_set_pack_a,5add44235542995b365faae2,1.0,1.0,True,True,0.1450479936836046,0.04471571832167991
5add44235542995b365faae2::working_set_pack_b,5add44235542995b365faae2,1.0,1.0,True,True,0.1450479936836046,0.04766749474480502
5add44235542995b365faae2::active_set_pack_b,5add44235542995b365faae2,1.0,1.0,True,True,0.1450479936836046,0.04509455932282825
5a8a662755429930ff3c0dc5::working_set_pack_a,5a8a662755429930ff3c0dc5,1.0,1.0,True,True,0.19614481152641133,0.0
5a8a662755429930ff3c0dc5::active_set_pack_a,5a8a662755429930ff3c0dc5,1.0,1.0,True,True,0.19614481152641133,0.013376156720531608
5a8a662755429930ff3c0dc5::working_set_pack_b,5a8a662755429930ff3c0dc5,1.0,1.0,True,True,0.19614481152641133,0.0493155792316239
5a8a662755429930ff3c0dc5::active_set_pack_b,5a8a662755429930ff3c0dc5,1.0,1.0,True,True,0.19614481152641133,0.030905739094900592
5ae750175542997b22f6a6b6::working_set_pack_a,5ae750175542997b22f6a6b6,1.0,1.0,True,True,0.3656209372387399,0.07353652565910329
5ae750175542997b22f6a6b6::active_set_pack_a,5ae750175542997b22f6a6b6,1.0,1.0,True,True,0.3656209372387399,0.07674671862601122
5ae750175542997b22f6a6b6::working_set_pack_b,5ae750175542997b22f6a6b6,1.0,1.0,True,True,0.3656209372387399,0.08923991655177826
5ae750175542997b22f6a6b6::active_set_pack_b,5ae750175542997b22f6a6b6,1.0,1.0,True,True,0.3656209372387399,0.06734898780729445
5a7794525542995d831811f3::working_set_pack_a,5a7794525542995d831811f3,1.0,0.875,True,False,0.11439309287201846,0.03573592620016629
5a7794525542995d831811f3::active_set_pack_a,5a7794525542995d831811f3,1.0,0.875,True,False,0.11439309287201846,0.03251888820549264
5a7794525542995d831811f3::working_set_pack_b,5a7794525542995d831811f3,1.0,0.875,True,False,0.11439309287201846,0.03657109794906616
5a7794525542995d831811f3::active_set_pack_b,5a7794525542995d831811f3,1.0,0.75,True,False,0.11439309287201846,0.03398568435023683
5ab542875542997d4ad1f0e1::working_set_pack_a,5ab542875542997d4ad1f0e1,1.0,0.625,True,False,0.13379502926094375,0.04851080946496278
5ab542875542997d4ad1f0e1::active_set_pack_a,5ab542875542997d4ad1f0e1,1.0,0.75,True,False,0.13379502926094375,0.050844048221077305
5ab542875542997d4ad1f0e1::working_set_pack_b,5ab542875542997d4ad1f0e1,1.0,0.5,True,False,0.13379502926094375,0.051841495944866194
5ab542875542997d4ad1f0e1::active_set_pack_b,5ab542875542997d4ad1f0e1,1.0,0.875,True,False,0.13379502926094375,0.04429339864976627
5ae1c9ea5542997f29b3c103::working_set_pack_a,5ae1c9ea5542997f29b3c103,1.0,1.0,True,True,0.2343818747994179,0.05480890721104829
5ae1c9ea5542997f29b3c103::active_set_pack_a,5ae1c9ea5542997f29b3c103,1.0,0.875,True,False,0.2343818747994179,0.04744593031344483
5ae1c9ea5542997f29b3c103::working_set_pack_b,5ae1c9ea5542997f29b3c103,1.0,1.0,True,True,0.2343818747994179,0.041001164528735395
5ae1c9ea5542997f29b3c103::active_set_pack_b,5ae1c9ea5542997f29b3c103,1.0,1.0,True,True,0.2343818747994179,0.040508084207138
5ab61c7f554299710c8d1e64::working_set_pack_a,5ab61c7f554299710c8d1e64,1.0,0.875,True,False,0.044990977899818096,0.0
5ab61c7f554299710c8d1e64::active_set_pack_a,5ab61c7f554299710c8d1e64,1.0,1.0,True,True,0.044990977899818096,0.0
5ab61c7f554299710c8d1e64::working_set_pack_b,5ab61c7f554299710c8d1e64,1.0,1.0,True,True,0.044990977899818096,0.0
5ab61c7f554299710c8d1e64::active_set_pack_b,5ab61c7f554299710c8d1e64,1.0,1.0,True,True,0.044990977899818096,0.0
5a88b8e755429946c8d6e899::working_set_pack_a,5a88b8e755429946c8d6e899,1.0,1.0,True,True,0.0640094914291583,0.025072487017009225
5a88b8e755429946c8d6e899::active_set_pack_a,5a88b8e755429946c8d6e899,1.0,1.0,True,True,0.0640094914291583,0.023919506149958844
5a88b8e755429946c8d6e899::working_set_pack_b,5a88b8e755429946c8d6e899,1.0,1.0,True,True,0.0640094914291583,0.020051735543031968
5a88b8e755429946c8d6e899::active_set_pack_b,5a88b8e755429946c8d6e899,1.0,1.0,True,True,0.0640094914291583,0.02223702959486734
5ac3de5c5542995c82c4ac68::working_set_pack_a,5ac3de5c5542995c82c4ac68,1.0,1.0,True,True,0.1855662427007315,0.025315903790243725
5ac3de5c5542995c82c4ac68::active_set_pack_a,5ac3de5c5542995c82c4ac68,1.0,1.0,True,True,0.1855662427007315,0.026604657646824407
5ac3de5c5542995c82c4ac68::working_set_pack_b,5ac3de5c5542995c82c4ac68,1.0,0.875,True,False,0.1855662427007315,0.027156864006151034
5ac3de5c5542995c82c4ac68::active_set_pack_b,5ac3de5c5542995c82c4ac68,1.0,1.0,True,True,0.1855662427007315,0.01927959078757079
5aba7995554299232ef4a2e2::working_set_pack_a,5aba7995554299232ef4a2e2,1.0,1.0,True,True,0.06829081547385177,0.03572217221387227
5aba7995554299232ef4a2e2::active_set_pack_a,5aba7995554299232ef4a2e2,1.0,1.0,True,True,0.06829081547385177,0.03809353860052746
5aba7995554299232ef4a2e2::working_set_pack_b,5aba7995554299232ef4a2e2,1.0,1.0,True,True,0.06829081547385177,0.03565823994341161
5aba7995554299232ef4a2e2::active_set_pack_b,5aba7995554299232ef4a2e2,1.0,1.0,True,True,0.06829081547385177,0.04608711774393981
5a7db8d95542995ed0d16665::working_set_pack_a,5a7db8d95542995ed0d16665,1.0,1.0,True,True,0.2059140402294832,0.06458232291420496
5a7db8d95542995ed0d16665::active_set_pack_a,5a7db8d95542995ed0d16665,1.0,1.0,True,True,0.2059140402294832,0.07547304180464023
5a7db8d95542995ed0d16665::working_set_pack_b,5a7db8d95542995ed0d16665,1.0,1.0,True,True,0.2059140402294832,0.06074762965268849
5a7db8d95542995ed0d16665::active_set_pack_b,5a7db8d95542995ed0d16665,1.0,1.0,True,True,0.2059140402294832,0.06543842114304885
5ab488f85542990594ba9c58::working_set_pack_a,5ab488f85542990594ba9c58,1.0,1.0,True,True,0.08058287518506001,0.06623858688653704
5ab488f85542990594ba9c58::active_set_pack_a,5ab488f85542990594ba9c58,1.0,0.875,True,False,0.08058287518506001,0.07347112924641774
5ab488f85542990594ba9c58::working_set_pack_b,5ab488f85542990594ba9c58,1.0,1.0,True,True,0.08058287518506001,0.0
5ab488f85542990594ba9c58::active_set_pack_b,5ab488f85542990594ba9c58,1.0,1.0,True,True,0.08058287518506001,0.0
5a82a59855429940e5e1a909::working_set_pack_a,5a82a59855429940e5e1a909,1.0,1.0,True,True,0.2018951001306289,0.04964706192658244
5a82a59855429940e5e1a909::active_set_pack_a,5a82a59855429940e5e1a909,1.0,1.0,True,True,0.2018951001306289,0.04739670329847738
5a82a59855429940e5e1a909::working_set_pack_b,5a82a59855429940e5e1a909,1.0,1.0,True,True,0.2018951001306289,0.044242571377688555
5a82a59855429940e5e1a909::active_set_pack_b,5a82a59855429940e5e1a909,1.0,1.0,True,True,0.2018951001306289,0.038154922945564704
5a7e8a9c55429949594199fb::working_set_pack_a,5a7e8a9c55429949594199fb,1.0,1.0,True,True,0.43667656877986405,0.03788651618012779
5a7e8a9c55429949594199fb::active_set_pack_a,5a7e8a9c55429949594199fb,1.0,1.0,True,True,0.43667656877986405,0.03955435433251078
5a7e8a9c55429949594199fb::working_set_pack_b,5a7e8a9c55429949594199fb,1.0,1.0,True,True,0.43667656877986405,0.028252076738789402
5a7e8a9c55429949594199fb::active_set_pack_b,5a7e8a9c55429949594199fb,1.0,1.0,True,True,0.43667656877986405,0.05531026734925061
5a8c94a25542995e66a47628::working_set_pack_a,5a8c94a25542995e66a47628,0.875,1.0,False,True,0.12015910338168508,0.04569363257079062
5a8c94a25542995e66a47628::active_set_pack_a,5a8c94a25542995e66a47628,1.0,1.0,True,True,0.12015910338168508,0.032694533770651596
5a8c94a25542995e66a47628::working_set_pack_b,5a8c94a25542995e66a47628,1.0,1.0,True,True,0.12015910338168508,0.0339261373738012
5a8c94a25542995e66a47628::active_set_pack_b,5a8c94a25542995e66a47628,1.0,1.0,True,True,0.12015910338168508,0.03652303177446634
5a7cbb6d554299452d57b9d2::working_set_pack_a,5a7cbb6d554299452d57b9d2,1.0,0.625,True,False,0.15038441730934582,0.10413160155010975
5a7cbb6d554299452d57b9d2::active_set_pack_a,5a7cbb6d554299452d57b9d2,1.0,0.75,True,False,0.15038441730934582,0.10581258249986505
5a7cbb6d554299452d57b9d2::working_set_pack_b,5a7cbb6d554299452d57b9d2,1.0,0.5,True,False,0.15038441730934582,0.10696128222296619
5a7cbb6d554299452d57b9d2::active_set_pack_b,5a7cbb6d554299452d57b9d2,1.0,1.0,True,True,0.15038441730934582,0.07775858534343197
5ac2ac4d554299218029daf1::working_set_pack_a,5ac2ac4d554299218029daf1,1.0,1.0,True,True,0.13660668525952155,0.050859439702701
5ac2ac4d554299218029daf1::active_set_pack_a,5ac2ac4d554299218029daf1,1.0,1.0,True,True,0.13660668525952155,0.04382230403474625
5ac2ac4d554299218029daf1::working_set_pack_b,5ac2ac4d554299218029daf1,1.0,0.875,True,False,0.13660668525952155,0.05238488398306146
5ac2ac4d554299218029daf1::active_set_pack_b,5ac2ac4d554299218029daf1,1.0,0.75,True,False,0.13660668525952155,0.0424035023374791
5a832ee355429954d2e2ec4d::working_set_pack_a,5a832ee355429954d2e2ec4d,1.0,1.0,True,True,0.22656865661935255,0.06765321926293849
5a832ee355429954d2e2ec4d::active_set_pack_a,5a832ee355429954d2e2ec4d,1.0,1.0,True,True,0.22656865661935255,0.06499182112199174
5a832ee355429954d2e2ec4d::working_set_pack_b,5a832ee355429954d2e2ec4d,1.0,1.0,True,True,0.22656865661935255,0.047353553879424935
5a832ee355429954d2e2ec4d::active_set_pack_b,5a832ee355429954d2e2ec4d,1.0,1.0,True,True,0.22656865661935255,0.07003565926445307
5abf82965542997719eab694::working_set_pack_a,5abf82965542997719eab694,1.0,0.875,True,False,0.23305625878572078,0.038721275979459464
5abf82965542997719eab694::active_set_pack_a,5abf82965542997719eab694,1.0,1.0,True,True,0.23305625878572078,0.03691462312217251
5abf82965542997719eab694::working_set_pack_b,5abf82965542997719eab694,1.0,1.0,True,True,0.23305625878572078,0.0440375608249295
5abf82965542997719eab694::active_set_pack_b,5abf82965542997719eab694,1.0,1.0,True,True,0.23305625878572078,0.03395505661124158
5a76c13555429937353601a0::working_set_pack_a,5a76c13555429937353601a0,1.0,1.0,True,True,0.09961493614462735,0.06407101648649029
5a76c13555429937353601a0::active_set_pack_a,5a76c13555429937353601a0,1.0,1.0,True,True,0.09961493614462735,0.06091904623226056
5a76c13555429937353601a0::working_set_pack_b,5a76c13555429937353601a0,1.0,1.0,True,True,0.09961493614462735,0.05089505581291615
5a76c13555429937353601a0::active_set_pack_b,5a76c13555429937353601a0,1.0,1.0,True,True,0.09961493614462735,0.0576434464632479
5adecc6355429975fa854f9c::working_set_pack_a,5adecc6355429975fa854f9c,1.0,1.0,True,True,0.22567507033265635,0.028108113143564477
5adecc6355429975fa854f9c::active_set_pack_a,5adecc6355429975fa854f9c,1.0,1.0,True,True,0.22567507033265635,0.02469473472219085
5adecc6355429975fa854f9c::working_set_pack_b,5adecc6355429975fa854f9c,1.0,1.0,True,True,0.22567507033265635,0.023567071545031917
5adecc6355429975fa854f9c::active_set_pack_b,5adecc6355429975fa854f9c,1.0,1.0,True,True,0.22567507033265635,0.02607071395641237
5abb89fc5542993f40c73b19::working_set_pack_a,5abb89fc5542993f40c73b19,1.0,0.625,True,False,0.1768794878226241,0.05435472652410441
5abb89fc5542993f40c73b19::active_set_pack_a,5abb89fc5542993f40c73b19,1.0,1.0,True,True,0.1768794878226241,0.06065573485689653
5abb89fc5542993f40c73b19::working_set_pack_b,5abb89fc5542993f40c73b19,1.0,0.625,True,False,0.1768794878226241,0.04254122417643457
5abb89fc5542993f40c73b19::active_set_pack_b,5abb89fc5542993f40c73b19,0.875,0.875,False,False,0.1768794878226241,0.060136893158237385
5aba8f7b55429901930fa832::working_set_pack_a,5aba8f7b55429901930fa832,1.0,0.875,True,False,0.11991176612488984,0.06750304552389759
5aba8f7b55429901930fa832::active_set_pack_a,5aba8f7b55429901930fa832,1.0,0.875,True,False,0.11991176612488984,0.04837245781925215
5aba8f7b55429901930fa832::working_set_pack_b,5aba8f7b55429901930fa832,1.0,1.0,True,True,0.11991176612488984,0.04571926590496205
5aba8f7b55429901930fa832::active_set_pack_b,5aba8f7b55429901930fa832,1.0,0.875,True,False,0.11991176612488984,0.09467163531889494
5ab413e55542996a3a969f1b::working_set_pack_a,5ab413e55542996a3a969f1b,1.0,1.0,True,True,0.2714875026226739,0.1277949398891438
5ab413e55542996a3a969f1b::active_set_pack_a,5ab413e55542996a3a969f1b,1.0,1.0,True,True,0.2714875026226739,0.11706956679276309
5ab413e55542996a3a969f1b::working_set_pack_b,5ab413e55542996a3a969f1b,1.0,1.0,True,True,0.2714875026226739,0.12308795325860632
5ab413e55542996a3a969f1b::active_set_pack_b,5ab413e55542996a3a969f1b,1.0,1.0,True,True,0.2714875026226739,0.11051170452536095
5a721dff55429971e9dc928c::working_set_pack_a,5a721dff55429971e9dc928c,1.0,1.0,True,True,0.10910539040504671,0.03484939419284409
5a721dff55429971e9dc928c::active_set_pack_a,5a721dff55429971e9dc928c,1.0,1.0,True,True,0.10910539040504671,0.031732462647275334
5a721dff55429971e9dc928c::working_set_pack_b,5a721dff55429971e9dc928c,1.0,1.0,True,True,0.10910539040504671,0.03335194898458087
5a721dff55429971e9dc928c::active_set_pack_b,5a721dff55429971e9dc928c,1.0,1.0,True,True,0.10910539040504671,0.03456239843626652
5ab395c4554299233954ff5a::working_set_pack_a,5ab395c4554299233954ff5a,1.0,1.0,True,True,0.16419388874077476,0.05201085283239513
5ab395c4554299233954ff5a::active_set_pack_a,5ab395c4554299233954ff5a,1.0,1.0,True,True,0.16419388874077476,0.031401795305562925
5ab395c4554299233954ff5a::working_set_pack_b,5ab395c4554299233954ff5a,1.0,1.0,True,True,0.16419388874077476,0.029945879067910453
5ab395c4554299233954ff5a::active_set_pack_b,5ab395c4554299233954ff5a,1.0,1.0,True,True,0.16419388874077476,0.03467431521010639
5ae33c6b5542992f92d82263::working_set_pack_a,5ae33c6b5542992f92d82263,1.0,1.0,True,True,0.0614230800090612,0.022347831472733247
5ae33c6b5542992f92d82263::active_set_pack_a,5ae33c6b5542992f92d82263,1.0,0.75,True,False,0.0614230800090612,0.017677995520352176
5ae33c6b5542992f92d82263::working_set_pack_b,5ae33c6b5542992f92d82263,1.0,0.875,True,False,0.0614230800090612,0.017857008530145234
5ae33c6b5542992f92d82263::active_set_pack_b,5ae33c6b5542992f92d82263,1.0,1.0,True,True,0.0614230800090612,0.02616527137496752
5ae2aa155542996483e64a23::working_set_pack_a,5ae2aa155542996483e64a23,1.0,1.0,True,True,0.21670944148693144,0.08250529320910797
5ae2aa155542996483e64a23::active_set_pack_a,5ae2aa155542996483e64a23,1.0,1.0,True,True,0.21670944148693144,0.15952218745144156
5ae2aa155542996483e64a23::working_set_pack_b,5ae2aa155542996483e64a23,1.0,1.0,True,True,0.21670944148693144,0.0686227742946047
5ae2aa155542996483e64a23::active_set_pack_b,5ae2aa155542996483e64a23,1.0,0.75,True,False,0.21670944148693144,0.0686676329167352
5ab8a17955429916710eb09e::working_set_pack_a,5ab8a17955429916710eb09e,1.0,0.5,True,False,0.15779486410016977,0.19002595788446186
5ab8a17955429916710eb09e::active_set_pack_a,5ab8a17955429916710eb09e,1.0,0.625,True,False,0.15779486410016977,0.1840979336111558
5ab8a17955429916710eb09e::working_set_pack_b,5ab8a17955429916710eb09e,1.0,0.875,True,False,0.15779486410016977,0.07924256706891629
5ab8a17955429916710eb09e::active_set_pack_b,5ab8a17955429916710eb09e,1.0,0.75,True,False,0.15779486410016977,0.1849645995805791
5a7bb84d554299294a54aaa1::working_set_pack_a,5a7bb84d554299294a54aaa1,1.0,0.75,True,False,0.10363942689694602,0.05851004345185636
5a7bb84d554299294a54aaa1::active_set_pack_a,5a7bb84d554299294a54aaa1,1.0,0.5,True,False,0.10363942689694602,0.07463903415666247
5a7bb84d554299294a54aaa1::working_set_pack_b,5a7bb84d554299294a54aaa1,1.0,0.75,True,False,0.10363942689694602,0.06266027482577376
5a7bb84d554299294a54aaa1::active_set_pack_b,5a7bb84d554299294a54aaa1,1.0,0.625,True,False,0.10363942689694602,0.06587338950077612
5adf97ae5542995534e8c800::working_set_pack_a,5adf97ae5542995534e8c800,1.0,0.625,True,False,0.1684302718109148,0.0
5adf97ae5542995534e8c800::active_set_pack_a,5adf97ae5542995534e8c800,1.0,0.75,True,False,0.1684302718109148,0.00829266432386284
5adf97ae5542995534e8c800::working_set_pack_b,5adf97ae5542995534e8c800,0.875,0.875,False,False,0.1684302718109148,0.008536680256990874
5adf97ae5542995534e8c800::active_set_pack_b,5adf97ae5542995534e8c800,1.0,0.75,True,False,0.1684302718109148,0.0
5ac3231a5542995ef918c11a::working_set_pack_a,5ac3231a5542995ef918c11a,1.0,1.0,True,True,0.1304839406834954,0.05099250298300131
5ac3231a5542995ef918c11a::active_set_pack_a,5ac3231a5542995ef918c11a,1.0,0.875,True,False,0.1304839406834954,0.053781158479890095
5ac3231a5542995ef918c11a::working_set_pack_b,5ac3231a5542995ef918c11a,1.0,1.0,True,True,0.1304839406834954,0.043120043095321324
5ac3231a5542995ef918c11a::active_set_pack_b,5ac3231a5542995ef918c11a,1.0,0.75,True,False,0.1304839406834954,0.04536081545879349
5a760de1554299109176e63c::working_set_pack_a,5a760de1554299109176e63c,1.0,0.875,True,False,0.24014867432162668,0.06340349787844332
5a760de1554299109176e63c::active_set_pack_a,5a760de1554299109176e63c,1.0,1.0,True,True,0.24014867432162668,0.057035300897442506
5a760de1554299109176e63c::working_set_pack_b,5a760de1554299109176e63c,1.0,1.0,True,True,0.24014867432162668,0.04664611704520802
5a760de1554299109176e63c::active_set_pack_b,5a760de1554299109176e63c,1.0,1.0,True,True,0.24014867432162668,0.06635549046431824
5ab31d43554299233954ff0e::working_set_pack_a,5ab31d43554299233954ff0e,1.0,1.0,True,True,0.11348431671534111,0.09378806235860382
5ab31d43554299233954ff0e::active_set_pack_a,5ab31d43554299233954ff0e,1.0,1.0,True,True,0.11348431671534111,0.06815123062200619
5ab31d43554299233954ff0e::working_set_pack_b,5ab31d43554299233954ff0e,1.0,1.0,True,True,0.11348431671534111,0.049293008845212545
5ab31d43554299233954ff0e::active_set_pack_b,5ab31d43554299233954ff0e,1.0,0.875,True,False,0.11348431671534111,0.09230786968227903
5ab4330b55429942dd415edc::working_set_pack_a,5ab4330b55429942dd415edc,1.0,0.625,True,False,0.14806791556352117,0.05082642630678119
5ab4330b55429942dd415edc::active_set_pack_a,5ab4330b55429942dd415edc,1.0,0.75,True,False,0.14806791556352117,0.05181675431491682
5ab4330b55429942dd415edc::working_set_pack_b,5ab4330b55429942dd415edc,0.875,0.5,False,False,0.14806791556352117,0.044642540231807665
5ab4330b55429942dd415edc::active_set_pack_b,5ab4330b55429942dd415edc,0.875,0.5,False,False,0.14806791556352117,0.17547393488059101
5a7626bd554299109176e678::working_set_pack_a,5a7626bd554299109176e678,0.875,1.0,False,True,0.08406479560897823,0.03948861492374069
5a7626bd554299109176e678::active_set_pack_a,5a7626bd554299109176e678,1.0,0.875,True,False,0.08406479560897823,0.040414920629350204
5a7626bd554299109176e678::working_set_pack_b,5a7626bd554299109176e678,1.0,1.0,True,True,0.08406479560897823,0.040907665209116324
5a7626bd554299109176e678::active_set_pack_b,5a7626bd554299109176e678,1.0,0.875,True,False,0.08406479560897823,0.036916683968560834
5a7150665542994082a3e7bb::working_set_pack_a,5a7150665542994082a3e7bb,1.0,1.0,True,True,0.41007024426896577,0.022661228647774666
5a7150665542994082a3e7bb::active_set_pack_a,5a7150665542994082a3e7bb,1.0,0.75,True,False,0.41007024426896577,0.033950435898113494
5a7150665542994082a3e7bb::working_set_pack_b,5a7150665542994082a3e7bb,1.0,0.625,True,False,0.41007024426896577,0.03816824103652932
5a7150665542994082a3e7bb::active_set_pack_b,5a7150665542994082a3e7bb,1.0,0.875,True,False,0.41007024426896577,0.04085580452561498
5abe96e15542993f32c2a172::working_set_pack_a,5abe96e15542993f32c2a172,1.0,1.0,True,True,0.12291028109323791,0.04672790819532843
5abe96e15542993f32c2a172::active_set_pack_a,5abe96e15542993f32c2a172,1.0,0.875,True,False,0.12291028109323791,0.05457658421941363
5abe96e15542993f32c2a172::working_set_pack_b,5abe96e15542993f32c2a172,1.0,1.0,True,True,0.12291028109323791,0.05370113780561924
5abe96e15542993f32c2a172::active_set_pack_b,5abe96e15542993f32c2a172,1.0,0.875,True,False,0.12291028109323791,0.05381445407194713
5a8b3d1855429949d91db4fe::working_set_pack_a,5a8b3d1855429949d91db4fe,0.875,0.625,False,False,0.22681363954250167,0.2360800475467288
5a8b3d1855429949d91db4fe::active_set_pack_a,5a8b3d1855429949d91db4fe,0.625,0.5,False,False,0.22681363954250167,0.249464634430555
5a8b3d1855429949d91db4fe::working_set_pack_b,5a8b3d1855429949d91db4fe,0.625,0.625,False,False,0.22681363954250167,0.24282237564907827
5a8b3d1855429949d91db4fe::active_set_pack_b,5a8b3d1855429949d91db4fe,1.0,0.75,True,False,0.22681363954250167,0.205844258249344
5a804d725542995d8a8ddf60::working_set_pack_a,5a804d725542995d8a8ddf60,1.0,1.0,True,True,0.30627127489695016,0.056862344104250256
5a804d725542995d8a8ddf60::active_set_pack_a,5a804d725542995d8a8ddf60,1.0,1.0,True,True,0.30627127489695016,0.04611600458006502
5a804d725542995d8a8ddf60::working_set_pack_b,5a804d725542995d8a8ddf60,1.0,1.0,True,True,0.30627127489695016,0.0762299096685497
5a804d725542995d8a8ddf60::active_set_pack_b,5a804d725542995d8a8ddf60,1.0,1.0,True,True,0.30627127489695016,0.040441518417010866
5ab30cc755429976abd1bc3a::working_set_pack_a,5ab30cc755429976abd1bc3a,1.0,1.0,True,True,0.14111638654067846,0.010599929283561139
5ab30cc755429976abd1bc3a::active_set_pack_a,5ab30cc755429976abd1bc3a,1.0,1.0,True,True,0.14111638654067846,0.01075049822632197
5ab30cc755429976abd1bc3a::working_set_pack_b,5ab30cc755429976abd1bc3a,1.0,1.0,True,True,0.14111638654067846,0.02818607178504666
5ab30cc755429976abd1bc3a::active_set_pack_b,5ab30cc755429976abd1bc3a,1.0,1.0,True,True,0.14111638654067846,0.0
5a89eca455429946c8d6ea11::working_set_pack_a,5a89eca455429946c8d6ea11,1.0,1.0,True,True,0.2244677815123675,0.05472364222952891
5a89eca455429946c8d6ea11::active_set_pack_a,5a89eca455429946c8d6ea11,1.0,0.875,True,False,0.2244677815123675,0.05217315094246891
5a89eca455429946c8d6ea11::working_set_pack_b,5a89eca455429946c8d6ea11,1.0,0.875,True,False,0.2244677815123675,0.055155347163356544
5a89eca455429946c8d6ea11::active_set_pack_b,5a89eca455429946c8d6ea11,1.0,0.625,True,False,0.2244677815123675,0.04304757801524772
5abaf3385542996cc5e49f2f::working_set_pack_a,5abaf3385542996cc5e49f2f,1.0,1.0,True,True,0.28528608106653675,0.08660349266456716
5abaf3385542996cc5e49f2f::active_set_pack_a,5abaf3385542996cc5e49f2f,1.0,1.0,True,True,0.28528608106653675,0.07158836868020149
5abaf3385542996cc5e49f2f::working_set_pack_b,5abaf3385542996cc5e49f2f,1.0,0.875,True,False,0.28528608106653675,0.09897844853587387
5abaf3385542996cc5e49f2f::active_set_pack_b,5abaf3385542996cc5e49f2f,1.0,0.875,True,False,0.28528608106653675,0.06121321270161461
5ae55c2b5542992663a4f1e4::working_set_pack_a,5ae55c2b5542992663a4f1e4,1.0,1.0,True,True,0.2296047010055618,0.0406311891902245
5ae55c2b5542992663a4f1e4::active_set_pack_a,5ae55c2b5542992663a4f1e4,1.0,1.0,True,True,0.2296047010055618,0.0570258175267916
5ae55c2b5542992663a4f1e4::working_set_pack_b,5ae55c2b5542992663a4f1e4,1.0,1.0,True,True,0.2296047010055618,0.045889218101939154
5ae55c2b5542992663a4f1e4::active_set_pack_b,5ae55c2b5542992663a4f1e4,1.0,1.0,True,True,0.2296047010055618,0.04265405211267784
5a8ce61555429941ae14df36::working_set_pack_a,5a8ce61555429941ae14df36,1.0,1.0,True,True,0.13355061872443214,0.0187104520695391
5a8ce61555429941ae14df36::active_set_pack_a,5a8ce61555429941ae14df36,1.0,1.0,True,True,0.13355061872443214,0.019577092184801994
5a8ce61555429941ae14df36::working_set_pack_b,5a8ce61555429941ae14df36,1.0,0.875,True,False,0.13355061872443214,0.019361859804072724
5a8ce61555429941ae14df36::active_set_pack_b,5a8ce61555429941ae14df36,1.0,1.0,True,True,0.13355061872443214,0.0
5aba8365554299232ef4a319::working_set_pack_a,5aba8365554299232ef4a319,0.875,0.875,False,False,0.16953568941199176,0.07484107774556376
5aba8365554299232ef4a319::active_set_pack_a,5aba8365554299232ef4a319,1.0,1.0,True,True,0.16953568941199176,0.059907502985385684
5aba8365554299232ef4a319::working_set_pack_b,5aba8365554299232ef4a319,1.0,0.5,True,False,0.16953568941199176,0.06294795352891658
5aba8365554299232ef4a319::active_set_pack_b,5aba8365554299232ef4a319,0.75,0.75,False,False,0.16953568941199176,0.05106775055305726
5abcff77554299700f9d794f::working_set_pack_a,5abcff77554299700f9d794f,1.0,0.875,True,False,0.057361195604888296,0.04504517893639074
5abcff77554299700f9d794f::active_set_pack_a,5abcff77554299700f9d794f,1.0,0.75,True,False,0.057361195604888296,0.038317881193356614
5abcff77554299700f9d794f::working_set_pack_b,5abcff77554299700f9d794f,0.875,0.875,False,False,0.057361195604888296,0.044759600376842415
5abcff77554299700f9d794f::active_set_pack_b,5abcff77554299700f9d794f,1.0,0.75,True,False,0.057361195604888296,0.025564729650352218
5ab56b71554299637185c586::working_set_pack_a,5ab56b71554299637185c586,1.0,1.0,True,True,0.19340067245774661,0.09342098025673026
5ab56b71554299637185c586::active_set_pack_a,5ab56b71554299637185c586,1.0,1.0,True,True,0.19340067245774661,0.09671419282801999
5ab56b71554299637185c586::working_set_pack_b,5ab56b71554299637185c586,1.0,1.0,True,True,0.19340067245774661,0.04707146689131652
5ab56b71554299637185c586::active_set_pack_b,5ab56b71554299637185c586,1.0,1.0,True,True,0.19340067245774661,0.0702472175884265
5a7ea5125542994959419a40::working_set_pack_a,5a7ea5125542994959419a40,1.0,0.75,True,False,0.43900232580016174,0.0830026978154779
5a7ea5125542994959419a40::active_set_pack_a,5a7ea5125542994959419a40,1.0,0.75,True,False,0.43900232580016174,0.09030723815535031
5a7ea5125542994959419a40::working_set_pack_b,5a7ea5125542994959419a40,1.0,0.875,True,False,0.43900232580016174,0.09070579753990152
5a7ea5125542994959419a40::active_set_pack_b,5a7ea5125542994959419a40,1.0,0.875,True,False,0.43900232580016174,0.08331445864331488
5ab90c2655429916710eb0ed::working_set_pack_a,5ab90c2655429916710eb0ed,1.0,1.0,True,True,0.20107405572915824,0.061197421948352995
5ab90c2655429916710eb0ed::active_set_pack_a,5ab90c2655429916710eb0ed,1.0,1.0,True,True,0.20107405572915824,0.0701395968084646
5ab90c2655429916710eb0ed::working_set_pack_b,5ab90c2655429916710eb0ed,1.0,1.0,True,True,0.20107405572915824,0.06893813063614164
5ab90c2655429916710eb0ed::active_set_pack_b,5ab90c2655429916710eb0ed,1.0,1.0,True,True,0.20107405572915824,0.06999320675554958
5abc2d7755429959677d6a29::working_set_pack_a,5abc2d7755429959677d6a29,1.0,1.0,True,True,0.15822224198894508,0.042423818816891355
5abc2d7755429959677d6a29::active_set_pack_a,5abc2d7755429959677d6a29,1.0,1.0,True,True,0.15822224198894508,0.03687395303204798
5abc2d7755429959677d6a29::working_set_pack_b,5abc2d7755429959677d6a29,1.0,1.0,True,True,0.15822224198894508,0.04738988121047427
5abc2d7755429959677d6a29::active_set_pack_b,5abc2d7755429959677d6a29,1.0,1.0,True,True,0.15822224198894508,0.05608207100918798
5a83143655429954d2e2ec0a::working_set_pack_a,5a83143655429954d2e2ec0a,1.0,0.875,True,False,0.08348171164079358,0.05348909007224947
5a83143655429954d2e2ec0a::active_set_pack_a,5a83143655429954d2e2ec0a,1.0,0.875,True,False,0.08348171164079358,0.04462099528595298
5a83143655429954d2e2ec0a::working_set_pack_b,5a83143655429954d2e2ec0a,1.0,0.75,True,False,0.08348171164079358,0.05953103207877977
5a83143655429954d2e2ec0a::active_set_pack_b,5a83143655429954d2e2ec0a,1.0,0.875,True,False,0.08348171164079358,0.07290141855020249
5ab691c5554299710c8d1ed3::working_set_pack_a,5ab691c5554299710c8d1ed3,1.0,1.0,True,True,0.20915148301195133,0.045733380923330055
5ab691c5554299710c8d1ed3::active_set_pack_a,5ab691c5554299710c8d1ed3,1.0,1.0,True,True,0.20915148301195133,0.07603093746057574
5ab691c5554299710c8d1ed3::working_set_pack_b,5ab691c5554299710c8d1ed3,1.0,1.0,True,True,0.20915148301195133,0.06847044906323295
5ab691c5554299710c8d1ed3::active_set_pack_b,5ab691c5554299710c8d1ed3,1.0,1.0,True,True,0.20915148301195133,0.07138418122938966
5a7528e75542996c70cfaea0::working_set_pack_a,5a7528e75542996c70cfaea0,1.0,1.0,True,True,0.281174556995073,0.10639874578766778
5a7528e75542996c70cfaea0::active_set_pack_a,5a7528e75542996c70cfaea0,1.0,1.0,True,True,0.281174556995073,0.11335478502522608
5a7528e75542996c70cfaea0::working_set_pack_b,5a7528e75542996c70cfaea0,1.0,1.0,True,True,0.281174556995073,0.11539046576775036
5a7528e75542996c70cfaea0::active_set_pack_b,5a7528e75542996c70cfaea0,1.0,1.0,True,True,0.281174556995073,0.13891765101863585
5ab4280b554299233955003a::working_set_pack_a,5ab4280b554299233955003a,0.875,0.625,False,False,0.26488317379055615,0.03502976442661532
5ab4280b554299233955003a::active_set_pack_a,5ab4280b554299233955003a,1.0,0.625,True,False,0.26488317379055615,0.03692884529055487
5ab4280b554299233955003a::working_set_pack_b,5ab4280b554299233955003a,1.0,0.625,True,False,0.26488317379055615,0.030165991405798006
5ab4280b554299233955003a::active_set_pack_b,5ab4280b554299233955003a,0.875,0.5,False,False,0.26488317379055615,0.06328217044000836
5ae3916d5542994393b9e708::working_set_pack_a,5ae3916d5542994393b9e708,1.0,1.0,True,True,0.6442251002273744,0.04762993893614778
5ae3916d5542994393b9e708::active_set_pack_a,5ae3916d5542994393b9e708,1.0,1.0,True,True,0.6442251002273744,0.04743743254598077
5ae3916d5542994393b9e708::working_set_pack_b,5ae3916d5542994393b9e708,1.0,1.0,True,True,0.6442251002273744,0.05085984959894058
5ae3916d5542994393b9e708::active_set_pack_b,5ae3916d5542994393b9e708,1.0,1.0,True,True,0.6442251002273744,0.05492552787329693
5adc32805542994650320cad::working_set_pack_a,5adc32805542994650320cad,1.0,0.75,True,False,0.06654919043198217,0.0
5adc32805542994650320cad::active_set_pack_a,5adc32805542994650320cad,1.0,0.625,True,False,0.06654919043198217,0.0575515147438985
5adc32805542994650320cad::working_set_pack_b,5adc32805542994650320cad,1.0,0.625,True,False,0.06654919043198217,0.0
5adc32805542994650320cad::active_set_pack_b,5adc32805542994650320cad,1.0,0.875,True,False,0.06654919043198217,0.0
5a7a1bb25542996a35c170d2::working_set_pack_a,5a7a1bb25542996a35c170d2,1.0,1.0,True,True,0.10424730689813427,0.0559551965223017
5a7a1bb25542996a35c170d2::active_set_pack_a,5a7a1bb25542996a35c170d2,0.875,0.875,False,False,0.10424730689813427,0.07166201795695734
5a7a1bb25542996a35c170d2::working_set_pack_b,5a7a1bb25542996a35c170d2,1.0,1.0,True,True,0.10424730689813427,0.06263035628808752
5a7a1bb25542996a35c170d2::active_set_pack_b,5a7a1bb25542996a35c170d2,1.0,0.875,True,False,0.10424730689813427,0.06868057242772373
5adc36475542996e685252e1::working_set_pack_a,5adc36475542996e685252e1,0.625,0.5,False,False,0.3660183209645128,0.18135152805105914
5adc36475542996e685252e1::active_set_pack_a,5adc36475542996e685252e1,1.0,0.5,True,False,0.3660183209645128,0.14017979140022002
5adc36475542996e685252e1::working_set_pack_b,5adc36475542996e685252e1,1.0,0.625,True,False,0.3660183209645128,0.13020465192266326
5adc36475542996e685252e1::active_set_pack_b,5adc36475542996e685252e1,1.0,0.75,True,False,0.3660183209645128,0.12932626393903787
5a7af39755429931da12c99d::working_set_pack_a,5a7af39755429931da12c99d,1.0,0.875,True,False,0.0840486051150103,0.041286359021359534
5a7af39755429931da12c99d::active_set_pack_a,5a7af39755429931da12c99d,1.0,1.0,True,True,0.0840486051150103,0.04050129337806427
5a7af39755429931da12c99d::working_set_pack_b,5a7af39755429931da12c99d,1.0,0.875,True,False,0.0840486051150103,0.041711603432426525
5a7af39755429931da12c99d::active_set_pack_b,5a7af39755429931da12c99d,1.0,0.75,True,False,0.0840486051150103,0.04299733383062214
5ade2af055429939a52fe84b::working_set_pack_a,5ade2af055429939a52fe84b,1.0,1.0,True,True,0.5898330035193937,0.04313467953137538
5ade2af055429939a52fe84b::active_set_pack_a,5ade2af055429939a52fe84b,1.0,1.0,True,True,0.5898330035193937,0.0633154398068831
5ade2af055429939a52fe84b::working_set_pack_b,5ade2af055429939a52fe84b,1.0,1.0,True,True,0.5898330035193937,0.046989558504303634
5ade2af055429939a52fe84b::active_set_pack_b,5ade2af055429939a52fe84b,1.0,1.0,True,True,0.5898330035193937,0.04118724481534951
5ab907c555429916710eb0e3::working_set_pack_a,5ab907c555429916710eb0e3,1.0,0.75,True,False,0.11745733017671553,0.077794596716907
5ab907c555429916710eb0e3::active_set_pack_a,5ab907c555429916710eb0e3,1.0,1.0,True,True,0.11745733017671553,0.05356988831717111
5ab907c555429916710eb0e3::working_set_pack_b,5ab907c555429916710eb0e3,1.0,0.75,True,False,0.11745733017671553,0.07625687077128311
5ab907c555429916710eb0e3::active_set_pack_b,5ab907c555429916710eb0e3,1.0,0.75,True,False,0.11745733017671553,0.0766912059431925
5a73630855429901807db021::working_set_pack_a,5a73630855429901807db021,1.0,1.0,True,True,0.17472352750431913,0.04277797328357587
5a73630855429901807db021::active_set_pack_a,5a73630855429901807db021,1.0,1.0,True,True,0.17472352750431913,0.041671245437001375
5a73630855429901807db021::working_set_pack_b,5a73630855429901807db021,1.0,1.0,True,True,0.17472352750431913,0.04157738219719706
5a73630855429901807db021::active_set_pack_b,5a73630855429901807db021,1.0,1.0,True,True,0.17472352750431913,0.039303078559408504
5abae0265542996cc5e49ec3::working_set_pack_a,5abae0265542996cc5e49ec3,1.0,1.0,True,True,0.1943611432795183,0.04326717183860425
5abae0265542996cc5e49ec3::active_set_pack_a,5abae0265542996cc5e49ec3,1.0,1.0,True,True,0.1943611432795183,0.05244650259373862
5abae0265542996cc5e49ec3::working_set_pack_b,5abae0265542996cc5e49ec3,1.0,1.0,True,True,0.1943611432795183,0.04279512588294749
5abae0265542996cc5e49ec3::active_set_pack_b,5abae0265542996cc5e49ec3,1.0,1.0,True,True,0.1943611432795183,0.04334794279327452
5ae061705542993d6555eb26::working_set_pack_a,5ae061705542993d6555eb26,1.0,1.0,True,True,0.11828842102665997,0.043086350573870016
5ae061705542993d6555eb26::active_set_pack_a,5ae061705542993d6555eb26,1.0,1.0,True,True,0.11828842102665997,0.030574012133910082
5ae061705542993d6555eb26::working_set_pack_b,5ae061705542993d6555eb26,1.0,1.0,True,True,0.11828842102665997,0.031904005842672674
5ae061705542993d6555eb26::active_set_pack_b,5ae061705542993d6555eb26,1.0,1.0,True,True,0.11828842102665997,0.03077910542003638
5a835bb5554299123d8c2102::working_set_pack_a,5a835bb5554299123d8c2102,1.0,1.0,True,True,0.0754081205235691,0.05998482355476177
5a835bb5554299123d8c2102::active_set_pack_a,5a835bb5554299123d8c2102,1.0,1.0,True,True,0.0754081205235691,0.03881123373217512
5a835bb5554299123d8c2102::working_set_pack_b,5a835bb5554299123d8c2102,1.0,1.0,True,True,0.0754081205235691,0.04361071376855649
5a835bb5554299123d8c2102::active_set_pack_b,5a835bb5554299123d8c2102,1.0,1.0,True,True,0.0754081205235691,0.0295530480521887
5ae05c3155429924de1b70b0::working_set_pack_a,5ae05c3155429924de1b70b0,1.0,1.0,True,True,0.0763644199227568,0.05016796681888541
5ae05c3155429924de1b70b0::active_set_pack_a,5ae05c3155429924de1b70b0,1.0,1.0,True,True,0.0763644199227568,0.030795375101196554
5ae05c3155429924de1b70b0::working_set_pack_b,5ae05c3155429924de1b70b0,1.0,1.0,True,True,0.0763644199227568,0.03176063501687448
5ae05c3155429924de1b70b0::active_set_pack_b,5ae05c3155429924de1b70b0,1.0,1.0,True,True,0.0763644199227568,0.03268975078904681
5ae225fb554299234fd043f8::working_set_pack_a,5ae225fb554299234fd043f8,1.0,1.0,True,True,0.056427771697967616,0.07256314483746323
5ae225fb554299234fd043f8::active_set_pack_a,5ae225fb554299234fd043f8,1.0,1.0,True,True,0.056427771697967616,0.05441318377210333
5ae225fb554299234fd043f8::working_set_pack_b,5ae225fb554299234fd043f8,1.0,1.0,True,True,0.056427771697967616,0.058709271433228426
5ae225fb554299234fd043f8::active_set_pack_b,5ae225fb554299234fd043f8,1.0,1.0,True,True,0.056427771697967616,0.0413384931188067
5ae513225542993aec5ec12e::working_set_pack_a,5ae513225542993aec5ec12e,1.0,1.0,True,True,0.14733887489842806,0.04686506012388573
5ae513225542993aec5ec12e::active_set_pack_a,5ae513225542993aec5ec12e,1.0,1.0,True,True,0.14733887489842806,0.046811135169724884
5ae513225542993aec5ec12e::working_set_pack_b,5ae513225542993aec5ec12e,1.0,1.0,True,True,0.14733887489842806,0.06999837145659794
5ae513225542993aec5ec12e::active_set_pack_b,5ae513225542993aec5ec12e,1.0,1.0,True,True,0.14733887489842806,0.058259910098455575
5abd0749554299700f9d796f::working_set_pack_a,5abd0749554299700f9d796f,1.0,1.0,True,True,0.08681177481222738,0.053325526016779874
5abd0749554299700f9d796f::active_set_pack_a,5abd0749554299700f9d796f,1.0,1.0,True,True,0.08681177481222738,0.05212245844256043
5abd0749554299700f9d796f::working_set_pack_b,5abd0749554299700f9d796f,1.0,1.0,True,True,0.08681177481222738,0.055656732669584014
5abd0749554299700f9d796f::active_set_pack_b,5abd0749554299700f9d796f,1.0,1.0,True,True,0.08681177481222738,0.045673198456159136
5a8a28505542996c9b8d5e22::working_set_pack_a,5a8a28505542996c9b8d5e22,1.0,0.75,True,False,0.03148892929283754,0.0
5a8a28505542996c9b8d5e22::active_set_pack_a,5a8a28505542996c9b8d5e22,1.0,0.75,True,False,0.03148892929283754,0.0
5a8a28505542996c9b8d5e22::working_set_pack_b,5a8a28505542996c9b8d5e22,1.0,0.875,True,False,0.03148892929283754,0.0
5a8a28505542996c9b8d5e22::active_set_pack_b,5a8a28505542996c9b8d5e22,1.0,1.0,True,True,0.03148892929283754,0.0
5a727bb95542991f9a20c48d::working_set_pack_a,5a727bb95542991f9a20c48d,1.0,0.5,True,False,0.25330159692703685,0.0784607053338903
5a727bb95542991f9a20c48d::active_set_pack_a,5a727bb95542991f9a20c48d,1.0,0.625,True,False,0.25330159692703685,0.06129043050481659
5a727bb95542991f9a20c48d::working_set_pack_b,5a727bb95542991f9a20c48d,1.0,0.625,True,False,0.25330159692703685,0.08628937175840637
5a727bb95542991f9a20c48d::active_set_pack_b,5a727bb95542991f9a20c48d,1.0,0.625,True,False,0.25330159692703685,0.08747506441084406
5ae754725542995703ce8bf2::working_set_pack_a,5ae754725542995703ce8bf2,1.0,1.0,True,True,0.43379399122784346,0.05376985627673888
5ae754725542995703ce8bf2::active_set_pack_a,5ae754725542995703ce8bf2,1.0,0.75,True,False,0.43379399122784346,0.04365429777338173
5ae754725542995703ce8bf2::working_set_pack_b,5ae754725542995703ce8bf2,1.0,1.0,True,True,0.43379399122784346,0.04867852813196592
5ae754725542995703ce8bf2::active_set_pack_b,5ae754725542995703ce8bf2,1.0,1.0,True,True,0.43379399122784346,0.05898475602814721
5a740aa955429974ef308ba3::working_set_pack_a,5a740aa955429974ef308ba3,1.0,1.0,True,True,0.27455954298132595,0.1003846518057569
5a740aa955429974ef308ba3::active_set_pack_a,5a740aa955429974ef308ba3,1.0,1.0,True,True,0.27455954298132595,0.07887588052817032
5a740aa955429974ef308ba3::working_set_pack_b,5a740aa955429974ef308ba3,1.0,1.0,True,True,0.27455954298132595,0.10667489635679663
5a740aa955429974ef308ba3::active_set_pack_b,5a740aa955429974ef308ba3,1.0,0.875,True,False,0.27455954298132595,0.07609368557396104
5ae331f955429928c423966f::working_set_pack_a,5ae331f955429928c423966f,1.0,1.0,True,True,0.21937910988197054,0.042131490133743864
5ae331f955429928c423966f::active_set_pack_a,5ae331f955429928c423966f,1.0,1.0,True,True,0.21937910988197054,0.041004745020470496
5ae331f955429928c423966f::working_set_pack_b,5ae331f955429928c423966f,1.0,1.0,True,True,0.21937910988197054,0.03733646965935531
5ae331f955429928c423966f::active_set_pack_b,5ae331f955429928c423966f,1.0,1.0,True,True,0.21937910988197054,0.03621072655611726
5ade4e43554299728e26c6bb::working_set_pack_a,5ade4e43554299728e26c6bb,1.0,1.0,True,True,0.17409316895955843,0.04408515740291776
5ade4e43554299728e26c6bb::active_set_pack_a,5ade4e43554299728e26c6bb,1.0,1.0,True,True,0.17409316895955843,0.04397270887439937
5ade4e43554299728e26c6bb::working_set_pack_b,5ade4e43554299728e26c6bb,1.0,1.0,True,True,0.17409316895955843,0.05196561984491301
5ade4e43554299728e26c6bb::active_set_pack_b,5ade4e43554299728e26c6bb,1.0,1.0,True,True,0.17409316895955843,0.040081919725760626
5ac25c4a55429951e9e6857f::working_set_pack_a,5ac25c4a55429951e9e6857f,1.0,1.0,True,True,0.10270231040503432,0.07712987221564707
5ac25c4a55429951e9e6857f::active_set_pack_a,5ac25c4a55429951e9e6857f,1.0,1.0,True,True,0.10270231040503432,0.07175261472311098
5ac25c4a55429951e9e6857f::working_set_pack_b,5ac25c4a55429951e9e6857f,1.0,0.75,True,False,0.10270231040503432,0.09360586558399697
5ac25c4a55429951e9e6857f::active_set_pack_b,5ac25c4a55429951e9e6857f,1.0,1.0,True,True,0.10270231040503432,0.07829673196979706
5ae79c2b5542993210983eae::working_set_pack_a,5ae79c2b5542993210983eae,1.0,1.0,True,True,0.32996823550125465,0.09920423781963625
5ae79c2b5542993210983eae::active_set_pack_a,5ae79c2b5542993210983eae,1.0,1.0,True,True,0.32996823550125465,0.09931151472506275
5ae79c2b5542993210983eae::working_set_pack_b,5ae79c2b5542993210983eae,0.875,0.625,False,False,0.32996823550125465,0.08385375456713434
5ae79c2b5542993210983eae::active_set_pack_b,5ae79c2b5542993210983eae,1.0,1.0,True,True,0.32996823550125465,0.06574064065685438
5a73e07655429905862fe0ea::working_set_pack_a,5a73e07655429905862fe0ea,1.0,1.0,True,True,0.11440495891464993,0.0543158697385749
5a73e07655429905862fe0ea::active_set_pack_a,5a73e07655429905862fe0ea,1.0,1.0,True,True,0.11440495891464993,0.050936051858068335
5a73e07655429905862fe0ea::working_set_pack_b,5a73e07655429905862fe0ea,1.0,1.0,True,True,0.11440495891464993,0.0499580257710817
5a73e07655429905862fe0ea::active_set_pack_b,5a73e07655429905862fe0ea,1.0,1.0,True,True,0.11440495891464993,0.04527777092110302
5a8885b4554299206df2b2e4::working_set_pack_a,5a8885b4554299206df2b2e4,1.0,1.0,True,True,0.0892328495574477,0.05249539565569476
5a8885b4554299206df2b2e4::active_set_pack_a,5a8885b4554299206df2b2e4,1.0,1.0,True,True,0.0892328495574477,0.04778119933087761
5a8885b4554299206df2b2e4::working_set_pack_b,5a8885b4554299206df2b2e4,1.0,1.0,True,True,0.0892328495574477,0.049657303224425166
5a8885b4554299206df2b2e4::active_set_pack_b,5a8885b4554299206df2b2e4,1.0,1.0,True,True,0.0892328495574477,0.05179793199451789
5a7d20b055429909bec76973::working_set_pack_a,5a7d20b055429909bec76973,1.0,0.625,True,False,0.06090725666729569,0.03591702191634214
5a7d20b055429909bec76973::active_set_pack_a,5a7d20b055429909bec76973,0.875,0.75,False,False,0.06090725666729569,0.023900691303063954
5a7d20b055429909bec76973::working_set_pack_b,5a7d20b055429909bec76973,1.0,0.625,True,False,0.06090725666729569,0.0394872399244011
5a7d20b055429909bec76973::active_set_pack_b,5a7d20b055429909bec76973,0.875,0.5,False,False,0.06090725666729569,0.016424987544429195
5a793e77554299029c4b5f36::working_set_pack_a,5a793e77554299029c4b5f36,1.0,1.0,True,True,0.15359150681247466,0.05802661452637098
5a793e77554299029c4b5f36::active_set_pack_a,5a793e77554299029c4b5f36,1.0,1.0,True,True,0.15359150681247466,0.04602635268513141
5a793e77554299029c4b5f36::working_set_pack_b,5a793e77554299029c4b5f36,1.0,1.0,True,True,0.15359150681247466,0.051217486764846165
5a793e77554299029c4b5f36::active_set_pack_b,5a793e77554299029c4b5f36,1.0,1.0,True,True,0.15359150681247466,0.04596852462407709
5a8906515542993b751ca8f0::working_set_pack_a,5a8906515542993b751ca8f0,1.0,1.0,True,True,0.06863592861971517,0.03159773210192583
5a8906515542993b751ca8f0::active_set_pack_a,5a8906515542993b751ca8f0,1.0,1.0,True,True,0.06863592861971517,0.04369493414930141
5a8906515542993b751ca8f0::working_set_pack_b,5a8906515542993b751ca8f0,1.0,0.875,True,False,0.06863592861971517,0.03237102972216127
5a8906515542993b751ca8f0::active_set_pack_b,5a8906515542993b751ca8f0,1.0,1.0,True,True,0.06863592861971517,0.03726681929179943
5adf6abe5542993344016c8c::working_set_pack_a,5adf6abe5542993344016c8c,1.0,0.875,True,False,0.2292476752082852,0.07084006203284547
5adf6abe5542993344016c8c::active_set_pack_a,5adf6abe5542993344016c8c,1.0,1.0,True,True,0.2292476752082852,0.06306645468938452
5adf6abe5542993344016c8c::working_set_pack_b,5adf6abe5542993344016c8c,1.0,0.875,True,False,0.2292476752082852,0.06519870014358778
5adf6abe5542993344016c8c::active_set_pack_b,5adf6abe5542993344016c8c,1.0,1.0,True,True,0.2292476752082852,0.049801935204019154
5ab51c455542990594ba9d0a::working_set_pack_a,5ab51c455542990594ba9d0a,1.0,0.75,True,False,0.13818063486659876,0.10080514628590606
5ab51c455542990594ba9d0a::active_set_pack_a,5ab51c455542990594ba9d0a,0.875,0.75,False,False,0.13818063486659876,0.10306597292046574
5ab51c455542990594ba9d0a::working_set_pack_b,5ab51c455542990594ba9d0a,1.0,0.625,True,False,0.13818063486659876,0.05333477670838449
5ab51c455542990594ba9d0a::active_set_pack_b,5ab51c455542990594ba9d0a,1.0,0.875,True,False,0.13818063486659876,0.10416982554691585
5ae12f915542997b2ef7d11f::working_set_pack_a,5ae12f915542997b2ef7d11f,1.0,0.875,True,False,0.24209524438938904,0.0734263240366589
5ae12f915542997b2ef7d11f::active_set_pack_a,5ae12f915542997b2ef7d11f,1.0,1.0,True,True,0.24209524438938904,0.04361253113991259
5ae12f915542997b2ef7d11f::working_set_pack_b,5ae12f915542997b2ef7d11f,1.0,1.0,True,True,0.24209524438938904,0.054984108404983786
5ae12f915542997b2ef7d11f::active_set_pack_b,5ae12f915542997b2ef7d11f,1.0,1.0,True,True,0.24209524438938904,0.060264149658109736
5adbdb8955429944faac2389::working_set_pack_a,5adbdb8955429944faac2389,1.0,1.0,True,True,0.2053976395433189,0.034874621407468775
5adbdb8955429944faac2389::active_set_pack_a,5adbdb8955429944faac2389,1.0,0.75,True,False,0.2053976395433189,0.03880188301172883
5adbdb8955429944faac2389::working_set_pack_b,5adbdb8955429944faac2389,1.0,1.0,True,True,0.2053976395433189,0.036955438988185665
5adbdb8955429944faac2389::active_set_pack_b,5adbdb8955429944faac2389,1.0,1.0,True,True,0.2053976395433189,0.050101906922701826
5a74a7bf55429929fddd8494::working_set_pack_a,5a74a7bf55429929fddd8494,1.0,0.625,True,False,0.09550558509485758,0.09755812794614042
5a74a7bf55429929fddd8494::active_set_pack_a,5a74a7bf55429929fddd8494,0.625,0.75,False,False,0.09550558509485758,0.08547163016663477
5a74a7bf55429929fddd8494::working_set_pack_b,5a74a7bf55429929fddd8494,1.0,0.625,True,False,0.09550558509485758,0.11292700440014741
5a74a7bf55429929fddd8494::active_set_pack_b,5a74a7bf55429929fddd8494,0.625,0.75,False,False,0.09550558509485758,0.11456900645016627
5a89a59555429946c8d6e97e::working_set_pack_a,5a89a59555429946c8d6e97e,1.0,0.75,True,False,0.17395911669371694,0.051474590368669436
5a89a59555429946c8d6e97e::active_set_pack_a,5a89a59555429946c8d6e97e,1.0,1.0,True,False,0.17395911669371694,0.10119301249518325
5a89a59555429946c8d6e97e::working_set_pack_b,5a89a59555429946c8d6e97e,0.875,0.75,False,False,0.17395911669371694,0.04300131386502311
5a89a59555429946c8d6e97e::active_set_pack_b,5a89a59555429946c8d6e97e,1.0,0.625,True,False,0.17395911669371694,0.03536653957136744
5abe37295542993f32c2a090::working_set_pack_a,5abe37295542993f32c2a090,1.0,0.75,True,False,0.18257624999997837,0.05574501765589554
5abe37295542993f32c2a090::active_set_pack_a,5abe37295542993f32c2a090,1.0,0.75,True,False,0.18257624999997837,0.03601027911304151
5abe37295542993f32c2a090::working_set_pack_b,5abe37295542993f32c2a090,1.0,0.75,True,False,0.18257624999997837,0.055506183931320285
5abe37295542993f32c2a090::active_set_pack_b,5abe37295542993f32c2a090,1.0,0.625,True,False,0.18257624999997837,0.09690237766157753
5adf54605542993a75d264c6::working_set_pack_a,5adf54605542993a75d264c6,1.0,0.875,True,False,0.15484970797370384,0.08510670493303982
5adf54605542993a75d264c6::active_set_pack_a,5adf54605542993a75d264c6,1.0,1.0,True,True,0.15484970797370384,0.08469795257862132
5adf54605542993a75d264c6::working_set_pack_b,5adf54605542993a75d264c6,1.0,0.875,True,False,0.15484970797370384,0.08072104826075974
5adf54605542993a75d264c6::active_set_pack_b,5adf54605542993a75d264c6,1.0,1.0,True,True,0.15484970797370384,0.07289043722793893
5a7792435542995d831811e4::working_set_pack_a,5a7792435542995d831811e4,1.0,1.0,True,True,0.06750351110719235,0.044941629416708276
5a7792435542995d831811e4::active_set_pack_a,5a7792435542995d831811e4,1.0,1.0,True,True,0.06750351110719235,0.0306723784152612
5a7792435542995d831811e4::working_set_pack_b,5a7792435542995d831811e4,1.0,1.0,True,True,0.06750351110719235,0.03141434157979476
5a7792435542995d831811e4::active_set_pack_b,5a7792435542995d831811e4,1.0,1.0,True,True,0.06750351110719235,0.03667152396551053
5a8a481a55429930ff3c0d5a::working_set_pack_a,5a8a481a55429930ff3c0d5a,1.0,1.0,True,True,0.16639380110689145,0.04990713610625262
5a8a481a55429930ff3c0d5a::active_set_pack_a,5a8a481a55429930ff3c0d5a,1.0,1.0,True,True,0.16639380110689145,0.03867088064487585
5a8a481a55429930ff3c0d5a::working_set_pack_b,5a8a481a55429930ff3c0d5a,1.0,1.0,True,True,0.16639380110689145,0.06541103477789766
5a8a481a55429930ff3c0d5a::active_set_pack_b,5a8a481a55429930ff3c0d5a,1.0,1.0,True,True,0.16639380110689145,0.03781415486543076
5ac269a455429951e9e685aa::working_set_pack_a,5ac269a455429951e9e685aa,1.0,0.875,True,False,0.10125007142363783,0.056992176174962085
5ac269a455429951e9e685aa::active_set_pack_a,5ac269a455429951e9e685aa,1.0,1.0,True,True,0.10125007142363783,0.05659099736074548
5ac269a455429951e9e685aa::working_set_pack_b,5ac269a455429951e9e685aa,1.0,1.0,True,True,0.10125007142363783,0.07006379576801786
5ac269a455429951e9e685aa::active_set_pack_b,5ac269a455429951e9e685aa,1.0,1.0,True,True,0.10125007142363783,0.10020105631075563
5a7cd27e55429909bec76827::working_set_pack_a,5a7cd27e55429909bec76827,1.0,0.625,True,False,0.1463865649397399,0.0318662657683213
5a7cd27e55429909bec76827::active_set_pack_a,5a7cd27e55429909bec76827,1.0,0.875,True,False,0.1463865649397399,0.036294154978173565
5a7cd27e55429909bec76827::working_set_pack_b,5a7cd27e55429909bec76827,1.0,0.75,True,False,0.1463865649397399,0.031032398110768362
5a7cd27e55429909bec76827::active_set_pack_b,5a7cd27e55429909bec76827,1.0,0.625,True,False,0.1463865649397399,0.034865317151883915
5adbf5e255429947ff17386c::working_set_pack_a,5adbf5e255429947ff17386c,1.0,1.0,True,True,0.16397843691733263,0.05378416825638596
5adbf5e255429947ff17386c::active_set_pack_a,5adbf5e255429947ff17386c,1.0,1.0,True,True,0.16397843691733263,0.05952245950886056
5adbf5e255429947ff17386c::working_set_pack_b,5adbf5e255429947ff17386c,1.0,1.0,True,True,0.16397843691733263,0.04953414386938954
5adbf5e255429947ff17386c::active_set_pack_b,5adbf5e255429947ff17386c,1.0,1.0,True,True,0.16397843691733263,0.06747778031126352
5a764341554299109176e6e9::working_set_pack_a,5a764341554299109176e6e9,1.0,0.75,True,False,0.13786510061034762,0.09143487394489382
5a764341554299109176e6e9::active_set_pack_a,5a764341554299109176e6e9,1.0,0.75,True,False,0.13786510061034762,0.070277731366687
5a764341554299109176e6e9::working_set_pack_b,5a764341554299109176e6e9,1.0,0.875,True,False,0.13786510061034762,0.09869311750397658
5a764341554299109176e6e9::active_set_pack_b,5a764341554299109176e6e9,1.0,0.625,True,False,0.13786510061034762,0.0929189828310299
5a7ded525542990b8f503af2::working_set_pack_a,5a7ded525542990b8f503af2,1.0,1.0,True,True,0.15501087657838494,0.0625341270863698
5a7ded525542990b8f503af2::active_set_pack_a,5a7ded525542990b8f503af2,1.0,1.0,True,True,0.15501087657838494,0.054559231183666665
5a7ded525542990b8f503af2::working_set_pack_b,5a7ded525542990b8f503af2,1.0,1.0,True,True,0.15501087657838494,0.054930318971329974
5a7ded525542990b8f503af2::active_set_pack_b,5a7ded525542990b8f503af2,1.0,1.0,True,True,0.15501087657838494,0.056155295526046964
5ae3aebf5542992f92d8233d::working_set_pack_a,5ae3aebf5542992f92d8233d,1.0,1.0,True,True,0.08445098647443205,0.053328386369761
5ae3aebf5542992f92d8233d::active_set_pack_a,5ae3aebf5542992f92d8233d,1.0,1.0,True,True,0.08445098647443205,0.05806019383156569
5ae3aebf5542992f92d8233d::working_set_pack_b,5ae3aebf5542992f92d8233d,1.0,0.75,True,False,0.08445098647443205,0.05433605160661441
5ae3aebf5542992f92d8233d::active_set_pack_b,5ae3aebf5542992f92d8233d,1.0,0.875,True,False,0.08445098647443205,0.05796404388208781
5a7e15255542997cc2c4751d::working_set_pack_a,5a7e15255542997cc2c4751d,1.0,0.875,True,False,0.4129948843562147,0.046227330541579265
5a7e15255542997cc2c4751d::active_set_pack_a,5a7e15255542997cc2c4751d,1.0,1.0,True,True,0.4129948843562147,0.032179326422373276
5a7e15255542997cc2c4751d::working_set_pack_b,5a7e15255542997cc2c4751d,1.0,1.0,True,True,0.4129948843562147,0.03219681415436687
5a7e15255542997cc2c4751d::active_set_pack_b,5a7e15255542997cc2c4751d,1.0,1.0,True,True,0.4129948843562147,0.038119161928484066
5a8a07475542992e4fca84dc::working_set_pack_a,5a8a07475542992e4fca84dc,1.0,1.0,True,True,0.031246963061219928,0.0
5a8a07475542992e4fca84dc::active_set_pack_a,5a8a07475542992e4fca84dc,1.0,0.875,True,False,0.031246963061219928,0.0
5a8a07475542992e4fca84dc::working_set_pack_b,5a8a07475542992e4fca84dc,1.0,0.625,True,False,0.031246963061219928,0.0
5a8a07475542992e4fca84dc::active_set_pack_b,5a8a07475542992e4fca84dc,1.0,0.75,True,False,0.031246963061219928,0.0
5a7fea955542994857a7684a::working_set_pack_a,5a7fea955542994857a7684a,1.0,1.0,True,True,0.16801498477691484,0.06294047575212747
5a7fea955542994857a7684a::active_set_pack_a,5a7fea955542994857a7684a,1.0,1.0,True,True,0.16801498477691484,0.07947305130293594
5a7fea955542994857a7684a::working_set_pack_b,5a7fea955542994857a7684a,1.0,1.0,True,True,0.16801498477691484,0.04861800288583103
5a7fea955542994857a7684a::active_set_pack_b,5a7fea955542994857a7684a,1.0,1.0,True,True,0.16801498477691484,0.09101023777757133
5ab98b2d554299131ca4236e::working_set_pack_a,5ab98b2d554299131ca4236e,0.875,0.75,False,False,0.3062856975675783,0.034716836861851674
5ab98b2d554299131ca4236e::active_set_pack_a,5ab98b2d554299131ca4236e,1.0,0.75,True,False,0.3062856975675783,0.03367800439088687
5ab98b2d554299131ca4236e::working_set_pack_b,5ab98b2d554299131ca4236e,1.0,0.5,True,False,0.3062856975675783,0.031711775605458146
5ab98b2d554299131ca4236e::active_set_pack_b,5ab98b2d554299131ca4236e,1.0,0.625,True,False,0.3062856975675783,0.03845377072381131
5ae717ec5542995703ce8bd0::working_set_pack_a,5ae717ec5542995703ce8bd0,1.0,0.875,True,False,0.4406693124460518,0.03573385821867686
5ae717ec5542995703ce8bd0::active_set_pack_a,5ae717ec5542995703ce8bd0,1.0,1.0,True,True,0.4406693124460518,0.040188776256037964
5ae717ec5542995703ce8bd0::working_set_pack_b,5ae717ec5542995703ce8bd0,1.0,1.0,True,True,0.4406693124460518,0.03840462206180074
5ae717ec5542995703ce8bd0::active_set_pack_b,5ae717ec5542995703ce8bd0,1.0,1.0,True,True,0.4406693124460518,0.04217086106960402
5a7b5e55554299042af8f755::working_set_pack_a,5a7b5e55554299042af8f755,1.0,1.0,True,True,0.16831061979015324,0.03988887135584371
5a7b5e55554299042af8f755::active_set_pack_a,5a7b5e55554299042af8f755,1.0,1.0,True,True,0.16831061979015324,0.03896886996958604
5a7b5e55554299042af8f755::working_set_pack_b,5a7b5e55554299042af8f755,1.0,1.0,True,True,0.16831061979015324,0.03614454582339606
5a7b5e55554299042af8f755::active_set_pack_b,5a7b5e55554299042af8f755,1.0,0.75,True,False,0.16831061979015324,0.03895410471476664
5a7b96cf554299042af8f789::working_set_pack_a,5a7b96cf554299042af8f789,1.0,1.0,True,True,0.1606530871730572,0.05310634189938468
5a7b96cf554299042af8f789::active_set_pack_a,5a7b96cf554299042af8f789,1.0,1.0,True,True,0.1606530871730572,0.050952391451944114
5a7b96cf554299042af8f789::working_set_pack_b,5a7b96cf554299042af8f789,1.0,1.0,True,True,0.1606530871730572,0.05849775233561097
5a7b96cf554299042af8f789::active_set_pack_b,5a7b96cf554299042af8f789,1.0,1.0,True,True,0.1606530871730572,0.05029280623176262
5adca6c05542994d58a2f696::working_set_pack_a,5adca6c05542994d58a2f696,1.0,0.75,True,False,0.061198393148260546,0.03439082357965375
5adca6c05542994d58a2f696::active_set_pack_a,5adca6c05542994d58a2f696,1.0,0.625,True,False,0.061198393148260546,0.03739881275455387
5adca6c05542994d58a2f696::working_set_pack_b,5adca6c05542994d58a2f696,1.0,0.625,True,False,0.061198393148260546,0.044895399412219476
5adca6c05542994d58a2f696::active_set_pack_b,5adca6c05542994d58a2f696,1.0,0.625,True,False,0.061198393148260546,0.04128335458433337
5ab2a4165542992953946786::working_set_pack_a,5ab2a4165542992953946786,0.875,0.75,False,False,0.06177897373126913,0.038247403023641255
5ab2a4165542992953946786::active_set_pack_a,5ab2a4165542992953946786,1.0,0.875,True,False,0.06177897373126913,0.03646671057713516
5ab2a4165542992953946786::working_set_pack_b,5ab2a4165542992953946786,0.875,0.5,False,False,0.06177897373126913,0.02689488564829223
5ab2a4165542992953946786::active_set_pack_b,5ab2a4165542992953946786,1.0,0.5,True,False,0.06177897373126913,0.034250058663252335
5ae092fe554299603e418427::working_set_pack_a,5ae092fe554299603e418427,1.0,1.0,True,True,0.16292311401244403,0.021911401577011887
5ae092fe554299603e418427::active_set_pack_a,5ae092fe554299603e418427,1.0,1.0,True,True,0.16292311401244403,0.018278554693627644
5ae092fe554299603e418427::working_set_pack_b,5ae092fe554299603e418427,1.0,1.0,True,True,0.16292311401244403,0.02705401289336716
5ae092fe554299603e418427::active_set_pack_b,5ae092fe554299603e418427,1.0,1.0,True,True,0.16292311401244403,0.03497965385595667
5ac16fca5542994ab5c67d32::working_set_pack_a,5ac16fca5542994ab5c67d32,1.0,0.75,True,False,0.2249694704525895,0.07835498362406763
5ac16fca5542994ab5c67d32::active_set_pack_a,5ac16fca5542994ab5c67d32,1.0,0.75,True,False,0.2249694704525895,0.061751694948096694
5ac16fca5542994ab5c67d32::working_set_pack_b,5ac16fca5542994ab5c67d32,1.0,1.0,True,True,0.2249694704525895,0.07703262378818534
5ac16fca5542994ab5c67d32::active_set_pack_b,5ac16fca5542994ab5c67d32,1.0,1.0,True,True,0.2249694704525895,0.056996204915902474
5ab29b23554299706120966c::working_set_pack_a,5ab29b23554299706120966c,1.0,1.0,True,True,0.31774205710685,0.10305370706021069
5ab29b23554299706120966c::active_set_pack_a,5ab29b23554299706120966c,1.0,1.0,True,True,0.31774205710685,0.1304890814955152
5ab29b23554299706120966c::working_set_pack_b,5ab29b23554299706120966c,1.0,1.0,True,True,0.31774205710685,0.1389571299948556
5ab29b23554299706120966c::active_set_pack_b,5ab29b23554299706120966c,1.0,1.0,True,True,0.31774205710685,0.09647363220780111
5a8019cb5542992bc0c4a6a6::working_set_pack_a,5a8019cb5542992bc0c4a6a6,1.0,1.0,True,True,0.33368159819971666,0.042389090010390665
5a8019cb5542992bc0c4a6a6::active_set_pack_a,5a8019cb5542992bc0c4a6a6,1.0,1.0,True,True,0.33368159819971666,0.049532511716390726
5a8019cb5542992bc0c4a6a6::working_set_pack_b,5a8019cb5542992bc0c4a6a6,1.0,1.0,True,True,0.33368159819971666,0.05168253598298446
5a8019cb5542992bc0c4a6a6::active_set_pack_b,5a8019cb5542992bc0c4a6a6,1.0,1.0,True,True,0.33368159819971666,0.053405560750560736
5a81f60e55429903bc27ba09::working_set_pack_a,5a81f60e55429903bc27ba09,1.0,1.0,True,True,0.37903339944871983,0.03349141725587747
5a81f60e55429903bc27ba09::active_set_pack_a,5a81f60e55429903bc27ba09,1.0,1.0,True,True,0.37903339944871983,0.031842151483118315
5a81f60e55429903bc27ba09::working_set_pack_b,5a81f60e55429903bc27ba09,1.0,1.0,True,True,0.37903339944871983,0.03159014586674368
5a81f60e55429903bc27ba09::active_set_pack_b,5a81f60e55429903bc27ba09,1.0,0.875,True,False,0.37903339944871983,0.033009795977447846
5a734c425542994cef4bc514::working_set_pack_a,5a734c425542994cef4bc514,1.0,1.0,True,True,0.09015286494887426,0.04733182782386874
5a734c425542994cef4bc514::active_set_pack_a,5a734c425542994cef4bc514,1.0,1.0,True,True,0.09015286494887426,0.05849051646168321
5a734c425542994cef4bc514::working_set_pack_b,5a734c425542994cef4bc514,1.0,1.0,True,True,0.09015286494887426,0.04709878966360642
5a734c425542994cef4bc514::active_set_pack_b,5a734c425542994cef4bc514,1.0,1.0,True,True,0.09015286494887426,0.04674165265256267
5a7724de5542993569682cf9::working_set_pack_a,5a7724de5542993569682cf9,1.0,0.875,True,False,0.16870873257408422,0.04058718891028847
5a7724de5542993569682cf9::active_set_pack_a,5a7724de5542993569682cf9,1.0,0.875,True,False,0.16870873257408422,0.039330177810524475
5a7724de5542993569682cf9::working_set_pack_b,5a7724de5542993569682cf9,1.0,1.0,True,True,0.16870873257408422,0.04263039812194151
5a7724de5542993569682cf9::active_set_pack_b,5a7724de5542993569682cf9,1.0,1.0,True,True,0.16870873257408422,0.0496270215912437
5ae25ac85542996483e64983::working_set_pack_a,5ae25ac85542996483e64983,0.875,0.875,False,False,0.5249177389923576,0.09039357214678426
5ae25ac85542996483e64983::active_set_pack_a,5ae25ac85542996483e64983,1.0,0.75,True,False,0.5249177389923576,0.07499800793936812
5ae25ac85542996483e64983::working_set_pack_b,5ae25ac85542996483e64983,1.0,0.875,True,False,0.5249177389923576,0.07364275057402409
5ae25ac85542996483e64983::active_set_pack_b,5ae25ac85542996483e64983,1.0,0.625,True,False,0.5249177389923576,0.10291821009932987
5a747efc55429929fddd8455::working_set_pack_a,5a747efc55429929fddd8455,1.0,1.0,True,True,0.10883747617670145,0.0
5a747efc55429929fddd8455::active_set_pack_a,5a747efc55429929fddd8455,1.0,1.0,True,True,0.10883747617670145,0.06599593555814355
5a747efc55429929fddd8455::working_set_pack_b,5a747efc55429929fddd8455,1.0,0.75,True,False,0.10883747617670145,0.06164916278504966
5a747efc55429929fddd8455::active_set_pack_b,5a747efc55429929fddd8455,1.0,1.0,True,True,0.10883747617670145,0.0
5ae7c7355542993210983f46::working_set_pack_a,5ae7c7355542993210983f46,1.0,1.0,True,True,0.06551509507803527,0.021015049534681318
5ae7c7355542993210983f46::active_set_pack_a,5ae7c7355542993210983f46,0.875,0.875,False,False,0.06551509507803527,0.02547609614994046
5ae7c7355542993210983f46::working_set_pack_b,5ae7c7355542993210983f46,1.0,0.875,True,False,0.06551509507803527,0.025290826771203395
5ae7c7355542993210983f46::active_set_pack_b,5ae7c7355542993210983f46,1.0,0.75,True,False,0.06551509507803527,0.021851562143994075
5adccebc5542992c1e3a240d::working_set_pack_a,5adccebc5542992c1e3a240d,1.0,0.5,True,False,0.1984565795999223,0.03718800005860837
5adccebc5542992c1e3a240d::active_set_pack_a,5adccebc5542992c1e3a240d,1.0,0.5,True,False,0.1984565795999223,0.036700023179855615
5adccebc5542992c1e3a240d::working_set_pack_b,5adccebc5542992c1e3a240d,0.875,0.625,False,False,0.1984565795999223,0.03133022866996116
5adccebc5542992c1e3a240d::active_set_pack_b,5adccebc5542992c1e3a240d,1.0,0.5,True,False,0.1984565795999223,0.04065039572867829
5a734fb35542992359bc32f7::working_set_pack_a,5a734fb35542992359bc32f7,1.0,1.0,True,True,0.3034521256643491,0.043954918188264525
5a734fb35542992359bc32f7::active_set_pack_a,5a734fb35542992359bc32f7,1.0,1.0,True,True,0.3034521256643491,0.052947127319181136
5a734fb35542992359bc32f7::working_set_pack_b,5a734fb35542992359bc32f7,1.0,1.0,True,True,0.3034521256643491,0.03789117318691463
5a734fb35542992359bc32f7::active_set_pack_b,5a734fb35542992359bc32f7,1.0,1.0,True,True,0.3034521256643491,0.04575946965986614
5ae140415542997b2ef7d179::working_set_pack_a,5ae140415542997b2ef7d179,1.0,1.0,True,True,0.2204637198299239,0.07228014121632473
5ae140415542997b2ef7d179::active_set_pack_a,5ae140415542997b2ef7d179,1.0,1.0,True,True,0.2204637198299239,0.05073220722564329
5ae140415542997b2ef7d179::working_set_pack_b,5ae140415542997b2ef7d179,1.0,1.0,True,True,0.2204637198299239,0.04754256391256057
5ae140415542997b2ef7d179::active_set_pack_b,5ae140415542997b2ef7d179,1.0,1.0,True,True,0.2204637198299239,0.04415458648551096
5ae3e5f55542996836b02beb::working_set_pack_a,5ae3e5f55542996836b02beb,1.0,0.875,True,False,0.4482078289667894,0.08323111865387103
5ae3e5f55542996836b02beb::active_set_pack_a,5ae3e5f55542996836b02beb,1.0,0.75,True,False,0.4482078289667894,0.09661921092196847
5ae3e5f55542996836b02beb::working_set_pack_b,5ae3e5f55542996836b02beb,1.0,0.75,True,False,0.4482078289667894,0.1628652304595186
5ae3e5f55542996836b02beb::active_set_pack_b,5ae3e5f55542996836b02beb,1.0,0.875,True,False,0.4482078289667894,0.10128423957335261
5a8f612b5542992414482a99::working_set_pack_a,5a8f612b5542992414482a99,1.0,1.0,True,True,0.2654872577847744,0.053845147194989534
5a8f612b5542992414482a99::active_set_pack_a,5a8f612b5542992414482a99,1.0,0.875,True,False,0.2654872577847744,0.04772816099894099
5a8f612b5542992414482a99::working_set_pack_b,5a8f612b5542992414482a99,1.0,1.0,True,True,0.2654872577847744,0.07412922684918319
5a8f612b5542992414482a99::active_set_pack_b,5a8f612b5542992414482a99,1.0,1.0,True,True,0.2654872577847744,0.04833289149576192
5ae3e6f85542996836b02bee::working_set_pack_a,5ae3e6f85542996836b02bee,1.0,1.0,True,True,0.30663709016723323,0.06555006779760963
5ae3e6f85542996836b02bee::active_set_pack_a,5ae3e6f85542996836b02bee,1.0,1.0,True,True,0.30663709016723323,0.0696137413989199
5ae3e6f85542996836b02bee::working_set_pack_b,5ae3e6f85542996836b02bee,1.0,1.0,True,True,0.30663709016723323,0.059844089484293546
5ae3e6f85542996836b02bee::active_set_pack_b,5ae3e6f85542996836b02bee,1.0,0.875,True,False,0.30663709016723323,0.05915589283898719
5adef2be5542993a75d263b1::working_set_pack_a,5adef2be5542993a75d263b1,1.0,1.0,True,True,0.2077985878815539,0.03957247352357188
5adef2be5542993a75d263b1::active_set_pack_a,5adef2be5542993a75d263b1,1.0,1.0,True,True,0.2077985878815539,0.05023304147264026
5adef2be5542993a75d263b1::working_set_pack_b,5adef2be5542993a75d263b1,1.0,1.0,True,True,0.2077985878815539,0.07014522945736751
5adef2be5542993a75d263b1::active_set_pack_b,5adef2be5542993a75d263b1,1.0,1.0,True,True,0.2077985878815539,0.06078488476589476
5ae3e1815542992e3233c49f::working_set_pack_a,5ae3e1815542992e3233c49f,1.0,1.0,True,True,0.12102230258419482,0.0874966095802813
5ae3e1815542992e3233c49f::active_set_pack_a,5ae3e1815542992e3233c49f,1.0,1.0,True,True,0.12102230258419482,0.10374139454320297
5ae3e1815542992e3233c49f::working_set_pack_b,5ae3e1815542992e3233c49f,0.875,0.75,False,False,0.12102230258419482,0.0879114193538615
5ae3e1815542992e3233c49f::active_set_pack_b,5ae3e1815542992e3233c49f,0.75,0.625,False,False,0.12102230258419482,0.08820126141166465
5ac25b125542992f1f2b3872::working_set_pack_a,5ac25b125542992f1f2b3872,1.0,0.875,True,False,0.3515434135502995,0.043275450595442536
5ac25b125542992f1f2b3872::active_set_pack_a,5ac25b125542992f1f2b3872,1.0,0.75,True,False,0.3515434135502995,0.0451015598710172
5ac25b125542992f1f2b3872::working_set_pack_b,5ac25b125542992f1f2b3872,1.0,0.75,True,False,0.3515434135502995,0.042485117078888766
5ac25b125542992f1f2b3872::active_set_pack_b,5ac25b125542992f1f2b3872,1.0,0.875,True,False,0.3515434135502995,0.03867239149843252
5a80c65f55429938b61421d4::working_set_pack_a,5a80c65f55429938b61421d4,1.0,1.0,True,True,0.37592641115745734,0.044082381049555794
5a80c65f55429938b61421d4::active_set_pack_a,5a80c65f55429938b61421d4,1.0,1.0,True,True,0.37592641115745734,0.04961304981971322
5a80c65f55429938b61421d4::working_set_pack_b,5a80c65f55429938b61421d4,1.0,1.0,True,True,0.37592641115745734,0.048984035023358574
5a80c65f55429938b61421d4::active_set_pack_b,5a80c65f55429938b61421d4,1.0,1.0,True,True,0.37592641115745734,0.04504196168423397
5a813d4a554299260e20a277::working_set_pack_a,5a813d4a554299260e20a277,0.875,0.75,False,False,0.135446510155295,0.03699635815999967
5a813d4a554299260e20a277::active_set_pack_a,5a813d4a554299260e20a277,0.875,0.75,False,False,0.135446510155295,0.042923113386918635
5a813d4a554299260e20a277::working_set_pack_b,5a813d4a554299260e20a277,1.0,0.875,True,False,0.135446510155295,0.04632275693402312
5a813d4a554299260e20a277::active_set_pack_b,5a813d4a554299260e20a277,1.0,0.625,True,False,0.135446510155295,0.04349662418947763
