prompt_id,example_id,labels_present,is_gold,gold_oriented_scores,h1_oriented_scores,raw_scores,gold_sign,h1_sign,model_correct,model_preds,gold_labels
5a8b57f25542995d1e6f1371::working_set_pack_a,5a8b57f25542995d1e6f1371,"['A', 'B', 'C', 'D', 'E', 'F']","[0, 0, 0, 1, 0, 1]","[-7.074894428253174, -7.367486476898193, -7.814496994018555, 37.89939880371094, -7.6159796714782715, -8.02655029296875]","[-7.074894428253174, -7.367486476898193, -7.814496994018555, 37.89939880371094, -7.6159796714782715, -8.02655029296875]","[7.074894428253174, 7.367486476898193, 7.814496994018555, -37.89939880371094, 7.6159796714782715, 8.02655029296875]",-1,-1,True,"['D', 'F']","['D', 'F']"
5a8b57f25542995d1e6f1371::active_set_pack_a,5a8b57f25542995d1e6f1371,"['A', 'B', 'C', 'D', 'E', 'F']","[0, 0, 0, 1, 0, 1]","[-7.522830009460449, -7.786914348602295, -8.222811698913574, 39.80685806274414, -8.039539337158203, -8.234774589538574]","[-7.522830009460449, -7.786914348602295, -8.222811698913574, 39.80685806274414, -8.039539337158203, -8.234774589538574]","[7.522830009460449, 7.786914348602295, 8.222811698913574, -39.80685806274414, 8.039539337158203, 8.234774589538574]",-1,-1,True,"['D', 'F']","['D', 'F']"
5a8b57f25542995d1e6f1371::working_set_pack_b,5a8b57f25542995d1e6f1371,"['A', 'B', 'C', 'D', 'E', 'F']","[0, 0, 0, 1, 0, 1]","[-6.226006507873535, -6.603636741638184, -7.316713333129883, 35.56937026977539, -6.8555521965026855, -8.567471504211426]","[-6.226006507873535, -6.603636741638184, -7.316713333129883, 35.56937026977539, -6.8555521965026855, -8.567471504211426]","[6.226006507873535, 6.603636741638184, 7.316713333129883, -35.56937026977539, 6.8555521965026855, 8.567471504211426]",-1,-1,True,"['D', 'F']","['D', 'F']"
5a8b57f25542995d1e6f1371::active_set_pack_b,5a8b57f25542995d1e6f1371,"['A', 'B', 'C', 'D', 'E', 'F']","[0, 0, 0, 1, 0, 1]","[-6.3491716384887695, -6.415897369384766, -7.658806800842285, 35.781715393066406, -8.319425582885742, -7.038419246673584]","[-6.3491716384887695, -6.415897369384766, -7.658806800842285, 35.781715393066406, -8.319425582885742, -7.038419246673584]","[6.3491716384887695, 6.415897369384766, 7.658806800842285, -35.781715393066406, 8.319425582885742, 7.038419246673584]",-1,-1,True,"['D', 'F']","['D', 'F']"
5adbf0a255429947ff17385a::working_set_pack_a,5adbf0a255429947ff17385a,"['A', 'B', 'C', 'D', 'E', 'F']","[1, 0, 0, 0, 0, 1]","[20.301406860351562, -3.4548113346099854, -3.998091697692871, -3.946702241897583, -4.187690258026123, -4.714117527008057]","[20.301406860351562, -3.4548113346099854, -3.998091697692871, -3.946702241897583, -4.187690258026123, -4.714117527008057]","[-20.301406860351562, 3.4548113346099854, 3.998091697692871, 3.946702241897583, 4.187690258026123, 4.714117527008057]",-1,-1,True,"['A', 'F']","['A', 'F']"
5adbf0a255429947ff17385a::active_set_pack_a,5adbf0a255429947ff17385a,"['A', 'B', 'C', 'D', 'E', 'F']","[1, 0, 0, 0, 0, 1]","[19.780916213989258, -3.04087495803833, -3.4967925548553467, -3.477072238922119, -4.4070024490356445, -5.35917329788208]","[19.780916213989258, -3.04087495803833, -3.4967925548553467, -3.477072238922119, -4.4070024490356445, -5.35917329788208]","[-19.780916213989258, 3.04087495803833, 3.4967925548553467, 3.477072238922119, 4.4070024490356445, 5.35917329788208]",-1,-1,True,"['A', 'F']","['A', 'F']"
5adbf0a255429947ff17385a::working_set_pack_b,5adbf0a255429947ff17385a,"['A', 'B', 'C', 'D', 'E', 'F']","[1, 0, 0, 0, 0, 1]","[20.456296920776367, -3.67840576171875, -4.143701553344727, -4.092094421386719, -4.6536946296691895, -3.888395309448242]","[20.456296920776367, -3.67840576171875, -4.143701553344727, -4.092094421386719, -4.6536946296691895, -3.888395309448242]","[-20.456296920776367, 3.67840576171875, 4.143701553344727, 4.092094421386719, 4.6536946296691895, 3.888395309448242]",-1,-1,True,"['A', 'F']","['A', 'F']"
5adbf0a255429947ff17385a::active_set_pack_b,5adbf0a255429947ff17385a,"['A', 'B', 'C', 'D', 'E', 'F']","[1, 0, 0, 0, 0, 1]","[17.082321166992188, -3.7790513038635254, -3.7631988525390625, -3.9111177921295166, -4.235485076904297, -1.3934571743011475]","[17.082321166992188, -3.7790513038635254, -3.7631988525390625, -3.9111177921295166, -4.235485076904297, -1.3934571743011475]","[-17.082321166992188, 3.7790513038635254, 3.7631988525390625, 3.9111177921295166, 4.235485076904297, 1.3934571743011475]",-1,-1,True,"['A', 'F']","['A', 'F']"
5a8e3ea95542995a26add48d::working_set_pack_a,5a8e3ea95542995a26add48d,"['A', 'B', 'C', 'D', 'E', 'F']","[0, 1, 0, 0, 0, 1]","[-10.31646728515625, -11.054308891296387, -10.534489631652832, -10.496850967407227, -10.751693725585938, 53.153804779052734]","[-10.31646728515625, -11.054308891296387, -10.534489631652832, -10.496850967407227, -10.751693725585938, 53.153804779052734]","[10.31646728515625, 11.054308891296387, 10.534489631652832, 10.496850967407227, 10.751693725585938, -53.153804779052734]",-1,-1,True,"['B', 'F']","['B', 'F']"
5a8e3ea95542995a26add48d::active_set_pack_a,5a8e3ea95542995a26add48d,"['A', 'B', 'C', 'D', 'E', 'F']","[0, 1, 0, 0, 0, 1]","[-11.424736022949219, -11.85084056854248, -11.327414512634277, -11.620186805725098, -10.716925621032715, 56.94011306762695]","[-11.424736022949219, -11.85084056854248, -11.327414512634277, -11.620186805725098, -10.716925621032715, 56.94011306762695]","[11.424736022949219, 11.85084056854248, 11.327414512634277, 11.620186805725098, 10.716925621032715, -56.94011306762695]",-1,-1,True,"['B', 'F']","['B', 'F']"
5a8e3ea95542995a26add48d::working_set_pack_b,5a8e3ea95542995a26add48d,"['A', 'B', 'C', 'D', 'E', 'F']","[0, 1, 0, 0, 0, 1]","[-6.952392578125, -8.025238037109375, -7.366648197174072, -7.110782146453857, -7.335116386413574, 36.79018020629883]","[-6.952392578125, -8.025238037109375, -7.366648197174072, -7.110782146453857, -7.335116386413574, 36.79018020629883]","[6.952392578125, 8.025238037109375, 7.366648197174072, 7.110782146453857, 7.335116386413574, -36.79018020629883]",-1,-1,True,"['B', 'F']","['B', 'F']"
5a8e3ea95542995a26add48d::active_set_pack_b,5a8e3ea95542995a26add48d,"['A', 'B', 'C', 'D', 'E', 'F']","[0, 1, 0, 0, 0, 1]","[-6.666170597076416, -8.454522132873535, -7.310792446136475, -6.934083461761475, -7.069890022277832, 36.43546676635742]","[-6.666170597076416, -8.454522132873535, -7.310792446136475, -6.934083461761475, -7.069890022277832, 36.43546676635742]","[6.666170597076416, 8.454522132873535, 7.310792446136475, 6.934083461761475, 7.069890022277832, -36.43546676635742]",-1,-1,True,"['B', 'F']","['B', 'F']"
5abd94525542992ac4f382d2::working_set_pack_a,5abd94525542992ac4f382d2,"['A', 'B', 'C', 'D', 'E', 'F']","[1, 0, 0, 0, 1, 0]","[-11.619475364685059, -11.868012428283691, -10.996953964233398, -11.037620544433594, 57.84947204589844, -12.327402114868164]","[-11.619475364685059, -11.868012428283691, -10.996953964233398, -11.037620544433594, 57.84947204589844, -12.327402114868164]","[11.619475364685059, 11.868012428283691, 10.996953964233398, 11.037620544433594, -57.84947204589844, 12.327402114868164]",-1,-1,True,"['A', 'E']","['A', 'E']"
5abd94525542992ac4f382d2::active_set_pack_a,5abd94525542992ac4f382d2,"['A', 'B', 'C', 'D', 'E', 'F']","[1, 0, 0, 0, 1, 0]","[-11.15296745300293, -11.548863410949707, -10.461844444274902, -10.657886505126953, 56.220638275146484, -12.399062156677246]","[-11.15296745300293, -11.548863410949707, -10.461844444274902, -10.657886505126953, 56.220638275146484, -12.399062156677246]","[11.15296745300293, 11.548863410949707, 10.461844444274902, 10.657886505126953, -56.220638275146484, 12.399062156677246]",-1,-1,True,"['A', 'E']","['A', 'E']"
5abd94525542992ac4f382d2::working_set_pack_b,5abd94525542992ac4f382d2,"['A', 'B', 'C', 'D', 'E', 'F']","[1, 0, 0, 0, 1, 0]","[-8.298213005065918, -8.340896606445312, -7.682572841644287, -7.847554683685303, 41.55715560913086, -9.387909889221191]","[-8.298213005065918, -8.340896606445312, -7.682572841644287, -7.847554683685303, 41.55715560913086, -9.387909889221191]","[8.298213005065918, 8.340896606445312, 7.682572841644287, 7.847554683685303, -41.55715560913086, 9.387909889221191]",-1,-1,True,"['A', 'E']","['A', 'E']"
5abd94525542992ac4f382d2::active_set_pack_b,5abd94525542992ac4f382d2,"['A', 'B', 'C', 'D', 'E', 'F']","[1, 0, 0, 0, 1, 0]","[-9.845719337463379, -9.953784942626953, -9.223179817199707, -9.463448524475098, 49.98331069946289, -11.49716854095459]","[-9.845719337463379, -9.953784942626953, -9.223179817199707, -9.463448524475098, 49.98331069946289, -11.49716854095459]","[9.845719337463379, 9.953784942626953, 9.223179817199707, 9.463448524475098, -49.98331069946289, 11.49716854095459]",-1,-1,True,"['A', 'E']","['A', 'E']"
5a85b2d95542997b5ce40028::working_set_pack_a,5a85b2d95542997b5ce40028,"['A', 'B', 'C', 'D', 'E', 'F']","[0, 0, 0, 0, 1, 1]","[-7.0411057472229, -7.11170768737793, -7.3524627685546875, -7.646550178527832, -7.724156856536865, 36.8759880065918]","[-7.0411057472229, -7.11170768737793, -7.3524627685546875, -7.646550178527832, -7.724156856536865, 36.8759880065918]","[7.0411057472229, 7.11170768737793, 7.3524627685546875, 7.646550178527832, 7.724156856536865, -36.8759880065918]",-1,-1,True,"['E', 'F']","['E', 'F']"
5a85b2d95542997b5ce40028::active_set_pack_a,5a85b2d95542997b5ce40028,"['A', 'B', 'C', 'D', 'E', 'F']","[0, 0, 0, 0, 1, 1]","[-6.695173263549805, -6.746714115142822, -7.098474979400635, -7.3427653312683105, -7.290828227996826, 35.17395782470703]","[-6.695173263549805, -6.746714115142822, -7.098474979400635, -7.3427653312683105, -7.290828227996826, 35.17395782470703]","[6.695173263549805, 6.746714115142822, 7.098474979400635, 7.3427653312683105, 7.290828227996826, -35.17395782470703]",-1,-1,True,"['E', 'F']","['E', 'F']"
5a85b2d95542997b5ce40028::working_set_pack_b,5a85b2d95542997b5ce40028,"['A', 'B', 'C', 'D', 'E', 'F']","[0, 0, 0, 0, 1, 1]","[-6.086400032043457, -6.468479633331299, -7.169365406036377, -6.270198345184326, -6.766482353210449, 32.76092529296875]","[-6.086400032043457, -6.468479633331299, -7.169365406036377, -6.270198345184326, -6.766482353210449, 32.76092529296875]","[6.086400032043457, 6.468479633331299, 7.169365406036377, 6.270198345184326, 6.766482353210449, -32.76092529296875]",-1,-1,True,"['E', 'F']","['E', 'F']"
5a85b2d95542997b5ce40028::active_set_pack_b,5a85b2d95542997b5ce40028,"['A', 'B', 'C', 'D', 'E', 'F']","[0, 0, 0, 0, 1, 1]","[-7.138779640197754, -7.244570732116699, -8.116612434387207, -7.947865962982178, -7.560110092163086, 38.0079345703125]","[-7.138779640197754, -7.244570732116699, -8.116612434387207, -7.947865962982178, -7.560110092163086, 38.0079345703125]","[7.138779640197754, 7.244570732116699, 8.116612434387207, 7.947865962982178, 7.560110092163086, -38.0079345703125]",-1,-1,True,"['E', 'F']","['E', 'F']"
5a87ab905542996e4f3088c1::working_set_pack_a,5a87ab905542996e4f3088c1,"['A', 'B', 'C', 'D', 'E', 'F']","[0, 0, 0, 0, 1, 1]","[-2.5789735317230225, -2.6984670162200928, -3.362138032913208, -3.515622615814209, 35.60735321044922, -23.452163696289062]","[-2.5789735317230225, -2.6984670162200928, -3.362138032913208, -3.515622615814209, 35.60735321044922, -23.452163696289062]","[2.5789735317230225, 2.6984670162200928, 3.362138032913208, 3.515622615814209, -35.60735321044922, 23.452163696289062]",-1,-1,True,"['E', 'F']","['E', 'F']"
5a87ab905542996e4f3088c1::active_set_pack_a,5a87ab905542996e4f3088c1,"['A', 'B', 'C', 'D', 'E', 'F']","[0, 0, 0, 0, 1, 1]","[-8.054508209228516, -8.142288208007812, -8.197484970092773, -8.232117652893066, -10.891289710998535, 43.517696380615234]","[-8.054508209228516, -8.142288208007812, -8.197484970092773, -8.232117652893066, -10.891289710998535, 43.517696380615234]","[8.054508209228516, 8.142288208007812, 8.197484970092773, 8.232117652893066, 10.891289710998535, -43.517696380615234]",-1,-1,True,"['E', 'F']","['E', 'F']"
5a87ab905542996e4f3088c1::working_set_pack_b,5a87ab905542996e4f3088c1,"['A', 'B', 'C', 'D', 'E', 'F']","[0, 0, 0, 0, 1, 1]","[-7.194063186645508, -7.525674819946289, -7.496201038360596, -7.427551746368408, -10.223112106323242, 39.86660385131836]","[-7.194063186645508, -7.525674819946289, -7.496201038360596, -7.427551746368408, -10.223112106323242, 39.86660385131836]","[7.194063186645508, 7.525674819946289, 7.496201038360596, 7.427551746368408, 10.223112106323242, -39.86660385131836]",-1,-1,True,"['E', 'F']","['E', 'F']"
5a87ab905542996e4f3088c1::active_set_pack_b,5a87ab905542996e4f3088c1,"['A', 'B', 'C', 'D', 'E', 'F']","[0, 0, 0, 0, 1, 1]","[-1.1177921295166016, -1.1198540925979614, -0.4279525876045227, -1.8651567697525024, 30.957164764404297, -26.426414489746094]","[-1.1177921295166016, -1.1198540925979614, -0.4279525876045227, -1.8651567697525024, 30.957164764404297, -26.426414489746094]","[1.1177921295166016, 1.1198540925979614, 0.4279525876045227, 1.8651567697525024, -30.957164764404297, 26.426414489746094]",-1,-1,True,"['E', 'F']","['E', 'F']"
5a8db19d5542994ba4e3dd00::working_set_pack_a,5a8db19d5542994ba4e3dd00,"['A', 'B', 'C', 'D', 'E', 'F']","[1, 0, 0, 1, 0, 0]","[-5.331374168395996, -5.4723615646362305, -5.247465133666992, 26.309345245361328, -5.2379045486450195, -5.020233631134033]","[-5.331374168395996, -5.4723615646362305, -5.247465133666992, 26.309345245361328, -5.2379045486450195, -5.020233631134033]","[5.331374168395996, 5.4723615646362305, 5.247465133666992, -26.309345245361328, 5.2379045486450195, 5.020233631134033]",-1,-1,True,"['A', 'D']","['A', 'D']"
5a8db19d5542994ba4e3dd00::active_set_pack_a,5a8db19d5542994ba4e3dd00,"['A', 'B', 'C', 'D', 'E', 'F']","[1, 0, 0, 1, 0, 0]","[-6.314342975616455, -6.45088005065918, -6.225545406341553, 31.312862396240234, -6.244141578674316, -6.077956676483154]","[-6.314342975616455, -6.45088005065918, -6.225545406341553, 31.312862396240234, -6.244141578674316, -6.077956676483154]","[6.314342975616455, 6.45088005065918, 6.225545406341553, -31.312862396240234, 6.244141578674316, 6.077956676483154]",-1,-1,True,"['A', 'D']","['A', 'D']"
5a8db19d5542994ba4e3dd00::working_set_pack_b,5a8db19d5542994ba4e3dd00,"['A', 'B', 'C', 'D', 'E', 'F']","[1, 0, 0, 1, 0, 0]","[-9.454331398010254, -10.006489753723145, -9.322343826293945, 47.23196029663086, -9.445125579833984, -9.003676414489746]","[-9.454331398010254, -10.006489753723145, -9.322343826293945, 47.23196029663086, -9.445125579833984, -9.003676414489746]","[9.454331398010254, 10.006489753723145, 9.322343826293945, -47.23196029663086, 9.445125579833984, 9.003676414489746]",-1,-1,True,"['A', 'D']","['A', 'D']"
5a8db19d5542994ba4e3dd00::active_set_pack_b,5a8db19d5542994ba4e3dd00,"['A', 'B', 'C', 'D', 'E', 'F']","[1, 0, 0, 1, 0, 0]","[-7.148033618927002, -7.745985507965088, -6.748048305511475, 35.275047302246094, -6.872887134552002, -6.760091781616211]","[-7.148033618927002, -7.745985507965088, -6.748048305511475, 35.275047302246094, -6.872887134552002, -6.760091781616211]","[7.148033618927002, 7.745985507965088, 6.748048305511475, -35.275047302246094, 6.872887134552002, 6.760091781616211]",-1,-1,True,"['A', 'D']","['A', 'D']"
5ab56e32554299637185c594::working_set_pack_a,5ab56e32554299637185c594,"['A', 'B', 'C', 'D', 'E', 'F']","[1, 0, 0, 0, 0, 1]","[-3.4448373317718506, -3.051527500152588, -3.3865280151367188, -3.44465970993042, -2.2079110145568848, 15.5354642868042]","[-3.4448373317718506, -3.051527500152588, -3.3865280151367188, -3.44465970993042, -2.2079110145568848, 15.5354642868042]","[3.4448373317718506, 3.051527500152588, 3.3865280151367188, 3.44465970993042, 2.2079110145568848, -15.5354642868042]",-1,-1,False,"['E', 'F']","['A', 'F']"
5ab56e32554299637185c594::active_set_pack_a,5ab56e32554299637185c594,"['A', 'B', 'C', 'D', 'E', 'F']","[1, 0, 0, 0, 0, 1]","[3.8276500701904297, 3.606447696685791, 4.950597763061523, 4.499595642089844, -19.02643394470215, 2.1421451568603516]","[-3.8276500701904297, -3.606447696685791, -4.950597763061523, -4.499595642089844, 19.02643394470215, -2.1421451568603516]","[3.8276500701904297, 3.606447696685791, 4.950597763061523, 4.499595642089844, -19.02643394470215, 2.1421451568603516]",1,-1,False,"['E', 'F']","['A', 'F']"
5ab56e32554299637185c594::working_set_pack_b,5ab56e32554299637185c594,"['A', 'B', 'C', 'D', 'E', 'F']","[1, 0, 0, 0, 0, 1]","[-2.7616124153137207, -2.2682743072509766, -2.9217617511749268, -2.445188045501709, -2.1403470039367676, 12.537178993225098]","[-2.7616124153137207, -2.2682743072509766, -2.9217617511749268, -2.445188045501709, -2.1403470039367676, 12.537178993225098]","[2.7616124153137207, 2.2682743072509766, 2.9217617511749268, 2.445188045501709, 2.1403470039367676, -12.537178993225098]",-1,-1,False,"['E', 'F']","['A', 'F']"
5ab56e32554299637185c594::active_set_pack_b,5ab56e32554299637185c594,"['A', 'B', 'C', 'D', 'E', 'F']","[1, 0, 0, 0, 0, 1]","[-3.090245485305786, -2.6453099250793457, -2.7657508850097656, -2.7731435298919678, -2.9400484561920166, 14.214496612548828]","[-3.090245485305786, -2.6453099250793457, -2.7657508850097656, -2.7731435298919678, -2.9400484561920166, 14.214496612548828]","[3.090245485305786, 2.6453099250793457, 2.7657508850097656, 2.7731435298919678, 2.9400484561920166, -14.214496612548828]",-1,-1,False,"['E', 'F']","['A', 'F']"
5a75e05c55429976ec32bc5f::working_set_pack_a,5a75e05c55429976ec32bc5f,"['A', 'B', 'C', 'D', 'E', 'F']","[0, 1, 0, 0, 1, 0]","[-8.905497550964355, -9.197869300842285, -8.905226707458496, -8.945048332214355, 45.72840881347656, -9.774765014648438]","[-8.905497550964355, -9.197869300842285, -8.905226707458496, -8.945048332214355, 45.72840881347656, -9.774765014648438]","[8.905497550964355, 9.197869300842285, 8.905226707458496, 8.945048332214355, -45.72840881347656, 9.774765014648438]",-1,-1,False,"['E', 'F']","['B', 'E']"
5a75e05c55429976ec32bc5f::active_set_pack_a,5a75e05c55429976ec32bc5f,"['A', 'B', 'C', 'D', 'E', 'F']","[0, 1, 0, 0, 1, 0]","[-9.395369529724121, -9.468947410583496, -9.423974990844727, -9.463799476623535, 47.94635009765625, -10.19425106048584]","[-9.395369529724121, -9.468947410583496, -9.423974990844727, -9.463799476623535, 47.94635009765625, -10.19425106048584]","[9.395369529724121, 9.468947410583496, 9.423974990844727, 9.463799476623535, -47.94635009765625, 10.19425106048584]",-1,-1,False,"['E', 'F']","['B', 'E']"
5a75e05c55429976ec32bc5f::working_set_pack_b,5a75e05c55429976ec32bc5f,"['A', 'B', 'C', 'D', 'E', 'F']","[0, 1, 0, 0, 1, 0]","[-8.620046615600586, -8.867798805236816, -8.81401538848877, -8.798715591430664, 43.76002883911133, -8.65944766998291]","[-8.620046615600586, -8.867798805236816, -8.81401538848877, -8.798715591430664, 43.76002883911133, -8.65944766998291]","[8.620046615600586, 8.867798805236816, 8.81401538848877, 8.798715591430664, -43.76002883911133, 8.65944766998291]",-1,-1,False,"['E', 'F']","['B', 'E']"
5a75e05c55429976ec32bc5f::active_set_pack_b,5a75e05c55429976ec32bc5f,"['A', 'B', 'C', 'D', 'E', 'F']","[0, 1, 0, 0, 1, 0]","[-9.324044227600098, -9.408092498779297, -9.50562572479248, -9.772845268249512, 48.070926666259766, -10.060311317443848]","[-9.324044227600098, -9.408092498779297, -9.50562572479248, -9.772845268249512, 48.070926666259766, -10.060311317443848]","[9.324044227600098, 9.408092498779297, 9.50562572479248, 9.772845268249512, -48.070926666259766, 10.060311317443848]",-1,-1,False,"['E', 'F']","['B', 'E']"
5ab29c24554299449642c932::working_set_pack_a,5ab29c24554299449642c932,"['A', 'B', 'C', 'D', 'E', 'F']","[0, 1, 0, 1, 0, 0]","[-9.6006441116333, -9.794215202331543, -9.785893440246582, 48.52616882324219, -9.446853637695312, -9.8985595703125]","[-9.6006441116333, -9.794215202331543, -9.785893440246582, 48.52616882324219, -9.446853637695312, -9.8985595703125]","[9.6006441116333, 9.794215202331543, 9.785893440246582, -48.52616882324219, 9.446853637695312, 9.8985595703125]",-1,-1,True,"['B', 'D']","['B', 'D']"
5ab29c24554299449642c932::active_set_pack_a,5ab29c24554299449642c932,"['A', 'B', 'C', 'D', 'E', 'F']","[0, 1, 0, 1, 0, 0]","[-10.407469749450684, -10.195688247680664, -10.381024360656738, 52.0714225769043, -10.58177375793457, -10.505475997924805]","[-10.407469749450684, -10.195688247680664, -10.381024360656738, 52.0714225769043, -10.58177375793457, -10.505475997924805]","[10.407469749450684, 10.195688247680664, 10.381024360656738, -52.0714225769043, 10.58177375793457, 10.505475997924805]",-1,-1,True,"['B', 'D']","['B', 'D']"
5ab29c24554299449642c932::working_set_pack_b,5ab29c24554299449642c932,"['A', 'B', 'C', 'D', 'E', 'F']","[0, 1, 0, 1, 0, 0]","[-11.3255033493042, -11.119895935058594, -11.223395347595215, 55.58451843261719, -11.007038116455078, -10.908698081970215]","[-11.3255033493042, -11.119895935058594, -11.223395347595215, 55.58451843261719, -11.007038116455078, -10.908698081970215]","[11.3255033493042, 11.119895935058594, 11.223395347595215, -55.58451843261719, 11.007038116455078, 10.908698081970215]",-1,-1,True,"['B', 'D']","['B', 'D']"
5ab29c24554299449642c932::active_set_pack_b,5ab29c24554299449642c932,"['A', 'B', 'C', 'D', 'E', 'F']","[0, 1, 0, 1, 0, 0]","[-13.457876205444336, -13.559826850891113, -13.504905700683594, 67.68777465820312, -13.640870094299316, -13.524290084838867]","[-13.457876205444336, -13.559826850891113, -13.504905700683594, 67.68777465820312, -13.640870094299316, -13.524290084838867]","[13.457876205444336, 13.559826850891113, 13.504905700683594, -67.68777465820312, 13.640870094299316, 13.524290084838867]",-1,-1,True,"['B', 'D']","['B', 'D']"
5ae0d4c9554299603e418468::working_set_pack_a,5ae0d4c9554299603e418468,"['A', 'B', 'C', 'D', 'E', 'F']","[0, 1, 0, 0, 1, 0]","[-8.878912925720215, -9.061697006225586, -8.715774536132812, -9.159677505493164, 46.68642044067383, -10.870356559753418]","[-8.878912925720215, -9.061697006225586, -8.715774536132812, -9.159677505493164, 46.68642044067383, -10.870356559753418]","[8.878912925720215, 9.061697006225586, 8.715774536132812, 9.159677505493164, -46.68642044067383, 10.870356559753418]",-1,-1,True,"['B', 'E']","['B', 'E']"
5ae0d4c9554299603e418468::active_set_pack_a,5ae0d4c9554299603e418468,"['A', 'B', 'C', 'D', 'E', 'F']","[0, 1, 0, 0, 1, 0]","[-8.604877471923828, -8.731045722961426, -8.550362586975098, -8.938371658325195, 45.55275344848633, -10.72810173034668]","[-8.604877471923828, -8.731045722961426, -8.550362586975098, -8.938371658325195, 45.55275344848633, -10.72810173034668]","[8.604877471923828, 8.731045722961426, 8.550362586975098, 8.938371658325195, -45.55275344848633, 10.72810173034668]",-1,-1,True,"['B', 'E']","['B', 'E']"
5ae0d4c9554299603e418468::working_set_pack_b,5ae0d4c9554299603e418468,"['A', 'B', 'C', 'D', 'E', 'F']","[0, 1, 0, 0, 1, 0]","[-7.820314884185791, -7.964491844177246, -7.668874263763428, -8.059511184692383, 41.61954879760742, -10.106352806091309]","[-7.820314884185791, -7.964491844177246, -7.668874263763428, -8.059511184692383, 41.61954879760742, -10.106352806091309]","[7.820314884185791, 7.964491844177246, 7.668874263763428, 8.059511184692383, -41.61954879760742, 10.106352806091309]",-1,-1,True,"['B', 'E']","['B', 'E']"
5ae0d4c9554299603e418468::active_set_pack_b,5ae0d4c9554299603e418468,"['A', 'B', 'C', 'D', 'E', 'F']","[0, 1, 0, 0, 1, 0]","[-6.9669599533081055, -9.144574165344238, -6.7712225914001465, -7.267655849456787, 38.133995056152344, -7.983586311340332]","[-6.9669599533081055, -9.144574165344238, -6.7712225914001465, -7.267655849456787, 38.133995056152344, -7.983586311340332]","[6.9669599533081055, 9.144574165344238, 6.7712225914001465, 7.267655849456787, -38.133995056152344, 7.983586311340332]",-1,-1,True,"['B', 'E']","['B', 'E']"
5a8133725542995ce29dcbdb::working_set_pack_a,5a8133725542995ce29dcbdb,"['A', 'B', 'C', 'D', 'E', 'F']","[0, 1, 1, 0, 0, 0]","[-5.349228858947754, -7.154990196228027, 28.128875732421875, -5.065546035766602, -5.3401570320129395, -5.218955993652344]","[-5.349228858947754, -7.154990196228027, 28.128875732421875, -5.065546035766602, -5.3401570320129395, -5.218955993652344]","[5.349228858947754, 7.154990196228027, -28.128875732421875, 5.065546035766602, 5.3401570320129395, 5.218955993652344]",-1,-1,False,"['C', 'E']","['B', 'C']"
5a8133725542995ce29dcbdb::active_set_pack_a,5a8133725542995ce29dcbdb,"['A', 'B', 'C', 'D', 'E', 'F']","[0, 1, 1, 0, 0, 0]","[-4.962734222412109, -6.428832054138184, 27.70764923095703, -5.775282382965088, -5.508015155792236, -5.032783508300781]","[-4.962734222412109, -6.428832054138184, 27.70764923095703, -5.775282382965088, -5.508015155792236, -5.032783508300781]","[4.962734222412109, 6.428832054138184, -27.70764923095703, 5.775282382965088, 5.508015155792236, 5.032783508300781]",-1,-1,False,"['C', 'E']","['B', 'C']"
5a8133725542995ce29dcbdb::working_set_pack_b,5a8133725542995ce29dcbdb,"['A', 'B', 'C', 'D', 'E', 'F']","[0, 1, 1, 0, 0, 0]","[-12.06778621673584, -4.247138500213623, 34.24020767211914, -6.5902228355407715, -5.450480937957764, -5.884572982788086]","[-12.06778621673584, -4.247138500213623, 34.24020767211914, -6.5902228355407715, -5.450480937957764, -5.884572982788086]","[12.06778621673584, 4.247138500213623, -34.24020767211914, 6.5902228355407715, 5.450480937957764, 5.884572982788086]",-1,-1,False,"['C', 'E']","['B', 'C']"
5a8133725542995ce29dcbdb::active_set_pack_b,5a8133725542995ce29dcbdb,"['A', 'B', 'C', 'D', 'E', 'F']","[0, 1, 1, 0, 0, 0]","[-3.7316112518310547, -8.989503860473633, 24.877851486206055, -4.248064994812012, -4.049262523651123, -3.8594088554382324]","[-3.7316112518310547, -8.989503860473633, 24.877851486206055, -4.248064994812012, -4.049262523651123, -3.8594088554382324]","[3.7316112518310547, 8.989503860473633, -24.877851486206055, 4.248064994812012, 4.049262523651123, 3.8594088554382324]",-1,-1,False,"['C', 'E']","['B', 'C']"
5ae6050f55429929b0807a5e::working_set_pack_a,5ae6050f55429929b0807a5e,"['A', 'B', 'C', 'D', 'E', 'F']","[0, 0, 0, 1, 1, 0]","[-11.732065200805664, -11.65158748626709, -11.766375541687012, -11.687084197998047, 59.890987396240234, -13.053874015808105]","[-11.732065200805664, -11.65158748626709, -11.766375541687012, -11.687084197998047, 59.890987396240234, -13.053874015808105]","[-11.732065200805664, -11.65158748626709, -11.766375541687012, -11.687084197998047, 59.890987396240234, -13.053874015808105]",1,1,True,"['D', 'E']","['D', 'E']"
5ae6050f55429929b0807a5e::active_set_pack_a,5ae6050f55429929b0807a5e,"['A', 'B', 'C', 'D', 'E', 'F']","[0, 0, 0, 1, 1, 0]","[-12.760072708129883, -12.573257446289062, -12.68466567993164, -12.62944507598877, 65.19419860839844, -14.546768188476562]","[-12.760072708129883, -12.573257446289062, -12.68466567993164, -12.62944507598877, 65.19419860839844, -14.546768188476562]","[-12.760072708129883, -12.573257446289062, -12.68466567993164, -12.62944507598877, 65.19419860839844, -14.546768188476562]",1,1,True,"['D', 'E']","['D', 'E']"
5ae6050f55429929b0807a5e::working_set_pack_b,5ae6050f55429929b0807a5e,"['A', 'B', 'C', 'D', 'E', 'F']","[0, 0, 0, 1, 1, 0]","[-12.210650444030762, -12.087603569030762, -12.061429977416992, -12.089070320129395, 62.52489471435547, -14.076142311096191]","[-12.210650444030762, -12.087603569030762, -12.061429977416992, -12.089070320129395, 62.52489471435547, -14.076142311096191]","[-12.210650444030762, -12.087603569030762, -12.061429977416992, -12.089070320129395, 62.52489471435547, -14.076142311096191]",1,1,True,"['D', 'E']","['D', 'E']"
5ae6050f55429929b0807a5e::active_set_pack_b,5ae6050f55429929b0807a5e,"['A', 'B', 'C', 'D', 'E', 'F']","[0, 0, 0, 1, 1, 0]","[-12.506266593933105, -12.448911666870117, -12.476758003234863, -12.490459442138672, 63.39564895629883, -13.473259925842285]","[-12.506266593933105, -12.448911666870117, -12.476758003234863, -12.490459442138672, 63.39564895629883, -13.473259925842285]","[-12.506266593933105, -12.448911666870117, -12.476758003234863, -12.490459442138672, 63.39564895629883, -13.473259925842285]",1,1,True,"['D', 'E']","['D', 'E']"
5ae2070a5542994d89d5b313::working_set_pack_a,5ae2070a5542994d89d5b313,"['A', 'B', 'C', 'D', 'E', 'F']","[0, 0, 1, 1, 0, 0]","[-4.703132629394531, -4.617966175079346, -7.50139045715332, 25.55436897277832, -4.470787525177002, -4.261096477508545]","[-4.703132629394531, -4.617966175079346, -7.50139045715332, 25.55436897277832, -4.470787525177002, -4.261096477508545]","[4.703132629394531, 4.617966175079346, 7.50139045715332, -25.55436897277832, 4.470787525177002, 4.261096477508545]",-1,-1,True,"['C', 'D']","['C', 'D']"
5ae2070a5542994d89d5b313::active_set_pack_a,5ae2070a5542994d89d5b313,"['A', 'B', 'C', 'D', 'E', 'F']","[0, 0, 1, 1, 0, 0]","[-4.138774394989014, -3.6205289363861084, 24.977645874023438, -5.078695774078369, -5.470418453216553, -6.669224739074707]","[-4.138774394989014, -3.6205289363861084, 24.977645874023438, -5.078695774078369, -5.470418453216553, -6.669224739074707]","[4.138774394989014, 3.6205289363861084, -24.977645874023438, 5.078695774078369, 5.470418453216553, 6.669224739074707]",-1,-1,True,"['C', 'D']","['C', 'D']"
5ae2070a5542994d89d5b313::working_set_pack_b,5ae2070a5542994d89d5b313,"['A', 'B', 'C', 'D', 'E', 'F']","[0, 0, 1, 1, 0, 0]","[-1.2325791120529175, -0.6664717793464661, 24.764942169189453, -1.6901298761367798, -1.556495189666748, -19.619266510009766]","[-1.2325791120529175, -0.6664717793464661, 24.764942169189453, -1.6901298761367798, -1.556495189666748, -19.619266510009766]","[-1.2325791120529175, -0.6664717793464661, 24.764942169189453, -1.6901298761367798, -1.556495189666748, -19.619266510009766]",1,1,False,"['C', 'F']","['C', 'D']"
5ae2070a5542994d89d5b313::active_set_pack_b,5ae2070a5542994d89d5b313,"['A', 'B', 'C', 'D', 'E', 'F']","[0, 0, 1, 1, 0, 0]","[-4.105453968048096, -3.1425328254699707, 26.562759399414062, -9.048298835754395, -4.466005802154541, -5.800471782684326]","[-4.105453968048096, -3.1425328254699707, 26.562759399414062, -9.048298835754395, -4.466005802154541, -5.800471782684326]","[-4.105453968048096, -3.1425328254699707, 26.562759399414062, -9.048298835754395, -4.466005802154541, -5.800471782684326]",1,1,True,"['C', 'D']","['C', 'D']"
5a722b8655429971e9dc9329::working_set_pack_a,5a722b8655429971e9dc9329,"['A', 'B', 'C', 'D', 'E', 'F']","[1, 0, 1, 0, 0, 0]","[-8.883012771606445, -9.06400203704834, 42.58102035522461, -8.07175064086914, -8.431985855102539, -8.13027286529541]","[-8.883012771606445, -9.06400203704834, 42.58102035522461, -8.07175064086914, -8.431985855102539, -8.13027286529541]","[8.883012771606445, 9.06400203704834, -42.58102035522461, 8.07175064086914, 8.431985855102539, 8.13027286529541]",-1,-1,True,"['A', 'C']","['A', 'C']"
5a722b8655429971e9dc9329::active_set_pack_a,5a722b8655429971e9dc9329,"['A', 'B', 'C', 'D', 'E', 'F']","[1, 0, 1, 0, 0, 0]","[-8.533735275268555, -7.963095664978027, 39.128665924072266, -7.425723075866699, -7.791597366333008, -7.414511203765869]","[-8.533735275268555, -7.963095664978027, 39.128665924072266, -7.425723075866699, -7.791597366333008, -7.414511203765869]","[-8.533735275268555, -7.963095664978027, 39.128665924072266, -7.425723075866699, -7.791597366333008, -7.414511203765869]",1,1,True,"['A', 'C']","['A', 'C']"
5a722b8655429971e9dc9329::working_set_pack_b,5a722b8655429971e9dc9329,"['A', 'B', 'C', 'D', 'E', 'F']","[1, 0, 1, 0, 0, 0]","[-9.304447174072266, -8.41020393371582, 39.00178527832031, -7.026407718658447, -7.382138252258301, -6.878590106964111]","[-9.304447174072266, -8.41020393371582, 39.00178527832031, -7.026407718658447, -7.382138252258301, -6.878590106964111]","[-9.304447174072266, -8.41020393371582, 39.00178527832031, -7.026407718658447, -7.382138252258301, -6.878590106964111]",1,1,True,"['A', 'C']","['A', 'C']"
5a722b8655429971e9dc9329::active_set_pack_b,5a722b8655429971e9dc9329,"['A', 'B', 'C', 'D', 'E', 'F']","[1, 0, 1, 0, 0, 0]","[-8.309205055236816, -8.547139167785645, 35.71236801147461, -6.3448309898376465, -6.333479881286621, -6.177712440490723]","[-8.309205055236816, -8.547139167785645, 35.71236801147461, -6.3448309898376465, -6.333479881286621, -6.177712440490723]","[-8.309205055236816, -8.547139167785645, 35.71236801147461, -6.3448309898376465, -6.333479881286621, -6.177712440490723]",1,1,True,"['A', 'C']","['A', 'C']"
5adf37a95542995ec70e8f97::working_set_pack_a,5adf37a95542995ec70e8f97,"['A', 'B', 'C', 'D', 'E', 'F']","[1, 0, 0, 1, 0, 0]","[26.93347930908203, -5.920799732208252, -5.366826057434082, -5.358199119567871, -4.998468399047852, -5.289188385009766]","[26.93347930908203, -5.920799732208252, -5.366826057434082, -5.358199119567871, -4.998468399047852, -5.289188385009766]","[26.93347930908203, -5.920799732208252, -5.366826057434082, -5.358199119567871, -4.998468399047852, -5.289188385009766]",1,1,True,"['A', 'D']","['A', 'D']"
5adf37a95542995ec70e8f97::active_set_pack_a,5adf37a95542995ec70e8f97,"['A', 'B', 'C', 'D', 'E', 'F']","[1, 0, 0, 1, 0, 0]","[23.727895736694336, -5.326240539550781, -4.436865329742432, -4.716196537017822, -4.351320266723633, -4.89727783203125]","[23.727895736694336, -5.326240539550781, -4.436865329742432, -4.716196537017822, -4.351320266723633, -4.89727783203125]","[-23.727895736694336, 5.326240539550781, 4.436865329742432, 4.716196537017822, 4.351320266723633, 4.89727783203125]",-1,-1,True,"['A', 'D']","['A', 'D']"
5adf37a95542995ec70e8f97::working_set_pack_b,5adf37a95542995ec70e8f97,"['A', 'B', 'C', 'D', 'E', 'F']","[1, 0, 0, 1, 0, 0]","[22.84657096862793, -5.200249671936035, -4.293492317199707, -4.5910162925720215, -4.315873146057129, -4.44594144821167]","[22.84657096862793, -5.200249671936035, -4.293492317199707, -4.5910162925720215, -4.315873146057129, -4.44594144821167]","[-22.84657096862793, 5.200249671936035, 4.293492317199707, 4.5910162925720215, 4.315873146057129, 4.44594144821167]",-1,-1,True,"['A', 'D']","['A', 'D']"
5adf37a95542995ec70e8f97::active_set_pack_b,5adf37a95542995ec70e8f97,"['A', 'B', 'C', 'D', 'E', 'F']","[1, 0, 0, 1, 0, 0]","[17.83762550354004, -5.122929573059082, -3.034003973007202, -3.273695468902588, -3.173710584640503, -3.2332923412323]","[17.83762550354004, -5.122929573059082, -3.034003973007202, -3.273695468902588, -3.173710584640503, -3.2332923412323]","[-17.83762550354004, 5.122929573059082, 3.034003973007202, 3.273695468902588, 3.173710584640503, 3.2332923412323]",-1,-1,True,"['A', 'D']","['A', 'D']"
5abd259d55429924427fcf1a::working_set_pack_a,5abd259d55429924427fcf1a,"['A', 'B', 'C', 'D', 'E', 'F']","[1, 1, 0, 0, 0, 0]","[1.2657487392425537, 0.7118643522262573, -7.1022114753723145, 1.5466431379318237, 1.0492039918899536, 2.528749942779541]","[1.2657487392425537, 0.7118643522262573, -7.1022114753723145, 1.5466431379318237, 1.0492039918899536, 2.528749942779541]","[-1.2657487392425537, -0.7118643522262573, 7.1022114753723145, -1.5466431379318237, -1.0492039918899536, -2.528749942779541]",-1,-1,True,"['A', 'B']","['A', 'B']"
5abd259d55429924427fcf1a::active_set_pack_a,5abd259d55429924427fcf1a,"['A', 'B', 'C', 'D', 'E', 'F']","[1, 1, 0, 0, 0, 0]","[1.4044924974441528, 0.9046258330345154, -8.291824340820312, 2.0792453289031982, 1.3184796571731567, 2.584977626800537]","[1.4044924974441528, 0.9046258330345154, -8.291824340820312, 2.0792453289031982, 1.3184796571731567, 2.584977626800537]","[-1.4044924974441528, -0.9046258330345154, 8.291824340820312, -2.0792453289031982, -1.3184796571731567, -2.584977626800537]",-1,-1,True,"['A', 'B']","['A', 'B']"
5abd259d55429924427fcf1a::working_set_pack_b,5abd259d55429924427fcf1a,"['A', 'B', 'C', 'D', 'E', 'F']","[1, 1, 0, 0, 0, 0]","[3.14082407951355, -1.194307565689087, -7.889346599578857, -1.5536004304885864, 1.1085394620895386, 6.387888431549072]","[3.14082407951355, -1.194307565689087, -7.889346599578857, -1.5536004304885864, 1.1085394620895386, 6.387888431549072]","[-3.14082407951355, 1.194307565689087, 7.889346599578857, 1.5536004304885864, -1.1085394620895386, -6.387888431549072]",-1,-1,True,"['A', 'B']","['A', 'B']"
5abd259d55429924427fcf1a::active_set_pack_b,5abd259d55429924427fcf1a,"['A', 'B', 'C', 'D', 'E', 'F']","[1, 1, 0, 0, 0, 0]","[-0.7927186489105225, 6.963961601257324, -1.1164145469665527, -3.455670118331909, -0.9301131367683411, -0.6690434217453003]","[-0.7927186489105225, 6.963961601257324, -1.1164145469665527, -3.455670118331909, -0.9301131367683411, -0.6690434217453003]","[0.7927186489105225, -6.963961601257324, 1.1164145469665527, 3.455670118331909, 0.9301131367683411, 0.6690434217453003]",-1,-1,True,"['A', 'B']","['A', 'B']"
5a8a3e745542996c9b8d5e70::working_set_pack_a,5a8a3e745542996c9b8d5e70,"['A', 'B', 'C', 'D', 'E', 'F']","[0, 1, 0, 0, 1, 0]","[-2.5276193618774414, 30.95823097229004, -1.9479992389678955, -2.571348190307617, -20.169376373291016, -3.7418901920318604]","[-2.5276193618774414, 30.95823097229004, -1.9479992389678955, -2.571348190307617, -20.169376373291016, -3.7418901920318604]","[2.5276193618774414, -30.95823097229004, 1.9479992389678955, 2.571348190307617, 20.169376373291016, 3.7418901920318604]",-1,-1,True,"['B', 'E']","['B', 'E']"
5a8a3e745542996c9b8d5e70::active_set_pack_a,5a8a3e745542996c9b8d5e70,"['A', 'B', 'C', 'D', 'E', 'F']","[0, 1, 0, 0, 1, 0]","[-5.893764019012451, 36.18516540527344, -5.359429836273193, -5.92755126953125, -12.940835952758789, -6.063580513000488]","[-5.893764019012451, 36.18516540527344, -5.359429836273193, -5.92755126953125, -12.940835952758789, -6.063580513000488]","[5.893764019012451, -36.18516540527344, 5.359429836273193, 5.92755126953125, 12.940835952758789, 6.063580513000488]",-1,-1,True,"['B', 'E']","['B', 'E']"
5a8a3e745542996c9b8d5e70::working_set_pack_b,5a8a3e745542996c9b8d5e70,"['A', 'B', 'C', 'D', 'E', 'F']","[0, 1, 0, 0, 1, 0]","[-3.1039066314697266, -15.04015064239502, -4.141282081604004, -3.3997905254364014, 27.390567779541016, -1.7054330110549927]","[-3.1039066314697266, -15.04015064239502, -4.141282081604004, -3.3997905254364014, 27.390567779541016, -1.7054330110549927]","[3.1039066314697266, 15.04015064239502, 4.141282081604004, 3.3997905254364014, -27.390567779541016, 1.7054330110549927]",-1,-1,True,"['B', 'E']","['B', 'E']"
5a8a3e745542996c9b8d5e70::active_set_pack_b,5a8a3e745542996c9b8d5e70,"['A', 'B', 'C', 'D', 'E', 'F']","[0, 1, 0, 0, 1, 0]","[-4.34684419631958, -12.591530799865723, -5.678150177001953, -4.647006511688232, 30.235471725463867, -2.9719278812408447]","[-4.34684419631958, -12.591530799865723, -5.678150177001953, -4.647006511688232, 30.235471725463867, -2.9719278812408447]","[4.34684419631958, 12.591530799865723, 5.678150177001953, 4.647006511688232, -30.235471725463867, 2.9719278812408447]",-1,-1,True,"['B', 'E']","['B', 'E']"
5ac23ff0554299636651994d::working_set_pack_a,5ac23ff0554299636651994d,"['A', 'B', 'C', 'D', 'E', 'F']","[0, 0, 0, 1, 0, 1]","[-11.221190452575684, -11.020678520202637, -11.559049606323242, -11.472989082336426, -11.764595031738281, 57.03848648071289]","[-11.221190452575684, -11.020678520202637, -11.559049606323242, -11.472989082336426, -11.764595031738281, 57.03848648071289]","[11.221190452575684, 11.020678520202637, 11.559049606323242, 11.472989082336426, 11.764595031738281, -57.03848648071289]",-1,-1,True,"['D', 'F']","['D', 'F']"
5ac23ff0554299636651994d::active_set_pack_a,5ac23ff0554299636651994d,"['A', 'B', 'C', 'D', 'E', 'F']","[0, 0, 0, 1, 0, 1]","[-10.111434936523438, -10.015809059143066, -10.560386657714844, -10.518635749816895, -10.76107406616211, 51.96734619140625]","[-10.111434936523438, -10.015809059143066, -10.560386657714844, -10.518635749816895, -10.76107406616211, 51.96734619140625]","[10.111434936523438, 10.015809059143066, 10.560386657714844, 10.518635749816895, 10.76107406616211, -51.96734619140625]",-1,-1,True,"['D', 'F']","['D', 'F']"
5ac23ff0554299636651994d::working_set_pack_b,5ac23ff0554299636651994d,"['A', 'B', 'C', 'D', 'E', 'F']","[0, 0, 0, 1, 0, 1]","[-8.524133682250977, -8.569616317749023, -8.953028678894043, -8.708569526672363, -9.18377685546875, 43.939125061035156]","[-8.524133682250977, -8.569616317749023, -8.953028678894043, -8.708569526672363, -9.18377685546875, 43.939125061035156]","[8.524133682250977, 8.569616317749023, 8.953028678894043, 8.708569526672363, 9.18377685546875, -43.939125061035156]",-1,-1,True,"['D', 'F']","['D', 'F']"
5ac23ff0554299636651994d::active_set_pack_b,5ac23ff0554299636651994d,"['A', 'B', 'C', 'D', 'E', 'F']","[0, 0, 0, 1, 0, 1]","[-8.842791557312012, -9.014324188232422, -9.270735740661621, -9.080657958984375, -9.5188627243042, 45.72736740112305]","[-8.842791557312012, -9.014324188232422, -9.270735740661621, -9.080657958984375, -9.5188627243042, 45.72736740112305]","[8.842791557312012, 9.014324188232422, 9.270735740661621, 9.080657958984375, 9.5188627243042, -45.72736740112305]",-1,-1,True,"['D', 'F']","['D', 'F']"
5ae4a3265542995ad6573de5::working_set_pack_a,5ae4a3265542995ad6573de5,"['A', 'B', 'C', 'D', 'E', 'F']","[0, 0, 1, 0, 1, 0]","[-5.962499618530273, -5.627371788024902, 30.720077514648438, -6.212520599365234, -6.83189582824707, -6.085789203643799]","[-5.962499618530273, -5.627371788024902, 30.720077514648438, -6.212520599365234, -6.83189582824707, -6.085789203643799]","[-5.962499618530273, -5.627371788024902, 30.720077514648438, -6.212520599365234, -6.83189582824707, -6.085789203643799]",1,1,False,"['C', 'F']","['C', 'E']"
5ae4a3265542995ad6573de5::active_set_pack_a,5ae4a3265542995ad6573de5,"['A', 'B', 'C', 'D', 'E', 'F']","[0, 0, 1, 0, 1, 0]","[-5.464137077331543, -5.1937255859375, 29.85599136352539, -6.071247100830078, -6.480055809020996, -6.646822929382324]","[-5.464137077331543, -5.1937255859375, 29.85599136352539, -6.071247100830078, -6.480055809020996, -6.646822929382324]","[-5.464137077331543, -5.1937255859375, 29.85599136352539, -6.071247100830078, -6.480055809020996, -6.646822929382324]",1,1,False,"['C', 'F']","['C', 'E']"
5ae4a3265542995ad6573de5::working_set_pack_b,5ae4a3265542995ad6573de5,"['A', 'B', 'C', 'D', 'E', 'F']","[0, 0, 1, 0, 1, 0]","[-6.416073322296143, -6.103634357452393, 33.32579803466797, -6.789676189422607, -7.475021839141846, -6.5414018630981445]","[-6.416073322296143, -6.103634357452393, 33.32579803466797, -6.789676189422607, -7.475021839141846, -6.5414018630981445]","[6.416073322296143, 6.103634357452393, -33.32579803466797, 6.789676189422607, 7.475021839141846, 6.5414018630981445]",-1,-1,False,"['C', 'F']","['C', 'E']"
5ae4a3265542995ad6573de5::active_set_pack_b,5ae4a3265542995ad6573de5,"['A', 'B', 'C', 'D', 'E', 'F']","[0, 0, 1, 0, 1, 0]","[-6.425183296203613, -6.012508392333984, 32.118194580078125, -6.632281303405762, -6.848231315612793, -6.200000762939453]","[-6.425183296203613, -6.012508392333984, 32.118194580078125, -6.632281303405762, -6.848231315612793, -6.200000762939453]","[6.425183296203613, 6.012508392333984, -32.118194580078125, 6.632281303405762, 6.848231315612793, 6.200000762939453]",-1,-1,False,"['C', 'F']","['C', 'E']"
5a7a06935542990198eaf050::working_set_pack_a,5a7a06935542990198eaf050,"['A', 'B', 'C', 'D', 'E', 'F']","[0, 1, 0, 0, 0, 1]","[-3.2412147521972656, 33.790138244628906, -3.5239360332489014, -18.542404174804688, -3.4525206089019775, -5.0300703048706055]","[-3.2412147521972656, 33.790138244628906, -3.5239360332489014, -18.542404174804688, -3.4525206089019775, -5.0300703048706055]","[-3.2412147521972656, 33.790138244628906, -3.5239360332489014, -18.542404174804688, -3.4525206089019775, -5.0300703048706055]",1,1,True,"['B', 'F']","['B', 'F']"
5a7a06935542990198eaf050::active_set_pack_a,5a7a06935542990198eaf050,"['A', 'B', 'C', 'D', 'E', 'F']","[0, 1, 0, 0, 0, 1]","[-5.560766696929932, 31.85612678527832, -6.390512466430664, -5.260682582855225, -5.831060886383057, -8.813098907470703]","[-5.560766696929932, 31.85612678527832, -6.390512466430664, -5.260682582855225, -5.831060886383057, -8.813098907470703]","[-5.560766696929932, 31.85612678527832, -6.390512466430664, -5.260682582855225, -5.831060886383057, -8.813098907470703]",1,1,True,"['B', 'F']","['B', 'F']"
5a7a06935542990198eaf050::working_set_pack_b,5a7a06935542990198eaf050,"['A', 'B', 'C', 'D', 'E', 'F']","[0, 1, 0, 0, 0, 1]","[-6.580611705780029, 34.3625373840332, -7.255073070526123, -6.317522048950195, -6.772886276245117, -7.436452388763428]","[-6.580611705780029, 34.3625373840332, -7.255073070526123, -6.317522048950195, -6.772886276245117, -7.436452388763428]","[6.580611705780029, -34.3625373840332, 7.255073070526123, 6.317522048950195, 6.772886276245117, 7.436452388763428]",-1,-1,True,"['B', 'F']","['B', 'F']"
5a7a06935542990198eaf050::active_set_pack_b,5a7a06935542990198eaf050,"['A', 'B', 'C', 'D', 'E', 'F']","[0, 1, 0, 0, 0, 1]","[-6.3454179763793945, 35.066307067871094, -6.491096019744873, -6.206215858459473, -6.6098408699035645, -9.413739204406738]","[-6.3454179763793945, 35.066307067871094, -6.491096019744873, -6.206215858459473, -6.6098408699035645, -9.413739204406738]","[6.3454179763793945, -35.066307067871094, 6.491096019744873, 6.206215858459473, 6.6098408699035645, 9.413739204406738]",-1,-1,True,"['B', 'F']","['B', 'F']"
5a879ab05542996e4f30887e::working_set_pack_a,5a879ab05542996e4f30887e,"['A', 'B', 'C', 'D', 'E', 'F']","[1, 0, 0, 0, 0, 1]","[-12.645925521850586, -12.338191986083984, -12.353049278259277, -9.246301651000977, -12.579771995544434, 59.16324234008789]","[-12.645925521850586, -12.338191986083984, -12.353049278259277, -9.246301651000977, -12.579771995544434, 59.16324234008789]","[12.645925521850586, 12.338191986083984, 12.353049278259277, 9.246301651000977, 12.579771995544434, -59.16324234008789]",-1,-1,True,"['A', 'F']","['A', 'F']"
5a879ab05542996e4f30887e::active_set_pack_a,5a879ab05542996e4f30887e,"['A', 'B', 'C', 'D', 'E', 'F']","[1, 0, 0, 0, 0, 1]","[-12.633307456970215, -12.468278884887695, -12.648714065551758, -12.502999305725098, -12.579529762268066, 62.83280944824219]","[-12.633307456970215, -12.468278884887695, -12.648714065551758, -12.502999305725098, -12.579529762268066, 62.83280944824219]","[12.633307456970215, 12.468278884887695, 12.648714065551758, 12.502999305725098, 12.579529762268066, -62.83280944824219]",-1,-1,True,"['A', 'F']","['A', 'F']"
5a879ab05542996e4f30887e::working_set_pack_b,5a879ab05542996e4f30887e,"['A', 'B', 'C', 'D', 'E', 'F']","[1, 0, 0, 0, 0, 1]","[-10.863664627075195, -11.057413101196289, -10.50844955444336, -8.082719802856445, -11.0781888961792, 51.59043502807617]","[-10.863664627075195, -11.057413101196289, -10.50844955444336, -8.082719802856445, -11.0781888961792, 51.59043502807617]","[10.863664627075195, 11.057413101196289, 10.50844955444336, 8.082719802856445, 11.0781888961792, -51.59043502807617]",-1,-1,True,"['A', 'F']","['A', 'F']"
5a879ab05542996e4f30887e::active_set_pack_b,5a879ab05542996e4f30887e,"['A', 'B', 'C', 'D', 'E', 'F']","[1, 0, 0, 0, 0, 1]","[-10.682427406311035, -10.982682228088379, -10.481616973876953, -8.096339225769043, -10.884428024291992, 51.12749099731445]","[-10.682427406311035, -10.982682228088379, -10.481616973876953, -8.096339225769043, -10.884428024291992, 51.12749099731445]","[10.682427406311035, 10.982682228088379, 10.481616973876953, 8.096339225769043, 10.884428024291992, -51.12749099731445]",-1,-1,True,"['A', 'F']","['A', 'F']"
5a84dd955542997b5ce3ff79::working_set_pack_a,5a84dd955542997b5ce3ff79,"['A', 'B', 'C', 'D', 'E', 'F']","[0, 1, 0, 1, 0, 0]","[8.780058860778809, 10.85360050201416, -47.99095153808594, 9.167825698852539, 10.180694580078125, 9.008768081665039]","[-8.780058860778809, -10.85360050201416, 47.99095153808594, -9.167825698852539, -10.180694580078125, -9.008768081665039]","[-8.780058860778809, -10.85360050201416, 47.99095153808594, -9.167825698852539, -10.180694580078125, -9.008768081665039]",-1,1,False,"['B', 'C']","['B', 'D']"
5a84dd955542997b5ce3ff79::active_set_pack_a,5a84dd955542997b5ce3ff79,"['A', 'B', 'C', 'D', 'E', 'F']","[0, 1, 0, 1, 0, 0]","[8.794084548950195, 10.60162353515625, -48.27601623535156, 9.533544540405273, 10.249613761901855, 9.097149848937988]","[-8.794084548950195, -10.60162353515625, 48.27601623535156, -9.533544540405273, -10.249613761901855, -9.097149848937988]","[-8.794084548950195, -10.60162353515625, 48.27601623535156, -9.533544540405273, -10.249613761901855, -9.097149848937988]",-1,1,False,"['B', 'C']","['B', 'D']"
5a84dd955542997b5ce3ff79::working_set_pack_b,5a84dd955542997b5ce3ff79,"['A', 'B', 'C', 'D', 'E', 'F']","[0, 1, 0, 1, 0, 0]","[5.580103874206543, 9.42223072052002, -36.07476043701172, 6.494849681854248, 8.72032356262207, 5.857260227203369]","[-5.580103874206543, -9.42223072052002, 36.07476043701172, -6.494849681854248, -8.72032356262207, -5.857260227203369]","[-5.580103874206543, -9.42223072052002, 36.07476043701172, -6.494849681854248, -8.72032356262207, -5.857260227203369]",-1,1,False,"['B', 'C']","['B', 'D']"
5a84dd955542997b5ce3ff79::active_set_pack_b,5a84dd955542997b5ce3ff79,"['A', 'B', 'C', 'D', 'E', 'F']","[0, 1, 0, 1, 0, 0]","[3.4686403274536133, 7.859665393829346, -29.877626419067383, 5.711198806762695, 9.072261810302734, 3.7658658027648926]","[-3.4686403274536133, -7.859665393829346, 29.877626419067383, -5.711198806762695, -9.072261810302734, -3.7658658027648926]","[-3.4686403274536133, -7.859665393829346, 29.877626419067383, -5.711198806762695, -9.072261810302734, -3.7658658027648926]",-1,1,False,"['B', 'C']","['B', 'D']"
5a7d0db955429909bec76924::working_set_pack_a,5a7d0db955429909bec76924,"['A', 'B', 'C', 'D', 'E', 'F']","[0, 0, 0, 0, 1, 1]","[-6.389384746551514, -7.91447114944458, -8.675804138183594, -6.749453544616699, 34.78609848022461, -5.05698299407959]","[-6.389384746551514, -7.91447114944458, -8.675804138183594, -6.749453544616699, 34.78609848022461, -5.05698299407959]","[6.389384746551514, 7.91447114944458, 8.675804138183594, 6.749453544616699, -34.78609848022461, 5.05698299407959]",-1,-1,True,"['E', 'F']","['E', 'F']"
5a7d0db955429909bec76924::active_set_pack_a,5a7d0db955429909bec76924,"['A', 'B', 'C', 'D', 'E', 'F']","[0, 0, 0, 0, 1, 1]","[-6.867276668548584, -7.559141635894775, -7.575119972229004, -7.598326683044434, 36.17890167236328, -6.579041957855225]","[-6.867276668548584, -7.559141635894775, -7.575119972229004, -7.598326683044434, 36.17890167236328, -6.579041957855225]","[6.867276668548584, 7.559141635894775, 7.575119972229004, 7.598326683044434, -36.17890167236328, 6.579041957855225]",-1,-1,True,"['E', 'F']","['E', 'F']"
5a7d0db955429909bec76924::working_set_pack_b,5a7d0db955429909bec76924,"['A', 'B', 'C', 'D', 'E', 'F']","[0, 0, 0, 0, 1, 1]","[-7.163409233093262, -7.8708176612854, -7.75430965423584, -7.531868934631348, 36.708465576171875, -6.388072490692139]","[-7.163409233093262, -7.8708176612854, -7.75430965423584, -7.531868934631348, 36.708465576171875, -6.388072490692139]","[7.163409233093262, 7.8708176612854, 7.75430965423584, 7.531868934631348, -36.708465576171875, 6.388072490692139]",-1,-1,True,"['E', 'F']","['E', 'F']"
5a7d0db955429909bec76924::active_set_pack_b,5a7d0db955429909bec76924,"['A', 'B', 'C', 'D', 'E', 'F']","[0, 0, 0, 0, 1, 1]","[-7.771820068359375, -8.259611129760742, -8.311147689819336, -8.169215202331543, 39.714324951171875, -7.202541351318359]","[-7.771820068359375, -8.259611129760742, -8.311147689819336, -8.169215202331543, 39.714324951171875, -7.202541351318359]","[7.771820068359375, 8.259611129760742, 8.311147689819336, 8.169215202331543, -39.714324951171875, 7.202541351318359]",-1,-1,True,"['E', 'F']","['E', 'F']"
5abd90545542996e802b47d7::working_set_pack_a,5abd90545542996e802b47d7,"['A', 'B', 'C', 'D', 'E', 'F']","[0, 0, 0, 1, 0, 1]","[-10.957653999328613, -10.827502250671387, -10.867212295532227, -10.849343299865723, -11.18653392791748, 54.6882438659668]","[-10.957653999328613, -10.827502250671387, -10.867212295532227, -10.849343299865723, -11.18653392791748, 54.6882438659668]","[10.957653999328613, 10.827502250671387, 10.867212295532227, 10.849343299865723, 11.18653392791748, -54.6882438659668]",-1,-1,True,"['D', 'F']","['D', 'F']"
5abd90545542996e802b47d7::active_set_pack_a,5abd90545542996e802b47d7,"['A', 'B', 'C', 'D', 'E', 'F']","[0, 0, 0, 1, 0, 1]","[-11.7169828414917, -11.628240585327148, -11.707877159118652, -11.587692260742188, -12.017767906188965, 58.658538818359375]","[-11.7169828414917, -11.628240585327148, -11.707877159118652, -11.587692260742188, -12.017767906188965, 58.658538818359375]","[11.7169828414917, 11.628240585327148, 11.707877159118652, 11.587692260742188, 12.017767906188965, -58.658538818359375]",-1,-1,True,"['D', 'F']","['D', 'F']"
5abd90545542996e802b47d7::working_set_pack_b,5abd90545542996e802b47d7,"['A', 'B', 'C', 'D', 'E', 'F']","[0, 0, 0, 1, 0, 1]","[-9.158238410949707, -9.06189250946045, -9.272891998291016, -9.151982307434082, -10.862768173217773, 47.50778579711914]","[-9.158238410949707, -9.06189250946045, -9.272891998291016, -9.151982307434082, -10.862768173217773, 47.50778579711914]","[9.158238410949707, 9.06189250946045, 9.272891998291016, 9.151982307434082, 10.862768173217773, -47.50778579711914]",-1,-1,True,"['D', 'F']","['D', 'F']"
5abd90545542996e802b47d7::active_set_pack_b,5abd90545542996e802b47d7,"['A', 'B', 'C', 'D', 'E', 'F']","[0, 0, 0, 1, 0, 1]","[-9.370094299316406, -9.336835861206055, -9.544042587280273, -9.348326683044434, -9.768770217895508, 47.36806869506836]","[-9.370094299316406, -9.336835861206055, -9.544042587280273, -9.348326683044434, -9.768770217895508, 47.36806869506836]","[9.370094299316406, 9.336835861206055, 9.544042587280273, 9.348326683044434, 9.768770217895508, -47.36806869506836]",-1,-1,True,"['D', 'F']","['D', 'F']"
5a7722d655429966f1a36c99::working_set_pack_a,5a7722d655429966f1a36c99,"['A', 'B', 'C', 'D', 'E', 'F']","[1, 0, 0, 0, 1, 0]","[14.544662475585938, -1.4630074501037598, -0.5086486339569092, -1.7154595851898193, -10.163586616516113, -0.6939639449119568]","[14.544662475585938, -1.4630074501037598, -0.5086486339569092, -1.7154595851898193, -10.163586616516113, -0.6939639449119568]","[14.544662475585938, -1.4630074501037598, -0.5086486339569092, -1.7154595851898193, -10.163586616516113, -0.6939639449119568]",1,1,True,"['A', 'E']","['A', 'E']"
5a7722d655429966f1a36c99::active_set_pack_a,5a7722d655429966f1a36c99,"['A', 'B', 'C', 'D', 'E', 'F']","[1, 0, 0, 0, 1, 0]","[-11.645094871520996, -0.3215782940387726, -0.9773482084274292, -1.9118677377700806, 15.938332557678223, -1.082444190979004]","[-11.645094871520996, -0.3215782940387726, -0.9773482084274292, -1.9118677377700806, 15.938332557678223, -1.082444190979004]","[-11.645094871520996, -0.3215782940387726, -0.9773482084274292, -1.9118677377700806, 15.938332557678223, -1.082444190979004]",1,1,True,"['A', 'E']","['A', 'E']"
5a7722d655429966f1a36c99::working_set_pack_b,5a7722d655429966f1a36c99,"['A', 'B', 'C', 'D', 'E', 'F']","[1, 0, 0, 0, 1, 0]","[-6.615466594696045, -3.725830078125, -4.270513534545898, -2.764388084411621, 20.298175811767578, -2.921980381011963]","[-6.615466594696045, -3.725830078125, -4.270513534545898, -2.764388084411621, 20.298175811767578, -2.921980381011963]","[6.615466594696045, 3.725830078125, 4.270513534545898, 2.764388084411621, -20.298175811767578, 2.921980381011963]",-1,-1,True,"['A', 'E']","['A', 'E']"
5a7722d655429966f1a36c99::active_set_pack_b,5a7722d655429966f1a36c99,"['A', 'B', 'C', 'D', 'E', 'F']","[1, 0, 0, 0, 1, 0]","[-6.195106029510498, -1.4490489959716797, -0.501969039440155, -5.50032377243042, 18.245229721069336, -4.598785400390625]","[-6.195106029510498, -1.4490489959716797, -0.501969039440155, -5.50032377243042, 18.245229721069336, -4.598785400390625]","[-6.195106029510498, -1.4490489959716797, -0.501969039440155, -5.50032377243042, 18.245229721069336, -4.598785400390625]",1,1,True,"['A', 'E']","['A', 'E']"
5ade025e5542997dc790711e::working_set_pack_a,5ade025e5542997dc790711e,"['A', 'B', 'C', 'D', 'E', 'F']","[0, 0, 1, 0, 0, 1]","[-8.398536682128906, -8.006304740905762, 45.617740631103516, -9.371258735656738, -8.931619644165039, -10.910013198852539]","[-8.398536682128906, -8.006304740905762, 45.617740631103516, -9.371258735656738, -8.931619644165039, -10.910013198852539]","[-8.398536682128906, -8.006304740905762, 45.617740631103516, -9.371258735656738, -8.931619644165039, -10.910013198852539]",1,1,True,"['C', 'F']","['C', 'F']"
5ade025e5542997dc790711e::active_set_pack_a,5ade025e5542997dc790711e,"['A', 'B', 'C', 'D', 'E', 'F']","[0, 0, 1, 0, 0, 1]","[-9.307892799377441, -8.851119041442871, 49.71689987182617, -10.192218780517578, -9.820018768310547, -11.545653343200684]","[-9.307892799377441, -8.851119041442871, 49.71689987182617, -10.192218780517578, -9.820018768310547, -11.545653343200684]","[-9.307892799377441, -8.851119041442871, 49.71689987182617, -10.192218780517578, -9.820018768310547, -11.545653343200684]",1,1,True,"['C', 'F']","['C', 'F']"
5ade025e5542997dc790711e::working_set_pack_b,5ade025e5542997dc790711e,"['A', 'B', 'C', 'D', 'E', 'F']","[0, 0, 1, 0, 0, 1]","[-7.558499336242676, -7.047964572906494, 43.34004211425781, -8.086669921875, -8.226582527160645, -12.420326232910156]","[-7.558499336242676, -7.047964572906494, 43.34004211425781, -8.086669921875, -8.226582527160645, -12.420326232910156]","[-7.558499336242676, -7.047964572906494, 43.34004211425781, -8.086669921875, -8.226582527160645, -12.420326232910156]",1,1,True,"['C', 'F']","['C', 'F']"
5ade025e5542997dc790711e::active_set_pack_b,5ade025e5542997dc790711e,"['A', 'B', 'C', 'D', 'E', 'F']","[0, 0, 1, 0, 0, 1]","[-7.512694358825684, -6.762431621551514, 44.757015228271484, -8.169880867004395, -8.03939151763916, -14.27260684967041]","[-7.512694358825684, -6.762431621551514, 44.757015228271484, -8.169880867004395, -8.03939151763916, -14.27260684967041]","[-7.512694358825684, -6.762431621551514, 44.757015228271484, -8.169880867004395, -8.03939151763916, -14.27260684967041]",1,1,True,"['C', 'F']","['C', 'F']"
5ab381b155429969a97a816b::working_set_pack_a,5ab381b155429969a97a816b,"['A', 'B', 'C', 'D', 'E', 'F']","[0, 0, 0, 0, 1, 1]","[-12.583054542541504, -12.906169891357422, -13.016483306884766, -12.831713676452637, 63.35242462158203, -12.015012741088867]","[-12.583054542541504, -12.906169891357422, -13.016483306884766, -12.831713676452637, 63.35242462158203, -12.015012741088867]","[-12.583054542541504, -12.906169891357422, -13.016483306884766, -12.831713676452637, 63.35242462158203, -12.015012741088867]",1,1,True,"['E', 'F']","['E', 'F']"
5ab381b155429969a97a816b::active_set_pack_a,5ab381b155429969a97a816b,"['A', 'B', 'C', 'D', 'E', 'F']","[0, 0, 0, 0, 1, 1]","[-12.695287704467773, -13.034234046936035, -13.10211181640625, -12.939536094665527, 63.52167892456055, -11.75050163269043]","[-12.695287704467773, -13.034234046936035, -13.10211181640625, -12.939536094665527, 63.52167892456055, -11.75050163269043]","[12.695287704467773, 13.034234046936035, 13.10211181640625, 12.939536094665527, -63.52167892456055, 11.75050163269043]",-1,-1,True,"['E', 'F']","['E', 'F']"
5ab381b155429969a97a816b::working_set_pack_b,5ab381b155429969a97a816b,"['A', 'B', 'C', 'D', 'E', 'F']","[0, 0, 0, 0, 1, 1]","[-11.484128952026367, -11.888115882873535, -11.882205963134766, -11.637625694274902, 57.3214225769043, -10.429337501525879]","[-11.484128952026367, -11.888115882873535, -11.882205963134766, -11.637625694274902, 57.3214225769043, -10.429337501525879]","[11.484128952026367, 11.888115882873535, 11.882205963134766, 11.637625694274902, -57.3214225769043, 10.429337501525879]",-1,-1,True,"['E', 'F']","['E', 'F']"
5ab381b155429969a97a816b::active_set_pack_b,5ab381b155429969a97a816b,"['A', 'B', 'C', 'D', 'E', 'F']","[0, 0, 0, 0, 1, 1]","[-11.85325813293457, -12.2688627243042, -12.25912094116211, -12.136455535888672, 59.30171203613281, -10.784022331237793]","[-11.85325813293457, -12.2688627243042, -12.25912094116211, -12.136455535888672, 59.30171203613281, -10.784022331237793]","[11.85325813293457, 12.2688627243042, 12.25912094116211, 12.136455535888672, -59.30171203613281, 10.784022331237793]",-1,-1,True,"['E', 'F']","['E', 'F']"
5ac2a5d455429921a00ab01b::working_set_pack_a,5ac2a5d455429921a00ab01b,"['A', 'B', 'C', 'D', 'E', 'F']","[0, 1, 0, 0, 1, 0]","[-6.251176834106445, -6.470821857452393, -8.013427734375, -6.218386173248291, 33.906558990478516, -6.952746391296387]","[-6.251176834106445, -6.470821857452393, -8.013427734375, -6.218386173248291, 33.906558990478516, -6.952746391296387]","[6.251176834106445, 6.470821857452393, 8.013427734375, 6.218386173248291, -33.906558990478516, 6.952746391296387]",-1,-1,False,"['C', 'E']","['B', 'E']"
5ac2a5d455429921a00ab01b::active_set_pack_a,5ac2a5d455429921a00ab01b,"['A', 'B', 'C', 'D', 'E', 'F']","[0, 1, 0, 0, 1, 0]","[-6.8006744384765625, -6.92732572555542, -7.646622180938721, -6.816133975982666, 35.407997131347656, -7.21723747253418]","[-6.8006744384765625, -6.92732572555542, -7.646622180938721, -6.816133975982666, 35.407997131347656, -7.21723747253418]","[6.8006744384765625, 6.92732572555542, 7.646622180938721, 6.816133975982666, -35.407997131347656, 7.21723747253418]",-1,-1,False,"['C', 'E']","['B', 'E']"
5ac2a5d455429921a00ab01b::working_set_pack_b,5ac2a5d455429921a00ab01b,"['A', 'B', 'C', 'D', 'E', 'F']","[0, 1, 0, 0, 1, 0]","[-7.569512844085693, -7.676474571228027, -7.618702411651611, -7.731500625610352, 38.80530548095703, -8.209122657775879]","[-7.569512844085693, -7.676474571228027, -7.618702411651611, -7.731500625610352, 38.80530548095703, -8.209122657775879]","[7.569512844085693, 7.676474571228027, 7.618702411651611, 7.731500625610352, -38.80530548095703, 8.209122657775879]",-1,-1,False,"['E', 'F']","['B', 'E']"
5ac2a5d455429921a00ab01b::active_set_pack_b,5ac2a5d455429921a00ab01b,"['A', 'B', 'C', 'D', 'E', 'F']","[0, 1, 0, 0, 1, 0]","[-6.167929649353027, -8.88955307006836, -6.429470062255859, -6.228930473327637, 34.2724609375, -6.556578636169434]","[-6.167929649353027, -8.88955307006836, -6.429470062255859, -6.228930473327637, 34.2724609375, -6.556578636169434]","[6.167929649353027, 8.88955307006836, 6.429470062255859, 6.228930473327637, -34.2724609375, 6.556578636169434]",-1,-1,True,"['B', 'E']","['B', 'E']"
5adc1309554299438c868d3b::working_set_pack_a,5adc1309554299438c868d3b,"['A', 'B', 'C', 'D', 'E', 'F']","[0, 0, 0, 1, 0, 1]","[-4.016664028167725, -3.5585572719573975, -4.562576770782471, -7.136636734008789, -12.746871948242188, 32.021297454833984]","[-4.016664028167725, -3.5585572719573975, -4.562576770782471, -7.136636734008789, -12.746871948242188, 32.021297454833984]","[4.016664028167725, 3.5585572719573975, 4.562576770782471, 7.136636734008789, 12.746871948242188, -32.021297454833984]",-1,-1,True,"['D', 'F']","['D', 'F']"
5adc1309554299438c868d3b::active_set_pack_a,5adc1309554299438c868d3b,"['A', 'B', 'C', 'D', 'E', 'F']","[0, 0, 0, 1, 0, 1]","[-6.609576225280762, -6.048501014709473, -7.1813530921936035, -8.229576110839844, -12.731241226196289, 40.80024337768555]","[-6.609576225280762, -6.048501014709473, -7.1813530921936035, -8.229576110839844, -12.731241226196289, 40.80024337768555]","[6.609576225280762, 6.048501014709473, 7.1813530921936035, 8.229576110839844, 12.731241226196289, -40.80024337768555]",-1,-1,True,"['D', 'F']","['D', 'F']"
5adc1309554299438c868d3b::working_set_pack_b,5adc1309554299438c868d3b,"['A', 'B', 'C', 'D', 'E', 'F']","[0, 0, 0, 1, 0, 1]","[-4.58698034286499, -4.323184490203857, -4.934378623962402, -7.113971710205078, -13.520086288452148, 34.478599548339844]","[-4.58698034286499, -4.323184490203857, -4.934378623962402, -7.113971710205078, -13.520086288452148, 34.478599548339844]","[4.58698034286499, 4.323184490203857, 4.934378623962402, 7.113971710205078, 13.520086288452148, -34.478599548339844]",-1,-1,True,"['D', 'F']","['D', 'F']"
5adc1309554299438c868d3b::active_set_pack_b,5adc1309554299438c868d3b,"['A', 'B', 'C', 'D', 'E', 'F']","[0, 0, 0, 1, 0, 1]","[-5.989218711853027, -5.6725993156433105, -6.498607158660889, -6.844738960266113, -12.067423820495605, 37.07258987426758]","[-5.989218711853027, -5.6725993156433105, -6.498607158660889, -6.844738960266113, -12.067423820495605, 37.07258987426758]","[5.989218711853027, 5.6725993156433105, 6.498607158660889, 6.844738960266113, 12.067423820495605, -37.07258987426758]",-1,-1,True,"['D', 'F']","['D', 'F']"
5a83168855429966c78a6b2e::working_set_pack_a,5a83168855429966c78a6b2e,"['A', 'B', 'C', 'D', 'E', 'F']","[0, 0, 0, 1, 1, 0]","[-6.0151190757751465, -6.487980365753174, -5.841129779815674, -8.19558334350586, 34.319637298583984, -7.7798237800598145]","[-6.0151190757751465, -6.487980365753174, -5.841129779815674, -8.19558334350586, 34.319637298583984, -7.7798237800598145]","[6.0151190757751465, 6.487980365753174, 5.841129779815674, 8.19558334350586, -34.319637298583984, 7.7798237800598145]",-1,-1,True,"['D', 'E']","['D', 'E']"
5a83168855429966c78a6b2e::active_set_pack_a,5a83168855429966c78a6b2e,"['A', 'B', 'C', 'D', 'E', 'F']","[0, 0, 0, 1, 1, 0]","[-7.088059902191162, -7.583414554595947, -6.9972333908081055, -7.8360114097595215, 38.29129409790039, -8.78657341003418]","[-7.088059902191162, -7.583414554595947, -6.9972333908081055, -7.8360114097595215, 38.29129409790039, -8.78657341003418]","[7.088059902191162, 7.583414554595947, 6.9972333908081055, 7.8360114097595215, -38.29129409790039, 8.78657341003418]",-1,-1,True,"['D', 'E']","['D', 'E']"
5a83168855429966c78a6b2e::working_set_pack_b,5a83168855429966c78a6b2e,"['A', 'B', 'C', 'D', 'E', 'F']","[0, 0, 0, 1, 1, 0]","[-4.070666790008545, -4.883909225463867, -4.0941619873046875, -7.460322380065918, 26.033985137939453, -5.524918079376221]","[-4.070666790008545, -4.883909225463867, -4.0941619873046875, -7.460322380065918, 26.033985137939453, -5.524918079376221]","[4.070666790008545, 4.883909225463867, 4.0941619873046875, 7.460322380065918, -26.033985137939453, 5.524918079376221]",-1,-1,True,"['D', 'E']","['D', 'E']"
5a83168855429966c78a6b2e::active_set_pack_b,5a83168855429966c78a6b2e,"['A', 'B', 'C', 'D', 'E', 'F']","[0, 0, 0, 1, 1, 0]","[-4.626294136047363, -5.382113456726074, -4.582651615142822, -6.583889007568359, 28.22465705871582, -7.049706935882568]","[-4.626294136047363, -5.382113456726074, -4.582651615142822, -6.583889007568359, 28.22465705871582, -7.049706935882568]","[4.626294136047363, 5.382113456726074, 4.582651615142822, 6.583889007568359, -28.22465705871582, 7.049706935882568]",-1,-1,True,"['D', 'E']","['D', 'E']"
5ab345db55429969a97a8122::working_set_pack_a,5ab345db55429969a97a8122,"['A', 'B', 'C', 'D', 'E', 'F']","[0, 1, 1, 0, 0, 0]","[-23.24981117248535, 2.497576951980591, 2.342761516571045, 13.365787506103516, 2.4448413848876953, 2.598855972290039]","[23.24981117248535, -2.497576951980591, -2.342761516571045, -13.365787506103516, -2.4448413848876953, -2.598855972290039]","[23.24981117248535, -2.497576951980591, -2.342761516571045, -13.365787506103516, -2.4448413848876953, -2.598855972290039]",-1,1,False,"['A', 'D']","['B', 'C']"
5ab345db55429969a97a8122::active_set_pack_a,5ab345db55429969a97a8122,"['A', 'B', 'C', 'D', 'E', 'F']","[0, 1, 1, 0, 0, 0]","[-24.53162956237793, 1.2323012351989746, 1.5892479419708252, 18.0772762298584, 1.6608023643493652, 1.9720009565353394]","[24.53162956237793, -1.2323012351989746, -1.5892479419708252, -18.0772762298584, -1.6608023643493652, -1.9720009565353394]","[24.53162956237793, -1.2323012351989746, -1.5892479419708252, -18.0772762298584, -1.6608023643493652, -1.9720009565353394]",-1,1,False,"['A', 'D']","['B', 'C']"
5ab345db55429969a97a8122::working_set_pack_b,5ab345db55429969a97a8122,"['A', 'B', 'C', 'D', 'E', 'F']","[0, 1, 1, 0, 0, 0]","[-27.14361000061035, 5.184858322143555, 5.299370288848877, 6.269006252288818, 5.248647212982178, 5.141725063323975]","[27.14361000061035, -5.184858322143555, -5.299370288848877, -6.269006252288818, -5.248647212982178, -5.141725063323975]","[27.14361000061035, -5.184858322143555, -5.299370288848877, -6.269006252288818, -5.248647212982178, -5.141725063323975]",-1,1,False,"['A', 'D']","['B', 'C']"
5ab345db55429969a97a8122::active_set_pack_b,5ab345db55429969a97a8122,"['A', 'B', 'C', 'D', 'E', 'F']","[0, 1, 1, 0, 0, 0]","[-27.130037307739258, 5.460003852844238, 6.135450839996338, 4.744261264801025, 5.497218608856201, 5.293095588684082]","[27.130037307739258, -5.460003852844238, -6.135450839996338, -4.744261264801025, -5.497218608856201, -5.293095588684082]","[-27.130037307739258, 5.460003852844238, 6.135450839996338, 4.744261264801025, 5.497218608856201, 5.293095588684082]",1,-1,False,"['A', 'E']","['B', 'C']"
5adf732a5542993a75d264e9::working_set_pack_a,5adf732a5542993a75d264e9,"['A', 'B', 'C', 'D', 'E', 'F']","[1, 1, 0, 0, 0, 0]","[-2.7061290740966797, 22.009502410888672, -3.0221004486083984, -9.171324729919434, -4.82386589050293, -2.2860867977142334]","[-2.7061290740966797, 22.009502410888672, -3.0221004486083984, -9.171324729919434, -4.82386589050293, -2.2860867977142334]","[2.7061290740966797, -22.009502410888672, 3.0221004486083984, 9.171324729919434, 4.82386589050293, 2.2860867977142334]",-1,-1,False,"['B', 'D']","['A', 'B']"
5adf732a5542993a75d264e9::active_set_pack_a,5adf732a5542993a75d264e9,"['A', 'B', 'C', 'D', 'E', 'F']","[1, 1, 0, 0, 0, 0]","[-4.78678560256958, 26.847217559814453, -4.826520919799805, -7.639554977416992, -4.862331867218018, -4.732016563415527]","[-4.78678560256958, 26.847217559814453, -4.826520919799805, -7.639554977416992, -4.862331867218018, -4.732016563415527]","[-4.78678560256958, 26.847217559814453, -4.826520919799805, -7.639554977416992, -4.862331867218018, -4.732016563415527]",1,1,False,"['B', 'D']","['A', 'B']"
5adf732a5542993a75d264e9::working_set_pack_b,5adf732a5542993a75d264e9,"['A', 'B', 'C', 'D', 'E', 'F']","[1, 1, 0, 0, 0, 0]","[-6.382823467254639, 35.182044982910156, -6.36067008972168, -9.834236145019531, -6.443360805511475, -6.160952091217041]","[-6.382823467254639, 35.182044982910156, -6.36067008972168, -9.834236145019531, -6.443360805511475, -6.160952091217041]","[6.382823467254639, -35.182044982910156, 6.36067008972168, 9.834236145019531, 6.443360805511475, 6.160952091217041]",-1,-1,False,"['B', 'D']","['A', 'B']"
5adf732a5542993a75d264e9::active_set_pack_b,5adf732a5542993a75d264e9,"['A', 'B', 'C', 'D', 'E', 'F']","[1, 1, 0, 0, 0, 0]","[-7.5640153884887695, 40.03995132446289, -7.700618743896484, -9.907025337219238, -7.591990947723389, -7.276294231414795]","[-7.5640153884887695, 40.03995132446289, -7.700618743896484, -9.907025337219238, -7.591990947723389, -7.276294231414795]","[7.5640153884887695, -40.03995132446289, 7.700618743896484, 9.907025337219238, 7.591990947723389, 7.276294231414795]",-1,-1,False,"['B', 'D']","['A', 'B']"
5a7272eb5542997f827839d7::working_set_pack_a,5a7272eb5542997f827839d7,"['A', 'B', 'C', 'D', 'E', 'F']","[0, 0, 0, 0, 1, 1]","[-5.365079402923584, -6.7033305168151855, -5.712216377258301, -6.111675262451172, 29.465051651000977, -5.572736740112305]","[-5.365079402923584, -6.7033305168151855, -5.712216377258301, -6.111675262451172, 29.465051651000977, -5.572736740112305]","[5.365079402923584, 6.7033305168151855, 5.712216377258301, 6.111675262451172, -29.465051651000977, 5.572736740112305]",-1,-1,False,"['D', 'E']","['E', 'F']"
5a7272eb5542997f827839d7::active_set_pack_a,5a7272eb5542997f827839d7,"['A', 'B', 'C', 'D', 'E', 'F']","[0, 0, 0, 0, 1, 1]","[-6.224145412445068, -7.210226058959961, -6.51602840423584, -6.0365400314331055, 31.78518295288086, -5.798252582550049]","[-6.224145412445068, -7.210226058959961, -6.51602840423584, -6.0365400314331055, 31.78518295288086, -5.798252582550049]","[6.224145412445068, 7.210226058959961, 6.51602840423584, 6.0365400314331055, -31.78518295288086, 5.798252582550049]",-1,-1,False,"['D', 'E']","['E', 'F']"
5a7272eb5542997f827839d7::working_set_pack_b,5a7272eb5542997f827839d7,"['A', 'B', 'C', 'D', 'E', 'F']","[0, 0, 0, 0, 1, 1]","[-6.610359191894531, -7.316100597381592, -6.16406774520874, -6.821465015411377, 33.480613708496094, -6.568636417388916]","[-6.610359191894531, -7.316100597381592, -6.16406774520874, -6.821465015411377, 33.480613708496094, -6.568636417388916]","[6.610359191894531, 7.316100597381592, 6.16406774520874, 6.821465015411377, -33.480613708496094, 6.568636417388916]",-1,-1,False,"['D', 'E']","['E', 'F']"
5a7272eb5542997f827839d7::active_set_pack_b,5a7272eb5542997f827839d7,"['A', 'B', 'C', 'D', 'E', 'F']","[0, 0, 0, 0, 1, 1]","[-7.504543781280518, -8.251465797424316, -7.791890621185303, -8.729915618896484, 40.13100814819336, -7.853184700012207]","[-7.504543781280518, -8.251465797424316, -7.791890621185303, -8.729915618896484, 40.13100814819336, -7.853184700012207]","[7.504543781280518, 8.251465797424316, 7.791890621185303, 8.729915618896484, -40.13100814819336, 7.853184700012207]",-1,-1,False,"['D', 'E']","['E', 'F']"
5ac2c3545542990b17b1548b::working_set_pack_a,5ac2c3545542990b17b1548b,"['A', 'B', 'C', 'D', 'E', 'F']","[1, 0, 0, 1, 0, 0]","[-9.533140182495117, -8.78396224975586, -8.674903869628906, 44.9663200378418, -9.198482513427734, -8.775835990905762]","[-9.533140182495117, -8.78396224975586, -8.674903869628906, 44.9663200378418, -9.198482513427734, -8.775835990905762]","[9.533140182495117, 8.78396224975586, 8.674903869628906, -44.9663200378418, 9.198482513427734, 8.775835990905762]",-1,-1,True,"['A', 'D']","['A', 'D']"
5ac2c3545542990b17b1548b::active_set_pack_a,5ac2c3545542990b17b1548b,"['A', 'B', 'C', 'D', 'E', 'F']","[1, 0, 0, 1, 0, 0]","[-9.605019569396973, -7.841291904449463, -7.735564231872559, 41.2215690612793, -8.216245651245117, -7.8234405517578125]","[-9.605019569396973, -7.841291904449463, -7.735564231872559, 41.2215690612793, -8.216245651245117, -7.8234405517578125]","[9.605019569396973, 7.841291904449463, 7.735564231872559, -41.2215690612793, 8.216245651245117, 7.8234405517578125]",-1,-1,True,"['A', 'D']","['A', 'D']"
5ac2c3545542990b17b1548b::working_set_pack_b,5ac2c3545542990b17b1548b,"['A', 'B', 'C', 'D', 'E', 'F']","[1, 0, 0, 1, 0, 0]","[-12.504350662231445, -5.87389612197876, -5.733255386352539, 36.188133239746094, -6.239738941192627, -5.836901664733887]","[-12.504350662231445, -5.87389612197876, -5.733255386352539, 36.188133239746094, -6.239738941192627, -5.836901664733887]","[12.504350662231445, 5.87389612197876, 5.733255386352539, -36.188133239746094, 6.239738941192627, 5.836901664733887]",-1,-1,True,"['A', 'D']","['A', 'D']"
5ac2c3545542990b17b1548b::active_set_pack_b,5ac2c3545542990b17b1548b,"['A', 'B', 'C', 'D', 'E', 'F']","[1, 0, 0, 1, 0, 0]","[-8.226408958435059, -5.135166168212891, -5.1178717613220215, 29.057432174682617, -5.395723342895508, -5.182245254516602]","[-8.226408958435059, -5.135166168212891, -5.1178717613220215, 29.057432174682617, -5.395723342895508, -5.182245254516602]","[8.226408958435059, 5.135166168212891, 5.1178717613220215, -29.057432174682617, 5.395723342895508, 5.182245254516602]",-1,-1,True,"['A', 'D']","['A', 'D']"
5a76a401554299373536012b::working_set_pack_a,5a76a401554299373536012b,"['A', 'B', 'C', 'D', 'E', 'F']","[0, 1, 1, 0, 0, 0]","[-5.73300313949585, -6.88314151763916, 38.26228332519531, -6.38309383392334, -13.655583381652832, -5.607442855834961]","[-5.73300313949585, -6.88314151763916, 38.26228332519531, -6.38309383392334, -13.655583381652832, -5.607442855834961]","[5.73300313949585, 6.88314151763916, -38.26228332519531, 6.38309383392334, 13.655583381652832, 5.607442855834961]",-1,-1,False,"['C', 'E']","['B', 'C']"
5a76a401554299373536012b::active_set_pack_a,5a76a401554299373536012b,"['A', 'B', 'C', 'D', 'E', 'F']","[0, 1, 1, 0, 0, 0]","[-8.741809844970703, -10.100943565368652, 48.15325164794922, -8.837872505187988, -11.767199516296387, -8.70543098449707]","[-8.741809844970703, -10.100943565368652, 48.15325164794922, -8.837872505187988, -11.767199516296387, -8.70543098449707]","[8.741809844970703, 10.100943565368652, -48.15325164794922, 8.837872505187988, 11.767199516296387, 8.70543098449707]",-1,-1,False,"['C', 'E']","['B', 'C']"
5a76a401554299373536012b::working_set_pack_b,5a76a401554299373536012b,"['A', 'B', 'C', 'D', 'E', 'F']","[0, 1, 1, 0, 0, 0]","[-2.5209813117980957, -4.546431541442871, 33.55691909790039, -3.1714236736297607, -18.823097229003906, -4.4949822425842285]","[-2.5209813117980957, -4.546431541442871, 33.55691909790039, -3.1714236736297607, -18.823097229003906, -4.4949822425842285]","[-2.5209813117980957, -4.546431541442871, 33.55691909790039, -3.1714236736297607, -18.823097229003906, -4.4949822425842285]",1,1,False,"['C', 'E']","['B', 'C']"
5a76a401554299373536012b::active_set_pack_b,5a76a401554299373536012b,"['A', 'B', 'C', 'D', 'E', 'F']","[0, 1, 1, 0, 0, 0]","[-4.759367942810059, -5.584269046783447, 36.567352294921875, -4.0749993324279785, -17.44542694091797, -4.703286647796631]","[-4.759367942810059, -5.584269046783447, 36.567352294921875, -4.0749993324279785, -17.44542694091797, -4.703286647796631]","[4.759367942810059, 5.584269046783447, -36.567352294921875, 4.0749993324279785, 17.44542694091797, 4.703286647796631]",-1,-1,False,"['C', 'E']","['B', 'C']"
5ae3918b5542994393b9e709::working_set_pack_a,5ae3918b5542994393b9e709,"['A', 'B', 'C', 'D', 'E', 'F']","[0, 0, 1, 0, 1, 0]","[-7.765714168548584, -7.710177421569824, -7.758204460144043, -8.801654815673828, 40.84699630737305, -8.811246871948242]","[-7.765714168548584, -7.710177421569824, -7.758204460144043, -8.801654815673828, 40.84699630737305, -8.811246871948242]","[-7.765714168548584, -7.710177421569824, -7.758204460144043, -8.801654815673828, 40.84699630737305, -8.811246871948242]",1,1,False,"['D', 'E']","['C', 'E']"
5ae3918b5542994393b9e709::active_set_pack_a,5ae3918b5542994393b9e709,"['A', 'B', 'C', 'D', 'E', 'F']","[0, 0, 1, 0, 1, 0]","[-9.181385040283203, -9.20504093170166, -8.956794738769531, -9.568802833557129, 46.995826721191406, -10.083803176879883]","[-9.181385040283203, -9.20504093170166, -8.956794738769531, -9.568802833557129, 46.995826721191406, -10.083803176879883]","[-9.181385040283203, -9.20504093170166, -8.956794738769531, -9.568802833557129, 46.995826721191406, -10.083803176879883]",1,1,False,"['D', 'E']","['C', 'E']"
5ae3918b5542994393b9e709::working_set_pack_b,5ae3918b5542994393b9e709,"['A', 'B', 'C', 'D', 'E', 'F']","[0, 0, 1, 0, 1, 0]","[-7.22401237487793, -7.2569684982299805, -6.9130401611328125, -10.339920043945312, 39.74538803100586, -8.01143741607666]","[-7.22401237487793, -7.2569684982299805, -6.9130401611328125, -10.339920043945312, 39.74538803100586, -8.01143741607666]","[7.22401237487793, 7.2569684982299805, 6.9130401611328125, 10.339920043945312, -39.74538803100586, 8.01143741607666]",-1,-1,False,"['D', 'E']","['C', 'E']"
5ae3918b5542994393b9e709::active_set_pack_b,5ae3918b5542994393b9e709,"['A', 'B', 'C', 'D', 'E', 'F']","[0, 0, 1, 0, 1, 0]","[-7.824121475219727, -7.7591729164123535, -7.48145055770874, -10.31163215637207, 41.62550354003906, -8.249128341674805]","[-7.824121475219727, -7.7591729164123535, -7.48145055770874, -10.31163215637207, 41.62550354003906, -8.249128341674805]","[7.824121475219727, 7.7591729164123535, 7.48145055770874, 10.31163215637207, -41.62550354003906, 8.249128341674805]",-1,-1,False,"['D', 'E']","['C', 'E']"
5a8efd3c55429918e830d179::working_set_pack_a,5a8efd3c55429918e830d179,"['A', 'B', 'C', 'D', 'E', 'F']","[0, 0, 0, 1, 1, 0]","[-12.411796569824219, -12.82009220123291, -12.385004043579102, 63.54065704345703, -13.43291187286377, -12.490848541259766]","[-12.411796569824219, -12.82009220123291, -12.385004043579102, 63.54065704345703, -13.43291187286377, -12.490848541259766]","[12.411796569824219, 12.82009220123291, 12.385004043579102, -63.54065704345703, 13.43291187286377, 12.490848541259766]",-1,-1,True,"['D', 'E']","['D', 'E']"
5a8efd3c55429918e830d179::active_set_pack_a,5a8efd3c55429918e830d179,"['A', 'B', 'C', 'D', 'E', 'F']","[0, 0, 0, 1, 1, 0]","[-11.542426109313965, -11.86394214630127, -11.519709587097168, 59.57025909423828, -12.92756175994873, -11.7166109085083]","[-11.542426109313965, -11.86394214630127, -11.519709587097168, 59.57025909423828, -12.92756175994873, -11.7166109085083]","[11.542426109313965, 11.86394214630127, 11.519709587097168, -59.57025909423828, 12.92756175994873, 11.7166109085083]",-1,-1,True,"['D', 'E']","['D', 'E']"
5a8efd3c55429918e830d179::working_set_pack_b,5a8efd3c55429918e830d179,"['A', 'B', 'C', 'D', 'E', 'F']","[0, 0, 0, 1, 1, 0]","[-15.17151927947998, -15.416013717651367, -15.194366455078125, 76.74272918701172, -15.741634368896484, -15.219193458557129]","[-15.17151927947998, -15.416013717651367, -15.194366455078125, 76.74272918701172, -15.741634368896484, -15.219193458557129]","[15.17151927947998, 15.416013717651367, 15.194366455078125, -76.74272918701172, 15.741634368896484, 15.219193458557129]",-1,-1,True,"['D', 'E']","['D', 'E']"
5a8efd3c55429918e830d179::active_set_pack_b,5a8efd3c55429918e830d179,"['A', 'B', 'C', 'D', 'E', 'F']","[0, 0, 0, 1, 1, 0]","[-13.030815124511719, -13.368393898010254, -13.194172859191895, 66.24195098876953, -13.458454132080078, -13.19012451171875]","[-13.030815124511719, -13.368393898010254, -13.194172859191895, 66.24195098876953, -13.458454132080078, -13.19012451171875]","[13.030815124511719, 13.368393898010254, 13.194172859191895, -66.24195098876953, 13.458454132080078, 13.19012451171875]",-1,-1,True,"['D', 'E']","['D', 'E']"
5a8b63755542997f31a41cfe::working_set_pack_a,5a8b63755542997f31a41cfe,"['A', 'B', 'C', 'D', 'E', 'F']","[1, 0, 0, 0, 0, 1]","[-6.205014228820801, -5.6297688484191895, -5.255152225494385, -5.07025671005249, -5.150025844573975, 27.310211181640625]","[-6.205014228820801, -5.6297688484191895, -5.255152225494385, -5.07025671005249, -5.150025844573975, 27.310211181640625]","[6.205014228820801, 5.6297688484191895, 5.255152225494385, 5.07025671005249, 5.150025844573975, -27.310211181640625]",-1,-1,True,"['A', 'F']","['A', 'F']"
5a8b63755542997f31a41cfe::active_set_pack_a,5a8b63755542997f31a41cfe,"['A', 'B', 'C', 'D', 'E', 'F']","[1, 0, 0, 0, 0, 1]","[-6.099336624145508, -5.648013114929199, -6.079304218292236, -5.917154788970947, -5.7538533210754395, 29.497665405273438]","[-6.099336624145508, -5.648013114929199, -6.079304218292236, -5.917154788970947, -5.7538533210754395, 29.497665405273438]","[6.099336624145508, 5.648013114929199, 6.079304218292236, 5.917154788970947, 5.7538533210754395, -29.497665405273438]",-1,-1,True,"['A', 'F']","['A', 'F']"
5a8b63755542997f31a41cfe::working_set_pack_b,5a8b63755542997f31a41cfe,"['A', 'B', 'C', 'D', 'E', 'F']","[1, 0, 0, 0, 0, 1]","[-5.5816426277160645, -5.515761852264404, -5.726909160614014, -5.778849124908447, -6.038668155670166, 28.64183235168457]","[-5.5816426277160645, -5.515761852264404, -5.726909160614014, -5.778849124908447, -6.038668155670166, 28.64183235168457]","[5.5816426277160645, 5.515761852264404, 5.726909160614014, 5.778849124908447, 6.038668155670166, -28.64183235168457]",-1,-1,True,"['A', 'F']","['A', 'F']"
5a8b63755542997f31a41cfe::active_set_pack_b,5a8b63755542997f31a41cfe,"['A', 'B', 'C', 'D', 'E', 'F']","[1, 0, 0, 0, 0, 1]","[-6.023394584655762, -5.397161960601807, -5.602801322937012, -5.575333118438721, -5.824812412261963, 28.42349624633789]","[-6.023394584655762, -5.397161960601807, -5.602801322937012, -5.575333118438721, -5.824812412261963, 28.42349624633789]","[6.023394584655762, 5.397161960601807, 5.602801322937012, 5.575333118438721, 5.824812412261963, -28.42349624633789]",-1,-1,True,"['A', 'F']","['A', 'F']"
5a7a02235542996c55b2dcd3::working_set_pack_a,5a7a02235542996c55b2dcd3,"['A', 'B', 'C', 'D', 'E', 'F']","[0, 1, 0, 0, 1, 0]","[-5.001875400543213, -6.0912184715271, -5.265007495880127, -5.421950817108154, 26.934978485107422, -5.154929161071777]","[-5.001875400543213, -6.0912184715271, -5.265007495880127, -5.421950817108154, 26.934978485107422, -5.154929161071777]","[5.001875400543213, 6.0912184715271, 5.265007495880127, 5.421950817108154, -26.934978485107422, 5.154929161071777]",-1,-1,True,"['B', 'E']","['B', 'E']"
5a7a02235542996c55b2dcd3::active_set_pack_a,5a7a02235542996c55b2dcd3,"['A', 'B', 'C', 'D', 'E', 'F']","[0, 1, 0, 0, 1, 0]","[-6.254310131072998, -6.913975238800049, -6.570721626281738, -6.701035022735596, 32.9319953918457, -6.491954803466797]","[-6.254310131072998, -6.913975238800049, -6.570721626281738, -6.701035022735596, 32.9319953918457, -6.491954803466797]","[6.254310131072998, 6.913975238800049, 6.570721626281738, 6.701035022735596, -32.9319953918457, 6.491954803466797]",-1,-1,True,"['B', 'E']","['B', 'E']"
5a7a02235542996c55b2dcd3::working_set_pack_b,5a7a02235542996c55b2dcd3,"['A', 'B', 'C', 'D', 'E', 'F']","[0, 1, 0, 0, 1, 0]","[-5.636135578155518, -8.955255508422852, -5.9170708656311035, -6.117953300476074, 32.30817794799805, -5.68175745010376]","[-5.636135578155518, -8.955255508422852, -5.9170708656311035, -6.117953300476074, 32.30817794799805, -5.68175745010376]","[5.636135578155518, 8.955255508422852, 5.9170708656311035, 6.117953300476074, -32.30817794799805, 5.68175745010376]",-1,-1,True,"['B', 'E']","['B', 'E']"
5a7a02235542996c55b2dcd3::active_set_pack_b,5a7a02235542996c55b2dcd3,"['A', 'B', 'C', 'D', 'E', 'F']","[0, 1, 0, 0, 1, 0]","[-5.755962371826172, -9.085021018981934, -6.133501052856445, -6.259860038757324, 33.12018585205078, -5.88585090637207]","[-5.755962371826172, -9.085021018981934, -6.133501052856445, -6.259860038757324, 33.12018585205078, -5.88585090637207]","[5.755962371826172, 9.085021018981934, 6.133501052856445, 6.259860038757324, -33.12018585205078, 5.88585090637207]",-1,-1,True,"['B', 'E']","['B', 'E']"
5ac061ab554299294b218fac::working_set_pack_a,5ac061ab554299294b218fac,"['A', 'B', 'C', 'D', 'E', 'F']","[0, 1, 0, 1, 0, 0]","[-1.9405066967010498, 25.21202850341797, -2.1267449855804443, -15.933876991271973, -2.6634202003479004, -2.547471761703491]","[-1.9405066967010498, 25.21202850341797, -2.1267449855804443, -15.933876991271973, -2.6634202003479004, -2.547471761703491]","[-1.9405066967010498, 25.21202850341797, -2.1267449855804443, -15.933876991271973, -2.6634202003479004, -2.547471761703491]",1,1,True,"['B', 'D']","['B', 'D']"
5ac061ab554299294b218fac::active_set_pack_a,5ac061ab554299294b218fac,"['A', 'B', 'C', 'D', 'E', 'F']","[0, 1, 0, 1, 0, 0]","[-3.7034661769866943, 30.702516555786133, -4.4055986404418945, -13.139913558959961, -5.087213516235352, -4.3663249015808105]","[-3.7034661769866943, 30.702516555786133, -4.4055986404418945, -13.139913558959961, -5.087213516235352, -4.3663249015808105]","[3.7034661769866943, -30.702516555786133, 4.4055986404418945, 13.139913558959961, 5.087213516235352, 4.3663249015808105]",-1,-1,True,"['B', 'D']","['B', 'D']"
5ac061ab554299294b218fac::working_set_pack_b,5ac061ab554299294b218fac,"['A', 'B', 'C', 'D', 'E', 'F']","[0, 1, 0, 1, 0, 0]","[-1.3823152780532837, -18.577348709106445, -1.2187449932098389, 23.449499130249023, -1.088360071182251, -1.1827304363250732]","[-1.3823152780532837, -18.577348709106445, -1.2187449932098389, 23.449499130249023, -1.088360071182251, -1.1827304363250732]","[-1.3823152780532837, -18.577348709106445, -1.2187449932098389, 23.449499130249023, -1.088360071182251, -1.1827304363250732]",1,1,True,"['B', 'D']","['B', 'D']"
5ac061ab554299294b218fac::active_set_pack_b,5ac061ab554299294b218fac,"['A', 'B', 'C', 'D', 'E', 'F']","[0, 1, 0, 1, 0, 0]","[-2.8108954429626465, 26.26470947265625, -2.8985049724578857, -13.758360862731934, -4.054277420043945, -2.7426676750183105]","[-2.8108954429626465, 26.26470947265625, -2.8985049724578857, -13.758360862731934, -4.054277420043945, -2.7426676750183105]","[2.8108954429626465, -26.26470947265625, 2.8985049724578857, 13.758360862731934, 4.054277420043945, 2.7426676750183105]",-1,-1,True,"['B', 'D']","['B', 'D']"
5ab5a2f85542997d4ad1f197::working_set_pack_a,5ab5a2f85542997d4ad1f197,"['A', 'B', 'C', 'D', 'E', 'F']","[0, 0, 1, 0, 0, 1]","[4.165824890136719, 4.826467514038086, 9.033527374267578, 4.261472225189209, -26.746076583862305, 4.4587836265563965]","[-4.165824890136719, -4.826467514038086, -9.033527374267578, -4.261472225189209, 26.746076583862305, -4.4587836265563965]","[-4.165824890136719, -4.826467514038086, -9.033527374267578, -4.261472225189209, 26.746076583862305, -4.4587836265563965]",-1,1,False,"['B', 'E']","['C', 'F']"
5ab5a2f85542997d4ad1f197::active_set_pack_a,5ab5a2f85542997d4ad1f197,"['A', 'B', 'C', 'D', 'E', 'F']","[0, 0, 1, 0, 0, 1]","[4.762115478515625, 4.681515693664551, 10.53139877319336, 5.227479457855225, -30.698226928710938, 5.495723724365234]","[-4.762115478515625, -4.681515693664551, -10.53139877319336, -5.227479457855225, 30.698226928710938, -5.495723724365234]","[-4.762115478515625, -4.681515693664551, -10.53139877319336, -5.227479457855225, 30.698226928710938, -5.495723724365234]",-1,1,False,"['B', 'E']","['C', 'F']"
5ab5a2f85542997d4ad1f197::working_set_pack_b,5ab5a2f85542997d4ad1f197,"['A', 'B', 'C', 'D', 'E', 'F']","[0, 0, 1, 0, 0, 1]","[6.9479265213012695, 7.079227924346924, 8.891242980957031, 7.428889751434326, -37.3924560546875, 7.045175552368164]","[-6.9479265213012695, -7.079227924346924, -8.891242980957031, -7.428889751434326, 37.3924560546875, -7.045175552368164]","[6.9479265213012695, 7.079227924346924, 8.891242980957031, 7.428889751434326, -37.3924560546875, 7.045175552368164]",1,-1,False,"['B', 'E']","['C', 'F']"
5ab5a2f85542997d4ad1f197::active_set_pack_b,5ab5a2f85542997d4ad1f197,"['A', 'B', 'C', 'D', 'E', 'F']","[0, 0, 1, 0, 0, 1]","[7.5089287757873535, 7.615696430206299, 10.726720809936523, 7.858888626098633, -41.1694221496582, 7.459182262420654]","[-7.5089287757873535, -7.615696430206299, -10.726720809936523, -7.858888626098633, 41.1694221496582, -7.459182262420654]","[7.5089287757873535, 7.615696430206299, 10.726720809936523, 7.858888626098633, -41.1694221496582, 7.459182262420654]",1,-1,False,"['B', 'E']","['C', 'F']"
5abd7ca05542993062266cab::working_set_pack_a,5abd7ca05542993062266cab,"['A', 'B', 'C', 'D', 'E', 'F']","[1, 0, 1, 0, 0, 0]","[-9.40202808380127, -7.924063205718994, 42.85452651977539, -8.160834312438965, -8.654131889343262, -8.71346664428711]","[-9.40202808380127, -7.924063205718994, 42.85452651977539, -8.160834312438965, -8.654131889343262, -8.71346664428711]","[9.40202808380127, 7.924063205718994, -42.85452651977539, 8.160834312438965, 8.654131889343262, 8.71346664428711]",-1,-1,True,"['A', 'C']","['A', 'C']"
5abd7ca05542993062266cab::active_set_pack_a,5abd7ca05542993062266cab,"['A', 'B', 'C', 'D', 'E', 'F']","[1, 0, 1, 0, 0, 0]","[-8.973480224609375, -7.867136001586914, 42.68798828125, -8.051502227783203, -8.755256652832031, -9.04061508178711]","[-8.973480224609375, -7.867136001586914, 42.68798828125, -8.051502227783203, -8.755256652832031, -9.04061508178711]","[8.973480224609375, 7.867136001586914, -42.68798828125, 8.051502227783203, 8.755256652832031, 9.04061508178711]",-1,-1,True,"['A', 'C']","['A', 'C']"
5abd7ca05542993062266cab::working_set_pack_b,5abd7ca05542993062266cab,"['A', 'B', 'C', 'D', 'E', 'F']","[1, 0, 1, 0, 0, 0]","[-8.898646354675293, -7.585960865020752, 40.826515197753906, -7.907734394073486, -7.388213157653809, -9.045970916748047]","[-8.898646354675293, -7.585960865020752, 40.826515197753906, -7.907734394073486, -7.388213157653809, -9.045970916748047]","[8.898646354675293, 7.585960865020752, -40.826515197753906, 7.907734394073486, 7.388213157653809, 9.045970916748047]",-1,-1,False,"['C', 'F']","['A', 'C']"
5abd7ca05542993062266cab::active_set_pack_b,5abd7ca05542993062266cab,"['A', 'B', 'C', 'D', 'E', 'F']","[1, 0, 1, 0, 0, 0]","[-9.246710777282715, -7.106499195098877, 39.80818176269531, -7.2962164878845215, -7.687617301940918, -8.471148490905762]","[-9.246710777282715, -7.106499195098877, 39.80818176269531, -7.2962164878845215, -7.687617301940918, -8.471148490905762]","[9.246710777282715, 7.106499195098877, -39.80818176269531, 7.2962164878845215, 7.687617301940918, 8.471148490905762]",-1,-1,True,"['A', 'C']","['A', 'C']"
5ae732685542991e8301cbc3::working_set_pack_a,5ae732685542991e8301cbc3,"['A', 'B', 'C', 'D', 'E', 'F']","[1, 0, 1, 0, 0, 0]","[22.431427001953125, -4.694540977478027, -3.156235456466675, -5.222701072692871, -4.582272052764893, -4.77567720413208]","[22.431427001953125, -4.694540977478027, -3.156235456466675, -5.222701072692871, -4.582272052764893, -4.77567720413208]","[22.431427001953125, -4.694540977478027, -3.156235456466675, -5.222701072692871, -4.582272052764893, -4.77567720413208]",1,1,True,"['A', 'C']","['A', 'C']"
5ae732685542991e8301cbc3::active_set_pack_a,5ae732685542991e8301cbc3,"['A', 'B', 'C', 'D', 'E', 'F']","[1, 0, 1, 0, 0, 0]","[24.900896072387695, -5.042491436004639, -4.709290504455566, -5.1712541580200195, -5.277182579040527, -4.700676441192627]","[24.900896072387695, -5.042491436004639, -4.709290504455566, -5.1712541580200195, -5.277182579040527, -4.700676441192627]","[24.900896072387695, -5.042491436004639, -4.709290504455566, -5.1712541580200195, -5.277182579040527, -4.700676441192627]",1,1,True,"['A', 'C']","['A', 'C']"
5ae732685542991e8301cbc3::working_set_pack_b,5ae732685542991e8301cbc3,"['A', 'B', 'C', 'D', 'E', 'F']","[1, 0, 1, 0, 0, 0]","[16.746646881103516, -8.62502670288086, -2.4830613136291504, -2.231236219406128, -1.6516375541687012, -1.7556899785995483]","[16.746646881103516, -8.62502670288086, -2.4830613136291504, -2.231236219406128, -1.6516375541687012, -1.7556899785995483]","[16.746646881103516, -8.62502670288086, -2.4830613136291504, -2.231236219406128, -1.6516375541687012, -1.7556899785995483]",1,1,True,"['A', 'C']","['A', 'C']"
5ae732685542991e8301cbc3::active_set_pack_b,5ae732685542991e8301cbc3,"['A', 'B', 'C', 'D', 'E', 'F']","[1, 0, 1, 0, 0, 0]","[-0.31955498456954956, 9.487261772155762, 7.464569091796875, -5.649226665496826, 3.4633049964904785, -14.446351051330566]","[-0.31955498456954956, 9.487261772155762, 7.464569091796875, -5.649226665496826, 3.4633049964904785, -14.446351051330566]","[-0.31955498456954956, 9.487261772155762, 7.464569091796875, -5.649226665496826, 3.4633049964904785, -14.446351051330566]",1,1,True,"['A', 'C']","['A', 'C']"
5a8a2ebc5542996c9b8d5e33::working_set_pack_a,5a8a2ebc5542996c9b8d5e33,"['A', 'B', 'C', 'D', 'E', 'F']","[0, 0, 1, 0, 1, 0]","[-5.754312515258789, -5.815897464752197, -7.723111152648926, -5.971710205078125, 32.70387268066406, -7.438841819763184]","[-5.754312515258789, -5.815897464752197, -7.723111152648926, -5.971710205078125, 32.70387268066406, -7.438841819763184]","[5.754312515258789, 5.815897464752197, 7.723111152648926, 5.971710205078125, -32.70387268066406, 7.438841819763184]",-1,-1,True,"['C', 'E']","['C', 'E']"
5a8a2ebc5542996c9b8d5e33::active_set_pack_a,5a8a2ebc5542996c9b8d5e33,"['A', 'B', 'C', 'D', 'E', 'F']","[0, 0, 1, 0, 1, 0]","[-6.518653869628906, -6.001066207885742, 35.073944091796875, -6.271811485290527, -9.187056541442871, -7.095368385314941]","[-6.518653869628906, -6.001066207885742, 35.073944091796875, -6.271811485290527, -9.187056541442871, -7.095368385314941]","[-6.518653869628906, -6.001066207885742, 35.073944091796875, -6.271811485290527, -9.187056541442871, -7.095368385314941]",1,1,True,"['C', 'E']","['C', 'E']"
5a8a2ebc5542996c9b8d5e33::working_set_pack_b,5a8a2ebc5542996c9b8d5e33,"['A', 'B', 'C', 'D', 'E', 'F']","[0, 0, 1, 0, 1, 0]","[-7.568464279174805, -6.995164394378662, 41.0418701171875, -7.098276615142822, -9.281625747680664, -10.098329544067383]","[-7.568464279174805, -6.995164394378662, 41.0418701171875, -7.098276615142822, -9.281625747680664, -10.098329544067383]","[-7.568464279174805, -6.995164394378662, 41.0418701171875, -7.098276615142822, -9.281625747680664, -10.098329544067383]",1,1,True,"['C', 'E']","['C', 'E']"
5a8a2ebc5542996c9b8d5e33::active_set_pack_b,5a8a2ebc5542996c9b8d5e33,"['A', 'B', 'C', 'D', 'E', 'F']","[0, 0, 1, 0, 1, 0]","[-8.618598937988281, -8.175535202026367, 42.65983963012695, -8.230810165405273, -8.926763534545898, -8.70812702178955]","[-8.618598937988281, -8.175535202026367, 42.65983963012695, -8.230810165405273, -8.926763534545898, -8.70812702178955]","[-8.618598937988281, -8.175535202026367, 42.65983963012695, -8.230810165405273, -8.926763534545898, -8.70812702178955]",1,1,True,"['C', 'E']","['C', 'E']"
5add28c85542992ae4cec4be::working_set_pack_a,5add28c85542992ae4cec4be,"['A', 'B', 'C', 'D', 'E', 'F']","[0, 0, 1, 0, 0, 1]","[-14.896013259887695, -15.087961196899414, -15.275344848632812, -14.974116325378418, -15.157752990722656, 75.39115905761719]","[-14.896013259887695, -15.087961196899414, -15.275344848632812, -14.974116325378418, -15.157752990722656, 75.39115905761719]","[14.896013259887695, 15.087961196899414, 15.275344848632812, 14.974116325378418, 15.157752990722656, -75.39115905761719]",-1,-1,True,"['C', 'F']","['C', 'F']"
5add28c85542992ae4cec4be::active_set_pack_a,5add28c85542992ae4cec4be,"['A', 'B', 'C', 'D', 'E', 'F']","[0, 0, 1, 0, 0, 1]","[-13.972521781921387, -14.170186042785645, -14.314422607421875, -14.057641983032227, -14.242959976196289, 70.75772857666016]","[-13.972521781921387, -14.170186042785645, -14.314422607421875, -14.057641983032227, -14.242959976196289, 70.75772857666016]","[13.972521781921387, 14.170186042785645, 14.314422607421875, 14.057641983032227, 14.242959976196289, -70.75772857666016]",-1,-1,True,"['C', 'F']","['C', 'F']"
5add28c85542992ae4cec4be::working_set_pack_b,5add28c85542992ae4cec4be,"['A', 'B', 'C', 'D', 'E', 'F']","[0, 0, 1, 0, 0, 1]","[-14.564485549926758, -14.788216590881348, -14.761628150939941, -14.671667098999023, -14.824267387390137, 73.61027526855469]","[-14.564485549926758, -14.788216590881348, -14.761628150939941, -14.671667098999023, -14.824267387390137, 73.61027526855469]","[14.564485549926758, 14.788216590881348, 14.761628150939941, 14.671667098999023, 14.824267387390137, -73.61027526855469]",-1,-1,True,"['C', 'F']","['C', 'F']"
5add28c85542992ae4cec4be::active_set_pack_b,5add28c85542992ae4cec4be,"['A', 'B', 'C', 'D', 'E', 'F']","[0, 0, 1, 0, 0, 1]","[-14.437382698059082, -14.609023094177246, -14.647439956665039, -14.525787353515625, -14.658748626708984, 72.87838745117188]","[-14.437382698059082, -14.609023094177246, -14.647439956665039, -14.525787353515625, -14.658748626708984, 72.87838745117188]","[14.437382698059082, 14.609023094177246, 14.647439956665039, 14.525787353515625, 14.658748626708984, -72.87838745117188]",-1,-1,True,"['C', 'F']","['C', 'F']"
5ae78ec5554299540e5a5605::working_set_pack_a,5ae78ec5554299540e5a5605,"['A', 'B', 'C', 'D', 'E', 'F']","[0, 0, 1, 1, 0, 0]","[-11.941426277160645, -11.536413192749023, -11.523004531860352, 58.87550735473633, -12.217405319213867, -11.657247543334961]","[-11.941426277160645, -11.536413192749023, -11.523004531860352, 58.87550735473633, -12.217405319213867, -11.657247543334961]","[11.941426277160645, 11.536413192749023, 11.523004531860352, -58.87550735473633, 12.217405319213867, 11.657247543334961]",-1,-1,True,"['C', 'D']","['C', 'D']"
5ae78ec5554299540e5a5605::active_set_pack_a,5ae78ec5554299540e5a5605,"['A', 'B', 'C', 'D', 'E', 'F']","[0, 0, 1, 1, 0, 0]","[-13.254218101501465, -13.060824394226074, -13.010748863220215, 65.96662902832031, -13.498876571655273, -13.141959190368652]","[-13.254218101501465, -13.060824394226074, -13.010748863220215, 65.96662902832031, -13.498876571655273, -13.141959190368652]","[13.254218101501465, 13.060824394226074, 13.010748863220215, -65.96662902832031, 13.498876571655273, 13.141959190368652]",-1,-1,True,"['C', 'D']","['C', 'D']"
5ae78ec5554299540e5a5605::working_set_pack_b,5ae78ec5554299540e5a5605,"['A', 'B', 'C', 'D', 'E', 'F']","[0, 0, 1, 1, 0, 0]","[-12.372801780700684, -12.352689743041992, -12.248779296875, 61.71995162963867, -12.512804985046387, -12.232885360717773]","[-12.372801780700684, -12.352689743041992, -12.248779296875, 61.71995162963867, -12.512804985046387, -12.232885360717773]","[12.372801780700684, 12.352689743041992, 12.248779296875, -61.71995162963867, 12.512804985046387, 12.232885360717773]",-1,-1,True,"['C', 'D']","['C', 'D']"
5ae78ec5554299540e5a5605::active_set_pack_b,5ae78ec5554299540e5a5605,"['A', 'B', 'C', 'D', 'E', 'F']","[0, 0, 1, 1, 0, 0]","[-11.9715576171875, -11.704902648925781, -11.826788902282715, 58.825538635253906, -11.8298978805542, -11.492386817932129]","[-11.9715576171875, -11.704902648925781, -11.826788902282715, 58.825538635253906, -11.8298978805542, -11.492386817932129]","[11.9715576171875, 11.704902648925781, 11.826788902282715, -58.825538635253906, 11.8298978805542, 11.492386817932129]",-1,-1,True,"['C', 'D']","['C', 'D']"
5a7a52745542996c55b2dd4f::working_set_pack_a,5a7a52745542996c55b2dd4f,"['A', 'B', 'C', 'D', 'E', 'F']","[1, 0, 0, 1, 0, 0]","[-10.59658432006836, -10.489448547363281, -10.361522674560547, 53.229427337646484, -10.749820709228516, -11.03203296661377]","[-10.59658432006836, -10.489448547363281, -10.361522674560547, 53.229427337646484, -10.749820709228516, -11.03203296661377]","[10.59658432006836, 10.489448547363281, 10.361522674560547, -53.229427337646484, 10.749820709228516, 11.03203296661377]",-1,-1,True,"['A', 'D']","['A', 'D']"
5a7a52745542996c55b2dd4f::active_set_pack_a,5a7a52745542996c55b2dd4f,"['A', 'B', 'C', 'D', 'E', 'F']","[1, 0, 0, 1, 0, 0]","[-11.669181823730469, -11.5606050491333, -11.555603981018066, 58.15524673461914, -11.789795875549316, -11.580060005187988]","[-11.669181823730469, -11.5606050491333, -11.555603981018066, 58.15524673461914, -11.789795875549316, -11.580060005187988]","[11.669181823730469, 11.5606050491333, 11.555603981018066, -58.15524673461914, 11.789795875549316, 11.580060005187988]",-1,-1,True,"['A', 'D']","['A', 'D']"
5a7a52745542996c55b2dd4f::working_set_pack_b,5a7a52745542996c55b2dd4f,"['A', 'B', 'C', 'D', 'E', 'F']","[1, 0, 0, 1, 0, 0]","[-13.424567222595215, -13.084366798400879, -13.097524642944336, 65.93777465820312, -13.271736145019531, -13.059579849243164]","[-13.424567222595215, -13.084366798400879, -13.097524642944336, 65.93777465820312, -13.271736145019531, -13.059579849243164]","[-13.424567222595215, -13.084366798400879, -13.097524642944336, 65.93777465820312, -13.271736145019531, -13.059579849243164]",1,1,True,"['A', 'D']","['A', 'D']"
5a7a52745542996c55b2dd4f::active_set_pack_b,5a7a52745542996c55b2dd4f,"['A', 'B', 'C', 'D', 'E', 'F']","[1, 0, 0, 1, 0, 0]","[-14.346935272216797, -14.066726684570312, -13.989009857177734, 70.62554168701172, -14.188922882080078, -14.033935546875]","[-14.346935272216797, -14.066726684570312, -13.989009857177734, 70.62554168701172, -14.188922882080078, -14.033935546875]","[-14.346935272216797, -14.066726684570312, -13.989009857177734, 70.62554168701172, -14.188922882080078, -14.033935546875]",1,1,True,"['A', 'D']","['A', 'D']"
5a74248855429929fddd83e5::working_set_pack_a,5a74248855429929fddd83e5,"['A', 'B', 'C', 'D', 'E', 'F']","[0, 0, 0, 0, 1, 1]","[-6.992836952209473, -7.1792826652526855, -7.021847248077393, -8.681092262268066, 39.23408889770508, -9.359040260314941]","[-6.992836952209473, -7.1792826652526855, -7.021847248077393, -8.681092262268066, 39.23408889770508, -9.359040260314941]","[6.992836952209473, 7.1792826652526855, 7.021847248077393, 8.681092262268066, -39.23408889770508, 9.359040260314941]",-1,-1,True,"['E', 'F']","['E', 'F']"
5a74248855429929fddd83e5::active_set_pack_a,5a74248855429929fddd83e5,"['A', 'B', 'C', 'D', 'E', 'F']","[0, 0, 0, 0, 1, 1]","[-6.962324142456055, -7.068254470825195, -6.850153923034668, -8.664369583129883, 38.46636962890625, -8.921276092529297]","[-6.962324142456055, -7.068254470825195, -6.850153923034668, -8.664369583129883, 38.46636962890625, -8.921276092529297]","[6.962324142456055, 7.068254470825195, 6.850153923034668, 8.664369583129883, -38.46636962890625, 8.921276092529297]",-1,-1,True,"['E', 'F']","['E', 'F']"
5a74248855429929fddd83e5::working_set_pack_b,5a74248855429929fddd83e5,"['A', 'B', 'C', 'D', 'E', 'F']","[0, 0, 0, 0, 1, 1]","[0.1357249915599823, -8.296466827392578, -0.23561790585517883, -0.7666717171669006, 32.23133087158203, -23.068302154541016]","[0.1357249915599823, -8.296466827392578, -0.23561790585517883, -0.7666717171669006, 32.23133087158203, -23.068302154541016]","[0.1357249915599823, -8.296466827392578, -0.23561790585517883, -0.7666717171669006, 32.23133087158203, -23.068302154541016]",1,1,True,"['E', 'F']","['E', 'F']"
5a74248855429929fddd83e5::active_set_pack_b,5a74248855429929fddd83e5,"['A', 'B', 'C', 'D', 'E', 'F']","[0, 0, 0, 0, 1, 1]","[-8.06821060180664, -8.33012580871582, -8.196764945983887, -9.409773826599121, 44.872657775878906, -10.867782592773438]","[-8.06821060180664, -8.33012580871582, -8.196764945983887, -9.409773826599121, 44.872657775878906, -10.867782592773438]","[8.06821060180664, 8.33012580871582, 8.196764945983887, 9.409773826599121, -44.872657775878906, 10.867782592773438]",-1,-1,True,"['E', 'F']","['E', 'F']"
5abd04f15542996e802b467e::working_set_pack_a,5abd04f15542996e802b467e,"['A', 'B', 'C', 'D', 'E', 'F']","[0, 0, 0, 0, 1, 1]","[-12.230633735656738, -12.510798454284668, -12.366201400756836, -12.391709327697754, -11.984990119934082, 61.484336853027344]","[-12.230633735656738, -12.510798454284668, -12.366201400756836, -12.391709327697754, -11.984990119934082, 61.484336853027344]","[12.230633735656738, 12.510798454284668, 12.366201400756836, 12.391709327697754, 11.984990119934082, -61.484336853027344]",-1,-1,False,"['D', 'F']","['E', 'F']"
5abd04f15542996e802b467e::active_set_pack_a,5abd04f15542996e802b467e,"['A', 'B', 'C', 'D', 'E', 'F']","[0, 0, 0, 0, 1, 1]","[-12.474254608154297, -12.747345924377441, -12.713022232055664, -12.4552001953125, -12.19728946685791, 62.587100982666016]","[-12.474254608154297, -12.747345924377441, -12.713022232055664, -12.4552001953125, -12.19728946685791, 62.587100982666016]","[12.474254608154297, 12.747345924377441, 12.713022232055664, 12.4552001953125, 12.19728946685791, -62.587100982666016]",-1,-1,False,"['D', 'F']","['E', 'F']"
5abd04f15542996e802b467e::working_set_pack_b,5abd04f15542996e802b467e,"['A', 'B', 'C', 'D', 'E', 'F']","[0, 0, 0, 0, 1, 1]","[-12.283400535583496, -12.731711387634277, -12.5429105758667, -12.62608528137207, -11.895001411437988, 62.07910919189453]","[-12.283400535583496, -12.731711387634277, -12.5429105758667, -12.62608528137207, -11.895001411437988, 62.07910919189453]","[12.283400535583496, 12.731711387634277, 12.5429105758667, 12.62608528137207, 11.895001411437988, -62.07910919189453]",-1,-1,False,"['D', 'F']","['E', 'F']"
5abd04f15542996e802b467e::active_set_pack_b,5abd04f15542996e802b467e,"['A', 'B', 'C', 'D', 'E', 'F']","[0, 0, 0, 0, 1, 1]","[-11.169573783874512, -11.857897758483887, -11.351228713989258, -11.400520324707031, -10.833998680114746, 56.61321258544922]","[-11.169573783874512, -11.857897758483887, -11.351228713989258, -11.400520324707031, -10.833998680114746, 56.61321258544922]","[11.169573783874512, 11.857897758483887, 11.351228713989258, 11.400520324707031, 10.833998680114746, -56.61321258544922]",-1,-1,False,"['D', 'F']","['E', 'F']"
5ac3ad225542995ef918c1da::working_set_pack_a,5ac3ad225542995ef918c1da,"['A', 'B', 'C', 'D', 'E', 'F']","[0, 1, 1, 0, 0, 0]","[-5.204512596130371, 33.26171875, -10.941754341125488, -5.4103779792785645, -6.060482025146484, -5.644587993621826]","[-5.204512596130371, 33.26171875, -10.941754341125488, -5.4103779792785645, -6.060482025146484, -5.644587993621826]","[5.204512596130371, -33.26171875, 10.941754341125488, 5.4103779792785645, 6.060482025146484, 5.644587993621826]",-1,-1,False,"['B', 'F']","['B', 'C']"
5ac3ad225542995ef918c1da::active_set_pack_a,5ac3ad225542995ef918c1da,"['A', 'B', 'C', 'D', 'E', 'F']","[0, 1, 1, 0, 0, 0]","[-4.6275506019592285, 29.994760513305664, -10.23606014251709, -4.768274784088135, -5.3592000007629395, -5.003684043884277]","[-4.6275506019592285, 29.994760513305664, -10.23606014251709, -4.768274784088135, -5.3592000007629395, -5.003684043884277]","[4.6275506019592285, -29.994760513305664, 10.23606014251709, 4.768274784088135, 5.3592000007629395, 5.003684043884277]",-1,-1,False,"['B', 'F']","['B', 'C']"
5ac3ad225542995ef918c1da::working_set_pack_b,5ac3ad225542995ef918c1da,"['A', 'B', 'C', 'D', 'E', 'F']","[0, 1, 1, 0, 0, 0]","[-7.693779468536377, -13.250975608825684, 44.64256286621094, -7.912261009216309, -7.946268081665039, -7.8392791748046875]","[-7.693779468536377, -13.250975608825684, 44.64256286621094, -7.912261009216309, -7.946268081665039, -7.8392791748046875]","[7.693779468536377, 13.250975608825684, -44.64256286621094, 7.912261009216309, 7.946268081665039, 7.8392791748046875]",-1,-1,True,"['B', 'C']","['B', 'C']"
5ac3ad225542995ef918c1da::active_set_pack_b,5ac3ad225542995ef918c1da,"['A', 'B', 'C', 'D', 'E', 'F']","[0, 1, 1, 0, 0, 0]","[-2.858125686645508, -19.14253807067871, 30.907033920288086, -3.1086390018463135, -2.883563756942749, -2.914158344268799]","[-2.858125686645508, -19.14253807067871, 30.907033920288086, -3.1086390018463135, -2.883563756942749, -2.914158344268799]","[2.858125686645508, 19.14253807067871, -30.907033920288086, 3.1086390018463135, 2.883563756942749, 2.914158344268799]",-1,-1,True,"['B', 'C']","['B', 'C']"
5a736bfa5542991f29ee2e03::working_set_pack_a,5a736bfa5542991f29ee2e03,"['A', 'B', 'C', 'D', 'E', 'F']","[1, 0, 1, 0, 0, 0]","[-4.340160369873047, -4.3167338371276855, 21.39621925354004, -4.39319372177124, -4.180859088897705, -4.165274143218994]","[-4.340160369873047, -4.3167338371276855, 21.39621925354004, -4.39319372177124, -4.180859088897705, -4.165274143218994]","[4.340160369873047, 4.3167338371276855, -21.39621925354004, 4.39319372177124, 4.180859088897705, 4.165274143218994]",-1,-1,True,"['A', 'C']","['A', 'C']"
5a736bfa5542991f29ee2e03::active_set_pack_a,5a736bfa5542991f29ee2e03,"['A', 'B', 'C', 'D', 'E', 'F']","[1, 0, 1, 0, 0, 0]","[-5.647684097290039, -5.456063747406006, 26.10044288635254, -5.6735358238220215, -4.737884044647217, -4.585278511047363]","[-5.647684097290039, -5.456063747406006, 26.10044288635254, -5.6735358238220215, -4.737884044647217, -4.585278511047363]","[5.647684097290039, 5.456063747406006, -26.10044288635254, 5.6735358238220215, 4.737884044647217, 4.585278511047363]",-1,-1,True,"['A', 'C']","['A', 'C']"
5a736bfa5542991f29ee2e03::working_set_pack_b,5a736bfa5542991f29ee2e03,"['A', 'B', 'C', 'D', 'E', 'F']","[1, 0, 1, 0, 0, 0]","[-6.038949966430664, -5.514128684997559, 28.20535659790039, -5.680002212524414, -5.569915771484375, -5.402365207672119]","[-6.038949966430664, -5.514128684997559, 28.20535659790039, -5.680002212524414, -5.569915771484375, -5.402365207672119]","[6.038949966430664, 5.514128684997559, -28.20535659790039, 5.680002212524414, 5.569915771484375, 5.402365207672119]",-1,-1,True,"['A', 'C']","['A', 'C']"
5a736bfa5542991f29ee2e03::active_set_pack_b,5a736bfa5542991f29ee2e03,"['A', 'B', 'C', 'D', 'E', 'F']","[1, 0, 1, 0, 0, 0]","[-7.603506565093994, -6.587667942047119, 34.78713607788086, -6.770017147064209, -6.877208709716797, -6.948731899261475]","[-7.603506565093994, -6.587667942047119, 34.78713607788086, -6.770017147064209, -6.877208709716797, -6.948731899261475]","[-7.603506565093994, -6.587667942047119, 34.78713607788086, -6.770017147064209, -6.877208709716797, -6.948731899261475]",1,1,True,"['A', 'C']","['A', 'C']"
5a7a0a965542996c55b2dce7::working_set_pack_a,5a7a0a965542996c55b2dce7,"['A', 'B', 'C', 'D', 'E', 'F']","[0, 1, 0, 0, 1, 0]","[-12.212163925170898, -10.810569763183594, -11.294719696044922, -10.907593727111816, 57.56291198730469, -12.337855339050293]","[-12.212163925170898, -10.810569763183594, -11.294719696044922, -10.907593727111816, 57.56291198730469, -12.337855339050293]","[-12.212163925170898, -10.810569763183594, -11.294719696044922, -10.907593727111816, 57.56291198730469, -12.337855339050293]",1,1,False,"['A', 'E']","['B', 'E']"
5a7a0a965542996c55b2dce7::active_set_pack_a,5a7a0a965542996c55b2dce7,"['A', 'B', 'C', 'D', 'E', 'F']","[0, 1, 0, 0, 1, 0]","[-11.268867492675781, -9.954788208007812, -10.308442115783691, -10.058555603027344, 53.190040588378906, -11.599382400512695]","[-11.268867492675781, -9.954788208007812, -10.308442115783691, -10.058555603027344, 53.190040588378906, -11.599382400512695]","[-11.268867492675781, -9.954788208007812, -10.308442115783691, -10.058555603027344, 53.190040588378906, -11.599382400512695]",1,1,False,"['A', 'E']","['B', 'E']"
5a7a0a965542996c55b2dce7::working_set_pack_b,5a7a0a965542996c55b2dce7,"['A', 'B', 'C', 'D', 'E', 'F']","[0, 1, 0, 0, 1, 0]","[-9.923911094665527, -7.868801116943359, -8.181965827941895, -8.02746868133545, 43.31100082397461, -9.308852195739746]","[-9.923911094665527, -7.868801116943359, -8.181965827941895, -8.02746868133545, 43.31100082397461, -9.308852195739746]","[9.923911094665527, 7.868801116943359, 8.181965827941895, 8.02746868133545, -43.31100082397461, 9.308852195739746]",-1,-1,False,"['A', 'E']","['B', 'E']"
5a7a0a965542996c55b2dce7::active_set_pack_b,5a7a0a965542996c55b2dce7,"['A', 'B', 'C', 'D', 'E', 'F']","[0, 1, 0, 0, 1, 0]","[-10.029359817504883, -9.176372528076172, -9.292436599731445, -9.01588249206543, 47.76044464111328, -10.246397972106934]","[-10.029359817504883, -9.176372528076172, -9.292436599731445, -9.01588249206543, 47.76044464111328, -10.246397972106934]","[10.029359817504883, 9.176372528076172, 9.292436599731445, 9.01588249206543, -47.76044464111328, 10.246397972106934]",-1,-1,False,"['E', 'F']","['B', 'E']"
5a8ae49155429951533613a3::working_set_pack_a,5a8ae49155429951533613a3,"['A', 'B', 'C', 'D', 'E', 'F']","[1, 0, 1, 0, 0, 0]","[-10.844978332519531, -3.376218318939209, 21.20383644104004, -2.2873611450195312, -2.4888269901275635, -2.206451892852783]","[-10.844978332519531, -3.376218318939209, 21.20383644104004, -2.2873611450195312, -2.4888269901275635, -2.206451892852783]","[10.844978332519531, 3.376218318939209, -21.20383644104004, 2.2873611450195312, 2.4888269901275635, 2.206451892852783]",-1,-1,True,"['A', 'C']","['A', 'C']"
5a8ae49155429951533613a3::active_set_pack_a,5a8ae49155429951533613a3,"['A', 'B', 'C', 'D', 'E', 'F']","[1, 0, 1, 0, 0, 0]","[-13.437993049621582, -2.0725157260894775, 19.91556739807129, -1.4648293256759644, -1.6565831899642944, -1.2836439609527588]","[-13.437993049621582, -2.0725157260894775, 19.91556739807129, -1.4648293256759644, -1.6565831899642944, -1.2836439609527588]","[-13.437993049621582, -2.0725157260894775, 19.91556739807129, -1.4648293256759644, -1.6565831899642944, -1.2836439609527588]",1,1,True,"['A', 'C']","['A', 'C']"
5a8ae49155429951533613a3::working_set_pack_b,5a8ae49155429951533613a3,"['A', 'B', 'C', 'D', 'E', 'F']","[1, 0, 1, 0, 0, 0]","[17.426979064941406, -9.936641693115234, -3.1887848377227783, -1.551999568939209, -1.3720592260360718, -1.3774957656860352]","[17.426979064941406, -9.936641693115234, -3.1887848377227783, -1.551999568939209, -1.3720592260360718, -1.3774957656860352]","[-17.426979064941406, 9.936641693115234, 3.1887848377227783, 1.551999568939209, 1.3720592260360718, 1.3774957656860352]",-1,-1,True,"['A', 'C']","['A', 'C']"
5a8ae49155429951533613a3::active_set_pack_b,5a8ae49155429951533613a3,"['A', 'B', 'C', 'D', 'E', 'F']","[1, 0, 1, 0, 0, 0]","[20.407323837280273, -4.316249847412109, -7.736896514892578, -3.2630603313446045, -3.023500442504883, -2.067614793777466]","[20.407323837280273, -4.316249847412109, -7.736896514892578, -3.2630603313446045, -3.023500442504883, -2.067614793777466]","[-20.407323837280273, 4.316249847412109, 7.736896514892578, 3.2630603313446045, 3.023500442504883, 2.067614793777466]",-1,-1,True,"['A', 'C']","['A', 'C']"
5ab99943554299131ca42391::working_set_pack_a,5ab99943554299131ca42391,"['A', 'B', 'C', 'D', 'E', 'F']","[1, 0, 0, 0, 0, 1]","[-8.738125801086426, -8.731513023376465, -10.06667709350586, -8.543776512145996, -8.170256614685059, 44.2503547668457]","[-8.738125801086426, -8.731513023376465, -10.06667709350586, -8.543776512145996, -8.170256614685059, 44.2503547668457]","[8.738125801086426, 8.731513023376465, 10.06667709350586, 8.543776512145996, 8.170256614685059, -44.2503547668457]",-1,-1,False,"['C', 'F']","['A', 'F']"
5ab99943554299131ca42391::active_set_pack_a,5ab99943554299131ca42391,"['A', 'B', 'C', 'D', 'E', 'F']","[1, 0, 0, 0, 0, 1]","[-8.628169059753418, -8.589990615844727, -9.54150676727295, -8.480124473571777, -8.231194496154785, 43.470985412597656]","[-8.628169059753418, -8.589990615844727, -9.54150676727295, -8.480124473571777, -8.231194496154785, 43.470985412597656]","[8.628169059753418, 8.589990615844727, 9.54150676727295, 8.480124473571777, 8.231194496154785, -43.470985412597656]",-1,-1,False,"['C', 'F']","['A', 'F']"
5ab99943554299131ca42391::working_set_pack_b,5ab99943554299131ca42391,"['A', 'B', 'C', 'D', 'E', 'F']","[1, 0, 0, 0, 0, 1]","[7.034458160400391, 6.6523356437683105, -37.719947814941406, 6.87141227722168, 5.9282307624816895, 11.23351001739502]","[-7.034458160400391, -6.6523356437683105, 37.719947814941406, -6.87141227722168, -5.9282307624816895, -11.23351001739502]","[7.034458160400391, 6.6523356437683105, -37.719947814941406, 6.87141227722168, 5.9282307624816895, 11.23351001739502]",1,-1,False,"['C', 'F']","['A', 'F']"
5ab99943554299131ca42391::active_set_pack_b,5ab99943554299131ca42391,"['A', 'B', 'C', 'D', 'E', 'F']","[1, 0, 0, 0, 0, 1]","[12.272749900817871, 11.606109619140625, -60.30302810668945, 11.989667892456055, 12.190959930419922, 12.243536949157715]","[-12.272749900817871, -11.606109619140625, 60.30302810668945, -11.989667892456055, -12.190959930419922, -12.243536949157715]","[12.272749900817871, 11.606109619140625, -60.30302810668945, 11.989667892456055, 12.190959930419922, 12.243536949157715]",1,-1,False,"['C', 'F']","['A', 'F']"
5ab70446554299110f219a94::working_set_pack_a,5ab70446554299110f219a94,"['A', 'B', 'C', 'D', 'E', 'F']","[0, 0, 1, 0, 0, 1]","[-15.104496002197266, -15.168686866760254, -15.835528373718262, -15.199212074279785, -14.973281860351562, 76.28119659423828]","[-15.104496002197266, -15.168686866760254, -15.835528373718262, -15.199212074279785, -14.973281860351562, 76.28119659423828]","[15.104496002197266, 15.168686866760254, 15.835528373718262, 15.199212074279785, 14.973281860351562, -76.28119659423828]",-1,-1,True,"['C', 'F']","['C', 'F']"
5ab70446554299110f219a94::active_set_pack_a,5ab70446554299110f219a94,"['A', 'B', 'C', 'D', 'E', 'F']","[0, 0, 1, 0, 0, 1]","[-14.136474609375, -14.20238208770752, -14.853360176086426, -14.297857284545898, -14.163138389587402, 71.65321350097656]","[-14.136474609375, -14.20238208770752, -14.853360176086426, -14.297857284545898, -14.163138389587402, 71.65321350097656]","[14.136474609375, 14.20238208770752, 14.853360176086426, 14.297857284545898, 14.163138389587402, -71.65321350097656]",-1,-1,True,"['C', 'F']","['C', 'F']"
5ab70446554299110f219a94::working_set_pack_b,5ab70446554299110f219a94,"['A', 'B', 'C', 'D', 'E', 'F']","[0, 0, 1, 0, 0, 1]","[-13.786835670471191, -13.842523574829102, -14.54106616973877, -14.1456880569458, -13.244826316833496, 69.56095123291016]","[-13.786835670471191, -13.842523574829102, -14.54106616973877, -14.1456880569458, -13.244826316833496, 69.56095123291016]","[13.786835670471191, 13.842523574829102, 14.54106616973877, 14.1456880569458, 13.244826316833496, -69.56095123291016]",-1,-1,True,"['C', 'F']","['C', 'F']"
5ab70446554299110f219a94::active_set_pack_b,5ab70446554299110f219a94,"['A', 'B', 'C', 'D', 'E', 'F']","[0, 0, 1, 0, 0, 1]","[-14.05923843383789, -14.07222843170166, -14.742210388183594, -14.203490257263184, -14.038779258728027, 71.11595916748047]","[-14.05923843383789, -14.07222843170166, -14.742210388183594, -14.203490257263184, -14.038779258728027, 71.11595916748047]","[14.05923843383789, 14.07222843170166, 14.742210388183594, 14.203490257263184, 14.038779258728027, -71.11595916748047]",-1,-1,True,"['C', 'F']","['C', 'F']"
5ae6038155429929b0807a55::working_set_pack_a,5ae6038155429929b0807a55,"['A', 'B', 'C', 'D', 'E', 'F']","[0, 0, 1, 1, 0, 0]","[-1.8505408763885498, -1.310186743736267, 19.38777732849121, -2.0241239070892334, -3.7156286239624023, -10.487299919128418]","[-1.8505408763885498, -1.310186743736267, 19.38777732849121, -2.0241239070892334, -3.7156286239624023, -10.487299919128418]","[1.8505408763885498, 1.310186743736267, -19.38777732849121, 2.0241239070892334, 3.7156286239624023, 10.487299919128418]",-1,-1,True,"['C', 'D']","['C', 'D']"
5ae6038155429929b0807a55::active_set_pack_a,5ae6038155429929b0807a55,"['A', 'B', 'C', 'D', 'E', 'F']","[0, 0, 1, 1, 0, 0]","[-3.0824997425079346, -2.869001626968384, 21.117259979248047, -3.350292682647705, -5.461631774902344, -6.3538312911987305]","[-3.0824997425079346, -2.869001626968384, 21.117259979248047, -3.350292682647705, -5.461631774902344, -6.3538312911987305]","[3.0824997425079346, 2.869001626968384, -21.117259979248047, 3.350292682647705, 5.461631774902344, 6.3538312911987305]",-1,-1,True,"['C', 'D']","['C', 'D']"
5ae6038155429929b0807a55::working_set_pack_b,5ae6038155429929b0807a55,"['A', 'B', 'C', 'D', 'E', 'F']","[0, 0, 1, 1, 0, 0]","[-3.557359457015991, -7.857604026794434, 24.699691772460938, -3.622194290161133, -4.300479888916016, -5.362057685852051]","[-3.557359457015991, -7.857604026794434, 24.699691772460938, -3.622194290161133, -4.300479888916016, -5.362057685852051]","[3.557359457015991, 7.857604026794434, -24.699691772460938, 3.622194290161133, 4.300479888916016, 5.362057685852051]",-1,-1,True,"['C', 'D']","['C', 'D']"
5ae6038155429929b0807a55::active_set_pack_b,5ae6038155429929b0807a55,"['A', 'B', 'C', 'D', 'E', 'F']","[0, 0, 1, 1, 0, 0]","[-4.175890922546387, -5.681312084197998, 24.91316795349121, -4.121189594268799, -5.397253513336182, -5.537524700164795]","[-4.175890922546387, -5.681312084197998, 24.91316795349121, -4.121189594268799, -5.397253513336182, -5.537524700164795]","[4.175890922546387, 5.681312084197998, -24.91316795349121, 4.121189594268799, 5.397253513336182, 5.537524700164795]",-1,-1,True,"['C', 'D']","['C', 'D']"
5a71458e5542994082a3e738::working_set_pack_a,5a71458e5542994082a3e738,"['A', 'B', 'C', 'D', 'E', 'F']","[0, 0, 0, 1, 0, 1]","[-10.98611068725586, -11.020682334899902, -10.860173225402832, -10.778698921203613, -8.750744819641113, 52.39640808105469]","[-10.98611068725586, -11.020682334899902, -10.860173225402832, -10.778698921203613, -8.750744819641113, 52.39640808105469]","[10.98611068725586, 11.020682334899902, 10.860173225402832, 10.778698921203613, 8.750744819641113, -52.39640808105469]",-1,-1,False,"['E', 'F']","['D', 'F']"
5a71458e5542994082a3e738::active_set_pack_a,5a71458e5542994082a3e738,"['A', 'B', 'C', 'D', 'E', 'F']","[0, 0, 0, 1, 0, 1]","[-10.847342491149902, -10.944108963012695, -10.816987991333008, -10.650604248046875, -9.892793655395508, 53.151824951171875]","[-10.847342491149902, -10.944108963012695, -10.816987991333008, -10.650604248046875, -9.892793655395508, 53.151824951171875]","[10.847342491149902, 10.944108963012695, 10.816987991333008, 10.650604248046875, 9.892793655395508, -53.151824951171875]",-1,-1,False,"['E', 'F']","['D', 'F']"
5a71458e5542994082a3e738::working_set_pack_b,5a71458e5542994082a3e738,"['A', 'B', 'C', 'D', 'E', 'F']","[0, 0, 0, 1, 0, 1]","[-10.26138687133789, -10.447935104370117, -10.31158447265625, -10.411080360412598, -12.4904203414917, 53.92240524291992]","[-10.26138687133789, -10.447935104370117, -10.31158447265625, -10.411080360412598, -12.4904203414917, 53.92240524291992]","[10.26138687133789, 10.447935104370117, 10.31158447265625, 10.411080360412598, 12.4904203414917, -53.92240524291992]",-1,-1,False,"['E', 'F']","['D', 'F']"
5a71458e5542994082a3e738::active_set_pack_b,5a71458e5542994082a3e738,"['A', 'B', 'C', 'D', 'E', 'F']","[0, 0, 0, 1, 0, 1]","[-10.546762466430664, -10.690827369689941, -10.64260482788086, -10.585100173950195, -9.984451293945312, 52.44975280761719]","[-10.546762466430664, -10.690827369689941, -10.64260482788086, -10.585100173950195, -9.984451293945312, 52.44975280761719]","[10.546762466430664, 10.690827369689941, 10.64260482788086, 10.585100173950195, 9.984451293945312, -52.44975280761719]",-1,-1,False,"['E', 'F']","['D', 'F']"
5ae500fd55429908b63264d8::working_set_pack_a,5ae500fd55429908b63264d8,"['A', 'B', 'C', 'D', 'E', 'F']","[1, 0, 0, 1, 0, 0]","[-17.25492286682129, -17.165735244750977, -17.799739837646484, 87.09758758544922, -17.62181854248047, -17.25537109375]","[-17.25492286682129, -17.165735244750977, -17.799739837646484, 87.09758758544922, -17.62181854248047, -17.25537109375]","[17.25492286682129, 17.165735244750977, 17.799739837646484, -87.09758758544922, 17.62181854248047, 17.25537109375]",-1,-1,False,"['C', 'D']","['A', 'D']"
5ae500fd55429908b63264d8::active_set_pack_a,5ae500fd55429908b63264d8,"['A', 'B', 'C', 'D', 'E', 'F']","[1, 0, 0, 1, 0, 0]","[-16.041561126708984, -16.232248306274414, -16.702468872070312, 81.52918243408203, -16.52277183532715, -16.030126571655273]","[-16.041561126708984, -16.232248306274414, -16.702468872070312, 81.52918243408203, -16.52277183532715, -16.030126571655273]","[16.041561126708984, 16.232248306274414, 16.702468872070312, -81.52918243408203, 16.52277183532715, 16.030126571655273]",-1,-1,False,"['C', 'D']","['A', 'D']"
5ae500fd55429908b63264d8::working_set_pack_b,5ae500fd55429908b63264d8,"['A', 'B', 'C', 'D', 'E', 'F']","[1, 0, 0, 1, 0, 0]","[-15.48058795928955, -15.546049118041992, -16.309986114501953, 78.87911224365234, -15.891206741333008, -15.651288986206055]","[-15.48058795928955, -15.546049118041992, -16.309986114501953, 78.87911224365234, -15.891206741333008, -15.651288986206055]","[15.48058795928955, 15.546049118041992, 16.309986114501953, -78.87911224365234, 15.891206741333008, 15.651288986206055]",-1,-1,False,"['C', 'D']","['A', 'D']"
5ae500fd55429908b63264d8::active_set_pack_b,5ae500fd55429908b63264d8,"['A', 'B', 'C', 'D', 'E', 'F']","[1, 0, 0, 1, 0, 0]","[-13.031157493591309, -13.139747619628906, -14.768450736999512, 67.47588348388672, -13.313158988952637, -13.223384857177734]","[-13.031157493591309, -13.139747619628906, -14.768450736999512, 67.47588348388672, -13.313158988952637, -13.223384857177734]","[13.031157493591309, 13.139747619628906, 14.768450736999512, -67.47588348388672, 13.313158988952637, 13.223384857177734]",-1,-1,False,"['C', 'D']","['A', 'D']"
5a8514545542992a431d1ad2::working_set_pack_a,5a8514545542992a431d1ad2,"['A', 'B', 'C', 'D', 'E', 'F']","[0, 0, 0, 1, 1, 0]","[-7.746185302734375, -7.877326965332031, -8.354185104370117, -10.598246574401855, 43.653297424316406, -9.077363967895508]","[-7.746185302734375, -7.877326965332031, -8.354185104370117, -10.598246574401855, 43.653297424316406, -9.077363967895508]","[7.746185302734375, 7.877326965332031, 8.354185104370117, 10.598246574401855, -43.653297424316406, 9.077363967895508]",-1,-1,True,"['D', 'E']","['D', 'E']"
5a8514545542992a431d1ad2::active_set_pack_a,5a8514545542992a431d1ad2,"['A', 'B', 'C', 'D', 'E', 'F']","[0, 0, 0, 1, 1, 0]","[-5.593403339385986, -5.503145217895508, -6.157918930053711, -13.304681777954102, 37.68556594848633, -7.126400947570801]","[-5.593403339385986, -5.503145217895508, -6.157918930053711, -13.304681777954102, 37.68556594848633, -7.126400947570801]","[5.593403339385986, 5.503145217895508, 6.157918930053711, 13.304681777954102, -37.68556594848633, 7.126400947570801]",-1,-1,True,"['D', 'E']","['D', 'E']"
5a8514545542992a431d1ad2::working_set_pack_b,5a8514545542992a431d1ad2,"['A', 'B', 'C', 'D', 'E', 'F']","[0, 0, 0, 1, 1, 0]","[-7.703484058380127, -7.617616653442383, -8.536288261413574, -10.149954795837402, 42.717586517333984, -8.710238456726074]","[-7.703484058380127, -7.617616653442383, -8.536288261413574, -10.149954795837402, 42.717586517333984, -8.710238456726074]","[7.703484058380127, 7.617616653442383, 8.536288261413574, 10.149954795837402, -42.717586517333984, 8.710238456726074]",-1,-1,True,"['D', 'E']","['D', 'E']"
5a8514545542992a431d1ad2::active_set_pack_b,5a8514545542992a431d1ad2,"['A', 'B', 'C', 'D', 'E', 'F']","[0, 0, 0, 1, 1, 0]","[-8.344600677490234, -8.255120277404785, -8.816844940185547, -10.881281852722168, 45.48731231689453, -9.189454078674316]","[-8.344600677490234, -8.255120277404785, -8.816844940185547, -10.881281852722168, 45.48731231689453, -9.189454078674316]","[8.344600677490234, 8.255120277404785, 8.816844940185547, 10.881281852722168, -45.48731231689453, 9.189454078674316]",-1,-1,True,"['D', 'E']","['D', 'E']"
5ae3345f55429928c4239682::working_set_pack_a,5ae3345f55429928c4239682,"['A', 'B', 'C', 'D', 'E', 'F']","[1, 1, 0, 0, 0, 0]","[18.194658279418945, -4.523279666900635, -4.715277671813965, -3.063849925994873, -2.8838443756103516, -3.008408546447754]","[18.194658279418945, -4.523279666900635, -4.715277671813965, -3.063849925994873, -2.8838443756103516, -3.008408546447754]","[18.194658279418945, -4.523279666900635, -4.715277671813965, -3.063849925994873, -2.8838443756103516, -3.008408546447754]",1,1,True,"['A', 'B']","['A', 'B']"
5ae3345f55429928c4239682::active_set_pack_a,5ae3345f55429928c4239682,"['A', 'B', 'C', 'D', 'E', 'F']","[1, 1, 0, 0, 0, 0]","[16.928659439086914, -5.930186748504639, -3.9570982456207275, -2.54465913772583, -2.2996997833251953, -2.1970055103302]","[16.928659439086914, -5.930186748504639, -3.9570982456207275, -2.54465913772583, -2.2996997833251953, -2.1970055103302]","[-16.928659439086914, 5.930186748504639, 3.9570982456207275, 2.54465913772583, 2.2996997833251953, 2.1970055103302]",-1,-1,True,"['A', 'B']","['A', 'B']"
5ae3345f55429928c4239682::working_set_pack_b,5ae3345f55429928c4239682,"['A', 'B', 'C', 'D', 'E', 'F']","[1, 1, 0, 0, 0, 0]","[20.525835037231445, -4.931325912475586, -4.999650001525879, -3.820709466934204, -3.3175902366638184, -3.4565622806549072]","[20.525835037231445, -4.931325912475586, -4.999650001525879, -3.820709466934204, -3.3175902366638184, -3.4565622806549072]","[-20.525835037231445, 4.931325912475586, 4.999650001525879, 3.820709466934204, 3.3175902366638184, 3.4565622806549072]",-1,-1,True,"['A', 'B']","['A', 'B']"
5ae3345f55429928c4239682::active_set_pack_b,5ae3345f55429928c4239682,"['A', 'B', 'C', 'D', 'E', 'F']","[1, 1, 0, 0, 0, 0]","[18.178125381469727, -6.185297966003418, -3.2885289192199707, -3.26145601272583, -2.546782970428467, -2.8960609436035156]","[18.178125381469727, -6.185297966003418, -3.2885289192199707, -3.26145601272583, -2.546782970428467, -2.8960609436035156]","[18.178125381469727, -6.185297966003418, -3.2885289192199707, -3.26145601272583, -2.546782970428467, -2.8960609436035156]",1,1,True,"['A', 'B']","['A', 'B']"
5ac1b48f55429963665198f3::working_set_pack_a,5ac1b48f55429963665198f3,"['A', 'B', 'C', 'D', 'E', 'F']","[0, 0, 1, 1, 0, 0]","[-12.909231185913086, -13.271735191345215, -12.791540145874023, 65.4321517944336, -13.371285438537598, -13.088372230529785]","[-12.909231185913086, -13.271735191345215, -12.791540145874023, 65.4321517944336, -13.371285438537598, -13.088372230529785]","[12.909231185913086, 13.271735191345215, 12.791540145874023, -65.4321517944336, 13.371285438537598, 13.088372230529785]",-1,-1,False,"['D', 'F']","['C', 'D']"
5ac1b48f55429963665198f3::active_set_pack_a,5ac1b48f55429963665198f3,"['A', 'B', 'C', 'D', 'E', 'F']","[0, 0, 1, 1, 0, 0]","[-12.852507591247559, -13.226675033569336, -12.688116073608398, 65.11257934570312, -13.348832130432129, -12.996465682983398]","[-12.852507591247559, -13.226675033569336, -12.688116073608398, 65.11257934570312, -13.348832130432129, -12.996465682983398]","[12.852507591247559, 13.226675033569336, 12.688116073608398, -65.11257934570312, 13.348832130432129, 12.996465682983398]",-1,-1,False,"['D', 'F']","['C', 'D']"
5ac1b48f55429963665198f3::working_set_pack_b,5ac1b48f55429963665198f3,"['A', 'B', 'C', 'D', 'E', 'F']","[0, 0, 1, 1, 0, 0]","[-11.581336975097656, -11.640889167785645, -11.284612655639648, 57.99976348876953, -11.848614692687988, -11.644309997558594]","[-11.581336975097656, -11.640889167785645, -11.284612655639648, 57.99976348876953, -11.848614692687988, -11.644309997558594]","[11.581336975097656, 11.640889167785645, 11.284612655639648, -57.99976348876953, 11.848614692687988, 11.644309997558594]",-1,-1,False,"['D', 'F']","['C', 'D']"
5ac1b48f55429963665198f3::active_set_pack_b,5ac1b48f55429963665198f3,"['A', 'B', 'C', 'D', 'E', 'F']","[0, 0, 1, 1, 0, 0]","[-12.763639450073242, -13.03394603729248, -12.529664993286133, 64.51020812988281, -13.180660247802734, -13.002281188964844]","[-12.763639450073242, -13.03394603729248, -12.529664993286133, 64.51020812988281, -13.180660247802734, -13.002281188964844]","[12.763639450073242, 13.03394603729248, 12.529664993286133, -64.51020812988281, 13.180660247802734, 13.002281188964844]",-1,-1,False,"['D', 'F']","['C', 'D']"
5ab9d58855429939ce03dc3a::working_set_pack_a,5ab9d58855429939ce03dc3a,"['A', 'B', 'C', 'D', 'E', 'F']","[1, 0, 1, 0, 0, 0]","[18.70429229736328, 0.3495144248008728, -15.881555557250977, -3.972932815551758, 0.5644150376319885, 0.23626892268657684]","[18.70429229736328, 0.3495144248008728, -15.881555557250977, -3.972932815551758, 0.5644150376319885, 0.23626892268657684]","[-18.70429229736328, -0.3495144248008728, 15.881555557250977, 3.972932815551758, -0.5644150376319885, -0.23626892268657684]",-1,-1,True,"['A', 'C']","['A', 'C']"
5ab9d58855429939ce03dc3a::active_set_pack_a,5ab9d58855429939ce03dc3a,"['A', 'B', 'C', 'D', 'E', 'F']","[1, 0, 1, 0, 0, 0]","[-18.059541702270508, -0.9135209918022156, 18.963970184326172, 0.7771599888801575, -0.45557016134262085, -0.3124995231628418]","[-18.059541702270508, -0.9135209918022156, 18.963970184326172, 0.7771599888801575, -0.45557016134262085, -0.3124995231628418]","[-18.059541702270508, -0.9135209918022156, 18.963970184326172, 0.7771599888801575, -0.45557016134262085, -0.3124995231628418]",1,1,True,"['A', 'C']","['A', 'C']"
5ab9d58855429939ce03dc3a::working_set_pack_b,5ab9d58855429939ce03dc3a,"['A', 'B', 'C', 'D', 'E', 'F']","[1, 0, 1, 0, 0, 0]","[-15.55494499206543, -3.025055408477783, 22.202051162719727, -1.4416884183883667, -1.1188828945159912, -1.06148362159729]","[-15.55494499206543, -3.025055408477783, 22.202051162719727, -1.4416884183883667, -1.1188828945159912, -1.06148362159729]","[-15.55494499206543, -3.025055408477783, 22.202051162719727, -1.4416884183883667, -1.1188828945159912, -1.06148362159729]",1,1,True,"['A', 'C']","['A', 'C']"
5ab9d58855429939ce03dc3a::active_set_pack_b,5ab9d58855429939ce03dc3a,"['A', 'B', 'C', 'D', 'E', 'F']","[1, 0, 1, 0, 0, 0]","[25.11139678955078, -4.038976669311523, -11.220742225646973, -4.187791347503662, -2.7708232402801514, -2.893069267272949]","[25.11139678955078, -4.038976669311523, -11.220742225646973, -4.187791347503662, -2.7708232402801514, -2.893069267272949]","[25.11139678955078, -4.038976669311523, -11.220742225646973, -4.187791347503662, -2.7708232402801514, -2.893069267272949]",1,1,True,"['A', 'C']","['A', 'C']"
5ab9121555429919ba4e238a::working_set_pack_a,5ab9121555429919ba4e238a,"['A', 'B', 'C', 'D', 'E', 'F']","[0, 1, 0, 0, 1, 0]","[7.312952518463135, 6.557331085205078, 6.554426193237305, 6.948262691497803, 6.398187637329102, -33.771156311035156]","[-7.312952518463135, -6.557331085205078, -6.554426193237305, -6.948262691497803, -6.398187637329102, 33.771156311035156]","[7.312952518463135, 6.557331085205078, 6.554426193237305, 6.948262691497803, 6.398187637329102, -33.771156311035156]",1,-1,False,"['A', 'F']","['B', 'E']"
5ab9121555429919ba4e238a::active_set_pack_a,5ab9121555429919ba4e238a,"['A', 'B', 'C', 'D', 'E', 'F']","[0, 1, 0, 0, 1, 0]","[7.342734336853027, 6.8942413330078125, 6.9099249839782715, 7.639658451080322, 6.615684509277344, -35.402244567871094]","[-7.342734336853027, -6.8942413330078125, -6.9099249839782715, -7.639658451080322, -6.615684509277344, 35.402244567871094]","[7.342734336853027, 6.8942413330078125, 6.9099249839782715, 7.639658451080322, 6.615684509277344, -35.402244567871094]",1,-1,False,"['A', 'F']","['B', 'E']"
5ab9121555429919ba4e238a::working_set_pack_b,5ab9121555429919ba4e238a,"['A', 'B', 'C', 'D', 'E', 'F']","[0, 1, 0, 0, 1, 0]","[6.9688239097595215, 6.509063720703125, 6.516922950744629, 6.719680309295654, 6.323919773101807, -33.03842544555664]","[-6.9688239097595215, -6.509063720703125, -6.516922950744629, -6.719680309295654, -6.323919773101807, 33.03842544555664]","[6.9688239097595215, 6.509063720703125, 6.516922950744629, 6.719680309295654, 6.323919773101807, -33.03842544555664]",1,-1,False,"['A', 'F']","['B', 'E']"
5ab9121555429919ba4e238a::active_set_pack_b,5ab9121555429919ba4e238a,"['A', 'B', 'C', 'D', 'E', 'F']","[0, 1, 0, 0, 1, 0]","[6.885570526123047, 6.693667411804199, 7.327419757843018, 6.989465713500977, 6.786879539489746, -34.68299865722656]","[-6.885570526123047, -6.693667411804199, -7.327419757843018, -6.989465713500977, -6.786879539489746, 34.68299865722656]","[6.885570526123047, 6.693667411804199, 7.327419757843018, 6.989465713500977, 6.786879539489746, -34.68299865722656]",1,-1,False,"['B', 'F']","['B', 'E']"
5abf037a5542993fe9a41dbe::working_set_pack_a,5abf037a5542993fe9a41dbe,"['A', 'B', 'C', 'D', 'E', 'F']","[0, 0, 0, 1, 1, 0]","[-8.151152610778809, -8.198967933654785, -8.620880126953125, 41.04787826538086, -8.321205139160156, -7.755668640136719]","[-8.151152610778809, -8.198967933654785, -8.620880126953125, 41.04787826538086, -8.321205139160156, -7.755668640136719]","[8.151152610778809, 8.198967933654785, 8.620880126953125, -41.04787826538086, 8.321205139160156, 7.755668640136719]",-1,-1,False,"['D', 'F']","['D', 'E']"
5abf037a5542993fe9a41dbe::active_set_pack_a,5abf037a5542993fe9a41dbe,"['A', 'B', 'C', 'D', 'E', 'F']","[0, 0, 0, 1, 1, 0]","[-6.7642083168029785, -6.8183465003967285, -7.255548477172852, 34.47917556762695, -6.885440826416016, -6.755642890930176]","[-6.7642083168029785, -6.8183465003967285, -7.255548477172852, 34.47917556762695, -6.885440826416016, -6.755642890930176]","[6.7642083168029785, 6.8183465003967285, 7.255548477172852, -34.47917556762695, 6.885440826416016, 6.755642890930176]",-1,-1,False,"['D', 'F']","['D', 'E']"
5abf037a5542993fe9a41dbe::working_set_pack_b,5abf037a5542993fe9a41dbe,"['A', 'B', 'C', 'D', 'E', 'F']","[0, 0, 0, 1, 1, 0]","[3.4524290561676025, 3.700486183166504, 4.063776016235352, 7.4329705238342285, 3.5951766967773438, -22.244836807250977]","[-3.4524290561676025, -3.700486183166504, -4.063776016235352, -7.4329705238342285, -3.5951766967773438, 22.244836807250977]","[3.4524290561676025, 3.700486183166504, 4.063776016235352, 7.4329705238342285, 3.5951766967773438, -22.244836807250977]",1,-1,False,"['D', 'F']","['D', 'E']"
5abf037a5542993fe9a41dbe::active_set_pack_b,5abf037a5542993fe9a41dbe,"['A', 'B', 'C', 'D', 'E', 'F']","[0, 0, 0, 1, 1, 0]","[-8.24622917175293, -8.226409912109375, -8.744823455810547, 41.637969970703125, -8.317699432373047, -8.102819442749023]","[-8.24622917175293, -8.226409912109375, -8.744823455810547, 41.637969970703125, -8.317699432373047, -8.102819442749023]","[8.24622917175293, 8.226409912109375, 8.744823455810547, -41.637969970703125, 8.317699432373047, 8.102819442749023]",-1,-1,False,"['D', 'F']","['D', 'E']"
5a74f2ff5542993748c89748::working_set_pack_a,5a74f2ff5542993748c89748,"['A', 'B', 'C', 'D', 'E', 'F']","[1, 0, 0, 0, 1, 0]","[-9.473105430603027, -4.847724914550781, -4.677177429199219, -4.226917266845703, 28.250211715698242, -5.025294303894043]","[-9.473105430603027, -4.847724914550781, -4.677177429199219, -4.226917266845703, 28.250211715698242, -5.025294303894043]","[9.473105430603027, 4.847724914550781, 4.677177429199219, 4.226917266845703, -28.250211715698242, 5.025294303894043]",-1,-1,True,"['A', 'E']","['A', 'E']"
5a74f2ff5542993748c89748::active_set_pack_a,5a74f2ff5542993748c89748,"['A', 'B', 'C', 'D', 'E', 'F']","[1, 0, 0, 0, 1, 0]","[-7.773941993713379, -6.544979572296143, -6.371618270874023, -6.136349201202393, 33.50154495239258, -6.674651145935059]","[-7.773941993713379, -6.544979572296143, -6.371618270874023, -6.136349201202393, 33.50154495239258, -6.674651145935059]","[7.773941993713379, 6.544979572296143, 6.371618270874023, 6.136349201202393, -33.50154495239258, 6.674651145935059]",-1,-1,True,"['A', 'E']","['A', 'E']"
5a74f2ff5542993748c89748::working_set_pack_b,5a74f2ff5542993748c89748,"['A', 'B', 'C', 'D', 'E', 'F']","[1, 0, 0, 0, 1, 0]","[-10.61463451385498, -3.880618095397949, -3.8933823108673096, -3.0741055011749268, 25.982589721679688, -4.519842624664307]","[-10.61463451385498, -3.880618095397949, -3.8933823108673096, -3.0741055011749268, 25.982589721679688, -4.519842624664307]","[10.61463451385498, 3.880618095397949, 3.8933823108673096, 3.0741055011749268, -25.982589721679688, 4.519842624664307]",-1,-1,True,"['A', 'E']","['A', 'E']"
5a74f2ff5542993748c89748::active_set_pack_b,5a74f2ff5542993748c89748,"['A', 'B', 'C', 'D', 'E', 'F']","[1, 0, 0, 0, 1, 0]","[-10.285100936889648, -4.885073184967041, -3.7485358715057373, -3.2919487953186035, 25.916664123535156, -3.7059974670410156]","[-10.285100936889648, -4.885073184967041, -3.7485358715057373, -3.2919487953186035, 25.916664123535156, -3.7059974670410156]","[10.285100936889648, 4.885073184967041, 3.7485358715057373, 3.2919487953186035, -25.916664123535156, 3.7059974670410156]",-1,-1,True,"['A', 'E']","['A', 'E']"
5ac52b495542994611c8b3de::working_set_pack_a,5ac52b495542994611c8b3de,"['A', 'B', 'C', 'D', 'E', 'F']","[1, 0, 1, 0, 0, 0]","[-14.228224754333496, -5.621777057647705, 37.63450622558594, -5.753373146057129, -5.966997146606445, -6.064133167266846]","[-14.228224754333496, -5.621777057647705, 37.63450622558594, -5.753373146057129, -5.966997146606445, -6.064133167266846]","[-14.228224754333496, -5.621777057647705, 37.63450622558594, -5.753373146057129, -5.966997146606445, -6.064133167266846]",1,1,True,"['A', 'C']","['A', 'C']"
5ac52b495542994611c8b3de::active_set_pack_a,5ac52b495542994611c8b3de,"['A', 'B', 'C', 'D', 'E', 'F']","[1, 0, 1, 0, 0, 0]","[-12.856453895568848, -6.404565334320068, 40.23638153076172, -6.987224102020264, -6.66766881942749, -7.320457935333252]","[-12.856453895568848, -6.404565334320068, 40.23638153076172, -6.987224102020264, -6.66766881942749, -7.320457935333252]","[12.856453895568848, 6.404565334320068, -40.23638153076172, 6.987224102020264, 6.66766881942749, 7.320457935333252]",-1,-1,True,"['A', 'C']","['A', 'C']"
5ac52b495542994611c8b3de::working_set_pack_b,5ac52b495542994611c8b3de,"['A', 'B', 'C', 'D', 'E', 'F']","[1, 0, 1, 0, 0, 0]","[-15.532960891723633, -3.9805564880371094, 32.28773880004883, -4.120239734649658, -4.2433695793151855, -4.410604476928711]","[-15.532960891723633, -3.9805564880371094, 32.28773880004883, -4.120239734649658, -4.2433695793151855, -4.410604476928711]","[-15.532960891723633, -3.9805564880371094, 32.28773880004883, -4.120239734649658, -4.2433695793151855, -4.410604476928711]",1,1,True,"['A', 'C']","['A', 'C']"
5ac52b495542994611c8b3de::active_set_pack_b,5ac52b495542994611c8b3de,"['A', 'B', 'C', 'D', 'E', 'F']","[1, 0, 1, 0, 0, 0]","[-12.541481971740723, -7.618544578552246, 43.985328674316406, -7.831575393676758, -7.953832149505615, -8.039894104003906]","[-12.541481971740723, -7.618544578552246, 43.985328674316406, -7.831575393676758, -7.953832149505615, -8.039894104003906]","[12.541481971740723, 7.618544578552246, -43.985328674316406, 7.831575393676758, 7.953832149505615, 8.039894104003906]",-1,-1,True,"['A', 'C']","['A', 'C']"
5a72b1c25542992359bc3172::working_set_pack_a,5a72b1c25542992359bc3172,"['A', 'B', 'C', 'D', 'E', 'F']","[1, 0, 0, 1, 0, 0]","[-8.099251747131348, -8.049713134765625, -8.096200942993164, 40.40650177001953, -8.099294662475586, -8.062045097351074]","[-8.099251747131348, -8.049713134765625, -8.096200942993164, 40.40650177001953, -8.099294662475586, -8.062045097351074]","[8.099251747131348, 8.049713134765625, 8.096200942993164, -40.40650177001953, 8.099294662475586, 8.062045097351074]",-1,-1,False,"['D', 'F']","['A', 'D']"
5a72b1c25542992359bc3172::active_set_pack_a,5a72b1c25542992359bc3172,"['A', 'B', 'C', 'D', 'E', 'F']","[1, 0, 0, 1, 0, 0]","[-9.706119537353516, -9.543267250061035, -9.348499298095703, 47.650203704833984, -9.546440124511719, -9.505868911743164]","[-9.706119537353516, -9.543267250061035, -9.348499298095703, 47.650203704833984, -9.546440124511719, -9.505868911743164]","[9.706119537353516, 9.543267250061035, 9.348499298095703, -47.650203704833984, 9.546440124511719, 9.505868911743164]",-1,-1,False,"['D', 'F']","['A', 'D']"
5a72b1c25542992359bc3172::working_set_pack_b,5a72b1c25542992359bc3172,"['A', 'B', 'C', 'D', 'E', 'F']","[1, 0, 0, 1, 0, 0]","[-8.593707084655762, -8.570704460144043, -8.352153778076172, 41.790931701660156, -8.084092140197754, -8.190277099609375]","[-8.593707084655762, -8.570704460144043, -8.352153778076172, 41.790931701660156, -8.084092140197754, -8.190277099609375]","[8.593707084655762, 8.570704460144043, 8.352153778076172, -41.790931701660156, 8.084092140197754, 8.190277099609375]",-1,-1,False,"['D', 'F']","['A', 'D']"
5a72b1c25542992359bc3172::active_set_pack_b,5a72b1c25542992359bc3172,"['A', 'B', 'C', 'D', 'E', 'F']","[1, 0, 0, 1, 0, 0]","[-11.040468215942383, -10.749311447143555, -10.344598770141602, 53.27983093261719, -10.610913276672363, -10.534523963928223]","[-11.040468215942383, -10.749311447143555, -10.344598770141602, 53.27983093261719, -10.610913276672363, -10.534523963928223]","[11.040468215942383, 10.749311447143555, 10.344598770141602, -53.27983093261719, 10.610913276672363, 10.534523963928223]",-1,-1,False,"['D', 'F']","['A', 'D']"
5ab39701554299233954ff5e::working_set_pack_a,5ab39701554299233954ff5e,"['A', 'B', 'C', 'D', 'E', 'F']","[0, 0, 1, 1, 0, 0]","[-9.006607055664062, -9.265406608581543, -10.017229080200195, 46.646175384521484, -9.209707260131836, -9.147220611572266]","[-9.006607055664062, -9.265406608581543, -10.017229080200195, 46.646175384521484, -9.209707260131836, -9.147220611572266]","[9.006607055664062, 9.265406608581543, 10.017229080200195, -46.646175384521484, 9.209707260131836, 9.147220611572266]",-1,-1,True,"['C', 'D']","['C', 'D']"
5ab39701554299233954ff5e::active_set_pack_a,5ab39701554299233954ff5e,"['A', 'B', 'C', 'D', 'E', 'F']","[0, 0, 1, 1, 0, 0]","[-8.132386207580566, -8.309086799621582, -9.095566749572754, 41.695960998535156, -7.626539707183838, -8.532370567321777]","[-8.132386207580566, -8.309086799621582, -9.095566749572754, 41.695960998535156, -7.626539707183838, -8.532370567321777]","[8.132386207580566, 8.309086799621582, 9.095566749572754, -41.695960998535156, 7.626539707183838, 8.532370567321777]",-1,-1,False,"['D', 'E']","['C', 'D']"
5ab39701554299233954ff5e::working_set_pack_b,5ab39701554299233954ff5e,"['A', 'B', 'C', 'D', 'E', 'F']","[0, 0, 1, 1, 0, 0]","[-6.100008487701416, -6.068939208984375, -6.485047340393066, 30.639846801757812, -6.099579811096191, -5.886258125305176]","[-6.100008487701416, -6.068939208984375, -6.485047340393066, 30.639846801757812, -6.099579811096191, -5.886258125305176]","[6.100008487701416, 6.068939208984375, 6.485047340393066, -30.639846801757812, 6.099579811096191, 5.886258125305176]",-1,-1,False,"['D', 'E']","['C', 'D']"
5ab39701554299233954ff5e::active_set_pack_b,5ab39701554299233954ff5e,"['A', 'B', 'C', 'D', 'E', 'F']","[0, 0, 1, 1, 0, 0]","[-7.406930446624756, -7.422873497009277, -8.076239585876465, 38.1079216003418, -7.826404094696045, -7.375461101531982]","[-7.406930446624756, -7.422873497009277, -8.076239585876465, 38.1079216003418, -7.826404094696045, -7.375461101531982]","[7.406930446624756, 7.422873497009277, 8.076239585876465, -38.1079216003418, 7.826404094696045, 7.375461101531982]",-1,-1,False,"['D', 'E']","['C', 'D']"
5adf8d5b5542995534e8c7e1::working_set_pack_a,5adf8d5b5542995534e8c7e1,"['A', 'B', 'C', 'D', 'E', 'F']","[0, 0, 0, 1, 1, 0]","[-5.708841800689697, -8.431699752807617, -5.71978759765625, -5.8765130043029785, 31.58563804626465, -5.8488006591796875]","[-5.708841800689697, -8.431699752807617, -5.71978759765625, -5.8765130043029785, 31.58563804626465, -5.8488006591796875]","[5.708841800689697, 8.431699752807617, 5.71978759765625, 5.8765130043029785, -31.58563804626465, 5.8488006591796875]",-1,-1,False,"['B', 'E']","['D', 'E']"
5adf8d5b5542995534e8c7e1::active_set_pack_a,5adf8d5b5542995534e8c7e1,"['A', 'B', 'C', 'D', 'E', 'F']","[0, 0, 0, 1, 1, 0]","[-5.820062637329102, -8.235601425170898, -5.759886264801025, -6.24730920791626, 31.692630767822266, -5.629764080047607]","[-5.820062637329102, -8.235601425170898, -5.759886264801025, -6.24730920791626, 31.692630767822266, -5.629764080047607]","[5.820062637329102, 8.235601425170898, 5.759886264801025, 6.24730920791626, -31.692630767822266, 5.629764080047607]",-1,-1,False,"['B', 'E']","['D', 'E']"
5adf8d5b5542995534e8c7e1::working_set_pack_b,5adf8d5b5542995534e8c7e1,"['A', 'B', 'C', 'D', 'E', 'F']","[0, 0, 0, 1, 1, 0]","[-5.8414764404296875, -7.2329630851745605, -6.133420944213867, -5.979306221008301, 31.29286766052246, -6.105692386627197]","[-5.8414764404296875, -7.2329630851745605, -6.133420944213867, -5.979306221008301, 31.29286766052246, -6.105692386627197]","[5.8414764404296875, 7.2329630851745605, 6.133420944213867, 5.979306221008301, -31.29286766052246, 6.105692386627197]",-1,-1,False,"['B', 'E']","['D', 'E']"
5adf8d5b5542995534e8c7e1::active_set_pack_b,5adf8d5b5542995534e8c7e1,"['A', 'B', 'C', 'D', 'E', 'F']","[0, 0, 0, 1, 1, 0]","[-4.374433994293213, -9.16463851928711, -4.979432106018066, -5.081850051879883, 28.207138061523438, -4.606778144836426]","[-4.374433994293213, -9.16463851928711, -4.979432106018066, -5.081850051879883, 28.207138061523438, -4.606778144836426]","[4.374433994293213, 9.16463851928711, 4.979432106018066, 5.081850051879883, -28.207138061523438, 4.606778144836426]",-1,-1,False,"['B', 'E']","['D', 'E']"
5ae5b3df5542992663a4f20b::working_set_pack_a,5ae5b3df5542992663a4f20b,"['A', 'B', 'C', 'D', 'E', 'F']","[0, 0, 1, 1, 0, 0]","[-10.228076934814453, -10.328615188598633, -13.162671089172363, 54.632118225097656, -10.274776458740234, -10.637959480285645]","[-10.228076934814453, -10.328615188598633, -13.162671089172363, 54.632118225097656, -10.274776458740234, -10.637959480285645]","[-10.228076934814453, -10.328615188598633, -13.162671089172363, 54.632118225097656, -10.274776458740234, -10.637959480285645]",1,1,True,"['C', 'D']","['C', 'D']"
5ae5b3df5542992663a4f20b::active_set_pack_a,5ae5b3df5542992663a4f20b,"['A', 'B', 'C', 'D', 'E', 'F']","[0, 0, 1, 1, 0, 0]","[-9.865303039550781, -9.988602638244629, -13.128159523010254, 53.105224609375, -9.889092445373535, -10.234065055847168]","[-9.865303039550781, -9.988602638244629, -13.128159523010254, 53.105224609375, -9.889092445373535, -10.234065055847168]","[-9.865303039550781, -9.988602638244629, -13.128159523010254, 53.105224609375, -9.889092445373535, -10.234065055847168]",1,1,True,"['C', 'D']","['C', 'D']"
5ae5b3df5542992663a4f20b::working_set_pack_b,5ae5b3df5542992663a4f20b,"['A', 'B', 'C', 'D', 'E', 'F']","[0, 0, 1, 1, 0, 0]","[-6.27449369430542, -6.290256500244141, -13.366774559020996, 38.76666259765625, -6.2432403564453125, -6.591889381408691]","[-6.27449369430542, -6.290256500244141, -13.366774559020996, 38.76666259765625, -6.2432403564453125, -6.591889381408691]","[-6.27449369430542, -6.290256500244141, -13.366774559020996, 38.76666259765625, -6.2432403564453125, -6.591889381408691]",1,1,True,"['C', 'D']","['C', 'D']"
5ae5b3df5542992663a4f20b::active_set_pack_b,5ae5b3df5542992663a4f20b,"['A', 'B', 'C', 'D', 'E', 'F']","[0, 0, 1, 1, 0, 0]","[-6.629695415496826, -6.642107963562012, -15.264474868774414, 41.97877502441406, -6.536614894866943, -6.905877113342285]","[-6.629695415496826, -6.642107963562012, -15.264474868774414, 41.97877502441406, -6.536614894866943, -6.905877113342285]","[-6.629695415496826, -6.642107963562012, -15.264474868774414, 41.97877502441406, -6.536614894866943, -6.905877113342285]",1,1,True,"['C', 'D']","['C', 'D']"
5ac2423755429951e9e684ff::working_set_pack_a,5ac2423755429951e9e684ff,"['A', 'B', 'C', 'D', 'E', 'F']","[1, 0, 0, 0, 0, 1]","[-6.0405802726745605, -1.9940769672393799, -1.7707761526107788, -2.6904304027557373, -3.58125376701355, 16.077112197875977]","[-6.0405802726745605, -1.9940769672393799, -1.7707761526107788, -2.6904304027557373, -3.58125376701355, 16.077112197875977]","[6.0405802726745605, 1.9940769672393799, 1.7707761526107788, 2.6904304027557373, 3.58125376701355, -16.077112197875977]",-1,-1,True,"['A', 'F']","['A', 'F']"
5ac2423755429951e9e684ff::active_set_pack_a,5ac2423755429951e9e684ff,"['A', 'B', 'C', 'D', 'E', 'F']","[1, 0, 0, 0, 0, 1]","[-6.989070415496826, -1.2980973720550537, -1.2575392723083496, -2.7907979488372803, -2.5088088512420654, 14.844317436218262]","[-6.989070415496826, -1.2980973720550537, -1.2575392723083496, -2.7907979488372803, -2.5088088512420654, 14.844317436218262]","[6.989070415496826, 1.2980973720550537, 1.2575392723083496, 2.7907979488372803, 2.5088088512420654, -14.844317436218262]",-1,-1,True,"['A', 'F']","['A', 'F']"
5ac2423755429951e9e684ff::working_set_pack_b,5ac2423755429951e9e684ff,"['A', 'B', 'C', 'D', 'E', 'F']","[1, 0, 0, 0, 0, 1]","[-7.5010199546813965, -2.483487367630005, -2.2787222862243652, -4.282742977142334, -3.2489335536956787, 19.79490089416504]","[-7.5010199546813965, -2.483487367630005, -2.2787222862243652, -4.282742977142334, -3.2489335536956787, 19.79490089416504]","[7.5010199546813965, 2.483487367630005, 2.2787222862243652, 4.282742977142334, 3.2489335536956787, -19.79490089416504]",-1,-1,True,"['A', 'F']","['A', 'F']"
5ac2423755429951e9e684ff::active_set_pack_b,5ac2423755429951e9e684ff,"['A', 'B', 'C', 'D', 'E', 'F']","[1, 0, 0, 0, 0, 1]","[-8.490789413452148, -2.9476428031921387, -3.0839972496032715, -4.15363883972168, -3.077963352203369, 21.7540225982666]","[-8.490789413452148, -2.9476428031921387, -3.0839972496032715, -4.15363883972168, -3.077963352203369, 21.7540225982666]","[8.490789413452148, 2.9476428031921387, 3.0839972496032715, 4.15363883972168, 3.077963352203369, -21.7540225982666]",-1,-1,True,"['A', 'F']","['A', 'F']"
5a822d4655429926c1cdae45::working_set_pack_a,5a822d4655429926c1cdae45,"['A', 'B', 'C', 'D', 'E', 'F']","[0, 1, 0, 0, 0, 1]","[-5.827301025390625, -11.136749267578125, -5.73464822769165, -5.702111721038818, -5.490212917327881, 33.89101791381836]","[-5.827301025390625, -11.136749267578125, -5.73464822769165, -5.702111721038818, -5.490212917327881, 33.89101791381836]","[5.827301025390625, 11.136749267578125, 5.73464822769165, 5.702111721038818, 5.490212917327881, -33.89101791381836]",-1,-1,True,"['B', 'F']","['B', 'F']"
5a822d4655429926c1cdae45::active_set_pack_a,5a822d4655429926c1cdae45,"['A', 'B', 'C', 'D', 'E', 'F']","[0, 1, 0, 0, 0, 1]","[-9.574399948120117, -10.467412948608398, -9.635163307189941, -9.019222259521484, -8.118759155273438, 46.814945220947266]","[-9.574399948120117, -10.467412948608398, -9.635163307189941, -9.019222259521484, -8.118759155273438, 46.814945220947266]","[9.574399948120117, 10.467412948608398, 9.635163307189941, 9.019222259521484, 8.118759155273438, -46.814945220947266]",-1,-1,True,"['B', 'F']","['B', 'F']"
5a822d4655429926c1cdae45::working_set_pack_b,5a822d4655429926c1cdae45,"['A', 'B', 'C', 'D', 'E', 'F']","[0, 1, 0, 0, 0, 1]","[-9.00561809539795, -9.289122581481934, -9.032145500183105, -9.018643379211426, -8.840802192687988, 45.186336517333984]","[-9.00561809539795, -9.289122581481934, -9.032145500183105, -9.018643379211426, -8.840802192687988, 45.186336517333984]","[9.00561809539795, 9.289122581481934, 9.032145500183105, 9.018643379211426, 8.840802192687988, -45.186336517333984]",-1,-1,True,"['B', 'F']","['B', 'F']"
5a822d4655429926c1cdae45::active_set_pack_b,5a822d4655429926c1cdae45,"['A', 'B', 'C', 'D', 'E', 'F']","[0, 1, 0, 0, 0, 1]","[-7.316961288452148, -11.097583770751953, -7.395382881164551, -7.314486026763916, -6.462526321411133, 39.58693313598633]","[-7.316961288452148, -11.097583770751953, -7.395382881164551, -7.314486026763916, -6.462526321411133, 39.58693313598633]","[-7.316961288452148, -11.097583770751953, -7.395382881164551, -7.314486026763916, -6.462526321411133, 39.58693313598633]",1,1,True,"['B', 'F']","['B', 'F']"
5ab9672655429970cfb8eabd::working_set_pack_a,5ab9672655429970cfb8eabd,"['A', 'B', 'C', 'D', 'E', 'F']","[0, 0, 1, 1, 0, 0]","[0.2759905457496643, -19.960657119750977, 5.061463832855225, 13.211302757263184, 0.7275058031082153, 0.68439781665802]","[-0.2759905457496643, 19.960657119750977, -5.061463832855225, -13.211302757263184, -0.7275058031082153, -0.68439781665802]","[0.2759905457496643, -19.960657119750977, 5.061463832855225, 13.211302757263184, 0.7275058031082153, 0.68439781665802]",1,-1,False,"['B', 'D']","['C', 'D']"
5ab9672655429970cfb8eabd::active_set_pack_a,5ab9672655429970cfb8eabd,"['A', 'B', 'C', 'D', 'E', 'F']","[0, 0, 1, 1, 0, 0]","[1.434922695159912, -24.650375366210938, 8.752321243286133, 10.074417114257812, 2.185436964035034, 2.20328688621521]","[-1.434922695159912, 24.650375366210938, -8.752321243286133, -10.074417114257812, -2.185436964035034, -2.20328688621521]","[1.434922695159912, -24.650375366210938, 8.752321243286133, 10.074417114257812, 2.185436964035034, 2.20328688621521]",1,-1,False,"['B', 'D']","['C', 'D']"
5ab9672655429970cfb8eabd::working_set_pack_b,5ab9672655429970cfb8eabd,"['A', 'B', 'C', 'D', 'E', 'F']","[0, 0, 1, 1, 0, 0]","[3.6283116340637207, -27.40496826171875, 6.883503437042236, 8.925959587097168, 3.9827146530151367, 3.984485626220703]","[-3.6283116340637207, 27.40496826171875, -6.883503437042236, -8.925959587097168, -3.9827146530151367, -3.984485626220703]","[3.6283116340637207, -27.40496826171875, 6.883503437042236, 8.925959587097168, 3.9827146530151367, 3.984485626220703]",1,-1,False,"['B', 'D']","['C', 'D']"
5ab9672655429970cfb8eabd::active_set_pack_b,5ab9672655429970cfb8eabd,"['A', 'B', 'C', 'D', 'E', 'F']","[0, 0, 1, 1, 0, 0]","[1.9120498895645142, -23.686817169189453, 3.2455601692199707, 14.138113021850586, 2.188678503036499, 2.2024097442626953]","[-1.9120498895645142, 23.686817169189453, -3.2455601692199707, -14.138113021850586, -2.188678503036499, -2.2024097442626953]","[1.9120498895645142, -23.686817169189453, 3.2455601692199707, 14.138113021850586, 2.188678503036499, 2.2024097442626953]",1,-1,False,"['B', 'D']","['C', 'D']"
5abb1f745542996cc5e49fb5::working_set_pack_a,5abb1f745542996cc5e49fb5,"['A', 'B', 'C', 'D', 'E', 'F']","[1, 0, 0, 0, 0, 1]","[-6.536577224731445, -2.206603765487671, -1.9593936204910278, -2.079448699951172, -2.164092540740967, 14.94611644744873]","[-6.536577224731445, -2.206603765487671, -1.9593936204910278, -2.079448699951172, -2.164092540740967, 14.94611644744873]","[6.536577224731445, 2.206603765487671, 1.9593936204910278, 2.079448699951172, 2.164092540740967, -14.94611644744873]",-1,-1,True,"['A', 'F']","['A', 'F']"
5abb1f745542996cc5e49fb5::active_set_pack_a,5abb1f745542996cc5e49fb5,"['A', 'B', 'C', 'D', 'E', 'F']","[1, 0, 0, 0, 0, 1]","[-5.316710948944092, -4.7880539894104, -4.577058792114258, -4.649081707000732, -4.892542362213135, 24.223447799682617]","[-5.316710948944092, -4.7880539894104, -4.577058792114258, -4.649081707000732, -4.892542362213135, 24.223447799682617]","[5.316710948944092, 4.7880539894104, 4.577058792114258, 4.649081707000732, 4.892542362213135, -24.223447799682617]",-1,-1,True,"['A', 'F']","['A', 'F']"
5abb1f745542996cc5e49fb5::working_set_pack_b,5abb1f745542996cc5e49fb5,"['A', 'B', 'C', 'D', 'E', 'F']","[1, 0, 0, 0, 0, 1]","[-6.99332857131958, -2.7574124336242676, -2.203123092651367, -2.314072608947754, -2.1036465167999268, 16.3715763092041]","[-6.99332857131958, -2.7574124336242676, -2.203123092651367, -2.314072608947754, -2.1036465167999268, 16.3715763092041]","[6.99332857131958, 2.7574124336242676, 2.203123092651367, 2.314072608947754, 2.1036465167999268, -16.3715763092041]",-1,-1,True,"['A', 'F']","['A', 'F']"
5abb1f745542996cc5e49fb5::active_set_pack_b,5abb1f745542996cc5e49fb5,"['A', 'B', 'C', 'D', 'E', 'F']","[1, 0, 0, 0, 0, 1]","[-6.058624744415283, -4.149909496307373, -3.7012720108032227, -3.81827974319458, -4.188110828399658, 21.916194915771484]","[-6.058624744415283, -4.149909496307373, -3.7012720108032227, -3.81827974319458, -4.188110828399658, 21.916194915771484]","[6.058624744415283, 4.149909496307373, 3.7012720108032227, 3.81827974319458, 4.188110828399658, -21.916194915771484]",-1,-1,True,"['A', 'F']","['A', 'F']"
5abbbd0f55429931dba144d5::working_set_pack_a,5abbbd0f55429931dba144d5,"['A', 'B', 'C', 'D', 'E', 'F']","[0, 1, 0, 1, 0, 0]","[-6.027716159820557, -9.661155700683594, -5.448431015014648, 33.09719467163086, -6.292167663574219, -5.667718887329102]","[-6.027716159820557, -9.661155700683594, -5.448431015014648, 33.09719467163086, -6.292167663574219, -5.667718887329102]","[-6.027716159820557, -9.661155700683594, -5.448431015014648, 33.09719467163086, -6.292167663574219, -5.667718887329102]",1,1,True,"['B', 'D']","['B', 'D']"
5abbbd0f55429931dba144d5::active_set_pack_a,5abbbd0f55429931dba144d5,"['A', 'B', 'C', 'D', 'E', 'F']","[0, 1, 0, 1, 0, 0]","[-5.666450500488281, -10.441559791564941, -5.256572723388672, 32.340763092041016, -5.7003984451293945, -5.275792121887207]","[-5.666450500488281, -10.441559791564941, -5.256572723388672, 32.340763092041016, -5.7003984451293945, -5.275792121887207]","[-5.666450500488281, -10.441559791564941, -5.256572723388672, 32.340763092041016, -5.7003984451293945, -5.275792121887207]",1,1,True,"['B', 'D']","['B', 'D']"
5abbbd0f55429931dba144d5::working_set_pack_b,5abbbd0f55429931dba144d5,"['A', 'B', 'C', 'D', 'E', 'F']","[0, 1, 0, 1, 0, 0]","[-5.688826084136963, -13.287195205688477, -5.418355941772461, 35.41608810424805, -5.614924430847168, -5.406782627105713]","[-5.688826084136963, -13.287195205688477, -5.418355941772461, 35.41608810424805, -5.614924430847168, -5.406782627105713]","[-5.688826084136963, -13.287195205688477, -5.418355941772461, 35.41608810424805, -5.614924430847168, -5.406782627105713]",1,1,True,"['B', 'D']","['B', 'D']"
5abbbd0f55429931dba144d5::active_set_pack_b,5abbbd0f55429931dba144d5,"['A', 'B', 'C', 'D', 'E', 'F']","[0, 1, 0, 1, 0, 0]","[-1.552974820137024, -22.57279396057129, -1.7529648542404175, 28.47605323791504, -1.5615915060043335, -1.0357173681259155]","[-1.552974820137024, -22.57279396057129, -1.7529648542404175, 28.47605323791504, -1.5615915060043335, -1.0357173681259155]","[-1.552974820137024, -22.57279396057129, -1.7529648542404175, 28.47605323791504, -1.5615915060043335, -1.0357173681259155]",1,1,True,"['B', 'D']","['B', 'D']"
5ac3e8c65542997ea680c993::working_set_pack_a,5ac3e8c65542997ea680c993,"['A', 'B', 'C', 'D', 'E', 'F']","[0, 0, 0, 0, 1, 1]","[-4.996189117431641, -5.048848628997803, -5.6226677894592285, -5.3867692947387695, 26.06049346923828, -5.0060224533081055]","[-4.996189117431641, -5.048848628997803, -5.6226677894592285, -5.3867692947387695, 26.06049346923828, -5.0060224533081055]","[4.996189117431641, 5.048848628997803, 5.6226677894592285, 5.3867692947387695, -26.06049346923828, 5.0060224533081055]",-1,-1,True,"['E', 'F']","['E', 'F']"
5ac3e8c65542997ea680c993::active_set_pack_a,5ac3e8c65542997ea680c993,"['A', 'B', 'C', 'D', 'E', 'F']","[0, 0, 0, 0, 1, 1]","[-3.3039791584014893, -3.41567063331604, -3.9919302463531494, -4.618296146392822, 21.08796501159668, -5.758090496063232]","[3.3039791584014893, 3.41567063331604, 3.9919302463531494, 4.618296146392822, -21.08796501159668, 5.758090496063232]","[-3.3039791584014893, -3.41567063331604, -3.9919302463531494, -4.618296146392822, 21.08796501159668, -5.758090496063232]",1,-1,False,"['D', 'F']","['E', 'F']"
5ac3e8c65542997ea680c993::working_set_pack_b,5ac3e8c65542997ea680c993,"['A', 'B', 'C', 'D', 'E', 'F']","[0, 0, 0, 0, 1, 1]","[-7.387031078338623, -7.328489780426025, -7.98261022567749, -8.139705657958984, 34.48664093017578, -3.648803949356079]","[-7.387031078338623, -7.328489780426025, -7.98261022567749, -8.139705657958984, 34.48664093017578, -3.648803949356079]","[7.387031078338623, 7.328489780426025, 7.98261022567749, 8.139705657958984, -34.48664093017578, 3.648803949356079]",-1,-1,True,"['E', 'F']","['E', 'F']"
5ac3e8c65542997ea680c993::active_set_pack_b,5ac3e8c65542997ea680c993,"['A', 'B', 'C', 'D', 'E', 'F']","[0, 0, 0, 0, 1, 1]","[-8.407654762268066, -7.542566776275635, -8.517573356628418, -8.632892608642578, 37.04827117919922, -3.947585344314575]","[-8.407654762268066, -7.542566776275635, -8.517573356628418, -8.632892608642578, 37.04827117919922, -3.947585344314575]","[8.407654762268066, 7.542566776275635, 8.517573356628418, 8.632892608642578, -37.04827117919922, 3.947585344314575]",-1,-1,True,"['E', 'F']","['E', 'F']"
5a87390555429960ec39b769::working_set_pack_a,5a87390555429960ec39b769,"['A', 'B', 'C', 'D', 'E', 'F']","[1, 0, 0, 0, 1, 0]","[-10.572586059570312, -12.645386695861816, -9.930519104003906, -9.9812593460083, 53.36470031738281, -10.234949111938477]","[-10.572586059570312, -12.645386695861816, -9.930519104003906, -9.9812593460083, 53.36470031738281, -10.234949111938477]","[10.572586059570312, 12.645386695861816, 9.930519104003906, 9.9812593460083, -53.36470031738281, 10.234949111938477]",-1,-1,True,"['A', 'E']","['A', 'E']"
5a87390555429960ec39b769::active_set_pack_a,5a87390555429960ec39b769,"['A', 'B', 'C', 'D', 'E', 'F']","[1, 0, 0, 0, 1, 0]","[-10.269074440002441, -12.425497055053711, -9.570151329040527, -9.967891693115234, 52.31682205200195, -10.084197044372559]","[-10.269074440002441, -12.425497055053711, -9.570151329040527, -9.967891693115234, 52.31682205200195, -10.084197044372559]","[10.269074440002441, 12.425497055053711, 9.570151329040527, 9.967891693115234, -52.31682205200195, 10.084197044372559]",-1,-1,True,"['A', 'E']","['A', 'E']"
5a87390555429960ec39b769::working_set_pack_b,5a87390555429960ec39b769,"['A', 'B', 'C', 'D', 'E', 'F']","[1, 0, 0, 0, 1, 0]","[-10.187967300415039, -11.738809585571289, -9.148786544799805, -8.91779899597168, 49.0833625793457, -9.089990615844727]","[-10.187967300415039, -11.738809585571289, -9.148786544799805, -8.91779899597168, 49.0833625793457, -9.089990615844727]","[10.187967300415039, 11.738809585571289, 9.148786544799805, 8.91779899597168, -49.0833625793457, 9.089990615844727]",-1,-1,True,"['A', 'E']","['A', 'E']"
5a87390555429960ec39b769::active_set_pack_b,5a87390555429960ec39b769,"['A', 'B', 'C', 'D', 'E', 'F']","[1, 0, 0, 0, 1, 0]","[-10.413419723510742, -11.431822776794434, -9.587385177612305, -9.690149307250977, 51.11606216430664, -9.9932861328125]","[-10.413419723510742, -11.431822776794434, -9.587385177612305, -9.690149307250977, 51.11606216430664, -9.9932861328125]","[10.413419723510742, 11.431822776794434, 9.587385177612305, 9.690149307250977, -51.11606216430664, 9.9932861328125]",-1,-1,True,"['A', 'E']","['A', 'E']"
5a8766cb5542996e4f3087d6::working_set_pack_a,5a8766cb5542996e4f3087d6,"['A', 'B', 'C', 'D', 'E', 'F']","[0, 0, 0, 1, 1, 0]","[-5.647005558013916, -5.733859539031982, -6.326498985290527, -11.1322660446167, 35.84438705444336, -7.004758834838867]","[-5.647005558013916, -5.733859539031982, -6.326498985290527, -11.1322660446167, 35.84438705444336, -7.004758834838867]","[5.647005558013916, 5.733859539031982, 6.326498985290527, 11.1322660446167, -35.84438705444336, 7.004758834838867]",-1,-1,True,"['D', 'E']","['D', 'E']"
5a8766cb5542996e4f3087d6::active_set_pack_a,5a8766cb5542996e4f3087d6,"['A', 'B', 'C', 'D', 'E', 'F']","[0, 0, 0, 1, 1, 0]","[-4.570800304412842, -4.609673500061035, -5.287034034729004, -11.071648597717285, 31.695844650268555, -6.156684398651123]","[-4.570800304412842, -4.609673500061035, -5.287034034729004, -11.071648597717285, 31.695844650268555, -6.156684398651123]","[-4.570800304412842, -4.609673500061035, -5.287034034729004, -11.071648597717285, 31.695844650268555, -6.156684398651123]",1,1,True,"['D', 'E']","['D', 'E']"
5a8766cb5542996e4f3087d6::working_set_pack_b,5a8766cb5542996e4f3087d6,"['A', 'B', 'C', 'D', 'E', 'F']","[0, 0, 0, 1, 1, 0]","[-3.575507640838623, -2.6855502128601074, -4.414710998535156, -14.525531768798828, 28.4759464263916, -3.274653911590576]","[-3.575507640838623, -2.6855502128601074, -4.414710998535156, -14.525531768798828, 28.4759464263916, -3.274653911590576]","[3.575507640838623, 2.6855502128601074, 4.414710998535156, 14.525531768798828, -28.4759464263916, 3.274653911590576]",-1,-1,True,"['D', 'E']","['D', 'E']"
5a8766cb5542996e4f3087d6::active_set_pack_b,5a8766cb5542996e4f3087d6,"['A', 'B', 'C', 'D', 'E', 'F']","[0, 0, 0, 1, 1, 0]","[-7.776334762573242, -7.245636463165283, -8.348878860473633, -9.376410484313965, 40.651912689208984, -7.9046502113342285]","[-7.776334762573242, -7.245636463165283, -8.348878860473633, -9.376410484313965, 40.651912689208984, -7.9046502113342285]","[7.776334762573242, 7.245636463165283, 8.348878860473633, 9.376410484313965, -40.651912689208984, 7.9046502113342285]",-1,-1,True,"['D', 'E']","['D', 'E']"
5a7ca54c55429935c91b527f::working_set_pack_a,5a7ca54c55429935c91b527f,"['A', 'B', 'C', 'D', 'E', 'F']","[0, 1, 0, 0, 1, 0]","[-10.080811500549316, -9.193864822387695, -10.082688331604004, -9.242134094238281, 48.81389236450195, -10.21438217163086]","[-10.080811500549316, -9.193864822387695, -10.082688331604004, -9.242134094238281, 48.81389236450195, -10.21438217163086]","[10.080811500549316, 9.193864822387695, 10.082688331604004, 9.242134094238281, -48.81389236450195, 10.21438217163086]",-1,-1,False,"['A', 'E']","['B', 'E']"
5a7ca54c55429935c91b527f::active_set_pack_a,5a7ca54c55429935c91b527f,"['A', 'B', 'C', 'D', 'E', 'F']","[0, 1, 0, 0, 1, 0]","[-10.643309593200684, -9.740316390991211, -11.26211929321289, -9.869929313659668, 52.0467643737793, -10.531085014343262]","[-10.643309593200684, -9.740316390991211, -11.26211929321289, -9.869929313659668, 52.0467643737793, -10.531085014343262]","[10.643309593200684, 9.740316390991211, 11.26211929321289, 9.869929313659668, -52.0467643737793, 10.531085014343262]",-1,-1,False,"['A', 'E']","['B', 'E']"
5a7ca54c55429935c91b527f::working_set_pack_b,5a7ca54c55429935c91b527f,"['A', 'B', 'C', 'D', 'E', 'F']","[0, 1, 0, 0, 1, 0]","[-9.363957405090332, -8.534371376037598, -9.950048446655273, -8.854199409484863, 46.16301345825195, -9.46044635772705]","[-9.363957405090332, -8.534371376037598, -9.950048446655273, -8.854199409484863, 46.16301345825195, -9.46044635772705]","[9.363957405090332, 8.534371376037598, 9.950048446655273, 8.854199409484863, -46.16301345825195, 9.46044635772705]",-1,-1,True,"['B', 'E']","['B', 'E']"
5a7ca54c55429935c91b527f::active_set_pack_b,5a7ca54c55429935c91b527f,"['A', 'B', 'C', 'D', 'E', 'F']","[0, 1, 0, 0, 1, 0]","[-9.977888107299805, -9.468596458435059, -10.88200855255127, -9.495125770568848, 49.783203125, -9.959567070007324]","[-9.977888107299805, -9.468596458435059, -10.88200855255127, -9.495125770568848, 49.783203125, -9.959567070007324]","[9.977888107299805, 9.468596458435059, 10.88200855255127, 9.495125770568848, -49.783203125, 9.959567070007324]",-1,-1,True,"['B', 'E']","['B', 'E']"
5a90c2b35542995651fb51df::working_set_pack_a,5a90c2b35542995651fb51df,"['A', 'B', 'C', 'D', 'E', 'F']","[0, 1, 0, 1, 0, 0]","[-9.427260398864746, -9.430627822875977, -13.558533668518066, 51.92671203613281, -10.142863273620605, -9.367420196533203]","[-9.427260398864746, -9.430627822875977, -13.558533668518066, 51.92671203613281, -10.142863273620605, -9.367420196533203]","[9.427260398864746, 9.430627822875977, 13.558533668518066, -51.92671203613281, 10.142863273620605, 9.367420196533203]",-1,-1,False,"['C', 'D']","['B', 'D']"
5a90c2b35542995651fb51df::active_set_pack_a,5a90c2b35542995651fb51df,"['A', 'B', 'C', 'D', 'E', 'F']","[0, 1, 0, 1, 0, 0]","[-9.647496223449707, -9.612577438354492, -13.557467460632324, 52.642127990722656, -10.320185661315918, -9.504416465759277]","[-9.647496223449707, -9.612577438354492, -13.557467460632324, 52.642127990722656, -10.320185661315918, -9.504416465759277]","[9.647496223449707, 9.612577438354492, 13.557467460632324, -52.642127990722656, 10.320185661315918, 9.504416465759277]",-1,-1,False,"['C', 'D']","['B', 'D']"
5a90c2b35542995651fb51df::working_set_pack_b,5a90c2b35542995651fb51df,"['A', 'B', 'C', 'D', 'E', 'F']","[0, 1, 0, 1, 0, 0]","[-8.350807189941406, -8.3151216506958, -12.941102981567383, 46.8383674621582, -8.980392456054688, -8.250950813293457]","[-8.350807189941406, -8.3151216506958, -12.941102981567383, 46.8383674621582, -8.980392456054688, -8.250950813293457]","[8.350807189941406, 8.3151216506958, 12.941102981567383, -46.8383674621582, 8.980392456054688, 8.250950813293457]",-1,-1,False,"['C', 'D']","['B', 'D']"
5a90c2b35542995651fb51df::active_set_pack_b,5a90c2b35542995651fb51df,"['A', 'B', 'C', 'D', 'E', 'F']","[0, 1, 0, 1, 0, 0]","[6.490518569946289, 6.217407703399658, -43.603153228759766, 17.22319793701172, 7.476306915283203, 6.195716381072998]","[-6.490518569946289, -6.217407703399658, 43.603153228759766, -17.22319793701172, -7.476306915283203, -6.195716381072998]","[-6.490518569946289, -6.217407703399658, 43.603153228759766, -17.22319793701172, -7.476306915283203, -6.195716381072998]",-1,1,False,"['C', 'F']","['B', 'D']"
5a74a3bd55429979e28829da::working_set_pack_a,5a74a3bd55429979e28829da,"['A', 'B', 'C', 'D', 'E', 'F']","[0, 1, 0, 0, 1, 0]","[5.887289047241211, 2.972212791442871, -22.63158416748047, 2.1153066158294678, 8.95417594909668, 2.7025911808013916]","[-5.887289047241211, -2.972212791442871, 22.63158416748047, -2.1153066158294678, -8.95417594909668, -2.7025911808013916]","[5.887289047241211, 2.972212791442871, -22.63158416748047, 2.1153066158294678, 8.95417594909668, 2.7025911808013916]",1,-1,False,"['C', 'F']","['B', 'E']"
5a74a3bd55429979e28829da::active_set_pack_a,5a74a3bd55429979e28829da,"['A', 'B', 'C', 'D', 'E', 'F']","[0, 1, 0, 0, 1, 0]","[3.3526084423065186, 2.2673099040985107, -20.857316970825195, 1.339218258857727, 11.980512619018555, 1.9176629781723022]","[-3.3526084423065186, -2.2673099040985107, 20.857316970825195, -1.339218258857727, -11.980512619018555, -1.9176629781723022]","[3.3526084423065186, 2.2673099040985107, -20.857316970825195, 1.339218258857727, 11.980512619018555, 1.9176629781723022]",1,-1,False,"['C', 'F']","['B', 'E']"
5a74a3bd55429979e28829da::working_set_pack_b,5a74a3bd55429979e28829da,"['A', 'B', 'C', 'D', 'E', 'F']","[0, 1, 0, 0, 1, 0]","[6.008908748626709, 5.736602783203125, -28.88866424560547, 5.335881233215332, 6.0227580070495605, 5.784501075744629]","[-6.008908748626709, -5.736602783203125, 28.88866424560547, -5.335881233215332, -6.0227580070495605, -5.784501075744629]","[6.008908748626709, 5.736602783203125, -28.88866424560547, 5.335881233215332, 6.0227580070495605, 5.784501075744629]",1,-1,False,"['C', 'F']","['B', 'E']"
5a74a3bd55429979e28829da::active_set_pack_b,5a74a3bd55429979e28829da,"['A', 'B', 'C', 'D', 'E', 'F']","[0, 1, 0, 0, 1, 0]","[8.369457244873047, 3.9026522636413574, -20.30919647216797, 2.2248072624206543, 3.3384392261505127, 2.4738426208496094]","[8.369457244873047, 3.9026522636413574, -20.30919647216797, 2.2248072624206543, 3.3384392261505127, 2.4738426208496094]","[8.369457244873047, 3.9026522636413574, -20.30919647216797, 2.2248072624206543, 3.3384392261505127, 2.4738426208496094]",1,1,False,"['A', 'F']","['B', 'E']"
5add3b665542997545bbbcd2::working_set_pack_a,5add3b665542997545bbbcd2,"['A', 'B', 'C', 'D', 'E', 'F']","[1, 1, 0, 0, 0, 0]","[-11.013961791992188, 53.241783142089844, -9.94640064239502, -10.251882553100586, -11.525823593139648, -10.503732681274414]","[-11.013961791992188, 53.241783142089844, -9.94640064239502, -10.251882553100586, -11.525823593139648, -10.503732681274414]","[-11.013961791992188, 53.241783142089844, -9.94640064239502, -10.251882553100586, -11.525823593139648, -10.503732681274414]",1,1,False,"['B', 'D']","['A', 'B']"
5add3b665542997545bbbcd2::active_set_pack_a,5add3b665542997545bbbcd2,"['A', 'B', 'C', 'D', 'E', 'F']","[1, 1, 0, 0, 0, 0]","[-10.746410369873047, 51.86899948120117, -9.593814849853516, -9.94096565246582, -11.476699829101562, -10.111102104187012]","[-10.746410369873047, 51.86899948120117, -9.593814849853516, -9.94096565246582, -11.476699829101562, -10.111102104187012]","[-10.746410369873047, 51.86899948120117, -9.593814849853516, -9.94096565246582, -11.476699829101562, -10.111102104187012]",1,1,False,"['B', 'D']","['A', 'B']"
5add3b665542997545bbbcd2::working_set_pack_b,5add3b665542997545bbbcd2,"['A', 'B', 'C', 'D', 'E', 'F']","[1, 1, 0, 0, 0, 0]","[-9.36386775970459, 46.80419158935547, -8.781549453735352, -9.457930564880371, -9.961459159851074, -9.239381790161133]","[-9.36386775970459, 46.80419158935547, -8.781549453735352, -9.457930564880371, -9.961459159851074, -9.239381790161133]","[-9.36386775970459, 46.80419158935547, -8.781549453735352, -9.457930564880371, -9.961459159851074, -9.239381790161133]",1,1,False,"['B', 'D']","['A', 'B']"
5add3b665542997545bbbcd2::active_set_pack_b,5add3b665542997545bbbcd2,"['A', 'B', 'C', 'D', 'E', 'F']","[1, 1, 0, 0, 0, 0]","[-11.907047271728516, 57.19133758544922, -10.922802925109863, -11.446406364440918, -11.768216133117676, -11.146851539611816]","[-11.907047271728516, 57.19133758544922, -10.922802925109863, -11.446406364440918, -11.768216133117676, -11.146851539611816]","[-11.907047271728516, 57.19133758544922, -10.922802925109863, -11.446406364440918, -11.768216133117676, -11.146851539611816]",1,1,False,"['B', 'D']","['A', 'B']"
5ab728e45542992aa3b8c7b4::working_set_pack_a,5ab728e45542992aa3b8c7b4,"['A', 'B', 'C', 'D', 'E', 'F']","[0, 0, 0, 1, 0, 1]","[-11.292709350585938, -11.425613403320312, -11.38464069366455, -11.348983764648438, -11.402801513671875, 56.854759216308594]","[-11.292709350585938, -11.425613403320312, -11.38464069366455, -11.348983764648438, -11.402801513671875, 56.854759216308594]","[11.292709350585938, 11.425613403320312, 11.38464069366455, 11.348983764648438, 11.402801513671875, -56.854759216308594]",-1,-1,True,"['D', 'F']","['D', 'F']"
5ab728e45542992aa3b8c7b4::active_set_pack_a,5ab728e45542992aa3b8c7b4,"['A', 'B', 'C', 'D', 'E', 'F']","[0, 0, 0, 1, 0, 1]","[-10.832696914672852, -10.895288467407227, -10.942961692810059, -10.928326606750488, -10.8524169921875, 54.45168685913086]","[-10.832696914672852, -10.895288467407227, -10.942961692810059, -10.928326606750488, -10.8524169921875, 54.45168685913086]","[10.832696914672852, 10.895288467407227, 10.942961692810059, 10.928326606750488, 10.8524169921875, -54.45168685913086]",-1,-1,True,"['D', 'F']","['D', 'F']"
5ab728e45542992aa3b8c7b4::working_set_pack_b,5ab728e45542992aa3b8c7b4,"['A', 'B', 'C', 'D', 'E', 'F']","[0, 0, 0, 1, 0, 1]","[-10.257345199584961, -10.39112663269043, -9.715471267700195, -10.013768196105957, -9.639854431152344, 50.01755905151367]","[-10.257345199584961, -10.39112663269043, -9.715471267700195, -10.013768196105957, -9.639854431152344, 50.01755905151367]","[10.257345199584961, 10.39112663269043, 9.715471267700195, 10.013768196105957, 9.639854431152344, -50.01755905151367]",-1,-1,True,"['D', 'F']","['D', 'F']"
5ab728e45542992aa3b8c7b4::active_set_pack_b,5ab728e45542992aa3b8c7b4,"['A', 'B', 'C', 'D', 'E', 'F']","[0, 0, 0, 1, 0, 1]","[-10.14136028289795, -10.28994083404541, -10.259320259094238, -10.150793075561523, -10.190382957458496, 51.031795501708984]","[-10.14136028289795, -10.28994083404541, -10.259320259094238, -10.150793075561523, -10.190382957458496, 51.031795501708984]","[10.14136028289795, 10.28994083404541, 10.259320259094238, 10.150793075561523, 10.190382957458496, -51.031795501708984]",-1,-1,True,"['D', 'F']","['D', 'F']"
5a74fbe55542996c70cfae63::working_set_pack_a,5a74fbe55542996c70cfae63,"['A', 'B', 'C', 'D', 'E', 'F']","[1, 0, 1, 0, 0, 0]","[-9.727886199951172, -8.143999099731445, 46.619720458984375, -8.938583374023438, -10.617205619812012, -9.192055702209473]","[-9.727886199951172, -8.143999099731445, 46.619720458984375, -8.938583374023438, -10.617205619812012, -9.192055702209473]","[9.727886199951172, 8.143999099731445, -46.619720458984375, 8.938583374023438, 10.617205619812012, 9.192055702209473]",-1,-1,False,"['C', 'E']","['A', 'C']"
5a74fbe55542996c70cfae63::active_set_pack_a,5a74fbe55542996c70cfae63,"['A', 'B', 'C', 'D', 'E', 'F']","[1, 0, 1, 0, 0, 0]","[-9.687728881835938, -8.324545860290527, 48.53288650512695, -9.122467994689941, -12.06865406036377, -9.329458236694336]","[-9.687728881835938, -8.324545860290527, 48.53288650512695, -9.122467994689941, -12.06865406036377, -9.329458236694336]","[9.687728881835938, 8.324545860290527, -48.53288650512695, 9.122467994689941, 12.06865406036377, 9.329458236694336]",-1,-1,False,"['C', 'E']","['A', 'C']"
5a74fbe55542996c70cfae63::working_set_pack_b,5a74fbe55542996c70cfae63,"['A', 'B', 'C', 'D', 'E', 'F']","[1, 0, 1, 0, 0, 0]","[-10.369722366333008, -8.411141395568848, 49.015113830566406, -9.440618515014648, -11.118181228637695, -9.675443649291992]","[-10.369722366333008, -8.411141395568848, 49.015113830566406, -9.440618515014648, -11.118181228637695, -9.675443649291992]","[10.369722366333008, 8.411141395568848, -49.015113830566406, 9.440618515014648, 11.118181228637695, 9.675443649291992]",-1,-1,False,"['C', 'E']","['A', 'C']"
5a74fbe55542996c70cfae63::active_set_pack_b,5a74fbe55542996c70cfae63,"['A', 'B', 'C', 'D', 'E', 'F']","[1, 0, 1, 0, 0, 0]","[-10.274657249450684, -8.086540222167969, 48.05318069458008, -9.098882675170898, -11.246179580688477, -9.346927642822266]","[-10.274657249450684, -8.086540222167969, 48.05318069458008, -9.098882675170898, -11.246179580688477, -9.346927642822266]","[10.274657249450684, 8.086540222167969, -48.05318069458008, 9.098882675170898, 11.246179580688477, 9.346927642822266]",-1,-1,False,"['C', 'E']","['A', 'C']"
5ab30bbb55429976abd1bc39::working_set_pack_a,5ab30bbb55429976abd1bc39,"['A', 'B', 'C', 'D', 'E', 'F']","[1, 0, 0, 1, 0, 0]","[-12.073892593383789, -12.219386100769043, -11.681910514831543, 59.85623550415039, -12.273106575012207, -11.607935905456543]","[-12.073892593383789, -12.219386100769043, -11.681910514831543, 59.85623550415039, -12.273106575012207, -11.607935905456543]","[12.073892593383789, 12.219386100769043, 11.681910514831543, -59.85623550415039, 12.273106575012207, 11.607935905456543]",-1,-1,True,"['A', 'D']","['A', 'D']"
5ab30bbb55429976abd1bc39::active_set_pack_a,5ab30bbb55429976abd1bc39,"['A', 'B', 'C', 'D', 'E', 'F']","[1, 0, 0, 1, 0, 0]","[-11.846312522888184, -10.995586395263672, -10.489551544189453, 54.971717834472656, -10.969375610351562, -10.670890808105469]","[-11.846312522888184, -10.995586395263672, -10.489551544189453, 54.971717834472656, -10.969375610351562, -10.670890808105469]","[11.846312522888184, 10.995586395263672, 10.489551544189453, -54.971717834472656, 10.969375610351562, 10.670890808105469]",-1,-1,True,"['A', 'D']","['A', 'D']"
5ab30bbb55429976abd1bc39::working_set_pack_b,5ab30bbb55429976abd1bc39,"['A', 'B', 'C', 'D', 'E', 'F']","[1, 0, 0, 1, 0, 0]","[-9.786216735839844, -8.577752113342285, -7.819342613220215, 42.65620040893555, -8.30289077758789, -8.170001029968262]","[-9.786216735839844, -8.577752113342285, -7.819342613220215, 42.65620040893555, -8.30289077758789, -8.170001029968262]","[9.786216735839844, 8.577752113342285, 7.819342613220215, -42.65620040893555, 8.30289077758789, 8.170001029968262]",-1,-1,True,"['A', 'D']","['A', 'D']"
5ab30bbb55429976abd1bc39::active_set_pack_b,5ab30bbb55429976abd1bc39,"['A', 'B', 'C', 'D', 'E', 'F']","[1, 0, 0, 1, 0, 0]","[-11.682913780212402, -6.775012969970703, -5.834042072296143, 36.78776550292969, -6.416942119598389, -6.078854560852051]","[-11.682913780212402, -6.775012969970703, -5.834042072296143, 36.78776550292969, -6.416942119598389, -6.078854560852051]","[11.682913780212402, 6.775012969970703, 5.834042072296143, -36.78776550292969, 6.416942119598389, 6.078854560852051]",-1,-1,True,"['A', 'D']","['A', 'D']"
5abdbeed5542993062266cdd::working_set_pack_a,5abdbeed5542993062266cdd,"['A', 'B', 'C', 'D', 'E', 'F']","[0, 0, 1, 0, 1, 0]","[-7.974594593048096, -8.446829795837402, -8.013740539550781, -8.693532943725586, 44.28438949584961, -11.155683517456055]","[-7.974594593048096, -8.446829795837402, -8.013740539550781, -8.693532943725586, 44.28438949584961, -11.155683517456055]","[7.974594593048096, 8.446829795837402, 8.013740539550781, 8.693532943725586, -44.28438949584961, 11.155683517456055]",-1,-1,True,"['C', 'E']","['C', 'E']"
5abdbeed5542993062266cdd::active_set_pack_a,5abdbeed5542993062266cdd,"['A', 'B', 'C', 'D', 'E', 'F']","[0, 0, 1, 0, 1, 0]","[-7.295985221862793, -7.7453131675720215, -7.30043363571167, -7.969720840454102, 41.19490051269531, -10.883432388305664]","[-7.295985221862793, -7.7453131675720215, -7.30043363571167, -7.969720840454102, 41.19490051269531, -10.883432388305664]","[7.295985221862793, 7.7453131675720215, 7.30043363571167, 7.969720840454102, -41.19490051269531, 10.883432388305664]",-1,-1,True,"['C', 'E']","['C', 'E']"
5abdbeed5542993062266cdd::working_set_pack_b,5abdbeed5542993062266cdd,"['A', 'B', 'C', 'D', 'E', 'F']","[0, 0, 1, 0, 1, 0]","[2.3596949577331543, 1.9396346807479858, 3.5102145671844482, -26.621726989746094, 17.071247100830078, 1.7409387826919556]","[2.3596949577331543, 1.9396346807479858, 3.5102145671844482, -26.621726989746094, 17.071247100830078, 1.7409387826919556]","[2.3596949577331543, 1.9396346807479858, 3.5102145671844482, -26.621726989746094, 17.071247100830078, 1.7409387826919556]",1,1,True,"['C', 'E']","['C', 'E']"
5abdbeed5542993062266cdd::active_set_pack_b,5abdbeed5542993062266cdd,"['A', 'B', 'C', 'D', 'E', 'F']","[0, 0, 1, 0, 1, 0]","[2.673839807510376, 2.2415659427642822, 3.4812536239624023, -30.297712326049805, 19.86765480041504, 2.0333783626556396]","[2.673839807510376, 2.2415659427642822, 3.4812536239624023, -30.297712326049805, 19.86765480041504, 2.0333783626556396]","[2.673839807510376, 2.2415659427642822, 3.4812536239624023, -30.297712326049805, 19.86765480041504, 2.0333783626556396]",1,1,True,"['C', 'E']","['C', 'E']"
5ab6e84a554299710c8d1fab::working_set_pack_a,5ab6e84a554299710c8d1fab,"['A', 'B', 'C', 'D', 'E', 'F']","[1, 1, 0, 0, 0, 0]","[-14.66586971282959, 71.6993408203125, -13.780360221862793, -14.345736503601074, -14.87023639678955, -14.037151336669922]","[-14.66586971282959, 71.6993408203125, -13.780360221862793, -14.345736503601074, -14.87023639678955, -14.037151336669922]","[-14.66586971282959, 71.6993408203125, -13.780360221862793, -14.345736503601074, -14.87023639678955, -14.037151336669922]",1,1,False,"['B', 'F']","['A', 'B']"
5ab6e84a554299710c8d1fab::active_set_pack_a,5ab6e84a554299710c8d1fab,"['A', 'B', 'C', 'D', 'E', 'F']","[1, 1, 0, 0, 0, 0]","[-14.652260780334473, 71.85282897949219, -13.822020530700684, -14.34332275390625, -14.898358345031738, -14.136873245239258]","[-14.652260780334473, 71.85282897949219, -13.822020530700684, -14.34332275390625, -14.898358345031738, -14.136873245239258]","[-14.652260780334473, 71.85282897949219, -13.822020530700684, -14.34332275390625, -14.898358345031738, -14.136873245239258]",1,1,False,"['B', 'F']","['A', 'B']"
5ab6e84a554299710c8d1fab::working_set_pack_b,5ab6e84a554299710c8d1fab,"['A', 'B', 'C', 'D', 'E', 'F']","[1, 1, 0, 0, 0, 0]","[-12.5447359085083, 60.47102355957031, -11.6191987991333, -12.110636711120605, -12.30126953125, -11.895187377929688]","[-12.5447359085083, 60.47102355957031, -11.6191987991333, -12.110636711120605, -12.30126953125, -11.895187377929688]","[12.5447359085083, -60.47102355957031, 11.6191987991333, 12.110636711120605, 12.30126953125, 11.895187377929688]",-1,-1,True,"['A', 'B']","['A', 'B']"
5ab6e84a554299710c8d1fab::active_set_pack_b,5ab6e84a554299710c8d1fab,"['A', 'B', 'C', 'D', 'E', 'F']","[1, 1, 0, 0, 0, 0]","[-13.24623966217041, 64.4410400390625, -12.57572078704834, -12.854312896728516, -13.021581649780273, -12.743171691894531]","[-13.24623966217041, 64.4410400390625, -12.57572078704834, -12.854312896728516, -13.021581649780273, -12.743171691894531]","[13.24623966217041, -64.4410400390625, 12.57572078704834, 12.854312896728516, 13.021581649780273, 12.743171691894531]",-1,-1,True,"['A', 'B']","['A', 'B']"
5a90454855429933b8a204bb::working_set_pack_a,5a90454855429933b8a204bb,"['A', 'B', 'C', 'D', 'E', 'F']","[0, 1, 0, 0, 1, 0]","[-3.1500532627105713, -12.484784126281738, -3.4881591796875, -3.387691020965576, 25.920637130737305, -3.4099466800689697]","[-3.1500532627105713, -12.484784126281738, -3.4881591796875, -3.387691020965576, 25.920637130737305, -3.4099466800689697]","[3.1500532627105713, 12.484784126281738, 3.4881591796875, 3.387691020965576, -25.920637130737305, 3.4099466800689697]",-1,-1,True,"['B', 'E']","['B', 'E']"
5a90454855429933b8a204bb::active_set_pack_a,5a90454855429933b8a204bb,"['A', 'B', 'C', 'D', 'E', 'F']","[0, 1, 0, 0, 1, 0]","[-3.0929770469665527, -13.59561824798584, -3.584705114364624, -3.221327066421509, 26.85349464416504, -3.358882427215576]","[-3.0929770469665527, -13.59561824798584, -3.584705114364624, -3.221327066421509, 26.85349464416504, -3.358882427215576]","[3.0929770469665527, 13.59561824798584, 3.584705114364624, 3.221327066421509, -26.85349464416504, 3.358882427215576]",-1,-1,True,"['B', 'E']","['B', 'E']"
5a90454855429933b8a204bb::working_set_pack_b,5a90454855429933b8a204bb,"['A', 'B', 'C', 'D', 'E', 'F']","[0, 1, 0, 0, 1, 0]","[-3.4610745906829834, 26.69621467590332, -3.7976362705230713, -4.125355243682861, -11.356483459472656, -3.9556632041931152]","[-3.4610745906829834, 26.69621467590332, -3.7976362705230713, -4.125355243682861, -11.356483459472656, -3.9556632041931152]","[3.4610745906829834, -26.69621467590332, 3.7976362705230713, 4.125355243682861, 11.356483459472656, 3.9556632041931152]",-1,-1,True,"['B', 'E']","['B', 'E']"
5a90454855429933b8a204bb::active_set_pack_b,5a90454855429933b8a204bb,"['A', 'B', 'C', 'D', 'E', 'F']","[0, 1, 0, 0, 1, 0]","[-3.9312002658843994, -17.231224060058594, -3.9225006103515625, -3.9587972164154053, 33.13297653198242, -4.0892510414123535]","[-3.9312002658843994, -17.231224060058594, -3.9225006103515625, -3.9587972164154053, 33.13297653198242, -4.0892510414123535]","[3.9312002658843994, 17.231224060058594, 3.9225006103515625, 3.9587972164154053, -33.13297653198242, 4.0892510414123535]",-1,-1,True,"['B', 'E']","['B', 'E']"
5abeed7e5542993fe9a41da0::working_set_pack_a,5abeed7e5542993fe9a41da0,"['A', 'B', 'C', 'D', 'E', 'F']","[1, 0, 1, 0, 0, 0]","[-10.426523208618164, -9.240551948547363, 49.742923736572266, -9.792445182800293, -10.212185859680176, -10.071222305297852]","[-10.426523208618164, -9.240551948547363, 49.742923736572266, -9.792445182800293, -10.212185859680176, -10.071222305297852]","[-10.426523208618164, -9.240551948547363, 49.742923736572266, -9.792445182800293, -10.212185859680176, -10.071222305297852]",1,1,False,"['C', 'F']","['A', 'C']"
5abeed7e5542993fe9a41da0::active_set_pack_a,5abeed7e5542993fe9a41da0,"['A', 'B', 'C', 'D', 'E', 'F']","[1, 0, 1, 0, 0, 0]","[-10.934422492980957, -9.520979881286621, 51.499229431152344, -10.221193313598633, -10.547416687011719, -10.275224685668945]","[-10.934422492980957, -9.520979881286621, 51.499229431152344, -10.221193313598633, -10.547416687011719, -10.275224685668945]","[-10.934422492980957, -9.520979881286621, 51.499229431152344, -10.221193313598633, -10.547416687011719, -10.275224685668945]",1,1,True,"['A', 'C']","['A', 'C']"
5abeed7e5542993fe9a41da0::working_set_pack_b,5abeed7e5542993fe9a41da0,"['A', 'B', 'C', 'D', 'E', 'F']","[1, 0, 1, 0, 0, 0]","[-9.6614990234375, -8.62863826751709, 46.83875274658203, -9.452553749084473, -9.667254447937012, -9.428796768188477]","[-9.6614990234375, -8.62863826751709, 46.83875274658203, -9.452553749084473, -9.667254447937012, -9.428796768188477]","[9.6614990234375, 8.62863826751709, -46.83875274658203, 9.452553749084473, 9.667254447937012, 9.428796768188477]",-1,-1,False,"['C', 'F']","['A', 'C']"
5abeed7e5542993fe9a41da0::active_set_pack_b,5abeed7e5542993fe9a41da0,"['A', 'B', 'C', 'D', 'E', 'F']","[1, 0, 1, 0, 0, 0]","[-11.100736618041992, -9.601740837097168, 51.8924560546875, -10.33172607421875, -10.33332633972168, -10.524922370910645]","[-11.100736618041992, -9.601740837097168, 51.8924560546875, -10.33172607421875, -10.33332633972168, -10.524922370910645]","[-11.100736618041992, -9.601740837097168, 51.8924560546875, -10.33172607421875, -10.33332633972168, -10.524922370910645]",1,1,False,"['C', 'F']","['A', 'C']"
5ab5141a5542991779162d70::working_set_pack_a,5ab5141a5542991779162d70,"['A', 'B', 'C', 'D', 'E', 'F']","[0, 0, 0, 1, 1, 0]","[-3.2061784267425537, -2.2645423412323, -2.127680540084839, 30.265308380126953, -9.80678653717041, -12.860121726989746]","[-3.2061784267425537, -2.2645423412323, -2.127680540084839, 30.265308380126953, -9.80678653717041, -12.860121726989746]","[-3.2061784267425537, -2.2645423412323, -2.127680540084839, 30.265308380126953, -9.80678653717041, -12.860121726989746]",1,1,True,"['D', 'E']","['D', 'E']"
5ab5141a5542991779162d70::active_set_pack_a,5ab5141a5542991779162d70,"['A', 'B', 'C', 'D', 'E', 'F']","[0, 0, 0, 1, 1, 0]","[-3.2362380027770996, -3.146186351776123, -3.0564827919006348, 30.22995376586914, -16.89901351928711, -3.892045736312866]","[-3.2362380027770996, -3.146186351776123, -3.0564827919006348, 30.22995376586914, -16.89901351928711, -3.892045736312866]","[3.2362380027770996, 3.146186351776123, 3.0564827919006348, -30.22995376586914, 16.89901351928711, 3.892045736312866]",-1,-1,True,"['D', 'E']","['D', 'E']"
5ab5141a5542991779162d70::working_set_pack_b,5ab5141a5542991779162d70,"['A', 'B', 'C', 'D', 'E', 'F']","[0, 0, 0, 1, 1, 0]","[-6.162698745727539, -6.07094144821167, -5.86654806137085, 34.42264175415039, -9.562931060791016, -6.759524822235107]","[-6.162698745727539, -6.07094144821167, -5.86654806137085, 34.42264175415039, -9.562931060791016, -6.759524822235107]","[6.162698745727539, 6.07094144821167, 5.86654806137085, -34.42264175415039, 9.562931060791016, 6.759524822235107]",-1,-1,True,"['D', 'E']","['D', 'E']"
5ab5141a5542991779162d70::active_set_pack_b,5ab5141a5542991779162d70,"['A', 'B', 'C', 'D', 'E', 'F']","[0, 0, 0, 1, 1, 0]","[-9.953794479370117, -9.859498977661133, -9.645538330078125, 50.86452865600586, -11.379605293273926, -10.026073455810547]","[-9.953794479370117, -9.859498977661133, -9.645538330078125, 50.86452865600586, -11.379605293273926, -10.026073455810547]","[9.953794479370117, 9.859498977661133, 9.645538330078125, -50.86452865600586, 11.379605293273926, 10.026073455810547]",-1,-1,True,"['D', 'E']","['D', 'E']"
5a7a0d455542990783324e13::working_set_pack_a,5a7a0d455542990783324e13,"['A', 'B', 'C', 'D', 'E', 'F']","[0, 1, 0, 0, 0, 1]","[-9.109148025512695, -9.132620811462402, -9.190827369689941, -9.965368270874023, -9.566272735595703, 46.9642448425293]","[-9.109148025512695, -9.132620811462402, -9.190827369689941, -9.965368270874023, -9.566272735595703, 46.9642448425293]","[9.109148025512695, 9.132620811462402, 9.190827369689941, 9.965368270874023, 9.566272735595703, -46.9642448425293]",-1,-1,False,"['D', 'F']","['B', 'F']"
5a7a0d455542990783324e13::active_set_pack_a,5a7a0d455542990783324e13,"['A', 'B', 'C', 'D', 'E', 'F']","[0, 1, 0, 0, 0, 1]","[-9.453222274780273, -9.466878890991211, -9.48492431640625, -10.178812026977539, -9.924958229064941, 48.5088005065918]","[-9.453222274780273, -9.466878890991211, -9.48492431640625, -10.178812026977539, -9.924958229064941, 48.5088005065918]","[9.453222274780273, 9.466878890991211, 9.48492431640625, 10.178812026977539, 9.924958229064941, -48.5088005065918]",-1,-1,False,"['D', 'F']","['B', 'F']"
5a7a0d455542990783324e13::working_set_pack_b,5a7a0d455542990783324e13,"['A', 'B', 'C', 'D', 'E', 'F']","[0, 1, 0, 0, 0, 1]","[-9.229393005371094, -9.315770149230957, -9.50498104095459, -10.429991722106934, -10.17861270904541, 48.658756256103516]","[-9.229393005371094, -9.315770149230957, -9.50498104095459, -10.429991722106934, -10.17861270904541, 48.658756256103516]","[9.229393005371094, 9.315770149230957, 9.50498104095459, 10.429991722106934, 10.17861270904541, -48.658756256103516]",-1,-1,False,"['D', 'F']","['B', 'F']"
5a7a0d455542990783324e13::active_set_pack_b,5a7a0d455542990783324e13,"['A', 'B', 'C', 'D', 'E', 'F']","[0, 1, 0, 0, 0, 1]","[-6.886487007141113, -6.4473042488098145, -7.352360248565674, -7.69895076751709, -7.573206424713135, 35.95831298828125]","[-6.886487007141113, -6.4473042488098145, -7.352360248565674, -7.69895076751709, -7.573206424713135, 35.95831298828125]","[6.886487007141113, 6.4473042488098145, 7.352360248565674, 7.69895076751709, 7.573206424713135, -35.95831298828125]",-1,-1,False,"['D', 'F']","['B', 'F']"
5ab42ebd5542992339550047::working_set_pack_a,5ab42ebd5542992339550047,"['A', 'B', 'C', 'D', 'E', 'F']","[0, 1, 0, 0, 0, 1]","[-6.914618968963623, 34.57511901855469, -7.18108606338501, -7.542196273803711, -6.467251777648926, -6.469955921173096]","[-6.914618968963623, 34.57511901855469, -7.18108606338501, -7.542196273803711, -6.467251777648926, -6.469955921173096]","[-6.914618968963623, 34.57511901855469, -7.18108606338501, -7.542196273803711, -6.467251777648926, -6.469955921173096]",1,1,False,"['B', 'D']","['B', 'F']"
5ab42ebd5542992339550047::active_set_pack_a,5ab42ebd5542992339550047,"['A', 'B', 'C', 'D', 'E', 'F']","[0, 1, 0, 0, 0, 1]","[-7.322747230529785, 36.56487274169922, -7.540981769561768, -7.956526279449463, -6.83750581741333, -6.907100677490234]","[-7.322747230529785, 36.56487274169922, -7.540981769561768, -7.956526279449463, -6.83750581741333, -6.907100677490234]","[-7.322747230529785, 36.56487274169922, -7.540981769561768, -7.956526279449463, -6.83750581741333, -6.907100677490234]",1,1,False,"['B', 'D']","['B', 'F']"
5ab42ebd5542992339550047::working_set_pack_b,5ab42ebd5542992339550047,"['A', 'B', 'C', 'D', 'E', 'F']","[0, 1, 0, 0, 0, 1]","[-7.834889888763428, 39.03334045410156, -7.888282299041748, -8.11520004272461, -7.7188544273376465, -7.476123332977295]","[-7.834889888763428, 39.03334045410156, -7.888282299041748, -8.11520004272461, -7.7188544273376465, -7.476123332977295]","[7.834889888763428, -39.03334045410156, 7.888282299041748, 8.11520004272461, 7.7188544273376465, 7.476123332977295]",-1,-1,True,"['B', 'F']","['B', 'F']"
5ab42ebd5542992339550047::active_set_pack_b,5ab42ebd5542992339550047,"['A', 'B', 'C', 'D', 'E', 'F']","[0, 1, 0, 0, 0, 1]","[-8.98345947265625, 43.74599075317383, -9.030380249023438, -9.49378490447998, -8.43039608001709, -7.807950496673584]","[-8.98345947265625, 43.74599075317383, -9.030380249023438, -9.49378490447998, -8.43039608001709, -7.807950496673584]","[8.98345947265625, -43.74599075317383, 9.030380249023438, 9.49378490447998, 8.43039608001709, 7.807950496673584]",-1,-1,True,"['B', 'F']","['B', 'F']"
5a804fc45542992bc0c4a6f0::working_set_pack_a,5a804fc45542992bc0c4a6f0,"['A', 'B', 'C', 'D', 'E', 'F']","[0, 1, 0, 0, 1, 0]","[-7.060587406158447, -9.296853065490723, -6.683852672576904, -7.794497966766357, 37.86439514160156, -7.028600692749023]","[-7.060587406158447, -9.296853065490723, -6.683852672576904, -7.794497966766357, 37.86439514160156, -7.028600692749023]","[-7.060587406158447, -9.296853065490723, -6.683852672576904, -7.794497966766357, 37.86439514160156, -7.028600692749023]",1,1,True,"['B', 'E']","['B', 'E']"
5a804fc45542992bc0c4a6f0::active_set_pack_a,5a804fc45542992bc0c4a6f0,"['A', 'B', 'C', 'D', 'E', 'F']","[0, 1, 0, 0, 1, 0]","[-6.543529510498047, -8.140396118164062, -6.505251884460449, -7.2103729248046875, 34.807106018066406, -6.407545566558838]","[-6.543529510498047, -8.140396118164062, -6.505251884460449, -7.2103729248046875, 34.807106018066406, -6.407545566558838]","[6.543529510498047, 8.140396118164062, 6.505251884460449, 7.2103729248046875, -34.807106018066406, 6.407545566558838]",-1,-1,True,"['B', 'E']","['B', 'E']"
5a804fc45542992bc0c4a6f0::working_set_pack_b,5a804fc45542992bc0c4a6f0,"['A', 'B', 'C', 'D', 'E', 'F']","[0, 1, 0, 0, 1, 0]","[-3.2588438987731934, -9.430652618408203, -2.8434956073760986, -3.757173538208008, 22.158740997314453, -2.8685805797576904]","[-3.2588438987731934, -9.430652618408203, -2.8434956073760986, -3.757173538208008, 22.158740997314453, -2.8685805797576904]","[3.2588438987731934, 9.430652618408203, 2.8434956073760986, 3.757173538208008, -22.158740997314453, 2.8685805797576904]",-1,-1,True,"['B', 'E']","['B', 'E']"
5a804fc45542992bc0c4a6f0::active_set_pack_b,5a804fc45542992bc0c4a6f0,"['A', 'B', 'C', 'D', 'E', 'F']","[0, 1, 0, 0, 1, 0]","[-5.314283847808838, 25.478620529174805, -5.410310745239258, -5.1258673667907715, -4.90781831741333, -4.720344543457031]","[-5.314283847808838, 25.478620529174805, -5.410310745239258, -5.1258673667907715, -4.90781831741333, -4.720344543457031]","[5.314283847808838, -25.478620529174805, 5.410310745239258, 5.1258673667907715, 4.90781831741333, 4.720344543457031]",-1,-1,True,"['B', 'E']","['B', 'E']"
5add85b65542997545bbbd61::working_set_pack_a,5add85b65542997545bbbd61,"['A', 'B', 'C', 'D', 'E', 'F']","[0, 1, 0, 0, 0, 1]","[0.5031026601791382, 25.521526336669922, -28.603925704956055, 0.2846847176551819, 0.3885827660560608, 1.9060269594192505]","[0.5031026601791382, 25.521526336669922, -28.603925704956055, 0.2846847176551819, 0.3885827660560608, 1.9060269594192505]","[-0.5031026601791382, -25.521526336669922, 28.603925704956055, -0.2846847176551819, -0.3885827660560608, -1.9060269594192505]",-1,-1,True,"['B', 'F']","['B', 'F']"
5add85b65542997545bbbd61::active_set_pack_a,5add85b65542997545bbbd61,"['A', 'B', 'C', 'D', 'E', 'F']","[0, 1, 0, 0, 0, 1]","[-2.572507858276367, 26.891433715820312, -12.076181411743164, -2.890861988067627, -3.314077615737915, -6.037812232971191]","[-2.572507858276367, 26.891433715820312, -12.076181411743164, -2.890861988067627, -3.314077615737915, -6.037812232971191]","[-2.572507858276367, 26.891433715820312, -12.076181411743164, -2.890861988067627, -3.314077615737915, -6.037812232971191]",1,1,True,"['B', 'F']","['B', 'F']"
5add85b65542997545bbbd61::working_set_pack_b,5add85b65542997545bbbd61,"['A', 'B', 'C', 'D', 'E', 'F']","[0, 1, 0, 0, 0, 1]","[-3.0445363521575928, 30.493806838989258, -17.398025512695312, -3.1651649475097656, -3.529810905456543, -3.356264352798462]","[-3.0445363521575928, 30.493806838989258, -17.398025512695312, -3.1651649475097656, -3.529810905456543, -3.356264352798462]","[3.0445363521575928, -30.493806838989258, 17.398025512695312, 3.1651649475097656, 3.529810905456543, 3.356264352798462]",-1,-1,True,"['B', 'F']","['B', 'F']"
5add85b65542997545bbbd61::active_set_pack_b,5add85b65542997545bbbd61,"['A', 'B', 'C', 'D', 'E', 'F']","[0, 1, 0, 0, 0, 1]","[-6.714895725250244, 43.04649353027344, -15.46654224395752, -6.8633294105529785, -7.324110984802246, -6.677610397338867]","[-6.714895725250244, 43.04649353027344, -15.46654224395752, -6.8633294105529785, -7.324110984802246, -6.677610397338867]","[-6.714895725250244, 43.04649353027344, -15.46654224395752, -6.8633294105529785, -7.324110984802246, -6.677610397338867]",1,1,True,"['B', 'F']","['B', 'F']"
5ac068d25542996f0d89cba2::working_set_pack_a,5ac068d25542996f0d89cba2,"['A', 'B', 'C', 'D', 'E', 'F']","[1, 0, 0, 1, 0, 0]","[-9.250067710876465, -9.618048667907715, -9.196019172668457, 48.39591979980469, -9.536932945251465, -10.794855117797852]","[-9.250067710876465, -9.618048667907715, -9.196019172668457, 48.39591979980469, -9.536932945251465, -10.794855117797852]","[9.250067710876465, 9.618048667907715, 9.196019172668457, -48.39591979980469, 9.536932945251465, 10.794855117797852]",-1,-1,True,"['A', 'D']","['A', 'D']"
5ac068d25542996f0d89cba2::active_set_pack_a,5ac068d25542996f0d89cba2,"['A', 'B', 'C', 'D', 'E', 'F']","[1, 0, 0, 1, 0, 0]","[-8.969284057617188, -9.342700958251953, -8.974762916564941, 47.135013580322266, -9.247700691223145, -10.600543975830078]","[-8.969284057617188, -9.342700958251953, -8.974762916564941, 47.135013580322266, -9.247700691223145, -10.600543975830078]","[8.969284057617188, 9.342700958251953, 8.974762916564941, -47.135013580322266, 9.247700691223145, 10.600543975830078]",-1,-1,True,"['A', 'D']","['A', 'D']"
5ac068d25542996f0d89cba2::working_set_pack_b,5ac068d25542996f0d89cba2,"['A', 'B', 'C', 'D', 'E', 'F']","[1, 0, 0, 1, 0, 0]","[-6.9633636474609375, -7.729917049407959, -7.324916362762451, 37.43057632446289, -6.5714287757873535, -8.840950012207031]","[-6.9633636474609375, -7.729917049407959, -7.324916362762451, 37.43057632446289, -6.5714287757873535, -8.840950012207031]","[6.9633636474609375, 7.729917049407959, 7.324916362762451, -37.43057632446289, 6.5714287757873535, 8.840950012207031]",-1,-1,True,"['A', 'D']","['A', 'D']"
5ac068d25542996f0d89cba2::active_set_pack_b,5ac068d25542996f0d89cba2,"['A', 'B', 'C', 'D', 'E', 'F']","[1, 0, 0, 1, 0, 0]","[-1.6925069093704224, -17.3768367767334, -1.7221765518188477, 24.59329605102539, -1.7724106311798096, -2.029362678527832]","[-1.6925069093704224, -17.3768367767334, -1.7221765518188477, 24.59329605102539, -1.7724106311798096, -2.029362678527832]","[1.6925069093704224, 17.3768367767334, 1.7221765518188477, -24.59329605102539, 1.7724106311798096, 2.029362678527832]",-1,-1,False,"['B', 'D']","['A', 'D']"
5ade8f5e55429975fa854f11::working_set_pack_a,5ade8f5e55429975fa854f11,"['A', 'B', 'C', 'D', 'E', 'F']","[0, 1, 0, 0, 0, 1]","[-5.253933429718018, -12.512151718139648, -5.36952018737793, -2.807753562927246, -5.0033392906188965, 30.94670295715332]","[-5.253933429718018, -12.512151718139648, -5.36952018737793, -2.807753562927246, -5.0033392906188965, 30.94670295715332]","[5.253933429718018, 12.512151718139648, 5.36952018737793, 2.807753562927246, 5.0033392906188965, -30.94670295715332]",-1,-1,True,"['B', 'F']","['B', 'F']"
5ade8f5e55429975fa854f11::active_set_pack_a,5ade8f5e55429975fa854f11,"['A', 'B', 'C', 'D', 'E', 'F']","[0, 1, 0, 0, 0, 1]","[-4.747215270996094, -12.377582550048828, -4.906274318695068, -4.181183338165283, -4.679326057434082, 30.891576766967773]","[-4.747215270996094, -12.377582550048828, -4.906274318695068, -4.181183338165283, -4.679326057434082, 30.891576766967773]","[4.747215270996094, 12.377582550048828, 4.906274318695068, 4.181183338165283, 4.679326057434082, -30.891576766967773]",-1,-1,True,"['B', 'F']","['B', 'F']"
5ade8f5e55429975fa854f11::working_set_pack_b,5ade8f5e55429975fa854f11,"['A', 'B', 'C', 'D', 'E', 'F']","[0, 1, 0, 0, 0, 1]","[-4.710093021392822, 29.142799377441406, -4.364439487457275, -5.735809803009033, -5.01264762878418, -9.31981086730957]","[-4.710093021392822, 29.142799377441406, -4.364439487457275, -5.735809803009033, -5.01264762878418, -9.31981086730957]","[4.710093021392822, -29.142799377441406, 4.364439487457275, 5.735809803009033, 5.01264762878418, 9.31981086730957]",-1,-1,True,"['B', 'F']","['B', 'F']"
5ade8f5e55429975fa854f11::active_set_pack_b,5ade8f5e55429975fa854f11,"['A', 'B', 'C', 'D', 'E', 'F']","[0, 1, 0, 0, 0, 1]","[-6.391781330108643, 35.77639389038086, -6.195628643035889, -7.586533546447754, -6.846834182739258, -8.755608558654785]","[-6.391781330108643, 35.77639389038086, -6.195628643035889, -7.586533546447754, -6.846834182739258, -8.755608558654785]","[6.391781330108643, -35.77639389038086, 6.195628643035889, 7.586533546447754, 6.846834182739258, 8.755608558654785]",-1,-1,True,"['B', 'F']","['B', 'F']"
5ac1b7495542994ab5c67dd9::working_set_pack_a,5ac1b7495542994ab5c67dd9,"['A', 'B', 'C', 'D', 'E', 'F']","[0, 0, 1, 1, 0, 0]","[0.25687533617019653, -1.9973348379135132, 25.289676666259766, -23.830005645751953, 0.05396023020148277, 0.22681978344917297]","[0.25687533617019653, -1.9973348379135132, 25.289676666259766, -23.830005645751953, 0.05396023020148277, 0.22681978344917297]","[-0.25687533617019653, 1.9973348379135132, -25.289676666259766, 23.830005645751953, -0.05396023020148277, -0.22681978344917297]",-1,-1,True,"['C', 'D']","['C', 'D']"
5ac1b7495542994ab5c67dd9::active_set_pack_a,5ac1b7495542994ab5c67dd9,"['A', 'B', 'C', 'D', 'E', 'F']","[0, 0, 1, 1, 0, 0]","[-0.7268961071968079, -4.38231086730957, 27.447710037231445, -20.370044708251953, -1.4192912578582764, -0.5491708517074585]","[0.7268961071968079, 4.38231086730957, -27.447710037231445, 20.370044708251953, 1.4192912578582764, 0.5491708517074585]","[0.7268961071968079, 4.38231086730957, -27.447710037231445, 20.370044708251953, 1.4192912578582764, 0.5491708517074585]",-1,1,False,"['B', 'D']","['C', 'D']"
5ac1b7495542994ab5c67dd9::working_set_pack_b,5ac1b7495542994ab5c67dd9,"['A', 'B', 'C', 'D', 'E', 'F']","[0, 0, 1, 1, 0, 0]","[-2.102578639984131, -5.59309720993042, 29.8923282623291, -17.062345504760742, -2.42116641998291, -2.713144540786743]","[2.102578639984131, 5.59309720993042, -29.8923282623291, 17.062345504760742, 2.42116641998291, 2.713144540786743]","[-2.102578639984131, -5.59309720993042, 29.8923282623291, -17.062345504760742, -2.42116641998291, -2.713144540786743]",1,-1,False,"['B', 'D']","['C', 'D']"
5ac1b7495542994ab5c67dd9::active_set_pack_b,5ac1b7495542994ab5c67dd9,"['A', 'B', 'C', 'D', 'E', 'F']","[0, 0, 1, 1, 0, 0]","[-5.045353412628174, -10.035001754760742, 35.375179290771484, -9.066704750061035, -5.42393684387207, -5.804185390472412]","[-5.045353412628174, -10.035001754760742, 35.375179290771484, -9.066704750061035, -5.42393684387207, -5.804185390472412]","[5.045353412628174, 10.035001754760742, -35.375179290771484, 9.066704750061035, 5.42393684387207, 5.804185390472412]",-1,-1,True,"['C', 'D']","['C', 'D']"
5ae4b3da55429913cc2044d6::working_set_pack_a,5ae4b3da55429913cc2044d6,"['A', 'B', 'C', 'D', 'E', 'F']","[0, 0, 1, 0, 0, 1]","[-3.419999122619629, -2.642782211303711, 24.553104400634766, -3.1313815116882324, -9.806140899658203, -5.552797794342041]","[-3.419999122619629, -2.642782211303711, 24.553104400634766, -3.1313815116882324, -9.806140899658203, -5.552797794342041]","[3.419999122619629, 2.642782211303711, -24.553104400634766, 3.1313815116882324, 9.806140899658203, 5.552797794342041]",-1,-1,True,"['C', 'F']","['C', 'F']"
5ae4b3da55429913cc2044d6::active_set_pack_a,5ae4b3da55429913cc2044d6,"['A', 'B', 'C', 'D', 'E', 'F']","[0, 0, 1, 0, 0, 1]","[-3.3358633518218994, -2.5531435012817383, 26.085941314697266, -3.1877729892730713, -10.805706977844238, -6.203439235687256]","[-3.3358633518218994, -2.5531435012817383, 26.085941314697266, -3.1877729892730713, -10.805706977844238, -6.203439235687256]","[-3.3358633518218994, -2.5531435012817383, 26.085941314697266, -3.1877729892730713, -10.805706977844238, -6.203439235687256]",1,1,True,"['C', 'F']","['C', 'F']"
5ae4b3da55429913cc2044d6::working_set_pack_b,5ae4b3da55429913cc2044d6,"['A', 'B', 'C', 'D', 'E', 'F']","[0, 0, 1, 0, 0, 1]","[-5.139364719390869, -4.382697105407715, 29.788888931274414, -4.716103553771973, -8.78860092163086, -6.7621169090271]","[-5.139364719390869, -4.382697105407715, 29.788888931274414, -4.716103553771973, -8.78860092163086, -6.7621169090271]","[5.139364719390869, 4.382697105407715, -29.788888931274414, 4.716103553771973, 8.78860092163086, 6.7621169090271]",-1,-1,True,"['C', 'F']","['C', 'F']"
5ae4b3da55429913cc2044d6::active_set_pack_b,5ae4b3da55429913cc2044d6,"['A', 'B', 'C', 'D', 'E', 'F']","[0, 0, 1, 0, 0, 1]","[-5.660403251647949, -5.112837791442871, 30.861007690429688, -5.500173091888428, -7.902312278747559, -6.685282230377197]","[-5.660403251647949, -5.112837791442871, 30.861007690429688, -5.500173091888428, -7.902312278747559, -6.685282230377197]","[-5.660403251647949, -5.112837791442871, 30.861007690429688, -5.500173091888428, -7.902312278747559, -6.685282230377197]",1,1,True,"['C', 'F']","['C', 'F']"
5ab93287554299753720f78f::working_set_pack_a,5ab93287554299753720f78f,"['A', 'B', 'C', 'D', 'E', 'F']","[0, 0, 1, 0, 1, 0]","[4.022207736968994, -33.48155212402344, 17.474384307861328, 4.197323322296143, 4.716200351715088, 3.071436882019043]","[-4.022207736968994, 33.48155212402344, -17.474384307861328, -4.197323322296143, -4.716200351715088, -3.071436882019043]","[4.022207736968994, -33.48155212402344, 17.474384307861328, 4.197323322296143, 4.716200351715088, 3.071436882019043]",1,-1,False,"['B', 'E']","['C', 'E']"
5ab93287554299753720f78f::active_set_pack_a,5ab93287554299753720f78f,"['A', 'B', 'C', 'D', 'E', 'F']","[0, 0, 1, 0, 1, 0]","[3.6335408687591553, -29.63517951965332, 13.372176170349121, 3.8117763996124268, 5.090460300445557, 3.727224349975586]","[-3.6335408687591553, 29.63517951965332, -13.372176170349121, -3.8117763996124268, -5.090460300445557, -3.727224349975586]","[3.6335408687591553, -29.63517951965332, 13.372176170349121, 3.8117763996124268, 5.090460300445557, 3.727224349975586]",1,-1,False,"['B', 'E']","['C', 'E']"
5ab93287554299753720f78f::working_set_pack_b,5ab93287554299753720f78f,"['A', 'B', 'C', 'D', 'E', 'F']","[0, 0, 1, 0, 1, 0]","[-3.013079881668091, -24.503673553466797, 36.84614562988281, -2.896061897277832, -3.370222806930542, -3.0631163120269775]","[3.013079881668091, 24.503673553466797, -36.84614562988281, 2.896061897277832, 3.370222806930542, 3.0631163120269775]","[-3.013079881668091, -24.503673553466797, 36.84614562988281, -2.896061897277832, -3.370222806930542, -3.0631163120269775]",1,-1,False,"['B', 'E']","['C', 'E']"
5ab93287554299753720f78f::active_set_pack_b,5ab93287554299753720f78f,"['A', 'B', 'C', 'D', 'E', 'F']","[0, 0, 1, 0, 1, 0]","[3.990816593170166, -38.01805877685547, 21.80638313293457, 4.3259663581848145, 4.275784969329834, 3.6191275119781494]","[-3.990816593170166, 38.01805877685547, -21.80638313293457, -4.3259663581848145, -4.275784969329834, -3.6191275119781494]","[3.990816593170166, -38.01805877685547, 21.80638313293457, 4.3259663581848145, 4.275784969329834, 3.6191275119781494]",1,-1,False,"['B', 'E']","['C', 'E']"
5ae64cbf5542992ae0d162c1::working_set_pack_a,5ae64cbf5542992ae0d162c1,"['A', 'B', 'C', 'D', 'E', 'F']","[1, 0, 0, 1, 0, 0]","[-7.379843235015869, -7.372833251953125, -7.311563491821289, 37.380496978759766, -7.9787211418151855, -7.3375396728515625]","[-7.379843235015869, -7.372833251953125, -7.311563491821289, 37.380496978759766, -7.9787211418151855, -7.3375396728515625]","[7.379843235015869, 7.372833251953125, 7.311563491821289, -37.380496978759766, 7.9787211418151855, 7.3375396728515625]",-1,-1,True,"['A', 'D']","['A', 'D']"
5ae64cbf5542992ae0d162c1::active_set_pack_a,5ae64cbf5542992ae0d162c1,"['A', 'B', 'C', 'D', 'E', 'F']","[1, 0, 0, 1, 0, 0]","[-7.230178356170654, -7.206350803375244, -7.151856899261475, 36.439579010009766, -7.727072238922119, -7.124117374420166]","[-7.230178356170654, -7.206350803375244, -7.151856899261475, 36.439579010009766, -7.727072238922119, -7.124117374420166]","[7.230178356170654, 7.206350803375244, 7.151856899261475, -36.439579010009766, 7.727072238922119, 7.124117374420166]",-1,-1,True,"['A', 'D']","['A', 'D']"
5ae64cbf5542992ae0d162c1::working_set_pack_b,5ae64cbf5542992ae0d162c1,"['A', 'B', 'C', 'D', 'E', 'F']","[1, 0, 0, 1, 0, 0]","[-6.978160858154297, -6.932170867919922, -6.919848442077637, 38.77223205566406, -11.241676330566406, -6.700376987457275]","[-6.978160858154297, -6.932170867919922, -6.919848442077637, 38.77223205566406, -11.241676330566406, -6.700376987457275]","[6.978160858154297, 6.932170867919922, 6.919848442077637, -38.77223205566406, 11.241676330566406, 6.700376987457275]",-1,-1,False,"['D', 'F']","['A', 'D']"
5ae64cbf5542992ae0d162c1::active_set_pack_b,5ae64cbf5542992ae0d162c1,"['A', 'B', 'C', 'D', 'E', 'F']","[1, 0, 0, 1, 0, 0]","[-7.36743688583374, -7.263443946838379, -7.271792888641357, 40.592002868652344, -11.52852725982666, -7.1607985496521]","[-7.36743688583374, -7.263443946838379, -7.271792888641357, 40.592002868652344, -11.52852725982666, -7.1607985496521]","[7.36743688583374, 7.263443946838379, 7.271792888641357, -40.592002868652344, 11.52852725982666, 7.1607985496521]",-1,-1,False,"['D', 'F']","['A', 'D']"
5abae52a5542996cc5e49eea::working_set_pack_a,5abae52a5542996cc5e49eea,"['A', 'B', 'C', 'D', 'E', 'F']","[0, 1, 0, 0, 0, 1]","[-4.465755462646484, 27.15447425842285, -4.089836597442627, -4.5192790031433105, -4.725405216217041, -9.354195594787598]","[-4.465755462646484, 27.15447425842285, -4.089836597442627, -4.5192790031433105, -4.725405216217041, -9.354195594787598]","[-4.465755462646484, 27.15447425842285, -4.089836597442627, -4.5192790031433105, -4.725405216217041, -9.354195594787598]",1,1,True,"['B', 'F']","['B', 'F']"
5abae52a5542996cc5e49eea::active_set_pack_a,5abae52a5542996cc5e49eea,"['A', 'B', 'C', 'D', 'E', 'F']","[0, 1, 0, 0, 0, 1]","[-3.81589674949646, -10.339491844177246, -4.12282657623291, -3.786233425140381, -3.736144542694092, 25.800594329833984]","[-3.81589674949646, -10.339491844177246, -4.12282657623291, -3.786233425140381, -3.736144542694092, 25.800594329833984]","[3.81589674949646, 10.339491844177246, 4.12282657623291, 3.786233425140381, 3.736144542694092, -25.800594329833984]",-1,-1,True,"['B', 'F']","['B', 'F']"
5abae52a5542996cc5e49eea::working_set_pack_b,5abae52a5542996cc5e49eea,"['A', 'B', 'C', 'D', 'E', 'F']","[0, 1, 0, 0, 0, 1]","[-7.190685749053955, 37.20987319946289, -7.102679252624512, -7.403170585632324, -7.449936389923096, -8.063394546508789]","[-7.190685749053955, 37.20987319946289, -7.102679252624512, -7.403170585632324, -7.449936389923096, -8.063394546508789]","[-7.190685749053955, 37.20987319946289, -7.102679252624512, -7.403170585632324, -7.449936389923096, -8.063394546508789]",1,1,True,"['B', 'F']","['B', 'F']"
5abae52a5542996cc5e49eea::active_set_pack_b,5abae52a5542996cc5e49eea,"['A', 'B', 'C', 'D', 'E', 'F']","[0, 1, 0, 0, 0, 1]","[-4.712297439575195, 30.712305068969727, -4.6028666496276855, -4.932923316955566, -4.974339485168457, -11.489877700805664]","[-4.712297439575195, 30.712305068969727, -4.6028666496276855, -4.932923316955566, -4.974339485168457, -11.489877700805664]","[-4.712297439575195, 30.712305068969727, -4.6028666496276855, -4.932923316955566, -4.974339485168457, -11.489877700805664]",1,1,True,"['B', 'F']","['B', 'F']"
5ae2e27155429928c423952a::working_set_pack_a,5ae2e27155429928c423952a,"['A', 'B', 'C', 'D', 'E', 'F']","[0, 0, 0, 0, 1, 1]","[-6.639303207397461, -5.543376922607422, -6.331430435180664, -5.510808944702148, -5.261955738067627, 29.286880493164062]","[-6.639303207397461, -5.543376922607422, -6.331430435180664, -5.510808944702148, -5.261955738067627, 29.286880493164062]","[6.639303207397461, 5.543376922607422, 6.331430435180664, 5.510808944702148, 5.261955738067627, -29.286880493164062]",-1,-1,False,"['A', 'F']","['E', 'F']"
5ae2e27155429928c423952a::active_set_pack_a,5ae2e27155429928c423952a,"['A', 'B', 'C', 'D', 'E', 'F']","[0, 0, 0, 0, 1, 1]","[-5.807404518127441, -5.11235237121582, -6.070258617401123, -5.212714672088623, -4.937701225280762, 27.140439987182617]","[-5.807404518127441, -5.11235237121582, -6.070258617401123, -5.212714672088623, -4.937701225280762, 27.140439987182617]","[5.807404518127441, 5.11235237121582, 6.070258617401123, 5.212714672088623, 4.937701225280762, -27.140439987182617]",-1,-1,False,"['A', 'F']","['E', 'F']"
5ae2e27155429928c423952a::working_set_pack_b,5ae2e27155429928c423952a,"['A', 'B', 'C', 'D', 'E', 'F']","[0, 0, 0, 0, 1, 1]","[-20.560028076171875, 2.672785758972168, 6.426990985870361, 3.42972993850708, 3.197268486022949, 4.833257675170898]","[20.560028076171875, -2.672785758972168, -6.426990985870361, -3.42972993850708, -3.197268486022949, -4.833257675170898]","[20.560028076171875, -2.672785758972168, -6.426990985870361, -3.42972993850708, -3.197268486022949, -4.833257675170898]",-1,1,False,"['A', 'F']","['E', 'F']"
5ae2e27155429928c423952a::active_set_pack_b,5ae2e27155429928c423952a,"['A', 'B', 'C', 'D', 'E', 'F']","[0, 0, 0, 0, 1, 1]","[-19.440231323242188, 3.4938502311706543, 4.442819595336914, 4.146303176879883, 3.64811372756958, 3.709141254425049]","[19.440231323242188, -3.4938502311706543, -4.442819595336914, -4.146303176879883, -3.64811372756958, -3.709141254425049]","[-19.440231323242188, 3.4938502311706543, 4.442819595336914, 4.146303176879883, 3.64811372756958, 3.709141254425049]",1,-1,False,"['A', 'F']","['E', 'F']"
5a80d30655429938b61421fe::working_set_pack_a,5a80d30655429938b61421fe,"['A', 'B', 'C', 'D', 'E', 'F']","[0, 0, 1, 0, 1, 0]","[-10.281611442565918, -9.950356483459473, 56.121795654296875, -10.479567527770996, -11.179556846618652, -14.230708122253418]","[-10.281611442565918, -9.950356483459473, 56.121795654296875, -10.479567527770996, -11.179556846618652, -14.230708122253418]","[-10.281611442565918, -9.950356483459473, 56.121795654296875, -10.479567527770996, -11.179556846618652, -14.230708122253418]",1,1,True,"['C', 'E']","['C', 'E']"
5a80d30655429938b61421fe::active_set_pack_a,5a80d30655429938b61421fe,"['A', 'B', 'C', 'D', 'E', 'F']","[0, 0, 1, 0, 1, 0]","[-10.642953872680664, -10.115673065185547, 52.73234176635742, -10.538497924804688, -10.870625495910645, -10.564592361450195]","[-10.642953872680664, -10.115673065185547, 52.73234176635742, -10.538497924804688, -10.870625495910645, -10.564592361450195]","[-10.642953872680664, -10.115673065185547, 52.73234176635742, -10.538497924804688, -10.870625495910645, -10.564592361450195]",1,1,True,"['C', 'E']","['C', 'E']"
5a80d30655429938b61421fe::working_set_pack_b,5a80d30655429938b61421fe,"['A', 'B', 'C', 'D', 'E', 'F']","[0, 0, 1, 0, 1, 0]","[-11.281932830810547, -10.44772720336914, 55.805755615234375, -11.19083309173584, -11.743585586547852, -11.141670227050781]","[-11.281932830810547, -10.44772720336914, 55.805755615234375, -11.19083309173584, -11.743585586547852, -11.141670227050781]","[-11.281932830810547, -10.44772720336914, 55.805755615234375, -11.19083309173584, -11.743585586547852, -11.141670227050781]",1,1,True,"['C', 'E']","['C', 'E']"
5a80d30655429938b61421fe::active_set_pack_b,5a80d30655429938b61421fe,"['A', 'B', 'C', 'D', 'E', 'F']","[0, 0, 1, 0, 1, 0]","[-11.217293739318848, -10.284148216247559, 55.79774856567383, -11.388689041137695, -11.979902267456055, -10.927726745605469]","[-11.217293739318848, -10.284148216247559, 55.79774856567383, -11.388689041137695, -11.979902267456055, -10.927726745605469]","[-11.217293739318848, -10.284148216247559, 55.79774856567383, -11.388689041137695, -11.979902267456055, -10.927726745605469]",1,1,True,"['C', 'E']","['C', 'E']"
5a77bd595542995d83181291::working_set_pack_a,5a77bd595542995d83181291,"['A', 'B', 'C', 'D', 'E', 'F']","[1, 1, 0, 0, 0, 0]","[20.622045516967773, -4.613378524780273, -3.8897461891174316, -4.15812349319458, -3.807495355606079, -4.153308391571045]","[20.622045516967773, -4.613378524780273, -3.8897461891174316, -4.15812349319458, -3.807495355606079, -4.153308391571045]","[-20.622045516967773, 4.613378524780273, 3.8897461891174316, 4.15812349319458, 3.807495355606079, 4.153308391571045]",-1,-1,True,"['A', 'B']","['A', 'B']"
5a77bd595542995d83181291::active_set_pack_a,5a77bd595542995d83181291,"['A', 'B', 'C', 'D', 'E', 'F']","[1, 1, 0, 0, 0, 0]","[17.71177864074707, -4.65303897857666, -3.030538558959961, -3.1699039936065674, -3.6154720783233643, -3.242826223373413]","[17.71177864074707, -4.65303897857666, -3.030538558959961, -3.1699039936065674, -3.6154720783233643, -3.242826223373413]","[-17.71177864074707, 4.65303897857666, 3.030538558959961, 3.1699039936065674, 3.6154720783233643, 3.242826223373413]",-1,-1,True,"['A', 'B']","['A', 'B']"
5a77bd595542995d83181291::working_set_pack_b,5a77bd595542995d83181291,"['A', 'B', 'C', 'D', 'E', 'F']","[1, 1, 0, 0, 0, 0]","[8.79842472076416, 3.830059289932251, 6.315176486968994, 6.915421962738037, -18.22152328491211, -7.637570858001709]","[8.79842472076416, 3.830059289932251, 6.315176486968994, 6.915421962738037, -18.22152328491211, -7.637570858001709]","[8.79842472076416, 3.830059289932251, 6.315176486968994, 6.915421962738037, -18.22152328491211, -7.637570858001709]",1,1,True,"['A', 'B']","['A', 'B']"
5a77bd595542995d83181291::active_set_pack_b,5a77bd595542995d83181291,"['A', 'B', 'C', 'D', 'E', 'F']","[1, 1, 0, 0, 0, 0]","[10.258169174194336, -7.3880109786987305, -0.6740650534629822, -0.802535891532898, -0.7133496999740601, -0.6802133321762085]","[10.258169174194336, -7.3880109786987305, -0.6740650534629822, -0.802535891532898, -0.7133496999740601, -0.6802133321762085]","[10.258169174194336, -7.3880109786987305, -0.6740650534629822, -0.802535891532898, -0.7133496999740601, -0.6802133321762085]",1,1,True,"['A', 'B']","['A', 'B']"
5abffc58554299012d1db552::working_set_pack_a,5abffc58554299012d1db552,"['A', 'B', 'C', 'D', 'E', 'F']","[0, 0, 1, 0, 1, 0]","[-6.05445671081543, -6.9752936363220215, -8.472003936767578, -6.830057144165039, 34.894859313964844, -6.563045501708984]","[-6.05445671081543, -6.9752936363220215, -8.472003936767578, -6.830057144165039, 34.894859313964844, -6.563045501708984]","[6.05445671081543, 6.9752936363220215, 8.472003936767578, 6.830057144165039, -34.894859313964844, 6.563045501708984]",-1,-1,True,"['C', 'E']","['C', 'E']"
5abffc58554299012d1db552::active_set_pack_a,5abffc58554299012d1db552,"['A', 'B', 'C', 'D', 'E', 'F']","[0, 0, 1, 0, 1, 0]","[-5.047586917877197, -6.029097080230713, -8.767739295959473, -6.054559707641602, 31.466941833496094, -5.56796407699585]","[-5.047586917877197, -6.029097080230713, -8.767739295959473, -6.054559707641602, 31.466941833496094, -5.56796407699585]","[5.047586917877197, 6.029097080230713, 8.767739295959473, 6.054559707641602, -31.466941833496094, 5.56796407699585]",-1,-1,True,"['C', 'E']","['C', 'E']"
5abffc58554299012d1db552::working_set_pack_b,5abffc58554299012d1db552,"['A', 'B', 'C', 'D', 'E', 'F']","[0, 0, 1, 0, 1, 0]","[-1.1043940782546997, -1.957918643951416, -14.263790130615234, -1.613058090209961, 19.99822998046875, -1.0590649843215942]","[-1.1043940782546997, -1.957918643951416, -14.263790130615234, -1.613058090209961, 19.99822998046875, -1.0590649843215942]","[1.1043940782546997, 1.957918643951416, 14.263790130615234, 1.613058090209961, -19.99822998046875, 1.0590649843215942]",-1,-1,True,"['C', 'E']","['C', 'E']"
5abffc58554299012d1db552::active_set_pack_b,5abffc58554299012d1db552,"['A', 'B', 'C', 'D', 'E', 'F']","[0, 0, 1, 0, 1, 0]","[0.04928315058350563, -1.023796796798706, -19.251022338867188, -0.3325071334838867, 21.087160110473633, -0.5291222333908081]","[0.04928315058350563, -1.023796796798706, -19.251022338867188, -0.3325071334838867, 21.087160110473633, -0.5291222333908081]","[-0.04928315058350563, 1.023796796798706, 19.251022338867188, 0.3325071334838867, -21.087160110473633, 0.5291222333908081]",-1,-1,True,"['C', 'E']","['C', 'E']"
5ac12fda5542994d76dccdb0::working_set_pack_a,5ac12fda5542994d76dccdb0,"['A', 'B', 'C', 'D', 'E', 'F']","[0, 1, 0, 0, 1, 0]","[-5.327762126922607, -12.171137809753418, -7.238857269287109, -5.11942720413208, 35.916282653808594, -6.059096336364746]","[-5.327762126922607, -12.171137809753418, -7.238857269287109, -5.11942720413208, 35.916282653808594, -6.059096336364746]","[5.327762126922607, 12.171137809753418, 7.238857269287109, 5.11942720413208, -35.916282653808594, 6.059096336364746]",-1,-1,True,"['B', 'E']","['B', 'E']"
5ac12fda5542994d76dccdb0::active_set_pack_a,5ac12fda5542994d76dccdb0,"['A', 'B', 'C', 'D', 'E', 'F']","[0, 1, 0, 0, 1, 0]","[-5.419384479522705, -10.919880867004395, -7.9038286209106445, -5.297670841217041, 35.67892074584961, -6.138155460357666]","[-5.419384479522705, -10.919880867004395, -7.9038286209106445, -5.297670841217041, 35.67892074584961, -6.138155460357666]","[5.419384479522705, 10.919880867004395, 7.9038286209106445, 5.297670841217041, -35.67892074584961, 6.138155460357666]",-1,-1,True,"['B', 'E']","['B', 'E']"
5ac12fda5542994d76dccdb0::working_set_pack_b,5ac12fda5542994d76dccdb0,"['A', 'B', 'C', 'D', 'E', 'F']","[0, 1, 0, 0, 1, 0]","[-2.1367523670196533, 28.5897274017334, -0.9264800548553467, -2.4012136459350586, -20.966951370239258, -2.158332586288452]","[-2.1367523670196533, 28.5897274017334, -0.9264800548553467, -2.4012136459350586, -20.966951370239258, -2.158332586288452]","[-2.1367523670196533, 28.5897274017334, -0.9264800548553467, -2.4012136459350586, -20.966951370239258, -2.158332586288452]",1,1,True,"['B', 'E']","['B', 'E']"
5ac12fda5542994d76dccdb0::active_set_pack_b,5ac12fda5542994d76dccdb0,"['A', 'B', 'C', 'D', 'E', 'F']","[0, 1, 0, 0, 1, 0]","[-5.495608806610107, 34.875816345214844, -4.644652366638184, -5.610649585723877, -13.496109008789062, -5.628783226013184]","[-5.495608806610107, 34.875816345214844, -4.644652366638184, -5.610649585723877, -13.496109008789062, -5.628783226013184]","[5.495608806610107, -34.875816345214844, 4.644652366638184, 5.610649585723877, 13.496109008789062, 5.628783226013184]",-1,-1,True,"['B', 'E']","['B', 'E']"
5a8e171b554299068b959e5a::working_set_pack_a,5a8e171b554299068b959e5a,"['A', 'B', 'C', 'D', 'E', 'F']","[1, 0, 0, 0, 0, 1]","[-5.3070454597473145, -4.637362480163574, -6.771956920623779, -5.281650543212891, -4.9570183753967285, 26.95504379272461]","[-5.3070454597473145, -4.637362480163574, -6.771956920623779, -5.281650543212891, -4.9570183753967285, 26.95504379272461]","[5.3070454597473145, 4.637362480163574, 6.771956920623779, 5.281650543212891, 4.9570183753967285, -26.95504379272461]",-1,-1,True,"['A', 'F']","['A', 'F']"
5a8e171b554299068b959e5a::active_set_pack_a,5a8e171b554299068b959e5a,"['A', 'B', 'C', 'D', 'E', 'F']","[1, 0, 0, 0, 0, 1]","[-6.898880481719971, -7.068763256072998, -7.88724946975708, -6.140477657318115, -6.0080695152282715, 34.00342559814453]","[-6.898880481719971, -7.068763256072998, -7.88724946975708, -6.140477657318115, -6.0080695152282715, 34.00342559814453]","[6.898880481719971, 7.068763256072998, 7.88724946975708, 6.140477657318115, 6.0080695152282715, -34.00342559814453]",-1,-1,True,"['A', 'F']","['A', 'F']"
5a8e171b554299068b959e5a::working_set_pack_b,5a8e171b554299068b959e5a,"['A', 'B', 'C', 'D', 'E', 'F']","[1, 0, 0, 0, 0, 1]","[-5.611833095550537, -3.957664728164673, -9.351980209350586, -4.475236892700195, -5.747564792633057, 29.1442928314209]","[-5.611833095550537, -3.957664728164673, -9.351980209350586, -4.475236892700195, -5.747564792633057, 29.1442928314209]","[5.611833095550537, 3.957664728164673, 9.351980209350586, 4.475236892700195, 5.747564792633057, -29.1442928314209]",-1,-1,True,"['A', 'F']","['A', 'F']"
5a8e171b554299068b959e5a::active_set_pack_b,5a8e171b554299068b959e5a,"['A', 'B', 'C', 'D', 'E', 'F']","[1, 0, 0, 0, 0, 1]","[-6.542317867279053, -5.954117774963379, -7.592862129211426, -6.040655612945557, -7.189184188842773, 33.31914520263672]","[-6.542317867279053, -5.954117774963379, -7.592862129211426, -6.040655612945557, -7.189184188842773, 33.31914520263672]","[6.542317867279053, 5.954117774963379, 7.592862129211426, 6.040655612945557, 7.189184188842773, -33.31914520263672]",-1,-1,True,"['A', 'F']","['A', 'F']"
5ae377a35542994393b9e6db::working_set_pack_a,5ae377a35542994393b9e6db,"['A', 'B', 'C', 'D', 'E', 'F']","[0, 1, 0, 1, 0, 0]","[-9.357953071594238, -9.537742614746094, -9.087778091430664, 46.60603332519531, -9.283122062683105, -9.339446067810059]","[-9.357953071594238, -9.537742614746094, -9.087778091430664, 46.60603332519531, -9.283122062683105, -9.339446067810059]","[9.357953071594238, 9.537742614746094, 9.087778091430664, -46.60603332519531, 9.283122062683105, 9.339446067810059]",-1,-1,True,"['B', 'D']","['B', 'D']"
5ae377a35542994393b9e6db::active_set_pack_a,5ae377a35542994393b9e6db,"['A', 'B', 'C', 'D', 'E', 'F']","[0, 1, 0, 1, 0, 0]","[-10.716708183288574, -10.871472358703613, -10.776725769042969, 54.27178955078125, -10.992568969726562, -10.914319038391113]","[-10.716708183288574, -10.871472358703613, -10.776725769042969, 54.27178955078125, -10.992568969726562, -10.914319038391113]","[10.716708183288574, 10.871472358703613, 10.776725769042969, -54.27178955078125, 10.992568969726562, 10.914319038391113]",-1,-1,True,"['B', 'D']","['B', 'D']"
5ae377a35542994393b9e6db::working_set_pack_b,5ae377a35542994393b9e6db,"['A', 'B', 'C', 'D', 'E', 'F']","[0, 1, 0, 1, 0, 0]","[-11.92922592163086, -11.88719654083252, -11.934403419494629, 59.90715026855469, -12.179696083068848, -11.9766263961792]","[-11.92922592163086, -11.88719654083252, -11.934403419494629, 59.90715026855469, -12.179696083068848, -11.9766263961792]","[-11.92922592163086, -11.88719654083252, -11.934403419494629, 59.90715026855469, -12.179696083068848, -11.9766263961792]",1,1,True,"['B', 'D']","['B', 'D']"
5ae377a35542994393b9e6db::active_set_pack_b,5ae377a35542994393b9e6db,"['A', 'B', 'C', 'D', 'E', 'F']","[0, 1, 0, 1, 0, 0]","[-11.14697265625, -11.192546844482422, -11.316292762756348, 56.53708267211914, -11.461943626403809, -11.41933536529541]","[-11.14697265625, -11.192546844482422, -11.316292762756348, 56.53708267211914, -11.461943626403809, -11.41933536529541]","[11.14697265625, 11.192546844482422, 11.316292762756348, -56.53708267211914, 11.461943626403809, 11.41933536529541]",-1,-1,True,"['B', 'D']","['B', 'D']"
5a7906f55542990784727792::working_set_pack_a,5a7906f55542990784727792,"['A', 'B', 'C', 'D', 'E', 'F']","[0, 0, 0, 0, 1, 1]","[4.673466205596924, -1.9178534746170044, -2.605374813079834, -2.8563289642333984, -13.627120018005371, 16.333206176757812]","[4.673466205596924, -1.9178534746170044, -2.605374813079834, -2.8563289642333984, -13.627120018005371, 16.333206176757812]","[-4.673466205596924, 1.9178534746170044, 2.605374813079834, 2.8563289642333984, 13.627120018005371, -16.333206176757812]",-1,-1,False,"['A', 'F']","['E', 'F']"
5a7906f55542990784727792::active_set_pack_a,5a7906f55542990784727792,"['A', 'B', 'C', 'D', 'E', 'F']","[0, 0, 0, 0, 1, 1]","[-6.1172709465026855, -5.059453010559082, -5.6120829582214355, -4.902881145477295, -3.662064552307129, 25.35375213623047]","[-6.1172709465026855, -5.059453010559082, -5.6120829582214355, -4.902881145477295, -3.662064552307129, 25.35375213623047]","[6.1172709465026855, 5.059453010559082, 5.6120829582214355, 4.902881145477295, 3.662064552307129, -25.35375213623047]",-1,-1,False,"['A', 'F']","['E', 'F']"
5a7906f55542990784727792::working_set_pack_b,5a7906f55542990784727792,"['A', 'B', 'C', 'D', 'E', 'F']","[0, 0, 0, 0, 1, 1]","[-6.10420036315918, -6.902146339416504, -7.660264492034912, -7.062119960784912, -4.969718933105469, 32.69844055175781]","[-6.10420036315918, -6.902146339416504, -7.660264492034912, -7.062119960784912, -4.969718933105469, 32.69844055175781]","[6.10420036315918, 6.902146339416504, 7.660264492034912, 7.062119960784912, 4.969718933105469, -32.69844055175781]",-1,-1,False,"['A', 'F']","['E', 'F']"
5a7906f55542990784727792::active_set_pack_b,5a7906f55542990784727792,"['A', 'B', 'C', 'D', 'E', 'F']","[0, 0, 0, 0, 1, 1]","[-7.795111656188965, -4.8330206871032715, -5.075187683105469, -4.417408466339111, -3.8210411071777344, 25.941747665405273]","[-7.795111656188965, -4.8330206871032715, -5.075187683105469, -4.417408466339111, -3.8210411071777344, 25.941747665405273]","[7.795111656188965, 4.8330206871032715, 5.075187683105469, 4.417408466339111, 3.8210411071777344, -25.941747665405273]",-1,-1,False,"['A', 'F']","['E', 'F']"
5ab74412554299110f219ae8::working_set_pack_a,5ab74412554299110f219ae8,"['A', 'B', 'C', 'D', 'E', 'F']","[1, 1, 0, 0, 0, 0]","[-11.304938316345215, 27.85450553894043, -3.845730781555176, -4.025327205657959, -4.275697231292725, -4.402806758880615]","[-11.304938316345215, 27.85450553894043, -3.845730781555176, -4.025327205657959, -4.275697231292725, -4.402806758880615]","[11.304938316345215, -27.85450553894043, 3.845730781555176, 4.025327205657959, 4.275697231292725, 4.402806758880615]",-1,-1,True,"['A', 'B']","['A', 'B']"
5ab74412554299110f219ae8::active_set_pack_a,5ab74412554299110f219ae8,"['A', 'B', 'C', 'D', 'E', 'F']","[1, 1, 0, 0, 0, 0]","[-12.706258773803711, 24.66239356994629, -2.586887836456299, -2.7100164890289307, -2.870274305343628, -3.788969039916992]","[-12.706258773803711, 24.66239356994629, -2.586887836456299, -2.7100164890289307, -2.870274305343628, -3.788969039916992]","[12.706258773803711, -24.66239356994629, 2.586887836456299, 2.7100164890289307, 2.870274305343628, 3.788969039916992]",-1,-1,True,"['A', 'B']","['A', 'B']"
5ab74412554299110f219ae8::working_set_pack_b,5ab74412554299110f219ae8,"['A', 'B', 'C', 'D', 'E', 'F']","[1, 1, 0, 0, 0, 0]","[-10.839173316955566, 23.62004280090332, -2.893681287765503, -2.9527201652526855, -3.1178667545318604, -3.8166122436523438]","[-10.839173316955566, 23.62004280090332, -2.893681287765503, -2.9527201652526855, -3.1178667545318604, -3.8166122436523438]","[10.839173316955566, -23.62004280090332, 2.893681287765503, 2.9527201652526855, 3.1178667545318604, 3.8166122436523438]",-1,-1,True,"['A', 'B']","['A', 'B']"
5ab74412554299110f219ae8::active_set_pack_b,5ab74412554299110f219ae8,"['A', 'B', 'C', 'D', 'E', 'F']","[1, 1, 0, 0, 0, 0]","[-12.24813461303711, 22.401031494140625, -2.2778167724609375, -2.248318672180176, -2.3952815532684326, -3.2314722537994385]","[-12.24813461303711, 22.401031494140625, -2.2778167724609375, -2.248318672180176, -2.3952815532684326, -3.2314722537994385]","[12.24813461303711, -22.401031494140625, 2.2778167724609375, 2.248318672180176, 2.3952815532684326, 3.2314722537994385]",-1,-1,True,"['A', 'B']","['A', 'B']"
5ac4bfd05542997ea680caab::working_set_pack_a,5ac4bfd05542997ea680caab,"['A', 'B', 'C', 'D', 'E', 'F']","[1, 0, 0, 1, 0, 0]","[-8.89428997039795, -5.702686309814453, -3.2881367206573486, 24.846586227416992, -2.932921886444092, -4.028534889221191]","[-8.89428997039795, -5.702686309814453, -3.2881367206573486, 24.846586227416992, -2.932921886444092, -4.028534889221191]","[-8.89428997039795, -5.702686309814453, -3.2881367206573486, 24.846586227416992, -2.932921886444092, -4.028534889221191]",1,1,True,"['A', 'D']","['A', 'D']"
5ac4bfd05542997ea680caab::active_set_pack_a,5ac4bfd05542997ea680caab,"['A', 'B', 'C', 'D', 'E', 'F']","[1, 0, 0, 1, 0, 0]","[-8.023292541503906, -5.891270637512207, -4.6109819412231445, 26.717939376831055, -4.1370415687561035, -4.055356025695801]","[-8.023292541503906, -5.891270637512207, -4.6109819412231445, 26.717939376831055, -4.1370415687561035, -4.055356025695801]","[8.023292541503906, 5.891270637512207, 4.6109819412231445, -26.717939376831055, 4.1370415687561035, 4.055356025695801]",-1,-1,True,"['A', 'D']","['A', 'D']"
5ac4bfd05542997ea680caab::working_set_pack_b,5ac4bfd05542997ea680caab,"['A', 'B', 'C', 'D', 'E', 'F']","[1, 0, 0, 1, 0, 0]","[31.555423736572266, -6.3675537109375, -6.01339864730835, -7.551147937774658, -5.853398323059082, -5.769927501678467]","[31.555423736572266, -6.3675537109375, -6.01339864730835, -7.551147937774658, -5.853398323059082, -5.769927501678467]","[-31.555423736572266, 6.3675537109375, 6.01339864730835, 7.551147937774658, 5.853398323059082, 5.769927501678467]",-1,-1,True,"['A', 'D']","['A', 'D']"
5ac4bfd05542997ea680caab::active_set_pack_b,5ac4bfd05542997ea680caab,"['A', 'B', 'C', 'D', 'E', 'F']","[1, 0, 0, 1, 0, 0]","[26.50087547302246, -2.895275592803955, -4.158116340637207, -12.482074737548828, -3.500657081604004, -3.464754581451416]","[26.50087547302246, -2.895275592803955, -4.158116340637207, -12.482074737548828, -3.500657081604004, -3.464754581451416]","[-26.50087547302246, 2.895275592803955, 4.158116340637207, 12.482074737548828, 3.500657081604004, 3.464754581451416]",-1,-1,True,"['A', 'D']","['A', 'D']"
5ab72adb5542993667793f5d::working_set_pack_a,5ab72adb5542993667793f5d,"['A', 'B', 'C', 'D', 'E', 'F']","[1, 0, 0, 0, 0, 1]","[-12.6948881149292, -13.092229843139648, -13.25093936920166, -13.224583625793457, -10.447953224182129, 62.710601806640625]","[-12.6948881149292, -13.092229843139648, -13.25093936920166, -13.224583625793457, -10.447953224182129, 62.710601806640625]","[12.6948881149292, 13.092229843139648, 13.25093936920166, 13.224583625793457, 10.447953224182129, -62.710601806640625]",-1,-1,False,"['B', 'F']","['A', 'F']"
5ab72adb5542993667793f5d::active_set_pack_a,5ab72adb5542993667793f5d,"['A', 'B', 'C', 'D', 'E', 'F']","[1, 0, 0, 0, 0, 1]","[-10.883641242980957, -11.705256462097168, -11.162144660949707, -11.135110855102539, -9.812740325927734, 54.69889831542969]","[-10.883641242980957, -11.705256462097168, -11.162144660949707, -11.135110855102539, -9.812740325927734, 54.69889831542969]","[10.883641242980957, 11.705256462097168, 11.162144660949707, 11.135110855102539, 9.812740325927734, -54.69889831542969]",-1,-1,False,"['B', 'F']","['A', 'F']"
5ab72adb5542993667793f5d::working_set_pack_b,5ab72adb5542993667793f5d,"['A', 'B', 'C', 'D', 'E', 'F']","[1, 0, 0, 0, 0, 1]","[-9.542835235595703, -10.549293518066406, -9.761411666870117, -9.690885543823242, -9.60964298248291, 49.15407180786133]","[-9.542835235595703, -10.549293518066406, -9.761411666870117, -9.690885543823242, -9.60964298248291, 49.15407180786133]","[9.542835235595703, 10.549293518066406, 9.761411666870117, 9.690885543823242, 9.60964298248291, -49.15407180786133]",-1,-1,False,"['B', 'F']","['A', 'F']"
5ab72adb5542993667793f5d::active_set_pack_b,5ab72adb5542993667793f5d,"['A', 'B', 'C', 'D', 'E', 'F']","[1, 0, 0, 0, 0, 1]","[-9.932476997375488, -10.438467979431152, -10.194843292236328, -10.021227836608887, -10.009085655212402, 50.596099853515625]","[-9.932476997375488, -10.438467979431152, -10.194843292236328, -10.021227836608887, -10.009085655212402, 50.596099853515625]","[9.932476997375488, 10.438467979431152, 10.194843292236328, 10.021227836608887, 10.009085655212402, -50.596099853515625]",-1,-1,False,"['B', 'F']","['A', 'F']"
5abb06bc554299232ef4a3bb::working_set_pack_a,5abb06bc554299232ef4a3bb,"['A', 'B', 'C', 'D', 'E', 'F']","[0, 0, 0, 1, 0, 1]","[4.809708595275879, 4.761495113372803, -25.85784912109375, 5.415587902069092, 4.813842296600342, 6.057215213775635]","[-4.809708595275879, -4.761495113372803, 25.85784912109375, -5.415587902069092, -4.813842296600342, -6.057215213775635]","[4.809708595275879, 4.761495113372803, -25.85784912109375, 5.415587902069092, 4.813842296600342, 6.057215213775635]",1,-1,False,"['C', 'F']","['D', 'F']"
5abb06bc554299232ef4a3bb::active_set_pack_a,5abb06bc554299232ef4a3bb,"['A', 'B', 'C', 'D', 'E', 'F']","[0, 0, 0, 1, 0, 1]","[5.318353652954102, 5.159757614135742, -27.50480079650879, 5.163234233856201, 5.323631763458252, 6.539823055267334]","[-5.318353652954102, -5.159757614135742, 27.50480079650879, -5.163234233856201, -5.323631763458252, -6.539823055267334]","[-5.318353652954102, -5.159757614135742, 27.50480079650879, -5.163234233856201, -5.323631763458252, -6.539823055267334]",-1,1,False,"['C', 'F']","['D', 'F']"
5abb06bc554299232ef4a3bb::working_set_pack_b,5abb06bc554299232ef4a3bb,"['A', 'B', 'C', 'D', 'E', 'F']","[0, 0, 0, 1, 0, 1]","[6.26920223236084, 6.219972610473633, -33.2114143371582, 5.761685371398926, 6.285003662109375, 8.675544738769531]","[-6.26920223236084, -6.219972610473633, 33.2114143371582, -5.761685371398926, -6.285003662109375, -8.675544738769531]","[-6.26920223236084, -6.219972610473633, 33.2114143371582, -5.761685371398926, -6.285003662109375, -8.675544738769531]",-1,1,False,"['C', 'F']","['D', 'F']"
5abb06bc554299232ef4a3bb::active_set_pack_b,5abb06bc554299232ef4a3bb,"['A', 'B', 'C', 'D', 'E', 'F']","[0, 0, 0, 1, 0, 1]","[5.381279945373535, 4.965085983276367, -30.97591209411621, 5.033731460571289, 5.384209632873535, 10.211602210998535]","[-5.381279945373535, -4.965085983276367, 30.97591209411621, -5.033731460571289, -5.384209632873535, -10.211602210998535]","[-5.381279945373535, -4.965085983276367, 30.97591209411621, -5.033731460571289, -5.384209632873535, -10.211602210998535]",-1,1,False,"['C', 'F']","['D', 'F']"
5ae3cf7e5542990afbd1e1e2::working_set_pack_a,5ae3cf7e5542990afbd1e1e2,"['A', 'B', 'C', 'D', 'E', 'F']","[1, 0, 1, 0, 0, 0]","[-10.728752136230469, -9.201436042785645, 50.230804443359375, -9.792933464050293, -10.25624942779541, -10.251435279846191]","[-10.728752136230469, -9.201436042785645, 50.230804443359375, -9.792933464050293, -10.25624942779541, -10.251435279846191]","[10.728752136230469, 9.201436042785645, -50.230804443359375, 9.792933464050293, 10.25624942779541, 10.251435279846191]",-1,-1,True,"['A', 'C']","['A', 'C']"
5ae3cf7e5542990afbd1e1e2::active_set_pack_a,5ae3cf7e5542990afbd1e1e2,"['A', 'B', 'C', 'D', 'E', 'F']","[1, 0, 1, 0, 0, 0]","[-11.029696464538574, -9.669851303100586, 52.2729377746582, -10.18373966217041, -10.666088104248047, -10.723564147949219]","[-11.029696464538574, -9.669851303100586, 52.2729377746582, -10.18373966217041, -10.666088104248047, -10.723564147949219]","[11.029696464538574, 9.669851303100586, -52.2729377746582, 10.18373966217041, 10.666088104248047, 10.723564147949219]",-1,-1,True,"['A', 'C']","['A', 'C']"
5ae3cf7e5542990afbd1e1e2::working_set_pack_b,5ae3cf7e5542990afbd1e1e2,"['A', 'B', 'C', 'D', 'E', 'F']","[1, 0, 1, 0, 0, 0]","[-9.526498794555664, -8.637226104736328, 45.62469482421875, -8.744982719421387, -9.394815444946289, -9.321181297302246]","[-9.526498794555664, -8.637226104736328, 45.62469482421875, -8.744982719421387, -9.394815444946289, -9.321181297302246]","[9.526498794555664, 8.637226104736328, -45.62469482421875, 8.744982719421387, 9.394815444946289, 9.321181297302246]",-1,-1,True,"['A', 'C']","['A', 'C']"
5ae3cf7e5542990afbd1e1e2::active_set_pack_b,5ae3cf7e5542990afbd1e1e2,"['A', 'B', 'C', 'D', 'E', 'F']","[1, 0, 1, 0, 0, 0]","[-9.48061752319336, -8.176531791687012, 44.20362091064453, -8.6951322555542, -9.054106712341309, -8.797228813171387]","[-9.48061752319336, -8.176531791687012, 44.20362091064453, -8.6951322555542, -9.054106712341309, -8.797228813171387]","[9.48061752319336, 8.176531791687012, -44.20362091064453, 8.6951322555542, 9.054106712341309, 8.797228813171387]",-1,-1,True,"['A', 'C']","['A', 'C']"
5a7315015542994cef4bc448::working_set_pack_a,5a7315015542994cef4bc448,"['A', 'B', 'C', 'D', 'E', 'F']","[1, 0, 0, 0, 1, 0]","[-10.590659141540527, -10.168023109436035, -10.553885459899902, -10.081219673156738, 52.17434310913086, -10.780546188354492]","[-10.590659141540527, -10.168023109436035, -10.553885459899902, -10.081219673156738, 52.17434310913086, -10.780546188354492]","[-10.590659141540527, -10.168023109436035, -10.553885459899902, -10.081219673156738, 52.17434310913086, -10.780546188354492]",1,1,False,"['C', 'E']","['A', 'E']"
5a7315015542994cef4bc448::active_set_pack_a,5a7315015542994cef4bc448,"['A', 'B', 'C', 'D', 'E', 'F']","[1, 0, 0, 0, 1, 0]","[-11.946325302124023, -11.654827117919922, -11.402618408203125, -11.64486312866211, 58.81359100341797, -12.164958953857422]","[-11.946325302124023, -11.654827117919922, -11.402618408203125, -11.64486312866211, 58.81359100341797, -12.164958953857422]","[11.946325302124023, 11.654827117919922, 11.402618408203125, 11.64486312866211, -58.81359100341797, 12.164958953857422]",-1,-1,False,"['C', 'E']","['A', 'E']"
5a7315015542994cef4bc448::working_set_pack_b,5a7315015542994cef4bc448,"['A', 'B', 'C', 'D', 'E', 'F']","[1, 0, 0, 0, 1, 0]","[-9.692449569702148, -9.677477836608887, -9.56393051147461, -9.639674186706543, 48.71731185913086, -10.14378833770752]","[-9.692449569702148, -9.677477836608887, -9.56393051147461, -9.639674186706543, 48.71731185913086, -10.14378833770752]","[9.692449569702148, 9.677477836608887, 9.56393051147461, 9.639674186706543, -48.71731185913086, 10.14378833770752]",-1,-1,False,"['C', 'E']","['A', 'E']"
5a7315015542994cef4bc448::active_set_pack_b,5a7315015542994cef4bc448,"['A', 'B', 'C', 'D', 'E', 'F']","[1, 0, 0, 0, 1, 0]","[-10.420334815979004, -10.271458625793457, -9.995808601379395, -10.2535982131958, 51.54936981201172, -10.608162879943848]","[-10.420334815979004, -10.271458625793457, -9.995808601379395, -10.2535982131958, 51.54936981201172, -10.608162879943848]","[10.420334815979004, 10.271458625793457, 9.995808601379395, 10.2535982131958, -51.54936981201172, 10.608162879943848]",-1,-1,False,"['C', 'E']","['A', 'E']"
5ab1ce395542997061209579::working_set_pack_a,5ab1ce395542997061209579,"['A', 'B', 'C', 'D', 'E', 'F']","[1, 1, 0, 0, 0, 0]","[-11.836583137512207, 22.690021514892578, -2.508946418762207, -2.5611634254455566, -2.9692437648773193, -2.8140926361083984]","[-11.836583137512207, 22.690021514892578, -2.508946418762207, -2.5611634254455566, -2.9692437648773193, -2.8140926361083984]","[11.836583137512207, -22.690021514892578, 2.508946418762207, 2.5611634254455566, 2.9692437648773193, 2.8140926361083984]",-1,-1,True,"['A', 'B']","['A', 'B']"
5ab1ce395542997061209579::active_set_pack_a,5ab1ce395542997061209579,"['A', 'B', 'C', 'D', 'E', 'F']","[1, 1, 0, 0, 0, 0]","[-11.153919219970703, 28.245960235595703, -3.9070637226104736, -4.069596767425537, -4.931837558746338, -4.183557033538818]","[-11.153919219970703, 28.245960235595703, -3.9070637226104736, -4.069596767425537, -4.931837558746338, -4.183557033538818]","[11.153919219970703, -28.245960235595703, 3.9070637226104736, 4.069596767425537, 4.931837558746338, 4.183557033538818]",-1,-1,True,"['A', 'B']","['A', 'B']"
5ab1ce395542997061209579::working_set_pack_b,5ab1ce395542997061209579,"['A', 'B', 'C', 'D', 'E', 'F']","[1, 1, 0, 0, 0, 0]","[23.27349090576172, -10.582972526550293, -3.0302112102508545, -3.1745216846466064, -2.9804623126983643, -3.505321979522705]","[23.27349090576172, -10.582972526550293, -3.0302112102508545, -3.1745216846466064, -2.9804623126983643, -3.505321979522705]","[-23.27349090576172, 10.582972526550293, 3.0302112102508545, 3.1745216846466064, 2.9804623126983643, 3.505321979522705]",-1,-1,True,"['A', 'B']","['A', 'B']"
5ab1ce395542997061209579::active_set_pack_b,5ab1ce395542997061209579,"['A', 'B', 'C', 'D', 'E', 'F']","[1, 1, 0, 0, 0, 0]","[19.749832153320312, -13.71231746673584, -1.3405025005340576, -1.552109956741333, -1.3267064094543457, -1.8181946277618408]","[19.749832153320312, -13.71231746673584, -1.3405025005340576, -1.552109956741333, -1.3267064094543457, -1.8181946277618408]","[-19.749832153320312, 13.71231746673584, 1.3405025005340576, 1.552109956741333, 1.3267064094543457, 1.8181946277618408]",-1,-1,False,"['A', 'F']","['A', 'B']"
5a8afba155429949d91db458::working_set_pack_a,5a8afba155429949d91db458,"['A', 'B', 'C', 'D', 'E', 'F']","[0, 0, 0, 1, 1, 0]","[-4.476625919342041, -4.46774435043335, -5.945232391357422, -6.792409420013428, 26.802263259887695, -5.120248317718506]","[-4.476625919342041, -4.46774435043335, -5.945232391357422, -6.792409420013428, 26.802263259887695, -5.120248317718506]","[-4.476625919342041, -4.46774435043335, -5.945232391357422, -6.792409420013428, 26.802263259887695, -5.120248317718506]",1,1,False,"['C', 'E']","['D', 'E']"
5a8afba155429949d91db458::active_set_pack_a,5a8afba155429949d91db458,"['A', 'B', 'C', 'D', 'E', 'F']","[0, 0, 0, 1, 1, 0]","[-4.355639934539795, -4.359620571136475, -5.524652481079102, -7.599675178527832, 26.819143295288086, -4.979547023773193]","[-4.355639934539795, -4.359620571136475, -5.524652481079102, -7.599675178527832, 26.819143295288086, -4.979547023773193]","[-4.355639934539795, -4.359620571136475, -5.524652481079102, -7.599675178527832, 26.819143295288086, -4.979547023773193]",1,1,False,"['C', 'E']","['D', 'E']"
5a8afba155429949d91db458::working_set_pack_b,5a8afba155429949d91db458,"['A', 'B', 'C', 'D', 'E', 'F']","[0, 0, 0, 1, 1, 0]","[-2.542713165283203, -1.8911166191101074, -4.018893241882324, -13.074055671691895, 23.870729446411133, -2.3439435958862305]","[-2.542713165283203, -1.8911166191101074, -4.018893241882324, -13.074055671691895, 23.870729446411133, -2.3439435958862305]","[2.542713165283203, 1.8911166191101074, 4.018893241882324, 13.074055671691895, -23.870729446411133, 2.3439435958862305]",-1,-1,False,"['C', 'E']","['D', 'E']"
5a8afba155429949d91db458::active_set_pack_b,5a8afba155429949d91db458,"['A', 'B', 'C', 'D', 'E', 'F']","[0, 0, 0, 1, 1, 0]","[-3.0387368202209473, -3.0433998107910156, -5.567969799041748, -11.010704040527344, 26.106216430664062, -3.4454076290130615]","[-3.0387368202209473, -3.0433998107910156, -5.567969799041748, -11.010704040527344, 26.106216430664062, -3.4454076290130615]","[-3.0387368202209473, -3.0433998107910156, -5.567969799041748, -11.010704040527344, 26.106216430664062, -3.4454076290130615]",1,1,False,"['C', 'E']","['D', 'E']"
5ade5a245542997c77adee0c::working_set_pack_a,5ade5a245542997c77adee0c,"['A', 'B', 'C', 'D', 'E', 'F']","[0, 0, 1, 0, 1, 0]","[-9.174134254455566, -7.698615074157715, 41.02942657470703, -7.978702068328857, -8.288858413696289, -7.889115810394287]","[-9.174134254455566, -7.698615074157715, 41.02942657470703, -7.978702068328857, -8.288858413696289, -7.889115810394287]","[-9.174134254455566, -7.698615074157715, 41.02942657470703, -7.978702068328857, -8.288858413696289, -7.889115810394287]",1,1,True,"['C', 'E']","['C', 'E']"
5ade5a245542997c77adee0c::active_set_pack_a,5ade5a245542997c77adee0c,"['A', 'B', 'C', 'D', 'E', 'F']","[0, 0, 1, 0, 1, 0]","[-8.638894081115723, -6.819494724273682, 37.13346481323242, -7.141939640045166, -7.445064067840576, -7.088082313537598]","[-8.638894081115723, -6.819494724273682, 37.13346481323242, -7.141939640045166, -7.445064067840576, -7.088082313537598]","[-8.638894081115723, -6.819494724273682, 37.13346481323242, -7.141939640045166, -7.445064067840576, -7.088082313537598]",1,1,True,"['C', 'E']","['C', 'E']"
5ade5a245542997c77adee0c::working_set_pack_b,5ade5a245542997c77adee0c,"['A', 'B', 'C', 'D', 'E', 'F']","[0, 0, 1, 0, 1, 0]","[-7.127269268035889, -6.098873138427734, 32.76957321166992, -6.4288530349731445, -6.756943225860596, -6.357624053955078]","[-7.127269268035889, -6.098873138427734, 32.76957321166992, -6.4288530349731445, -6.756943225860596, -6.357624053955078]","[-7.127269268035889, -6.098873138427734, 32.76957321166992, -6.4288530349731445, -6.756943225860596, -6.357624053955078]",1,1,True,"['C', 'E']","['C', 'E']"
5ade5a245542997c77adee0c::active_set_pack_b,5ade5a245542997c77adee0c,"['A', 'B', 'C', 'D', 'E', 'F']","[0, 0, 1, 0, 1, 0]","[-7.560488224029541, -6.661728382110596, 36.63332748413086, -7.083007335662842, -7.806925296783447, -7.521181583404541]","[-7.560488224029541, -6.661728382110596, 36.63332748413086, -7.083007335662842, -7.806925296783447, -7.521181583404541]","[-7.560488224029541, -6.661728382110596, 36.63332748413086, -7.083007335662842, -7.806925296783447, -7.521181583404541]",1,1,True,"['C', 'E']","['C', 'E']"
5ae65d055542996d980e7b14::working_set_pack_a,5ae65d055542996d980e7b14,"['A', 'B', 'C', 'D', 'E', 'F']","[0, 0, 1, 1, 0, 0]","[-8.916512489318848, -8.836870193481445, 49.46101760864258, -12.007068634033203, -10.560665130615234, -9.139896392822266]","[-8.916512489318848, -8.836870193481445, 49.46101760864258, -12.007068634033203, -10.560665130615234, -9.139896392822266]","[-8.916512489318848, -8.836870193481445, 49.46101760864258, -12.007068634033203, -10.560665130615234, -9.139896392822266]",1,1,True,"['C', 'D']","['C', 'D']"
5ae65d055542996d980e7b14::active_set_pack_a,5ae65d055542996d980e7b14,"['A', 'B', 'C', 'D', 'E', 'F']","[0, 0, 1, 1, 0, 0]","[-9.692580223083496, -9.533975601196289, 51.51714324951172, -11.560480117797852, -10.872559547424316, -9.857558250427246]","[-9.692580223083496, -9.533975601196289, 51.51714324951172, -11.560480117797852, -10.872559547424316, -9.857558250427246]","[-9.692580223083496, -9.533975601196289, 51.51714324951172, -11.560480117797852, -10.872559547424316, -9.857558250427246]",1,1,True,"['C', 'D']","['C', 'D']"
5ae65d055542996d980e7b14::working_set_pack_b,5ae65d055542996d980e7b14,"['A', 'B', 'C', 'D', 'E', 'F']","[0, 0, 1, 1, 0, 0]","[-6.983270168304443, -6.819515705108643, 41.387664794921875, -11.919727325439453, -8.514302253723145, -7.150856018066406]","[-6.983270168304443, -6.819515705108643, 41.387664794921875, -11.919727325439453, -8.514302253723145, -7.150856018066406]","[-6.983270168304443, -6.819515705108643, 41.387664794921875, -11.919727325439453, -8.514302253723145, -7.150856018066406]",1,1,True,"['C', 'D']","['C', 'D']"
5ae65d055542996d980e7b14::active_set_pack_b,5ae65d055542996d980e7b14,"['A', 'B', 'C', 'D', 'E', 'F']","[0, 0, 1, 1, 0, 0]","[-4.616343975067139, -4.5834784507751465, 36.33466720581055, -16.18099021911621, -6.161942958831787, -4.791914463043213]","[-4.616343975067139, -4.5834784507751465, 36.33466720581055, -16.18099021911621, -6.161942958831787, -4.791914463043213]","[4.616343975067139, 4.5834784507751465, -36.33466720581055, 16.18099021911621, 6.161942958831787, 4.791914463043213]",-1,-1,True,"['C', 'D']","['C', 'D']"
5a8a698255429930ff3c0dcf::working_set_pack_a,5a8a698255429930ff3c0dcf,"['A', 'B', 'C', 'D', 'E', 'F']","[0, 1, 0, 1, 0, 0]","[-21.21894073486328, 3.1479225158691406, 7.562263488769531, 3.505800724029541, 2.6799726486206055, 4.322980880737305]","[21.21894073486328, -3.1479225158691406, -7.562263488769531, -3.505800724029541, -2.6799726486206055, -4.322980880737305]","[-21.21894073486328, 3.1479225158691406, 7.562263488769531, 3.505800724029541, 2.6799726486206055, 4.322980880737305]",1,-1,False,"['A', 'D']","['B', 'D']"
5a8a698255429930ff3c0dcf::active_set_pack_a,5a8a698255429930ff3c0dcf,"['A', 'B', 'C', 'D', 'E', 'F']","[0, 1, 0, 1, 0, 0]","[-21.053861618041992, 3.6822407245635986, 6.741954326629639, 2.0595555305480957, 3.2407870292663574, 5.329326629638672]","[21.053861618041992, -3.6822407245635986, -6.741954326629639, -2.0595555305480957, -3.2407870292663574, -5.329326629638672]","[-21.053861618041992, 3.6822407245635986, 6.741954326629639, 2.0595555305480957, 3.2407870292663574, 5.329326629638672]",1,-1,False,"['A', 'E']","['B', 'D']"
5a8a698255429930ff3c0dcf::working_set_pack_b,5a8a698255429930ff3c0dcf,"['A', 'B', 'C', 'D', 'E', 'F']","[0, 1, 0, 1, 0, 0]","[-18.192630767822266, 3.39998722076416, 4.353049278259277, 4.303337097167969, 2.8585197925567627, 3.2777366638183594]","[18.192630767822266, -3.39998722076416, -4.353049278259277, -4.303337097167969, -2.8585197925567627, -3.2777366638183594]","[-18.192630767822266, 3.39998722076416, 4.353049278259277, 4.303337097167969, 2.8585197925567627, 3.2777366638183594]",1,-1,False,"['A', 'D']","['B', 'D']"
5a8a698255429930ff3c0dcf::active_set_pack_b,5a8a698255429930ff3c0dcf,"['A', 'B', 'C', 'D', 'E', 'F']","[0, 1, 0, 1, 0, 0]","[-21.52361297607422, 4.7628655433654785, 3.8728952407836914, 5.974610328674316, 3.2190327644348145, 3.6942059993743896]","[21.52361297607422, -4.7628655433654785, -3.8728952407836914, -5.974610328674316, -3.2190327644348145, -3.6942059993743896]","[-21.52361297607422, 4.7628655433654785, 3.8728952407836914, 5.974610328674316, 3.2190327644348145, 3.6942059993743896]",1,-1,False,"['A', 'D']","['B', 'D']"
5ac4f4255542996feb3fe99d::working_set_pack_a,5ac4f4255542996feb3fe99d,"['A', 'B', 'C', 'D', 'E', 'F']","[0, 1, 0, 0, 0, 1]","[-11.060664176940918, -10.572702407836914, -11.429807662963867, -11.368729591369629, -10.372244834899902, 54.804134368896484]","[-11.060664176940918, -10.572702407836914, -11.429807662963867, -11.368729591369629, -10.372244834899902, 54.804134368896484]","[11.060664176940918, 10.572702407836914, 11.429807662963867, 11.368729591369629, 10.372244834899902, -54.804134368896484]",-1,-1,False,"['A', 'F']","['B', 'F']"
5ac4f4255542996feb3fe99d::active_set_pack_a,5ac4f4255542996feb3fe99d,"['A', 'B', 'C', 'D', 'E', 'F']","[0, 1, 0, 0, 0, 1]","[-11.342252731323242, -11.919337272644043, -12.582862854003906, -12.04555606842041, -11.453227043151855, 59.343223571777344]","[-11.342252731323242, -11.919337272644043, -12.582862854003906, -12.04555606842041, -11.453227043151855, 59.343223571777344]","[11.342252731323242, 11.919337272644043, 12.582862854003906, 12.04555606842041, 11.453227043151855, -59.343223571777344]",-1,-1,False,"['A', 'F']","['B', 'F']"
5ac4f4255542996feb3fe99d::working_set_pack_b,5ac4f4255542996feb3fe99d,"['A', 'B', 'C', 'D', 'E', 'F']","[0, 1, 0, 0, 0, 1]","[-9.408302307128906, -9.605002403259277, -10.522209167480469, -9.642152786254883, -9.01014518737793, 48.18782424926758]","[-9.408302307128906, -9.605002403259277, -10.522209167480469, -9.642152786254883, -9.01014518737793, 48.18782424926758]","[9.408302307128906, 9.605002403259277, 10.522209167480469, 9.642152786254883, 9.01014518737793, -48.18782424926758]",-1,-1,False,"['A', 'F']","['B', 'F']"
5ac4f4255542996feb3fe99d::active_set_pack_b,5ac4f4255542996feb3fe99d,"['A', 'B', 'C', 'D', 'E', 'F']","[0, 1, 0, 0, 0, 1]","[-11.192130088806152, -10.617018699645996, -12.297887802124023, -11.25806713104248, -10.281063079833984, 55.64616012573242]","[-11.192130088806152, -10.617018699645996, -12.297887802124023, -11.25806713104248, -10.281063079833984, 55.64616012573242]","[11.192130088806152, 10.617018699645996, 12.297887802124023, 11.25806713104248, 10.281063079833984, -55.64616012573242]",-1,-1,False,"['A', 'F']","['B', 'F']"
5a85d5ba5542997175ce205a::working_set_pack_a,5a85d5ba5542997175ce205a,"['A', 'B', 'C', 'D', 'E', 'F']","[0, 0, 1, 0, 1, 0]","[-4.475714206695557, -5.164519786834717, -5.160416126251221, -4.027068138122559, 25.97449493408203, -7.146773338317871]","[-4.475714206695557, -5.164519786834717, -5.160416126251221, -4.027068138122559, 25.97449493408203, -7.146773338317871]","[4.475714206695557, 5.164519786834717, 5.160416126251221, 4.027068138122559, -25.97449493408203, 7.146773338317871]",-1,-1,False,"['B', 'E']","['C', 'E']"
5a85d5ba5542997175ce205a::active_set_pack_a,5a85d5ba5542997175ce205a,"['A', 'B', 'C', 'D', 'E', 'F']","[0, 0, 1, 0, 1, 0]","[-5.358039379119873, -5.476006507873535, -5.666612148284912, -4.060029983520508, 27.94989585876465, -7.389206409454346]","[-5.358039379119873, -5.476006507873535, -5.666612148284912, -4.060029983520508, 27.94989585876465, -7.389206409454346]","[5.358039379119873, 5.476006507873535, 5.666612148284912, 4.060029983520508, -27.94989585876465, 7.389206409454346]",-1,-1,False,"['B', 'E']","['C', 'E']"
5a85d5ba5542997175ce205a::working_set_pack_b,5a85d5ba5542997175ce205a,"['A', 'B', 'C', 'D', 'E', 'F']","[0, 0, 1, 0, 1, 0]","[-2.978621482849121, -8.881220817565918, -2.8233752250671387, -3.0858771800994873, 22.567890167236328, -4.798791408538818]","[-2.978621482849121, -8.881220817565918, -2.8233752250671387, -3.0858771800994873, 22.567890167236328, -4.798791408538818]","[2.978621482849121, 8.881220817565918, 2.8233752250671387, 3.0858771800994873, -22.567890167236328, 4.798791408538818]",-1,-1,False,"['B', 'E']","['C', 'E']"
5a85d5ba5542997175ce205a::active_set_pack_b,5a85d5ba5542997175ce205a,"['A', 'B', 'C', 'D', 'E', 'F']","[0, 0, 1, 0, 1, 0]","[-3.812345266342163, -4.34282922744751, -4.210783958435059, -4.070047855377197, 23.39584732055664, -6.959840774536133]","[-3.812345266342163, -4.34282922744751, -4.210783958435059, -4.070047855377197, 23.39584732055664, -6.959840774536133]","[3.812345266342163, 4.34282922744751, 4.210783958435059, 4.070047855377197, -23.39584732055664, 6.959840774536133]",-1,-1,True,"['C', 'E']","['C', 'E']"
5a8a1eb755429970aeb70261::working_set_pack_a,5a8a1eb755429970aeb70261,"['A', 'B', 'C', 'D', 'E', 'F']","[0, 0, 1, 0, 0, 1]","[-7.367413520812988, -6.147258281707764, 37.2098274230957, -6.464486122131348, -8.118425369262695, -9.112251281738281]","[-7.367413520812988, -6.147258281707764, 37.2098274230957, -6.464486122131348, -8.118425369262695, -9.112251281738281]","[-7.367413520812988, -6.147258281707764, 37.2098274230957, -6.464486122131348, -8.118425369262695, -9.112251281738281]",1,1,True,"['C', 'F']","['C', 'F']"
5a8a1eb755429970aeb70261::active_set_pack_a,5a8a1eb755429970aeb70261,"['A', 'B', 'C', 'D', 'E', 'F']","[0, 0, 1, 0, 0, 1]","[-8.396077156066895, -7.691535472869873, 41.11760330200195, -8.052325248718262, -8.39499282836914, -8.582673072814941]","[-8.396077156066895, -7.691535472869873, 41.11760330200195, -8.052325248718262, -8.39499282836914, -8.582673072814941]","[-8.396077156066895, -7.691535472869873, 41.11760330200195, -8.052325248718262, -8.39499282836914, -8.582673072814941]",1,1,True,"['C', 'F']","['C', 'F']"
5a8a1eb755429970aeb70261::working_set_pack_b,5a8a1eb755429970aeb70261,"['A', 'B', 'C', 'D', 'E', 'F']","[0, 0, 1, 0, 0, 1]","[-7.1261725425720215, -6.158216953277588, 34.80031967163086, -6.433550834655762, -6.856268882751465, -8.226109504699707]","[-7.1261725425720215, -6.158216953277588, 34.80031967163086, -6.433550834655762, -6.856268882751465, -8.226109504699707]","[-7.1261725425720215, -6.158216953277588, 34.80031967163086, -6.433550834655762, -6.856268882751465, -8.226109504699707]",1,1,True,"['C', 'F']","['C', 'F']"
5a8a1eb755429970aeb70261::active_set_pack_b,5a8a1eb755429970aeb70261,"['A', 'B', 'C', 'D', 'E', 'F']","[0, 0, 1, 0, 0, 1]","[-7.94317626953125, -7.101811408996582, 38.717586517333984, -7.41151762008667, -7.555197715759277, -8.70588207244873]","[-7.94317626953125, -7.101811408996582, 38.717586517333984, -7.41151762008667, -7.555197715759277, -8.70588207244873]","[-7.94317626953125, -7.101811408996582, 38.717586517333984, -7.41151762008667, -7.555197715759277, -8.70588207244873]",1,1,True,"['C', 'F']","['C', 'F']"
5ac3bb805542993915413909::working_set_pack_a,5ac3bb805542993915413909,"['A', 'B', 'C', 'D', 'E', 'F']","[0, 1, 1, 0, 0, 0]","[-6.092333793640137, 32.518341064453125, -6.395824432373047, -6.320058345794678, -7.316018104553223, -6.3941240310668945]","[-6.092333793640137, 32.518341064453125, -6.395824432373047, -6.320058345794678, -7.316018104553223, -6.3941240310668945]","[6.092333793640137, -32.518341064453125, 6.395824432373047, 6.320058345794678, 7.316018104553223, 6.3941240310668945]",-1,-1,True,"['B', 'C']","['B', 'C']"
5ac3bb805542993915413909::active_set_pack_a,5ac3bb805542993915413909,"['A', 'B', 'C', 'D', 'E', 'F']","[0, 1, 1, 0, 0, 0]","[-6.362091064453125, 34.27355194091797, -6.680212497711182, -6.8372697830200195, -7.661279201507568, -6.732713222503662]","[-6.362091064453125, 34.27355194091797, -6.680212497711182, -6.8372697830200195, -7.661279201507568, -6.732713222503662]","[6.362091064453125, -34.27355194091797, 6.680212497711182, 6.8372697830200195, 7.661279201507568, 6.732713222503662]",-1,-1,True,"['B', 'C']","['B', 'C']"
5ac3bb805542993915413909::working_set_pack_b,5ac3bb805542993915413909,"['A', 'B', 'C', 'D', 'E', 'F']","[0, 1, 1, 0, 0, 0]","[-6.973348617553711, 35.442134857177734, -6.978675365447998, -6.545376300811768, -7.818549633026123, -7.126183986663818]","[-6.973348617553711, 35.442134857177734, -6.978675365447998, -6.545376300811768, -7.818549633026123, -7.126183986663818]","[6.973348617553711, -35.442134857177734, 6.978675365447998, 6.545376300811768, 7.818549633026123, 7.126183986663818]",-1,-1,True,"['B', 'C']","['B', 'C']"
5ac3bb805542993915413909::active_set_pack_b,5ac3bb805542993915413909,"['A', 'B', 'C', 'D', 'E', 'F']","[0, 1, 1, 0, 0, 0]","[-7.850656986236572, 40.28307342529297, -8.09568977355957, -7.636185646057129, -8.624702453613281, -8.075838088989258]","[-7.850656986236572, 40.28307342529297, -8.09568977355957, -7.636185646057129, -8.624702453613281, -8.075838088989258]","[7.850656986236572, -40.28307342529297, 8.09568977355957, 7.636185646057129, 8.624702453613281, 8.075838088989258]",-1,-1,True,"['B', 'C']","['B', 'C']"
5a81102b554299260e20a22a::working_set_pack_a,5a81102b554299260e20a22a,"['A', 'B', 'C', 'D', 'E', 'F']","[1, 0, 1, 0, 0, 0]","[7.694670677185059, 6.21274471282959, 6.877871036529541, 6.880152225494385, -34.54490661621094, 6.879456996917725]","[-7.694670677185059, -6.21274471282959, -6.877871036529541, -6.880152225494385, 34.54490661621094, -6.879456996917725]","[7.694670677185059, 6.21274471282959, 6.877871036529541, 6.880152225494385, -34.54490661621094, 6.879456996917725]",1,-1,False,"['A', 'E']","['A', 'C']"
5a81102b554299260e20a22a::active_set_pack_a,5a81102b554299260e20a22a,"['A', 'B', 'C', 'D', 'E', 'F']","[1, 0, 1, 0, 0, 0]","[7.863461017608643, 6.786984443664551, 7.416206359863281, 7.364048957824707, -36.84367752075195, 7.412972927093506]","[-7.863461017608643, -6.786984443664551, -7.416206359863281, -7.364048957824707, 36.84367752075195, -7.412972927093506]","[7.863461017608643, 6.786984443664551, 7.416206359863281, 7.364048957824707, -36.84367752075195, 7.412972927093506]",1,-1,False,"['A', 'E']","['A', 'C']"
5a81102b554299260e20a22a::working_set_pack_b,5a81102b554299260e20a22a,"['A', 'B', 'C', 'D', 'E', 'F']","[1, 0, 1, 0, 0, 0]","[9.141769409179688, 8.461519241333008, 8.2517671585083, 9.169354438781738, -42.19588088989258, 7.171450138092041]","[-9.141769409179688, -8.461519241333008, -8.2517671585083, -9.169354438781738, 42.19588088989258, -7.171450138092041]","[9.141769409179688, 8.461519241333008, 8.2517671585083, 9.169354438781738, -42.19588088989258, 7.171450138092041]",1,-1,False,"['A', 'E']","['A', 'C']"
5a81102b554299260e20a22a::active_set_pack_b,5a81102b554299260e20a22a,"['A', 'B', 'C', 'D', 'E', 'F']","[1, 0, 1, 0, 0, 0]","[6.128889560699463, 4.2835283279418945, 8.778901100158691, 4.566830158233643, -28.466796875, 4.708637237548828]","[-6.128889560699463, -4.2835283279418945, -8.778901100158691, -4.566830158233643, 28.466796875, -4.708637237548828]","[6.128889560699463, 4.2835283279418945, 8.778901100158691, 4.566830158233643, -28.466796875, 4.708637237548828]",1,-1,False,"['A', 'E']","['A', 'C']"
5a77a0205542995d83181225::working_set_pack_a,5a77a0205542995d83181225,"['A', 'B', 'C', 'D', 'E', 'F']","[0, 1, 0, 0, 0, 1]","[-12.597593307495117, -12.55289363861084, -12.37743854522705, -12.336943626403809, -13.024880409240723, 62.8897590637207]","[-12.597593307495117, -12.55289363861084, -12.37743854522705, -12.336943626403809, -13.024880409240723, 62.8897590637207]","[12.597593307495117, 12.55289363861084, 12.37743854522705, 12.336943626403809, 13.024880409240723, -62.8897590637207]",-1,-1,False,"['A', 'F']","['B', 'F']"
5a77a0205542995d83181225::active_set_pack_a,5a77a0205542995d83181225,"['A', 'B', 'C', 'D', 'E', 'F']","[0, 1, 0, 0, 0, 1]","[-11.304511070251465, -11.561779975891113, -11.053696632385254, -11.044008255004883, -11.702756881713867, 56.66674041748047]","[-11.304511070251465, -11.561779975891113, -11.053696632385254, -11.044008255004883, -11.702756881713867, 56.66674041748047]","[11.304511070251465, 11.561779975891113, 11.053696632385254, 11.044008255004883, 11.702756881713867, -56.66674041748047]",-1,-1,False,"['A', 'F']","['B', 'F']"
5a77a0205542995d83181225::working_set_pack_b,5a77a0205542995d83181225,"['A', 'B', 'C', 'D', 'E', 'F']","[0, 1, 0, 0, 0, 1]","[-9.83979320526123, -10.775354385375977, -9.752081871032715, -9.395235061645508, -9.894793510437012, 49.65726089477539]","[-9.83979320526123, -10.775354385375977, -9.752081871032715, -9.395235061645508, -9.894793510437012, 49.65726089477539]","[9.83979320526123, 10.775354385375977, 9.752081871032715, 9.395235061645508, 9.894793510437012, -49.65726089477539]",-1,-1,False,"['A', 'F']","['B', 'F']"
5a77a0205542995d83181225::active_set_pack_b,5a77a0205542995d83181225,"['A', 'B', 'C', 'D', 'E', 'F']","[0, 1, 0, 0, 0, 1]","[-10.80900764465332, -10.878436088562012, -10.481210708618164, -10.474756240844727, -10.303117752075195, 52.946529388427734]","[-10.80900764465332, -10.878436088562012, -10.481210708618164, -10.474756240844727, -10.303117752075195, 52.946529388427734]","[10.80900764465332, 10.878436088562012, 10.481210708618164, 10.474756240844727, 10.303117752075195, -52.946529388427734]",-1,-1,False,"['A', 'F']","['B', 'F']"
5a8f7992554299458435d64c::working_set_pack_a,5a8f7992554299458435d64c,"['A', 'B', 'C', 'D', 'E', 'F']","[1, 0, 1, 0, 0, 0]","[24.888654708862305, -6.975040435791016, -4.95742654800415, -4.611212253570557, -4.268953800201416, -4.076024532318115]","[24.888654708862305, -6.975040435791016, -4.95742654800415, -4.611212253570557, -4.268953800201416, -4.076024532318115]","[-24.888654708862305, 6.975040435791016, 4.95742654800415, 4.611212253570557, 4.268953800201416, 4.076024532318115]",-1,-1,True,"['A', 'C']","['A', 'C']"
5a8f7992554299458435d64c::active_set_pack_a,5a8f7992554299458435d64c,"['A', 'B', 'C', 'D', 'E', 'F']","[1, 0, 1, 0, 0, 0]","[-7.549478530883789, -7.909940242767334, 27.822647094726562, -3.7692034244537354, -4.827178001403809, -3.766836643218994]","[-7.549478530883789, -7.909940242767334, 27.822647094726562, -3.7692034244537354, -4.827178001403809, -3.766836643218994]","[-7.549478530883789, -7.909940242767334, 27.822647094726562, -3.7692034244537354, -4.827178001403809, -3.766836643218994]",1,1,True,"['A', 'C']","['A', 'C']"
5a8f7992554299458435d64c::working_set_pack_b,5a8f7992554299458435d64c,"['A', 'B', 'C', 'D', 'E', 'F']","[1, 0, 1, 0, 0, 0]","[-7.853545188903809, -10.371609687805176, 35.96259689331055, -5.827764987945557, -6.159103870391846, -5.750574111938477]","[-7.853545188903809, -10.371609687805176, 35.96259689331055, -5.827764987945557, -6.159103870391846, -5.750574111938477]","[-7.853545188903809, -10.371609687805176, 35.96259689331055, -5.827764987945557, -6.159103870391846, -5.750574111938477]",1,1,True,"['A', 'C']","['A', 'C']"
5a8f7992554299458435d64c::active_set_pack_b,5a8f7992554299458435d64c,"['A', 'B', 'C', 'D', 'E', 'F']","[1, 0, 1, 0, 0, 0]","[-9.281303405761719, -10.196578025817871, 35.33778381347656, -5.204980373382568, -5.51489782333374, -5.1400041580200195]","[-9.281303405761719, -10.196578025817871, 35.33778381347656, -5.204980373382568, -5.51489782333374, -5.1400041580200195]","[-9.281303405761719, -10.196578025817871, 35.33778381347656, -5.204980373382568, -5.51489782333374, -5.1400041580200195]",1,1,True,"['A', 'C']","['A', 'C']"
5a83088a55429966c78a6afc::working_set_pack_a,5a83088a55429966c78a6afc,"['A', 'B', 'C', 'D', 'E', 'F']","[0, 1, 0, 0, 1, 0]","[-6.301405429840088, -4.797706127166748, -5.020522117614746, -6.486213207244873, 27.597091674804688, -4.991239070892334]","[-6.301405429840088, -4.797706127166748, -5.020522117614746, -6.486213207244873, 27.597091674804688, -4.991239070892334]","[6.301405429840088, 4.797706127166748, 5.020522117614746, 6.486213207244873, -27.597091674804688, 4.991239070892334]",-1,-1,False,"['A', 'E']","['B', 'E']"
5a83088a55429966c78a6afc::active_set_pack_a,5a83088a55429966c78a6afc,"['A', 'B', 'C', 'D', 'E', 'F']","[0, 1, 0, 0, 1, 0]","[-5.9929304122924805, -5.014881610870361, -5.990077495574951, -7.500884532928467, 30.4180850982666, -5.919313907623291]","[-5.9929304122924805, -5.014881610870361, -5.990077495574951, -7.500884532928467, 30.4180850982666, -5.919313907623291]","[5.9929304122924805, 5.014881610870361, 5.990077495574951, 7.500884532928467, -30.4180850982666, 5.919313907623291]",-1,-1,False,"['A', 'E']","['B', 'E']"
5a83088a55429966c78a6afc::working_set_pack_b,5a83088a55429966c78a6afc,"['A', 'B', 'C', 'D', 'E', 'F']","[0, 1, 0, 0, 1, 0]","[-6.831961154937744, -6.0462799072265625, -6.701406478881836, -7.451829433441162, 33.2886848449707, -6.257204055786133]","[-6.831961154937744, -6.0462799072265625, -6.701406478881836, -7.451829433441162, 33.2886848449707, -6.257204055786133]","[6.831961154937744, 6.0462799072265625, 6.701406478881836, 7.451829433441162, -33.2886848449707, 6.257204055786133]",-1,-1,False,"['A', 'E']","['B', 'E']"
5a83088a55429966c78a6afc::active_set_pack_b,5a83088a55429966c78a6afc,"['A', 'B', 'C', 'D', 'E', 'F']","[0, 1, 0, 0, 1, 0]","[-6.552518367767334, -5.834271430969238, -6.1189093589782715, -7.255086898803711, 31.776437759399414, -6.015651702880859]","[-6.552518367767334, -5.834271430969238, -6.1189093589782715, -7.255086898803711, 31.776437759399414, -6.015651702880859]","[6.552518367767334, 5.834271430969238, 6.1189093589782715, 7.255086898803711, -31.776437759399414, 6.015651702880859]",-1,-1,False,"['A', 'E']","['B', 'E']"
5ab54b5c5542992aa134a298::working_set_pack_a,5ab54b5c5542992aa134a298,"['A', 'B', 'C', 'D', 'E', 'F']","[0, 1, 0, 0, 1, 0]","[4.541109561920166, 10.002947807312012, 4.542669773101807, -30.2474365234375, 6.639806747436523, 4.5209059715271]","[4.541109561920166, 10.002947807312012, 4.542669773101807, -30.2474365234375, 6.639806747436523, 4.5209059715271]","[4.541109561920166, 10.002947807312012, 4.542669773101807, -30.2474365234375, 6.639806747436523, 4.5209059715271]",1,1,True,"['B', 'E']","['B', 'E']"
5ab54b5c5542992aa134a298::active_set_pack_a,5ab54b5c5542992aa134a298,"['A', 'B', 'C', 'D', 'E', 'F']","[0, 1, 0, 0, 1, 0]","[2.494250535964966, 10.454703330993652, 2.636453628540039, -24.861326217651367, 6.897017478942871, 2.3788998126983643]","[2.494250535964966, 10.454703330993652, 2.636453628540039, -24.861326217651367, 6.897017478942871, 2.3788998126983643]","[2.494250535964966, 10.454703330993652, 2.636453628540039, -24.861326217651367, 6.897017478942871, 2.3788998126983643]",1,1,True,"['B', 'E']","['B', 'E']"
5ab54b5c5542992aa134a298::working_set_pack_b,5ab54b5c5542992aa134a298,"['A', 'B', 'C', 'D', 'E', 'F']","[0, 1, 0, 0, 1, 0]","[4.1777849197387695, 9.752753257751465, 4.18316125869751, -26.808940887451172, 4.653482913970947, 4.041757106781006]","[4.1777849197387695, 9.752753257751465, 4.18316125869751, -26.808940887451172, 4.653482913970947, 4.041757106781006]","[4.1777849197387695, 9.752753257751465, 4.18316125869751, -26.808940887451172, 4.653482913970947, 4.041757106781006]",1,1,True,"['B', 'E']","['B', 'E']"
5ab54b5c5542992aa134a298::active_set_pack_b,5ab54b5c5542992aa134a298,"['A', 'B', 'C', 'D', 'E', 'F']","[0, 1, 0, 0, 1, 0]","[-4.746232986450195, 29.679973602294922, -4.474592208862305, -10.085179328918457, -5.362688064575195, -5.011290550231934]","[-4.746232986450195, 29.679973602294922, -4.474592208862305, -10.085179328918457, -5.362688064575195, -5.011290550231934]","[4.746232986450195, -29.679973602294922, 4.474592208862305, 10.085179328918457, 5.362688064575195, 5.011290550231934]",-1,-1,True,"['B', 'E']","['B', 'E']"
5ac23b6f55429951e9e684b4::working_set_pack_a,5ac23b6f55429951e9e684b4,"['A', 'B', 'C', 'D', 'E', 'F']","[0, 1, 0, 0, 1, 0]","[-10.198875427246094, -9.902728080749512, -9.82929515838623, -10.111517906188965, 50.91077423095703, -10.868363380432129]","[-10.198875427246094, -9.902728080749512, -9.82929515838623, -10.111517906188965, 50.91077423095703, -10.868363380432129]","[10.198875427246094, 9.902728080749512, 9.82929515838623, 10.111517906188965, -50.91077423095703, 10.868363380432129]",-1,-1,False,"['A', 'E']","['B', 'E']"
5ac23b6f55429951e9e684b4::active_set_pack_a,5ac23b6f55429951e9e684b4,"['A', 'B', 'C', 'D', 'E', 'F']","[0, 1, 0, 0, 1, 0]","[-10.59695053100586, -10.255386352539062, -10.122904777526855, -10.456880569458008, 52.03722381591797, -10.605094909667969]","[-10.59695053100586, -10.255386352539062, -10.122904777526855, -10.456880569458008, 52.03722381591797, -10.605094909667969]","[10.59695053100586, 10.255386352539062, 10.122904777526855, 10.456880569458008, -52.03722381591797, 10.605094909667969]",-1,-1,False,"['A', 'E']","['B', 'E']"
5ac23b6f55429951e9e684b4::working_set_pack_b,5ac23b6f55429951e9e684b4,"['A', 'B', 'C', 'D', 'E', 'F']","[0, 1, 0, 0, 1, 0]","[-9.303333282470703, -9.067328453063965, -8.953298568725586, -9.256136894226074, 46.35860824584961, -9.778519630432129]","[-9.303333282470703, -9.067328453063965, -8.953298568725586, -9.256136894226074, 46.35860824584961, -9.778519630432129]","[9.303333282470703, 9.067328453063965, 8.953298568725586, 9.256136894226074, -46.35860824584961, 9.778519630432129]",-1,-1,False,"['E', 'F']","['B', 'E']"
5ac23b6f55429951e9e684b4::active_set_pack_b,5ac23b6f55429951e9e684b4,"['A', 'B', 'C', 'D', 'E', 'F']","[0, 1, 0, 0, 1, 0]","[-9.072433471679688, -8.712404251098633, -8.583199501037598, -8.93349552154541, 44.88126754760742, -9.579732894897461]","[-9.072433471679688, -8.712404251098633, -8.583199501037598, -8.93349552154541, 44.88126754760742, -9.579732894897461]","[9.072433471679688, 8.712404251098633, 8.583199501037598, 8.93349552154541, -44.88126754760742, 9.579732894897461]",-1,-1,False,"['E', 'F']","['B', 'E']"
5a7d231555429909bec76986::working_set_pack_a,5a7d231555429909bec76986,"['A', 'B', 'C', 'D', 'E', 'F']","[0, 1, 0, 0, 0, 1]","[4.87429141998291, 15.984856605529785, -35.795928955078125, 4.748842239379883, 4.815920829772949, 5.372023582458496]","[-4.87429141998291, -15.984856605529785, 35.795928955078125, -4.748842239379883, -4.815920829772949, -5.372023582458496]","[4.87429141998291, 15.984856605529785, -35.795928955078125, 4.748842239379883, 4.815920829772949, 5.372023582458496]",1,-1,False,"['B', 'C']","['B', 'F']"
5a7d231555429909bec76986::active_set_pack_a,5a7d231555429909bec76986,"['A', 'B', 'C', 'D', 'E', 'F']","[0, 1, 0, 0, 0, 1]","[1.7355539798736572, 22.09719467163086, -29.095876693725586, 1.5736547708511353, 1.5914784669876099, 2.0979950428009033]","[-1.7355539798736572, -22.09719467163086, 29.095876693725586, -1.5736547708511353, -1.5914784669876099, -2.0979950428009033]","[-1.7355539798736572, -22.09719467163086, 29.095876693725586, -1.5736547708511353, -1.5914784669876099, -2.0979950428009033]",-1,1,False,"['B', 'C']","['B', 'F']"
5a7d231555429909bec76986::working_set_pack_b,5a7d231555429909bec76986,"['A', 'B', 'C', 'D', 'E', 'F']","[0, 1, 0, 0, 0, 1]","[3.3116719722747803, 18.047889709472656, -31.76875877380371, 3.275301218032837, 3.2677724361419678, 3.8661160469055176]","[-3.3116719722747803, -18.047889709472656, 31.76875877380371, -3.275301218032837, -3.2677724361419678, -3.8661160469055176]","[-3.3116719722747803, -18.047889709472656, 31.76875877380371, -3.275301218032837, -3.2677724361419678, -3.8661160469055176]",-1,1,False,"['B', 'C']","['B', 'F']"
5a7d231555429909bec76986::active_set_pack_b,5a7d231555429909bec76986,"['A', 'B', 'C', 'D', 'E', 'F']","[0, 1, 0, 0, 0, 1]","[-0.4147229492664337, 27.244361877441406, -25.37512969970703, -0.6473025679588318, -0.7137109637260437, -0.09349582344293594]","[-0.4147229492664337, 27.244361877441406, -25.37512969970703, -0.6473025679588318, -0.7137109637260437, -0.09349582344293594]","[0.4147229492664337, -27.244361877441406, 25.37512969970703, 0.6473025679588318, 0.7137109637260437, 0.09349582344293594]",-1,-1,False,"['B', 'C']","['B', 'F']"
5a79cc3c5542994bb94570b6::working_set_pack_a,5a79cc3c5542994bb94570b6,"['A', 'B', 'C', 'D', 'E', 'F']","[0, 1, 0, 1, 0, 0]","[-4.916584491729736, -7.383627891540527, -4.806520938873291, 28.725542068481445, -6.343395709991455, -5.275418758392334]","[-4.916584491729736, -7.383627891540527, -4.806520938873291, 28.725542068481445, -6.343395709991455, -5.275418758392334]","[4.916584491729736, 7.383627891540527, 4.806520938873291, -28.725542068481445, 6.343395709991455, 5.275418758392334]",-1,-1,True,"['B', 'D']","['B', 'D']"
5a79cc3c5542994bb94570b6::active_set_pack_a,5a79cc3c5542994bb94570b6,"['A', 'B', 'C', 'D', 'E', 'F']","[0, 1, 0, 1, 0, 0]","[-5.04648494720459, -7.798820495605469, -4.921065330505371, 29.640432357788086, -6.617921829223633, -5.25614070892334]","[-5.04648494720459, -7.798820495605469, -4.921065330505371, 29.640432357788086, -6.617921829223633, -5.25614070892334]","[-5.04648494720459, -7.798820495605469, -4.921065330505371, 29.640432357788086, -6.617921829223633, -5.25614070892334]",1,1,True,"['B', 'D']","['B', 'D']"
5a79cc3c5542994bb94570b6::working_set_pack_b,5a79cc3c5542994bb94570b6,"['A', 'B', 'C', 'D', 'E', 'F']","[0, 1, 0, 1, 0, 0]","[-4.61221170425415, -6.299307346343994, -4.657402992248535, 26.372661590576172, -6.145383358001709, -4.658358573913574]","[-4.61221170425415, -6.299307346343994, -4.657402992248535, 26.372661590576172, -6.145383358001709, -4.658358573913574]","[4.61221170425415, 6.299307346343994, 4.657402992248535, -26.372661590576172, 6.145383358001709, 4.658358573913574]",-1,-1,False,"['D', 'F']","['B', 'D']"
5a79cc3c5542994bb94570b6::active_set_pack_b,5a79cc3c5542994bb94570b6,"['A', 'B', 'C', 'D', 'E', 'F']","[0, 1, 0, 1, 0, 0]","[-4.3614044189453125, -6.337398052215576, -4.090602397918701, 25.783458709716797, -6.553103446960449, -4.440956115722656]","[-4.3614044189453125, -6.337398052215576, -4.090602397918701, 25.783458709716797, -6.553103446960449, -4.440956115722656]","[4.3614044189453125, 6.337398052215576, 4.090602397918701, -25.783458709716797, 6.553103446960449, 4.440956115722656]",-1,-1,True,"['B', 'D']","['B', 'D']"
5a769ac95542993569682c4f::working_set_pack_a,5a769ac95542993569682c4f,"['A', 'B', 'C', 'D', 'E', 'F']","[1, 0, 1, 0, 0, 0]","[-7.686027526855469, -7.7851996421813965, 38.79864501953125, -7.57108736038208, -8.072672843933105, -7.6836628913879395]","[-7.686027526855469, -7.7851996421813965, 38.79864501953125, -7.57108736038208, -8.072672843933105, -7.6836628913879395]","[7.686027526855469, 7.7851996421813965, -38.79864501953125, 7.57108736038208, 8.072672843933105, 7.6836628913879395]",-1,-1,True,"['A', 'C']","['A', 'C']"
5a769ac95542993569682c4f::active_set_pack_a,5a769ac95542993569682c4f,"['A', 'B', 'C', 'D', 'E', 'F']","[1, 0, 1, 0, 0, 0]","[-8.386604309082031, -8.2618408203125, 41.314144134521484, -8.172405242919922, -8.187402725219727, -8.30588436126709]","[-8.386604309082031, -8.2618408203125, 41.314144134521484, -8.172405242919922, -8.187402725219727, -8.30588436126709]","[8.386604309082031, 8.2618408203125, -41.314144134521484, 8.172405242919922, 8.187402725219727, 8.30588436126709]",-1,-1,True,"['A', 'C']","['A', 'C']"
5a769ac95542993569682c4f::working_set_pack_b,5a769ac95542993569682c4f,"['A', 'B', 'C', 'D', 'E', 'F']","[1, 0, 1, 0, 0, 0]","[-8.854354858398438, -8.71976089477539, 42.67436599731445, -8.310821533203125, -8.529218673706055, -8.260220527648926]","[-8.854354858398438, -8.71976089477539, 42.67436599731445, -8.310821533203125, -8.529218673706055, -8.260220527648926]","[8.854354858398438, 8.71976089477539, -42.67436599731445, 8.310821533203125, 8.529218673706055, 8.260220527648926]",-1,-1,True,"['A', 'C']","['A', 'C']"
5a769ac95542993569682c4f::active_set_pack_b,5a769ac95542993569682c4f,"['A', 'B', 'C', 'D', 'E', 'F']","[1, 0, 1, 0, 0, 0]","[-9.842144012451172, -9.787243843078613, 48.28205108642578, -9.460125923156738, -9.830500602722168, -9.362030982971191]","[-9.842144012451172, -9.787243843078613, 48.28205108642578, -9.460125923156738, -9.830500602722168, -9.362030982971191]","[9.842144012451172, 9.787243843078613, -48.28205108642578, 9.460125923156738, 9.830500602722168, 9.362030982971191]",-1,-1,True,"['A', 'C']","['A', 'C']"
5adf01425542995ec70e8f53::working_set_pack_a,5adf01425542995ec70e8f53,"['A', 'B', 'C', 'D', 'E', 'F']","[0, 0, 0, 0, 1, 1]","[-9.460593223571777, -7.612288475036621, -9.38343334197998, -9.877507209777832, -8.559993743896484, 44.89380645751953]","[-9.460593223571777, -7.612288475036621, -9.38343334197998, -9.877507209777832, -8.559993743896484, 44.89380645751953]","[9.460593223571777, 7.612288475036621, 9.38343334197998, 9.877507209777832, 8.559993743896484, -44.89380645751953]",-1,-1,True,"['E', 'F']","['E', 'F']"
5adf01425542995ec70e8f53::active_set_pack_a,5adf01425542995ec70e8f53,"['A', 'B', 'C', 'D', 'E', 'F']","[0, 0, 0, 0, 1, 1]","[-6.8455681800842285, -6.173422336578369, -6.9142374992370605, -7.021002292633057, -6.3122334480285645, 33.2664680480957]","[-6.8455681800842285, -6.173422336578369, -6.9142374992370605, -7.021002292633057, -6.3122334480285645, 33.2664680480957]","[6.8455681800842285, 6.173422336578369, 6.9142374992370605, 7.021002292633057, 6.3122334480285645, -33.2664680480957]",-1,-1,True,"['E', 'F']","['E', 'F']"
5adf01425542995ec70e8f53::working_set_pack_b,5adf01425542995ec70e8f53,"['A', 'B', 'C', 'D', 'E', 'F']","[0, 0, 0, 0, 1, 1]","[-7.290612697601318, -7.320287704467773, -8.18378734588623, -8.157538414001465, -7.298432350158691, 38.25065994262695]","[-7.290612697601318, -7.320287704467773, -8.18378734588623, -8.157538414001465, -7.298432350158691, 38.25065994262695]","[7.290612697601318, 7.320287704467773, 8.18378734588623, 8.157538414001465, 7.298432350158691, -38.25065994262695]",-1,-1,True,"['E', 'F']","['E', 'F']"
5adf01425542995ec70e8f53::active_set_pack_b,5adf01425542995ec70e8f53,"['A', 'B', 'C', 'D', 'E', 'F']","[0, 0, 0, 0, 1, 1]","[-9.161212921142578, -7.933269023895264, -9.250049591064453, -9.098553657531738, -8.453588485717773, 43.89668655395508]","[-9.161212921142578, -7.933269023895264, -9.250049591064453, -9.098553657531738, -8.453588485717773, 43.89668655395508]","[9.161212921142578, 7.933269023895264, 9.250049591064453, 9.098553657531738, 8.453588485717773, -43.89668655395508]",-1,-1,True,"['E', 'F']","['E', 'F']"
5adc1b1a55429944faac2422::working_set_pack_a,5adc1b1a55429944faac2422,"['A', 'B', 'C', 'D', 'E', 'F']","[1, 0, 0, 0, 1, 0]","[6.453621864318848, 5.926300048828125, 6.417851448059082, 6.619257926940918, 5.6363701820373535, -31.05339813232422]","[-6.453621864318848, -5.926300048828125, -6.417851448059082, -6.619257926940918, -5.6363701820373535, 31.05339813232422]","[6.453621864318848, 5.926300048828125, 6.417851448059082, 6.619257926940918, 5.6363701820373535, -31.05339813232422]",1,-1,False,"['E', 'F']","['A', 'E']"
5adc1b1a55429944faac2422::active_set_pack_a,5adc1b1a55429944faac2422,"['A', 'B', 'C', 'D', 'E', 'F']","[1, 0, 0, 0, 1, 0]","[6.504551887512207, 5.970685005187988, 6.724956512451172, 6.555588245391846, 5.759030818939209, -31.51480484008789]","[-6.504551887512207, -5.970685005187988, -6.724956512451172, -6.555588245391846, -5.759030818939209, 31.51480484008789]","[6.504551887512207, 5.970685005187988, 6.724956512451172, 6.555588245391846, 5.759030818939209, -31.51480484008789]",1,-1,False,"['A', 'F']","['A', 'E']"
5adc1b1a55429944faac2422::working_set_pack_b,5adc1b1a55429944faac2422,"['A', 'B', 'C', 'D', 'E', 'F']","[1, 0, 0, 0, 1, 0]","[6.4556779861450195, 5.939808368682861, 6.714079856872559, 6.389466285705566, 5.683502674102783, -31.182537078857422]","[-6.4556779861450195, -5.939808368682861, -6.714079856872559, -6.389466285705566, -5.683502674102783, 31.182537078857422]","[6.4556779861450195, 5.939808368682861, 6.714079856872559, 6.389466285705566, 5.683502674102783, -31.182537078857422]",1,-1,False,"['A', 'F']","['A', 'E']"
5adc1b1a55429944faac2422::active_set_pack_b,5adc1b1a55429944faac2422,"['A', 'B', 'C', 'D', 'E', 'F']","[1, 0, 0, 0, 1, 0]","[6.836347579956055, 5.437848091125488, 6.113926887512207, 5.752566337585449, 5.440697193145752, -29.581388473510742]","[-6.836347579956055, -5.437848091125488, -6.113926887512207, -5.752566337585449, -5.440697193145752, 29.581388473510742]","[-6.836347579956055, -5.437848091125488, -6.113926887512207, -5.752566337585449, -5.440697193145752, 29.581388473510742]",-1,1,False,"['A', 'F']","['A', 'E']"
5add67b05542995b365fab2a::working_set_pack_a,5add67b05542995b365fab2a,"['A', 'B', 'C', 'D', 'E', 'F']","[1, 0, 0, 0, 1, 0]","[-5.244941711425781, -12.370850563049316, -5.38731050491333, -5.225419521331787, 33.70211410522461, -5.473588466644287]","[-5.244941711425781, -12.370850563049316, -5.38731050491333, -5.225419521331787, 33.70211410522461, -5.473588466644287]","[-5.244941711425781, -12.370850563049316, -5.38731050491333, -5.225419521331787, 33.70211410522461, -5.473588466644287]",1,1,False,"['B', 'E']","['A', 'E']"
5add67b05542995b365fab2a::active_set_pack_a,5add67b05542995b365fab2a,"['A', 'B', 'C', 'D', 'E', 'F']","[1, 0, 0, 0, 1, 0]","[-5.874489784240723, -10.34244441986084, -5.777554988861084, -5.944844722747803, 34.08329772949219, -6.143955230712891]","[-5.874489784240723, -10.34244441986084, -5.777554988861084, -5.944844722747803, 34.08329772949219, -6.143955230712891]","[5.874489784240723, 10.34244441986084, 5.777554988861084, 5.944844722747803, -34.08329772949219, 6.143955230712891]",-1,-1,False,"['B', 'E']","['A', 'E']"
5add67b05542995b365fab2a::working_set_pack_b,5add67b05542995b365fab2a,"['A', 'B', 'C', 'D', 'E', 'F']","[1, 0, 0, 0, 1, 0]","[-7.421270370483398, -9.456022262573242, -7.624520778656006, -7.809864521026611, 40.751991271972656, -8.440299034118652]","[-7.421270370483398, -9.456022262573242, -7.624520778656006, -7.809864521026611, 40.751991271972656, -8.440299034118652]","[-7.421270370483398, -9.456022262573242, -7.624520778656006, -7.809864521026611, 40.751991271972656, -8.440299034118652]",1,1,False,"['B', 'E']","['A', 'E']"
5add67b05542995b365fab2a::active_set_pack_b,5add67b05542995b365fab2a,"['A', 'B', 'C', 'D', 'E', 'F']","[1, 0, 0, 0, 1, 0]","[-8.604923248291016, -10.125998497009277, -8.553511619567871, -8.513895034790039, 45.247528076171875, -9.449201583862305]","[-8.604923248291016, -10.125998497009277, -8.553511619567871, -8.513895034790039, 45.247528076171875, -9.449201583862305]","[8.604923248291016, 10.125998497009277, 8.553511619567871, 8.513895034790039, -45.247528076171875, 9.449201583862305]",-1,-1,False,"['B', 'E']","['A', 'E']"
5ac25c9055429951e9e68580::working_set_pack_a,5ac25c9055429951e9e68580,"['A', 'B', 'C', 'D', 'E', 'F']","[0, 1, 0, 0, 0, 1]","[-2.7740471363067627, 24.17858123779297, -4.670307159423828, -3.558138608932495, -11.412485122680664, -1.7635947465896606]","[-2.7740471363067627, 24.17858123779297, -4.670307159423828, -3.558138608932495, -11.412485122680664, -1.7635947465896606]","[2.7740471363067627, -24.17858123779297, 4.670307159423828, 3.558138608932495, 11.412485122680664, 1.7635947465896606]",-1,-1,False,"['B', 'E']","['B', 'F']"
5ac25c9055429951e9e68580::active_set_pack_a,5ac25c9055429951e9e68580,"['A', 'B', 'C', 'D', 'E', 'F']","[0, 1, 0, 0, 0, 1]","[-1.7814832925796509, 22.552268981933594, -1.9015581607818604, -2.694352149963379, -14.314718246459961, -1.8601535558700562]","[-1.7814832925796509, 22.552268981933594, -1.9015581607818604, -2.694352149963379, -14.314718246459961, -1.8601535558700562]","[1.7814832925796509, -22.552268981933594, 1.9015581607818604, 2.694352149963379, 14.314718246459961, 1.8601535558700562]",-1,-1,False,"['B', 'E']","['B', 'F']"
5ac25c9055429951e9e68580::working_set_pack_b,5ac25c9055429951e9e68580,"['A', 'B', 'C', 'D', 'E', 'F']","[0, 1, 0, 0, 0, 1]","[-1.0329049825668335, 21.276466369628906, -1.403475046157837, -1.7543740272521973, -15.679397583007812, -1.4063143730163574]","[-1.0329049825668335, 21.276466369628906, -1.403475046157837, -1.7543740272521973, -15.679397583007812, -1.4063143730163574]","[1.0329049825668335, -21.276466369628906, 1.403475046157837, 1.7543740272521973, 15.679397583007812, 1.4063143730163574]",-1,-1,False,"['B', 'E']","['B', 'F']"
5ac25c9055429951e9e68580::active_set_pack_b,5ac25c9055429951e9e68580,"['A', 'B', 'C', 'D', 'E', 'F']","[0, 1, 0, 0, 0, 1]","[4.320695877075195, 12.832672119140625, 4.210667133331299, 4.1663031578063965, -29.728212356567383, 4.1978678703308105]","[-4.320695877075195, -12.832672119140625, -4.210667133331299, -4.1663031578063965, 29.728212356567383, -4.1978678703308105]","[-4.320695877075195, -12.832672119140625, -4.210667133331299, -4.1663031578063965, 29.728212356567383, -4.1978678703308105]",-1,1,False,"['B', 'E']","['B', 'F']"
5a8ef28c5542995b44241f0f::working_set_pack_a,5a8ef28c5542995b44241f0f,"['A', 'B', 'C', 'D', 'E', 'F']","[0, 1, 0, 1, 0, 0]","[-5.054408550262451, 18.857830047607422, -4.737098217010498, -2.6357262134552, -3.4422664642333984, -2.9883389472961426]","[-5.054408550262451, 18.857830047607422, -4.737098217010498, -2.6357262134552, -3.4422664642333984, -2.9883389472961426]","[5.054408550262451, -18.857830047607422, 4.737098217010498, 2.6357262134552, 3.4422664642333984, 2.9883389472961426]",-1,-1,False,"['A', 'B']","['B', 'D']"
5a8ef28c5542995b44241f0f::active_set_pack_a,5a8ef28c5542995b44241f0f,"['A', 'B', 'C', 'D', 'E', 'F']","[0, 1, 0, 1, 0, 0]","[-2.1411244869232178, 18.225461959838867, -11.323740005493164, -1.3666424751281738, -1.7939120531082153, -1.6000372171401978]","[-2.1411244869232178, 18.225461959838867, -11.323740005493164, -1.3666424751281738, -1.7939120531082153, -1.6000372171401978]","[2.1411244869232178, -18.225461959838867, 11.323740005493164, 1.3666424751281738, 1.7939120531082153, 1.6000372171401978]",-1,-1,False,"['A', 'B']","['B', 'D']"
5a8ef28c5542995b44241f0f::working_set_pack_b,5a8ef28c5542995b44241f0f,"['A', 'B', 'C', 'D', 'E', 'F']","[0, 1, 0, 1, 0, 0]","[1.27280592918396, 14.207432746887207, -17.452726364135742, 0.7233330011367798, 0.6486315727233887, 0.6005309820175171]","[1.27280592918396, 14.207432746887207, -17.452726364135742, 0.7233330011367798, 0.6486315727233887, 0.6005309820175171]","[-1.27280592918396, -14.207432746887207, 17.452726364135742, -0.7233330011367798, -0.6486315727233887, -0.6005309820175171]",-1,-1,False,"['A', 'B']","['B', 'D']"
5a8ef28c5542995b44241f0f::active_set_pack_b,5a8ef28c5542995b44241f0f,"['A', 'B', 'C', 'D', 'E', 'F']","[0, 1, 0, 1, 0, 0]","[-0.556944727897644, 16.99397850036621, -14.993379592895508, -0.3128487467765808, -0.6020770072937012, -0.5287361741065979]","[-0.556944727897644, 16.99397850036621, -14.993379592895508, -0.3128487467765808, -0.6020770072937012, -0.5287361741065979]","[0.556944727897644, -16.99397850036621, 14.993379592895508, 0.3128487467765808, 0.6020770072937012, 0.5287361741065979]",-1,-1,False,"['A', 'B']","['B', 'D']"
5ab808755542990e739ec7f2::working_set_pack_a,5ab808755542990e739ec7f2,"['A', 'B', 'C', 'D', 'E', 'F']","[0, 0, 0, 0, 1, 1]","[-7.197619915008545, -7.343179702758789, -7.42584753036499, -7.60463809967041, -5.635189533233643, 35.206478118896484]","[-7.197619915008545, -7.343179702758789, -7.42584753036499, -7.60463809967041, -5.635189533233643, 35.206478118896484]","[7.197619915008545, 7.343179702758789, 7.42584753036499, 7.60463809967041, 5.635189533233643, -35.206478118896484]",-1,-1,True,"['E', 'F']","['E', 'F']"
5ab808755542990e739ec7f2::active_set_pack_a,5ab808755542990e739ec7f2,"['A', 'B', 'C', 'D', 'E', 'F']","[0, 0, 0, 0, 1, 1]","[-7.901314735412598, -7.920645713806152, -7.911319255828857, -8.0952730178833, -6.912814617156982, 38.741363525390625]","[-7.901314735412598, -7.920645713806152, -7.911319255828857, -8.0952730178833, -6.912814617156982, 38.741363525390625]","[7.901314735412598, 7.920645713806152, 7.911319255828857, 8.0952730178833, 6.912814617156982, -38.741363525390625]",-1,-1,True,"['E', 'F']","['E', 'F']"
5ab808755542990e739ec7f2::working_set_pack_b,5ab808755542990e739ec7f2,"['A', 'B', 'C', 'D', 'E', 'F']","[0, 0, 0, 0, 1, 1]","[-7.603084564208984, -7.621665954589844, -6.783409595489502, -9.511415481567383, -7.010621070861816, 38.53020477294922]","[-7.603084564208984, -7.621665954589844, -6.783409595489502, -9.511415481567383, -7.010621070861816, 38.53020477294922]","[7.603084564208984, 7.621665954589844, 6.783409595489502, 9.511415481567383, 7.010621070861816, -38.53020477294922]",-1,-1,True,"['E', 'F']","['E', 'F']"
5ab808755542990e739ec7f2::active_set_pack_b,5ab808755542990e739ec7f2,"['A', 'B', 'C', 'D', 'E', 'F']","[0, 0, 0, 0, 1, 1]","[-6.635414123535156, -6.659035682678223, -6.747551441192627, -6.834005355834961, -7.363205909729004, 34.23920440673828]","[-6.635414123535156, -6.659035682678223, -6.747551441192627, -6.834005355834961, -7.363205909729004, 34.23920440673828]","[6.635414123535156, 6.659035682678223, 6.747551441192627, 6.834005355834961, 7.363205909729004, -34.23920440673828]",-1,-1,True,"['E', 'F']","['E', 'F']"
5a7d15e35542995ed0d165dd::working_set_pack_a,5a7d15e35542995ed0d165dd,"['A', 'B', 'C', 'D', 'E', 'F']","[0, 1, 0, 0, 0, 1]","[-7.085333824157715, -9.765532493591309, -7.241194725036621, -8.254877090454102, -6.722006797790527, 39.068946838378906]","[-7.085333824157715, -9.765532493591309, -7.241194725036621, -8.254877090454102, -6.722006797790527, 39.068946838378906]","[7.085333824157715, 9.765532493591309, 7.241194725036621, 8.254877090454102, 6.722006797790527, -39.068946838378906]",-1,-1,True,"['B', 'F']","['B', 'F']"
5a7d15e35542995ed0d165dd::active_set_pack_a,5a7d15e35542995ed0d165dd,"['A', 'B', 'C', 'D', 'E', 'F']","[0, 1, 0, 0, 0, 1]","[-9.426009178161621, -10.28102970123291, -9.647664070129395, -10.563069343566895, -8.552996635437012, 48.470760345458984]","[-9.426009178161621, -10.28102970123291, -9.647664070129395, -10.563069343566895, -8.552996635437012, 48.470760345458984]","[9.426009178161621, 10.28102970123291, 9.647664070129395, 10.563069343566895, 8.552996635437012, -48.470760345458984]",-1,-1,True,"['B', 'F']","['B', 'F']"
5a7d15e35542995ed0d165dd::working_set_pack_b,5a7d15e35542995ed0d165dd,"['A', 'B', 'C', 'D', 'E', 'F']","[0, 1, 0, 0, 0, 1]","[-9.461981773376465, -10.360812187194824, -9.638151168823242, -9.709192276000977, -9.704461097717285, 48.87459945678711]","[-9.461981773376465, -10.360812187194824, -9.638151168823242, -9.709192276000977, -9.704461097717285, 48.87459945678711]","[9.461981773376465, 10.360812187194824, 9.638151168823242, 9.709192276000977, 9.704461097717285, -48.87459945678711]",-1,-1,True,"['B', 'F']","['B', 'F']"
5a7d15e35542995ed0d165dd::active_set_pack_b,5a7d15e35542995ed0d165dd,"['A', 'B', 'C', 'D', 'E', 'F']","[0, 1, 0, 0, 0, 1]","[-8.270076751708984, -9.992681503295898, -8.637178421020508, -8.667440414428711, -8.563628196716309, 44.131011962890625]","[-8.270076751708984, -9.992681503295898, -8.637178421020508, -8.667440414428711, -8.563628196716309, 44.131011962890625]","[8.270076751708984, 9.992681503295898, 8.637178421020508, 8.667440414428711, 8.563628196716309, -44.131011962890625]",-1,-1,True,"['B', 'F']","['B', 'F']"
5ac5247c55429924173fb602::working_set_pack_a,5ac5247c55429924173fb602,"['A', 'B', 'C', 'D', 'E', 'F']","[1, 0, 0, 1, 0, 0]","[-14.601349830627441, -15.236948013305664, -14.232132911682129, 73.32708740234375, -14.845730781555176, -14.410940170288086]","[-14.601349830627441, -15.236948013305664, -14.232132911682129, 73.32708740234375, -14.845730781555176, -14.410940170288086]","[14.601349830627441, 15.236948013305664, 14.232132911682129, -73.32708740234375, 14.845730781555176, 14.410940170288086]",-1,-1,False,"['B', 'D']","['A', 'D']"
5ac5247c55429924173fb602::active_set_pack_a,5ac5247c55429924173fb602,"['A', 'B', 'C', 'D', 'E', 'F']","[1, 0, 0, 1, 0, 0]","[-15.334110260009766, -15.655424118041992, -14.992349624633789, 76.87748718261719, -15.71051025390625, -15.185072898864746]","[-15.334110260009766, -15.655424118041992, -14.992349624633789, 76.87748718261719, -15.71051025390625, -15.185072898864746]","[15.334110260009766, 15.655424118041992, 14.992349624633789, -76.87748718261719, 15.71051025390625, 15.185072898864746]",-1,-1,False,"['B', 'D']","['A', 'D']"
5ac5247c55429924173fb602::working_set_pack_b,5ac5247c55429924173fb602,"['A', 'B', 'C', 'D', 'E', 'F']","[1, 0, 0, 1, 0, 0]","[-14.520852088928223, -14.837137222290039, -14.152981758117676, 72.66195678710938, -14.77048110961914, -14.38046646118164]","[-14.520852088928223, -14.837137222290039, -14.152981758117676, 72.66195678710938, -14.77048110961914, -14.38046646118164]","[14.520852088928223, 14.837137222290039, 14.152981758117676, -72.66195678710938, 14.77048110961914, 14.38046646118164]",-1,-1,False,"['B', 'D']","['A', 'D']"
5ac5247c55429924173fb602::active_set_pack_b,5ac5247c55429924173fb602,"['A', 'B', 'C', 'D', 'E', 'F']","[1, 0, 0, 1, 0, 0]","[-13.943760871887207, -14.15234088897705, -13.330620765686035, 69.07520294189453, -13.96789836883545, -13.680570602416992]","[-13.943760871887207, -14.15234088897705, -13.330620765686035, 69.07520294189453, -13.96789836883545, -13.680570602416992]","[13.943760871887207, 14.15234088897705, 13.330620765686035, -69.07520294189453, 13.96789836883545, 13.680570602416992]",-1,-1,False,"['B', 'D']","['A', 'D']"
5a80b23a5542992bc0c4a7b2::working_set_pack_a,5a80b23a5542992bc0c4a7b2,"['A', 'B', 'C', 'D', 'E', 'F']","[0, 0, 1, 0, 0, 1]","[-3.607124090194702, -3.7713747024536133, -7.215173721313477, -3.867926597595215, -4.577159404754639, 23.03876495361328]","[-3.607124090194702, -3.7713747024536133, -7.215173721313477, -3.867926597595215, -4.577159404754639, 23.03876495361328]","[3.607124090194702, 3.7713747024536133, 7.215173721313477, 3.867926597595215, 4.577159404754639, -23.03876495361328]",-1,-1,True,"['C', 'F']","['C', 'F']"
5a80b23a5542992bc0c4a7b2::active_set_pack_a,5a80b23a5542992bc0c4a7b2,"['A', 'B', 'C', 'D', 'E', 'F']","[0, 0, 1, 0, 0, 1]","[-4.939725399017334, -5.321518898010254, -6.72886323928833, -5.365229606628418, -5.373544692993164, 27.728878021240234]","[-4.939725399017334, -5.321518898010254, -6.72886323928833, -5.365229606628418, -5.373544692993164, 27.728878021240234]","[4.939725399017334, 5.321518898010254, 6.72886323928833, 5.365229606628418, 5.373544692993164, -27.728878021240234]",-1,-1,True,"['C', 'F']","['C', 'F']"
5a80b23a5542992bc0c4a7b2::working_set_pack_b,5a80b23a5542992bc0c4a7b2,"['A', 'B', 'C', 'D', 'E', 'F']","[0, 0, 1, 0, 0, 1]","[-2.2436535358428955, -2.8565115928649902, -4.970625400543213, -2.5714714527130127, -2.4162487983703613, 15.058514595031738]","[-2.2436535358428955, -2.8565115928649902, -4.970625400543213, -2.5714714527130127, -2.4162487983703613, 15.058514595031738]","[2.2436535358428955, 2.8565115928649902, 4.970625400543213, 2.5714714527130127, 2.4162487983703613, -15.058514595031738]",-1,-1,True,"['C', 'F']","['C', 'F']"
5a80b23a5542992bc0c4a7b2::active_set_pack_b,5a80b23a5542992bc0c4a7b2,"['A', 'B', 'C', 'D', 'E', 'F']","[0, 0, 1, 0, 0, 1]","[-4.30497407913208, -4.564223289489746, -6.956804275512695, -4.766563892364502, -4.623830318450928, 25.216398239135742]","[-4.30497407913208, -4.564223289489746, -6.956804275512695, -4.766563892364502, -4.623830318450928, 25.216398239135742]","[4.30497407913208, 4.564223289489746, 6.956804275512695, 4.766563892364502, 4.623830318450928, -25.216398239135742]",-1,-1,True,"['C', 'F']","['C', 'F']"
5a8d209555429941ae14df84::working_set_pack_a,5a8d209555429941ae14df84,"['A', 'B', 'C', 'D', 'E', 'F']","[1, 0, 0, 1, 0, 0]","[28.42274284362793, -5.757527828216553, -5.746800422668457, -5.934689521789551, -5.0147905349731445, -5.968942642211914]","[28.42274284362793, -5.757527828216553, -5.746800422668457, -5.934689521789551, -5.0147905349731445, -5.968942642211914]","[28.42274284362793, -5.757527828216553, -5.746800422668457, -5.934689521789551, -5.0147905349731445, -5.968942642211914]",1,1,False,"['A', 'F']","['A', 'D']"
5a8d209555429941ae14df84::active_set_pack_a,5a8d209555429941ae14df84,"['A', 'B', 'C', 'D', 'E', 'F']","[1, 0, 0, 1, 0, 0]","[27.289209365844727, -5.574647903442383, -5.441315650939941, -5.853975772857666, -4.629377365112305, -5.789889335632324]","[27.289209365844727, -5.574647903442383, -5.441315650939941, -5.853975772857666, -4.629377365112305, -5.789889335632324]","[27.289209365844727, -5.574647903442383, -5.441315650939941, -5.853975772857666, -4.629377365112305, -5.789889335632324]",1,1,False,"['A', 'F']","['A', 'D']"
5a8d209555429941ae14df84::working_set_pack_b,5a8d209555429941ae14df84,"['A', 'B', 'C', 'D', 'E', 'F']","[1, 0, 0, 1, 0, 0]","[30.05083656311035, -5.924121856689453, -5.995210647583008, -6.219183921813965, -5.570150852203369, -6.3421630859375]","[30.05083656311035, -5.924121856689453, -5.995210647583008, -6.219183921813965, -5.570150852203369, -6.3421630859375]","[30.05083656311035, -5.924121856689453, -5.995210647583008, -6.219183921813965, -5.570150852203369, -6.3421630859375]",1,1,False,"['A', 'F']","['A', 'D']"
5a8d209555429941ae14df84::active_set_pack_b,5a8d209555429941ae14df84,"['A', 'B', 'C', 'D', 'E', 'F']","[1, 0, 0, 1, 0, 0]","[29.0325984954834, -5.5687150955200195, -5.779574871063232, -5.867389678955078, -5.6406779289245605, -6.176241874694824]","[29.0325984954834, -5.5687150955200195, -5.779574871063232, -5.867389678955078, -5.6406779289245605, -6.176241874694824]","[29.0325984954834, -5.5687150955200195, -5.779574871063232, -5.867389678955078, -5.6406779289245605, -6.176241874694824]",1,1,False,"['A', 'F']","['A', 'D']"
5adf698f5542993a75d264e2::working_set_pack_a,5adf698f5542993a75d264e2,"['A', 'B', 'C', 'D', 'E', 'F']","[0, 1, 0, 0, 1, 0]","[-9.247149467468262, -9.421496391296387, -9.472833633422852, -9.455975532531738, 47.13252639770508, -9.535077095031738]","[-9.247149467468262, -9.421496391296387, -9.472833633422852, -9.455975532531738, 47.13252639770508, -9.535077095031738]","[9.247149467468262, 9.421496391296387, 9.472833633422852, 9.455975532531738, -47.13252639770508, 9.535077095031738]",-1,-1,False,"['E', 'F']","['B', 'E']"
5adf698f5542993a75d264e2::active_set_pack_a,5adf698f5542993a75d264e2,"['A', 'B', 'C', 'D', 'E', 'F']","[0, 1, 0, 0, 1, 0]","[-9.621733665466309, -9.923295974731445, -9.776235580444336, -9.72714614868164, 48.7568473815918, -9.708428382873535]","[-9.621733665466309, -9.923295974731445, -9.776235580444336, -9.72714614868164, 48.7568473815918, -9.708428382873535]","[9.621733665466309, 9.923295974731445, 9.776235580444336, 9.72714614868164, -48.7568473815918, 9.708428382873535]",-1,-1,False,"['E', 'F']","['B', 'E']"
5adf698f5542993a75d264e2::working_set_pack_b,5adf698f5542993a75d264e2,"['A', 'B', 'C', 'D', 'E', 'F']","[0, 1, 0, 0, 1, 0]","[-7.680128574371338, -7.809998989105225, -7.9118733406066895, -7.714611053466797, 39.04063415527344, -7.924023151397705]","[-7.680128574371338, -7.809998989105225, -7.9118733406066895, -7.714611053466797, 39.04063415527344, -7.924023151397705]","[7.680128574371338, 7.809998989105225, 7.9118733406066895, 7.714611053466797, -39.04063415527344, 7.924023151397705]",-1,-1,False,"['E', 'F']","['B', 'E']"
5adf698f5542993a75d264e2::active_set_pack_b,5adf698f5542993a75d264e2,"['A', 'B', 'C', 'D', 'E', 'F']","[0, 1, 0, 0, 1, 0]","[-7.495639801025391, -7.606255531311035, -7.883103370666504, -7.808184623718262, 38.435062408447266, -7.641884803771973]","[-7.495639801025391, -7.606255531311035, -7.883103370666504, -7.808184623718262, 38.435062408447266, -7.641884803771973]","[7.495639801025391, 7.606255531311035, 7.883103370666504, 7.808184623718262, -38.435062408447266, 7.641884803771973]",-1,-1,False,"['E', 'F']","['B', 'E']"
5a8e506d5542990e94052ac8::working_set_pack_a,5a8e506d5542990e94052ac8,"['A', 'B', 'C', 'D', 'E', 'F']","[0, 1, 0, 1, 0, 0]","[-5.682766914367676, -9.004817962646484, -6.385218143463135, 31.382736206054688, -5.14959192276001, -5.1603312492370605]","[-5.682766914367676, -9.004817962646484, -6.385218143463135, 31.382736206054688, -5.14959192276001, -5.1603312492370605]","[5.682766914367676, 9.004817962646484, 6.385218143463135, -31.382736206054688, 5.14959192276001, 5.1603312492370605]",-1,-1,True,"['B', 'D']","['B', 'D']"
5a8e506d5542990e94052ac8::active_set_pack_a,5a8e506d5542990e94052ac8,"['A', 'B', 'C', 'D', 'E', 'F']","[0, 1, 0, 1, 0, 0]","[-4.0218987464904785, -12.11494255065918, -4.824051380157471, 29.910280227661133, -4.966459274291992, -3.9829211235046387]","[-4.0218987464904785, -12.11494255065918, -4.824051380157471, 29.910280227661133, -4.966459274291992, -3.9829211235046387]","[4.0218987464904785, 12.11494255065918, 4.824051380157471, -29.910280227661133, 4.966459274291992, 3.9829211235046387]",-1,-1,True,"['B', 'D']","['B', 'D']"
5a8e506d5542990e94052ac8::working_set_pack_b,5a8e506d5542990e94052ac8,"['A', 'B', 'C', 'D', 'E', 'F']","[0, 1, 0, 1, 0, 0]","[-3.9525890350341797, 27.75762939453125, -4.0637125968933105, -10.559029579162598, -4.862517833709717, -4.319782733917236]","[-3.9525890350341797, 27.75762939453125, -4.0637125968933105, -10.559029579162598, -4.862517833709717, -4.319782733917236]","[3.9525890350341797, -27.75762939453125, 4.0637125968933105, 10.559029579162598, 4.862517833709717, 4.319782733917236]",-1,-1,True,"['B', 'D']","['B', 'D']"
5a8e506d5542990e94052ac8::active_set_pack_b,5a8e506d5542990e94052ac8,"['A', 'B', 'C', 'D', 'E', 'F']","[0, 1, 0, 1, 0, 0]","[-2.6675140857696533, 27.771339416503906, -2.6994194984436035, -16.102005004882812, -3.3283448219299316, -2.9740524291992188]","[-2.6675140857696533, 27.771339416503906, -2.6994194984436035, -16.102005004882812, -3.3283448219299316, -2.9740524291992188]","[-2.6675140857696533, 27.771339416503906, -2.6994194984436035, -16.102005004882812, -3.3283448219299316, -2.9740524291992188]",1,1,True,"['B', 'D']","['B', 'D']"
5ac3983a554299657fa290f5::working_set_pack_a,5ac3983a554299657fa290f5,"['A', 'B', 'C', 'D', 'E', 'F']","[1, 0, 1, 0, 0, 0]","[-10.25669002532959, -8.398432731628418, 46.89861297607422, -9.429734230041504, -9.511876106262207, -9.3018798828125]","[-10.25669002532959, -8.398432731628418, 46.89861297607422, -9.429734230041504, -9.511876106262207, -9.3018798828125]","[-10.25669002532959, -8.398432731628418, 46.89861297607422, -9.429734230041504, -9.511876106262207, -9.3018798828125]",1,1,True,"['A', 'C']","['A', 'C']"
5ac3983a554299657fa290f5::active_set_pack_a,5ac3983a554299657fa290f5,"['A', 'B', 'C', 'D', 'E', 'F']","[1, 0, 1, 0, 0, 0]","[-10.902078628540039, -9.054746627807617, 50.372615814208984, -10.147602081298828, -10.299081802368164, -9.969099998474121]","[-10.902078628540039, -9.054746627807617, 50.372615814208984, -10.147602081298828, -10.299081802368164, -9.969099998474121]","[-10.902078628540039, -9.054746627807617, 50.372615814208984, -10.147602081298828, -10.299081802368164, -9.969099998474121]",1,1,True,"['A', 'C']","['A', 'C']"
5ac3983a554299657fa290f5::working_set_pack_b,5ac3983a554299657fa290f5,"['A', 'B', 'C', 'D', 'E', 'F']","[1, 0, 1, 0, 0, 0]","[-10.418354988098145, -8.849451065063477, 48.391170501708984, -9.664685249328613, -9.869734764099121, -9.588953971862793]","[-10.418354988098145, -8.849451065063477, 48.391170501708984, -9.664685249328613, -9.869734764099121, -9.588953971862793]","[-10.418354988098145, -8.849451065063477, 48.391170501708984, -9.664685249328613, -9.869734764099121, -9.588953971862793]",1,1,True,"['A', 'C']","['A', 'C']"
5ac3983a554299657fa290f5::active_set_pack_b,5ac3983a554299657fa290f5,"['A', 'B', 'C', 'D', 'E', 'F']","[1, 0, 1, 0, 0, 0]","[-12.252787590026855, -10.217642784118652, 56.84814453125, -11.451722145080566, -11.55869197845459, -11.367324829101562]","[-12.252787590026855, -10.217642784118652, 56.84814453125, -11.451722145080566, -11.55869197845459, -11.367324829101562]","[12.252787590026855, 10.217642784118652, -56.84814453125, 11.451722145080566, 11.55869197845459, 11.367324829101562]",-1,-1,True,"['A', 'C']","['A', 'C']"
5ac1bfd85542994ab5c67dfb::working_set_pack_a,5ac1bfd85542994ab5c67dfb,"['A', 'B', 'C', 'D', 'E', 'F']","[0, 1, 0, 1, 0, 0]","[-3.0455830097198486, -16.4863224029541, -3.116863250732422, 28.77426528930664, -3.0285794734954834, -3.096921920776367]","[-3.0455830097198486, -16.4863224029541, -3.116863250732422, 28.77426528930664, -3.0285794734954834, -3.096921920776367]","[-3.0455830097198486, -16.4863224029541, -3.116863250732422, 28.77426528930664, -3.0285794734954834, -3.096921920776367]",1,1,True,"['B', 'D']","['B', 'D']"
5ac1bfd85542994ab5c67dfb::active_set_pack_a,5ac1bfd85542994ab5c67dfb,"['A', 'B', 'C', 'D', 'E', 'F']","[0, 1, 0, 1, 0, 0]","[-7.3016815185546875, -8.801409721374512, -6.249003887176514, 34.246212005615234, -6.000813007354736, -5.893304824829102]","[-7.3016815185546875, -8.801409721374512, -6.249003887176514, 34.246212005615234, -6.000813007354736, -5.893304824829102]","[7.3016815185546875, 8.801409721374512, 6.249003887176514, -34.246212005615234, 6.000813007354736, 5.893304824829102]",-1,-1,True,"['B', 'D']","['B', 'D']"
5ac1bfd85542994ab5c67dfb::working_set_pack_b,5ac1bfd85542994ab5c67dfb,"['A', 'B', 'C', 'D', 'E', 'F']","[0, 1, 0, 1, 0, 0]","[-5.953953742980957, 33.33890914916992, -5.7532572746276855, -8.774471282958984, -6.540377616882324, -6.316830635070801]","[-5.953953742980957, 33.33890914916992, -5.7532572746276855, -8.774471282958984, -6.540377616882324, -6.316830635070801]","[5.953953742980957, -33.33890914916992, 5.7532572746276855, 8.774471282958984, 6.540377616882324, 6.316830635070801]",-1,-1,True,"['B', 'D']","['B', 'D']"
5ac1bfd85542994ab5c67dfb::active_set_pack_b,5ac1bfd85542994ab5c67dfb,"['A', 'B', 'C', 'D', 'E', 'F']","[0, 1, 0, 1, 0, 0]","[-3.019538402557373, 32.45209503173828, -3.185222864151001, -19.32175636291504, -3.531015634536743, -3.3945465087890625]","[-3.019538402557373, 32.45209503173828, -3.185222864151001, -19.32175636291504, -3.531015634536743, -3.3945465087890625]","[3.019538402557373, -32.45209503173828, 3.185222864151001, 19.32175636291504, 3.531015634536743, 3.3945465087890625]",-1,-1,True,"['B', 'D']","['B', 'D']"
5a77251055429966f1a36ca5::working_set_pack_a,5a77251055429966f1a36ca5,"['A', 'B', 'C', 'D', 'E', 'F']","[1, 0, 0, 0, 0, 1]","[-3.716031312942505, -3.622159719467163, -3.7567808628082275, -3.8309733867645264, -4.137294769287109, 19.063241958618164]","[-3.716031312942505, -3.622159719467163, -3.7567808628082275, -3.8309733867645264, -4.137294769287109, 19.063241958618164]","[3.716031312942505, 3.622159719467163, 3.7567808628082275, 3.8309733867645264, 4.137294769287109, -19.063241958618164]",-1,-1,True,"['A', 'F']","['A', 'F']"
5a77251055429966f1a36ca5::active_set_pack_a,5a77251055429966f1a36ca5,"['A', 'B', 'C', 'D', 'E', 'F']","[1, 0, 0, 0, 0, 1]","[-4.636448383331299, -4.582417964935303, -4.677493095397949, -4.850595951080322, -5.125936031341553, 23.872900009155273]","[-4.636448383331299, -4.582417964935303, -4.677493095397949, -4.850595951080322, -5.125936031341553, 23.872900009155273]","[4.636448383331299, 4.582417964935303, 4.677493095397949, 4.850595951080322, 5.125936031341553, -23.872900009155273]",-1,-1,True,"['A', 'F']","['A', 'F']"
5a77251055429966f1a36ca5::working_set_pack_b,5a77251055429966f1a36ca5,"['A', 'B', 'C', 'D', 'E', 'F']","[1, 0, 0, 0, 0, 1]","[-4.077126502990723, -3.9639265537261963, -4.012740612030029, -4.3055830001831055, -4.461826324462891, 20.82120704650879]","[-4.077126502990723, -3.9639265537261963, -4.012740612030029, -4.3055830001831055, -4.461826324462891, 20.82120704650879]","[4.077126502990723, 3.9639265537261963, 4.012740612030029, 4.3055830001831055, 4.461826324462891, -20.82120704650879]",-1,-1,True,"['A', 'F']","['A', 'F']"
5a77251055429966f1a36ca5::active_set_pack_b,5a77251055429966f1a36ca5,"['A', 'B', 'C', 'D', 'E', 'F']","[1, 0, 0, 0, 0, 1]","[-3.904816150665283, -3.7408981323242188, -3.8908257484436035, -3.8886728286743164, -4.2036542892456055, 19.62886619567871]","[-3.904816150665283, -3.7408981323242188, -3.8908257484436035, -3.8886728286743164, -4.2036542892456055, 19.62886619567871]","[3.904816150665283, 3.7408981323242188, 3.8908257484436035, 3.8886728286743164, 4.2036542892456055, -19.62886619567871]",-1,-1,True,"['A', 'F']","['A', 'F']"
5ac3bf5e5542995ef918c20f::working_set_pack_a,5ac3bf5e5542995ef918c20f,"['A', 'B', 'C', 'D', 'E', 'F']","[0, 0, 1, 0, 1, 0]","[0.21033646166324615, -1.8123317956924438, -22.521060943603516, -0.5386108160018921, 24.023447036743164, 0.638231098651886]","[0.21033646166324615, -1.8123317956924438, -22.521060943603516, -0.5386108160018921, 24.023447036743164, 0.638231098651886]","[-0.21033646166324615, 1.8123317956924438, 22.521060943603516, 0.5386108160018921, -24.023447036743164, -0.638231098651886]",-1,-1,True,"['C', 'E']","['C', 'E']"
5ac3bf5e5542995ef918c20f::active_set_pack_a,5ac3bf5e5542995ef918c20f,"['A', 'B', 'C', 'D', 'E', 'F']","[0, 0, 1, 0, 1, 0]","[-1.5028096437454224, 0.6847668290138245, 26.75806427001953, -0.9933809041976929, -23.00717544555664, -1.9394639730453491]","[-1.5028096437454224, 0.6847668290138245, 26.75806427001953, -0.9933809041976929, -23.00717544555664, -1.9394639730453491]","[-1.5028096437454224, 0.6847668290138245, 26.75806427001953, -0.9933809041976929, -23.00717544555664, -1.9394639730453491]",1,1,True,"['C', 'E']","['C', 'E']"
5ac3bf5e5542995ef918c20f::working_set_pack_b,5ac3bf5e5542995ef918c20f,"['A', 'B', 'C', 'D', 'E', 'F']","[0, 0, 1, 0, 1, 0]","[-6.252086162567139, -8.51438045501709, -8.887578010559082, -7.431032180786133, 36.549110412597656, -5.464049339294434]","[-6.252086162567139, -8.51438045501709, -8.887578010559082, -7.431032180786133, 36.549110412597656, -5.464049339294434]","[6.252086162567139, 8.51438045501709, 8.887578010559082, 7.431032180786133, -36.549110412597656, 5.464049339294434]",-1,-1,True,"['C', 'E']","['C', 'E']"
5ac3bf5e5542995ef918c20f::active_set_pack_b,5ac3bf5e5542995ef918c20f,"['A', 'B', 'C', 'D', 'E', 'F']","[0, 0, 1, 0, 1, 0]","[-4.916254997253418, -7.331389904022217, -9.675566673278809, -6.767055988311768, 33.814205169677734, -5.123926639556885]","[-4.916254997253418, -7.331389904022217, -9.675566673278809, -6.767055988311768, 33.814205169677734, -5.123926639556885]","[4.916254997253418, 7.331389904022217, 9.675566673278809, 6.767055988311768, -33.814205169677734, 5.123926639556885]",-1,-1,True,"['C', 'E']","['C', 'E']"
5a81fab9554299676cceb1b1::working_set_pack_a,5a81fab9554299676cceb1b1,"['A', 'B', 'C', 'D', 'E', 'F']","[1, 0, 0, 0, 0, 1]","[-9.734346389770508, -11.996551513671875, -9.592211723327637, -9.682085037231445, -9.854700088500977, 50.85988998413086]","[-9.734346389770508, -11.996551513671875, -9.592211723327637, -9.682085037231445, -9.854700088500977, 50.85988998413086]","[9.734346389770508, 11.996551513671875, 9.592211723327637, 9.682085037231445, 9.854700088500977, -50.85988998413086]",-1,-1,False,"['D', 'F']","['A', 'F']"
5a81fab9554299676cceb1b1::active_set_pack_a,5a81fab9554299676cceb1b1,"['A', 'B', 'C', 'D', 'E', 'F']","[1, 0, 0, 0, 0, 1]","[-10.875149726867676, -12.578234672546387, -10.931159019470215, -10.271921157836914, -11.301342010498047, 55.957801818847656]","[-10.875149726867676, -12.578234672546387, -10.931159019470215, -10.271921157836914, -11.301342010498047, 55.957801818847656]","[10.875149726867676, 12.578234672546387, 10.931159019470215, 10.271921157836914, 11.301342010498047, -55.957801818847656]",-1,-1,False,"['D', 'F']","['A', 'F']"
5a81fab9554299676cceb1b1::working_set_pack_b,5a81fab9554299676cceb1b1,"['A', 'B', 'C', 'D', 'E', 'F']","[1, 0, 0, 0, 0, 1]","[-6.739801406860352, -8.313173294067383, -6.723473072052002, -6.11138916015625, -6.947224140167236, 34.83506393432617]","[-6.739801406860352, -8.313173294067383, -6.723473072052002, -6.11138916015625, -6.947224140167236, 34.83506393432617]","[6.739801406860352, 8.313173294067383, 6.723473072052002, 6.11138916015625, 6.947224140167236, -34.83506393432617]",-1,-1,False,"['D', 'F']","['A', 'F']"
5a81fab9554299676cceb1b1::active_set_pack_b,5a81fab9554299676cceb1b1,"['A', 'B', 'C', 'D', 'E', 'F']","[1, 0, 0, 0, 0, 1]","[-8.111167907714844, -9.765742301940918, -8.130688667297363, -7.559994220733643, -8.325024604797363, 41.892616271972656]","[-8.111167907714844, -9.765742301940918, -8.130688667297363, -7.559994220733643, -8.325024604797363, 41.892616271972656]","[8.111167907714844, 9.765742301940918, 8.130688667297363, 7.559994220733643, 8.325024604797363, -41.892616271972656]",-1,-1,False,"['D', 'F']","['A', 'F']"
5ac141dd5542991316484a9b::working_set_pack_a,5ac141dd5542991316484a9b,"['A', 'B', 'C', 'D', 'E', 'F']","[0, 0, 0, 1, 0, 1]","[-8.208396911621094, -8.391895294189453, -8.374955177307129, -9.62971305847168, -6.375119686126709, 40.980079650878906]","[-8.208396911621094, -8.391895294189453, -8.374955177307129, -9.62971305847168, -6.375119686126709, 40.980079650878906]","[8.208396911621094, 8.391895294189453, 8.374955177307129, 9.62971305847168, 6.375119686126709, -40.980079650878906]",-1,-1,True,"['D', 'F']","['D', 'F']"
5ac141dd5542991316484a9b::active_set_pack_a,5ac141dd5542991316484a9b,"['A', 'B', 'C', 'D', 'E', 'F']","[0, 0, 0, 1, 0, 1]","[-8.072266578674316, -8.180099487304688, -8.180028915405273, -9.40932559967041, -6.6633501052856445, 40.50506591796875]","[-8.072266578674316, -8.180099487304688, -8.180028915405273, -9.40932559967041, -6.6633501052856445, 40.50506591796875]","[8.072266578674316, 8.180099487304688, 8.180028915405273, 9.40932559967041, 6.6633501052856445, -40.50506591796875]",-1,-1,True,"['D', 'F']","['D', 'F']"
5ac141dd5542991316484a9b::working_set_pack_b,5ac141dd5542991316484a9b,"['A', 'B', 'C', 'D', 'E', 'F']","[0, 0, 0, 1, 0, 1]","[-5.682171821594238, -5.974401473999023, -6.016366958618164, -9.879180908203125, -4.023531436920166, 31.57565689086914]","[-5.682171821594238, -5.974401473999023, -6.016366958618164, -9.879180908203125, -4.023531436920166, 31.57565689086914]","[5.682171821594238, 5.974401473999023, 6.016366958618164, 9.879180908203125, 4.023531436920166, -31.57565689086914]",-1,-1,True,"['D', 'F']","['D', 'F']"
5ac141dd5542991316484a9b::active_set_pack_b,5ac141dd5542991316484a9b,"['A', 'B', 'C', 'D', 'E', 'F']","[0, 0, 0, 1, 0, 1]","[-5.338691234588623, -5.622594833374023, -5.634407043457031, -10.888338088989258, -4.254814147949219, 31.73883819580078]","[-5.338691234588623, -5.622594833374023, -5.634407043457031, -10.888338088989258, -4.254814147949219, 31.73883819580078]","[5.338691234588623, 5.622594833374023, 5.634407043457031, 10.888338088989258, 4.254814147949219, -31.73883819580078]",-1,-1,True,"['D', 'F']","['D', 'F']"
5ab6ef2f554299710c8d1fc5::working_set_pack_a,5ab6ef2f554299710c8d1fc5,"['A', 'B', 'C', 'D', 'E', 'F']","[0, 0, 0, 1, 0, 1]","[-8.768879890441895, -8.863275527954102, -8.501358032226562, 44.623199462890625, -8.936410903930664, -9.55327320098877]","[-8.768879890441895, -8.863275527954102, -8.501358032226562, 44.623199462890625, -8.936410903930664, -9.55327320098877]","[8.768879890441895, 8.863275527954102, 8.501358032226562, -44.623199462890625, 8.936410903930664, 9.55327320098877]",-1,-1,True,"['D', 'F']","['D', 'F']"
5ab6ef2f554299710c8d1fc5::active_set_pack_a,5ab6ef2f554299710c8d1fc5,"['A', 'B', 'C', 'D', 'E', 'F']","[0, 0, 0, 1, 0, 1]","[-10.366580963134766, -10.578335762023926, -10.188648223876953, 52.3934440612793, -10.6981840133667, -10.561702728271484]","[-10.366580963134766, -10.578335762023926, -10.188648223876953, 52.3934440612793, -10.6981840133667, -10.561702728271484]","[10.366580963134766, 10.578335762023926, 10.188648223876953, -52.3934440612793, 10.6981840133667, 10.561702728271484]",-1,-1,True,"['D', 'F']","['D', 'F']"
5ab6ef2f554299710c8d1fc5::working_set_pack_b,5ab6ef2f554299710c8d1fc5,"['A', 'B', 'C', 'D', 'E', 'F']","[0, 0, 0, 1, 0, 1]","[-10.911602020263672, -11.085860252380371, -10.689160346984863, 54.460731506347656, -10.908897399902344, -10.865215301513672]","[-10.911602020263672, -11.085860252380371, -10.689160346984863, 54.460731506347656, -10.908897399902344, -10.865215301513672]","[10.911602020263672, 11.085860252380371, 10.689160346984863, -54.460731506347656, 10.908897399902344, 10.865215301513672]",-1,-1,True,"['D', 'F']","['D', 'F']"
5ab6ef2f554299710c8d1fc5::active_set_pack_b,5ab6ef2f554299710c8d1fc5,"['A', 'B', 'C', 'D', 'E', 'F']","[0, 0, 0, 1, 0, 1]","[-10.160921096801758, -10.340174674987793, -9.896550178527832, 51.669715881347656, -10.22580337524414, -11.046265602111816]","[-10.160921096801758, -10.340174674987793, -9.896550178527832, 51.669715881347656, -10.22580337524414, -11.046265602111816]","[10.160921096801758, 10.340174674987793, 9.896550178527832, -51.669715881347656, 10.22580337524414, 11.046265602111816]",-1,-1,True,"['D', 'F']","['D', 'F']"
5ae546be5542990ba0bbb251::working_set_pack_a,5ae546be5542990ba0bbb251,"['A', 'B', 'C', 'D', 'E', 'F']","[0, 1, 0, 0, 0, 1]","[-9.224894523620605, -9.351797103881836, -9.684635162353516, -9.42046070098877, -9.171144485473633, 46.85293960571289]","[-9.224894523620605, -9.351797103881836, -9.684635162353516, -9.42046070098877, -9.171144485473633, 46.85293960571289]","[9.224894523620605, 9.351797103881836, 9.684635162353516, 9.42046070098877, 9.171144485473633, -46.85293960571289]",-1,-1,False,"['A', 'F']","['B', 'F']"
5ae546be5542990ba0bbb251::active_set_pack_a,5ae546be5542990ba0bbb251,"['A', 'B', 'C', 'D', 'E', 'F']","[0, 1, 0, 0, 0, 1]","[-8.482488632202148, -8.682574272155762, -9.001285552978516, -8.746604919433594, -8.496869087219238, 43.40983200073242]","[-8.482488632202148, -8.682574272155762, -9.001285552978516, -8.746604919433594, -8.496869087219238, 43.40983200073242]","[8.482488632202148, 8.682574272155762, 9.001285552978516, 8.746604919433594, 8.496869087219238, -43.40983200073242]",-1,-1,False,"['A', 'F']","['B', 'F']"
5ae546be5542990ba0bbb251::working_set_pack_b,5ae546be5542990ba0bbb251,"['A', 'B', 'C', 'D', 'E', 'F']","[0, 1, 0, 0, 0, 1]","[-8.896782875061035, -9.154640197753906, -9.522356033325195, -9.21550178527832, -8.944164276123047, 45.73345947265625]","[-8.896782875061035, -9.154640197753906, -9.522356033325195, -9.21550178527832, -8.944164276123047, 45.73345947265625]","[8.896782875061035, 9.154640197753906, 9.522356033325195, 9.21550178527832, 8.944164276123047, -45.73345947265625]",-1,-1,False,"['A', 'F']","['B', 'F']"
5ae546be5542990ba0bbb251::active_set_pack_b,5ae546be5542990ba0bbb251,"['A', 'B', 'C', 'D', 'E', 'F']","[0, 1, 0, 0, 0, 1]","[-8.618565559387207, -8.849053382873535, -9.244338989257812, -8.912688255310059, -8.498371124267578, 44.12301254272461]","[-8.618565559387207, -8.849053382873535, -9.244338989257812, -8.912688255310059, -8.498371124267578, 44.12301254272461]","[8.618565559387207, 8.849053382873535, 9.244338989257812, 8.912688255310059, 8.498371124267578, -44.12301254272461]",-1,-1,False,"['A', 'F']","['B', 'F']"
5a73f2265542993a88ae2ea9::working_set_pack_a,5a73f2265542993a88ae2ea9,"['A', 'B', 'C', 'D', 'E', 'F']","[0, 0, 0, 1, 1, 0]","[-7.83794641494751, -8.172402381896973, -7.742861747741699, -7.734565258026123, 40.05633544921875, -8.568565368652344]","[-7.83794641494751, -8.172402381896973, -7.742861747741699, -7.734565258026123, 40.05633544921875, -8.568565368652344]","[7.83794641494751, 8.172402381896973, 7.742861747741699, 7.734565258026123, -40.05633544921875, 8.568565368652344]",-1,-1,False,"['C', 'E']","['D', 'E']"
5a73f2265542993a88ae2ea9::active_set_pack_a,5a73f2265542993a88ae2ea9,"['A', 'B', 'C', 'D', 'E', 'F']","[0, 0, 0, 1, 1, 0]","[-8.109354019165039, -8.402979850769043, -7.995273113250732, -7.985642910003662, 41.62240982055664, -9.12916088104248]","[-8.109354019165039, -8.402979850769043, -7.995273113250732, -7.985642910003662, 41.62240982055664, -9.12916088104248]","[8.109354019165039, 8.402979850769043, 7.995273113250732, 7.985642910003662, -41.62240982055664, 9.12916088104248]",-1,-1,True,"['D', 'E']","['D', 'E']"
5a73f2265542993a88ae2ea9::working_set_pack_b,5a73f2265542993a88ae2ea9,"['A', 'B', 'C', 'D', 'E', 'F']","[0, 0, 0, 1, 1, 0]","[-7.995031833648682, -8.379144668579102, -7.841968059539795, -7.810161113739014, 40.517250061035156, -8.49094295501709]","[-7.995031833648682, -8.379144668579102, -7.841968059539795, -7.810161113739014, 40.517250061035156, -8.49094295501709]","[7.995031833648682, 8.379144668579102, 7.841968059539795, 7.810161113739014, -40.517250061035156, 8.49094295501709]",-1,-1,True,"['D', 'E']","['D', 'E']"
5a73f2265542993a88ae2ea9::active_set_pack_b,5a73f2265542993a88ae2ea9,"['A', 'B', 'C', 'D', 'E', 'F']","[0, 0, 0, 1, 1, 0]","[-8.84483814239502, -9.256417274475098, -9.278133392333984, -8.557658195495605, 44.81695556640625, -8.879914283752441]","[-8.84483814239502, -9.256417274475098, -9.278133392333984, -8.557658195495605, 44.81695556640625, -8.879914283752441]","[8.84483814239502, 9.256417274475098, 9.278133392333984, 8.557658195495605, -44.81695556640625, 8.879914283752441]",-1,-1,False,"['C', 'E']","['D', 'E']"
5a7cbd7c554299452d57b9e6::working_set_pack_a,5a7cbd7c554299452d57b9e6,"['A', 'B', 'C', 'D', 'E', 'F']","[0, 0, 0, 1, 0, 1]","[-6.646481513977051, -6.450201034545898, -5.432612895965576, -5.799939155578613, -6.544125556945801, 30.873355865478516]","[-6.646481513977051, -6.450201034545898, -5.432612895965576, -5.799939155578613, -6.544125556945801, 30.873355865478516]","[6.646481513977051, 6.450201034545898, 5.432612895965576, 5.799939155578613, 6.544125556945801, -30.873355865478516]",-1,-1,True,"['D', 'F']","['D', 'F']"
5a7cbd7c554299452d57b9e6::active_set_pack_a,5a7cbd7c554299452d57b9e6,"['A', 'B', 'C', 'D', 'E', 'F']","[0, 0, 0, 1, 0, 1]","[-6.2059807777404785, -5.787961006164551, -5.184748649597168, -5.427333831787109, -6.115499973297119, 28.72152328491211]","[-6.2059807777404785, -5.787961006164551, -5.184748649597168, -5.427333831787109, -6.115499973297119, 28.72152328491211]","[6.2059807777404785, 5.787961006164551, 5.184748649597168, 5.427333831787109, 6.115499973297119, -28.72152328491211]",-1,-1,True,"['D', 'F']","['D', 'F']"
5a7cbd7c554299452d57b9e6::working_set_pack_b,5a7cbd7c554299452d57b9e6,"['A', 'B', 'C', 'D', 'E', 'F']","[0, 0, 0, 1, 0, 1]","[-6.696074485778809, -6.289523124694824, -5.751275539398193, -5.275907039642334, -3.6857845783233643, 27.698558807373047]","[-6.696074485778809, -6.289523124694824, -5.751275539398193, -5.275907039642334, -3.6857845783233643, 27.698558807373047]","[6.696074485778809, 6.289523124694824, 5.751275539398193, 5.275907039642334, 3.6857845783233643, -27.698558807373047]",-1,-1,True,"['D', 'F']","['D', 'F']"
5a7cbd7c554299452d57b9e6::active_set_pack_b,5a7cbd7c554299452d57b9e6,"['A', 'B', 'C', 'D', 'E', 'F']","[0, 0, 0, 1, 0, 1]","[-4.876189231872559, -4.3121819496154785, -4.394164085388184, -4.957830905914307, -5.124257564544678, 23.664634704589844]","[-4.876189231872559, -4.3121819496154785, -4.394164085388184, -4.957830905914307, -5.124257564544678, 23.664634704589844]","[4.876189231872559, 4.3121819496154785, 4.394164085388184, 4.957830905914307, 5.124257564544678, -23.664634704589844]",-1,-1,True,"['D', 'F']","['D', 'F']"
5adf9e7e5542992d7e9f93be::working_set_pack_a,5adf9e7e5542992d7e9f93be,"['A', 'B', 'C', 'D', 'E', 'F']","[0, 1, 1, 0, 0, 0]","[-9.55856704711914, -9.84636402130127, 48.33351135253906, -9.439335823059082, -9.859575271606445, -9.629668235778809]","[-9.55856704711914, -9.84636402130127, 48.33351135253906, -9.439335823059082, -9.859575271606445, -9.629668235778809]","[9.55856704711914, 9.84636402130127, -48.33351135253906, 9.439335823059082, 9.859575271606445, 9.629668235778809]",-1,-1,True,"['B', 'C']","['B', 'C']"
5adf9e7e5542992d7e9f93be::active_set_pack_a,5adf9e7e5542992d7e9f93be,"['A', 'B', 'C', 'D', 'E', 'F']","[0, 1, 1, 0, 0, 0]","[-10.770151138305664, -11.107562065124512, 54.39741134643555, -10.660746574401855, -10.930872917175293, -10.928078651428223]","[-10.770151138305664, -11.107562065124512, 54.39741134643555, -10.660746574401855, -10.930872917175293, -10.928078651428223]","[10.770151138305664, 11.107562065124512, -54.39741134643555, 10.660746574401855, 10.930872917175293, 10.928078651428223]",-1,-1,True,"['B', 'C']","['B', 'C']"
5adf9e7e5542992d7e9f93be::working_set_pack_b,5adf9e7e5542992d7e9f93be,"['A', 'B', 'C', 'D', 'E', 'F']","[0, 1, 1, 0, 0, 0]","[-11.080755233764648, -11.159333229064941, 55.47752380371094, -10.964774131774902, -11.239579200744629, -11.033082962036133]","[-11.080755233764648, -11.159333229064941, 55.47752380371094, -10.964774131774902, -11.239579200744629, -11.033082962036133]","[11.080755233764648, 11.159333229064941, -55.47752380371094, 10.964774131774902, 11.239579200744629, 11.033082962036133]",-1,-1,True,"['B', 'C']","['B', 'C']"
5adf9e7e5542992d7e9f93be::active_set_pack_b,5adf9e7e5542992d7e9f93be,"['A', 'B', 'C', 'D', 'E', 'F']","[0, 1, 1, 0, 0, 0]","[-10.198211669921875, -11.029634475708008, 51.532291412353516, -10.130935668945312, -10.18169116973877, -9.99181079864502]","[-10.198211669921875, -11.029634475708008, 51.532291412353516, -10.130935668945312, -10.18169116973877, -9.99181079864502]","[-10.198211669921875, -11.029634475708008, 51.532291412353516, -10.130935668945312, -10.18169116973877, -9.99181079864502]",1,1,True,"['B', 'C']","['B', 'C']"
5a7b970c554299294a54aa0b::working_set_pack_a,5a7b970c554299294a54aa0b,"['A', 'B', 'C', 'D', 'E', 'F']","[0, 1, 1, 0, 0, 0]","[-4.07099723815918, 25.60338592529297, -7.53049373626709, -4.397284984588623, -4.6614179611206055, -4.943196773529053]","[-4.07099723815918, 25.60338592529297, -7.53049373626709, -4.397284984588623, -4.6614179611206055, -4.943196773529053]","[-4.07099723815918, 25.60338592529297, -7.53049373626709, -4.397284984588623, -4.6614179611206055, -4.943196773529053]",1,1,True,"['B', 'C']","['B', 'C']"
5a7b970c554299294a54aa0b::active_set_pack_a,5a7b970c554299294a54aa0b,"['A', 'B', 'C', 'D', 'E', 'F']","[0, 1, 1, 0, 0, 0]","[-3.6241793632507324, 25.045991897583008, -7.731480121612549, -4.348171710968018, -4.707932472229004, -4.634235382080078]","[-3.6241793632507324, 25.045991897583008, -7.731480121612549, -4.348171710968018, -4.707932472229004, -4.634235382080078]","[3.6241793632507324, -25.045991897583008, 7.731480121612549, 4.348171710968018, 4.707932472229004, 4.634235382080078]",-1,-1,True,"['B', 'C']","['B', 'C']"
5a7b970c554299294a54aa0b::working_set_pack_b,5a7b970c554299294a54aa0b,"['A', 'B', 'C', 'D', 'E', 'F']","[0, 1, 1, 0, 0, 0]","[-0.5729665756225586, -21.606212615966797, 23.42726707458496, -0.48101508617401123, -0.06414864957332611, -0.7029218673706055]","[-0.5729665756225586, -21.606212615966797, 23.42726707458496, -0.48101508617401123, -0.06414864957332611, -0.7029218673706055]","[-0.5729665756225586, -21.606212615966797, 23.42726707458496, -0.48101508617401123, -0.06414864957332611, -0.7029218673706055]",1,1,True,"['B', 'C']","['B', 'C']"
5a7b970c554299294a54aa0b::active_set_pack_b,5a7b970c554299294a54aa0b,"['A', 'B', 'C', 'D', 'E', 'F']","[0, 1, 1, 0, 0, 0]","[-4.090767860412598, 34.591670989990234, -16.330047607421875, -4.5542449951171875, -4.765050888061523, -4.851551532745361]","[-4.090767860412598, 34.591670989990234, -16.330047607421875, -4.5542449951171875, -4.765050888061523, -4.851551532745361]","[4.090767860412598, -34.591670989990234, 16.330047607421875, 4.5542449951171875, 4.765050888061523, 4.851551532745361]",-1,-1,True,"['B', 'C']","['B', 'C']"
5ab8f24f55429934fafe6e20::working_set_pack_a,5ab8f24f55429934fafe6e20,"['A', 'B', 'C', 'D', 'E', 'F']","[1, 0, 0, 1, 0, 0]","[35.888614654541016, -7.640564918518066, -6.367331504821777, -6.836940288543701, -8.11540699005127, -6.928375720977783]","[35.888614654541016, -7.640564918518066, -6.367331504821777, -6.836940288543701, -8.11540699005127, -6.928375720977783]","[-35.888614654541016, 7.640564918518066, 6.367331504821777, 6.836940288543701, 8.11540699005127, 6.928375720977783]",-1,-1,False,"['A', 'E']","['A', 'D']"
5ab8f24f55429934fafe6e20::active_set_pack_a,5ab8f24f55429934fafe6e20,"['A', 'B', 'C', 'D', 'E', 'F']","[1, 0, 0, 1, 0, 0]","[28.208141326904297, -2.8595404624938965, -2.228536605834961, -2.5700063705444336, -18.120561599731445, -2.429495096206665]","[28.208141326904297, -2.8595404624938965, -2.228536605834961, -2.5700063705444336, -18.120561599731445, -2.429495096206665]","[28.208141326904297, -2.8595404624938965, -2.228536605834961, -2.5700063705444336, -18.120561599731445, -2.429495096206665]",1,1,False,"['A', 'E']","['A', 'D']"
5ab8f24f55429934fafe6e20::working_set_pack_b,5ab8f24f55429934fafe6e20,"['A', 'B', 'C', 'D', 'E', 'F']","[1, 0, 0, 1, 0, 0]","[38.26264190673828, -11.743836402893066, -6.425593852996826, -7.1118950843811035, -6.347078323364258, -6.634251117706299]","[38.26264190673828, -11.743836402893066, -6.425593852996826, -7.1118950843811035, -6.347078323364258, -6.634251117706299]","[-38.26264190673828, 11.743836402893066, 6.425593852996826, 7.1118950843811035, 6.347078323364258, 6.634251117706299]",-1,-1,False,"['A', 'E']","['A', 'D']"
5ab8f24f55429934fafe6e20::active_set_pack_b,5ab8f24f55429934fafe6e20,"['A', 'B', 'C', 'D', 'E', 'F']","[1, 0, 0, 1, 0, 0]","[31.031118392944336, -5.952808856964111, -3.8359501361846924, -4.837240695953369, -12.432770729064941, -3.972343683242798]","[31.031118392944336, -5.952808856964111, -3.8359501361846924, -4.837240695953369, -12.432770729064941, -3.972343683242798]","[-31.031118392944336, 5.952808856964111, 3.8359501361846924, 4.837240695953369, 12.432770729064941, 3.972343683242798]",-1,-1,False,"['A', 'E']","['A', 'D']"
5a83cf395542996488c2e4e0::working_set_pack_a,5a83cf395542996488c2e4e0,"['A', 'B', 'C', 'D', 'E', 'F']","[0, 0, 1, 0, 0, 1]","[-4.2809834480285645, -4.315535545349121, 22.234418869018555, -4.477792263031006, -4.342617511749268, -4.817491054534912]","[-4.2809834480285645, -4.315535545349121, 22.234418869018555, -4.477792263031006, -4.342617511749268, -4.817491054534912]","[4.2809834480285645, 4.315535545349121, -22.234418869018555, 4.477792263031006, 4.342617511749268, 4.817491054534912]",-1,-1,True,"['C', 'F']","['C', 'F']"
5a83cf395542996488c2e4e0::active_set_pack_a,5a83cf395542996488c2e4e0,"['A', 'B', 'C', 'D', 'E', 'F']","[0, 0, 1, 0, 0, 1]","[-4.899815559387207, -4.866244792938232, 27.312667846679688, -5.573552131652832, -4.832717418670654, -7.140336513519287]","[-4.899815559387207, -4.866244792938232, 27.312667846679688, -5.573552131652832, -4.832717418670654, -7.140336513519287]","[-4.899815559387207, -4.866244792938232, 27.312667846679688, -5.573552131652832, -4.832717418670654, -7.140336513519287]",1,1,True,"['C', 'F']","['C', 'F']"
5a83cf395542996488c2e4e0::working_set_pack_b,5a83cf395542996488c2e4e0,"['A', 'B', 'C', 'D', 'E', 'F']","[0, 0, 1, 0, 0, 1]","[-8.2302885055542, -8.241352081298828, 42.799137115478516, -9.259230613708496, -8.431256294250488, -8.637006759643555]","[-8.2302885055542, -8.241352081298828, 42.799137115478516, -9.259230613708496, -8.431256294250488, -8.637006759643555]","[8.2302885055542, 8.241352081298828, -42.799137115478516, 9.259230613708496, 8.431256294250488, 8.637006759643555]",-1,-1,False,"['C', 'D']","['C', 'F']"
5a83cf395542996488c2e4e0::active_set_pack_b,5a83cf395542996488c2e4e0,"['A', 'B', 'C', 'D', 'E', 'F']","[0, 0, 1, 0, 0, 1]","[-7.885081768035889, -7.892536640167236, 40.77825164794922, -8.931617736816406, -7.970249176025391, -8.098773956298828]","[-7.885081768035889, -7.892536640167236, 40.77825164794922, -8.931617736816406, -7.970249176025391, -8.098773956298828]","[-7.885081768035889, -7.892536640167236, 40.77825164794922, -8.931617736816406, -7.970249176025391, -8.098773956298828]",1,1,True,"['C', 'F']","['C', 'F']"
5ab265de5542993be8fa9901::working_set_pack_a,5ab265de5542993be8fa9901,"['A', 'B', 'C', 'D', 'E', 'F']","[0, 0, 0, 0, 1, 1]","[-8.13217544555664, -8.578076362609863, -8.50940990447998, -8.694937705993652, -7.615072727203369, 41.529666900634766]","[-8.13217544555664, -8.578076362609863, -8.50940990447998, -8.694937705993652, -7.615072727203369, 41.529666900634766]","[8.13217544555664, 8.578076362609863, 8.50940990447998, 8.694937705993652, 7.615072727203369, -41.529666900634766]",-1,-1,True,"['E', 'F']","['E', 'F']"
5ab265de5542993be8fa9901::active_set_pack_a,5ab265de5542993be8fa9901,"['A', 'B', 'C', 'D', 'E', 'F']","[0, 0, 0, 0, 1, 1]","[-0.8350620269775391, -0.7409811615943909, -0.8635290861129761, -0.6857604384422302, -23.425270080566406, 26.55061149597168]","[-0.8350620269775391, -0.7409811615943909, -0.8635290861129761, -0.6857604384422302, -23.425270080566406, 26.55061149597168]","[0.8350620269775391, 0.7409811615943909, 0.8635290861129761, 0.6857604384422302, 23.425270080566406, -26.55061149597168]",-1,-1,True,"['E', 'F']","['E', 'F']"
5ab265de5542993be8fa9901::working_set_pack_b,5ab265de5542993be8fa9901,"['A', 'B', 'C', 'D', 'E', 'F']","[0, 0, 0, 0, 1, 1]","[-7.422586441040039, -7.881869316101074, -6.69639778137207, -8.013205528259277, -7.114227771759033, 37.12828826904297]","[-7.422586441040039, -7.881869316101074, -6.69639778137207, -8.013205528259277, -7.114227771759033, 37.12828826904297]","[7.422586441040039, 7.881869316101074, 6.69639778137207, 8.013205528259277, 7.114227771759033, -37.12828826904297]",-1,-1,True,"['E', 'F']","['E', 'F']"
5ab265de5542993be8fa9901::active_set_pack_b,5ab265de5542993be8fa9901,"['A', 'B', 'C', 'D', 'E', 'F']","[0, 0, 0, 0, 1, 1]","[-5.521820545196533, -5.7220282554626465, -5.806888580322266, -5.718787670135498, -9.232775688171387, 32.00230026245117]","[-5.521820545196533, -5.7220282554626465, -5.806888580322266, -5.718787670135498, -9.232775688171387, 32.00230026245117]","[5.521820545196533, 5.7220282554626465, 5.806888580322266, 5.718787670135498, 9.232775688171387, -32.00230026245117]",-1,-1,True,"['E', 'F']","['E', 'F']"
5abc0e30554299700f9d77c5::working_set_pack_a,5abc0e30554299700f9d77c5,"['A', 'B', 'C', 'D', 'E', 'F']","[0, 1, 0, 0, 1, 0]","[-3.606280565261841, -19.4387264251709, -4.0857367515563965, -3.874063014984131, 34.93916702270508, -3.9343597888946533]","[-3.606280565261841, -19.4387264251709, -4.0857367515563965, -3.874063014984131, 34.93916702270508, -3.9343597888946533]","[3.606280565261841, 19.4387264251709, 4.0857367515563965, 3.874063014984131, -34.93916702270508, 3.9343597888946533]",-1,-1,True,"['B', 'E']","['B', 'E']"
5abc0e30554299700f9d77c5::active_set_pack_a,5abc0e30554299700f9d77c5,"['A', 'B', 'C', 'D', 'E', 'F']","[0, 1, 0, 0, 1, 0]","[-5.311344146728516, -15.35737419128418, -5.702223300933838, -5.648159027099609, 38.25148010253906, -6.232382774353027]","[-5.311344146728516, -15.35737419128418, -5.702223300933838, -5.648159027099609, 38.25148010253906, -6.232382774353027]","[5.311344146728516, 15.35737419128418, 5.702223300933838, 5.648159027099609, -38.25148010253906, 6.232382774353027]",-1,-1,True,"['B', 'E']","['B', 'E']"
5abc0e30554299700f9d77c5::working_set_pack_b,5abc0e30554299700f9d77c5,"['A', 'B', 'C', 'D', 'E', 'F']","[0, 1, 0, 0, 1, 0]","[-7.244915008544922, -10.510335922241211, -7.676664352416992, -7.6623101234436035, 41.359962463378906, -8.265738487243652]","[-7.244915008544922, -10.510335922241211, -7.676664352416992, -7.6623101234436035, 41.359962463378906, -8.265738487243652]","[7.244915008544922, 10.510335922241211, 7.676664352416992, 7.6623101234436035, -41.359962463378906, 8.265738487243652]",-1,-1,True,"['B', 'E']","['B', 'E']"
5abc0e30554299700f9d77c5::active_set_pack_b,5abc0e30554299700f9d77c5,"['A', 'B', 'C', 'D', 'E', 'F']","[0, 1, 0, 0, 1, 0]","[-7.9583659172058105, -14.051899909973145, -8.541114807128906, -8.341011047363281, 47.90049743652344, -9.008102416992188]","[-7.9583659172058105, -14.051899909973145, -8.541114807128906, -8.341011047363281, 47.90049743652344, -9.008102416992188]","[7.9583659172058105, 14.051899909973145, 8.541114807128906, 8.341011047363281, -47.90049743652344, 9.008102416992188]",-1,-1,True,"['B', 'E']","['B', 'E']"
5ae3417e5542990afbd1e0f7::working_set_pack_a,5ae3417e5542990afbd1e0f7,"['A', 'B', 'C', 'D', 'E', 'F']","[1, 0, 1, 0, 0, 0]","[0.6742117404937744, 1.4484776258468628, 2.497551918029785, 6.9416351318359375, -12.555774688720703, 0.9938945174217224]","[0.6742117404937744, 1.4484776258468628, 2.497551918029785, 6.9416351318359375, -12.555774688720703, 0.9938945174217224]","[-0.6742117404937744, -1.4484776258468628, -2.497551918029785, -6.9416351318359375, 12.555774688720703, -0.9938945174217224]",-1,-1,True,"['A', 'C']","['A', 'C']"
5ae3417e5542990afbd1e0f7::active_set_pack_a,5ae3417e5542990afbd1e0f7,"['A', 'B', 'C', 'D', 'E', 'F']","[1, 0, 1, 0, 0, 0]","[-2.0723824501037598, -0.24741820991039276, 11.080842018127441, 2.3433759212493896, -10.978222846984863, -0.12619157135486603]","[-2.0723824501037598, -0.24741820991039276, 11.080842018127441, 2.3433759212493896, -10.978222846984863, -0.12619157135486603]","[-2.0723824501037598, -0.24741820991039276, 11.080842018127441, 2.3433759212493896, -10.978222846984863, -0.12619157135486603]",1,1,True,"['A', 'C']","['A', 'C']"
5ae3417e5542990afbd1e0f7::working_set_pack_b,5ae3417e5542990afbd1e0f7,"['A', 'B', 'C', 'D', 'E', 'F']","[1, 0, 1, 0, 0, 0]","[-7.7736921310424805, -0.8884090185165405, 12.856093406677246, 0.08843567222356796, -3.5254297256469727, -0.7569995522499084]","[-7.7736921310424805, -0.8884090185165405, 12.856093406677246, 0.08843567222356796, -3.5254297256469727, -0.7569995522499084]","[-7.7736921310424805, -0.8884090185165405, 12.856093406677246, 0.08843567222356796, -3.5254297256469727, -0.7569995522499084]",1,1,True,"['A', 'C']","['A', 'C']"
5ae3417e5542990afbd1e0f7::active_set_pack_b,5ae3417e5542990afbd1e0f7,"['A', 'B', 'C', 'D', 'E', 'F']","[1, 0, 1, 0, 0, 0]","[12.540324211120605, -0.7966530323028564, -10.017218589782715, -1.7900456190109253, 0.5970072746276855, -0.533409833908081]","[12.540324211120605, -0.7966530323028564, -10.017218589782715, -1.7900456190109253, 0.5970072746276855, -0.533409833908081]","[-12.540324211120605, 0.7966530323028564, 10.017218589782715, 1.7900456190109253, -0.5970072746276855, 0.533409833908081]",-1,-1,True,"['A', 'C']","['A', 'C']"
5ae334345542991a06ce9951::working_set_pack_a,5ae334345542991a06ce9951,"['A', 'B', 'C', 'D', 'E', 'F']","[1, 0, 1, 0, 0, 0]","[-10.62086009979248, -8.722555160522461, 37.91876983642578, -5.762681484222412, -6.645707130432129, -6.166970729827881]","[-10.62086009979248, -8.722555160522461, 37.91876983642578, -5.762681484222412, -6.645707130432129, -6.166970729827881]","[-10.62086009979248, -8.722555160522461, 37.91876983642578, -5.762681484222412, -6.645707130432129, -6.166970729827881]",1,1,True,"['A', 'C']","['A', 'C']"
5ae334345542991a06ce9951::active_set_pack_a,5ae334345542991a06ce9951,"['A', 'B', 'C', 'D', 'E', 'F']","[1, 0, 1, 0, 0, 0]","[-10.082402229309082, -7.852782726287842, 33.1254768371582, -4.776041030883789, -5.356637954711914, -5.057616710662842]","[-10.082402229309082, -7.852782726287842, 33.1254768371582, -4.776041030883789, -5.356637954711914, -5.057616710662842]","[-10.082402229309082, -7.852782726287842, 33.1254768371582, -4.776041030883789, -5.356637954711914, -5.057616710662842]",1,1,True,"['A', 'C']","['A', 'C']"
5ae334345542991a06ce9951::working_set_pack_b,5ae334345542991a06ce9951,"['A', 'B', 'C', 'D', 'E', 'F']","[1, 0, 1, 0, 0, 0]","[-9.561142921447754, -4.946609020233154, 37.133934020996094, -4.689903259277344, -10.981941223144531, -6.954333782196045]","[-9.561142921447754, -4.946609020233154, 37.133934020996094, -4.689903259277344, -10.981941223144531, -6.954333782196045]","[-9.561142921447754, -4.946609020233154, 37.133934020996094, -4.689903259277344, -10.981941223144531, -6.954333782196045]",1,1,True,"['A', 'C']","['A', 'C']"
5ae334345542991a06ce9951::active_set_pack_b,5ae334345542991a06ce9951,"['A', 'B', 'C', 'D', 'E', 'F']","[1, 0, 1, 0, 0, 0]","[-14.910906791687012, -4.080840587615967, 24.819128036499023, -1.6614735126495361, -2.138354539871216, -2.0275490283966064]","[-14.910906791687012, -4.080840587615967, 24.819128036499023, -1.6614735126495361, -2.138354539871216, -2.0275490283966064]","[-14.910906791687012, -4.080840587615967, 24.819128036499023, -1.6614735126495361, -2.138354539871216, -2.0275490283966064]",1,1,True,"['A', 'C']","['A', 'C']"
5abeb68d5542994516f453f9::working_set_pack_a,5abeb68d5542994516f453f9,"['A', 'B', 'C', 'D', 'E', 'F']","[1, 0, 0, 0, 0, 1]","[-7.680431365966797, -7.352187156677246, -7.51020622253418, -7.59637975692749, -7.958403587341309, 38.097599029541016]","[-7.680431365966797, -7.352187156677246, -7.51020622253418, -7.59637975692749, -7.958403587341309, 38.097599029541016]","[7.680431365966797, 7.352187156677246, 7.51020622253418, 7.59637975692749, 7.958403587341309, -38.097599029541016]",-1,-1,True,"['A', 'F']","['A', 'F']"
5abeb68d5542994516f453f9::active_set_pack_a,5abeb68d5542994516f453f9,"['A', 'B', 'C', 'D', 'E', 'F']","[1, 0, 0, 0, 0, 1]","[-9.47463321685791, -9.169612884521484, -9.353814125061035, -9.389704704284668, -9.227730751037598, 46.61549758911133]","[-9.47463321685791, -9.169612884521484, -9.353814125061035, -9.389704704284668, -9.227730751037598, 46.61549758911133]","[9.47463321685791, 9.169612884521484, 9.353814125061035, 9.389704704284668, 9.227730751037598, -46.61549758911133]",-1,-1,True,"['A', 'F']","['A', 'F']"
5abeb68d5542994516f453f9::working_set_pack_b,5abeb68d5542994516f453f9,"['A', 'B', 'C', 'D', 'E', 'F']","[1, 0, 0, 0, 0, 1]","[-7.9369120597839355, -6.991349220275879, -7.064548015594482, -7.286974906921387, -7.215750694274902, 36.495548248291016]","[-7.9369120597839355, -6.991349220275879, -7.064548015594482, -7.286974906921387, -7.215750694274902, 36.495548248291016]","[7.9369120597839355, 6.991349220275879, 7.064548015594482, 7.286974906921387, 7.215750694274902, -36.495548248291016]",-1,-1,True,"['A', 'F']","['A', 'F']"
5abeb68d5542994516f453f9::active_set_pack_b,5abeb68d5542994516f453f9,"['A', 'B', 'C', 'D', 'E', 'F']","[1, 0, 0, 0, 0, 1]","[-10.224947929382324, -9.210607528686523, -9.414825439453125, -9.383670806884766, -9.730595588684082, 47.96464920043945]","[-10.224947929382324, -9.210607528686523, -9.414825439453125, -9.383670806884766, -9.730595588684082, 47.96464920043945]","[10.224947929382324, 9.210607528686523, 9.414825439453125, 9.383670806884766, 9.730595588684082, -47.96464920043945]",-1,-1,True,"['A', 'F']","['A', 'F']"
5ae1cab7554299492dc91b8a::working_set_pack_a,5ae1cab7554299492dc91b8a,"['A', 'B', 'C', 'D', 'E', 'F']","[0, 0, 1, 1, 0, 0]","[-4.521263599395752, -4.471797466278076, -6.630310535430908, 24.745885848999023, -3.5257461071014404, -5.59676456451416]","[-4.521263599395752, -4.471797466278076, -6.630310535430908, 24.745885848999023, -3.5257461071014404, -5.59676456451416]","[4.521263599395752, 4.471797466278076, 6.630310535430908, -24.745885848999023, 3.5257461071014404, 5.59676456451416]",-1,-1,True,"['C', 'D']","['C', 'D']"
5ae1cab7554299492dc91b8a::active_set_pack_a,5ae1cab7554299492dc91b8a,"['A', 'B', 'C', 'D', 'E', 'F']","[0, 0, 1, 1, 0, 0]","[-3.720823049545288, -3.7692155838012695, -9.425928115844727, 25.366287231445312, -3.774056911468506, -4.67626953125]","[-3.720823049545288, -3.7692155838012695, -9.425928115844727, 25.366287231445312, -3.774056911468506, -4.67626953125]","[-3.720823049545288, -3.7692155838012695, -9.425928115844727, 25.366287231445312, -3.774056911468506, -4.67626953125]",1,1,True,"['C', 'D']","['C', 'D']"
5ae1cab7554299492dc91b8a::working_set_pack_b,5ae1cab7554299492dc91b8a,"['A', 'B', 'C', 'D', 'E', 'F']","[0, 0, 1, 1, 0, 0]","[-6.448795795440674, -6.39555549621582, -8.55427360534668, 35.006038665771484, -6.548088550567627, -7.059340000152588]","[-6.448795795440674, -6.39555549621582, -8.55427360534668, 35.006038665771484, -6.548088550567627, -7.059340000152588]","[-6.448795795440674, -6.39555549621582, -8.55427360534668, 35.006038665771484, -6.548088550567627, -7.059340000152588]",1,1,True,"['C', 'D']","['C', 'D']"
5ae1cab7554299492dc91b8a::active_set_pack_b,5ae1cab7554299492dc91b8a,"['A', 'B', 'C', 'D', 'E', 'F']","[0, 0, 1, 1, 0, 0]","[-0.5161964297294617, -1.3347290754318237, 19.381624221801758, -15.16604232788086, -0.39333376288414, -1.971331000328064]","[-0.5161964297294617, -1.3347290754318237, 19.381624221801758, -15.16604232788086, -0.39333376288414, -1.971331000328064]","[0.5161964297294617, 1.3347290754318237, -19.381624221801758, 15.16604232788086, 0.39333376288414, 1.971331000328064]",-1,-1,True,"['C', 'D']","['C', 'D']"
5ae6e5d65542992ae0d163a1::working_set_pack_a,5ae6e5d65542992ae0d163a1,"['A', 'B', 'C', 'D', 'E', 'F']","[1, 0, 0, 0, 1, 0]","[22.4669132232666, -3.8962888717651367, -4.558061599731445, -4.822324752807617, -4.646519184112549, -4.543717861175537]","[22.4669132232666, -3.8962888717651367, -4.558061599731445, -4.822324752807617, -4.646519184112549, -4.543717861175537]","[-22.4669132232666, 3.8962888717651367, 4.558061599731445, 4.822324752807617, 4.646519184112549, 4.543717861175537]",-1,-1,True,"['A', 'E']","['A', 'E']"
5ae6e5d65542992ae0d163a1::active_set_pack_a,5ae6e5d65542992ae0d163a1,"['A', 'B', 'C', 'D', 'E', 'F']","[1, 0, 0, 0, 1, 0]","[21.207239151000977, -3.3525640964508057, -4.162472724914551, -4.4103684425354, -5.107641696929932, -4.174197673797607]","[21.207239151000977, -3.3525640964508057, -4.162472724914551, -4.4103684425354, -5.107641696929932, -4.174197673797607]","[-21.207239151000977, 3.3525640964508057, 4.162472724914551, 4.4103684425354, 5.107641696929932, 4.174197673797607]",-1,-1,True,"['A', 'E']","['A', 'E']"
5ae6e5d65542992ae0d163a1::working_set_pack_b,5ae6e5d65542992ae0d163a1,"['A', 'B', 'C', 'D', 'E', 'F']","[1, 0, 0, 0, 1, 0]","[16.8571720123291, -2.648237943649292, -3.310112714767456, -3.487264394760132, -4.048563003540039, -3.3629953861236572]","[16.8571720123291, -2.648237943649292, -3.310112714767456, -3.487264394760132, -4.048563003540039, -3.3629953861236572]","[16.8571720123291, -2.648237943649292, -3.310112714767456, -3.487264394760132, -4.048563003540039, -3.3629953861236572]",1,1,True,"['A', 'E']","['A', 'E']"
5ae6e5d65542992ae0d163a1::active_set_pack_b,5ae6e5d65542992ae0d163a1,"['A', 'B', 'C', 'D', 'E', 'F']","[1, 0, 0, 0, 1, 0]","[23.234737396240234, -4.035114765167236, -4.7292914390563965, -4.9811201095581055, -4.876723766326904, -4.61248779296875]","[23.234737396240234, -4.035114765167236, -4.7292914390563965, -4.9811201095581055, -4.876723766326904, -4.61248779296875]","[-23.234737396240234, 4.035114765167236, 4.7292914390563965, 4.9811201095581055, 4.876723766326904, 4.61248779296875]",-1,-1,True,"['A', 'E']","['A', 'E']"
5abaebab55429939ce03dd66::working_set_pack_a,5abaebab55429939ce03dd66,"['A', 'B', 'C', 'D', 'E', 'F']","[1, 0, 0, 0, 1, 0]","[27.691390991210938, -4.746150970458984, -4.8706817626953125, -5.133746147155762, -6.5776519775390625, -6.363155364990234]","[27.691390991210938, -4.746150970458984, -4.8706817626953125, -5.133746147155762, -6.5776519775390625, -6.363155364990234]","[-27.691390991210938, 4.746150970458984, 4.8706817626953125, 5.133746147155762, 6.5776519775390625, 6.363155364990234]",-1,-1,True,"['A', 'E']","['A', 'E']"
5abaebab55429939ce03dd66::active_set_pack_a,5abaebab55429939ce03dd66,"['A', 'B', 'C', 'D', 'E', 'F']","[1, 0, 0, 0, 1, 0]","[24.51192283630371, -4.0586676597595215, -4.280131816864014, -4.391775608062744, -7.29728364944458, -4.484071254730225]","[24.51192283630371, -4.0586676597595215, -4.280131816864014, -4.391775608062744, -7.29728364944458, -4.484071254730225]","[-24.51192283630371, 4.0586676597595215, 4.280131816864014, 4.391775608062744, 7.29728364944458, 4.484071254730225]",-1,-1,True,"['A', 'E']","['A', 'E']"
5abaebab55429939ce03dd66::working_set_pack_b,5abaebab55429939ce03dd66,"['A', 'B', 'C', 'D', 'E', 'F']","[1, 0, 0, 0, 1, 0]","[21.492816925048828, -3.8389620780944824, -4.403743267059326, -4.044801235198975, -4.941842079162598, -4.263470649719238]","[21.492816925048828, -3.8389620780944824, -4.403743267059326, -4.044801235198975, -4.941842079162598, -4.263470649719238]","[-21.492816925048828, 3.8389620780944824, 4.403743267059326, 4.044801235198975, 4.941842079162598, 4.263470649719238]",-1,-1,True,"['A', 'E']","['A', 'E']"
5abaebab55429939ce03dd66::active_set_pack_b,5abaebab55429939ce03dd66,"['A', 'B', 'C', 'D', 'E', 'F']","[1, 0, 0, 0, 1, 0]","[19.109554290771484, -3.0277161598205566, -3.081545829772949, -3.34420108795166, -6.19438362121582, -3.4617128372192383]","[19.109554290771484, -3.0277161598205566, -3.081545829772949, -3.34420108795166, -6.19438362121582, -3.4617128372192383]","[-19.109554290771484, 3.0277161598205566, 3.081545829772949, 3.34420108795166, 6.19438362121582, 3.4617128372192383]",-1,-1,True,"['A', 'E']","['A', 'E']"
5ab9149d5542991b5579f0e6::working_set_pack_a,5ab9149d5542991b5579f0e6,"['A', 'B', 'C', 'D', 'E', 'F']","[0, 0, 0, 0, 1, 1]","[-7.5663323402404785, -7.567122936248779, -7.83967924118042, -8.005648612976074, 39.291748046875, -8.312952995300293]","[-7.5663323402404785, -7.567122936248779, -7.83967924118042, -8.005648612976074, 39.291748046875, -8.312952995300293]","[7.5663323402404785, 7.567122936248779, 7.83967924118042, 8.005648612976074, -39.291748046875, 8.312952995300293]",-1,-1,True,"['E', 'F']","['E', 'F']"
5ab9149d5542991b5579f0e6::active_set_pack_a,5ab9149d5542991b5579f0e6,"['A', 'B', 'C', 'D', 'E', 'F']","[0, 0, 0, 0, 1, 1]","[-7.902721405029297, -7.940325736999512, -8.157258033752441, -8.484045028686523, 40.93074417114258, -8.446390151977539]","[-7.902721405029297, -7.940325736999512, -8.157258033752441, -8.484045028686523, 40.93074417114258, -8.446390151977539]","[7.902721405029297, 7.940325736999512, 8.157258033752441, 8.484045028686523, -40.93074417114258, 8.446390151977539]",-1,-1,True,"['E', 'F']","['E', 'F']"
5ab9149d5542991b5579f0e6::working_set_pack_b,5ab9149d5542991b5579f0e6,"['A', 'B', 'C', 'D', 'E', 'F']","[0, 0, 0, 0, 1, 1]","[-8.228936195373535, -8.317508697509766, -8.461291313171387, -8.424675941467285, 42.24085235595703, -8.808441162109375]","[-8.228936195373535, -8.317508697509766, -8.461291313171387, -8.424675941467285, 42.24085235595703, -8.808441162109375]","[8.228936195373535, 8.317508697509766, 8.461291313171387, 8.424675941467285, -42.24085235595703, 8.808441162109375]",-1,-1,True,"['E', 'F']","['E', 'F']"
5ab9149d5542991b5579f0e6::active_set_pack_b,5ab9149d5542991b5579f0e6,"['A', 'B', 'C', 'D', 'E', 'F']","[0, 0, 0, 0, 1, 1]","[-8.978188514709473, -9.062637329101562, -9.289661407470703, -9.025962829589844, 45.56069564819336, -9.204251289367676]","[-8.978188514709473, -9.062637329101562, -9.289661407470703, -9.025962829589844, 45.56069564819336, -9.204251289367676]","[8.978188514709473, 9.062637329101562, 9.289661407470703, 9.025962829589844, -45.56069564819336, 9.204251289367676]",-1,-1,True,"['E', 'F']","['E', 'F']"
5add57e35542992200553ac2::working_set_pack_a,5add57e35542992200553ac2,"['A', 'B', 'C', 'D', 'E', 'F']","[0, 0, 0, 1, 0, 1]","[-3.206982135772705, -4.11853551864624, -10.654767990112305, -4.052419662475586, -4.043722152709961, 26.076427459716797]","[-3.206982135772705, -4.11853551864624, -10.654767990112305, -4.052419662475586, -4.043722152709961, 26.076427459716797]","[3.206982135772705, 4.11853551864624, 10.654767990112305, 4.052419662475586, 4.043722152709961, -26.076427459716797]",-1,-1,False,"['C', 'F']","['D', 'F']"
5add57e35542992200553ac2::active_set_pack_a,5add57e35542992200553ac2,"['A', 'B', 'C', 'D', 'E', 'F']","[0, 0, 0, 1, 0, 1]","[-2.2689528465270996, -3.238253355026245, -13.362895011901855, -3.0042638778686523, -3.1153252124786377, 24.989683151245117]","[-2.2689528465270996, -3.238253355026245, -13.362895011901855, -3.0042638778686523, -3.1153252124786377, 24.989683151245117]","[2.2689528465270996, 3.238253355026245, 13.362895011901855, 3.0042638778686523, 3.1153252124786377, -24.989683151245117]",-1,-1,False,"['C', 'F']","['D', 'F']"
5add57e35542992200553ac2::working_set_pack_b,5add57e35542992200553ac2,"['A', 'B', 'C', 'D', 'E', 'F']","[0, 0, 0, 1, 0, 1]","[-3.529961585998535, -4.3772735595703125, -6.555387496948242, -5.29125452041626, -4.125646591186523, 23.8795223236084]","[3.529961585998535, 4.3772735595703125, 6.555387496948242, 5.29125452041626, 4.125646591186523, -23.8795223236084]","[3.529961585998535, 4.3772735595703125, 6.555387496948242, 5.29125452041626, 4.125646591186523, -23.8795223236084]",-1,1,False,"['A', 'D']","['D', 'F']"
5add57e35542992200553ac2::active_set_pack_b,5add57e35542992200553ac2,"['A', 'B', 'C', 'D', 'E', 'F']","[0, 0, 0, 1, 0, 1]","[-6.410730361938477, -6.407140731811523, -7.206851482391357, -6.59247350692749, -5.994814872741699, 32.61201095581055]","[-6.410730361938477, -6.407140731811523, -7.206851482391357, -6.59247350692749, -5.994814872741699, 32.61201095581055]","[6.410730361938477, 6.407140731811523, 7.206851482391357, 6.59247350692749, 5.994814872741699, -32.61201095581055]",-1,-1,False,"['A', 'F']","['D', 'F']"
5a8fae775542992414482b3b::working_set_pack_a,5a8fae775542992414482b3b,"['A', 'B', 'C', 'D', 'E', 'F']","[1, 0, 1, 0, 0, 0]","[-9.97497272491455, -7.98657751083374, 44.98695755004883, -8.88342571258545, -9.03256607055664, -9.109432220458984]","[-9.97497272491455, -7.98657751083374, 44.98695755004883, -8.88342571258545, -9.03256607055664, -9.109432220458984]","[-9.97497272491455, -7.98657751083374, 44.98695755004883, -8.88342571258545, -9.03256607055664, -9.109432220458984]",1,1,False,"['C', 'F']","['A', 'C']"
5a8fae775542992414482b3b::active_set_pack_a,5a8fae775542992414482b3b,"['A', 'B', 'C', 'D', 'E', 'F']","[1, 0, 1, 0, 0, 0]","[-9.570910453796387, -7.610553741455078, 42.8254508972168, -8.391018867492676, -8.836133003234863, -8.416842460632324]","[-9.570910453796387, -7.610553741455078, 42.8254508972168, -8.391018867492676, -8.836133003234863, -8.416842460632324]","[-9.570910453796387, -7.610553741455078, 42.8254508972168, -8.391018867492676, -8.836133003234863, -8.416842460632324]",1,1,False,"['C', 'F']","['A', 'C']"
5a8fae775542992414482b3b::working_set_pack_b,5a8fae775542992414482b3b,"['A', 'B', 'C', 'D', 'E', 'F']","[1, 0, 1, 0, 0, 0]","[-8.232179641723633, -6.848603248596191, 37.06884765625, -7.328024864196777, -7.474214553833008, -7.185823440551758]","[-8.232179641723633, -6.848603248596191, 37.06884765625, -7.328024864196777, -7.474214553833008, -7.185823440551758]","[8.232179641723633, 6.848603248596191, -37.06884765625, 7.328024864196777, 7.474214553833008, 7.185823440551758]",-1,-1,False,"['C', 'F']","['A', 'C']"
5a8fae775542992414482b3b::active_set_pack_b,5a8fae775542992414482b3b,"['A', 'B', 'C', 'D', 'E', 'F']","[1, 0, 1, 0, 0, 0]","[-9.290105819702148, -6.461316108703613, 36.60343551635742, -6.879602432250977, -7.048900604248047, -6.923508644104004]","[-9.290105819702148, -6.461316108703613, 36.60343551635742, -6.879602432250977, -7.048900604248047, -6.923508644104004]","[9.290105819702148, 6.461316108703613, -36.60343551635742, 6.879602432250977, 7.048900604248047, 6.923508644104004]",-1,-1,False,"['C', 'F']","['A', 'C']"
5ab71f385542993667793f41::working_set_pack_a,5ab71f385542993667793f41,"['A', 'B', 'C', 'D', 'E', 'F']","[1, 0, 0, 0, 0, 1]","[-7.951618671417236, -8.297703742980957, -8.421910285949707, -8.076854705810547, -8.388052940368652, 41.13612747192383]","[-7.951618671417236, -8.297703742980957, -8.421910285949707, -8.076854705810547, -8.388052940368652, 41.13612747192383]","[7.951618671417236, 8.297703742980957, 8.421910285949707, 8.076854705810547, 8.388052940368652, -41.13612747192383]",-1,-1,True,"['A', 'F']","['A', 'F']"
5ab71f385542993667793f41::active_set_pack_a,5ab71f385542993667793f41,"['A', 'B', 'C', 'D', 'E', 'F']","[1, 0, 0, 0, 0, 1]","[-9.295042037963867, -9.596713066101074, -9.562378883361816, -9.3737154006958, -9.53073501586914, 47.358577728271484]","[-9.295042037963867, -9.596713066101074, -9.562378883361816, -9.3737154006958, -9.53073501586914, 47.358577728271484]","[9.295042037963867, 9.596713066101074, 9.562378883361816, 9.3737154006958, 9.53073501586914, -47.358577728271484]",-1,-1,False,"['D', 'F']","['A', 'F']"
5ab71f385542993667793f41::working_set_pack_b,5ab71f385542993667793f41,"['A', 'B', 'C', 'D', 'E', 'F']","[1, 0, 0, 0, 0, 1]","[-6.5435004234313965, -7.044928073883057, -6.997744083404541, -6.746453285217285, -7.067395210266113, 34.40001678466797]","[-6.5435004234313965, -7.044928073883057, -6.997744083404541, -6.746453285217285, -7.067395210266113, 34.40001678466797]","[6.5435004234313965, 7.044928073883057, 6.997744083404541, 6.746453285217285, 7.067395210266113, -34.40001678466797]",-1,-1,False,"['D', 'F']","['A', 'F']"
5ab71f385542993667793f41::active_set_pack_b,5ab71f385542993667793f41,"['A', 'B', 'C', 'D', 'E', 'F']","[1, 0, 0, 0, 0, 1]","[-6.140434265136719, -6.477645397186279, -6.443134307861328, -6.245013236999512, -6.497596740722656, 31.80382537841797]","[-6.140434265136719, -6.477645397186279, -6.443134307861328, -6.245013236999512, -6.497596740722656, 31.80382537841797]","[6.140434265136719, 6.477645397186279, 6.443134307861328, 6.245013236999512, 6.497596740722656, -31.80382537841797]",-1,-1,False,"['D', 'F']","['A', 'F']"
5a7d9eb55542990b8f5039cd::working_set_pack_a,5a7d9eb55542990b8f5039cd,"['A', 'B', 'C', 'D', 'E', 'F']","[1, 1, 0, 0, 0, 0]","[-9.651532173156738, 34.76875686645508, -6.065062046051025, -5.8680524826049805, -6.368252277374268, -6.815870761871338]","[-9.651532173156738, 34.76875686645508, -6.065062046051025, -5.8680524826049805, -6.368252277374268, -6.815870761871338]","[9.651532173156738, -34.76875686645508, 6.065062046051025, 5.8680524826049805, 6.368252277374268, 6.815870761871338]",-1,-1,True,"['A', 'B']","['A', 'B']"
5a7d9eb55542990b8f5039cd::active_set_pack_a,5a7d9eb55542990b8f5039cd,"['A', 'B', 'C', 'D', 'E', 'F']","[1, 1, 0, 0, 0, 0]","[-10.018426895141602, 49.07419967651367, -9.70152759552002, -9.453004837036133, -9.71381950378418, -10.187417030334473]","[-10.018426895141602, 49.07419967651367, -9.70152759552002, -9.453004837036133, -9.71381950378418, -10.187417030334473]","[10.018426895141602, -49.07419967651367, 9.70152759552002, 9.453004837036133, 9.71381950378418, 10.187417030334473]",-1,-1,False,"['B', 'F']","['A', 'B']"
5a7d9eb55542990b8f5039cd::working_set_pack_b,5a7d9eb55542990b8f5039cd,"['A', 'B', 'C', 'D', 'E', 'F']","[1, 1, 0, 0, 0, 0]","[-8.08889102935791, 32.700218200683594, -6.011421203613281, -5.817229270935059, -6.148461818695068, -6.634213447570801]","[-8.08889102935791, 32.700218200683594, -6.011421203613281, -5.817229270935059, -6.148461818695068, -6.634213447570801]","[8.08889102935791, -32.700218200683594, 6.011421203613281, 5.817229270935059, 6.148461818695068, 6.634213447570801]",-1,-1,True,"['A', 'B']","['A', 'B']"
5a7d9eb55542990b8f5039cd::active_set_pack_b,5a7d9eb55542990b8f5039cd,"['A', 'B', 'C', 'D', 'E', 'F']","[1, 1, 0, 0, 0, 0]","[-8.382810592651367, 29.80901336669922, -5.161552906036377, -5.0959272384643555, -5.292717456817627, -5.876012802124023]","[-8.382810592651367, 29.80901336669922, -5.161552906036377, -5.0959272384643555, -5.292717456817627, -5.876012802124023]","[8.382810592651367, -29.80901336669922, 5.161552906036377, 5.0959272384643555, 5.292717456817627, 5.876012802124023]",-1,-1,True,"['A', 'B']","['A', 'B']"
5ae5e2285542996de7b71a5a::working_set_pack_a,5ae5e2285542996de7b71a5a,"['A', 'B', 'C', 'D', 'E', 'F']","[0, 0, 1, 0, 0, 1]","[-8.743504524230957, -8.98226547241211, 44.035099029541016, -8.47668743133545, -8.713179588317871, -9.119460105895996]","[-8.743504524230957, -8.98226547241211, 44.035099029541016, -8.47668743133545, -8.713179588317871, -9.119460105895996]","[-8.743504524230957, -8.98226547241211, 44.035099029541016, -8.47668743133545, -8.713179588317871, -9.119460105895996]",1,1,True,"['C', 'F']","['C', 'F']"
5ae5e2285542996de7b71a5a::active_set_pack_a,5ae5e2285542996de7b71a5a,"['A', 'B', 'C', 'D', 'E', 'F']","[0, 0, 1, 0, 0, 1]","[-9.39727783203125, -9.543489456176758, 46.83161544799805, -9.158210754394531, -9.339922904968262, -9.39271068572998]","[-9.39727783203125, -9.543489456176758, 46.83161544799805, -9.158210754394531, -9.339922904968262, -9.39271068572998]","[9.39727783203125, 9.543489456176758, -46.83161544799805, 9.158210754394531, 9.339922904968262, 9.39271068572998]",-1,-1,True,"['C', 'F']","['C', 'F']"
5ae5e2285542996de7b71a5a::working_set_pack_b,5ae5e2285542996de7b71a5a,"['A', 'B', 'C', 'D', 'E', 'F']","[0, 0, 1, 0, 0, 1]","[-9.84177017211914, -10.228571891784668, 48.04589080810547, -9.860429763793945, -9.893525123596191, -8.221597671508789]","[-9.84177017211914, -10.228571891784668, 48.04589080810547, -9.860429763793945, -9.893525123596191, -8.221597671508789]","[9.84177017211914, 10.228571891784668, -48.04589080810547, 9.860429763793945, 9.893525123596191, 8.221597671508789]",-1,-1,True,"['C', 'F']","['C', 'F']"
5ae5e2285542996de7b71a5a::active_set_pack_b,5ae5e2285542996de7b71a5a,"['A', 'B', 'C', 'D', 'E', 'F']","[0, 0, 1, 0, 0, 1]","[-8.724787712097168, -9.998224258422852, 45.215614318847656, -8.83122444152832, -8.802192687988281, -8.859193801879883]","[-8.724787712097168, -9.998224258422852, 45.215614318847656, -8.83122444152832, -8.802192687988281, -8.859193801879883]","[-8.724787712097168, -9.998224258422852, 45.215614318847656, -8.83122444152832, -8.802192687988281, -8.859193801879883]",1,1,True,"['C', 'F']","['C', 'F']"
5ac13d745542991316484a91::working_set_pack_a,5ac13d745542991316484a91,"['A', 'B', 'C', 'D', 'E', 'F']","[1, 0, 1, 0, 0, 0]","[-13.918051719665527, -2.9162380695343018, 26.132814407348633, -2.8958773612976074, -3.594076156616211, -2.8085591793060303]","[-13.918051719665527, -2.9162380695343018, 26.132814407348633, -2.8958773612976074, -3.594076156616211, -2.8085591793060303]","[13.918051719665527, 2.9162380695343018, -26.132814407348633, 2.8958773612976074, 3.594076156616211, 2.8085591793060303]",-1,-1,True,"['A', 'C']","['A', 'C']"
5ac13d745542991316484a91::active_set_pack_a,5ac13d745542991316484a91,"['A', 'B', 'C', 'D', 'E', 'F']","[1, 0, 1, 0, 0, 0]","[-15.088600158691406, -2.6956875324249268, 25.61209487915039, -2.582810640335083, -2.675734281539917, -2.5692691802978516]","[-15.088600158691406, -2.6956875324249268, 25.61209487915039, -2.582810640335083, -2.675734281539917, -2.5692691802978516]","[15.088600158691406, 2.6956875324249268, -25.61209487915039, 2.582810640335083, 2.675734281539917, 2.5692691802978516]",-1,-1,False,"['C', 'E']","['A', 'C']"
5ac13d745542991316484a91::working_set_pack_b,5ac13d745542991316484a91,"['A', 'B', 'C', 'D', 'E', 'F']","[1, 0, 1, 0, 0, 0]","[-2.5000500679016113, -5.48419713973999, 24.579673767089844, -6.117788314819336, -5.665261745452881, -4.812369346618652]","[-2.5000500679016113, -5.48419713973999, 24.579673767089844, -6.117788314819336, -5.665261745452881, -4.812369346618652]","[2.5000500679016113, 5.48419713973999, -24.579673767089844, 6.117788314819336, 5.665261745452881, 4.812369346618652]",-1,-1,False,"['C', 'E']","['A', 'C']"
5ac13d745542991316484a91::active_set_pack_b,5ac13d745542991316484a91,"['A', 'B', 'C', 'D', 'E', 'F']","[1, 0, 1, 0, 0, 0]","[-12.227136611938477, -3.0820956230163574, 24.287269592285156, -2.9586079120635986, -3.0699687004089355, -2.949462890625]","[-12.227136611938477, -3.0820956230163574, 24.287269592285156, -2.9586079120635986, -3.0699687004089355, -2.949462890625]","[-12.227136611938477, -3.0820956230163574, 24.287269592285156, -2.9586079120635986, -3.0699687004089355, -2.949462890625]",1,1,False,"['C', 'E']","['A', 'C']"
5a7d24f1554299452d57bb21::working_set_pack_a,5a7d24f1554299452d57bb21,"['A', 'B', 'C', 'D', 'E', 'F']","[0, 0, 1, 0, 0, 1]","[-3.8368992805480957, -3.291809558868408, 17.15885353088379, -3.7443037033081055, -3.2554855346679688, -3.030350685119629]","[-3.8368992805480957, -3.291809558868408, 17.15885353088379, -3.7443037033081055, -3.2554855346679688, -3.030350685119629]","[-3.8368992805480957, -3.291809558868408, 17.15885353088379, -3.7443037033081055, -3.2554855346679688, -3.030350685119629]",1,1,False,"['A', 'C']","['C', 'F']"
5a7d24f1554299452d57bb21::active_set_pack_a,5a7d24f1554299452d57bb21,"['A', 'B', 'C', 'D', 'E', 'F']","[0, 0, 1, 0, 0, 1]","[-4.399430274963379, -4.149929046630859, 21.157421112060547, -4.476613521575928, -4.183292865753174, -3.9481544494628906]","[-4.399430274963379, -4.149929046630859, 21.157421112060547, -4.476613521575928, -4.183292865753174, -3.9481544494628906]","[4.399430274963379, 4.149929046630859, -21.157421112060547, 4.476613521575928, 4.183292865753174, 3.9481544494628906]",-1,-1,True,"['C', 'F']","['C', 'F']"
5a7d24f1554299452d57bb21::working_set_pack_b,5a7d24f1554299452d57bb21,"['A', 'B', 'C', 'D', 'E', 'F']","[0, 0, 1, 0, 0, 1]","[-4.662257194519043, -3.775930643081665, 19.476734161376953, -4.110241889953613, -3.491745710372925, -3.436556339263916]","[-4.662257194519043, -3.775930643081665, 19.476734161376953, -4.110241889953613, -3.491745710372925, -3.436556339263916]","[4.662257194519043, 3.775930643081665, -19.476734161376953, 4.110241889953613, 3.491745710372925, 3.436556339263916]",-1,-1,False,"['A', 'C']","['C', 'F']"
5a7d24f1554299452d57bb21::active_set_pack_b,5a7d24f1554299452d57bb21,"['A', 'B', 'C', 'D', 'E', 'F']","[0, 0, 1, 0, 0, 1]","[-4.839015483856201, -1.4177145957946777, 20.389461517333984, -1.561570644378662, -8.12624454498291, -4.444906711578369]","[-4.839015483856201, -1.4177145957946777, 20.389461517333984, -1.561570644378662, -8.12624454498291, -4.444906711578369]","[-4.839015483856201, -1.4177145957946777, 20.389461517333984, -1.561570644378662, -8.12624454498291, -4.444906711578369]",1,1,False,"['A', 'C']","['C', 'F']"
5ac28a21554299677310256e::working_set_pack_a,5ac28a21554299677310256e,"['A', 'B', 'C', 'D', 'E', 'F']","[0, 1, 0, 0, 1, 0]","[-5.884003639221191, 29.239620208740234, -5.447221279144287, -6.2076416015625, -5.9364848136901855, -5.764265060424805]","[-5.884003639221191, 29.239620208740234, -5.447221279144287, -6.2076416015625, -5.9364848136901855, -5.764265060424805]","[5.884003639221191, -29.239620208740234, 5.447221279144287, 6.2076416015625, 5.9364848136901855, 5.764265060424805]",-1,-1,True,"['B', 'E']","['B', 'E']"
5ac28a21554299677310256e::active_set_pack_a,5ac28a21554299677310256e,"['A', 'B', 'C', 'D', 'E', 'F']","[0, 1, 0, 0, 1, 0]","[-6.1806135177612305, 30.950145721435547, -5.712601184844971, -7.057229995727539, -5.974335670471191, -6.0253777503967285]","[-6.1806135177612305, 30.950145721435547, -5.712601184844971, -7.057229995727539, -5.974335670471191, -6.0253777503967285]","[6.1806135177612305, -30.950145721435547, 5.712601184844971, 7.057229995727539, 5.974335670471191, 6.0253777503967285]",-1,-1,True,"['B', 'E']","['B', 'E']"
5ac28a21554299677310256e::working_set_pack_b,5ac28a21554299677310256e,"['A', 'B', 'C', 'D', 'E', 'F']","[0, 1, 0, 0, 1, 0]","[-9.012053489685059, 44.56254577636719, -10.317039489746094, -7.963950157165527, -9.155191421508789, -8.11429500579834]","[-9.012053489685059, 44.56254577636719, -10.317039489746094, -7.963950157165527, -9.155191421508789, -8.11429500579834]","[9.012053489685059, -44.56254577636719, 10.317039489746094, 7.963950157165527, 9.155191421508789, 8.11429500579834]",-1,-1,True,"['B', 'E']","['B', 'E']"
5ac28a21554299677310256e::active_set_pack_b,5ac28a21554299677310256e,"['A', 'B', 'C', 'D', 'E', 'F']","[0, 1, 0, 0, 1, 0]","[-8.55760669708252, 41.936187744140625, -8.138914108276367, -8.558064460754395, -8.171098709106445, -8.510503768920898]","[-8.55760669708252, 41.936187744140625, -8.138914108276367, -8.558064460754395, -8.171098709106445, -8.510503768920898]","[8.55760669708252, -41.936187744140625, 8.138914108276367, 8.558064460754395, 8.171098709106445, 8.510503768920898]",-1,-1,True,"['B', 'E']","['B', 'E']"
5a8f11fd554299458435d544::working_set_pack_a,5a8f11fd554299458435d544,"['A', 'B', 'C', 'D', 'E', 'F']","[0, 0, 0, 1, 1, 0]","[-15.78802490234375, -16.20526695251465, -15.772071838378906, 79.18032836914062, -15.624808311462402, -15.790177345275879]","[-15.78802490234375, -16.20526695251465, -15.772071838378906, 79.18032836914062, -15.624808311462402, -15.790177345275879]","[15.78802490234375, 16.20526695251465, 15.772071838378906, -79.18032836914062, 15.624808311462402, 15.790177345275879]",-1,-1,False,"['B', 'D']","['D', 'E']"
5a8f11fd554299458435d544::active_set_pack_a,5a8f11fd554299458435d544,"['A', 'B', 'C', 'D', 'E', 'F']","[0, 0, 0, 1, 1, 0]","[-15.571123123168945, -16.05841827392578, -15.526152610778809, 78.03812408447266, -15.3488130569458, -15.53360366821289]","[-15.571123123168945, -16.05841827392578, -15.526152610778809, 78.03812408447266, -15.3488130569458, -15.53360366821289]","[15.571123123168945, 16.05841827392578, 15.526152610778809, -78.03812408447266, 15.3488130569458, 15.53360366821289]",-1,-1,False,"['B', 'D']","['D', 'E']"
5a8f11fd554299458435d544::working_set_pack_b,5a8f11fd554299458435d544,"['A', 'B', 'C', 'D', 'E', 'F']","[0, 0, 0, 1, 1, 0]","[-16.952539443969727, -17.161766052246094, -16.907896041870117, 84.29075622558594, -16.54330062866211, -16.72526741027832]","[-16.952539443969727, -17.161766052246094, -16.907896041870117, 84.29075622558594, -16.54330062866211, -16.72526741027832]","[16.952539443969727, 17.161766052246094, 16.907896041870117, -84.29075622558594, 16.54330062866211, 16.72526741027832]",-1,-1,True,"['D', 'E']","['D', 'E']"
5a8f11fd554299458435d544::active_set_pack_b,5a8f11fd554299458435d544,"['A', 'B', 'C', 'D', 'E', 'F']","[0, 0, 0, 1, 1, 0]","[-17.089759826660156, -17.34492301940918, -16.922760009765625, 85.21768951416016, -16.87825584411621, -16.982019424438477]","[-17.089759826660156, -17.34492301940918, -16.922760009765625, 85.21768951416016, -16.87825584411621, -16.982019424438477]","[17.089759826660156, 17.34492301940918, 16.922760009765625, -85.21768951416016, 16.87825584411621, 16.982019424438477]",-1,-1,False,"['B', 'D']","['D', 'E']"
5abef2365542997ec76fd397::working_set_pack_a,5abef2365542997ec76fd397,"['A', 'B', 'C', 'D', 'E', 'F']","[1, 0, 0, 1, 0, 0]","[17.508371353149414, -1.9956223964691162, -2.812140703201294, -7.412555694580078, -2.7081825733184814, -2.579869508743286]","[17.508371353149414, -1.9956223964691162, -2.812140703201294, -7.412555694580078, -2.7081825733184814, -2.579869508743286]","[-17.508371353149414, 1.9956223964691162, 2.812140703201294, 7.412555694580078, 2.7081825733184814, 2.579869508743286]",-1,-1,True,"['A', 'D']","['A', 'D']"
5abef2365542997ec76fd397::active_set_pack_a,5abef2365542997ec76fd397,"['A', 'B', 'C', 'D', 'E', 'F']","[1, 0, 0, 1, 0, 0]","[16.218551635742188, -0.851513147354126, -1.7002111673355103, -10.606611251831055, -1.5377082824707031, -1.5225012302398682]","[16.218551635742188, -0.851513147354126, -1.7002111673355103, -10.606611251831055, -1.5377082824707031, -1.5225012302398682]","[16.218551635742188, -0.851513147354126, -1.7002111673355103, -10.606611251831055, -1.5377082824707031, -1.5225012302398682]",1,1,True,"['A', 'D']","['A', 'D']"
5abef2365542997ec76fd397::working_set_pack_b,5abef2365542997ec76fd397,"['A', 'B', 'C', 'D', 'E', 'F']","[1, 0, 0, 1, 0, 0]","[20.90070915222168, -2.020766496658325, -2.7773115634918213, -10.659564018249512, -2.793865919113159, -2.6491904258728027]","[20.90070915222168, -2.020766496658325, -2.7773115634918213, -10.659564018249512, -2.793865919113159, -2.6491904258728027]","[20.90070915222168, -2.020766496658325, -2.7773115634918213, -10.659564018249512, -2.793865919113159, -2.6491904258728027]",1,1,True,"['A', 'D']","['A', 'D']"
5abef2365542997ec76fd397::active_set_pack_b,5abef2365542997ec76fd397,"['A', 'B', 'C', 'D', 'E', 'F']","[1, 0, 0, 1, 0, 0]","[-8.928277969360352, -4.122396469116211, -3.550443172454834, 23.9682559967041, -3.739619255065918, -3.6275150775909424]","[-8.928277969360352, -4.122396469116211, -3.550443172454834, 23.9682559967041, -3.739619255065918, -3.6275150775909424]","[-8.928277969360352, -4.122396469116211, -3.550443172454834, 23.9682559967041, -3.739619255065918, -3.6275150775909424]",1,1,True,"['A', 'D']","['A', 'D']"
5a78d1bd55429974737f78bd::working_set_pack_a,5a78d1bd55429974737f78bd,"['A', 'B', 'C', 'D', 'E', 'F']","[0, 0, 0, 1, 1, 0]","[-4.255153656005859, -6.426242351531982, -5.288949012756348, 23.55583953857422, -3.6295676231384277, -3.955934762954712]","[-4.255153656005859, -6.426242351531982, -5.288949012756348, 23.55583953857422, -3.6295676231384277, -3.955934762954712]","[4.255153656005859, 6.426242351531982, 5.288949012756348, -23.55583953857422, 3.6295676231384277, 3.955934762954712]",-1,-1,False,"['B', 'D']","['D', 'E']"
5a78d1bd55429974737f78bd::active_set_pack_a,5a78d1bd55429974737f78bd,"['A', 'B', 'C', 'D', 'E', 'F']","[0, 0, 0, 1, 1, 0]","[-4.819579124450684, -6.713083744049072, -5.932526111602783, 26.113019943237305, -4.133545398712158, -4.514283657073975]","[-4.819579124450684, -6.713083744049072, -5.932526111602783, 26.113019943237305, -4.133545398712158, -4.514283657073975]","[4.819579124450684, 6.713083744049072, 5.932526111602783, -26.113019943237305, 4.133545398712158, 4.514283657073975]",-1,-1,False,"['B', 'D']","['D', 'E']"
5a78d1bd55429974737f78bd::working_set_pack_b,5a78d1bd55429974737f78bd,"['A', 'B', 'C', 'D', 'E', 'F']","[0, 0, 0, 1, 1, 0]","[-4.640802383422852, -7.091028213500977, -4.864649295806885, 23.77048683166504, -3.484753131866455, -3.6892478466033936]","[-4.640802383422852, -7.091028213500977, -4.864649295806885, 23.77048683166504, -3.484753131866455, -3.6892478466033936]","[4.640802383422852, 7.091028213500977, 4.864649295806885, -23.77048683166504, 3.484753131866455, 3.6892478466033936]",-1,-1,False,"['B', 'D']","['D', 'E']"
5a78d1bd55429974737f78bd::active_set_pack_b,5a78d1bd55429974737f78bd,"['A', 'B', 'C', 'D', 'E', 'F']","[0, 0, 0, 1, 1, 0]","[-4.403351306915283, -8.672300338745117, -5.354624271392822, 25.794841766357422, -4.393434047698975, -2.971140146255493]","[-4.403351306915283, -8.672300338745117, -5.354624271392822, 25.794841766357422, -4.393434047698975, -2.971140146255493]","[4.403351306915283, 8.672300338745117, 5.354624271392822, -25.794841766357422, 4.393434047698975, 2.971140146255493]",-1,-1,False,"['B', 'D']","['D', 'E']"
5abdb9125542993f32c2a018::working_set_pack_a,5abdb9125542993f32c2a018,"['A', 'B', 'C', 'D', 'E', 'F']","[0, 0, 1, 1, 0, 0]","[-6.368192195892334, -6.473517894744873, -10.910468101501465, 38.25638961791992, -6.478915214538574, -8.025287628173828]","[-6.368192195892334, -6.473517894744873, -10.910468101501465, 38.25638961791992, -6.478915214538574, -8.025287628173828]","[6.368192195892334, 6.473517894744873, 10.910468101501465, -38.25638961791992, 6.478915214538574, 8.025287628173828]",-1,-1,True,"['C', 'D']","['C', 'D']"
5abdb9125542993f32c2a018::active_set_pack_a,5abdb9125542993f32c2a018,"['A', 'B', 'C', 'D', 'E', 'F']","[0, 0, 1, 1, 0, 0]","[-6.740011215209961, -6.845743179321289, -11.573967933654785, 39.85385513305664, -6.831507682800293, -7.862627029418945]","[-6.740011215209961, -6.845743179321289, -11.573967933654785, 39.85385513305664, -6.831507682800293, -7.862627029418945]","[6.740011215209961, 6.845743179321289, 11.573967933654785, -39.85385513305664, 6.831507682800293, 7.862627029418945]",-1,-1,True,"['C', 'D']","['C', 'D']"
5abdb9125542993f32c2a018::working_set_pack_b,5abdb9125542993f32c2a018,"['A', 'B', 'C', 'D', 'E', 'F']","[0, 0, 1, 1, 0, 0]","[-5.171680450439453, -5.14579963684082, -6.143698692321777, 36.77647399902344, -5.043880462646484, -15.271413803100586]","[-5.171680450439453, -5.14579963684082, -6.143698692321777, 36.77647399902344, -5.043880462646484, -15.271413803100586]","[5.171680450439453, 5.14579963684082, 6.143698692321777, -36.77647399902344, 5.043880462646484, 15.271413803100586]",-1,-1,True,"['C', 'D']","['C', 'D']"
5abdb9125542993f32c2a018::active_set_pack_b,5abdb9125542993f32c2a018,"['A', 'B', 'C', 'D', 'E', 'F']","[0, 0, 1, 1, 0, 0]","[0.12810839712619781, 2.069169759750366, 3.003129243850708, 24.20073890686035, -3.697232723236084, -25.703922271728516]","[0.12810839712619781, 2.069169759750366, 3.003129243850708, 24.20073890686035, -3.697232723236084, -25.703922271728516]","[0.12810839712619781, 2.069169759750366, 3.003129243850708, 24.20073890686035, -3.697232723236084, -25.703922271728516]",1,1,True,"['C', 'D']","['C', 'D']"
5a745eb055429979e2882928::working_set_pack_a,5a745eb055429979e2882928,"['A', 'B', 'C', 'D', 'E', 'F']","[0, 0, 0, 1, 0, 1]","[-8.084052085876465, -8.045042037963867, -8.753371238708496, 41.13018035888672, -8.177967071533203, -8.0697603225708]","[-8.084052085876465, -8.045042037963867, -8.753371238708496, 41.13018035888672, -8.177967071533203, -8.0697603225708]","[8.084052085876465, 8.045042037963867, 8.753371238708496, -41.13018035888672, 8.177967071533203, 8.0697603225708]",-1,-1,False,"['C', 'D']","['D', 'F']"
5a745eb055429979e2882928::active_set_pack_a,5a745eb055429979e2882928,"['A', 'B', 'C', 'D', 'E', 'F']","[0, 0, 0, 1, 0, 1]","[-8.877459526062012, -8.941230773925781, -9.563043594360352, 44.99416732788086, -8.977136611938477, -8.635297775268555]","[-8.877459526062012, -8.941230773925781, -9.563043594360352, 44.99416732788086, -8.977136611938477, -8.635297775268555]","[8.877459526062012, 8.941230773925781, 9.563043594360352, -44.99416732788086, 8.977136611938477, 8.635297775268555]",-1,-1,False,"['C', 'D']","['D', 'F']"
5a745eb055429979e2882928::working_set_pack_b,5a745eb055429979e2882928,"['A', 'B', 'C', 'D', 'E', 'F']","[0, 0, 0, 1, 0, 1]","[-10.883338928222656, -10.89371395111084, -11.185154914855957, 54.851654052734375, -10.937359809875488, -10.952095985412598]","[-10.883338928222656, -10.89371395111084, -11.185154914855957, 54.851654052734375, -10.937359809875488, -10.952095985412598]","[10.883338928222656, 10.89371395111084, 11.185154914855957, -54.851654052734375, 10.937359809875488, 10.952095985412598]",-1,-1,False,"['C', 'D']","['D', 'F']"
5a745eb055429979e2882928::active_set_pack_b,5a745eb055429979e2882928,"['A', 'B', 'C', 'D', 'E', 'F']","[0, 0, 0, 1, 0, 1]","[-7.609997272491455, -7.596197128295898, -8.133044242858887, 38.98957443237305, -7.721286773681641, -7.929049015045166]","[-7.609997272491455, -7.596197128295898, -8.133044242858887, 38.98957443237305, -7.721286773681641, -7.929049015045166]","[7.609997272491455, 7.596197128295898, 8.133044242858887, -38.98957443237305, 7.721286773681641, 7.929049015045166]",-1,-1,False,"['C', 'D']","['D', 'F']"
5ab7f030554299366779405a::working_set_pack_a,5ab7f030554299366779405a,"['A', 'B', 'C', 'D', 'E', 'F']","[1, 1, 0, 0, 0, 0]","[-7.264628887176514, 26.840421676635742, -4.523746967315674, -5.1291069984436035, -4.995184898376465, -4.927761077880859]","[-7.264628887176514, 26.840421676635742, -4.523746967315674, -5.1291069984436035, -4.995184898376465, -4.927761077880859]","[7.264628887176514, -26.840421676635742, 4.523746967315674, 5.1291069984436035, 4.995184898376465, 4.927761077880859]",-1,-1,True,"['A', 'B']","['A', 'B']"
5ab7f030554299366779405a::active_set_pack_a,5ab7f030554299366779405a,"['A', 'B', 'C', 'D', 'E', 'F']","[1, 1, 0, 0, 0, 0]","[-6.441162109375, 25.219465255737305, -4.376447677612305, -4.7909321784973145, -4.794159412384033, -4.816767692565918]","[-6.441162109375, 25.219465255737305, -4.376447677612305, -4.7909321784973145, -4.794159412384033, -4.816767692565918]","[-6.441162109375, 25.219465255737305, -4.376447677612305, -4.7909321784973145, -4.794159412384033, -4.816767692565918]",1,1,True,"['A', 'B']","['A', 'B']"
5ab7f030554299366779405a::working_set_pack_b,5ab7f030554299366779405a,"['A', 'B', 'C', 'D', 'E', 'F']","[1, 1, 0, 0, 0, 0]","[15.597447395324707, -13.267245292663574, -0.5621176362037659, -0.6360254883766174, -0.22048082947731018, -0.9115713834762573]","[15.597447395324707, -13.267245292663574, -0.5621176362037659, -0.6360254883766174, -0.22048082947731018, -0.9115713834762573]","[15.597447395324707, -13.267245292663574, -0.5621176362037659, -0.6360254883766174, -0.22048082947731018, -0.9115713834762573]",1,1,True,"['A', 'B']","['A', 'B']"
5ab7f030554299366779405a::active_set_pack_b,5ab7f030554299366779405a,"['A', 'B', 'C', 'D', 'E', 'F']","[1, 1, 0, 0, 0, 0]","[-8.573124885559082, 14.378925323486328, -1.578317642211914, -1.5962839126586914, -1.651959776878357, -0.9792336821556091]","[-8.573124885559082, 14.378925323486328, -1.578317642211914, -1.5962839126586914, -1.651959776878357, -0.9792336821556091]","[8.573124885559082, -14.378925323486328, 1.578317642211914, 1.5962839126586914, 1.651959776878357, 0.9792336821556091]",-1,-1,True,"['A', 'B']","['A', 'B']"
5a90bd6555429933b8a205cf::working_set_pack_a,5a90bd6555429933b8a205cf,"['A', 'B', 'C', 'D', 'E', 'F']","[0, 1, 0, 0, 0, 1]","[-7.15191650390625, -7.588568210601807, -7.623993396759033, -7.304498195648193, -6.291781902313232, 35.96075439453125]","[-7.15191650390625, -7.588568210601807, -7.623993396759033, -7.304498195648193, -6.291781902313232, 35.96075439453125]","[7.15191650390625, 7.588568210601807, 7.623993396759033, 7.304498195648193, 6.291781902313232, -35.96075439453125]",-1,-1,True,"['B', 'F']","['B', 'F']"
5a90bd6555429933b8a205cf::active_set_pack_a,5a90bd6555429933b8a205cf,"['A', 'B', 'C', 'D', 'E', 'F']","[0, 1, 0, 0, 0, 1]","[-6.877404689788818, -8.703972816467285, -7.454401969909668, -6.996527671813965, -6.58042573928833, 36.61272430419922]","[-6.877404689788818, -8.703972816467285, -7.454401969909668, -6.996527671813965, -6.58042573928833, 36.61272430419922]","[6.877404689788818, 8.703972816467285, 7.454401969909668, 6.996527671813965, 6.58042573928833, -36.61272430419922]",-1,-1,True,"['B', 'F']","['B', 'F']"
5a90bd6555429933b8a205cf::working_set_pack_b,5a90bd6555429933b8a205cf,"['A', 'B', 'C', 'D', 'E', 'F']","[0, 1, 0, 0, 0, 1]","[-7.431064128875732, -6.9224677085876465, -7.502780914306641, -7.660143852233887, -6.578016757965088, 36.0944709777832]","[-7.431064128875732, -6.9224677085876465, -7.502780914306641, -7.660143852233887, -6.578016757965088, 36.0944709777832]","[7.431064128875732, 6.9224677085876465, 7.502780914306641, 7.660143852233887, 6.578016757965088, -36.0944709777832]",-1,-1,True,"['B', 'F']","['B', 'F']"
5a90bd6555429933b8a205cf::active_set_pack_b,5a90bd6555429933b8a205cf,"['A', 'B', 'C', 'D', 'E', 'F']","[0, 1, 0, 0, 0, 1]","[-7.225306987762451, -7.619137763977051, -7.489135265350342, -6.836193084716797, -6.614427089691162, 35.784202575683594]","[-7.225306987762451, -7.619137763977051, -7.489135265350342, -6.836193084716797, -6.614427089691162, 35.784202575683594]","[7.225306987762451, 7.619137763977051, 7.489135265350342, 6.836193084716797, 6.614427089691162, -35.784202575683594]",-1,-1,True,"['B', 'F']","['B', 'F']"
5ab433675542991751b4d6e6::working_set_pack_a,5ab433675542991751b4d6e6,"['A', 'B', 'C', 'D', 'E', 'F']","[0, 1, 1, 0, 0, 0]","[-4.576214790344238, -18.19862937927246, 36.826114654541016, -4.7074666023254395, -4.604455947875977, -4.7393479347229]","[-4.576214790344238, -18.19862937927246, 36.826114654541016, -4.7074666023254395, -4.604455947875977, -4.7393479347229]","[-4.576214790344238, -18.19862937927246, 36.826114654541016, -4.7074666023254395, -4.604455947875977, -4.7393479347229]",1,1,True,"['B', 'C']","['B', 'C']"
5ab433675542991751b4d6e6::active_set_pack_a,5ab433675542991751b4d6e6,"['A', 'B', 'C', 'D', 'E', 'F']","[0, 1, 1, 0, 0, 0]","[-0.10039231926202774, 26.192819595336914, -26.038028717041016, 0.09302220493555069, -0.15279652178287506, 0.0053725396282970905]","[-0.10039231926202774, 26.192819595336914, -26.038028717041016, 0.09302220493555069, -0.15279652178287506, 0.0053725396282970905]","[0.10039231926202774, -26.192819595336914, 26.038028717041016, -0.09302220493555069, 0.15279652178287506, -0.0053725396282970905]",-1,-1,True,"['B', 'C']","['B', 'C']"
5ab433675542991751b4d6e6::working_set_pack_b,5ab433675542991751b4d6e6,"['A', 'B', 'C', 'D', 'E', 'F']","[0, 1, 1, 0, 0, 0]","[-4.346766471862793, -18.580902099609375, 36.8642692565918, -4.648409366607666, -4.609106063842773, -4.679093837738037]","[-4.346766471862793, -18.580902099609375, 36.8642692565918, -4.648409366607666, -4.609106063842773, -4.679093837738037]","[4.346766471862793, 18.580902099609375, -36.8642692565918, 4.648409366607666, 4.609106063842773, 4.679093837738037]",-1,-1,True,"['B', 'C']","['B', 'C']"
5ab433675542991751b4d6e6::active_set_pack_b,5ab433675542991751b4d6e6,"['A', 'B', 'C', 'D', 'E', 'F']","[0, 1, 1, 0, 0, 0]","[-0.19242346286773682, 30.33050537109375, -28.74309730529785, -0.48951733112335205, -0.2145577222108841, -0.6909016966819763]","[-0.19242346286773682, 30.33050537109375, -28.74309730529785, -0.48951733112335205, -0.2145577222108841, -0.6909016966819763]","[-0.19242346286773682, 30.33050537109375, -28.74309730529785, -0.48951733112335205, -0.2145577222108841, -0.6909016966819763]",1,1,True,"['B', 'C']","['B', 'C']"
5ac47249554299194317399c::working_set_pack_a,5ac47249554299194317399c,"['A', 'B', 'C', 'D', 'E', 'F']","[1, 0, 0, 0, 1, 0]","[-8.187256813049316, -8.483853340148926, -8.832700729370117, -7.8861494064331055, 45.511962890625, -12.121997833251953]","[-8.187256813049316, -8.483853340148926, -8.832700729370117, -7.8861494064331055, 45.511962890625, -12.121997833251953]","[-8.187256813049316, -8.483853340148926, -8.832700729370117, -7.8861494064331055, 45.511962890625, -12.121997833251953]",1,1,True,"['A', 'E']","['A', 'E']"
5ac47249554299194317399c::active_set_pack_a,5ac47249554299194317399c,"['A', 'B', 'C', 'D', 'E', 'F']","[1, 0, 0, 0, 1, 0]","[-7.963343143463135, -8.383084297180176, -8.76329231262207, -8.373176574707031, 45.638038635253906, -12.15513801574707]","[-7.963343143463135, -8.383084297180176, -8.76329231262207, -8.373176574707031, 45.638038635253906, -12.15513801574707]","[-7.963343143463135, -8.383084297180176, -8.76329231262207, -8.373176574707031, 45.638038635253906, -12.15513801574707]",1,1,False,"['C', 'E']","['A', 'E']"
5ac47249554299194317399c::working_set_pack_b,5ac47249554299194317399c,"['A', 'B', 'C', 'D', 'E', 'F']","[1, 0, 0, 0, 1, 0]","[-7.709026336669922, -7.994070053100586, -8.428964614868164, -7.997167110443115, 43.64974594116211, -11.520503044128418]","[-7.709026336669922, -7.994070053100586, -8.428964614868164, -7.997167110443115, 43.64974594116211, -11.520503044128418]","[-7.709026336669922, -7.994070053100586, -8.428964614868164, -7.997167110443115, 43.64974594116211, -11.520503044128418]",1,1,False,"['C', 'E']","['A', 'E']"
5ac47249554299194317399c::active_set_pack_b,5ac47249554299194317399c,"['A', 'B', 'C', 'D', 'E', 'F']","[1, 0, 0, 0, 1, 0]","[-7.838263511657715, -8.171412467956543, -8.524433135986328, -7.969059467315674, 44.92835235595703, -12.42519474029541]","[-7.838263511657715, -8.171412467956543, -8.524433135986328, -7.969059467315674, 44.92835235595703, -12.42519474029541]","[-7.838263511657715, -8.171412467956543, -8.524433135986328, -7.969059467315674, 44.92835235595703, -12.42519474029541]",1,1,False,"['C', 'E']","['A', 'E']"
5aba04fb55429939ce03dc54::working_set_pack_a,5aba04fb55429939ce03dc54,"['A', 'B', 'C', 'D', 'E', 'F']","[0, 0, 1, 0, 1, 0]","[-9.348377227783203, -9.988659858703613, -10.515453338623047, -10.106804847717285, 49.586090087890625, -9.626791000366211]","[9.348377227783203, 9.988659858703613, 10.515453338623047, 10.106804847717285, -49.586090087890625, 9.626791000366211]","[9.348377227783203, 9.988659858703613, 10.515453338623047, 10.106804847717285, -49.586090087890625, 9.626791000366211]",-1,1,False,"['B', 'C']","['C', 'E']"
5aba04fb55429939ce03dc54::active_set_pack_a,5aba04fb55429939ce03dc54,"['A', 'B', 'C', 'D', 'E', 'F']","[0, 0, 1, 0, 1, 0]","[-7.917068004608154, -9.085274696350098, -9.458961486816406, -9.23282527923584, 44.30309295654297, -8.608952522277832]","[7.917068004608154, 9.085274696350098, 9.458961486816406, 9.23282527923584, -44.30309295654297, 8.608952522277832]","[7.917068004608154, 9.085274696350098, 9.458961486816406, 9.23282527923584, -44.30309295654297, 8.608952522277832]",-1,1,False,"['B', 'C']","['C', 'E']"
5aba04fb55429939ce03dc54::working_set_pack_b,5aba04fb55429939ce03dc54,"['A', 'B', 'C', 'D', 'E', 'F']","[0, 0, 1, 0, 1, 0]","[-7.87515926361084, -8.806719779968262, -8.973017692565918, -9.222454071044922, 43.093177795410156, -8.215819358825684]","[7.87515926361084, 8.806719779968262, 8.973017692565918, 9.222454071044922, -43.093177795410156, 8.215819358825684]","[7.87515926361084, 8.806719779968262, 8.973017692565918, 9.222454071044922, -43.093177795410156, 8.215819358825684]",-1,1,False,"['B', 'C']","['C', 'E']"
5aba04fb55429939ce03dc54::active_set_pack_b,5aba04fb55429939ce03dc54,"['A', 'B', 'C', 'D', 'E', 'F']","[0, 0, 1, 0, 1, 0]","[-3.820409059524536, -13.10643482208252, -5.404725551605225, -4.821447372436523, 31.446279525756836, -4.293255805969238]","[3.820409059524536, 13.10643482208252, 5.404725551605225, 4.821447372436523, -31.446279525756836, 4.293255805969238]","[3.820409059524536, 13.10643482208252, 5.404725551605225, 4.821447372436523, -31.446279525756836, 4.293255805969238]",-1,1,False,"['B', 'C']","['C', 'E']"
5a79f2185542996a35c1703d::working_set_pack_a,5a79f2185542996a35c1703d,"['A', 'B', 'C', 'D', 'E', 'F']","[1, 1, 0, 0, 0, 0]","[-3.636387825012207, 14.42673110961914, -2.5398318767547607, -2.8874566555023193, -2.623769760131836, -2.73927903175354]","[3.636387825012207, -14.42673110961914, 2.5398318767547607, 2.8874566555023193, 2.623769760131836, 2.73927903175354]","[3.636387825012207, -14.42673110961914, 2.5398318767547607, 2.8874566555023193, 2.623769760131836, 2.73927903175354]",-1,1,False,"['A', 'D']","['A', 'B']"
5a79f2185542996a35c1703d::active_set_pack_a,5a79f2185542996a35c1703d,"['A', 'B', 'C', 'D', 'E', 'F']","[1, 1, 0, 0, 0, 0]","[-3.545121908187866, 15.543320655822754, -2.854764938354492, -3.133857488632202, -2.94211483001709, -3.0674612522125244]","[3.545121908187866, -15.543320655822754, 2.854764938354492, 3.133857488632202, 2.94211483001709, 3.0674612522125244]","[3.545121908187866, -15.543320655822754, 2.854764938354492, 3.133857488632202, 2.94211483001709, 3.0674612522125244]",-1,1,False,"['A', 'D']","['A', 'B']"
5a79f2185542996a35c1703d::working_set_pack_b,5a79f2185542996a35c1703d,"['A', 'B', 'C', 'D', 'E', 'F']","[1, 1, 0, 0, 0, 0]","[-6.212031364440918, 26.107879638671875, -4.998441219329834, -5.14919900894165, -4.617654323577881, -5.130548477172852]","[-6.212031364440918, 26.107879638671875, -4.998441219329834, -5.14919900894165, -4.617654323577881, -5.130548477172852]","[6.212031364440918, -26.107879638671875, 4.998441219329834, 5.14919900894165, 4.617654323577881, 5.130548477172852]",-1,-1,True,"['A', 'B']","['A', 'B']"
5a79f2185542996a35c1703d::active_set_pack_b,5a79f2185542996a35c1703d,"['A', 'B', 'C', 'D', 'E', 'F']","[1, 1, 0, 0, 0, 0]","[-4.643974781036377, 18.436323165893555, -3.3368029594421387, -3.4779181480407715, -3.464243173599243, -3.5133817195892334]","[-4.643974781036377, 18.436323165893555, -3.3368029594421387, -3.4779181480407715, -3.464243173599243, -3.5133817195892334]","[4.643974781036377, -18.436323165893555, 3.3368029594421387, 3.4779181480407715, 3.464243173599243, 3.5133817195892334]",-1,-1,True,"['A', 'B']","['A', 'B']"
5ae0925e55429945ae9593c9::working_set_pack_a,5ae0925e55429945ae9593c9,"['A', 'B', 'C', 'D', 'E', 'F']","[0, 1, 1, 0, 0, 0]","[-8.250031471252441, -13.063193321228027, 45.548126220703125, -8.013792037963867, -8.138388633728027, -8.082722663879395]","[-8.250031471252441, -13.063193321228027, 45.548126220703125, -8.013792037963867, -8.138388633728027, -8.082722663879395]","[-8.250031471252441, -13.063193321228027, 45.548126220703125, -8.013792037963867, -8.138388633728027, -8.082722663879395]",1,1,True,"['B', 'C']","['B', 'C']"
5ae0925e55429945ae9593c9::active_set_pack_a,5ae0925e55429945ae9593c9,"['A', 'B', 'C', 'D', 'E', 'F']","[0, 1, 1, 0, 0, 0]","[-9.596796035766602, -12.77068042755127, 50.410980224609375, -9.217209815979004, -9.46567440032959, -9.360624313354492]","[-9.596796035766602, -12.77068042755127, 50.410980224609375, -9.217209815979004, -9.46567440032959, -9.360624313354492]","[-9.596796035766602, -12.77068042755127, 50.410980224609375, -9.217209815979004, -9.46567440032959, -9.360624313354492]",1,1,True,"['B', 'C']","['B', 'C']"
5ae0925e55429945ae9593c9::working_set_pack_b,5ae0925e55429945ae9593c9,"['A', 'B', 'C', 'D', 'E', 'F']","[0, 1, 1, 0, 0, 0]","[-3.434382200241089, -22.149904251098633, 34.89985656738281, -3.0205416679382324, -3.200704336166382, -3.094320297241211]","[-3.434382200241089, -22.149904251098633, 34.89985656738281, -3.0205416679382324, -3.200704336166382, -3.094320297241211]","[-3.434382200241089, -22.149904251098633, 34.89985656738281, -3.0205416679382324, -3.200704336166382, -3.094320297241211]",1,1,True,"['B', 'C']","['B', 'C']"
5ae0925e55429945ae9593c9::active_set_pack_b,5ae0925e55429945ae9593c9,"['A', 'B', 'C', 'D', 'E', 'F']","[0, 1, 1, 0, 0, 0]","[-2.3708786964416504, -24.863496780395508, 33.23600387573242, -1.8391327857971191, -2.1152565479278564, -2.0472359657287598]","[-2.3708786964416504, -24.863496780395508, 33.23600387573242, -1.8391327857971191, -2.1152565479278564, -2.0472359657287598]","[-2.3708786964416504, -24.863496780395508, 33.23600387573242, -1.8391327857971191, -2.1152565479278564, -2.0472359657287598]",1,1,True,"['B', 'C']","['B', 'C']"
5a7f165b55429934daa2fccd::working_set_pack_a,5a7f165b55429934daa2fccd,"['A', 'B', 'C', 'D', 'E', 'F']","[0, 0, 0, 1, 1, 0]","[-3.4606876373291016, -3.6268041133880615, -3.1624550819396973, -5.5485429763793945, 18.26936149597168, -2.4708733558654785]","[-3.4606876373291016, -3.6268041133880615, -3.1624550819396973, -5.5485429763793945, 18.26936149597168, -2.4708733558654785]","[3.4606876373291016, 3.6268041133880615, 3.1624550819396973, 5.5485429763793945, -18.26936149597168, 2.4708733558654785]",-1,-1,True,"['D', 'E']","['D', 'E']"
5a7f165b55429934daa2fccd::active_set_pack_a,5a7f165b55429934daa2fccd,"['A', 'B', 'C', 'D', 'E', 'F']","[0, 0, 0, 1, 1, 0]","[-2.0616743564605713, -2.076310873031616, -1.8250758647918701, -12.151320457458496, 14.458815574645996, 3.6555612087249756]","[-2.0616743564605713, -2.076310873031616, -1.8250758647918701, -12.151320457458496, 14.458815574645996, 3.6555612087249756]","[2.0616743564605713, 2.076310873031616, 1.8250758647918701, 12.151320457458496, -14.458815574645996, -3.6555612087249756]",-1,-1,True,"['D', 'E']","['D', 'E']"
5a7f165b55429934daa2fccd::working_set_pack_b,5a7f165b55429934daa2fccd,"['A', 'B', 'C', 'D', 'E', 'F']","[0, 0, 0, 1, 1, 0]","[0.5704692602157593, 0.708863377571106, 0.623939037322998, 9.03934383392334, 5.1063079833984375, -16.04892349243164]","[0.5704692602157593, 0.708863377571106, 0.623939037322998, 9.03934383392334, 5.1063079833984375, -16.04892349243164]","[-0.5704692602157593, -0.708863377571106, -0.623939037322998, -9.03934383392334, -5.1063079833984375, 16.04892349243164]",-1,-1,True,"['D', 'E']","['D', 'E']"
5a7f165b55429934daa2fccd::active_set_pack_b,5a7f165b55429934daa2fccd,"['A', 'B', 'C', 'D', 'E', 'F']","[0, 0, 0, 1, 1, 0]","[3.915384292602539, 3.9230237007141113, 3.6296496391296387, 1.6716020107269287, 9.612504005432129, -22.752145767211914]","[3.915384292602539, 3.9230237007141113, 3.6296496391296387, 1.6716020107269287, 9.612504005432129, -22.752145767211914]","[3.915384292602539, 3.9230237007141113, 3.6296496391296387, 1.6716020107269287, 9.612504005432129, -22.752145767211914]",1,1,True,"['D', 'E']","['D', 'E']"
5a8ba62d554299240d9c205c::working_set_pack_a,5a8ba62d554299240d9c205c,"['A', 'B', 'C', 'D', 'E', 'F']","[0, 1, 1, 0, 0, 0]","[-11.925419807434082, 64.58240509033203, -15.579951286315918, -11.877677917480469, -12.557875633239746, -12.641486167907715]","[-11.925419807434082, 64.58240509033203, -15.579951286315918, -11.877677917480469, -12.557875633239746, -12.641486167907715]","[-11.925419807434082, 64.58240509033203, -15.579951286315918, -11.877677917480469, -12.557875633239746, -12.641486167907715]",1,1,True,"['B', 'C']","['B', 'C']"
5a8ba62d554299240d9c205c::active_set_pack_a,5a8ba62d554299240d9c205c,"['A', 'B', 'C', 'D', 'E', 'F']","[0, 1, 1, 0, 0, 0]","[-11.55911922454834, 61.447025299072266, -14.332444190979004, -11.730076789855957, -11.937067031860352, -11.888318061828613]","[-11.55911922454834, 61.447025299072266, -14.332444190979004, -11.730076789855957, -11.937067031860352, -11.888318061828613]","[-11.55911922454834, 61.447025299072266, -14.332444190979004, -11.730076789855957, -11.937067031860352, -11.888318061828613]",1,1,True,"['B', 'C']","['B', 'C']"
5a8ba62d554299240d9c205c::working_set_pack_b,5a8ba62d554299240d9c205c,"['A', 'B', 'C', 'D', 'E', 'F']","[0, 1, 1, 0, 0, 0]","[-8.288394927978516, 48.44784164428711, -13.57822322845459, -8.64422607421875, -8.890311241149902, -9.046696662902832]","[-8.288394927978516, 48.44784164428711, -13.57822322845459, -8.64422607421875, -8.890311241149902, -9.046696662902832]","[-8.288394927978516, 48.44784164428711, -13.57822322845459, -8.64422607421875, -8.890311241149902, -9.046696662902832]",1,1,True,"['B', 'C']","['B', 'C']"
5a8ba62d554299240d9c205c::active_set_pack_b,5a8ba62d554299240d9c205c,"['A', 'B', 'C', 'D', 'E', 'F']","[0, 1, 1, 0, 0, 0]","[-9.131158828735352, 50.49506759643555, -12.592028617858887, -9.769044876098633, -9.540811538696289, -9.462011337280273]","[-9.131158828735352, 50.49506759643555, -12.592028617858887, -9.769044876098633, -9.540811538696289, -9.462011337280273]","[-9.131158828735352, 50.49506759643555, -12.592028617858887, -9.769044876098633, -9.540811538696289, -9.462011337280273]",1,1,True,"['B', 'C']","['B', 'C']"
5ae6053c55429929b0807a60::working_set_pack_a,5ae6053c55429929b0807a60,"['A', 'B', 'C', 'D', 'E', 'F']","[0, 1, 0, 1, 0, 0]","[-13.165843963623047, -14.09869384765625, -13.314117431640625, 67.7792739868164, -13.886918067932129, -13.313704490661621]","[-13.165843963623047, -14.09869384765625, -13.314117431640625, 67.7792739868164, -13.886918067932129, -13.313704490661621]","[13.165843963623047, 14.09869384765625, 13.314117431640625, -67.7792739868164, 13.886918067932129, 13.313704490661621]",-1,-1,True,"['B', 'D']","['B', 'D']"
5ae6053c55429929b0807a60::active_set_pack_a,5ae6053c55429929b0807a60,"['A', 'B', 'C', 'D', 'E', 'F']","[0, 1, 0, 1, 0, 0]","[-12.578712463378906, -13.363818168640137, -12.628161430358887, 64.30735778808594, -13.0266752243042, -12.70997428894043]","[-12.578712463378906, -13.363818168640137, -12.628161430358887, 64.30735778808594, -13.0266752243042, -12.70997428894043]","[12.578712463378906, 13.363818168640137, 12.628161430358887, -64.30735778808594, 13.0266752243042, 12.70997428894043]",-1,-1,True,"['B', 'D']","['B', 'D']"
5ae6053c55429929b0807a60::working_set_pack_b,5ae6053c55429929b0807a60,"['A', 'B', 'C', 'D', 'E', 'F']","[0, 1, 0, 1, 0, 0]","[-11.211612701416016, -12.039067268371582, -11.122113227844238, 58.17426300048828, -12.289787292480469, -11.511686325073242]","[-11.211612701416016, -12.039067268371582, -11.122113227844238, 58.17426300048828, -12.289787292480469, -11.511686325073242]","[11.211612701416016, 12.039067268371582, 11.122113227844238, -58.17426300048828, 12.289787292480469, 11.511686325073242]",-1,-1,True,"['B', 'D']","['B', 'D']"
5ae6053c55429929b0807a60::active_set_pack_b,5ae6053c55429929b0807a60,"['A', 'B', 'C', 'D', 'E', 'F']","[0, 1, 0, 1, 0, 0]","[-12.056781768798828, -13.237237930297852, -11.795674324035645, 61.749393463134766, -12.425765991210938, -12.233930587768555]","[-12.056781768798828, -13.237237930297852, -11.795674324035645, 61.749393463134766, -12.425765991210938, -12.233930587768555]","[12.056781768798828, 13.237237930297852, 11.795674324035645, -61.749393463134766, 12.425765991210938, 12.233930587768555]",-1,-1,True,"['B', 'D']","['B', 'D']"
5ae42a195542995ad6573d0e::working_set_pack_a,5ae42a195542995ad6573d0e,"['A', 'B', 'C', 'D', 'E', 'F']","[1, 0, 0, 0, 1, 0]","[-9.128336906433105, -9.627552032470703, -9.77811336517334, -10.042794227600098, 48.40409851074219, -9.827308654785156]","[-9.128336906433105, -9.627552032470703, -9.77811336517334, -10.042794227600098, 48.40409851074219, -9.827308654785156]","[9.128336906433105, 9.627552032470703, 9.77811336517334, 10.042794227600098, -48.40409851074219, 9.827308654785156]",-1,-1,False,"['E', 'F']","['A', 'E']"
5ae42a195542995ad6573d0e::active_set_pack_a,5ae42a195542995ad6573d0e,"['A', 'B', 'C', 'D', 'E', 'F']","[1, 0, 0, 0, 1, 0]","[-10.608267784118652, -11.010830879211426, -11.223692893981934, -11.259363174438477, 55.28878402709961, -11.186625480651855]","[-10.608267784118652, -11.010830879211426, -11.223692893981934, -11.259363174438477, 55.28878402709961, -11.186625480651855]","[10.608267784118652, 11.010830879211426, 11.223692893981934, 11.259363174438477, -55.28878402709961, 11.186625480651855]",-1,-1,False,"['E', 'F']","['A', 'E']"
5ae42a195542995ad6573d0e::working_set_pack_b,5ae42a195542995ad6573d0e,"['A', 'B', 'C', 'D', 'E', 'F']","[1, 0, 0, 0, 1, 0]","[-8.914306640625, -9.333873748779297, -9.703682899475098, -9.651155471801758, 47.05195236206055, -9.448951721191406]","[-8.914306640625, -9.333873748779297, -9.703682899475098, -9.651155471801758, 47.05195236206055, -9.448951721191406]","[8.914306640625, 9.333873748779297, 9.703682899475098, 9.651155471801758, -47.05195236206055, 9.448951721191406]",-1,-1,True,"['A', 'E']","['A', 'E']"
5ae42a195542995ad6573d0e::active_set_pack_b,5ae42a195542995ad6573d0e,"['A', 'B', 'C', 'D', 'E', 'F']","[1, 0, 0, 0, 1, 0]","[-9.580042839050293, -10.332368850708008, -10.343512535095215, -9.31628131866455, 49.73997116088867, -10.167763710021973]","[-9.580042839050293, -10.332368850708008, -10.343512535095215, -9.31628131866455, 49.73997116088867, -10.167763710021973]","[9.580042839050293, 10.332368850708008, 10.343512535095215, 9.31628131866455, -49.73997116088867, 10.167763710021973]",-1,-1,False,"['E', 'F']","['A', 'E']"
5ae1aed65542997f29b3c0ff::working_set_pack_a,5ae1aed65542997f29b3c0ff,"['A', 'B', 'C', 'D', 'E', 'F']","[1, 0, 0, 0, 0, 1]","[-11.057373046875, -11.194265365600586, -11.441110610961914, -13.874343872070312, -12.413594245910645, 59.980674743652344]","[-11.057373046875, -11.194265365600586, -11.441110610961914, -13.874343872070312, -12.413594245910645, 59.980674743652344]","[11.057373046875, 11.194265365600586, 11.441110610961914, 13.874343872070312, 12.413594245910645, -59.980674743652344]",-1,-1,False,"['D', 'F']","['A', 'F']"
5ae1aed65542997f29b3c0ff::active_set_pack_a,5ae1aed65542997f29b3c0ff,"['A', 'B', 'C', 'D', 'E', 'F']","[1, 0, 0, 0, 0, 1]","[-10.817389488220215, -10.937641143798828, -11.168145179748535, -13.969278335571289, -12.543111801147461, 59.435569763183594]","[-10.817389488220215, -10.937641143798828, -11.168145179748535, -13.969278335571289, -12.543111801147461, 59.435569763183594]","[10.817389488220215, 10.937641143798828, 11.168145179748535, 13.969278335571289, 12.543111801147461, -59.435569763183594]",-1,-1,False,"['D', 'F']","['A', 'F']"
5ae1aed65542997f29b3c0ff::working_set_pack_b,5ae1aed65542997f29b3c0ff,"['A', 'B', 'C', 'D', 'E', 'F']","[1, 0, 0, 0, 0, 1]","[-11.549126625061035, -11.653362274169922, -11.87805461883545, -14.10717487335205, -12.602235794067383, 61.78995895385742]","[-11.549126625061035, -11.653362274169922, -11.87805461883545, -14.10717487335205, -12.602235794067383, 61.78995895385742]","[11.549126625061035, 11.653362274169922, 11.87805461883545, 14.10717487335205, 12.602235794067383, -61.78995895385742]",-1,-1,False,"['D', 'F']","['A', 'F']"
5ae1aed65542997f29b3c0ff::active_set_pack_b,5ae1aed65542997f29b3c0ff,"['A', 'B', 'C', 'D', 'E', 'F']","[1, 0, 0, 0, 0, 1]","[-11.972925186157227, -12.075733184814453, -12.110867500305176, -14.414956092834473, -12.671241760253906, 63.24571990966797]","[-11.972925186157227, -12.075733184814453, -12.110867500305176, -14.414956092834473, -12.671241760253906, 63.24571990966797]","[11.972925186157227, 12.075733184814453, 12.110867500305176, 14.414956092834473, 12.671241760253906, -63.24571990966797]",-1,-1,False,"['D', 'F']","['A', 'F']"
5a7c75a655429935c91b51c4::working_set_pack_a,5a7c75a655429935c91b51c4,"['A', 'B', 'C', 'D', 'E', 'F']","[0, 1, 1, 0, 0, 0]","[-13.36060619354248, -13.133451461791992, 64.09716033935547, -12.569812774658203, -12.713845252990723, -12.319441795349121]","[-13.36060619354248, -13.133451461791992, 64.09716033935547, -12.569812774658203, -12.713845252990723, -12.319441795349121]","[-13.36060619354248, -13.133451461791992, 64.09716033935547, -12.569812774658203, -12.713845252990723, -12.319441795349121]",1,1,False,"['A', 'C']","['B', 'C']"
5a7c75a655429935c91b51c4::active_set_pack_a,5a7c75a655429935c91b51c4,"['A', 'B', 'C', 'D', 'E', 'F']","[0, 1, 1, 0, 0, 0]","[-13.029231071472168, -12.907112121582031, 63.11747360229492, -12.401111602783203, -12.49763011932373, -12.282390594482422]","[-13.029231071472168, -12.907112121582031, 63.11747360229492, -12.401111602783203, -12.49763011932373, -12.282390594482422]","[-13.029231071472168, -12.907112121582031, 63.11747360229492, -12.401111602783203, -12.49763011932373, -12.282390594482422]",1,1,False,"['A', 'C']","['B', 'C']"
5a7c75a655429935c91b51c4::working_set_pack_b,5a7c75a655429935c91b51c4,"['A', 'B', 'C', 'D', 'E', 'F']","[0, 1, 1, 0, 0, 0]","[-12.39365291595459, -12.52458667755127, 60.68655776977539, -11.922723770141602, -12.019780158996582, -11.825826644897461]","[-12.39365291595459, -12.52458667755127, 60.68655776977539, -11.922723770141602, -12.019780158996582, -11.825826644897461]","[12.39365291595459, 12.52458667755127, -60.68655776977539, 11.922723770141602, 12.019780158996582, 11.825826644897461]",-1,-1,False,"['A', 'C']","['B', 'C']"
5a7c75a655429935c91b51c4::active_set_pack_b,5a7c75a655429935c91b51c4,"['A', 'B', 'C', 'D', 'E', 'F']","[0, 1, 1, 0, 0, 0]","[-13.332938194274902, -13.522002220153809, 64.78279113769531, -12.556278228759766, -12.765990257263184, -12.60558795928955]","[-13.332938194274902, -13.522002220153809, 64.78279113769531, -12.556278228759766, -12.765990257263184, -12.60558795928955]","[13.332938194274902, 13.522002220153809, -64.78279113769531, 12.556278228759766, 12.765990257263184, 12.60558795928955]",-1,-1,False,"['A', 'C']","['B', 'C']"
5a76c0d3554299373536019f::working_set_pack_a,5a76c0d3554299373536019f,"['A', 'B', 'C', 'D', 'E', 'F']","[0, 1, 0, 0, 0, 1]","[-12.017753601074219, -12.386530876159668, -12.063742637634277, -12.207685470581055, -11.24280834197998, 59.91851043701172]","[-12.017753601074219, -12.386530876159668, -12.063742637634277, -12.207685470581055, -11.24280834197998, 59.91851043701172]","[12.017753601074219, 12.386530876159668, 12.063742637634277, 12.207685470581055, 11.24280834197998, -59.91851043701172]",-1,-1,True,"['B', 'F']","['B', 'F']"
5a76c0d3554299373536019f::active_set_pack_a,5a76c0d3554299373536019f,"['A', 'B', 'C', 'D', 'E', 'F']","[0, 1, 0, 0, 0, 1]","[-12.149920463562012, -12.347280502319336, -12.276103973388672, -12.532044410705566, -12.170777320861816, 61.47611999511719]","[-12.149920463562012, -12.347280502319336, -12.276103973388672, -12.532044410705566, -12.170777320861816, 61.47611999511719]","[12.149920463562012, 12.347280502319336, 12.276103973388672, 12.532044410705566, 12.170777320861816, -61.47611999511719]",-1,-1,True,"['B', 'F']","['B', 'F']"
5a76c0d3554299373536019f::working_set_pack_b,5a76c0d3554299373536019f,"['A', 'B', 'C', 'D', 'E', 'F']","[0, 1, 0, 0, 0, 1]","[-10.836405754089355, -10.984914779663086, -11.02484130859375, -11.04360580444336, -10.841911315917969, 54.73168182373047]","[-10.836405754089355, -10.984914779663086, -11.02484130859375, -11.04360580444336, -10.841911315917969, 54.73168182373047]","[10.836405754089355, 10.984914779663086, 11.02484130859375, 11.04360580444336, 10.841911315917969, -54.73168182373047]",-1,-1,True,"['B', 'F']","['B', 'F']"
5a76c0d3554299373536019f::active_set_pack_b,5a76c0d3554299373536019f,"['A', 'B', 'C', 'D', 'E', 'F']","[0, 1, 0, 0, 0, 1]","[-9.2132568359375, -9.62938404083252, -9.480695724487305, -9.348910331726074, -9.254197120666504, 46.92644500732422]","[-9.2132568359375, -9.62938404083252, -9.480695724487305, -9.348910331726074, -9.254197120666504, 46.92644500732422]","[9.2132568359375, 9.62938404083252, 9.480695724487305, 9.348910331726074, 9.254197120666504, -46.92644500732422]",-1,-1,True,"['B', 'F']","['B', 'F']"
5a8b1fc955429971feec4643::working_set_pack_a,5a8b1fc955429971feec4643,"['A', 'B', 'C', 'D', 'E', 'F']","[1, 1, 0, 0, 0, 0]","[17.483610153198242, -4.075032711029053, -3.408116102218628, -3.7821414470672607, -3.290179967880249, -2.9281466007232666]","[17.483610153198242, -4.075032711029053, -3.408116102218628, -3.7821414470672607, -3.290179967880249, -2.9281466007232666]","[-17.483610153198242, 4.075032711029053, 3.408116102218628, 3.7821414470672607, 3.290179967880249, 2.9281466007232666]",-1,-1,True,"['A', 'B']","['A', 'B']"
5a8b1fc955429971feec4643::active_set_pack_a,5a8b1fc955429971feec4643,"['A', 'B', 'C', 'D', 'E', 'F']","[1, 1, 0, 0, 0, 0]","[16.625024795532227, -5.238687038421631, -2.215280055999756, -4.274442195892334, -1.8915526866912842, -3.005061388015747]","[16.625024795532227, -5.238687038421631, -2.215280055999756, -4.274442195892334, -1.8915526866912842, -3.005061388015747]","[-16.625024795532227, 5.238687038421631, 2.215280055999756, 4.274442195892334, 1.8915526866912842, 3.005061388015747]",-1,-1,True,"['A', 'B']","['A', 'B']"
5a8b1fc955429971feec4643::working_set_pack_b,5a8b1fc955429971feec4643,"['A', 'B', 'C', 'D', 'E', 'F']","[1, 1, 0, 0, 0, 0]","[20.24578857421875, -5.821562767028809, -3.690800189971924, -4.941313743591309, -2.8478636741638184, -2.9442474842071533]","[20.24578857421875, -5.821562767028809, -3.690800189971924, -4.941313743591309, -2.8478636741638184, -2.9442474842071533]","[-20.24578857421875, 5.821562767028809, 3.690800189971924, 4.941313743591309, 2.8478636741638184, 2.9442474842071533]",-1,-1,True,"['A', 'B']","['A', 'B']"
5a8b1fc955429971feec4643::active_set_pack_b,5a8b1fc955429971feec4643,"['A', 'B', 'C', 'D', 'E', 'F']","[1, 1, 0, 0, 0, 0]","[19.721908569335938, -4.649538993835449, -3.911412239074707, -4.095636367797852, -3.6667702198028564, -3.398545980453491]","[19.721908569335938, -4.649538993835449, -3.911412239074707, -4.095636367797852, -3.6667702198028564, -3.398545980453491]","[-19.721908569335938, 4.649538993835449, 3.911412239074707, 4.095636367797852, 3.6667702198028564, 3.398545980453491]",-1,-1,True,"['A', 'B']","['A', 'B']"
5a8add645542992d82986fb5::working_set_pack_a,5a8add645542992d82986fb5,"['A', 'B', 'C', 'D', 'E', 'F']","[0, 0, 0, 1, 0, 1]","[-3.155087947845459, -5.704471588134766, -3.5766119956970215, -4.060434341430664, -4.990993022918701, 21.48759651184082]","[3.155087947845459, 5.704471588134766, 3.5766119956970215, 4.060434341430664, 4.990993022918701, -21.48759651184082]","[3.155087947845459, 5.704471588134766, 3.5766119956970215, 4.060434341430664, 4.990993022918701, -21.48759651184082]",-1,1,False,"['B', 'D']","['D', 'F']"
5a8add645542992d82986fb5::active_set_pack_a,5a8add645542992d82986fb5,"['A', 'B', 'C', 'D', 'E', 'F']","[0, 0, 0, 1, 0, 1]","[1.7131977081298828, 5.961536407470703, 1.1255091428756714, 6.746817588806152, -25.150848388671875, 9.603804588317871]","[1.7131977081298828, 5.961536407470703, 1.1255091428756714, 6.746817588806152, -25.150848388671875, 9.603804588317871]","[-1.7131977081298828, -5.961536407470703, -1.1255091428756714, -6.746817588806152, 25.150848388671875, -9.603804588317871]",-1,-1,False,"['B', 'D']","['D', 'F']"
5a8add645542992d82986fb5::working_set_pack_b,5a8add645542992d82986fb5,"['A', 'B', 'C', 'D', 'E', 'F']","[0, 0, 0, 1, 0, 1]","[-4.043946743011475, -8.654725074768066, -4.263428688049316, 26.818603515625, -5.104991436004639, -4.751513481140137]","[-4.043946743011475, -8.654725074768066, -4.263428688049316, 26.818603515625, -5.104991436004639, -4.751513481140137]","[4.043946743011475, 8.654725074768066, 4.263428688049316, -26.818603515625, 5.104991436004639, 4.751513481140137]",-1,-1,False,"['B', 'D']","['D', 'F']"
5a8add645542992d82986fb5::active_set_pack_b,5a8add645542992d82986fb5,"['A', 'B', 'C', 'D', 'E', 'F']","[0, 0, 0, 1, 0, 1]","[-3.2575323581695557, -11.146162033081055, -3.6586432456970215, 25.588706970214844, -3.9921727180480957, -3.5341992378234863]","[-3.2575323581695557, -11.146162033081055, -3.6586432456970215, 25.588706970214844, -3.9921727180480957, -3.5341992378234863]","[3.2575323581695557, 11.146162033081055, 3.6586432456970215, -25.588706970214844, 3.9921727180480957, 3.5341992378234863]",-1,-1,False,"['B', 'D']","['D', 'F']"
5a754aa455429916b01642e3::working_set_pack_a,5a754aa455429916b01642e3,"['A', 'B', 'C', 'D', 'E', 'F']","[0, 0, 1, 1, 0, 0]","[-5.371688365936279, -5.114830493927002, 32.426490783691406, -10.291603088378906, -5.410184383392334, -6.238183498382568]","[-5.371688365936279, -5.114830493927002, 32.426490783691406, -10.291603088378906, -5.410184383392334, -6.238183498382568]","[-5.371688365936279, -5.114830493927002, 32.426490783691406, -10.291603088378906, -5.410184383392334, -6.238183498382568]",1,1,True,"['C', 'D']","['C', 'D']"
5a754aa455429916b01642e3::active_set_pack_a,5a754aa455429916b01642e3,"['A', 'B', 'C', 'D', 'E', 'F']","[0, 0, 1, 1, 0, 0]","[-5.9818010330200195, -6.062056541442871, 34.711875915527344, -10.126664161682129, -6.040502548217773, -6.500852584838867]","[-5.9818010330200195, -6.062056541442871, 34.711875915527344, -10.126664161682129, -6.040502548217773, -6.500852584838867]","[-5.9818010330200195, -6.062056541442871, 34.711875915527344, -10.126664161682129, -6.040502548217773, -6.500852584838867]",1,1,True,"['C', 'D']","['C', 'D']"
5a754aa455429916b01642e3::working_set_pack_b,5a754aa455429916b01642e3,"['A', 'B', 'C', 'D', 'E', 'F']","[0, 0, 1, 1, 0, 0]","[-8.176677703857422, -8.095232009887695, 41.726016998291016, -9.336488723754883, -8.130834579467773, -7.986790657043457]","[-8.176677703857422, -8.095232009887695, 41.726016998291016, -9.336488723754883, -8.130834579467773, -7.986790657043457]","[-8.176677703857422, -8.095232009887695, 41.726016998291016, -9.336488723754883, -8.130834579467773, -7.986790657043457]",1,1,True,"['C', 'D']","['C', 'D']"
5a754aa455429916b01642e3::active_set_pack_b,5a754aa455429916b01642e3,"['A', 'B', 'C', 'D', 'E', 'F']","[0, 0, 1, 1, 0, 0]","[-8.464184761047363, -8.210433959960938, 43.66300582885742, -10.513740539550781, -8.333525657653809, -8.14111614227295]","[-8.464184761047363, -8.210433959960938, 43.66300582885742, -10.513740539550781, -8.333525657653809, -8.14111614227295]","[-8.464184761047363, -8.210433959960938, 43.66300582885742, -10.513740539550781, -8.333525657653809, -8.14111614227295]",1,1,True,"['C', 'D']","['C', 'D']"
5abad3395542996cc5e49e9f::working_set_pack_a,5abad3395542996cc5e49e9f,"['A', 'B', 'C', 'D', 'E', 'F']","[1, 0, 0, 0, 1, 0]","[-8.063933372497559, -3.9758522510528564, -4.181595325469971, -3.8886847496032715, 25.58325958251953, -5.4731974601745605]","[-8.063933372497559, -3.9758522510528564, -4.181595325469971, -3.8886847496032715, 25.58325958251953, -5.4731974601745605]","[-8.063933372497559, -3.9758522510528564, -4.181595325469971, -3.8886847496032715, 25.58325958251953, -5.4731974601745605]",1,1,True,"['A', 'E']","['A', 'E']"
5abad3395542996cc5e49e9f::active_set_pack_a,5abad3395542996cc5e49e9f,"['A', 'B', 'C', 'D', 'E', 'F']","[1, 0, 0, 0, 1, 0]","[-7.26416015625, -5.359957218170166, -5.683122634887695, -5.344466209411621, 30.721582412719727, -7.0698699951171875]","[-7.26416015625, -5.359957218170166, -5.683122634887695, -5.344466209411621, 30.721582412719727, -7.0698699951171875]","[-7.26416015625, -5.359957218170166, -5.683122634887695, -5.344466209411621, 30.721582412719727, -7.0698699951171875]",1,1,True,"['A', 'E']","['A', 'E']"
5abad3395542996cc5e49e9f::working_set_pack_b,5abad3395542996cc5e49e9f,"['A', 'B', 'C', 'D', 'E', 'F']","[1, 0, 0, 0, 1, 0]","[-6.717311859130859, -4.526106834411621, -4.245152473449707, -4.219503402709961, 24.42559051513672, -4.71752405166626]","[-6.717311859130859, -4.526106834411621, -4.245152473449707, -4.219503402709961, 24.42559051513672, -4.71752405166626]","[-6.717311859130859, -4.526106834411621, -4.245152473449707, -4.219503402709961, 24.42559051513672, -4.71752405166626]",1,1,True,"['A', 'E']","['A', 'E']"
5abad3395542996cc5e49e9f::active_set_pack_b,5abad3395542996cc5e49e9f,"['A', 'B', 'C', 'D', 'E', 'F']","[1, 0, 0, 0, 1, 0]","[-7.858870983123779, -5.31845235824585, -4.925716876983643, -5.038181781768799, 28.275405883789062, -5.134183883666992]","[-7.858870983123779, -5.31845235824585, -4.925716876983643, -5.038181781768799, 28.275405883789062, -5.134183883666992]","[-7.858870983123779, -5.31845235824585, -4.925716876983643, -5.038181781768799, 28.275405883789062, -5.134183883666992]",1,1,True,"['A', 'E']","['A', 'E']"
