example_id,prompt_id,gold_labels,clean_preds,corrupted_preds,full_patch_preds,pc1_replace_preds,multi_pc_preds,random_replace_preds,corrupted_correct,full_patch_correct,pc1_replace_correct,multi_pc_correct,random_replace_correct,corrupted_gold_overlap,full_patch_gold_overlap,pc1_gold_overlap,multi_pc_gold_overlap,random_gold_overlap
5a8b57f25542995d1e6f1371,5a8b57f25542995d1e6f1371::working_set_pack_a,"['D', 'F']","['D', 'F']","['A', 'C']","['D', 'F']","['C', 'D']","['C', 'D']","['A', 'C']",False,True,False,False,False,0,2,1,1,0
5a8b57f25542995d1e6f1371,5a8b57f25542995d1e6f1371::active_set_pack_a,"['D', 'F']","['D', 'F']","['A', 'C']","['D', 'F']","['C', 'D']","['C', 'D']","['A', 'C']",False,True,False,False,False,0,2,1,1,0
5a8b57f25542995d1e6f1371,5a8b57f25542995d1e6f1371::working_set_pack_b,"['D', 'F']","['D', 'F']","['A', 'C']","['D', 'F']","['C', 'D']","['C', 'D']","['A', 'C']",False,True,False,False,False,0,2,1,1,0
5a8b57f25542995d1e6f1371,5a8b57f25542995d1e6f1371::active_set_pack_b,"['D', 'F']","['D', 'F']","['A', 'C']","['D', 'F']","['C', 'D']","['C', 'D']","['A', 'C']",False,True,False,False,False,0,2,1,1,0
5adbf0a255429947ff17385a,5adbf0a255429947ff17385a::working_set_pack_a,"['A', 'F']","['A', 'F']","['C', 'E']","['C', 'F']","['C', 'E']","['C', 'D']","['C', 'E']",False,False,False,False,False,0,1,0,0,0
5adbf0a255429947ff17385a,5adbf0a255429947ff17385a::active_set_pack_a,"['A', 'F']","['A', 'F']","['C', 'E']","['C', 'F']","['C', 'E']","['C', 'F']","['C', 'E']",False,False,False,False,False,0,1,0,1,0
5adbf0a255429947ff17385a,5adbf0a255429947ff17385a::working_set_pack_b,"['A', 'F']","['A', 'F']","['C', 'E']","['C', 'F']","['C', 'E']","['C', 'F']","['C', 'E']",False,False,False,False,False,0,1,0,1,0
5adbf0a255429947ff17385a,5adbf0a255429947ff17385a::active_set_pack_b,"['A', 'F']","['A', 'F']","['C', 'E']","['C', 'F']","['C', 'E']","['C', 'F']","['C', 'E']",False,False,False,False,False,0,1,0,1,0
5a8e3ea95542995a26add48d,5a8e3ea95542995a26add48d::working_set_pack_a,"['B', 'F']","['B', 'F']","['D', 'E']","['B', 'F']","['E', 'F']","['D', 'F']","['D', 'E']",False,True,False,False,False,0,2,1,1,0
5a8e3ea95542995a26add48d,5a8e3ea95542995a26add48d::active_set_pack_a,"['B', 'F']","['B', 'F']","['D', 'E']","['B', 'F']","['E', 'F']","['E', 'F']","['D', 'E']",False,True,False,False,False,0,2,1,1,0
5a8e3ea95542995a26add48d,5a8e3ea95542995a26add48d::working_set_pack_b,"['B', 'F']","['B', 'F']","['D', 'E']","['B', 'F']","['E', 'F']","['D', 'F']","['D', 'E']",False,True,False,False,False,0,2,1,1,0
5a8e3ea95542995a26add48d,5a8e3ea95542995a26add48d::active_set_pack_b,"['B', 'F']","['B', 'F']","['D', 'E']","['B', 'F']","['E', 'F']","['D', 'F']","['D', 'E']",False,True,False,False,False,0,2,1,1,0
5abd94525542992ac4f382d2,5abd94525542992ac4f382d2::working_set_pack_a,"['A', 'E']","['A', 'E']","['C', 'D']","['C', 'E']","['C', 'D']","['C', 'D']","['C', 'D']",False,False,False,False,False,0,1,0,0,0
5abd94525542992ac4f382d2,5abd94525542992ac4f382d2::active_set_pack_a,"['A', 'E']","['A', 'E']","['C', 'D']","['E', 'E']","['C', 'D']","['C', 'D']","['C', 'D']",False,False,False,False,False,0,1,0,0,0
5abd94525542992ac4f382d2,5abd94525542992ac4f382d2::working_set_pack_b,"['A', 'E']","['A', 'E']","['C', 'D']","['C', 'E']","['C', 'D']","['C', 'D']","['C', 'D']",False,False,False,False,False,0,1,0,0,0
5abd94525542992ac4f382d2,5abd94525542992ac4f382d2::active_set_pack_b,"['A', 'E']","['A', 'E']","['C', 'D']","['C', 'E']","['C', 'D']","['C', 'D']","['C', 'D']",False,False,False,False,False,0,1,0,0,0
5a85b2d95542997b5ce40028,5a85b2d95542997b5ce40028::working_set_pack_a,"['E', 'F']","['E', 'F']","['B', 'D']","['B', 'F']","['B', 'C']","['B', 'F']","['B', 'D']",False,False,False,False,False,0,1,0,1,0
5a85b2d95542997b5ce40028,5a85b2d95542997b5ce40028::active_set_pack_a,"['E', 'F']","['E', 'F']","['B', 'D']","['B', 'F']","['B', 'C']","['B', 'F']","['B', 'D']",False,False,False,False,False,0,1,0,1,0
5a85b2d95542997b5ce40028,5a85b2d95542997b5ce40028::working_set_pack_b,"['E', 'F']","['E', 'F']","['B', 'D']","['B', 'F']","['B', 'C']","['B', 'F']","['B', 'D']",False,False,False,False,False,0,1,0,1,0
5a85b2d95542997b5ce40028,5a85b2d95542997b5ce40028::active_set_pack_b,"['E', 'F']","['E', 'F']","['B', 'D']","['B', 'F']","['B', 'D']","['B', 'F']","['B', 'D']",False,False,False,False,False,0,1,0,1,0
5a87ab905542996e4f3088c1,5a87ab905542996e4f3088c1::working_set_pack_a,"['E', 'F']","['E', 'F']","['A', 'F']","['E', 'F']","['A', 'F']","['A', 'F']","['A', 'F']",False,True,False,False,False,1,2,1,1,1
5a87ab905542996e4f3088c1,5a87ab905542996e4f3088c1::active_set_pack_a,"['E', 'F']","['E', 'F']","['A', 'F']","['E', 'F']","['A', 'F']","['A', 'F']","['A', 'F']",False,True,False,False,False,1,2,1,1,1
5a87ab905542996e4f3088c1,5a87ab905542996e4f3088c1::working_set_pack_b,"['E', 'F']","['E', 'F']","['A', 'D']","['E', 'F']","['A', 'F']","['E', 'F']","['A', 'D']",False,True,False,True,False,0,2,1,2,0
5a87ab905542996e4f3088c1,5a87ab905542996e4f3088c1::active_set_pack_b,"['E', 'F']","['E', 'F']","['A', 'F']","['E', 'F']","['A', 'F']","['A', 'F']","['A', 'F']",False,True,False,False,False,1,2,1,1,1
5a8db19d5542994ba4e3dd00,5a8db19d5542994ba4e3dd00::working_set_pack_a,"['A', 'D']","['A', 'D']","['E', 'F']","['D', 'E']","['D', 'E']","['D', 'E']","['E', 'F']",False,False,False,False,False,0,1,1,1,0
5a8db19d5542994ba4e3dd00,5a8db19d5542994ba4e3dd00::active_set_pack_a,"['A', 'D']","['A', 'D']","['E', 'F']","['D', 'E']","['D', 'E']","['D', 'E']","['E', 'F']",False,False,False,False,False,0,1,1,1,0
5a8db19d5542994ba4e3dd00,5a8db19d5542994ba4e3dd00::working_set_pack_b,"['A', 'D']","['A', 'D']","['E', 'F']","['D', 'E']","['D', 'E']","['D', 'E']","['E', 'F']",False,False,False,False,False,0,1,1,1,0
5a8db19d5542994ba4e3dd00,5a8db19d5542994ba4e3dd00::active_set_pack_b,"['A', 'D']","['A', 'D']","['E', 'F']","['D', 'E']","['D', 'E']","['D', 'E']","['E', 'F']",False,False,False,False,False,0,1,1,1,0
5ab29c24554299449642c932,5ab29c24554299449642c932::working_set_pack_a,"['B', 'D']","['B', 'D']","['C', 'E']","['C', 'E']","['C', 'E']","['C', 'D']","['C', 'E']",False,False,False,False,False,0,0,0,1,0
5ab29c24554299449642c932,5ab29c24554299449642c932::active_set_pack_a,"['B', 'D']","['B', 'D']","['C', 'E']","['C', 'E']","['C', 'E']","['C', 'D']","['C', 'E']",False,False,False,False,False,0,0,0,1,0
5ab29c24554299449642c932,5ab29c24554299449642c932::working_set_pack_b,"['B', 'D']","['B', 'D']","['C', 'E']","['C', 'E']","['C', 'E']","['C', 'D']","['C', 'E']",False,False,False,False,False,0,0,0,1,0
5ab29c24554299449642c932,5ab29c24554299449642c932::active_set_pack_b,"['B', 'D']","['B', 'D']","['C', 'E']","['C', 'E']","['C', 'E']","['C', 'E']","['C', 'E']",False,False,False,False,False,0,0,0,0,0
5ae0d4c9554299603e418468,5ae0d4c9554299603e418468::working_set_pack_a,"['B', 'E']","['B', 'E']","['A', 'F']","['A', 'E']","['A', 'F']","['A', 'E']","['A', 'F']",False,False,False,False,False,0,1,0,1,0
5ae0d4c9554299603e418468,5ae0d4c9554299603e418468::active_set_pack_a,"['B', 'E']","['B', 'E']","['A', 'F']","['B', 'E']","['A', 'F']","['A', 'E']","['A', 'F']",False,True,False,False,False,0,2,0,1,0
5ae0d4c9554299603e418468,5ae0d4c9554299603e418468::working_set_pack_b,"['B', 'E']","['B', 'E']","['A', 'F']","['B', 'E']","['A', 'F']","['A', 'E']","['A', 'F']",False,True,False,False,False,0,2,0,1,0
5ae0d4c9554299603e418468,5ae0d4c9554299603e418468::active_set_pack_b,"['B', 'E']","['B', 'E']","['A', 'F']","['B', 'E']","['A', 'F']","['A', 'E']","['A', 'F']",False,True,False,False,False,0,2,0,1,0
5ae6050f55429929b0807a5e,5ae6050f55429929b0807a5e::working_set_pack_a,"['D', 'E']","['D', 'E']","['B', 'C']","['B', 'E']","['B', 'C']","['B', 'C']","['B', 'C']",False,False,False,False,False,0,1,0,0,0
5ae6050f55429929b0807a5e,5ae6050f55429929b0807a5e::active_set_pack_a,"['D', 'E']","['D', 'E']","['B', 'C']","['B', 'E']","['B', 'C']","['B', 'C']","['B', 'C']",False,False,False,False,False,0,1,0,0,0
5ae6050f55429929b0807a5e,5ae6050f55429929b0807a5e::working_set_pack_b,"['D', 'E']","['D', 'E']","['B', 'C']","['E', 'E']","['B', 'C']","['C', 'E']","['B', 'C']",False,False,False,False,False,0,1,0,1,0
5ae6050f55429929b0807a5e,5ae6050f55429929b0807a5e::active_set_pack_b,"['D', 'E']","['D', 'E']","['B', 'C']","['E', 'E']","['B', 'C']","['B', 'C']","['B', 'C']",False,False,False,False,False,0,1,0,0,0
5ae2070a5542994d89d5b313,5ae2070a5542994d89d5b313::working_set_pack_a,"['C', 'D']","['C', 'D']","['A', 'F']","['D', 'F']","['D', 'F']","['D', 'F']","['A', 'F']",False,False,False,False,False,0,1,1,1,0
5ae2070a5542994d89d5b313,5ae2070a5542994d89d5b313::active_set_pack_a,"['C', 'D']","['C', 'D']","['A', 'F']","['A', 'F']","['A', 'F']","['A', 'F']","['A', 'F']",False,False,False,False,False,0,0,0,0,0
5ae2070a5542994d89d5b313,5ae2070a5542994d89d5b313::active_set_pack_b,"['C', 'D']","['C', 'D']","['A', 'F']","['C', 'F']","['A', 'F']","['A', 'F']","['A', 'F']",False,False,False,False,False,0,1,0,0,0
5a722b8655429971e9dc9329,5a722b8655429971e9dc9329::working_set_pack_a,"['A', 'C']","['A', 'C']","['B', 'E']","['B', 'C']","['B', 'E']","['B', 'E']","['B', 'E']",False,False,False,False,False,0,1,0,0,0
5a722b8655429971e9dc9329,5a722b8655429971e9dc9329::active_set_pack_a,"['A', 'C']","['A', 'C']","['B', 'E']","['B', 'C']","['B', 'E']","['B', 'E']","['B', 'E']",False,False,False,False,False,0,1,0,0,0
5a722b8655429971e9dc9329,5a722b8655429971e9dc9329::working_set_pack_b,"['A', 'C']","['A', 'C']","['B', 'E']","['B', 'C']","['B', 'E']","['B', 'E']","['B', 'E']",False,False,False,False,False,0,1,0,0,0
5a722b8655429971e9dc9329,5a722b8655429971e9dc9329::active_set_pack_b,"['A', 'C']","['A', 'C']","['B', 'E']","['B', 'C']","['B', 'E']","['B', 'E']","['B', 'E']",False,False,False,False,False,0,1,0,0,0
5adf37a95542995ec70e8f97,5adf37a95542995ec70e8f97::working_set_pack_a,"['A', 'D']","['A', 'D']","['B', 'C']","['A', 'B']","['B', 'F']","['B', 'C']","['B', 'C']",False,False,False,False,False,0,1,0,0,0
5adf37a95542995ec70e8f97,5adf37a95542995ec70e8f97::active_set_pack_a,"['A', 'D']","['A', 'D']","['B', 'F']","['A', 'B']","['B', 'F']","['B', 'C']","['B', 'F']",False,False,False,False,False,0,1,0,0,0
5adf37a95542995ec70e8f97,5adf37a95542995ec70e8f97::working_set_pack_b,"['A', 'D']","['A', 'D']","['B', 'F']","['A', 'B']","['B', 'F']","['B', 'C']","['B', 'F']",False,False,False,False,False,0,1,0,0,0
5adf37a95542995ec70e8f97,5adf37a95542995ec70e8f97::active_set_pack_b,"['A', 'D']","['A', 'D']","['B', 'F']","['B', 'B']","['B', 'F']","['B', 'C']","['B', 'F']",False,False,False,False,False,0,0,0,0,0
5abd259d55429924427fcf1a,5abd259d55429924427fcf1a::working_set_pack_a,"['A', 'B']","['A', 'B']","['C', 'F']","['D', 'F']","['C', 'F']","['C', 'F']","['C', 'F']",False,False,False,False,False,0,0,0,0,0
5abd259d55429924427fcf1a,5abd259d55429924427fcf1a::active_set_pack_a,"['A', 'B']","['A', 'B']","['C', 'F']","['D', 'F']","['D', 'F']","['C', 'F']","['C', 'F']",False,False,False,False,False,0,0,0,0,0
5abd259d55429924427fcf1a,5abd259d55429924427fcf1a::working_set_pack_b,"['A', 'B']","['A', 'B']","['D', 'F']","['D', 'F']","['D', 'F']","['D', 'F']","['D', 'F']",False,False,False,False,False,0,0,0,0,0
5abd259d55429924427fcf1a,5abd259d55429924427fcf1a::active_set_pack_b,"['A', 'B']","['A', 'B']","['C', 'F']","['D', 'F']","['D', 'F']","['C', 'D']","['C', 'F']",False,False,False,False,False,0,0,0,0,0
5a8a3e745542996c9b8d5e70,5a8a3e745542996c9b8d5e70::working_set_pack_a,"['B', 'E']","['B', 'E']","['A', 'F']","['B', 'F']","['A', 'F']","['E', 'F']","['A', 'F']",False,False,False,False,False,0,1,0,1,0
5a8a3e745542996c9b8d5e70,5a8a3e745542996c9b8d5e70::active_set_pack_a,"['B', 'E']","['B', 'E']","['A', 'F']","['B', 'F']","['A', 'F']","['E', 'F']","['A', 'F']",False,False,False,False,False,0,1,0,1,0
5a8a3e745542996c9b8d5e70,5a8a3e745542996c9b8d5e70::working_set_pack_b,"['B', 'E']","['B', 'E']","['A', 'F']","['E', 'F']","['A', 'F']","['E', 'F']","['A', 'F']",False,False,False,False,False,0,1,0,1,0
5a8a3e745542996c9b8d5e70,5a8a3e745542996c9b8d5e70::active_set_pack_b,"['B', 'E']","['B', 'E']","['F', 'F']","['E', 'F']","['F', 'F']","['E', 'F']","['F', 'F']",False,False,False,False,False,0,1,0,1,0
5ac23ff0554299636651994d,5ac23ff0554299636651994d::working_set_pack_a,"['D', 'F']","['D', 'F']","['E', 'F']","['D', 'F']","['E', 'F']","['E', 'F']","['E', 'F']",False,True,False,False,False,1,2,1,1,1
5ac23ff0554299636651994d,5ac23ff0554299636651994d::active_set_pack_a,"['D', 'F']","['D', 'F']","['E', 'F']","['D', 'F']","['E', 'F']","['F', 'F']","['E', 'F']",False,True,False,False,False,1,2,1,1,1
5ac23ff0554299636651994d,5ac23ff0554299636651994d::working_set_pack_b,"['D', 'F']","['D', 'F']","['E', 'F']","['D', 'F']","['E', 'F']","['F', 'F']","['E', 'F']",False,True,False,False,False,1,2,1,1,1
5ac23ff0554299636651994d,5ac23ff0554299636651994d::active_set_pack_b,"['D', 'F']","['D', 'F']","['E', 'F']","['F', 'F']","['E', 'F']","['F', 'F']","['E', 'F']",False,False,False,False,False,1,1,1,1,1
5a7a06935542990198eaf050,5a7a06935542990198eaf050::working_set_pack_a,"['B', 'F']","['B', 'F']","['C', 'E']","['B', 'B']","['C', 'E']","['C', 'F']","['C', 'E']",False,False,False,False,False,0,1,0,1,0
5a7a06935542990198eaf050,5a7a06935542990198eaf050::active_set_pack_a,"['B', 'F']","['B', 'F']","['C', 'E']","['B', 'F']","['C', 'E']","['C', 'F']","['C', 'E']",False,True,False,False,False,0,2,0,1,0
5a7a06935542990198eaf050,5a7a06935542990198eaf050::working_set_pack_b,"['B', 'F']","['B', 'F']","['C', 'E']","['B', 'F']","['C', 'E']","['C', 'F']","['C', 'E']",False,True,False,False,False,0,2,0,1,0
5a7a06935542990198eaf050,5a7a06935542990198eaf050::active_set_pack_b,"['B', 'F']","['B', 'F']","['C', 'E']","['B', 'F']","['C', 'E']","['C', 'F']","['C', 'E']",False,True,False,False,False,0,2,0,1,0
5a879ab05542996e4f30887e,5a879ab05542996e4f30887e::working_set_pack_a,"['A', 'F']","['A', 'F']","['C', 'E']","['F', 'F']","['C', 'E']","['C', 'F']","['C', 'E']",False,False,False,False,False,0,1,0,1,0
5a879ab05542996e4f30887e,5a879ab05542996e4f30887e::active_set_pack_a,"['A', 'F']","['A', 'F']","['C', 'E']","['F', 'F']","['C', 'E']","['C', 'F']","['C', 'E']",False,False,False,False,False,0,1,0,1,0
5a879ab05542996e4f30887e,5a879ab05542996e4f30887e::working_set_pack_b,"['A', 'F']","['A', 'F']","['C', 'E']","['C', 'F']","['C', 'E']","['C', 'F']","['C', 'E']",False,False,False,False,False,0,1,0,1,0
5a879ab05542996e4f30887e,5a879ab05542996e4f30887e::active_set_pack_b,"['A', 'F']","['A', 'F']","['C', 'E']","['C', 'F']","['C', 'E']","['C', 'F']","['C', 'E']",False,False,False,False,False,0,1,0,1,0
5a7d0db955429909bec76924,5a7d0db955429909bec76924::working_set_pack_a,"['E', 'F']","['E', 'F']","['A', 'B']","['A', 'E']","['A', 'B']","['A', 'B']","['A', 'B']",False,False,False,False,False,0,1,0,0,0
5a7d0db955429909bec76924,5a7d0db955429909bec76924::active_set_pack_a,"['E', 'F']","['E', 'F']","['A', 'B']","['A', 'E']","['A', 'B']","['A', 'B']","['A', 'B']",False,False,False,False,False,0,1,0,0,0
5a7d0db955429909bec76924,5a7d0db955429909bec76924::working_set_pack_b,"['E', 'F']","['E', 'F']","['A', 'D']","['A', 'E']","['A', 'B']","['A', 'E']","['A', 'D']",False,False,False,False,False,0,1,0,1,0
5a7d0db955429909bec76924,5a7d0db955429909bec76924::active_set_pack_b,"['E', 'F']","['E', 'F']","['A', 'B']","['A', 'E']","['A', 'B']","['A', 'B']","['A', 'B']",False,False,False,False,False,0,1,0,0,0
5abd90545542996e802b47d7,5abd90545542996e802b47d7::working_set_pack_a,"['D', 'F']","['D', 'F']","['A', 'E']","['A', 'F']","['A', 'E']","['A', 'C']","['A', 'C']",False,False,False,False,False,0,1,0,0,0
5abd90545542996e802b47d7,5abd90545542996e802b47d7::active_set_pack_a,"['D', 'F']","['D', 'F']","['A', 'E']","['A', 'F']","['A', 'E']","['A', 'F']","['A', 'E']",False,False,False,False,False,0,1,0,1,0
5abd90545542996e802b47d7,5abd90545542996e802b47d7::working_set_pack_b,"['D', 'F']","['D', 'F']","['A', 'C']","['A', 'F']","['A', 'C']","['A', 'C']","['A', 'C']",False,False,False,False,False,0,1,0,0,0
5abd90545542996e802b47d7,5abd90545542996e802b47d7::active_set_pack_b,"['D', 'F']","['D', 'F']","['A', 'C']","['A', 'F']","['A', 'C']","['A', 'F']","['A', 'C']",False,False,False,False,False,0,1,0,1,0
5a7722d655429966f1a36c99,5a7722d655429966f1a36c99::working_set_pack_a,"['A', 'E']","['A', 'E']","['B', 'C']","['B', 'E']","['B', 'C']","['B', 'C']","['B', 'C']",False,False,False,False,False,0,1,0,0,0
5a7722d655429966f1a36c99,5a7722d655429966f1a36c99::active_set_pack_a,"['A', 'E']","['A', 'E']","['B', 'C']","['B', 'E']","['B', 'C']","['B', 'C']","['B', 'C']",False,False,False,False,False,0,1,0,0,0
5a7722d655429966f1a36c99,5a7722d655429966f1a36c99::working_set_pack_b,"['A', 'E']","['A', 'E']","['B', 'C']","['B', 'E']","['B', 'C']","['B', 'C']","['B', 'C']",False,False,False,False,False,0,1,0,0,0
5a7722d655429966f1a36c99,5a7722d655429966f1a36c99::active_set_pack_b,"['A', 'E']","['A', 'E']","['B', 'C']","['B', 'E']","['B', 'C']","['B', 'C']","['B', 'C']",False,False,False,False,False,0,1,0,0,0
5ade025e5542997dc790711e,5ade025e5542997dc790711e::working_set_pack_a,"['C', 'F']","['C', 'F']","['D', 'E']","['C', 'F']","['D', 'E']","['D', 'F']","['D', 'E']",False,True,False,False,False,0,2,0,1,0
5ade025e5542997dc790711e,5ade025e5542997dc790711e::active_set_pack_a,"['C', 'F']","['C', 'F']","['D', 'E']","['C', 'F']","['D', 'E']","['D', 'F']","['D', 'E']",False,True,False,False,False,0,2,0,1,0
5ade025e5542997dc790711e,5ade025e5542997dc790711e::working_set_pack_b,"['C', 'F']","['C', 'F']","['D', 'E']","['C', 'F']","['D', 'E']","['D', 'F']","['D', 'E']",False,True,False,False,False,0,2,0,1,0
5ade025e5542997dc790711e,5ade025e5542997dc790711e::active_set_pack_b,"['C', 'F']","['C', 'F']","['D', 'F']","['C', 'F']","['D', 'F']","['D', 'F']","['D', 'F']",False,True,False,False,False,1,2,1,1,1
5ab381b155429969a97a816b,5ab381b155429969a97a816b::working_set_pack_a,"['E', 'F']","['E', 'F']","['C', 'D']","['E', 'E']","['C', 'F']","['C', 'E']","['C', 'D']",False,False,False,False,False,0,1,1,1,0
5ab381b155429969a97a816b,5ab381b155429969a97a816b::active_set_pack_a,"['E', 'F']","['E', 'F']","['C', 'D']","['E', 'E']","['C', 'F']","['C', 'E']","['C', 'D']",False,False,False,False,False,0,1,1,1,0
5ab381b155429969a97a816b,5ab381b155429969a97a816b::working_set_pack_b,"['E', 'F']","['E', 'F']","['C', 'D']","['E', 'E']","['C', 'F']","['C', 'E']","['C', 'D']",False,False,False,False,False,0,1,1,1,0
5ab381b155429969a97a816b,5ab381b155429969a97a816b::active_set_pack_b,"['E', 'F']","['E', 'F']","['C', 'D']","['E', 'E']","['C', 'E']","['C', 'E']","['C', 'D']",False,False,False,False,False,0,1,1,1,0
5ac2a5d455429921a00ab01b,5ac2a5d455429921a00ab01b::active_set_pack_b,"['B', 'E']","['B', 'E']","['C', 'D']","['B', 'E']","['C', 'D']","['C', 'E']","['C', 'D']",False,True,False,False,False,0,2,0,1,0
5adc1309554299438c868d3b,5adc1309554299438c868d3b::working_set_pack_a,"['D', 'F']","['D', 'F']","['E', 'F']","['D', 'F']","['D', 'E']","['D', 'F']","['E', 'F']",False,True,False,True,False,1,2,1,2,1
5adc1309554299438c868d3b,5adc1309554299438c868d3b::active_set_pack_a,"['D', 'F']","['D', 'F']","['E', 'F']","['D', 'F']","['D', 'E']","['D', 'F']","['E', 'F']",False,True,False,True,False,1,2,1,2,1
5adc1309554299438c868d3b,5adc1309554299438c868d3b::working_set_pack_b,"['D', 'F']","['D', 'F']","['E', 'F']","['D', 'F']","['D', 'E']","['D', 'F']","['E', 'F']",False,True,False,True,False,1,2,1,2,1
5adc1309554299438c868d3b,5adc1309554299438c868d3b::active_set_pack_b,"['D', 'F']","['D', 'F']","['E', 'F']","['D', 'F']","['E', 'F']","['D', 'F']","['E', 'F']",False,True,False,True,False,1,2,1,2,1
5a83168855429966c78a6b2e,5a83168855429966c78a6b2e::working_set_pack_a,"['D', 'E']","['D', 'E']","['C', 'F']","['E', 'E']","['C', 'D']","['C', 'D']","['C', 'F']",False,False,False,False,False,0,1,1,1,0
5a83168855429966c78a6b2e,5a83168855429966c78a6b2e::active_set_pack_a,"['D', 'E']","['D', 'E']","['C', 'F']","['E', 'E']","['C', 'F']","['C', 'D']","['C', 'F']",False,False,False,False,False,0,1,0,1,0
5a83168855429966c78a6b2e,5a83168855429966c78a6b2e::working_set_pack_b,"['D', 'E']","['D', 'E']","['C', 'F']","['C', 'E']","['C', 'D']","['C', 'D']","['C', 'F']",False,False,False,False,False,0,1,1,1,0
5a83168855429966c78a6b2e,5a83168855429966c78a6b2e::active_set_pack_b,"['D', 'E']","['D', 'E']","['C', 'F']","['C', 'E']","['C', 'F']","['C', 'E']","['C', 'F']",False,False,False,False,False,0,1,0,1,0
5ac2c3545542990b17b1548b,5ac2c3545542990b17b1548b::working_set_pack_a,"['A', 'D']","['A', 'D']","['E', 'F']","['D', 'F']","['D', 'F']","['D', 'F']","['E', 'F']",False,False,False,False,False,0,1,1,1,0
5ac2c3545542990b17b1548b,5ac2c3545542990b17b1548b::active_set_pack_a,"['A', 'D']","['A', 'D']","['E', 'F']","['D', 'F']","['D', 'F']","['D', 'F']","['E', 'F']",False,False,False,False,False,0,1,1,1,0
5ac2c3545542990b17b1548b,5ac2c3545542990b17b1548b::working_set_pack_b,"['A', 'D']","['A', 'D']","['B', 'F']","['D', 'F']","['B', 'F']","['B', 'F']","['B', 'F']",False,False,False,False,False,0,1,0,0,0
5ac2c3545542990b17b1548b,5ac2c3545542990b17b1548b::active_set_pack_b,"['A', 'D']","['A', 'D']","['B', 'F']","['D', 'F']","['B', 'F']","['B', 'F']","['B', 'F']",False,False,False,False,False,0,1,0,0,0
5a8efd3c55429918e830d179,5a8efd3c55429918e830d179::working_set_pack_a,"['D', 'E']","['D', 'E']","['B', 'C']","['D', 'E']","['B', 'C']","['B', 'C']","['B', 'C']",False,True,False,False,False,0,2,0,0,0
5a8efd3c55429918e830d179,5a8efd3c55429918e830d179::active_set_pack_a,"['D', 'E']","['D', 'E']","['B', 'C']","['D', 'E']","['B', 'C']","['B', 'C']","['B', 'C']",False,True,False,False,False,0,2,0,0,0
5a8efd3c55429918e830d179,5a8efd3c55429918e830d179::working_set_pack_b,"['D', 'E']","['D', 'E']","['B', 'C']","['B', 'D']","['B', 'C']","['B', 'C']","['B', 'C']",False,False,False,False,False,0,1,0,0,0
5a8efd3c55429918e830d179,5a8efd3c55429918e830d179::active_set_pack_b,"['D', 'E']","['D', 'E']","['B', 'C']","['B', 'D']","['B', 'C']","['B', 'C']","['B', 'C']",False,False,False,False,False,0,1,0,0,0
5a8b63755542997f31a41cfe,5a8b63755542997f31a41cfe::working_set_pack_a,"['A', 'F']","['A', 'F']","['B', 'E']","['B', 'F']","['B', 'E']","['B', 'F']","['B', 'E']",False,False,False,False,False,0,1,0,1,0
5a8b63755542997f31a41cfe,5a8b63755542997f31a41cfe::active_set_pack_a,"['A', 'F']","['A', 'F']","['B', 'E']","['B', 'F']","['B', 'E']","['B', 'F']","['B', 'E']",False,False,False,False,False,0,1,0,1,0
5a8b63755542997f31a41cfe,5a8b63755542997f31a41cfe::working_set_pack_b,"['A', 'F']","['A', 'F']","['B', 'E']","['B', 'F']","['B', 'E']","['B', 'F']","['B', 'E']",False,False,False,False,False,0,1,0,1,0
5a8b63755542997f31a41cfe,5a8b63755542997f31a41cfe::active_set_pack_b,"['A', 'F']","['A', 'F']","['B', 'E']","['B', 'F']","['B', 'E']","['B', 'F']","['B', 'E']",False,False,False,False,False,0,1,0,1,0
5a7a02235542996c55b2dcd3,5a7a02235542996c55b2dcd3::working_set_pack_a,"['B', 'E']","['B', 'E']","['A', 'C']","['A', 'E']","['A', 'C']","['A', 'C']","['A', 'C']",False,False,False,False,False,0,1,0,0,0
5a7a02235542996c55b2dcd3,5a7a02235542996c55b2dcd3::active_set_pack_a,"['B', 'E']","['B', 'E']","['A', 'C']","['A', 'E']","['A', 'C']","['A', 'E']","['A', 'C']",False,False,False,False,False,0,1,0,1,0
5a7a02235542996c55b2dcd3,5a7a02235542996c55b2dcd3::working_set_pack_b,"['B', 'E']","['B', 'E']","['A', 'C']","['B', 'E']","['A', 'C']","['A', 'C']","['A', 'C']",False,True,False,False,False,0,2,0,0,0
5a7a02235542996c55b2dcd3,5a7a02235542996c55b2dcd3::active_set_pack_b,"['B', 'E']","['B', 'E']","['A', 'C']","['A', 'E']","['A', 'C']","['A', 'C']","['A', 'C']",False,False,False,False,False,0,1,0,0,0
5ac061ab554299294b218fac,5ac061ab554299294b218fac::working_set_pack_a,"['B', 'D']","['B', 'D']","['E', 'F']","['B', 'F']","['D', 'F']","['D', 'F']","['E', 'F']",False,False,False,False,False,0,1,1,1,0
5ac061ab554299294b218fac,5ac061ab554299294b218fac::active_set_pack_a,"['B', 'D']","['B', 'D']","['E', 'F']","['B', 'F']","['D', 'F']","['D', 'F']","['E', 'F']",False,False,False,False,False,0,1,1,1,0
5ac061ab554299294b218fac,5ac061ab554299294b218fac::working_set_pack_b,"['B', 'D']","['B', 'D']","['E', 'F']","['B', 'F']","['D', 'F']","['D', 'F']","['E', 'F']",False,False,False,False,False,0,1,1,1,0
5ac061ab554299294b218fac,5ac061ab554299294b218fac::active_set_pack_b,"['B', 'D']","['B', 'D']","['E', 'F']","['B', 'F']","['D', 'F']","['D', 'F']","['E', 'F']",False,False,False,False,False,0,1,1,1,0
5abd7ca05542993062266cab,5abd7ca05542993062266cab::working_set_pack_a,"['A', 'C']","['A', 'C']","['D', 'F']","['C', 'F']","['E', 'F']","['B', 'F']","['D', 'F']",False,False,False,False,False,0,1,0,0,0
5abd7ca05542993062266cab,5abd7ca05542993062266cab::active_set_pack_a,"['A', 'C']","['A', 'C']","['D', 'F']","['C', 'F']","['E', 'F']","['B', 'F']","['D', 'F']",False,False,False,False,False,0,1,0,0,0
5abd7ca05542993062266cab,5abd7ca05542993062266cab::active_set_pack_b,"['A', 'C']","['A', 'C']","['E', 'F']","['C', 'F']","['E', 'F']","['B', 'E']","['E', 'F']",False,False,False,False,False,0,1,0,0,0
5ae732685542991e8301cbc3,5ae732685542991e8301cbc3::working_set_pack_a,"['A', 'C']","['A', 'C']","['B', 'F']","['B', 'F']","['B', 'F']","['B', 'F']","['B', 'F']",False,False,False,False,False,0,0,0,0,0
5ae732685542991e8301cbc3,5ae732685542991e8301cbc3::active_set_pack_a,"['A', 'C']","['A', 'C']","['B', 'F']","['B', 'F']","['B', 'F']","['B', 'F']","['B', 'F']",False,False,False,False,False,0,0,0,0,0
5ae732685542991e8301cbc3,5ae732685542991e8301cbc3::working_set_pack_b,"['A', 'C']","['A', 'C']","['B', 'F']","['B', 'F']","['B', 'F']","['B', 'C']","['B', 'F']",False,False,False,False,False,0,0,0,1,0
5ae732685542991e8301cbc3,5ae732685542991e8301cbc3::active_set_pack_b,"['A', 'C']","['A', 'C']","['B', 'E']","['B', 'C']","['B', 'E']","['B', 'E']","['B', 'E']",False,False,False,False,False,0,1,0,0,0
5a8a2ebc5542996c9b8d5e33,5a8a2ebc5542996c9b8d5e33::working_set_pack_a,"['C', 'E']","['C', 'E']","['A', 'F']","['A', 'E']","['A', 'F']","['A', 'E']","['A', 'F']",False,False,False,False,False,0,1,0,1,0
5a8a2ebc5542996c9b8d5e33,5a8a2ebc5542996c9b8d5e33::active_set_pack_a,"['C', 'E']","['C', 'E']","['A', 'F']","['A', 'C']","['A', 'F']","['A', 'A']","['A', 'F']",False,False,False,False,False,0,1,0,0,0
5a8a2ebc5542996c9b8d5e33,5a8a2ebc5542996c9b8d5e33::working_set_pack_b,"['C', 'E']","['C', 'E']","['A', 'F']","['C', 'C']","['A', 'F']","['A', 'A']","['A', 'F']",False,False,False,False,False,0,1,0,0,0
5a8a2ebc5542996c9b8d5e33,5a8a2ebc5542996c9b8d5e33::active_set_pack_b,"['C', 'E']","['C', 'E']","['A', 'A']","['A', 'C']","['A', 'A']","['A', 'A']","['A', 'A']",False,False,False,False,False,0,1,0,0,0
5add28c85542992ae4cec4be,5add28c85542992ae4cec4be::working_set_pack_a,"['C', 'F']","['C', 'F']","['D', 'E']","['D', 'F']","['D', 'E']","['D', 'F']","['D', 'E']",False,False,False,False,False,0,1,0,1,0
5add28c85542992ae4cec4be,5add28c85542992ae4cec4be::active_set_pack_a,"['C', 'F']","['C', 'F']","['D', 'E']","['C', 'F']","['D', 'E']","['D', 'F']","['D', 'E']",False,True,False,False,False,0,2,0,1,0
5add28c85542992ae4cec4be,5add28c85542992ae4cec4be::working_set_pack_b,"['C', 'F']","['C', 'F']","['D', 'E']","['D', 'F']","['D', 'E']","['D', 'F']","['D', 'E']",False,False,False,False,False,0,1,0,1,0
5add28c85542992ae4cec4be,5add28c85542992ae4cec4be::active_set_pack_b,"['C', 'F']","['C', 'F']","['D', 'E']","['D', 'F']","['D', 'E']","['D', 'F']","['D', 'E']",False,False,False,False,False,0,1,0,1,0
5ae78ec5554299540e5a5605,5ae78ec5554299540e5a5605::working_set_pack_a,"['C', 'D']","['C', 'D']","['A', 'F']","['D', 'D']","['D', 'F']","['A', 'D']","['A', 'F']",False,False,False,False,False,0,1,1,1,0
5ae78ec5554299540e5a5605,5ae78ec5554299540e5a5605::active_set_pack_a,"['C', 'D']","['C', 'D']","['A', 'F']","['D', 'D']","['D', 'F']","['A', 'D']","['A', 'F']",False,False,False,False,False,0,1,1,1,0
5ae78ec5554299540e5a5605,5ae78ec5554299540e5a5605::working_set_pack_b,"['C', 'D']","['C', 'D']","['A', 'F']","['D', 'D']","['D', 'F']","['D', 'D']","['A', 'F']",False,False,False,False,False,0,1,1,1,0
5ae78ec5554299540e5a5605,5ae78ec5554299540e5a5605::active_set_pack_b,"['C', 'D']","['C', 'D']","['A', 'F']","['D', 'D']","['D', 'F']","['D', 'D']","['A', 'F']",False,False,False,False,False,0,1,1,1,0
5a7a52745542996c55b2dd4f,5a7a52745542996c55b2dd4f::working_set_pack_a,"['A', 'D']","['A', 'D']","['E', 'F']","['D', 'E']","['D', 'E']","['D', 'E']","['E', 'F']",False,False,False,False,False,0,1,1,1,0
5a7a52745542996c55b2dd4f,5a7a52745542996c55b2dd4f::active_set_pack_a,"['A', 'D']","['A', 'D']","['E', 'F']","['D', 'E']","['D', 'E']","['D', 'E']","['E', 'F']",False,False,False,False,False,0,1,1,1,0
5a7a52745542996c55b2dd4f,5a7a52745542996c55b2dd4f::working_set_pack_b,"['A', 'D']","['A', 'D']","['E', 'F']","['D', 'E']","['D', 'F']","['D', 'E']","['E', 'F']",False,False,False,False,False,0,1,1,1,0
5a7a52745542996c55b2dd4f,5a7a52745542996c55b2dd4f::active_set_pack_b,"['A', 'D']","['A', 'D']","['E', 'F']","['D', 'E']","['D', 'F']","['D', 'E']","['E', 'F']",False,False,False,False,False,0,1,1,1,0
5a74248855429929fddd83e5,5a74248855429929fddd83e5::working_set_pack_a,"['E', 'F']","['E', 'F']","['C', 'D']","['E', 'F']","['C', 'E']","['C', 'E']","['C', 'D']",False,True,False,False,False,0,2,1,1,0
5a74248855429929fddd83e5,5a74248855429929fddd83e5::active_set_pack_a,"['E', 'F']","['E', 'F']","['C', 'D']","['E', 'F']","['C', 'E']","['C', 'E']","['C', 'D']",False,True,False,False,False,0,2,1,1,0
5a74248855429929fddd83e5,5a74248855429929fddd83e5::working_set_pack_b,"['E', 'F']","['E', 'F']","['C', 'D']","['E', 'F']","['C', 'E']","['C', 'E']","['C', 'D']",False,True,False,False,False,0,2,1,1,0
5a74248855429929fddd83e5,5a74248855429929fddd83e5::active_set_pack_b,"['E', 'F']","['E', 'F']","['C', 'D']","['E', 'F']","['C', 'E']","['C', 'E']","['C', 'D']",False,True,False,False,False,0,2,1,1,0
5ac3ad225542995ef918c1da,5ac3ad225542995ef918c1da::working_set_pack_b,"['B', 'C']","['B', 'C']","['E', 'F']","['C', 'F']","['E', 'F']","['C', 'F']","['E', 'F']",False,False,False,False,False,0,1,0,1,0
5ac3ad225542995ef918c1da,5ac3ad225542995ef918c1da::active_set_pack_b,"['B', 'C']","['B', 'C']","['E', 'F']","['C', 'F']","['E', 'F']","['C', 'F']","['E', 'F']",False,False,False,False,False,0,1,0,1,0
5a736bfa5542991f29ee2e03,5a736bfa5542991f29ee2e03::working_set_pack_a,"['A', 'C']","['A', 'C']","['D', 'F']","['C', 'F']","['E', 'F']","['D', 'F']","['D', 'F']",False,False,False,False,False,0,1,0,0,0
5a736bfa5542991f29ee2e03,5a736bfa5542991f29ee2e03::active_set_pack_a,"['A', 'C']","['A', 'C']","['D', 'F']","['C', 'F']","['E', 'F']","['C', 'F']","['D', 'F']",False,False,False,False,False,0,1,0,1,0
5a736bfa5542991f29ee2e03,5a736bfa5542991f29ee2e03::working_set_pack_b,"['A', 'C']","['A', 'C']","['D', 'F']","['C', 'F']","['E', 'F']","['B', 'F']","['D', 'F']",False,False,False,False,False,0,1,0,0,0
5a736bfa5542991f29ee2e03,5a736bfa5542991f29ee2e03::active_set_pack_b,"['A', 'C']","['A', 'C']","['D', 'F']","['C', 'F']","['E', 'F']","['B', 'F']","['D', 'F']",False,False,False,False,False,0,1,0,0,0
5a8ae49155429951533613a3,5a8ae49155429951533613a3::working_set_pack_a,"['A', 'C']","['A', 'C']","['B', 'D']","['B', 'E']","['B', 'E']","['B', 'E']","['B', 'D']",False,False,False,False,False,0,0,0,0,0
5a8ae49155429951533613a3,5a8ae49155429951533613a3::active_set_pack_a,"['A', 'C']","['A', 'C']","['B', 'D']","['B', 'E']","['B', 'E']","['B', 'E']","['B', 'D']",False,False,False,False,False,0,0,0,0,0
5a8ae49155429951533613a3,5a8ae49155429951533613a3::working_set_pack_b,"['A', 'C']","['A', 'C']","['B', 'E']","['B', 'E']","['B', 'E']","['B', 'E']","['B', 'E']",False,False,False,False,False,0,0,0,0,0
5a8ae49155429951533613a3,5a8ae49155429951533613a3::active_set_pack_b,"['A', 'C']","['A', 'C']","['B', 'D']","['B', 'E']","['B', 'E']","['B', 'E']","['B', 'D']",False,False,False,False,False,0,0,0,0,0
5ab70446554299110f219a94,5ab70446554299110f219a94::working_set_pack_a,"['C', 'F']","['C', 'F']","['D', 'E']","['C', 'F']","['B', 'E']","['F', 'F']","['D', 'E']",False,True,False,False,False,0,2,0,1,0
5ab70446554299110f219a94,5ab70446554299110f219a94::active_set_pack_a,"['C', 'F']","['C', 'F']","['D', 'E']","['C', 'F']","['B', 'E']","['F', 'F']","['D', 'E']",False,True,False,False,False,0,2,0,1,0
5ab70446554299110f219a94,5ab70446554299110f219a94::working_set_pack_b,"['C', 'F']","['C', 'F']","['D', 'E']","['C', 'F']","['E', 'F']","['E', 'F']","['D', 'E']",False,True,False,False,False,0,2,1,1,0
5ab70446554299110f219a94,5ab70446554299110f219a94::active_set_pack_b,"['C', 'F']","['C', 'F']","['D', 'E']","['C', 'F']","['E', 'F']","['E', 'F']","['D', 'E']",False,True,False,False,False,0,2,1,1,0
5ae6038155429929b0807a55,5ae6038155429929b0807a55::working_set_pack_a,"['C', 'D']","['C', 'D']","['B', 'E']","['C', 'F']","['B', 'E']","['B', 'E']","['B', 'E']",False,False,False,False,False,0,1,0,0,0
5ae6038155429929b0807a55,5ae6038155429929b0807a55::active_set_pack_a,"['C', 'D']","['C', 'D']","['B', 'E']","['C', 'F']","['B', 'E']","['B', 'E']","['B', 'E']",False,False,False,False,False,0,1,0,0,0
5ae6038155429929b0807a55,5ae6038155429929b0807a55::working_set_pack_b,"['C', 'D']","['C', 'D']","['B', 'E']","['B', 'C']","['B', 'E']","['B', 'E']","['B', 'E']",False,False,False,False,False,0,1,0,0,0
5ae6038155429929b0807a55,5ae6038155429929b0807a55::active_set_pack_b,"['C', 'D']","['C', 'D']","['B', 'E']","['B', 'C']","['B', 'E']","['B', 'E']","['B', 'E']",False,False,False,False,False,0,1,0,0,0
5a8514545542992a431d1ad2,5a8514545542992a431d1ad2::working_set_pack_a,"['D', 'E']","['D', 'E']","['B', 'F']","['B', 'E']","['B', 'F']","['B', 'E']","['B', 'F']",False,False,False,False,False,0,1,0,1,0
5a8514545542992a431d1ad2,5a8514545542992a431d1ad2::active_set_pack_a,"['D', 'E']","['D', 'E']","['B', 'F']","['B', 'E']","['B', 'D']","['B', 'D']","['B', 'F']",False,False,False,False,False,0,1,1,1,0
5a8514545542992a431d1ad2,5a8514545542992a431d1ad2::working_set_pack_b,"['D', 'E']","['D', 'E']","['B', 'F']","['B', 'E']","['B', 'D']","['B', 'E']","['B', 'F']",False,False,False,False,False,0,1,1,1,0
5a8514545542992a431d1ad2,5a8514545542992a431d1ad2::active_set_pack_b,"['D', 'E']","['D', 'E']","['B', 'F']","['B', 'E']","['B', 'D']","['B', 'E']","['B', 'F']",False,False,False,False,False,0,1,1,1,0
5ae3345f55429928c4239682,5ae3345f55429928c4239682::working_set_pack_a,"['A', 'B']","['A', 'B']","['C', 'F']","['C', 'F']","['C', 'F']","['C', 'F']","['C', 'F']",False,False,False,False,False,0,0,0,0,0
5ae3345f55429928c4239682,5ae3345f55429928c4239682::active_set_pack_a,"['A', 'B']","['A', 'B']","['C', 'F']","['C', 'F']","['C', 'F']","['C', 'F']","['C', 'F']",False,False,False,False,False,0,0,0,0,0
5ae3345f55429928c4239682,5ae3345f55429928c4239682::working_set_pack_b,"['A', 'B']","['A', 'B']","['C', 'F']","['C', 'F']","['C', 'F']","['C', 'F']","['C', 'F']",False,False,False,False,False,0,0,0,0,0
5ae3345f55429928c4239682,5ae3345f55429928c4239682::active_set_pack_b,"['A', 'B']","['A', 'B']","['C', 'F']","['C', 'F']","['C', 'F']","['C', 'F']","['C', 'F']",False,False,False,False,False,0,0,0,0,0
5ab9d58855429939ce03dc3a,5ab9d58855429939ce03dc3a::working_set_pack_a,"['A', 'C']","['A', 'C']","['B', 'F']","['B', 'C']","['B', 'F']","['B', 'E']","['B', 'F']",False,False,False,False,False,0,1,0,0,0
5ab9d58855429939ce03dc3a,5ab9d58855429939ce03dc3a::active_set_pack_a,"['A', 'C']","['A', 'C']","['B', 'F']","['B', 'C']","['B', 'F']","['B', 'E']","['B', 'F']",False,False,False,False,False,0,1,0,0,0
5ab9d58855429939ce03dc3a,5ab9d58855429939ce03dc3a::working_set_pack_b,"['A', 'C']","['A', 'C']","['B', 'F']","['B', 'C']","['B', 'F']","['B', 'E']","['B', 'F']",False,False,False,False,False,0,1,0,0,0
5ab9d58855429939ce03dc3a,5ab9d58855429939ce03dc3a::active_set_pack_b,"['A', 'C']","['A', 'C']","['B', 'F']","['B', 'C']","['B', 'F']","['B', 'C']","['B', 'F']",False,False,False,False,False,0,1,0,1,0
5a74f2ff5542993748c89748,5a74f2ff5542993748c89748::working_set_pack_a,"['A', 'E']","['A', 'E']","['C', 'F']","['A', 'E']","['C', 'F']","['C', 'E']","['C', 'F']",False,True,False,False,False,0,2,0,1,0
5a74f2ff5542993748c89748,5a74f2ff5542993748c89748::active_set_pack_a,"['A', 'E']","['A', 'E']","['C', 'F']","['A', 'E']","['C', 'F']","['C', 'E']","['C', 'F']",False,True,False,False,False,0,2,0,1,0
5a74f2ff5542993748c89748,5a74f2ff5542993748c89748::working_set_pack_b,"['A', 'E']","['A', 'E']","['C', 'F']","['A', 'E']","['C', 'F']","['C', 'E']","['C', 'F']",False,True,False,False,False,0,2,0,1,0
5a74f2ff5542993748c89748,5a74f2ff5542993748c89748::active_set_pack_b,"['A', 'E']","['A', 'E']","['C', 'F']","['A', 'E']","['C', 'F']","['C', 'E']","['C', 'F']",False,True,False,False,False,0,2,0,1,0
5ac52b495542994611c8b3de,5ac52b495542994611c8b3de::working_set_pack_a,"['A', 'C']","['A', 'C']","['B', 'E']","['C', 'F']","['B', 'E']","['B', 'E']","['B', 'E']",False,False,False,False,False,0,1,0,0,0
5ac52b495542994611c8b3de,5ac52b495542994611c8b3de::active_set_pack_a,"['A', 'C']","['A', 'C']","['B', 'E']","['C', 'F']","['B', 'E']","['B', 'E']","['B', 'E']",False,False,False,False,False,0,1,0,0,0
5ac52b495542994611c8b3de,5ac52b495542994611c8b3de::working_set_pack_b,"['A', 'C']","['A', 'C']","['B', 'E']","['A', 'D']","['B', 'E']","['B', 'E']","['B', 'E']",False,False,False,False,False,0,1,0,0,0
5ac52b495542994611c8b3de,5ac52b495542994611c8b3de::active_set_pack_b,"['A', 'C']","['A', 'C']","['B', 'E']","['C', 'D']","['B', 'E']","['B', 'E']","['B', 'E']",False,False,False,False,False,0,1,0,0,0
5ab39701554299233954ff5e,5ab39701554299233954ff5e::working_set_pack_a,"['C', 'D']","['C', 'D']","['E', 'F']","['D', 'E']","['D', 'E']","['D', 'E']","['E', 'F']",False,False,False,False,False,0,1,1,1,0
5ae5b3df5542992663a4f20b,5ae5b3df5542992663a4f20b::working_set_pack_a,"['C', 'D']","['C', 'D']","['B', 'F']","['C', 'D']","['B', 'F']","['B', 'D']","['B', 'F']",False,True,False,False,False,0,2,0,1,0
5ae5b3df5542992663a4f20b,5ae5b3df5542992663a4f20b::active_set_pack_a,"['C', 'D']","['C', 'D']","['B', 'F']","['C', 'D']","['B', 'F']","['B', 'D']","['B', 'F']",False,True,False,False,False,0,2,0,1,0
5ae5b3df5542992663a4f20b,5ae5b3df5542992663a4f20b::working_set_pack_b,"['C', 'D']","['C', 'D']","['B', 'F']","['C', 'D']","['B', 'F']","['B', 'D']","['B', 'F']",False,True,False,False,False,0,2,0,1,0
5ae5b3df5542992663a4f20b,5ae5b3df5542992663a4f20b::active_set_pack_b,"['C', 'D']","['C', 'D']","['B', 'F']","['C', 'D']","['B', 'F']","['B', 'D']","['B', 'F']",False,True,False,False,False,0,2,0,1,0
5ac2423755429951e9e684ff,5ac2423755429951e9e684ff::working_set_pack_a,"['A', 'F']","['A', 'F']","['C', 'E']","['D', 'F']","['C', 'E']","['C', 'D']","['C', 'E']",False,False,False,False,False,0,1,0,0,0
5ac2423755429951e9e684ff,5ac2423755429951e9e684ff::active_set_pack_a,"['A', 'F']","['A', 'F']","['C', 'E']","['D', 'F']","['C', 'E']","['C', 'D']","['C', 'E']",False,False,False,False,False,0,1,0,0,0
5ac2423755429951e9e684ff,5ac2423755429951e9e684ff::working_set_pack_b,"['A', 'F']","['A', 'F']","['C', 'E']","['D', 'F']","['C', 'E']","['C', 'D']","['C', 'E']",False,False,False,False,False,0,1,0,0,0
5ac2423755429951e9e684ff,5ac2423755429951e9e684ff::active_set_pack_b,"['A', 'F']","['A', 'F']","['C', 'D']","['D', 'F']","['C', 'E']","['C', 'D']","['C', 'D']",False,False,False,False,False,0,1,0,0,0
5a822d4655429926c1cdae45,5a822d4655429926c1cdae45::working_set_pack_a,"['B', 'F']","['B', 'F']","['A', 'E']","['B', 'F']","['A', 'E']","['A', 'C']","['A', 'E']",False,True,False,False,False,0,2,0,0,0
5a822d4655429926c1cdae45,5a822d4655429926c1cdae45::active_set_pack_a,"['B', 'F']","['B', 'F']","['A', 'E']","['A', 'F']","['A', 'E']","['A', 'F']","['A', 'E']",False,False,False,False,False,0,1,0,1,0
5a822d4655429926c1cdae45,5a822d4655429926c1cdae45::working_set_pack_b,"['B', 'F']","['B', 'F']","['C', 'E']","['B', 'F']","['C', 'E']","['A', 'F']","['C', 'E']",False,True,False,False,False,0,2,0,1,0
5a822d4655429926c1cdae45,5a822d4655429926c1cdae45::active_set_pack_b,"['B', 'F']","['B', 'F']","['A', 'E']","['B', 'F']","['A', 'E']","['A', 'F']","['A', 'E']",False,True,False,False,False,0,2,0,1,0
5abb1f745542996cc5e49fb5,5abb1f745542996cc5e49fb5::working_set_pack_a,"['A', 'F']","['A', 'F']","['B', 'E']","['A', 'E']","['B', 'E']","['B', 'E']","['B', 'E']",False,False,False,False,False,0,1,0,0,0
5abb1f745542996cc5e49fb5,5abb1f745542996cc5e49fb5::active_set_pack_a,"['A', 'F']","['A', 'F']","['D', 'E']","['E', 'F']","['B', 'E']","['B', 'E']","['D', 'E']",False,False,False,False,False,0,1,0,0,0
5abb1f745542996cc5e49fb5,5abb1f745542996cc5e49fb5::working_set_pack_b,"['A', 'F']","['A', 'F']","['B', 'D']","['A', 'E']","['B', 'E']","['B', 'E']","['B', 'D']",False,False,False,False,False,0,1,0,0,0
5abb1f745542996cc5e49fb5,5abb1f745542996cc5e49fb5::active_set_pack_b,"['A', 'F']","['A', 'F']","['B', 'E']","['E', 'F']","['B', 'E']","['B', 'E']","['B', 'E']",False,False,False,False,False,0,1,0,0,0
5abbbd0f55429931dba144d5,5abbbd0f55429931dba144d5::working_set_pack_a,"['B', 'D']","['B', 'D']","['E', 'F']","['D', 'E']","['D', 'E']","['D', 'E']","['E', 'F']",False,False,False,False,False,0,1,1,1,0
5abbbd0f55429931dba144d5,5abbbd0f55429931dba144d5::active_set_pack_a,"['B', 'D']","['B', 'D']","['E', 'F']","['B', 'D']","['D', 'E']","['D', 'E']","['E', 'F']",False,True,False,False,False,0,2,1,1,0
5abbbd0f55429931dba144d5,5abbbd0f55429931dba144d5::working_set_pack_b,"['B', 'D']","['B', 'D']","['E', 'F']","['B', 'D']","['D', 'E']","['D', 'E']","['E', 'F']",False,True,False,False,False,0,2,1,1,0
5abbbd0f55429931dba144d5,5abbbd0f55429931dba144d5::active_set_pack_b,"['B', 'D']","['B', 'D']","['E', 'F']","['B', 'E']","['D', 'E']","['D', 'E']","['E', 'F']",False,False,False,False,False,0,1,1,1,0
5ac3e8c65542997ea680c993,5ac3e8c65542997ea680c993::working_set_pack_a,"['E', 'F']","['E', 'F']","['B', 'D']","['D', 'E']","['B', 'D']","['B', 'D']","['B', 'D']",False,False,False,False,False,0,1,0,0,0
5ac3e8c65542997ea680c993,5ac3e8c65542997ea680c993::working_set_pack_b,"['E', 'F']","['E', 'F']","['B', 'D']","['D', 'E']","['B', 'D']","['D', 'E']","['B', 'D']",False,False,False,False,False,0,1,0,1,0
5ac3e8c65542997ea680c993,5ac3e8c65542997ea680c993::active_set_pack_b,"['E', 'F']","['E', 'F']","['B', 'D']","['D', 'E']","['B', 'D']","['D', 'E']","['B', 'D']",False,False,False,False,False,0,1,0,1,0
5a87390555429960ec39b769,5a87390555429960ec39b769::working_set_pack_a,"['A', 'E']","['A', 'E']","['C', 'F']","['E', 'E']","['C', 'F']","['C', 'E']","['C', 'F']",False,False,False,False,False,0,1,0,1,0
5a87390555429960ec39b769,5a87390555429960ec39b769::active_set_pack_a,"['A', 'E']","['A', 'E']","['C', 'F']","['E', 'E']","['C', 'F']","['C', 'E']","['C', 'F']",False,False,False,False,False,0,1,0,1,0
5a87390555429960ec39b769,5a87390555429960ec39b769::working_set_pack_b,"['A', 'E']","['A', 'E']","['C', 'F']","['E', 'E']","['C', 'F']","['C', 'E']","['C', 'F']",False,False,False,False,False,0,1,0,1,0
5a87390555429960ec39b769,5a87390555429960ec39b769::active_set_pack_b,"['A', 'E']","['A', 'E']","['C', 'F']","['E', 'E']","['C', 'F']","['C', 'E']","['C', 'F']",False,False,False,False,False,0,1,0,1,0
5a8766cb5542996e4f3087d6,5a8766cb5542996e4f3087d6::working_set_pack_a,"['D', 'E']","['D', 'E']","['B', 'F']","['D', 'E']","['B', 'F']","['B', 'E']","['B', 'F']",False,True,False,False,False,0,2,0,1,0
5a8766cb5542996e4f3087d6,5a8766cb5542996e4f3087d6::active_set_pack_a,"['D', 'E']","['D', 'E']","['B', 'F']","['D', 'E']","['B', 'F']","['B', 'D']","['B', 'F']",False,True,False,False,False,0,2,0,1,0
5a8766cb5542996e4f3087d6,5a8766cb5542996e4f3087d6::working_set_pack_b,"['D', 'E']","['D', 'E']","['B', 'F']","['D', 'E']","['B', 'F']","['B', 'D']","['B', 'F']",False,True,False,False,False,0,2,0,1,0
5a8766cb5542996e4f3087d6,5a8766cb5542996e4f3087d6::active_set_pack_b,"['D', 'E']","['D', 'E']","['B', 'F']","['B', 'E']","['B', 'F']","['B', 'E']","['B', 'F']",False,False,False,False,False,0,1,0,1,0
5a7ca54c55429935c91b527f,5a7ca54c55429935c91b527f::working_set_pack_b,"['B', 'E']","['B', 'E']","['A', 'F']","['A', 'E']","['A', 'F']","['A', 'E']","['A', 'F']",False,False,False,False,False,0,1,0,1,0
5a7ca54c55429935c91b527f,5a7ca54c55429935c91b527f::active_set_pack_b,"['B', 'E']","['B', 'E']","['A', 'F']","['A', 'E']","['A', 'F']","['A', 'E']","['A', 'F']",False,False,False,False,False,0,1,0,1,0
5ab728e45542992aa3b8c7b4,5ab728e45542992aa3b8c7b4::working_set_pack_a,"['D', 'F']","['D', 'F']","['B', 'E']","['F', 'F']","['B', 'E']","['B', 'F']","['B', 'E']",False,False,False,False,False,0,1,0,1,0
5ab728e45542992aa3b8c7b4,5ab728e45542992aa3b8c7b4::active_set_pack_a,"['D', 'F']","['D', 'F']","['B', 'E']","['F', 'F']","['B', 'E']","['B', 'F']","['B', 'E']",False,False,False,False,False,0,1,0,1,0
5ab728e45542992aa3b8c7b4,5ab728e45542992aa3b8c7b4::working_set_pack_b,"['D', 'F']","['D', 'F']","['B', 'E']","['F', 'F']","['B', 'E']","['B', 'E']","['B', 'E']",False,False,False,False,False,0,1,0,0,0
5ab728e45542992aa3b8c7b4,5ab728e45542992aa3b8c7b4::active_set_pack_b,"['D', 'F']","['D', 'F']","['B', 'E']","['F', 'F']","['B', 'E']","['B', 'E']","['B', 'E']",False,False,False,False,False,0,1,0,0,0
5ab30bbb55429976abd1bc39,5ab30bbb55429976abd1bc39::working_set_pack_a,"['A', 'D']","['A', 'D']","['E', 'F']","['D', 'D']","['D', 'E']","['D', 'E']","['E', 'F']",False,False,False,False,False,0,1,1,1,0
5ab30bbb55429976abd1bc39,5ab30bbb55429976abd1bc39::active_set_pack_a,"['A', 'D']","['A', 'D']","['E', 'F']","['D', 'D']","['D', 'E']","['D', 'E']","['E', 'F']",False,False,False,False,False,0,1,1,1,0
5ab30bbb55429976abd1bc39,5ab30bbb55429976abd1bc39::working_set_pack_b,"['A', 'D']","['A', 'D']","['E', 'F']","['D', 'D']","['D', 'E']","['D', 'E']","['E', 'F']",False,False,False,False,False,0,1,1,1,0
5ab30bbb55429976abd1bc39,5ab30bbb55429976abd1bc39::active_set_pack_b,"['A', 'D']","['A', 'D']","['E', 'F']","['D', 'D']","['D', 'E']","['D', 'E']","['E', 'F']",False,False,False,False,False,0,1,1,1,0
5abdbeed5542993062266cdd,5abdbeed5542993062266cdd::working_set_pack_a,"['C', 'E']","['C', 'E']","['D', 'F']","['D', 'E']","['D', 'F']","['D', 'E']","['D', 'F']",False,False,False,False,False,0,1,0,1,0
5abdbeed5542993062266cdd,5abdbeed5542993062266cdd::active_set_pack_a,"['C', 'E']","['C', 'E']","['D', 'F']","['D', 'E']","['D', 'F']","['D', 'E']","['D', 'F']",False,False,False,False,False,0,1,0,1,0
5abdbeed5542993062266cdd,5abdbeed5542993062266cdd::working_set_pack_b,"['C', 'E']","['C', 'E']","['D', 'F']","['D', 'E']","['D', 'F']","['D', 'E']","['D', 'F']",False,False,False,False,False,0,1,0,1,0
5abdbeed5542993062266cdd,5abdbeed5542993062266cdd::active_set_pack_b,"['C', 'E']","['C', 'E']","['D', 'F']","['D', 'E']","['D', 'F']","['D', 'E']","['D', 'F']",False,False,False,False,False,0,1,0,1,0
5ab6e84a554299710c8d1fab,5ab6e84a554299710c8d1fab::working_set_pack_b,"['A', 'B']","['A', 'B']","['D', 'E']","['B', 'E']","['D', 'E']","['D', 'E']","['D', 'E']",False,False,False,False,False,0,1,0,0,0
5ab6e84a554299710c8d1fab,5ab6e84a554299710c8d1fab::active_set_pack_b,"['A', 'B']","['A', 'B']","['D', 'E']","['B', 'E']","['D', 'E']","['D', 'F']","['D', 'E']",False,False,False,False,False,0,1,0,0,0
5a90454855429933b8a204bb,5a90454855429933b8a204bb::working_set_pack_a,"['B', 'E']","['B', 'E']","['C', 'D']","['B', 'E']","['C', 'D']","['C', 'E']","['C', 'D']",False,True,False,False,False,0,2,0,1,0
5a90454855429933b8a204bb,5a90454855429933b8a204bb::active_set_pack_a,"['B', 'E']","['B', 'E']","['C', 'D']","['B', 'E']","['C', 'D']","['C', 'E']","['C', 'D']",False,True,False,False,False,0,2,0,1,0
5a90454855429933b8a204bb,5a90454855429933b8a204bb::working_set_pack_b,"['B', 'E']","['B', 'E']","['C', 'D']","['B', 'E']","['C', 'D']","['C', 'D']","['C', 'D']",False,True,False,False,False,0,2,0,0,0
5a90454855429933b8a204bb,5a90454855429933b8a204bb::active_set_pack_b,"['B', 'E']","['B', 'E']","['C', 'D']","['B', 'E']","['C', 'D']","['C', 'E']","['C', 'D']",False,True,False,False,False,0,2,0,1,0
5abeed7e5542993fe9a41da0,5abeed7e5542993fe9a41da0::active_set_pack_a,"['A', 'C']","['A', 'C']","['B', 'F']","['C', 'F']","['B', 'F']","['B', 'F']","['B', 'F']",False,False,False,False,False,0,1,0,0,0
5ab5141a5542991779162d70,5ab5141a5542991779162d70::working_set_pack_a,"['D', 'E']","['D', 'E']","['B', 'C']","['D', 'E']","['B', 'D']","['B', 'D']","['B', 'C']",False,True,False,False,False,0,2,1,1,0
5ab5141a5542991779162d70,5ab5141a5542991779162d70::active_set_pack_a,"['D', 'E']","['D', 'E']","['B', 'C']","['D', 'E']","['B', 'D']","['B', 'D']","['B', 'C']",False,True,False,False,False,0,2,1,1,0
5ab5141a5542991779162d70,5ab5141a5542991779162d70::working_set_pack_b,"['D', 'E']","['D', 'E']","['A', 'B']","['D', 'E']","['B', 'D']","['B', 'D']","['A', 'B']",False,True,False,False,False,0,2,1,1,0
5ab5141a5542991779162d70,5ab5141a5542991779162d70::active_set_pack_b,"['D', 'E']","['D', 'E']","['A', 'B']","['D', 'E']","['B', 'D']","['B', 'D']","['A', 'B']",False,True,False,False,False,0,2,1,1,0
5ab42ebd5542992339550047,5ab42ebd5542992339550047::working_set_pack_b,"['B', 'F']","['B', 'F']","['D', 'E']","['B', 'D']","['D', 'E']","['D', 'E']","['D', 'E']",False,False,False,False,False,0,1,0,0,0
5ab42ebd5542992339550047,5ab42ebd5542992339550047::active_set_pack_b,"['B', 'F']","['B', 'F']","['D', 'E']","['B', 'D']","['D', 'E']","['D', 'E']","['D', 'E']",False,False,False,False,False,0,1,0,0,0
5a804fc45542992bc0c4a6f0,5a804fc45542992bc0c4a6f0::working_set_pack_a,"['B', 'E']","['B', 'E']","['C', 'F']","['B', 'E']","['C', 'F']","['C', 'E']","['C', 'F']",False,True,False,False,False,0,2,0,1,0
5a804fc45542992bc0c4a6f0,5a804fc45542992bc0c4a6f0::active_set_pack_a,"['B', 'E']","['B', 'E']","['C', 'F']","['B', 'E']","['C', 'F']","['C', 'E']","['C', 'F']",False,True,False,False,False,0,2,0,1,0
5a804fc45542992bc0c4a6f0,5a804fc45542992bc0c4a6f0::working_set_pack_b,"['B', 'E']","['B', 'E']","['C', 'F']","['B', 'E']","['C', 'F']","['C', 'F']","['C', 'F']",False,True,False,False,False,0,2,0,0,0
5a804fc45542992bc0c4a6f0,5a804fc45542992bc0c4a6f0::active_set_pack_b,"['B', 'E']","['B', 'E']","['C', 'F']","['B', 'E']","['C', 'F']","['C', 'F']","['C', 'F']",False,True,False,False,False,0,2,0,0,0
5add85b65542997545bbbd61,5add85b65542997545bbbd61::working_set_pack_a,"['B', 'F']","['B', 'F']","['C', 'E']","['C', 'F']","['C', 'E']","['C', 'F']","['C', 'E']",False,False,False,False,False,0,1,0,1,0
5add85b65542997545bbbd61,5add85b65542997545bbbd61::active_set_pack_a,"['B', 'F']","['B', 'F']","['C', 'E']","['C', 'F']","['C', 'E']","['C', 'F']","['C', 'E']",False,False,False,False,False,0,1,0,1,0
5add85b65542997545bbbd61,5add85b65542997545bbbd61::working_set_pack_b,"['B', 'F']","['B', 'F']","['C', 'E']","['C', 'F']","['C', 'E']","['C', 'F']","['C', 'E']",False,False,False,False,False,0,1,0,1,0
5add85b65542997545bbbd61,5add85b65542997545bbbd61::active_set_pack_b,"['B', 'F']","['B', 'F']","['C', 'E']","['B', 'C']","['C', 'E']","['C', 'F']","['C', 'E']",False,False,False,False,False,0,1,0,1,0
5ac068d25542996f0d89cba2,5ac068d25542996f0d89cba2::working_set_pack_a,"['A', 'D']","['A', 'D']","['B', 'C']","['B', 'D']","['B', 'D']","['B', 'D']","['B', 'C']",False,False,False,False,False,0,1,1,1,0
5ac068d25542996f0d89cba2,5ac068d25542996f0d89cba2::active_set_pack_a,"['A', 'D']","['A', 'D']","['B', 'C']","['B', 'D']","['B', 'D']","['B', 'D']","['B', 'C']",False,False,False,False,False,0,1,1,1,0
5ac068d25542996f0d89cba2,5ac068d25542996f0d89cba2::working_set_pack_b,"['A', 'D']","['A', 'D']","['B', 'C']","['B', 'D']","['B', 'D']","['B', 'D']","['B', 'C']",False,False,False,False,False,0,1,1,1,0
5ade8f5e55429975fa854f11,5ade8f5e55429975fa854f11::working_set_pack_a,"['B', 'F']","['B', 'F']","['C', 'D']","['B', 'F']","['C', 'D']","['C', 'D']","['C', 'D']",False,True,False,False,False,0,2,0,0,0
5ade8f5e55429975fa854f11,5ade8f5e55429975fa854f11::active_set_pack_a,"['B', 'F']","['B', 'F']","['C', 'D']","['B', 'F']","['C', 'E']","['C', 'F']","['C', 'D']",False,True,False,False,False,0,2,0,1,0
5ade8f5e55429975fa854f11,5ade8f5e55429975fa854f11::working_set_pack_b,"['B', 'F']","['B', 'F']","['C', 'D']","['B', 'F']","['C', 'D']","['C', 'D']","['C', 'D']",False,True,False,False,False,0,2,0,0,0
5ade8f5e55429975fa854f11,5ade8f5e55429975fa854f11::active_set_pack_b,"['B', 'F']","['B', 'F']","['D', 'E']","['B', 'D']","['C', 'D']","['C', 'D']","['D', 'E']",False,False,False,False,False,0,1,0,0,0
5ac1b7495542994ab5c67dd9,5ac1b7495542994ab5c67dd9::working_set_pack_a,"['C', 'D']","['C', 'D']","['B', 'F']","['B', 'D']","['B', 'F']","['B', 'D']","['B', 'F']",False,False,False,False,False,0,1,0,1,0
5ac1b7495542994ab5c67dd9,5ac1b7495542994ab5c67dd9::active_set_pack_b,"['C', 'D']","['C', 'D']","['B', 'F']","['B', 'D']","['B', 'F']","['B', 'D']","['B', 'F']",False,False,False,False,False,0,1,0,1,0
5ae4b3da55429913cc2044d6,5ae4b3da55429913cc2044d6::working_set_pack_a,"['C', 'F']","['C', 'F']","['D', 'E']","['C', 'E']","['D', 'E']","['D', 'E']","['D', 'E']",False,False,False,False,False,0,1,0,0,0
5ae4b3da55429913cc2044d6,5ae4b3da55429913cc2044d6::active_set_pack_a,"['C', 'F']","['C', 'F']","['D', 'E']","['C', 'E']","['D', 'E']","['D', 'E']","['D', 'E']",False,False,False,False,False,0,1,0,0,0
5ae4b3da55429913cc2044d6,5ae4b3da55429913cc2044d6::working_set_pack_b,"['C', 'F']","['C', 'F']","['D', 'E']","['C', 'E']","['D', 'E']","['D', 'E']","['D', 'E']",False,False,False,False,False,0,1,0,0,0
5ae4b3da55429913cc2044d6,5ae4b3da55429913cc2044d6::active_set_pack_b,"['C', 'F']","['C', 'F']","['D', 'E']","['C', 'E']","['E', 'F']","['D', 'E']","['D', 'E']",False,False,False,False,False,0,1,1,0,0
5ae64cbf5542992ae0d162c1,5ae64cbf5542992ae0d162c1::working_set_pack_a,"['A', 'D']","['A', 'D']","['E', 'F']","['D', 'D']","['D', 'F']","['D', 'F']","['E', 'F']",False,False,False,False,False,0,1,1,1,0
5ae64cbf5542992ae0d162c1,5ae64cbf5542992ae0d162c1::active_set_pack_a,"['A', 'D']","['A', 'D']","['E', 'F']","['D', 'F']","['D', 'F']","['D', 'F']","['E', 'F']",False,False,False,False,False,0,1,1,1,0
5abae52a5542996cc5e49eea,5abae52a5542996cc5e49eea::working_set_pack_a,"['B', 'F']","['B', 'F']","['A', 'D']","['B', 'F']","['A', 'D']","['A', 'D']","['A', 'D']",False,True,False,False,False,0,2,0,0,0
5abae52a5542996cc5e49eea,5abae52a5542996cc5e49eea::active_set_pack_a,"['B', 'F']","['B', 'F']","['D', 'E']","['B', 'F']","['D', 'E']","['D', 'F']","['D', 'E']",False,True,False,False,False,0,2,0,1,0
5abae52a5542996cc5e49eea,5abae52a5542996cc5e49eea::working_set_pack_b,"['B', 'F']","['B', 'F']","['A', 'D']","['B', 'F']","['A', 'D']","['A', 'D']","['A', 'D']",False,True,False,False,False,0,2,0,0,0
5abae52a5542996cc5e49eea,5abae52a5542996cc5e49eea::active_set_pack_b,"['B', 'F']","['B', 'F']","['A', 'D']","['B', 'F']","['A', 'D']","['A', 'D']","['A', 'D']",False,True,False,False,False,0,2,0,0,0
5a80d30655429938b61421fe,5a80d30655429938b61421fe::working_set_pack_a,"['C', 'E']","['C', 'E']","['D', 'F']","['C', 'C']","['C', 'F']","['C', 'F']","['D', 'F']",False,False,False,False,False,0,1,1,1,0
5a80d30655429938b61421fe,5a80d30655429938b61421fe::active_set_pack_a,"['C', 'E']","['C', 'E']","['D', 'F']","['C', 'C']","['F', 'F']","['C', 'F']","['D', 'F']",False,False,False,False,False,0,1,0,1,0
5a80d30655429938b61421fe,5a80d30655429938b61421fe::working_set_pack_b,"['C', 'E']","['C', 'E']","['D', 'F']","['C', 'D']","['C', 'F']","['D', 'F']","['D', 'F']",False,False,False,False,False,0,1,1,0,0
5a80d30655429938b61421fe,5a80d30655429938b61421fe::active_set_pack_b,"['C', 'E']","['C', 'E']","['D', 'F']","['C', 'D']","['C', 'F']","['D', 'F']","['D', 'F']",False,False,False,False,False,0,1,1,0,0
5a77bd595542995d83181291,5a77bd595542995d83181291::working_set_pack_a,"['A', 'B']","['A', 'B']","['C', 'F']","['C', 'E']","['C', 'F']","['C', 'F']","['C', 'F']",False,False,False,False,False,0,0,0,0,0
5a77bd595542995d83181291,5a77bd595542995d83181291::active_set_pack_a,"['A', 'B']","['A', 'B']","['C', 'F']","['C', 'F']","['C', 'F']","['C', 'E']","['C', 'F']",False,False,False,False,False,0,0,0,0,0
5a77bd595542995d83181291,5a77bd595542995d83181291::working_set_pack_b,"['A', 'B']","['A', 'B']","['C', 'F']","['C', 'F']","['C', 'F']","['C', 'F']","['C', 'F']",False,False,False,False,False,0,0,0,0,0
5a77bd595542995d83181291,5a77bd595542995d83181291::active_set_pack_b,"['A', 'B']","['A', 'B']","['C', 'F']","['C', 'E']","['C', 'F']","['C', 'F']","['C', 'F']",False,False,False,False,False,0,0,0,0,0
5abffc58554299012d1db552,5abffc58554299012d1db552::working_set_pack_a,"['C', 'E']","['C', 'E']","['A', 'F']","['C', 'E']","['A', 'F']","['E', 'F']","['A', 'F']",False,True,False,False,False,0,2,0,1,0
5abffc58554299012d1db552,5abffc58554299012d1db552::active_set_pack_a,"['C', 'E']","['C', 'E']","['A', 'F']","['C', 'E']","['A', 'F']","['E', 'F']","['A', 'F']",False,True,False,False,False,0,2,0,1,0
5abffc58554299012d1db552,5abffc58554299012d1db552::working_set_pack_b,"['C', 'E']","['C', 'E']","['A', 'F']","['C', 'E']","['A', 'F']","['C', 'F']","['A', 'F']",False,True,False,False,False,0,2,0,1,0
5abffc58554299012d1db552,5abffc58554299012d1db552::active_set_pack_b,"['C', 'E']","['C', 'E']","['A', 'F']","['C', 'E']","['E', 'F']","['C', 'E']","['A', 'F']",False,True,False,True,False,0,2,1,2,0
5ac12fda5542994d76dccdb0,5ac12fda5542994d76dccdb0::working_set_pack_a,"['B', 'E']","['B', 'E']","['A', 'F']","['A', 'E']","['A', 'F']","['A', 'E']","['A', 'F']",False,False,False,False,False,0,1,0,1,0
5ac12fda5542994d76dccdb0,5ac12fda5542994d76dccdb0::active_set_pack_a,"['B', 'E']","['B', 'E']","['A', 'F']","['A', 'E']","['A', 'F']","['A', 'E']","['A', 'F']",False,False,False,False,False,0,1,0,1,0
5ac12fda5542994d76dccdb0,5ac12fda5542994d76dccdb0::working_set_pack_b,"['B', 'E']","['B', 'E']","['A', 'F']","['A', 'E']","['A', 'F']","['A', 'E']","['A', 'F']",False,False,False,False,False,0,1,0,1,0
5ac12fda5542994d76dccdb0,5ac12fda5542994d76dccdb0::active_set_pack_b,"['B', 'E']","['B', 'E']","['A', 'F']","['A', 'B']","['A', 'F']","['A', 'E']","['A', 'F']",False,False,False,False,False,0,1,0,1,0
5a8e171b554299068b959e5a,5a8e171b554299068b959e5a::working_set_pack_a,"['A', 'F']","['A', 'F']","['C', 'E']","['C', 'F']","['C', 'E']","['C', 'F']","['C', 'E']",False,False,False,False,False,0,1,0,1,0
5a8e171b554299068b959e5a,5a8e171b554299068b959e5a::active_set_pack_a,"['A', 'F']","['A', 'F']","['C', 'E']","['C', 'F']","['C', 'E']","['C', 'F']","['C', 'E']",False,False,False,False,False,0,1,0,1,0
5a8e171b554299068b959e5a,5a8e171b554299068b959e5a::working_set_pack_b,"['A', 'F']","['A', 'F']","['C', 'E']","['C', 'F']","['C', 'E']","['C', 'F']","['C', 'E']",False,False,False,False,False,0,1,0,1,0
5a8e171b554299068b959e5a,5a8e171b554299068b959e5a::active_set_pack_b,"['A', 'F']","['A', 'F']","['C', 'E']","['C', 'F']","['C', 'E']","['C', 'F']","['C', 'E']",False,False,False,False,False,0,1,0,1,0
5ae377a35542994393b9e6db,5ae377a35542994393b9e6db::working_set_pack_a,"['B', 'D']","['B', 'D']","['E', 'F']","['D', 'F']","['D', 'F']","['D', 'F']","['E', 'F']",False,False,False,False,False,0,1,1,1,0
5ae377a35542994393b9e6db,5ae377a35542994393b9e6db::active_set_pack_a,"['B', 'D']","['B', 'D']","['E', 'F']","['D', 'F']","['D', 'F']","['D', 'F']","['E', 'F']",False,False,False,False,False,0,1,1,1,0
5ae377a35542994393b9e6db,5ae377a35542994393b9e6db::working_set_pack_b,"['B', 'D']","['B', 'D']","['E', 'F']","['D', 'F']","['D', 'F']","['D', 'F']","['E', 'F']",False,False,False,False,False,0,1,1,1,0
5ae377a35542994393b9e6db,5ae377a35542994393b9e6db::active_set_pack_b,"['B', 'D']","['B', 'D']","['E', 'F']","['D', 'F']","['D', 'F']","['D', 'F']","['E', 'F']",False,False,False,False,False,0,1,1,1,0
5ab74412554299110f219ae8,5ab74412554299110f219ae8::working_set_pack_a,"['A', 'B']","['A', 'B']","['E', 'E']","['B', 'E']","['E', 'E']","['A', 'E']","['E', 'E']",False,False,False,False,False,0,1,0,1,0
5ab74412554299110f219ae8,5ab74412554299110f219ae8::active_set_pack_a,"['A', 'B']","['A', 'B']","['E', 'E']","['A', 'E']","['E', 'E']","['A', 'E']","['E', 'E']",False,False,False,False,False,0,1,0,1,0
5ab74412554299110f219ae8,5ab74412554299110f219ae8::working_set_pack_b,"['A', 'B']","['A', 'B']","['E', 'E']","['B', 'E']","['E', 'E']","['A', 'E']","['E', 'E']",False,False,False,False,False,0,1,0,1,0
5ab74412554299110f219ae8,5ab74412554299110f219ae8::active_set_pack_b,"['A', 'B']","['A', 'B']","['E', 'E']","['B', 'E']","['E', 'E']","['E', 'F']","['E', 'E']",False,False,False,False,False,0,1,0,0,0
5ac4bfd05542997ea680caab,5ac4bfd05542997ea680caab::working_set_pack_a,"['A', 'D']","['A', 'D']","['C', 'E']","['C', 'D']","['C', 'E']","['C', 'E']","['C', 'E']",False,False,False,False,False,0,1,0,0,0
5ac4bfd05542997ea680caab,5ac4bfd05542997ea680caab::active_set_pack_a,"['A', 'D']","['A', 'D']","['C', 'E']","['C', 'D']","['C', 'E']","['C', 'E']","['C', 'E']",False,False,False,False,False,0,1,0,0,0
5ac4bfd05542997ea680caab,5ac4bfd05542997ea680caab::working_set_pack_b,"['A', 'D']","['A', 'D']","['C', 'E']","['C', 'E']","['C', 'E']","['C', 'E']","['C', 'E']",False,False,False,False,False,0,0,0,0,0
5ac4bfd05542997ea680caab,5ac4bfd05542997ea680caab::active_set_pack_b,"['A', 'D']","['A', 'D']","['C', 'E']","['C', 'D']","['C', 'E']","['C', 'E']","['C', 'E']",False,False,False,False,False,0,1,0,0,0
5ae3cf7e5542990afbd1e1e2,5ae3cf7e5542990afbd1e1e2::working_set_pack_a,"['A', 'C']","['A', 'C']","['E', 'F']","['C', 'F']","['E', 'F']","['B', 'F']","['E', 'F']",False,False,False,False,False,0,1,0,0,0
5ae3cf7e5542990afbd1e1e2,5ae3cf7e5542990afbd1e1e2::active_set_pack_a,"['A', 'C']","['A', 'C']","['E', 'F']","['C', 'F']","['E', 'F']","['E', 'F']","['E', 'F']",False,False,False,False,False,0,1,0,0,0
5ae3cf7e5542990afbd1e1e2,5ae3cf7e5542990afbd1e1e2::working_set_pack_b,"['A', 'C']","['A', 'C']","['E', 'F']","['C', 'E']","['E', 'F']","['B', 'E']","['E', 'F']",False,False,False,False,False,0,1,0,0,0
5ae3cf7e5542990afbd1e1e2,5ae3cf7e5542990afbd1e1e2::active_set_pack_b,"['A', 'C']","['A', 'C']","['E', 'F']","['C', 'E']","['E', 'F']","['B', 'E']","['E', 'F']",False,False,False,False,False,0,1,0,0,0
5ab1ce395542997061209579,5ab1ce395542997061209579::working_set_pack_a,"['A', 'B']","['A', 'B']","['C', 'F']","['B', 'F']","['C', 'F']","['C', 'F']","['C', 'F']",False,False,False,False,False,0,1,0,0,0
5ab1ce395542997061209579,5ab1ce395542997061209579::active_set_pack_a,"['A', 'B']","['A', 'B']","['C', 'F']","['B', 'F']","['C', 'F']","['C', 'F']","['C', 'F']",False,False,False,False,False,0,1,0,0,0
5ab1ce395542997061209579,5ab1ce395542997061209579::working_set_pack_b,"['A', 'B']","['A', 'B']","['C', 'F']","['A', 'F']","['C', 'F']","['C', 'F']","['C', 'F']",False,False,False,False,False,0,1,0,0,0
5ade5a245542997c77adee0c,5ade5a245542997c77adee0c::working_set_pack_a,"['C', 'E']","['C', 'E']","['A', 'F']","['A', 'C']","['A', 'F']","['A', 'A']","['A', 'F']",False,False,False,False,False,0,1,0,0,0
5ade5a245542997c77adee0c,5ade5a245542997c77adee0c::active_set_pack_a,"['C', 'E']","['C', 'E']","['A', 'F']","['A', 'C']","['A', 'F']","['A', 'A']","['A', 'F']",False,False,False,False,False,0,1,0,0,0
5ade5a245542997c77adee0c,5ade5a245542997c77adee0c::working_set_pack_b,"['C', 'E']","['C', 'E']","['A', 'F']","['A', 'C']","['A', 'F']","['A', 'B']","['A', 'F']",False,False,False,False,False,0,1,0,0,0
5ade5a245542997c77adee0c,5ade5a245542997c77adee0c::active_set_pack_b,"['C', 'E']","['C', 'E']","['A', 'F']","['A', 'C']","['A', 'F']","['A', 'B']","['A', 'F']",False,False,False,False,False,0,1,0,0,0
5ae65d055542996d980e7b14,5ae65d055542996d980e7b14::working_set_pack_a,"['C', 'D']","['C', 'D']","['A', 'F']","['A', 'D']","['A', 'F']","['A', 'B']","['A', 'F']",False,False,False,False,False,0,1,0,0,0
5ae65d055542996d980e7b14,5ae65d055542996d980e7b14::active_set_pack_a,"['C', 'D']","['C', 'D']","['A', 'F']","['C', 'D']","['A', 'F']","['A', 'B']","['A', 'F']",False,True,False,False,False,0,2,0,0,0
5ae65d055542996d980e7b14,5ae65d055542996d980e7b14::working_set_pack_b,"['C', 'D']","['C', 'D']","['A', 'F']","['A', 'D']","['A', 'F']","['A', 'D']","['A', 'F']",False,False,False,False,False,0,1,0,1,0
5ae65d055542996d980e7b14,5ae65d055542996d980e7b14::active_set_pack_b,"['C', 'D']","['C', 'D']","['A', 'F']","['A', 'D']","['A', 'F']","['A', 'D']","['A', 'F']",False,False,False,False,False,0,1,0,1,0
5a85d5ba5542997175ce205a,5a85d5ba5542997175ce205a::active_set_pack_b,"['C', 'E']","['C', 'E']","['B', 'D']","['B', 'E']","['B', 'D']","['B', 'D']","['B', 'D']",False,False,False,False,False,0,1,0,0,0
5a8a1eb755429970aeb70261,5a8a1eb755429970aeb70261::working_set_pack_a,"['C', 'F']","['C', 'F']","['D', 'E']","['C', 'E']","['A', 'E']","['A', 'E']","['D', 'E']",False,False,False,False,False,0,1,0,0,0
5a8a1eb755429970aeb70261,5a8a1eb755429970aeb70261::active_set_pack_a,"['C', 'F']","['C', 'F']","['D', 'E']","['C', 'E']","['A', 'E']","['A', 'E']","['D', 'E']",False,False,False,False,False,0,1,0,0,0
5a8a1eb755429970aeb70261,5a8a1eb755429970aeb70261::working_set_pack_b,"['C', 'F']","['C', 'F']","['D', 'E']","['C', 'E']","['A', 'E']","['B', 'E']","['D', 'E']",False,False,False,False,False,0,1,0,0,0
5a8a1eb755429970aeb70261,5a8a1eb755429970aeb70261::active_set_pack_b,"['C', 'F']","['C', 'F']","['D', 'E']","['C', 'E']","['D', 'E']","['D', 'E']","['D', 'E']",False,False,False,False,False,0,1,0,0,0
5ac3bb805542993915413909,5ac3bb805542993915413909::working_set_pack_a,"['B', 'C']","['B', 'C']","['E', 'F']","['B', 'E']","['E', 'F']","['E', 'F']","['E', 'F']",False,False,False,False,False,0,1,0,0,0
5ac3bb805542993915413909,5ac3bb805542993915413909::active_set_pack_a,"['B', 'C']","['B', 'C']","['E', 'F']","['B', 'E']","['E', 'F']","['E', 'F']","['E', 'F']",False,False,False,False,False,0,1,0,0,0
5ac3bb805542993915413909,5ac3bb805542993915413909::working_set_pack_b,"['B', 'C']","['B', 'C']","['E', 'F']","['B', 'E']","['E', 'F']","['E', 'F']","['E', 'F']",False,False,False,False,False,0,1,0,0,0
5ac3bb805542993915413909,5ac3bb805542993915413909::active_set_pack_b,"['B', 'C']","['B', 'C']","['E', 'F']","['B', 'E']","['E', 'F']","['E', 'F']","['E', 'F']",False,False,False,False,False,0,1,0,0,0
5a8f7992554299458435d64c,5a8f7992554299458435d64c::working_set_pack_a,"['A', 'C']","['A', 'C']","['B', 'F']","['B', 'F']","['B', 'F']","['B', 'F']","['B', 'F']",False,False,False,False,False,0,0,0,0,0
5a8f7992554299458435d64c,5a8f7992554299458435d64c::active_set_pack_a,"['A', 'C']","['A', 'C']","['B', 'F']","['B', 'C']","['B', 'F']","['B', 'F']","['B', 'F']",False,False,False,False,False,0,1,0,0,0
5a8f7992554299458435d64c,5a8f7992554299458435d64c::working_set_pack_b,"['A', 'C']","['A', 'C']","['B', 'F']","['B', 'C']","['B', 'F']","['B', 'E']","['B', 'F']",False,False,False,False,False,0,1,0,0,0
5a8f7992554299458435d64c,5a8f7992554299458435d64c::active_set_pack_b,"['A', 'C']","['A', 'C']","['B', 'F']","['B', 'C']","['B', 'F']","['B', 'F']","['B', 'F']",False,False,False,False,False,0,1,0,0,0
5ab54b5c5542992aa134a298,5ab54b5c5542992aa134a298::working_set_pack_a,"['B', 'E']","['B', 'E']","['D', 'F']","['D', 'E']","['D', 'F']","['D', 'E']","['D', 'F']",False,False,False,False,False,0,1,0,1,0
5ab54b5c5542992aa134a298,5ab54b5c5542992aa134a298::active_set_pack_a,"['B', 'E']","['B', 'E']","['D', 'F']","['D', 'E']","['D', 'F']","['D', 'E']","['D', 'F']",False,False,False,False,False,0,1,0,1,0
5ab54b5c5542992aa134a298,5ab54b5c5542992aa134a298::working_set_pack_b,"['B', 'E']","['B', 'E']","['D', 'F']","['D', 'E']","['D', 'F']","['D', 'F']","['D', 'F']",False,False,False,False,False,0,1,0,0,0
5ab54b5c5542992aa134a298,5ab54b5c5542992aa134a298::active_set_pack_b,"['B', 'E']","['B', 'E']","['D', 'F']","['B', 'D']","['D', 'F']","['D', 'F']","['D', 'F']",False,False,False,False,False,0,1,0,0,0
5a79cc3c5542994bb94570b6,5a79cc3c5542994bb94570b6::working_set_pack_a,"['B', 'D']","['B', 'D']","['A', 'F']","['D', 'F']","['D', 'F']","['D', 'F']","['A', 'F']",False,False,False,False,False,0,1,1,1,0
5a79cc3c5542994bb94570b6,5a79cc3c5542994bb94570b6::active_set_pack_a,"['B', 'D']","['B', 'D']","['A', 'F']","['D', 'F']","['D', 'F']","['D', 'F']","['A', 'F']",False,False,False,False,False,0,1,1,1,0
5a79cc3c5542994bb94570b6,5a79cc3c5542994bb94570b6::active_set_pack_b,"['B', 'D']","['B', 'D']","['A', 'F']","['D', 'F']","['D', 'F']","['D', 'F']","['A', 'F']",False,False,False,False,False,0,1,1,1,0
5a769ac95542993569682c4f,5a769ac95542993569682c4f::working_set_pack_a,"['A', 'C']","['A', 'C']","['B', 'D']","['C', 'C']","['B', 'E']","['B', 'E']","['B', 'D']",False,False,False,False,False,0,1,0,0,0
5a769ac95542993569682c4f,5a769ac95542993569682c4f::active_set_pack_a,"['A', 'C']","['A', 'C']","['B', 'D']","['C', 'C']","['B', 'E']","['B', 'E']","['B', 'D']",False,False,False,False,False,0,1,0,0,0
5a769ac95542993569682c4f,5a769ac95542993569682c4f::working_set_pack_b,"['A', 'C']","['A', 'C']","['B', 'D']","['C', 'C']","['B', 'E']","['B', 'E']","['B', 'D']",False,False,False,False,False,0,1,0,0,0
5a769ac95542993569682c4f,5a769ac95542993569682c4f::active_set_pack_b,"['A', 'C']","['A', 'C']","['B', 'D']","['C', 'C']","['B', 'E']","['B', 'E']","['B', 'D']",False,False,False,False,False,0,1,0,0,0
5adf01425542995ec70e8f53,5adf01425542995ec70e8f53::working_set_pack_a,"['E', 'F']","['E', 'F']","['B', 'F']","['F', 'F']","['B', 'F']","['B', 'F']","['B', 'F']",False,False,False,False,False,1,1,1,1,1
5adf01425542995ec70e8f53,5adf01425542995ec70e8f53::active_set_pack_a,"['E', 'F']","['E', 'F']","['B', 'F']","['F', 'F']","['B', 'F']","['B', 'F']","['B', 'F']",False,False,False,False,False,1,1,1,1,1
5adf01425542995ec70e8f53,5adf01425542995ec70e8f53::working_set_pack_b,"['E', 'F']","['E', 'F']","['B', 'E']","['F', 'F']","['B', 'E']","['B', 'F']","['B', 'E']",False,False,False,False,False,1,1,1,1,1
5adf01425542995ec70e8f53,5adf01425542995ec70e8f53::active_set_pack_b,"['E', 'F']","['E', 'F']","['B', 'F']","['B', 'F']","['B', 'F']","['B', 'F']","['B', 'F']",False,False,False,False,False,1,1,1,1,1
5ab808755542990e739ec7f2,5ab808755542990e739ec7f2::working_set_pack_a,"['E', 'F']","['E', 'F']","['A', 'D']","['A', 'F']","['A', 'F']","['A', 'F']","['A', 'D']",False,False,False,False,False,0,1,1,1,0
5ab808755542990e739ec7f2,5ab808755542990e739ec7f2::active_set_pack_a,"['E', 'F']","['E', 'F']","['A', 'F']","['A', 'F']","['A', 'F']","['A', 'F']","['A', 'F']",False,False,False,False,False,1,1,1,1,1
5ab808755542990e739ec7f2,5ab808755542990e739ec7f2::working_set_pack_b,"['E', 'F']","['E', 'F']","['A', 'F']","['A', 'F']","['A', 'F']","['A', 'F']","['A', 'F']",False,False,False,False,False,1,1,1,1,1
5ab808755542990e739ec7f2,5ab808755542990e739ec7f2::active_set_pack_b,"['E', 'F']","['E', 'F']","['A', 'F']","['A', 'F']","['A', 'F']","['A', 'F']","['A', 'F']",False,False,False,False,False,1,1,1,1,1
5a7d15e35542995ed0d165dd,5a7d15e35542995ed0d165dd::working_set_pack_a,"['B', 'F']","['B', 'F']","['A', 'E']","['B', 'F']","['A', 'E']","['A', 'F']","['A', 'E']",False,True,False,False,False,0,2,0,1,0
5a7d15e35542995ed0d165dd,5a7d15e35542995ed0d165dd::active_set_pack_a,"['B', 'F']","['B', 'F']","['A', 'E']","['B', 'F']","['A', 'E']","['A', 'F']","['A', 'E']",False,True,False,False,False,0,2,0,1,0
5a7d15e35542995ed0d165dd,5a7d15e35542995ed0d165dd::working_set_pack_b,"['B', 'F']","['B', 'F']","['C', 'E']","['B', 'F']","['C', 'E']","['C', 'F']","['C', 'E']",False,True,False,False,False,0,2,0,1,0
5a7d15e35542995ed0d165dd,5a7d15e35542995ed0d165dd::active_set_pack_b,"['B', 'F']","['B', 'F']","['C', 'E']","['B', 'F']","['C', 'E']","['C', 'F']","['C', 'E']",False,True,False,False,False,0,2,0,1,0
5a80b23a5542992bc0c4a7b2,5a80b23a5542992bc0c4a7b2::working_set_pack_a,"['C', 'F']","['C', 'F']","['B', 'E']","['C', 'F']","['B', 'E']","['B', 'E']","['B', 'E']",False,True,False,False,False,0,2,0,0,0
5a80b23a5542992bc0c4a7b2,5a80b23a5542992bc0c4a7b2::active_set_pack_a,"['C', 'F']","['C', 'F']","['B', 'E']","['C', 'F']","['B', 'E']","['B', 'E']","['B', 'E']",False,True,False,False,False,0,2,0,0,0
5a80b23a5542992bc0c4a7b2,5a80b23a5542992bc0c4a7b2::working_set_pack_b,"['C', 'F']","['C', 'F']","['B', 'E']","['C', 'E']","['B', 'E']","['E', 'F']","['B', 'E']",False,False,False,False,False,0,1,0,1,0
5a80b23a5542992bc0c4a7b2,5a80b23a5542992bc0c4a7b2::active_set_pack_b,"['C', 'F']","['C', 'F']","['B', 'E']","['C', 'F']","['B', 'E']","['E', 'F']","['B', 'E']",False,True,False,False,False,0,2,0,1,0
5a8e506d5542990e94052ac8,5a8e506d5542990e94052ac8::working_set_pack_a,"['B', 'D']","['B', 'D']","['E', 'F']","['B', 'E']","['D', 'E']","['D', 'E']","['E', 'F']",False,False,False,False,False,0,1,1,1,0
5a8e506d5542990e94052ac8,5a8e506d5542990e94052ac8::active_set_pack_a,"['B', 'D']","['B', 'D']","['E', 'F']","['B', 'E']","['D', 'E']","['D', 'E']","['E', 'F']",False,False,False,False,False,0,1,1,1,0
5a8e506d5542990e94052ac8,5a8e506d5542990e94052ac8::working_set_pack_b,"['B', 'D']","['B', 'D']","['E', 'F']","['B', 'E']","['D', 'E']","['D', 'E']","['E', 'F']",False,False,False,False,False,0,1,1,1,0
5a8e506d5542990e94052ac8,5a8e506d5542990e94052ac8::active_set_pack_b,"['B', 'D']","['B', 'D']","['E', 'F']","['B', 'E']","['D', 'E']","['D', 'E']","['E', 'F']",False,False,False,False,False,0,1,1,1,0
5ac3983a554299657fa290f5,5ac3983a554299657fa290f5::working_set_pack_a,"['A', 'C']","['A', 'C']","['D', 'F']","['C', 'E']","['D', 'F']","['D', 'E']","['D', 'F']",False,False,False,False,False,0,1,0,0,0
5ac3983a554299657fa290f5,5ac3983a554299657fa290f5::active_set_pack_a,"['A', 'C']","['A', 'C']","['D', 'F']","['C', 'E']","['E', 'F']","['B', 'E']","['D', 'F']",False,False,False,False,False,0,1,0,0,0
5ac3983a554299657fa290f5,5ac3983a554299657fa290f5::working_set_pack_b,"['A', 'C']","['A', 'C']","['D', 'F']","['C', 'E']","['E', 'F']","['D', 'E']","['D', 'F']",False,False,False,False,False,0,1,0,0,0
5ac3983a554299657fa290f5,5ac3983a554299657fa290f5::active_set_pack_b,"['A', 'C']","['A', 'C']","['D', 'F']","['C', 'E']","['E', 'F']","['B', 'E']","['D', 'F']",False,False,False,False,False,0,1,0,0,0
5ac1bfd85542994ab5c67dfb,5ac1bfd85542994ab5c67dfb::working_set_pack_a,"['B', 'D']","['B', 'D']","['C', 'F']","['B', 'D']","['C', 'D']","['C', 'D']","['C', 'F']",False,True,False,False,False,0,2,1,1,0
5ac1bfd85542994ab5c67dfb,5ac1bfd85542994ab5c67dfb::active_set_pack_a,"['B', 'D']","['B', 'D']","['C', 'F']","['B', 'D']","['C', 'D']","['C', 'D']","['C', 'F']",False,True,False,False,False,0,2,1,1,0
5ac1bfd85542994ab5c67dfb,5ac1bfd85542994ab5c67dfb::working_set_pack_b,"['B', 'D']","['B', 'D']","['C', 'F']","['B', 'D']","['C', 'D']","['C', 'D']","['C', 'F']",False,True,False,False,False,0,2,1,1,0
5ac1bfd85542994ab5c67dfb,5ac1bfd85542994ab5c67dfb::active_set_pack_b,"['B', 'D']","['B', 'D']","['C', 'F']","['B', 'D']","['C', 'D']","['C', 'D']","['C', 'F']",False,True,False,False,False,0,2,1,1,0
5a77251055429966f1a36ca5,5a77251055429966f1a36ca5::working_set_pack_a,"['A', 'F']","['A', 'F']","['D', 'E']","['D', 'F']","['D', 'E']","['D', 'F']","['D', 'E']",False,False,False,False,False,0,1,0,1,0
5a77251055429966f1a36ca5,5a77251055429966f1a36ca5::active_set_pack_a,"['A', 'F']","['A', 'F']","['D', 'E']","['D', 'F']","['D', 'E']","['D', 'F']","['D', 'E']",False,False,False,False,False,0,1,0,1,0
5a77251055429966f1a36ca5,5a77251055429966f1a36ca5::working_set_pack_b,"['A', 'F']","['A', 'F']","['D', 'F']","['D', 'F']","['D', 'F']","['D', 'F']","['D', 'F']",False,False,False,False,False,1,1,1,1,1
5a77251055429966f1a36ca5,5a77251055429966f1a36ca5::active_set_pack_b,"['A', 'F']","['A', 'F']","['D', 'F']","['D', 'F']","['D', 'F']","['D', 'F']","['D', 'F']",False,False,False,False,False,1,1,1,1,1
5ac3bf5e5542995ef918c20f,5ac3bf5e5542995ef918c20f::working_set_pack_a,"['C', 'E']","['C', 'E']","['E', 'F']","['E', 'F']","['E', 'F']","['E', 'F']","['E', 'F']",False,False,False,False,False,1,1,1,1,1
5ac3bf5e5542995ef918c20f,5ac3bf5e5542995ef918c20f::active_set_pack_a,"['C', 'E']","['C', 'E']","['E', 'F']","['E', 'F']","['E', 'F']","['E', 'F']","['E', 'F']",False,False,False,False,False,1,1,1,1,1
5ac3bf5e5542995ef918c20f,5ac3bf5e5542995ef918c20f::working_set_pack_b,"['C', 'E']","['C', 'E']","['E', 'F']","['E', 'F']","['E', 'F']","['E', 'F']","['E', 'F']",False,False,False,False,False,1,1,1,1,1
5ac3bf5e5542995ef918c20f,5ac3bf5e5542995ef918c20f::active_set_pack_b,"['C', 'E']","['C', 'E']","['E', 'F']","['E', 'F']","['E', 'F']","['E', 'F']","['E', 'F']",False,False,False,False,False,1,1,1,1,1
5ac141dd5542991316484a9b,5ac141dd5542991316484a9b::working_set_pack_a,"['D', 'F']","['D', 'F']","['E', 'F']","['D', 'E']","['D', 'E']","['E', 'F']","['E', 'F']",False,False,False,False,False,1,1,1,1,1
5ac141dd5542991316484a9b,5ac141dd5542991316484a9b::active_set_pack_a,"['D', 'F']","['D', 'F']","['E', 'E']","['D', 'E']","['D', 'E']","['E', 'F']","['E', 'E']",False,False,False,False,False,0,1,1,1,0
5ac141dd5542991316484a9b,5ac141dd5542991316484a9b::working_set_pack_b,"['D', 'F']","['D', 'F']","['E', 'F']","['D', 'E']","['D', 'E']","['D', 'E']","['E', 'F']",False,False,False,False,False,1,1,1,1,1
5ac141dd5542991316484a9b,5ac141dd5542991316484a9b::active_set_pack_b,"['D', 'F']","['D', 'F']","['E', 'F']","['D', 'E']","['D', 'E']","['D', 'E']","['E', 'F']",False,False,False,False,False,1,1,1,1,1
5ab6ef2f554299710c8d1fc5,5ab6ef2f554299710c8d1fc5::working_set_pack_a,"['D', 'F']","['D', 'F']","['B', 'E']","['B', 'D']","['B', 'D']","['B', 'D']","['B', 'E']",False,False,False,False,False,0,1,1,1,0
5ab6ef2f554299710c8d1fc5,5ab6ef2f554299710c8d1fc5::active_set_pack_a,"['D', 'F']","['D', 'F']","['B', 'E']","['D', 'D']","['B', 'D']","['B', 'D']","['B', 'E']",False,False,False,False,False,0,1,1,1,0
5ab6ef2f554299710c8d1fc5,5ab6ef2f554299710c8d1fc5::working_set_pack_b,"['D', 'F']","['D', 'F']","['B', 'E']","['D', 'D']","['B', 'D']","['B', 'D']","['B', 'E']",False,False,False,False,False,0,1,1,1,0
5ab6ef2f554299710c8d1fc5,5ab6ef2f554299710c8d1fc5::active_set_pack_b,"['D', 'F']","['D', 'F']","['B', 'E']","['D', 'F']","['B', 'D']","['B', 'D']","['B', 'E']",False,True,False,False,False,0,2,1,1,0
5a73f2265542993a88ae2ea9,5a73f2265542993a88ae2ea9::active_set_pack_a,"['D', 'E']","['D', 'E']","['C', 'F']","['E', 'E']","['C', 'F']","['C', 'E']","['C', 'F']",False,False,False,False,False,0,1,0,1,0
5a73f2265542993a88ae2ea9,5a73f2265542993a88ae2ea9::working_set_pack_b,"['D', 'E']","['D', 'E']","['C', 'F']","['E', 'E']","['C', 'F']","['C', 'E']","['C', 'F']",False,False,False,False,False,0,1,0,1,0
5a7cbd7c554299452d57b9e6,5a7cbd7c554299452d57b9e6::working_set_pack_a,"['D', 'F']","['D', 'F']","['B', 'E']","['A', 'F']","['B', 'E']","['B', 'E']","['B', 'E']",False,False,False,False,False,0,1,0,0,0
5a7cbd7c554299452d57b9e6,5a7cbd7c554299452d57b9e6::active_set_pack_a,"['D', 'F']","['D', 'F']","['B', 'E']","['F', 'F']","['B', 'E']","['B', 'E']","['B', 'E']",False,False,False,False,False,0,1,0,0,0
5a7cbd7c554299452d57b9e6,5a7cbd7c554299452d57b9e6::working_set_pack_b,"['D', 'F']","['D', 'F']","['B', 'E']","['D', 'F']","['B', 'E']","['B', 'E']","['B', 'E']",False,True,False,False,False,0,2,0,0,0
5a7cbd7c554299452d57b9e6,5a7cbd7c554299452d57b9e6::active_set_pack_b,"['D', 'F']","['D', 'F']","['B', 'E']","['D', 'F']","['B', 'E']","['B', 'E']","['B', 'E']",False,True,False,False,False,0,2,0,0,0
5adf9e7e5542992d7e9f93be,5adf9e7e5542992d7e9f93be::working_set_pack_a,"['B', 'C']","['B', 'C']","['D', 'F']","['C', 'F']","['E', 'F']","['E', 'F']","['D', 'F']",False,False,False,False,False,0,1,0,0,0
5adf9e7e5542992d7e9f93be,5adf9e7e5542992d7e9f93be::active_set_pack_a,"['B', 'C']","['B', 'C']","['D', 'F']","['C', 'F']","['E', 'F']","['E', 'F']","['D', 'F']",False,False,False,False,False,0,1,0,0,0
5adf9e7e5542992d7e9f93be,5adf9e7e5542992d7e9f93be::working_set_pack_b,"['B', 'C']","['B', 'C']","['D', 'F']","['C', 'F']","['E', 'F']","['E', 'F']","['D', 'F']",False,False,False,False,False,0,1,0,0,0
5adf9e7e5542992d7e9f93be,5adf9e7e5542992d7e9f93be::active_set_pack_b,"['B', 'C']","['B', 'C']","['D', 'F']","['C', 'F']","['E', 'F']","['E', 'F']","['D', 'F']",False,False,False,False,False,0,1,0,0,0
5a7b970c554299294a54aa0b,5a7b970c554299294a54aa0b::working_set_pack_a,"['B', 'C']","['B', 'C']","['D', 'E']","['B', 'D']","['D', 'E']","['D', 'E']","['D', 'E']",False,False,False,False,False,0,1,0,0,0
5a7b970c554299294a54aa0b,5a7b970c554299294a54aa0b::active_set_pack_a,"['B', 'C']","['B', 'C']","['D', 'E']","['B', 'D']","['D', 'E']","['A', 'D']","['D', 'E']",False,False,False,False,False,0,1,0,0,0
5a7b970c554299294a54aa0b,5a7b970c554299294a54aa0b::working_set_pack_b,"['B', 'C']","['B', 'C']","['D', 'E']","['C', 'D']","['D', 'E']","['A', 'D']","['D', 'E']",False,False,False,False,False,0,1,0,0,0
5a7b970c554299294a54aa0b,5a7b970c554299294a54aa0b::active_set_pack_b,"['B', 'C']","['B', 'C']","['D', 'F']","['B', 'C']","['D', 'E']","['A', 'D']","['D', 'F']",False,True,False,False,False,0,2,0,0,0
5a83cf395542996488c2e4e0,5a83cf395542996488c2e4e0::working_set_pack_a,"['C', 'F']","['C', 'F']","['B', 'E']","['A', 'E']","['B', 'E']","['B', 'E']","['B', 'E']",False,False,False,False,False,0,0,0,0,0
5a83cf395542996488c2e4e0,5a83cf395542996488c2e4e0::active_set_pack_a,"['C', 'F']","['C', 'F']","['B', 'E']","['A', 'C']","['B', 'E']","['B', 'E']","['B', 'E']",False,False,False,False,False,0,1,0,0,0
5a83cf395542996488c2e4e0,5a83cf395542996488c2e4e0::active_set_pack_b,"['C', 'F']","['C', 'F']","['B', 'E']","['C', 'F']","['B', 'E']","['B', 'E']","['B', 'E']",False,True,False,False,False,0,2,0,0,0
5ab265de5542993be8fa9901,5ab265de5542993be8fa9901::working_set_pack_a,"['E', 'F']","['E', 'F']","['B', 'D']","['E', 'F']","['B', 'C']","['B', 'F']","['B', 'D']",False,True,False,False,False,0,2,0,1,0
5ab265de5542993be8fa9901,5ab265de5542993be8fa9901::active_set_pack_a,"['E', 'F']","['E', 'F']","['B', 'D']","['E', 'F']","['B', 'C']","['B', 'F']","['B', 'D']",False,True,False,False,False,0,2,0,1,0
5ab265de5542993be8fa9901,5ab265de5542993be8fa9901::working_set_pack_b,"['E', 'F']","['E', 'F']","['B', 'D']","['E', 'F']","['B', 'D']","['B', 'F']","['B', 'D']",False,True,False,False,False,0,2,0,1,0
5ab265de5542993be8fa9901,5ab265de5542993be8fa9901::active_set_pack_b,"['E', 'F']","['E', 'F']","['B', 'D']","['E', 'F']","['B', 'D']","['B', 'F']","['B', 'D']",False,True,False,False,False,0,2,0,1,0
5abc0e30554299700f9d77c5,5abc0e30554299700f9d77c5::working_set_pack_a,"['B', 'E']","['B', 'E']","['C', 'F']","['B', 'F']","['C', 'F']","['C', 'F']","['C', 'F']",False,False,False,False,False,0,1,0,0,0
5abc0e30554299700f9d77c5,5abc0e30554299700f9d77c5::active_set_pack_a,"['B', 'E']","['B', 'E']","['C', 'F']","['B', 'F']","['C', 'F']","['C', 'F']","['C', 'F']",False,False,False,False,False,0,1,0,0,0
5abc0e30554299700f9d77c5,5abc0e30554299700f9d77c5::working_set_pack_b,"['B', 'E']","['B', 'E']","['C', 'F']","['B', 'F']","['C', 'F']","['C', 'F']","['C', 'F']",False,False,False,False,False,0,1,0,0,0
5abc0e30554299700f9d77c5,5abc0e30554299700f9d77c5::active_set_pack_b,"['B', 'E']","['B', 'E']","['C', 'F']","['B', 'E']","['C', 'F']","['C', 'F']","['C', 'F']",False,True,False,False,False,0,2,0,0,0
5ae3417e5542990afbd1e0f7,5ae3417e5542990afbd1e0f7::working_set_pack_a,"['A', 'C']","['A', 'C']","['B', 'F']","['B', 'C']","['B', 'F']","['B', 'E']","['B', 'F']",False,False,False,False,False,0,1,0,0,0
5ae3417e5542990afbd1e0f7,5ae3417e5542990afbd1e0f7::active_set_pack_a,"['A', 'C']","['A', 'C']","['B', 'F']","['B', 'C']","['B', 'F']","['B', 'C']","['B', 'F']",False,False,False,False,False,0,1,0,1,0
5ae3417e5542990afbd1e0f7,5ae3417e5542990afbd1e0f7::working_set_pack_b,"['A', 'C']","['A', 'C']","['B', 'F']","['B', 'C']","['B', 'F']","['B', 'C']","['B', 'F']",False,False,False,False,False,0,1,0,1,0
5ae3417e5542990afbd1e0f7,5ae3417e5542990afbd1e0f7::active_set_pack_b,"['A', 'C']","['A', 'C']","['B', 'F']","['B', 'C']","['B', 'F']","['B', 'C']","['B', 'F']",False,False,False,False,False,0,1,0,1,0
5ae334345542991a06ce9951,5ae334345542991a06ce9951::working_set_pack_a,"['A', 'C']","['A', 'C']","['D', 'F']","['C', 'F']","['B', 'F']","['B', 'F']","['D', 'F']",False,False,False,False,False,0,1,0,0,0
5ae334345542991a06ce9951,5ae334345542991a06ce9951::active_set_pack_a,"['A', 'C']","['A', 'C']","['B', 'F']","['C', 'F']","['B', 'F']","['B', 'F']","['B', 'F']",False,False,False,False,False,0,1,0,0,0
5ae334345542991a06ce9951,5ae334345542991a06ce9951::working_set_pack_b,"['A', 'C']","['A', 'C']","['B', 'F']","['B', 'C']","['B', 'F']","['B', 'F']","['B', 'F']",False,False,False,False,False,0,1,0,0,0
5ae334345542991a06ce9951,5ae334345542991a06ce9951::active_set_pack_b,"['A', 'C']","['A', 'C']","['B', 'F']","['B', 'C']","['B', 'F']","['B', 'F']","['B', 'F']",False,False,False,False,False,0,1,0,0,0
5abeb68d5542994516f453f9,5abeb68d5542994516f453f9::working_set_pack_a,"['A', 'F']","['A', 'F']","['C', 'D']","['D', 'E']","['C', 'E']","['C', 'E']","['C', 'D']",False,False,False,False,False,0,0,0,0,0
5abeb68d5542994516f453f9,5abeb68d5542994516f453f9::active_set_pack_a,"['A', 'F']","['A', 'F']","['D', 'E']","['C', 'F']","['C', 'E']","['C', 'E']","['D', 'E']",False,False,False,False,False,0,1,0,0,0
5abeb68d5542994516f453f9,5abeb68d5542994516f453f9::working_set_pack_b,"['A', 'F']","['A', 'F']","['D', 'E']","['C', 'F']","['C', 'E']","['C', 'E']","['D', 'E']",False,False,False,False,False,0,1,0,0,0
5abeb68d5542994516f453f9,5abeb68d5542994516f453f9::active_set_pack_b,"['A', 'F']","['A', 'F']","['D', 'E']","['C', 'E']","['C', 'E']","['C', 'E']","['D', 'E']",False,False,False,False,False,0,0,0,0,0
5ae1cab7554299492dc91b8a,5ae1cab7554299492dc91b8a::working_set_pack_a,"['C', 'D']","['C', 'D']","['E', 'F']","['D', 'E']","['D', 'F']","['D', 'E']","['E', 'F']",False,False,False,False,False,0,1,1,1,0
5ae1cab7554299492dc91b8a,5ae1cab7554299492dc91b8a::active_set_pack_a,"['C', 'D']","['C', 'D']","['E', 'F']","['D', 'E']","['D', 'F']","['D', 'E']","['E', 'F']",False,False,False,False,False,0,1,1,1,0
5ae1cab7554299492dc91b8a,5ae1cab7554299492dc91b8a::working_set_pack_b,"['C', 'D']","['C', 'D']","['E', 'F']","['D', 'E']","['D', 'F']","['D', 'E']","['E', 'F']",False,False,False,False,False,0,1,1,1,0
5ae1cab7554299492dc91b8a,5ae1cab7554299492dc91b8a::active_set_pack_b,"['C', 'D']","['C', 'D']","['E', 'F']","['D', 'E']","['D', 'F']","['D', 'F']","['E', 'F']",False,False,False,False,False,0,1,1,1,0
5ae6e5d65542992ae0d163a1,5ae6e5d65542992ae0d163a1::working_set_pack_a,"['A', 'E']","['A', 'E']","['D', 'F']","['D', 'F']","['C', 'D']","['C', 'D']","['D', 'F']",False,False,False,False,False,0,0,0,0,0
5ae6e5d65542992ae0d163a1,5ae6e5d65542992ae0d163a1::active_set_pack_a,"['A', 'E']","['A', 'E']","['D', 'F']","['D', 'F']","['C', 'D']","['C', 'D']","['D', 'F']",False,False,False,False,False,0,0,0,0,0
5ae6e5d65542992ae0d163a1,5ae6e5d65542992ae0d163a1::working_set_pack_b,"['A', 'E']","['A', 'E']","['D', 'F']","['D', 'F']","['B', 'D']","['B', 'D']","['D', 'F']",False,False,False,False,False,0,0,0,0,0
5ae6e5d65542992ae0d163a1,5ae6e5d65542992ae0d163a1::active_set_pack_b,"['A', 'E']","['A', 'E']","['B', 'D']","['D', 'F']","['B', 'D']","['B', 'D']","['B', 'D']",False,False,False,False,False,0,0,0,0,0
5abaebab55429939ce03dd66,5abaebab55429939ce03dd66::working_set_pack_a,"['A', 'E']","['A', 'E']","['B', 'D']","['D', 'E']","['B', 'D']","['B', 'D']","['B', 'D']",False,False,False,False,False,0,1,0,0,0
5abaebab55429939ce03dd66,5abaebab55429939ce03dd66::active_set_pack_a,"['A', 'E']","['A', 'E']","['D', 'F']","['D', 'E']","['D', 'F']","['D', 'E']","['D', 'F']",False,False,False,False,False,0,1,0,1,0
5abaebab55429939ce03dd66,5abaebab55429939ce03dd66::working_set_pack_b,"['A', 'E']","['A', 'E']","['D', 'F']","['D', 'F']","['D', 'F']","['D', 'F']","['D', 'F']",False,False,False,False,False,0,0,0,0,0
5abaebab55429939ce03dd66,5abaebab55429939ce03dd66::active_set_pack_b,"['A', 'E']","['A', 'E']","['D', 'F']","['D', 'F']","['D', 'F']","['D', 'F']","['D', 'F']",False,False,False,False,False,0,0,0,0,0
5ab9149d5542991b5579f0e6,5ab9149d5542991b5579f0e6::working_set_pack_a,"['E', 'F']","['E', 'F']","['A', 'F']","['E', 'E']","['A', 'F']","['A', 'E']","['A', 'F']",False,False,False,False,False,1,1,1,1,1
5ab9149d5542991b5579f0e6,5ab9149d5542991b5579f0e6::active_set_pack_a,"['E', 'F']","['E', 'F']","['A', 'F']","['E', 'E']","['A', 'F']","['A', 'E']","['A', 'F']",False,False,False,False,False,1,1,1,1,1
5ab9149d5542991b5579f0e6,5ab9149d5542991b5579f0e6::working_set_pack_b,"['E', 'F']","['E', 'F']","['B', 'F']","['E', 'E']","['B', 'F']","['E', 'F']","['B', 'F']",False,False,False,True,False,1,1,1,2,1
5ab9149d5542991b5579f0e6,5ab9149d5542991b5579f0e6::active_set_pack_b,"['E', 'F']","['E', 'F']","['A', 'F']","['E', 'E']","['A', 'F']","['E', 'F']","['A', 'F']",False,False,False,True,False,1,1,1,2,1
5ab71f385542993667793f41,5ab71f385542993667793f41::working_set_pack_a,"['A', 'F']","['A', 'F']","['D', 'E']","['D', 'F']","['D', 'E']","['D', 'F']","['D', 'E']",False,False,False,False,False,0,1,0,1,0
5a7d9eb55542990b8f5039cd,5a7d9eb55542990b8f5039cd::working_set_pack_a,"['A', 'B']","['A', 'B']","['C', 'F']","['B', 'F']","['C', 'F']","['C', 'F']","['C', 'F']",False,False,False,False,False,0,1,0,0,0
5a7d9eb55542990b8f5039cd,5a7d9eb55542990b8f5039cd::working_set_pack_b,"['A', 'B']","['A', 'B']","['C', 'F']","['B', 'F']","['C', 'F']","['C', 'F']","['C', 'F']",False,False,False,False,False,0,1,0,0,0
5a7d9eb55542990b8f5039cd,5a7d9eb55542990b8f5039cd::active_set_pack_b,"['A', 'B']","['A', 'B']","['C', 'F']","['B', 'F']","['C', 'F']","['C', 'F']","['C', 'F']",False,False,False,False,False,0,1,0,0,0
5ae5e2285542996de7b71a5a,5ae5e2285542996de7b71a5a::working_set_pack_a,"['C', 'F']","['C', 'F']","['B', 'E']","['B', 'C']","['B', 'E']","['B', 'E']","['B', 'E']",False,False,False,False,False,0,1,0,0,0
5ae5e2285542996de7b71a5a,5ae5e2285542996de7b71a5a::active_set_pack_a,"['C', 'F']","['C', 'F']","['B', 'E']","['C', 'F']","['B', 'E']","['B', 'E']","['B', 'E']",False,True,False,False,False,0,2,0,0,0
5ae5e2285542996de7b71a5a,5ae5e2285542996de7b71a5a::working_set_pack_b,"['C', 'F']","['C', 'F']","['B', 'E']","['B', 'C']","['B', 'E']","['B', 'E']","['B', 'E']",False,False,False,False,False,0,1,0,0,0
5ae5e2285542996de7b71a5a,5ae5e2285542996de7b71a5a::active_set_pack_b,"['C', 'F']","['C', 'F']","['B', 'E']","['B', 'C']","['B', 'E']","['B', 'E']","['B', 'E']",False,False,False,False,False,0,1,0,0,0
5ac13d745542991316484a91,5ac13d745542991316484a91::working_set_pack_a,"['A', 'C']","['A', 'C']","['B', 'E']","['C', 'E']","['B', 'E']","['B', 'E']","['B', 'E']",False,False,False,False,False,0,1,0,0,0
5a7d24f1554299452d57bb21,5a7d24f1554299452d57bb21::active_set_pack_a,"['C', 'F']","['C', 'F']","['D', 'E']","['A', 'C']","['A', 'E']","['A', 'E']","['D', 'E']",False,False,False,False,False,0,1,0,0,0
5ac28a21554299677310256e,5ac28a21554299677310256e::working_set_pack_a,"['B', 'E']","['B', 'E']","['D', 'F']","['B', 'E']","['A', 'F']","['A', 'D']","['D', 'F']",False,True,False,False,False,0,2,0,0,0
5ac28a21554299677310256e,5ac28a21554299677310256e::active_set_pack_a,"['B', 'E']","['B', 'E']","['D', 'F']","['B', 'D']","['A', 'F']","['A', 'D']","['D', 'F']",False,False,False,False,False,0,1,0,0,0
5ac28a21554299677310256e,5ac28a21554299677310256e::working_set_pack_b,"['B', 'E']","['B', 'E']","['D', 'F']","['B', 'B']","['A', 'F']","['A', 'D']","['D', 'F']",False,False,False,False,False,0,1,0,0,0
5ac28a21554299677310256e,5ac28a21554299677310256e::active_set_pack_b,"['B', 'E']","['B', 'E']","['D', 'F']","['B', 'E']","['A', 'F']","['A', 'D']","['D', 'F']",False,True,False,False,False,0,2,0,0,0
5a8f11fd554299458435d544,5a8f11fd554299458435d544::working_set_pack_b,"['D', 'E']","['D', 'E']","['B', 'F']","['B', 'D']","['B', 'D']","['B', 'D']","['B', 'F']",False,False,False,False,False,0,1,1,1,0
5abef2365542997ec76fd397,5abef2365542997ec76fd397::working_set_pack_a,"['A', 'D']","['A', 'D']","['B', 'F']","['A', 'D']","['B', 'F']","['B', 'D']","['B', 'F']",False,True,False,False,False,0,2,0,1,0
5abef2365542997ec76fd397,5abef2365542997ec76fd397::active_set_pack_a,"['A', 'D']","['A', 'D']","['B', 'F']","['B', 'D']","['B', 'F']","['B', 'D']","['B', 'F']",False,False,False,False,False,0,1,0,1,0
5abef2365542997ec76fd397,5abef2365542997ec76fd397::working_set_pack_b,"['A', 'D']","['A', 'D']","['B', 'F']","['A', 'D']","['B', 'F']","['B', 'D']","['B', 'F']",False,True,False,False,False,0,2,0,1,0
5abef2365542997ec76fd397,5abef2365542997ec76fd397::active_set_pack_b,"['A', 'D']","['A', 'D']","['B', 'F']","['A', 'D']","['B', 'F']","['B', 'D']","['B', 'F']",False,True,False,False,False,0,2,0,1,0
5abdb9125542993f32c2a018,5abdb9125542993f32c2a018::working_set_pack_a,"['C', 'D']","['C', 'D']","['E', 'F']","['C', 'F']","['D', 'F']","['D', 'F']","['E', 'F']",False,False,False,False,False,0,1,1,1,0
5abdb9125542993f32c2a018,5abdb9125542993f32c2a018::active_set_pack_a,"['C', 'D']","['C', 'D']","['E', 'F']","['C', 'F']","['D', 'F']","['D', 'F']","['E', 'F']",False,False,False,False,False,0,1,1,1,0
5abdb9125542993f32c2a018,5abdb9125542993f32c2a018::working_set_pack_b,"['C', 'D']","['C', 'D']","['E', 'F']","['D', 'F']","['D', 'F']","['D', 'F']","['E', 'F']",False,False,False,False,False,0,1,1,1,0
5abdb9125542993f32c2a018,5abdb9125542993f32c2a018::active_set_pack_b,"['C', 'D']","['C', 'D']","['E', 'F']","['C', 'F']","['D', 'F']","['D', 'F']","['E', 'F']",False,False,False,False,False,0,1,1,1,0
5ab7f030554299366779405a,5ab7f030554299366779405a::working_set_pack_a,"['A', 'B']","['A', 'B']","['D', 'F']","['B', 'F']","['C', 'F']","['C', 'D']","['D', 'F']",False,False,False,False,False,0,1,0,0,0
5ab7f030554299366779405a,5ab7f030554299366779405a::active_set_pack_a,"['A', 'B']","['A', 'B']","['D', 'F']","['B', 'D']","['D', 'F']","['C', 'D']","['D', 'F']",False,False,False,False,False,0,1,0,0,0
5ab7f030554299366779405a,5ab7f030554299366779405a::working_set_pack_b,"['A', 'B']","['A', 'B']","['D', 'F']","['B', 'D']","['D', 'F']","['D', 'F']","['D', 'F']",False,False,False,False,False,0,1,0,0,0
5ab7f030554299366779405a,5ab7f030554299366779405a::active_set_pack_b,"['A', 'B']","['A', 'B']","['D', 'F']","['B', 'D']","['D', 'F']","['D', 'F']","['D', 'F']",False,False,False,False,False,0,1,0,0,0
5a90bd6555429933b8a205cf,5a90bd6555429933b8a205cf::working_set_pack_a,"['B', 'F']","['B', 'F']","['D', 'E']","['E', 'F']","['E', 'F']","['E', 'F']","['D', 'E']",False,False,False,False,False,0,1,1,1,0
5a90bd6555429933b8a205cf,5a90bd6555429933b8a205cf::active_set_pack_a,"['B', 'F']","['B', 'F']","['D', 'E']","['E', 'F']","['A', 'E']","['E', 'F']","['D', 'E']",False,False,False,False,False,0,1,0,1,0
5a90bd6555429933b8a205cf,5a90bd6555429933b8a205cf::working_set_pack_b,"['B', 'F']","['B', 'F']","['E', 'F']","['E', 'F']","['E', 'F']","['E', 'F']","['E', 'F']",False,False,False,False,False,1,1,1,1,1
5a90bd6555429933b8a205cf,5a90bd6555429933b8a205cf::active_set_pack_b,"['B', 'F']","['B', 'F']","['E', 'F']","['E', 'F']","['E', 'F']","['E', 'F']","['E', 'F']",False,False,False,False,False,1,1,1,1,1
5ab433675542991751b4d6e6,5ab433675542991751b4d6e6::working_set_pack_a,"['B', 'C']","['B', 'C']","['E', 'F']","['C', 'F']","['E', 'F']","['E', 'F']","['E', 'F']",False,False,False,False,False,0,1,0,0,0
5ab433675542991751b4d6e6,5ab433675542991751b4d6e6::active_set_pack_a,"['B', 'C']","['B', 'C']","['E', 'F']","['C', 'F']","['E', 'F']","['E', 'F']","['E', 'F']",False,False,False,False,False,0,1,0,0,0
5ab433675542991751b4d6e6,5ab433675542991751b4d6e6::working_set_pack_b,"['B', 'C']","['B', 'C']","['E', 'F']","['C', 'F']","['E', 'F']","['E', 'F']","['E', 'F']",False,False,False,False,False,0,1,0,0,0
5ab433675542991751b4d6e6,5ab433675542991751b4d6e6::active_set_pack_b,"['B', 'C']","['B', 'C']","['E', 'F']","['C', 'F']","['E', 'F']","['E', 'F']","['E', 'F']",False,False,False,False,False,0,1,0,0,0
5ac47249554299194317399c,5ac47249554299194317399c::working_set_pack_a,"['A', 'E']","['A', 'E']","['B', 'C']","['C', 'E']","['B', 'C']","['B', 'C']","['B', 'C']",False,False,False,False,False,0,1,0,0,0
5a79f2185542996a35c1703d,5a79f2185542996a35c1703d::working_set_pack_b,"['A', 'B']","['A', 'B']","['D', 'E']","['B', 'D']","['D', 'E']","['D', 'E']","['D', 'E']",False,False,False,False,False,0,1,0,0,0
5a79f2185542996a35c1703d,5a79f2185542996a35c1703d::active_set_pack_b,"['A', 'B']","['A', 'B']","['C', 'D']","['B', 'D']","['C', 'D']","['C', 'D']","['C', 'D']",False,False,False,False,False,0,1,0,0,0
5ae0925e55429945ae9593c9,5ae0925e55429945ae9593c9::working_set_pack_a,"['B', 'C']","['B', 'C']","['D', 'F']","['C', 'C']","['A', 'F']","['A', 'D']","['D', 'F']",False,False,False,False,False,0,1,0,0,0
5ae0925e55429945ae9593c9,5ae0925e55429945ae9593c9::active_set_pack_a,"['B', 'C']","['B', 'C']","['D', 'F']","['C', 'C']","['A', 'F']","['A', 'C']","['D', 'F']",False,False,False,False,False,0,1,0,1,0
5ae0925e55429945ae9593c9,5ae0925e55429945ae9593c9::working_set_pack_b,"['B', 'C']","['B', 'C']","['D', 'F']","['B', 'C']","['D', 'F']","['A', 'D']","['D', 'F']",False,True,False,False,False,0,2,0,0,0
5ae0925e55429945ae9593c9,5ae0925e55429945ae9593c9::active_set_pack_b,"['B', 'C']","['B', 'C']","['D', 'F']","['B', 'C']","['A', 'F']","['A', 'D']","['D', 'F']",False,True,False,False,False,0,2,0,0,0
5a7f165b55429934daa2fccd,5a7f165b55429934daa2fccd::working_set_pack_a,"['D', 'E']","['D', 'E']","['D', 'F']","['D', 'F']","['A', 'F']","['D', 'F']","['D', 'F']",False,False,False,False,False,1,1,0,1,1
5a7f165b55429934daa2fccd,5a7f165b55429934daa2fccd::active_set_pack_a,"['D', 'E']","['D', 'E']","['D', 'F']","['D', 'F']","['D', 'F']","['D', 'F']","['D', 'F']",False,False,False,False,False,1,1,1,1,1
5a7f165b55429934daa2fccd,5a7f165b55429934daa2fccd::working_set_pack_b,"['D', 'E']","['D', 'E']","['A', 'F']","['D', 'F']","['A', 'F']","['D', 'F']","['A', 'F']",False,False,False,False,False,0,1,0,1,0
5a7f165b55429934daa2fccd,5a7f165b55429934daa2fccd::active_set_pack_b,"['D', 'E']","['D', 'E']","['D', 'F']","['E', 'F']","['F', 'F']","['E', 'F']","['D', 'F']",False,False,False,False,False,1,1,0,1,1
5a8ba62d554299240d9c205c,5a8ba62d554299240d9c205c::working_set_pack_a,"['B', 'C']","['B', 'C']","['E', 'F']","['B', 'F']","['E', 'F']","['E', 'F']","['E', 'F']",False,False,False,False,False,0,1,0,0,0
5a8ba62d554299240d9c205c,5a8ba62d554299240d9c205c::active_set_pack_a,"['B', 'C']","['B', 'C']","['E', 'F']","['B', 'F']","['E', 'F']","['E', 'F']","['E', 'F']",False,False,False,False,False,0,1,0,0,0
5a8ba62d554299240d9c205c,5a8ba62d554299240d9c205c::working_set_pack_b,"['B', 'C']","['B', 'C']","['E', 'F']","['B', 'F']","['E', 'F']","['E', 'F']","['E', 'F']",False,False,False,False,False,0,1,0,0,0
5a8ba62d554299240d9c205c,5a8ba62d554299240d9c205c::active_set_pack_b,"['B', 'C']","['B', 'C']","['E', 'F']","['B', 'F']","['E', 'F']","['E', 'F']","['E', 'F']",False,False,False,False,False,0,1,0,0,0
5ae6053c55429929b0807a60,5ae6053c55429929b0807a60::working_set_pack_a,"['B', 'D']","['B', 'D']","['A', 'C']","['D', 'D']","['A', 'D']","['A', 'D']","['A', 'C']",False,False,False,False,False,0,1,1,1,0
5ae6053c55429929b0807a60,5ae6053c55429929b0807a60::active_set_pack_a,"['B', 'D']","['B', 'D']","['A', 'E']","['D', 'D']","['D', 'E']","['A', 'D']","['A', 'E']",False,False,False,False,False,0,1,1,1,0
5ae6053c55429929b0807a60,5ae6053c55429929b0807a60::working_set_pack_b,"['B', 'D']","['B', 'D']","['A', 'C']","['D', 'D']","['D', 'E']","['A', 'D']","['A', 'C']",False,False,False,False,False,0,1,1,1,0
5ae6053c55429929b0807a60,5ae6053c55429929b0807a60::active_set_pack_b,"['B', 'D']","['B', 'D']","['A', 'E']","['D', 'D']","['A', 'D']","['A', 'D']","['A', 'E']",False,False,False,False,False,0,1,1,1,0
5ae42a195542995ad6573d0e,5ae42a195542995ad6573d0e::working_set_pack_b,"['A', 'E']","['A', 'E']","['A', 'F']","['E', 'F']","['A', 'F']","['E', 'F']","['A', 'F']",False,False,False,False,False,1,1,1,1,1
5a76c0d3554299373536019f,5a76c0d3554299373536019f::working_set_pack_a,"['B', 'F']","['B', 'F']","['D', 'E']","['B', 'F']","['C', 'E']","['A', 'F']","['D', 'E']",False,True,False,False,False,0,2,0,1,0
5a76c0d3554299373536019f,5a76c0d3554299373536019f::active_set_pack_a,"['B', 'F']","['B', 'F']","['D', 'E']","['B', 'F']","['A', 'E']","['A', 'F']","['D', 'E']",False,True,False,False,False,0,2,0,1,0
5a76c0d3554299373536019f,5a76c0d3554299373536019f::working_set_pack_b,"['B', 'F']","['B', 'F']","['D', 'E']","['B', 'F']","['C', 'E']","['A', 'F']","['D', 'E']",False,True,False,False,False,0,2,0,1,0
5a76c0d3554299373536019f,5a76c0d3554299373536019f::active_set_pack_b,"['B', 'F']","['B', 'F']","['D', 'E']","['B', 'D']","['C', 'E']","['C', 'D']","['D', 'E']",False,False,False,False,False,0,1,0,0,0
5a8b1fc955429971feec4643,5a8b1fc955429971feec4643::working_set_pack_a,"['A', 'B']","['A', 'B']","['C', 'E']","['B', 'E']","['C', 'E']","['C', 'E']","['C', 'E']",False,False,False,False,False,0,1,0,0,0
5a8b1fc955429971feec4643,5a8b1fc955429971feec4643::active_set_pack_a,"['A', 'B']","['A', 'B']","['C', 'E']","['B', 'E']","['C', 'E']","['C', 'E']","['C', 'E']",False,False,False,False,False,0,1,0,0,0
5a8b1fc955429971feec4643,5a8b1fc955429971feec4643::working_set_pack_b,"['A', 'B']","['A', 'B']","['C', 'E']","['B', 'E']","['C', 'E']","['C', 'E']","['C', 'E']",False,False,False,False,False,0,1,0,0,0
5a8b1fc955429971feec4643,5a8b1fc955429971feec4643::active_set_pack_b,"['A', 'B']","['A', 'B']","['C', 'E']","['B', 'F']","['C', 'E']","['C', 'E']","['C', 'E']",False,False,False,False,False,0,1,0,0,0
5a754aa455429916b01642e3,5a754aa455429916b01642e3::working_set_pack_a,"['C', 'D']","['C', 'D']","['A', 'F']","['A', 'D']","['A', 'F']","['A', 'B']","['A', 'F']",False,False,False,False,False,0,1,0,0,0
5a754aa455429916b01642e3,5a754aa455429916b01642e3::active_set_pack_a,"['C', 'D']","['C', 'D']","['A', 'F']","['A', 'C']","['A', 'F']","['A', 'B']","['A', 'F']",False,False,False,False,False,0,1,0,0,0
5a754aa455429916b01642e3,5a754aa455429916b01642e3::working_set_pack_b,"['C', 'D']","['C', 'D']","['A', 'F']","['C', 'F']","['A', 'F']","['A', 'E']","['A', 'F']",False,False,False,False,False,0,1,0,0,0
5a754aa455429916b01642e3,5a754aa455429916b01642e3::active_set_pack_b,"['C', 'D']","['C', 'D']","['A', 'F']","['A', 'C']","['A', 'F']","['A', 'E']","['A', 'F']",False,False,False,False,False,0,1,0,0,0
5abad3395542996cc5e49e9f,5abad3395542996cc5e49e9f::working_set_pack_a,"['A', 'E']","['A', 'E']","['D', 'F']","['E', 'F']","['C', 'D']","['C', 'D']","['D', 'F']",False,False,False,False,False,0,1,0,0,0
5abad3395542996cc5e49e9f,5abad3395542996cc5e49e9f::active_set_pack_a,"['A', 'E']","['A', 'E']","['D', 'F']","['E', 'F']","['C', 'D']","['C', 'E']","['D', 'F']",False,False,False,False,False,0,1,0,1,0
5abad3395542996cc5e49e9f,5abad3395542996cc5e49e9f::working_set_pack_b,"['A', 'E']","['A', 'E']","['D', 'F']","['E', 'F']","['C', 'D']","['D', 'E']","['D', 'F']",False,False,False,False,False,0,1,0,1,0
5abad3395542996cc5e49e9f,5abad3395542996cc5e49e9f::active_set_pack_b,"['A', 'E']","['A', 'E']","['D', 'F']","['E', 'F']","['D', 'F']","['D', 'E']","['D', 'F']",False,False,False,False,False,0,1,0,1,0
