prompt_id,example_id,labels_present,is_gold,gold_oriented_scores,h1_oriented_scores,raw_scores,gold_sign,h1_sign,model_correct,model_preds,gold_labels
5a8b57f25542995d1e6f1371::working_set_pack_a,5a8b57f25542995d1e6f1371,"['A', 'B', 'C', 'D', 'E', 'F']","[0, 0, 0, 1, 0, 1]","[-0.35993364453315735, -0.6127110719680786, -0.4630868136882782, 2.3964998722076416, -0.5350067615509033, -0.42576080560684204]","[-0.35993364453315735, -0.6127110719680786, -0.4630868136882782, 2.3964998722076416, -0.5350067615509033, -0.42576080560684204]","[-0.35993364453315735, -0.6127110719680786, -0.4630868136882782, 2.3964998722076416, -0.5350067615509033, -0.42576080560684204]",1,1,False,"['A', 'D']","['D', 'F']"
5a8b57f25542995d1e6f1371::active_set_pack_a,5a8b57f25542995d1e6f1371,"['A', 'B', 'C', 'D', 'E', 'F']","[0, 0, 0, 1, 0, 1]","[-0.3375372588634491, -0.6210806965827942, -0.43691322207450867, 2.2864038944244385, -0.5143979787826538, -0.37647464871406555]","[-0.3375372588634491, -0.6210806965827942, -0.43691322207450867, 2.2864038944244385, -0.5143979787826538, -0.37647464871406555]","[-0.3375372588634491, -0.6210806965827942, -0.43691322207450867, 2.2864038944244385, -0.5143979787826538, -0.37647464871406555]",1,1,False,"['A', 'D']","['D', 'F']"
5a8b57f25542995d1e6f1371::working_set_pack_b,5a8b57f25542995d1e6f1371,"['A', 'B', 'C', 'D', 'E', 'F']","[0, 0, 0, 1, 0, 1]","[-0.5691254138946533, -0.7529219388961792, -0.5863593220710754, 3.1723148822784424, -0.6621183753013611, -0.6017899513244629]","[-0.5691254138946533, -0.7529219388961792, -0.5863593220710754, 3.1723148822784424, -0.6621183753013611, -0.6017899513244629]","[-0.5691254138946533, -0.7529219388961792, -0.5863593220710754, 3.1723148822784424, -0.6621183753013611, -0.6017899513244629]",1,1,False,"['A', 'D']","['D', 'F']"
5a8b57f25542995d1e6f1371::active_set_pack_b,5a8b57f25542995d1e6f1371,"['A', 'B', 'C', 'D', 'E', 'F']","[0, 0, 0, 1, 0, 1]","[-0.36740270256996155, -0.8436220288276672, -0.2705760598182678, 2.2659664154052734, -0.4657009541988373, -0.3186642527580261]","[-0.36740270256996155, -0.8436220288276672, -0.2705760598182678, 2.2659664154052734, -0.4657009541988373, -0.3186642527580261]","[-0.36740270256996155, -0.8436220288276672, -0.2705760598182678, 2.2659664154052734, -0.4657009541988373, -0.3186642527580261]",1,1,False,"['C', 'D']","['D', 'F']"
5adbf0a255429947ff17385a::working_set_pack_a,5adbf0a255429947ff17385a,"['A', 'B', 'C', 'D', 'E', 'F']","[1, 0, 0, 0, 0, 1]","[0.9133338332176208, -1.0153756141662598, -0.3305106461048126, -0.20255473256111145, -0.22629964351654053, 0.8614059686660767]","[0.9133338332176208, -1.0153756141662598, -0.3305106461048126, -0.20255473256111145, -0.22629964351654053, 0.8614059686660767]","[0.9133338332176208, -1.0153756141662598, -0.3305106461048126, -0.20255473256111145, -0.22629964351654053, 0.8614059686660767]",1,1,True,"['A', 'F']","['A', 'F']"
5adbf0a255429947ff17385a::active_set_pack_a,5adbf0a255429947ff17385a,"['A', 'B', 'C', 'D', 'E', 'F']","[1, 0, 0, 0, 0, 1]","[0.2550922632217407, -0.97279953956604, -0.3618480861186981, -0.2005103975534439, -0.21850235760211945, 1.4985686540603638]","[0.2550922632217407, -0.97279953956604, -0.3618480861186981, -0.2005103975534439, -0.21850235760211945, 1.4985686540603638]","[0.2550922632217407, -0.97279953956604, -0.3618480861186981, -0.2005103975534439, -0.21850235760211945, 1.4985686540603638]",1,1,True,"['A', 'F']","['A', 'F']"
5adbf0a255429947ff17385a::working_set_pack_b,5adbf0a255429947ff17385a,"['A', 'B', 'C', 'D', 'E', 'F']","[1, 0, 0, 0, 0, 1]","[0.9032809138298035, -1.0241659879684448, -0.17763389647006989, -0.14594615995883942, -0.1648416668176651, 0.6093069314956665]","[0.9032809138298035, -1.0241659879684448, -0.17763389647006989, -0.14594615995883942, -0.1648416668176651, 0.6093069314956665]","[0.9032809138298035, -1.0241659879684448, -0.17763389647006989, -0.14594615995883942, -0.1648416668176651, 0.6093069314956665]",1,1,True,"['A', 'F']","['A', 'F']"
5adbf0a255429947ff17385a::active_set_pack_b,5adbf0a255429947ff17385a,"['A', 'B', 'C', 'D', 'E', 'F']","[1, 0, 0, 0, 0, 1]","[0.4223376214504242, -2.0738415718078613, 0.21606481075286865, 0.21500863134860992, 0.22457744181156158, 0.9958536624908447]","[0.4223376214504242, -2.0738415718078613, 0.21606481075286865, 0.21500863134860992, 0.22457744181156158, 0.9958536624908447]","[0.4223376214504242, -2.0738415718078613, 0.21606481075286865, 0.21500863134860992, 0.22457744181156158, 0.9958536624908447]",1,1,True,"['A', 'F']","['A', 'F']"
5a8e3ea95542995a26add48d::working_set_pack_a,5a8e3ea95542995a26add48d,"['A', 'B', 'C', 'D', 'E', 'F']","[0, 1, 0, 0, 0, 1]","[-0.6012680530548096, -0.44202232360839844, -0.6409572958946228, -0.6101914644241333, -0.24936828017234802, 2.5438079833984375]","[-0.6012680530548096, -0.44202232360839844, -0.6409572958946228, -0.6101914644241333, -0.24936828017234802, 2.5438079833984375]","[-0.6012680530548096, -0.44202232360839844, -0.6409572958946228, -0.6101914644241333, -0.24936828017234802, 2.5438079833984375]",1,1,False,"['A', 'F']","['B', 'F']"
5a8e3ea95542995a26add48d::active_set_pack_a,5a8e3ea95542995a26add48d,"['A', 'B', 'C', 'D', 'E', 'F']","[0, 1, 0, 0, 0, 1]","[-0.6375023126602173, -0.4991011917591095, -0.6468634009361267, -0.6583017110824585, -0.31472712755203247, 2.756495952606201]","[-0.6375023126602173, -0.4991011917591095, -0.6468634009361267, -0.6583017110824585, -0.31472712755203247, 2.756495952606201]","[-0.6375023126602173, -0.4991011917591095, -0.6468634009361267, -0.6583017110824585, -0.31472712755203247, 2.756495952606201]",1,1,False,"['A', 'F']","['B', 'F']"
5a8e3ea95542995a26add48d::working_set_pack_b,5a8e3ea95542995a26add48d,"['A', 'B', 'C', 'D', 'E', 'F']","[0, 1, 0, 0, 0, 1]","[-0.5644229054450989, -0.44690510630607605, -0.5374003648757935, -0.6033351421356201, -0.19780892133712769, 2.3498730659484863]","[-0.5644229054450989, -0.44690510630607605, -0.5374003648757935, -0.6033351421356201, -0.19780892133712769, 2.3498730659484863]","[-0.5644229054450989, -0.44690510630607605, -0.5374003648757935, -0.6033351421356201, -0.19780892133712769, 2.3498730659484863]",1,1,False,"['A', 'F']","['B', 'F']"
5a8e3ea95542995a26add48d::active_set_pack_b,5a8e3ea95542995a26add48d,"['A', 'B', 'C', 'D', 'E', 'F']","[0, 1, 0, 0, 0, 1]","[-0.6374999284744263, -0.4787678122520447, -0.5902381539344788, -0.6601254940032959, -0.21443210542201996, 2.581063747406006]","[-0.6374999284744263, -0.4787678122520447, -0.5902381539344788, -0.6601254940032959, -0.21443210542201996, 2.581063747406006]","[-0.6374999284744263, -0.4787678122520447, -0.5902381539344788, -0.6601254940032959, -0.21443210542201996, 2.581063747406006]",1,1,False,"['A', 'F']","['B', 'F']"
5abd94525542992ac4f382d2::working_set_pack_a,5abd94525542992ac4f382d2,"['A', 'B', 'C', 'D', 'E', 'F']","[1, 0, 0, 0, 1, 0]","[0.6931484341621399, -1.8970723152160645, 0.33408451080322266, 0.14340129494667053, 0.5220613479614258, 0.2043767124414444]","[0.6931484341621399, -1.8970723152160645, 0.33408451080322266, 0.14340129494667053, 0.5220613479614258, 0.2043767124414444]","[0.6931484341621399, -1.8970723152160645, 0.33408451080322266, 0.14340129494667053, 0.5220613479614258, 0.2043767124414444]",1,1,True,"['A', 'E']","['A', 'E']"
5abd94525542992ac4f382d2::active_set_pack_a,5abd94525542992ac4f382d2,"['A', 'B', 'C', 'D', 'E', 'F']","[1, 0, 0, 0, 1, 0]","[0.6029911637306213, -1.6573760509490967, 0.28068965673446655, 0.038497816771268845, 0.6209070682525635, 0.1142910048365593]","[0.6029911637306213, -1.6573760509490967, 0.28068965673446655, 0.038497816771268845, 0.6209070682525635, 0.1142910048365593]","[0.6029911637306213, -1.6573760509490967, 0.28068965673446655, 0.038497816771268845, 0.6209070682525635, 0.1142910048365593]",1,1,True,"['A', 'E']","['A', 'E']"
5abd94525542992ac4f382d2::working_set_pack_b,5abd94525542992ac4f382d2,"['A', 'B', 'C', 'D', 'E', 'F']","[1, 0, 0, 0, 1, 0]","[0.5186736583709717, -1.627855658531189, 0.32469215989112854, 0.1404409408569336, 0.5019763112068176, 0.1420733630657196]","[0.5186736583709717, -1.627855658531189, 0.32469215989112854, 0.1404409408569336, 0.5019763112068176, 0.1420733630657196]","[0.5186736583709717, -1.627855658531189, 0.32469215989112854, 0.1404409408569336, 0.5019763112068176, 0.1420733630657196]",1,1,True,"['A', 'E']","['A', 'E']"
5abd94525542992ac4f382d2::active_set_pack_b,5abd94525542992ac4f382d2,"['A', 'B', 'C', 'D', 'E', 'F']","[1, 0, 0, 0, 1, 0]","[0.543599009513855, -1.6027604341506958, 0.34951409697532654, 0.09928371012210846, 0.4678604006767273, 0.14250314235687256]","[0.543599009513855, -1.6027604341506958, 0.34951409697532654, 0.09928371012210846, 0.4678604006767273, 0.14250314235687256]","[0.543599009513855, -1.6027604341506958, 0.34951409697532654, 0.09928371012210846, 0.4678604006767273, 0.14250314235687256]",1,1,True,"['A', 'E']","['A', 'E']"
5a85b2d95542997b5ce40028::working_set_pack_a,5a85b2d95542997b5ce40028,"['A', 'B', 'C', 'D', 'E', 'F']","[0, 0, 0, 0, 1, 1]","[-0.7753247618675232, -0.642728865146637, -0.659074604511261, -0.6224766969680786, -0.6585941314697266, 3.35819935798645]","[-0.7753247618675232, -0.642728865146637, -0.659074604511261, -0.6224766969680786, -0.6585941314697266, 3.35819935798645]","[-0.7753247618675232, -0.642728865146637, -0.659074604511261, -0.6224766969680786, -0.6585941314697266, 3.35819935798645]",1,1,False,"['D', 'F']","['E', 'F']"
5a85b2d95542997b5ce40028::active_set_pack_a,5a85b2d95542997b5ce40028,"['A', 'B', 'C', 'D', 'E', 'F']","[0, 0, 0, 0, 1, 1]","[-0.7931435108184814, -0.6804482936859131, -0.6927589774131775, -0.6556551456451416, -0.6904093027114868, 3.5124154090881348]","[-0.7931435108184814, -0.6804482936859131, -0.6927589774131775, -0.6556551456451416, -0.6904093027114868, 3.5124154090881348]","[-0.7931435108184814, -0.6804482936859131, -0.6927589774131775, -0.6556551456451416, -0.6904093027114868, 3.5124154090881348]",1,1,False,"['D', 'F']","['E', 'F']"
5a85b2d95542997b5ce40028::working_set_pack_b,5a85b2d95542997b5ce40028,"['A', 'B', 'C', 'D', 'E', 'F']","[0, 0, 0, 0, 1, 1]","[-0.6470043063163757, -0.6378651261329651, -0.6426123976707458, -0.6067450642585754, -0.6533908247947693, 3.187617540359497]","[-0.6470043063163757, -0.6378651261329651, -0.6426123976707458, -0.6067450642585754, -0.6533908247947693, 3.187617540359497]","[-0.6470043063163757, -0.6378651261329651, -0.6426123976707458, -0.6067450642585754, -0.6533908247947693, 3.187617540359497]",1,1,False,"['D', 'F']","['E', 'F']"
5a85b2d95542997b5ce40028::active_set_pack_b,5a85b2d95542997b5ce40028,"['A', 'B', 'C', 'D', 'E', 'F']","[0, 0, 0, 0, 1, 1]","[-0.7746445536613464, -0.6486162543296814, -0.6689097285270691, -0.5978161096572876, -0.6510733962059021, 3.341059446334839]","[-0.7746445536613464, -0.6486162543296814, -0.6689097285270691, -0.5978161096572876, -0.6510733962059021, 3.341059446334839]","[-0.7746445536613464, -0.6486162543296814, -0.6689097285270691, -0.5978161096572876, -0.6510733962059021, 3.341059446334839]",1,1,False,"['D', 'F']","['E', 'F']"
5a87ab905542996e4f3088c1::working_set_pack_a,5a87ab905542996e4f3088c1,"['A', 'B', 'C', 'D', 'E', 'F']","[0, 0, 0, 0, 1, 1]","[-0.6376767754554749, -0.6833630204200745, -0.5616342425346375, -0.5799134373664856, 0.21220622956752777, 2.250380754470825]","[0.6376767754554749, 0.6833630204200745, 0.5616342425346375, 0.5799134373664856, -0.21220622956752777, -2.250380754470825]","[-0.6376767754554749, -0.6833630204200745, -0.5616342425346375, -0.5799134373664856, 0.21220622956752777, 2.250380754470825]",1,-1,False,"['C', 'E']","['E', 'F']"
5a87ab905542996e4f3088c1::active_set_pack_a,5a87ab905542996e4f3088c1,"['A', 'B', 'C', 'D', 'E', 'F']","[0, 0, 0, 0, 1, 1]","[-0.6583192944526672, -0.6895868182182312, -0.5283523201942444, -0.5563241243362427, 0.6200421452522278, 1.81253981590271]","[-0.6583192944526672, -0.6895868182182312, -0.5283523201942444, -0.5563241243362427, 0.6200421452522278, 1.81253981590271]","[-0.6583192944526672, -0.6895868182182312, -0.5283523201942444, -0.5563241243362427, 0.6200421452522278, 1.81253981590271]",1,1,False,"['A', 'F']","['E', 'F']"
5a87ab905542996e4f3088c1::working_set_pack_b,5a87ab905542996e4f3088c1,"['A', 'B', 'C', 'D', 'E', 'F']","[0, 0, 0, 0, 1, 1]","[-0.5032898783683777, -0.5116798281669617, -0.38439762592315674, -0.4397840201854706, 1.5221513509750366, 0.31700068712234497]","[-0.5032898783683777, -0.5116798281669617, -0.38439762592315674, -0.4397840201854706, 1.5221513509750366, 0.31700068712234497]","[-0.5032898783683777, -0.5116798281669617, -0.38439762592315674, -0.4397840201854706, 1.5221513509750366, 0.31700068712234497]",1,1,False,"['A', 'E']","['E', 'F']"
5a87ab905542996e4f3088c1::active_set_pack_b,5a87ab905542996e4f3088c1,"['A', 'B', 'C', 'D', 'E', 'F']","[0, 0, 0, 0, 1, 1]","[-0.6070975065231323, -0.6000548601150513, -0.4168451130390167, -0.4801488518714905, 0.21412524580955505, 1.890020728111267]","[0.6070975065231323, 0.6000548601150513, 0.4168451130390167, 0.4801488518714905, -0.21412524580955505, -1.890020728111267]","[-0.6070975065231323, -0.6000548601150513, -0.4168451130390167, -0.4801488518714905, 0.21412524580955505, 1.890020728111267]",1,-1,False,"['A', 'E']","['E', 'F']"
5a8db19d5542994ba4e3dd00::working_set_pack_a,5a8db19d5542994ba4e3dd00,"['A', 'B', 'C', 'D', 'E', 'F']","[1, 0, 0, 1, 0, 0]","[0.3397722840309143, -1.4225183725357056, 0.01684822142124176, 0.9745128750801086, 0.06698816269636154, 0.024397000670433044]","[0.3397722840309143, -1.4225183725357056, 0.01684822142124176, 0.9745128750801086, 0.06698816269636154, 0.024397000670433044]","[0.3397722840309143, -1.4225183725357056, 0.01684822142124176, 0.9745128750801086, 0.06698816269636154, 0.024397000670433044]",1,1,True,"['A', 'D']","['A', 'D']"
5a8db19d5542994ba4e3dd00::active_set_pack_a,5a8db19d5542994ba4e3dd00,"['A', 'B', 'C', 'D', 'E', 'F']","[1, 0, 0, 1, 0, 0]","[0.4485687017440796, -1.6134953498840332, 0.14555083215236664, 0.6717827916145325, 0.18282760679721832, 0.16476547718048096]","[0.4485687017440796, -1.6134953498840332, 0.14555083215236664, 0.6717827916145325, 0.18282760679721832, 0.16476547718048096]","[0.4485687017440796, -1.6134953498840332, 0.14555083215236664, 0.6717827916145325, 0.18282760679721832, 0.16476547718048096]",1,1,True,"['A', 'D']","['A', 'D']"
5a8db19d5542994ba4e3dd00::working_set_pack_b,5a8db19d5542994ba4e3dd00,"['A', 'B', 'C', 'D', 'E', 'F']","[1, 0, 0, 1, 0, 0]","[0.5834222435951233, -1.2013311386108398, -0.07808943092823029, 0.5802849531173706, 0.06702367961406708, 0.0486895926296711]","[0.5834222435951233, -1.2013311386108398, -0.07808943092823029, 0.5802849531173706, 0.06702367961406708, 0.0486895926296711]","[-0.5834222435951233, 1.2013311386108398, 0.07808943092823029, -0.5802849531173706, -0.06702367961406708, -0.0486895926296711]",-1,-1,True,"['A', 'D']","['A', 'D']"
5a8db19d5542994ba4e3dd00::active_set_pack_b,5a8db19d5542994ba4e3dd00,"['A', 'B', 'C', 'D', 'E', 'F']","[1, 0, 0, 1, 0, 0]","[0.48664751648902893, -1.7542295455932617, 0.10614465177059174, 0.6846980452537537, 0.23206891119480133, 0.24467098712921143]","[0.48664751648902893, -1.7542295455932617, 0.10614465177059174, 0.6846980452537537, 0.23206891119480133, 0.24467098712921143]","[-0.48664751648902893, 1.7542295455932617, -0.10614465177059174, -0.6846980452537537, -0.23206891119480133, -0.24467098712921143]",-1,-1,True,"['A', 'D']","['A', 'D']"
5ab56e32554299637185c594::working_set_pack_a,5ab56e32554299637185c594,"['A', 'B', 'C', 'D', 'E', 'F']","[1, 0, 0, 0, 0, 1]","[0.21888186037540436, -1.95136296749115, 0.0958615243434906, 0.14765217900276184, 0.32385072112083435, 1.1651166677474976]","[0.21888186037540436, -1.95136296749115, 0.0958615243434906, 0.14765217900276184, 0.32385072112083435, 1.1651166677474976]","[0.21888186037540436, -1.95136296749115, 0.0958615243434906, 0.14765217900276184, 0.32385072112083435, 1.1651166677474976]",1,1,True,"['A', 'F']","['A', 'F']"
5ab56e32554299637185c594::active_set_pack_a,5ab56e32554299637185c594,"['A', 'B', 'C', 'D', 'E', 'F']","[1, 0, 0, 0, 0, 1]","[0.21177558600902557, -2.1184914112091064, 0.05681365355849266, 0.13981445133686066, 0.25526541471481323, 1.4548221826553345]","[0.21177558600902557, -2.1184914112091064, 0.05681365355849266, 0.13981445133686066, 0.25526541471481323, 1.4548221826553345]","[0.21177558600902557, -2.1184914112091064, 0.05681365355849266, 0.13981445133686066, 0.25526541471481323, 1.4548221826553345]",1,1,True,"['A', 'F']","['A', 'F']"
5ab56e32554299637185c594::working_set_pack_b,5ab56e32554299637185c594,"['A', 'B', 'C', 'D', 'E', 'F']","[1, 0, 0, 0, 0, 1]","[-0.03678441420197487, -1.3798513412475586, -0.15337899327278137, -0.10936926305294037, 0.13714611530303955, 1.5422370433807373]","[-0.03678441420197487, -1.3798513412475586, -0.15337899327278137, -0.10936926305294037, 0.13714611530303955, 1.5422370433807373]","[-0.03678441420197487, -1.3798513412475586, -0.15337899327278137, -0.10936926305294037, 0.13714611530303955, 1.5422370433807373]",1,1,False,"['A', 'E']","['A', 'F']"
5ab56e32554299637185c594::active_set_pack_b,5ab56e32554299637185c594,"['A', 'B', 'C', 'D', 'E', 'F']","[1, 0, 0, 0, 0, 1]","[0.29212620854377747, -2.418334484100342, 0.12184526026248932, 0.23972050845623016, 0.46154946088790894, 1.3030931949615479]","[0.29212620854377747, -2.418334484100342, 0.12184526026248932, 0.23972050845623016, 0.46154946088790894, 1.3030931949615479]","[-0.29212620854377747, 2.418334484100342, -0.12184526026248932, -0.23972050845623016, -0.46154946088790894, -1.3030931949615479]",-1,-1,False,"['A', 'E']","['A', 'F']"
5a75e05c55429976ec32bc5f::working_set_pack_a,5a75e05c55429976ec32bc5f,"['A', 'B', 'C', 'D', 'E', 'F']","[0, 1, 0, 0, 1, 0]","[-0.6552557349205017, 2.103748083114624, -0.5945917367935181, -0.42066919803619385, 0.14542759954929352, -0.5786593556404114]","[-0.6552557349205017, 2.103748083114624, -0.5945917367935181, -0.42066919803619385, 0.14542759954929352, -0.5786593556404114]","[0.6552557349205017, -2.103748083114624, 0.5945917367935181, 0.42066919803619385, -0.14542759954929352, 0.5786593556404114]",-1,-1,True,"['B', 'E']","['B', 'E']"
5a75e05c55429976ec32bc5f::active_set_pack_a,5a75e05c55429976ec32bc5f,"['A', 'B', 'C', 'D', 'E', 'F']","[0, 1, 0, 0, 1, 0]","[-0.7237212657928467, 1.888929009437561, -0.6659532785415649, -0.448112428188324, 0.5678835511207581, -0.619024932384491]","[-0.7237212657928467, 1.888929009437561, -0.6659532785415649, -0.448112428188324, 0.5678835511207581, -0.619024932384491]","[-0.7237212657928467, 1.888929009437561, -0.6659532785415649, -0.448112428188324, 0.5678835511207581, -0.619024932384491]",1,1,True,"['B', 'E']","['B', 'E']"
5a75e05c55429976ec32bc5f::working_set_pack_b,5a75e05c55429976ec32bc5f,"['A', 'B', 'C', 'D', 'E', 'F']","[0, 1, 0, 0, 1, 0]","[-0.5484804511070251, 2.1610748767852783, -0.5356233716011047, -0.44610515236854553, -0.11038612574338913, -0.5204793214797974]","[-0.5484804511070251, 2.1610748767852783, -0.5356233716011047, -0.44610515236854553, -0.11038612574338913, -0.5204793214797974]","[0.5484804511070251, -2.1610748767852783, 0.5356233716011047, 0.44610515236854553, 0.11038612574338913, 0.5204793214797974]",-1,-1,True,"['B', 'E']","['B', 'E']"
5a75e05c55429976ec32bc5f::active_set_pack_b,5a75e05c55429976ec32bc5f,"['A', 'B', 'C', 'D', 'E', 'F']","[0, 1, 0, 0, 1, 0]","[-0.5685223340988159, -0.2525174617767334, -0.5241639614105225, -0.4066769480705261, 2.269430637359619, -0.5175496935844421]","[-0.5685223340988159, -0.2525174617767334, -0.5241639614105225, -0.4066769480705261, 2.269430637359619, -0.5175496935844421]","[-0.5685223340988159, -0.2525174617767334, -0.5241639614105225, -0.4066769480705261, 2.269430637359619, -0.5175496935844421]",1,1,True,"['B', 'E']","['B', 'E']"
5ab29c24554299449642c932::working_set_pack_a,5ab29c24554299449642c932,"['A', 'B', 'C', 'D', 'E', 'F']","[0, 1, 0, 1, 0, 0]","[-1.114193320274353, 3.23284912109375, -0.5312591195106506, -0.4439738690853119, -0.5575942397117615, -0.585827112197876]","[-1.114193320274353, 3.23284912109375, -0.5312591195106506, -0.4439738690853119, -0.5575942397117615, -0.585827112197876]","[1.114193320274353, -3.23284912109375, 0.5312591195106506, 0.4439738690853119, 0.5575942397117615, 0.585827112197876]",-1,-1,True,"['B', 'D']","['B', 'D']"
5ab29c24554299449642c932::active_set_pack_a,5ab29c24554299449642c932,"['A', 'B', 'C', 'D', 'E', 'F']","[0, 1, 0, 1, 0, 0]","[-0.9878714084625244, 2.9785780906677246, -0.5110252499580383, -0.3926214277744293, -0.5280553698539734, -0.5590042471885681]","[-0.9878714084625244, 2.9785780906677246, -0.5110252499580383, -0.3926214277744293, -0.5280553698539734, -0.5590042471885681]","[0.9878714084625244, -2.9785780906677246, 0.5110252499580383, 0.3926214277744293, 0.5280553698539734, 0.5590042471885681]",-1,-1,True,"['B', 'D']","['B', 'D']"
5ab29c24554299449642c932::working_set_pack_b,5ab29c24554299449642c932,"['A', 'B', 'C', 'D', 'E', 'F']","[0, 1, 0, 1, 0, 0]","[-0.8527916669845581, 3.2267751693725586, -0.620927631855011, -0.4708192050457001, -0.6170065402984619, -0.6652294993400574]","[-0.8527916669845581, 3.2267751693725586, -0.620927631855011, -0.4708192050457001, -0.6170065402984619, -0.6652294993400574]","[0.8527916669845581, -3.2267751693725586, 0.620927631855011, 0.4708192050457001, 0.6170065402984619, 0.6652294993400574]",-1,-1,True,"['B', 'D']","['B', 'D']"
5ab29c24554299449642c932::active_set_pack_b,5ab29c24554299449642c932,"['A', 'B', 'C', 'D', 'E', 'F']","[0, 1, 0, 1, 0, 0]","[-0.8638083338737488, 2.79903244972229, -0.4516444504261017, -0.3998497426509857, -0.5310634970664978, -0.5526682138442993]","[-0.8638083338737488, 2.79903244972229, -0.4516444504261017, -0.3998497426509857, -0.5310634970664978, -0.5526682138442993]","[0.8638083338737488, -2.79903244972229, 0.4516444504261017, 0.3998497426509857, 0.5310634970664978, 0.5526682138442993]",-1,-1,True,"['B', 'D']","['B', 'D']"
5ae0d4c9554299603e418468::working_set_pack_a,5ae0d4c9554299603e418468,"['A', 'B', 'C', 'D', 'E', 'F']","[0, 1, 0, 0, 1, 0]","[-0.45644378662109375, -0.267913818359375, -0.5234839916229248, -0.3625037372112274, 1.9547067880630493, -0.34436091780662537]","[-0.45644378662109375, -0.267913818359375, -0.5234839916229248, -0.3625037372112274, 1.9547067880630493, -0.34436091780662537]","[-0.45644378662109375, -0.267913818359375, -0.5234839916229248, -0.3625037372112274, 1.9547067880630493, -0.34436091780662537]",1,1,True,"['B', 'E']","['B', 'E']"
5ae0d4c9554299603e418468::active_set_pack_a,5ae0d4c9554299603e418468,"['A', 'B', 'C', 'D', 'E', 'F']","[0, 1, 0, 0, 1, 0]","[-0.4465968906879425, -0.25738754868507385, -0.45921188592910767, -0.35464122891426086, 1.8538609743118286, -0.3360234498977661]","[-0.4465968906879425, -0.25738754868507385, -0.45921188592910767, -0.35464122891426086, 1.8538609743118286, -0.3360234498977661]","[-0.4465968906879425, -0.25738754868507385, -0.45921188592910767, -0.35464122891426086, 1.8538609743118286, -0.3360234498977661]",1,1,True,"['B', 'E']","['B', 'E']"
5ae0d4c9554299603e418468::working_set_pack_b,5ae0d4c9554299603e418468,"['A', 'B', 'C', 'D', 'E', 'F']","[0, 1, 0, 0, 1, 0]","[-0.22524549067020416, 1.348422646522522, -0.4132636785507202, -0.2785942852497101, -0.1691666692495346, -0.2621521055698395]","[-0.22524549067020416, 1.348422646522522, -0.4132636785507202, -0.2785942852497101, -0.1691666692495346, -0.2621521055698395]","[-0.22524549067020416, 1.348422646522522, -0.4132636785507202, -0.2785942852497101, -0.1691666692495346, -0.2621521055698395]",1,1,True,"['B', 'E']","['B', 'E']"
5ae0d4c9554299603e418468::active_set_pack_b,5ae0d4c9554299603e418468,"['A', 'B', 'C', 'D', 'E', 'F']","[0, 1, 0, 0, 1, 0]","[-0.7234833240509033, -0.034812599420547485, -0.3520624041557312, -0.24649196863174438, 1.588064193725586, -0.2312134951353073]","[-0.7234833240509033, -0.034812599420547485, -0.3520624041557312, -0.24649196863174438, 1.588064193725586, -0.2312134951353073]","[0.7234833240509033, 0.034812599420547485, 0.3520624041557312, 0.24649196863174438, -1.588064193725586, 0.2312134951353073]",-1,-1,True,"['B', 'E']","['B', 'E']"
5a8133725542995ce29dcbdb::working_set_pack_a,5a8133725542995ce29dcbdb,"['A', 'B', 'C', 'D', 'E', 'F']","[0, 1, 1, 0, 0, 0]","[-0.25890687108039856, -0.14477244019508362, 1.2464520931243896, -0.4584193825721741, -0.07737261056900024, -0.30698058009147644]","[-0.25890687108039856, -0.14477244019508362, 1.2464520931243896, -0.4584193825721741, -0.07737261056900024, -0.30698058009147644]","[-0.25890687108039856, -0.14477244019508362, 1.2464520931243896, -0.4584193825721741, -0.07737261056900024, -0.30698058009147644]",1,1,True,"['B', 'C']","['B', 'C']"
5a8133725542995ce29dcbdb::active_set_pack_a,5a8133725542995ce29dcbdb,"['A', 'B', 'C', 'D', 'E', 'F']","[0, 1, 1, 0, 0, 0]","[-0.27379554510116577, -0.13039785623550415, 1.1985511779785156, -0.4045230746269226, -0.08204617351293564, -0.30778852105140686]","[-0.27379554510116577, -0.13039785623550415, 1.1985511779785156, -0.4045230746269226, -0.08204617351293564, -0.30778852105140686]","[-0.27379554510116577, -0.13039785623550415, 1.1985511779785156, -0.4045230746269226, -0.08204617351293564, -0.30778852105140686]",1,1,True,"['B', 'C']","['B', 'C']"
5a8133725542995ce29dcbdb::working_set_pack_b,5a8133725542995ce29dcbdb,"['A', 'B', 'C', 'D', 'E', 'F']","[0, 1, 1, 0, 0, 0]","[-0.2004038542509079, -0.13740164041519165, 1.0369384288787842, -0.49271947145462036, 0.013088943436741829, -0.21950271725654602]","[-0.2004038542509079, -0.13740164041519165, 1.0369384288787842, -0.49271947145462036, 0.013088943436741829, -0.21950271725654602]","[-0.2004038542509079, -0.13740164041519165, 1.0369384288787842, -0.49271947145462036, 0.013088943436741829, -0.21950271725654602]",1,1,False,"['A', 'C']","['B', 'C']"
5a8133725542995ce29dcbdb::active_set_pack_b,5a8133725542995ce29dcbdb,"['A', 'B', 'C', 'D', 'E', 'F']","[0, 1, 1, 0, 0, 0]","[-0.2770138382911682, -0.06454391777515411, 1.0142855644226074, -0.6159337759017944, 0.22271820902824402, -0.279512494802475]","[-0.2770138382911682, -0.06454391777515411, 1.0142855644226074, -0.6159337759017944, 0.22271820902824402, -0.279512494802475]","[-0.2770138382911682, -0.06454391777515411, 1.0142855644226074, -0.6159337759017944, 0.22271820902824402, -0.279512494802475]",1,1,False,"['A', 'C']","['B', 'C']"
5ae6050f55429929b0807a5e::working_set_pack_a,5ae6050f55429929b0807a5e,"['A', 'B', 'C', 'D', 'E', 'F']","[0, 0, 0, 1, 1, 0]","[-0.5538693070411682, -0.5540396571159363, -0.4964806139469147, -0.5662752389907837, 3.079111099243164, -0.9084465503692627]","[-0.5538693070411682, -0.5540396571159363, -0.4964806139469147, -0.5662752389907837, 3.079111099243164, -0.9084465503692627]","[0.5538693070411682, 0.5540396571159363, 0.4964806139469147, 0.5662752389907837, -3.079111099243164, 0.9084465503692627]",-1,-1,False,"['A', 'E']","['D', 'E']"
5ae6050f55429929b0807a5e::active_set_pack_a,5ae6050f55429929b0807a5e,"['A', 'B', 'C', 'D', 'E', 'F']","[0, 0, 0, 1, 1, 0]","[-0.609659731388092, -0.6185204386711121, -0.5626547932624817, -0.6041324138641357, 3.3006513118743896, -0.9056850075721741]","[-0.609659731388092, -0.6185204386711121, -0.5626547932624817, -0.6041324138641357, 3.3006513118743896, -0.9056850075721741]","[0.609659731388092, 0.6185204386711121, 0.5626547932624817, 0.6041324138641357, -3.3006513118743896, 0.9056850075721741]",-1,-1,False,"['A', 'E']","['D', 'E']"
5ae6050f55429929b0807a5e::working_set_pack_b,5ae6050f55429929b0807a5e,"['A', 'B', 'C', 'D', 'E', 'F']","[0, 0, 0, 1, 1, 0]","[-0.5680401921272278, -0.5792299509048462, -0.5129831433296204, -0.5653539896011353, 3.0822818279266357, -0.8566750288009644]","[-0.5680401921272278, -0.5792299509048462, -0.5129831433296204, -0.5653539896011353, 3.0822818279266357, -0.8566750288009644]","[0.5680401921272278, 0.5792299509048462, 0.5129831433296204, 0.5653539896011353, -3.0822818279266357, 0.8566750288009644]",-1,-1,False,"['A', 'E']","['D', 'E']"
5ae6050f55429929b0807a5e::active_set_pack_b,5ae6050f55429929b0807a5e,"['A', 'B', 'C', 'D', 'E', 'F']","[0, 0, 0, 1, 1, 0]","[-0.47822651267051697, -0.5235687494277954, -0.4472963809967041, -0.4988917112350464, 2.8185999393463135, -0.8706164956092834]","[-0.47822651267051697, -0.5235687494277954, -0.4472963809967041, -0.4988917112350464, 2.8185999393463135, -0.8706164956092834]","[0.47822651267051697, 0.5235687494277954, 0.4472963809967041, 0.4988917112350464, -2.8185999393463135, 0.8706164956092834]",-1,-1,False,"['A', 'E']","['D', 'E']"
5ae2070a5542994d89d5b313::working_set_pack_a,5ae2070a5542994d89d5b313,"['A', 'B', 'C', 'D', 'E', 'F']","[0, 0, 1, 1, 0, 0]","[-0.6979885101318359, -0.9015481472015381, -0.6658919453620911, 3.6183154582977295, -0.6527405977249146, -0.7001450657844543]","[-0.6979885101318359, -0.9015481472015381, -0.6658919453620911, 3.6183154582977295, -0.6527405977249146, -0.7001450657844543]","[-0.6979885101318359, -0.9015481472015381, -0.6658919453620911, 3.6183154582977295, -0.6527405977249146, -0.7001450657844543]",1,1,False,"['D', 'E']","['C', 'D']"
5ae2070a5542994d89d5b313::active_set_pack_a,5ae2070a5542994d89d5b313,"['A', 'B', 'C', 'D', 'E', 'F']","[0, 0, 1, 1, 0, 0]","[-0.7169820070266724, -0.9370272159576416, -0.7168679237365723, 3.7651994228363037, -0.6681574583053589, -0.7261647582054138]","[-0.7169820070266724, -0.9370272159576416, -0.7168679237365723, 3.7651994228363037, -0.6681574583053589, -0.7261647582054138]","[-0.7169820070266724, -0.9370272159576416, -0.7168679237365723, 3.7651994228363037, -0.6681574583053589, -0.7261647582054138]",1,1,False,"['D', 'E']","['C', 'D']"
5ae2070a5542994d89d5b313::working_set_pack_b,5ae2070a5542994d89d5b313,"['A', 'B', 'C', 'D', 'E', 'F']","[0, 0, 1, 1, 0, 0]","[-0.4575447738170624, -0.8824368715286255, -0.394272118806839, 2.551974058151245, -0.3829044997692108, -0.43481728434562683]","[-0.4575447738170624, -0.8824368715286255, -0.394272118806839, 2.551974058151245, -0.3829044997692108, -0.43481728434562683]","[0.4575447738170624, 0.8824368715286255, 0.394272118806839, -2.551974058151245, 0.3829044997692108, 0.43481728434562683]",-1,-1,False,"['A', 'D']","['C', 'D']"
5ae2070a5542994d89d5b313::active_set_pack_b,5ae2070a5542994d89d5b313,"['A', 'B', 'C', 'D', 'E', 'F']","[0, 0, 1, 1, 0, 0]","[-0.49229735136032104, -1.243735909461975, -0.36705300211906433, 3.0187833309173584, -0.4430214464664459, -0.47267597913742065]","[-0.49229735136032104, -1.243735909461975, -0.36705300211906433, 3.0187833309173584, -0.4430214464664459, -0.47267597913742065]","[-0.49229735136032104, -1.243735909461975, -0.36705300211906433, 3.0187833309173584, -0.4430214464664459, -0.47267597913742065]",1,1,False,"['D', 'E']","['C', 'D']"
5a722b8655429971e9dc9329::working_set_pack_a,5a722b8655429971e9dc9329,"['A', 'B', 'C', 'D', 'E', 'F']","[1, 0, 1, 0, 0, 0]","[0.4175524413585663, 0.27572235465049744, 0.6947734355926514, -1.6507785320281982, 0.13183288276195526, 0.13089732825756073]","[0.4175524413585663, 0.27572235465049744, 0.6947734355926514, -1.6507785320281982, 0.13183288276195526, 0.13089732825756073]","[0.4175524413585663, 0.27572235465049744, 0.6947734355926514, -1.6507785320281982, 0.13183288276195526, 0.13089732825756073]",1,1,False,"['A', 'B']","['A', 'C']"
5a722b8655429971e9dc9329::active_set_pack_a,5a722b8655429971e9dc9329,"['A', 'B', 'C', 'D', 'E', 'F']","[1, 0, 1, 0, 0, 0]","[0.43857723474502563, 0.2498885691165924, 0.6428589224815369, -1.5018672943115234, 0.08360874652862549, 0.08693420141935349]","[0.43857723474502563, 0.2498885691165924, 0.6428589224815369, -1.5018672943115234, 0.08360874652862549, 0.08693420141935349]","[0.43857723474502563, 0.2498885691165924, 0.6428589224815369, -1.5018672943115234, 0.08360874652862549, 0.08693420141935349]",1,1,False,"['A', 'B']","['A', 'C']"
5a722b8655429971e9dc9329::working_set_pack_b,5a722b8655429971e9dc9329,"['A', 'B', 'C', 'D', 'E', 'F']","[1, 0, 1, 0, 0, 0]","[0.46297547221183777, 0.19432605803012848, 0.5464183688163757, -1.360962986946106, 0.09619280695915222, 0.06105002760887146]","[0.46297547221183777, 0.19432605803012848, 0.5464183688163757, -1.360962986946106, 0.09619280695915222, 0.06105002760887146]","[0.46297547221183777, 0.19432605803012848, 0.5464183688163757, -1.360962986946106, 0.09619280695915222, 0.06105002760887146]",1,1,False,"['A', 'B']","['A', 'C']"
5a722b8655429971e9dc9329::active_set_pack_b,5a722b8655429971e9dc9329,"['A', 'B', 'C', 'D', 'E', 'F']","[1, 0, 1, 0, 0, 0]","[0.4392087459564209, 0.31085634231567383, 0.5830107927322388, -1.49265718460083, 0.10946939885616302, 0.05011211708188057]","[0.4392087459564209, 0.31085634231567383, 0.5830107927322388, -1.49265718460083, 0.10946939885616302, 0.05011211708188057]","[0.4392087459564209, 0.31085634231567383, 0.5830107927322388, -1.49265718460083, 0.10946939885616302, 0.05011211708188057]",1,1,False,"['A', 'B']","['A', 'C']"
5adf37a95542995ec70e8f97::working_set_pack_a,5adf37a95542995ec70e8f97,"['A', 'B', 'C', 'D', 'E', 'F']","[1, 0, 0, 1, 0, 0]","[2.5319108963012695, -0.6345635652542114, -0.582308292388916, -0.43798425793647766, -0.4328033924102783, -0.44425100088119507]","[2.5319108963012695, -0.6345635652542114, -0.582308292388916, -0.43798425793647766, -0.4328033924102783, -0.44425100088119507]","[2.5319108963012695, -0.6345635652542114, -0.582308292388916, -0.43798425793647766, -0.4328033924102783, -0.44425100088119507]",1,1,False,"['A', 'F']","['A', 'D']"
5adf37a95542995ec70e8f97::active_set_pack_a,5adf37a95542995ec70e8f97,"['A', 'B', 'C', 'D', 'E', 'F']","[1, 0, 0, 1, 0, 0]","[2.4343247413635254, -0.6391077041625977, -0.5531411170959473, -0.4104090929031372, -0.40874263644218445, -0.4229244589805603]","[2.4343247413635254, -0.6391077041625977, -0.5531411170959473, -0.4104090929031372, -0.40874263644218445, -0.4229244589805603]","[2.4343247413635254, -0.6391077041625977, -0.5531411170959473, -0.4104090929031372, -0.40874263644218445, -0.4229244589805603]",1,1,False,"['A', 'C']","['A', 'D']"
5adf37a95542995ec70e8f97::working_set_pack_b,5adf37a95542995ec70e8f97,"['A', 'B', 'C', 'D', 'E', 'F']","[1, 0, 0, 1, 0, 0]","[2.260826826095581, -0.5507796406745911, -0.4590679109096527, -0.41266292333602905, -0.413418710231781, -0.42489784955978394]","[2.260826826095581, -0.5507796406745911, -0.4590679109096527, -0.41266292333602905, -0.413418710231781, -0.42489784955978394]","[2.260826826095581, -0.5507796406745911, -0.4590679109096527, -0.41266292333602905, -0.413418710231781, -0.42489784955978394]",1,1,False,"['A', 'F']","['A', 'D']"
5adf37a95542995ec70e8f97::active_set_pack_b,5adf37a95542995ec70e8f97,"['A', 'B', 'C', 'D', 'E', 'F']","[1, 0, 0, 1, 0, 0]","[2.213986396789551, -0.5409705638885498, -0.4739399254322052, -0.4006860554218292, -0.3934943974018097, -0.4048956632614136]","[2.213986396789551, -0.5409705638885498, -0.4739399254322052, -0.4006860554218292, -0.3934943974018097, -0.4048956632614136]","[2.213986396789551, -0.5409705638885498, -0.4739399254322052, -0.4006860554218292, -0.3934943974018097, -0.4048956632614136]",1,1,False,"['A', 'C']","['A', 'D']"
5abd259d55429924427fcf1a::working_set_pack_a,5abd259d55429924427fcf1a,"['A', 'B', 'C', 'D', 'E', 'F']","[1, 1, 0, 0, 0, 0]","[0.5543944835662842, 0.32606935501098633, -1.2649637460708618, 0.05967934429645538, 0.1638849526643753, 0.16093537211418152]","[0.5543944835662842, 0.32606935501098633, -1.2649637460708618, 0.05967934429645538, 0.1638849526643753, 0.16093537211418152]","[0.5543944835662842, 0.32606935501098633, -1.2649637460708618, 0.05967934429645538, 0.1638849526643753, 0.16093537211418152]",1,1,True,"['A', 'B']","['A', 'B']"
5abd259d55429924427fcf1a::active_set_pack_a,5abd259d55429924427fcf1a,"['A', 'B', 'C', 'D', 'E', 'F']","[1, 1, 0, 0, 0, 0]","[0.43246564269065857, 0.3567669689655304, -1.3619142770767212, 0.1082536056637764, 0.23118916153907776, 0.23323863744735718]","[0.43246564269065857, 0.3567669689655304, -1.3619142770767212, 0.1082536056637764, 0.23118916153907776, 0.23323863744735718]","[0.43246564269065857, 0.3567669689655304, -1.3619142770767212, 0.1082536056637764, 0.23118916153907776, 0.23323863744735718]",1,1,True,"['A', 'B']","['A', 'B']"
5abd259d55429924427fcf1a::working_set_pack_b,5abd259d55429924427fcf1a,"['A', 'B', 'C', 'D', 'E', 'F']","[1, 1, 0, 0, 0, 0]","[-0.024915076792240143, 1.047600507736206, -0.47826632857322693, -0.23189109563827515, -0.15779142081737518, -0.1547367423772812]","[-0.024915076792240143, 1.047600507736206, -0.47826632857322693, -0.23189109563827515, -0.15779142081737518, -0.1547367423772812]","[0.024915076792240143, -1.047600507736206, 0.47826632857322693, 0.23189109563827515, 0.15779142081737518, 0.1547367423772812]",-1,-1,True,"['A', 'B']","['A', 'B']"
5abd259d55429924427fcf1a::active_set_pack_b,5abd259d55429924427fcf1a,"['A', 'B', 'C', 'D', 'E', 'F']","[1, 1, 0, 0, 0, 0]","[0.4090134799480438, 0.47811269760131836, -1.121111273765564, -0.09484057128429413, 0.15658316016197205, 0.1722434163093567]","[0.4090134799480438, 0.47811269760131836, -1.121111273765564, -0.09484057128429413, 0.15658316016197205, 0.1722434163093567]","[0.4090134799480438, 0.47811269760131836, -1.121111273765564, -0.09484057128429413, 0.15658316016197205, 0.1722434163093567]",1,1,True,"['A', 'B']","['A', 'B']"
5a8a3e745542996c9b8d5e70::working_set_pack_a,5a8a3e745542996c9b8d5e70,"['A', 'B', 'C', 'D', 'E', 'F']","[0, 1, 0, 0, 1, 0]","[-0.7585200667381287, 2.2961859703063965, -0.49181056022644043, -0.4197823703289032, -0.21033839881420135, -0.4157336354255676]","[-0.7585200667381287, 2.2961859703063965, -0.49181056022644043, -0.4197823703289032, -0.21033839881420135, -0.4157336354255676]","[-0.7585200667381287, 2.2961859703063965, -0.49181056022644043, -0.4197823703289032, -0.21033839881420135, -0.4157336354255676]",1,1,True,"['B', 'E']","['B', 'E']"
5a8a3e745542996c9b8d5e70::active_set_pack_a,5a8a3e745542996c9b8d5e70,"['A', 'B', 'C', 'D', 'E', 'F']","[0, 1, 0, 0, 1, 0]","[-0.7327933311462402, 2.5648250579833984, -0.5384907722473145, -0.4752310812473297, -0.3303148150444031, -0.48799529671669006]","[-0.7327933311462402, 2.5648250579833984, -0.5384907722473145, -0.4752310812473297, -0.3303148150444031, -0.48799529671669006]","[-0.7327933311462402, 2.5648250579833984, -0.5384907722473145, -0.4752310812473297, -0.3303148150444031, -0.48799529671669006]",1,1,True,"['B', 'E']","['B', 'E']"
5a8a3e745542996c9b8d5e70::working_set_pack_b,5a8a3e745542996c9b8d5e70,"['A', 'B', 'C', 'D', 'E', 'F']","[0, 1, 0, 0, 1, 0]","[-0.6201459169387817, 2.5640485286712646, -0.5490399599075317, -0.4717505872249603, -0.4410581588745117, -0.48205336928367615]","[-0.6201459169387817, 2.5640485286712646, -0.5490399599075317, -0.4717505872249603, -0.4410581588745117, -0.48205336928367615]","[-0.6201459169387817, 2.5640485286712646, -0.5490399599075317, -0.4717505872249603, -0.4410581588745117, -0.48205336928367615]",1,1,True,"['B', 'E']","['B', 'E']"
5a8a3e745542996c9b8d5e70::active_set_pack_b,5a8a3e745542996c9b8d5e70,"['A', 'B', 'C', 'D', 'E', 'F']","[0, 1, 0, 0, 1, 0]","[-0.737118661403656, 2.4722349643707275, -0.5103790760040283, -0.4068623185157776, -0.3704703152179718, -0.44740474224090576]","[-0.737118661403656, 2.4722349643707275, -0.5103790760040283, -0.4068623185157776, -0.3704703152179718, -0.44740474224090576]","[-0.737118661403656, 2.4722349643707275, -0.5103790760040283, -0.4068623185157776, -0.3704703152179718, -0.44740474224090576]",1,1,True,"['B', 'E']","['B', 'E']"
5ac23ff0554299636651994d::working_set_pack_a,5ac23ff0554299636651994d,"['A', 'B', 'C', 'D', 'E', 'F']","[0, 0, 0, 1, 0, 1]","[-0.4218023121356964, -0.4699653685092926, -0.43308085203170776, -0.4437527656555176, -0.5919671654701233, 2.360567808151245]","[-0.4218023121356964, -0.4699653685092926, -0.43308085203170776, -0.4437527656555176, -0.5919671654701233, 2.360567808151245]","[-0.4218023121356964, -0.4699653685092926, -0.43308085203170776, -0.4437527656555176, -0.5919671654701233, 2.360567808151245]",1,1,False,"['A', 'F']","['D', 'F']"
5ac23ff0554299636651994d::active_set_pack_a,5ac23ff0554299636651994d,"['A', 'B', 'C', 'D', 'E', 'F']","[0, 0, 0, 1, 0, 1]","[-0.4035603404045105, -0.44419369101524353, -0.41621488332748413, -0.4271077513694763, -0.5897290110588074, 2.2808053493499756]","[-0.4035603404045105, -0.44419369101524353, -0.41621488332748413, -0.4271077513694763, -0.5897290110588074, 2.2808053493499756]","[-0.4035603404045105, -0.44419369101524353, -0.41621488332748413, -0.4271077513694763, -0.5897290110588074, 2.2808053493499756]",1,1,False,"['A', 'F']","['D', 'F']"
5ac23ff0554299636651994d::working_set_pack_b,5ac23ff0554299636651994d,"['A', 'B', 'C', 'D', 'E', 'F']","[0, 0, 0, 1, 0, 1]","[-0.37828385829925537, -0.3948151767253876, -0.3767574727535248, -0.38235387206077576, -0.48061037063598633, 2.0128204822540283]","[-0.37828385829925537, -0.3948151767253876, -0.3767574727535248, -0.38235387206077576, -0.48061037063598633, 2.0128204822540283]","[-0.37828385829925537, -0.3948151767253876, -0.3767574727535248, -0.38235387206077576, -0.48061037063598633, 2.0128204822540283]",1,1,False,"['A', 'F']","['D', 'F']"
5ac23ff0554299636651994d::active_set_pack_b,5ac23ff0554299636651994d,"['A', 'B', 'C', 'D', 'E', 'F']","[0, 0, 0, 1, 0, 1]","[-0.40381842851638794, -0.542346715927124, -0.4122214615345001, -0.4231433570384979, -0.5541455149650574, 2.3356759548187256]","[-0.40381842851638794, -0.542346715927124, -0.4122214615345001, -0.4231433570384979, -0.5541455149650574, 2.3356759548187256]","[-0.40381842851638794, -0.542346715927124, -0.4122214615345001, -0.4231433570384979, -0.5541455149650574, 2.3356759548187256]",1,1,False,"['A', 'F']","['D', 'F']"
5ae4a3265542995ad6573de5::working_set_pack_a,5ae4a3265542995ad6573de5,"['A', 'B', 'C', 'D', 'E', 'F']","[0, 0, 1, 0, 1, 0]","[-0.6089718341827393, -0.652145504951477, 1.9906880855560303, -0.5737475156784058, -0.5631693005561829, 0.4073456823825836]","[-0.6089718341827393, -0.652145504951477, 1.9906880855560303, -0.5737475156784058, -0.5631693005561829, 0.4073456823825836]","[-0.6089718341827393, -0.652145504951477, 1.9906880855560303, -0.5737475156784058, -0.5631693005561829, 0.4073456823825836]",1,1,False,"['C', 'F']","['C', 'E']"
5ae4a3265542995ad6573de5::active_set_pack_a,5ae4a3265542995ad6573de5,"['A', 'B', 'C', 'D', 'E', 'F']","[0, 0, 1, 0, 1, 0]","[-0.6577572822570801, -0.7117102146148682, 1.3211208581924438, -0.580773115158081, -0.5324316024780273, 1.16155207157135]","[-0.6577572822570801, -0.7117102146148682, 1.3211208581924438, -0.580773115158081, -0.5324316024780273, 1.16155207157135]","[-0.6577572822570801, -0.7117102146148682, 1.3211208581924438, -0.580773115158081, -0.5324316024780273, 1.16155207157135]",1,1,False,"['C', 'F']","['C', 'E']"
5ae4a3265542995ad6573de5::working_set_pack_b,5ae4a3265542995ad6573de5,"['A', 'B', 'C', 'D', 'E', 'F']","[0, 0, 1, 0, 1, 0]","[-0.6263481378555298, -0.6570245623588562, 2.7163429260253906, -0.5599436163902283, -0.5966047048568726, -0.27642181515693665]","[-0.6263481378555298, -0.6570245623588562, 2.7163429260253906, -0.5599436163902283, -0.5966047048568726, -0.27642181515693665]","[-0.6263481378555298, -0.6570245623588562, 2.7163429260253906, -0.5599436163902283, -0.5966047048568726, -0.27642181515693665]",1,1,False,"['C', 'F']","['C', 'E']"
5ae4a3265542995ad6573de5::active_set_pack_b,5ae4a3265542995ad6573de5,"['A', 'B', 'C', 'D', 'E', 'F']","[0, 0, 1, 0, 1, 0]","[-0.6038235425949097, -0.6632633209228516, 2.1131930351257324, -0.5015116930007935, -0.5515668392181396, 0.20697271823883057]","[-0.6038235425949097, -0.6632633209228516, 2.1131930351257324, -0.5015116930007935, -0.5515668392181396, 0.20697271823883057]","[0.6038235425949097, 0.6632633209228516, -2.1131930351257324, 0.5015116930007935, 0.5515668392181396, -0.20697271823883057]",-1,-1,False,"['C', 'F']","['C', 'E']"
5a7a06935542990198eaf050::working_set_pack_a,5a7a06935542990198eaf050,"['A', 'B', 'C', 'D', 'E', 'F']","[0, 1, 0, 0, 0, 1]","[-0.6740877628326416, 3.1883957386016846, -0.6034145951271057, -0.6612592935562134, -0.6253939270973206, -0.6242404580116272]","[-0.6740877628326416, 3.1883957386016846, -0.6034145951271057, -0.6612592935562134, -0.6253939270973206, -0.6242404580116272]","[0.6740877628326416, -3.1883957386016846, 0.6034145951271057, 0.6612592935562134, 0.6253939270973206, 0.6242404580116272]",-1,-1,True,"['B', 'F']","['B', 'F']"
5a7a06935542990198eaf050::active_set_pack_a,5a7a06935542990198eaf050,"['A', 'B', 'C', 'D', 'E', 'F']","[0, 1, 0, 0, 0, 1]","[-0.7354323863983154, 3.5263872146606445, -0.6737024188041687, -0.7310831546783447, -0.6958762407302856, -0.6902925968170166]","[-0.7354323863983154, 3.5263872146606445, -0.6737024188041687, -0.7310831546783447, -0.6958762407302856, -0.6902925968170166]","[0.7354323863983154, -3.5263872146606445, 0.6737024188041687, 0.7310831546783447, 0.6958762407302856, 0.6902925968170166]",-1,-1,True,"['B', 'F']","['B', 'F']"
5a7a06935542990198eaf050::working_set_pack_b,5a7a06935542990198eaf050,"['A', 'B', 'C', 'D', 'E', 'F']","[0, 1, 0, 0, 0, 1]","[-0.5875431299209595, 2.8251073360443115, -0.577387809753418, -0.5822257399559021, -0.5665709972381592, -0.5113797187805176]","[-0.5875431299209595, 2.8251073360443115, -0.577387809753418, -0.5822257399559021, -0.5665709972381592, -0.5113797187805176]","[0.5875431299209595, -2.8251073360443115, 0.577387809753418, 0.5822257399559021, 0.5665709972381592, 0.5113797187805176]",-1,-1,True,"['B', 'F']","['B', 'F']"
5a7a06935542990198eaf050::active_set_pack_b,5a7a06935542990198eaf050,"['A', 'B', 'C', 'D', 'E', 'F']","[0, 1, 0, 0, 0, 1]","[-0.5707962512969971, 2.636305332183838, -0.514274001121521, -0.5551872849464417, -0.5301386117935181, -0.46590879559516907]","[-0.5707962512969971, 2.636305332183838, -0.514274001121521, -0.5551872849464417, -0.5301386117935181, -0.46590879559516907]","[0.5707962512969971, -2.636305332183838, 0.514274001121521, 0.5551872849464417, 0.5301386117935181, 0.46590879559516907]",-1,-1,True,"['B', 'F']","['B', 'F']"
5a879ab05542996e4f30887e::working_set_pack_a,5a879ab05542996e4f30887e,"['A', 'B', 'C', 'D', 'E', 'F']","[1, 0, 0, 0, 0, 1]","[-0.4068852663040161, -0.5952997207641602, -0.4149857759475708, -0.4794090986251831, -0.46438154578208923, 2.3609619140625]","[-0.4068852663040161, -0.5952997207641602, -0.4149857759475708, -0.4794090986251831, -0.46438154578208923, 2.3609619140625]","[-0.4068852663040161, -0.5952997207641602, -0.4149857759475708, -0.4794090986251831, -0.46438154578208923, 2.3609619140625]",1,1,True,"['A', 'F']","['A', 'F']"
5a879ab05542996e4f30887e::active_set_pack_a,5a879ab05542996e4f30887e,"['A', 'B', 'C', 'D', 'E', 'F']","[1, 0, 0, 0, 0, 1]","[-0.39584463834762573, -0.6462077498435974, -0.40468496084213257, -0.4754299521446228, -0.44343581795692444, 2.3656039237976074]","[-0.39584463834762573, -0.6462077498435974, -0.40468496084213257, -0.4754299521446228, -0.44343581795692444, 2.3656039237976074]","[-0.39584463834762573, -0.6462077498435974, -0.40468496084213257, -0.4754299521446228, -0.44343581795692444, 2.3656039237976074]",1,1,True,"['A', 'F']","['A', 'F']"
5a879ab05542996e4f30887e::working_set_pack_b,5a879ab05542996e4f30887e,"['A', 'B', 'C', 'D', 'E', 'F']","[1, 0, 0, 0, 0, 1]","[-0.47899770736694336, -0.5929505825042725, -0.4597492218017578, -0.5291722416877747, -0.497148334980011, 2.558018207550049]","[-0.47899770736694336, -0.5929505825042725, -0.4597492218017578, -0.5291722416877747, -0.497148334980011, 2.558018207550049]","[-0.47899770736694336, -0.5929505825042725, -0.4597492218017578, -0.5291722416877747, -0.497148334980011, 2.558018207550049]",1,1,True,"['A', 'F']","['A', 'F']"
5a879ab05542996e4f30887e::active_set_pack_b,5a879ab05542996e4f30887e,"['A', 'B', 'C', 'D', 'E', 'F']","[1, 0, 0, 0, 0, 1]","[-0.4590579569339752, -0.6104340553283691, -0.4060887396335602, -0.5353584885597229, -0.48405247926712036, 2.4949920177459717]","[-0.4590579569339752, -0.6104340553283691, -0.4060887396335602, -0.5353584885597229, -0.48405247926712036, 2.4949920177459717]","[-0.4590579569339752, -0.6104340553283691, -0.4060887396335602, -0.5353584885597229, -0.48405247926712036, 2.4949920177459717]",1,1,True,"['A', 'F']","['A', 'F']"
5a84dd955542997b5ce3ff79::working_set_pack_a,5a84dd955542997b5ce3ff79,"['A', 'B', 'C', 'D', 'E', 'F']","[0, 1, 0, 1, 0, 0]","[-0.017466513440012932, -0.682903528213501, -0.08263612538576126, 1.1068228483200073, -0.10880326479673386, -0.215013787150383]","[0.017466513440012932, 0.682903528213501, 0.08263612538576126, -1.1068228483200073, 0.10880326479673386, 0.215013787150383]","[0.017466513440012932, 0.682903528213501, 0.08263612538576126, -1.1068228483200073, 0.10880326479673386, 0.215013787150383]",-1,1,False,"['A', 'B']","['B', 'D']"
5a84dd955542997b5ce3ff79::active_set_pack_a,5a84dd955542997b5ce3ff79,"['A', 'B', 'C', 'D', 'E', 'F']","[0, 1, 0, 1, 0, 0]","[-0.09922094643115997, -0.2834961414337158, -0.15726350247859955, 1.2530486583709717, -0.1803751289844513, -0.5326930284500122]","[0.09922094643115997, 0.2834961414337158, 0.15726350247859955, -1.2530486583709717, 0.1803751289844513, 0.5326930284500122]","[0.09922094643115997, 0.2834961414337158, 0.15726350247859955, -1.2530486583709717, 0.1803751289844513, 0.5326930284500122]",-1,1,False,"['A', 'F']","['B', 'D']"
5a84dd955542997b5ce3ff79::working_set_pack_b,5a84dd955542997b5ce3ff79,"['A', 'B', 'C', 'D', 'E', 'F']","[0, 1, 0, 1, 0, 0]","[-0.10932683944702148, 0.7288401126861572, -0.046092141419649124, -0.5874660611152649, 0.03064098209142685, -0.016596123576164246]","[-0.10932683944702148, 0.7288401126861572, -0.046092141419649124, -0.5874660611152649, 0.03064098209142685, -0.016596123576164246]","[-0.10932683944702148, 0.7288401126861572, -0.046092141419649124, -0.5874660611152649, 0.03064098209142685, -0.016596123576164246]",1,1,False,"['A', 'B']","['B', 'D']"
5a84dd955542997b5ce3ff79::active_set_pack_b,5a84dd955542997b5ce3ff79,"['A', 'B', 'C', 'D', 'E', 'F']","[0, 1, 0, 1, 0, 0]","[-0.12127581983804703, 0.9188915491104126, -0.0769256055355072, -0.5918727517127991, -0.030857786536216736, -0.0979597344994545]","[-0.12127581983804703, 0.9188915491104126, -0.0769256055355072, -0.5918727517127991, -0.030857786536216736, -0.0979597344994545]","[-0.12127581983804703, 0.9188915491104126, -0.0769256055355072, -0.5918727517127991, -0.030857786536216736, -0.0979597344994545]",1,1,False,"['A', 'B']","['B', 'D']"
5a7d0db955429909bec76924::working_set_pack_a,5a7d0db955429909bec76924,"['A', 'B', 'C', 'D', 'E', 'F']","[0, 0, 0, 0, 1, 1]","[-0.5214149951934814, -0.5215538740158081, -0.4927118122577667, -0.5415015816688538, 2.357839584350586, -0.2806587219238281]","[-0.5214149951934814, -0.5215538740158081, -0.4927118122577667, -0.5415015816688538, 2.357839584350586, -0.2806587219238281]","[-0.5214149951934814, -0.5215538740158081, -0.4927118122577667, -0.5415015816688538, 2.357839584350586, -0.2806587219238281]",1,1,False,"['B', 'E']","['E', 'F']"
5a7d0db955429909bec76924::active_set_pack_a,5a7d0db955429909bec76924,"['A', 'B', 'C', 'D', 'E', 'F']","[0, 0, 0, 0, 1, 1]","[-0.5650441646575928, -0.5902128219604492, -0.4958247244358063, -0.5906291604042053, 2.560255765914917, -0.31854480504989624]","[-0.5650441646575928, -0.5902128219604492, -0.4958247244358063, -0.5906291604042053, 2.560255765914917, -0.31854480504989624]","[-0.5650441646575928, -0.5902128219604492, -0.4958247244358063, -0.5906291604042053, 2.560255765914917, -0.31854480504989624]",1,1,False,"['B', 'E']","['E', 'F']"
5a7d0db955429909bec76924::working_set_pack_b,5a7d0db955429909bec76924,"['A', 'B', 'C', 'D', 'E', 'F']","[0, 0, 0, 0, 1, 1]","[-0.5651010274887085, -0.5721458792686462, -0.5257140398025513, -0.5505988001823425, 2.559911012649536, -0.34635135531425476]","[-0.5651010274887085, -0.5721458792686462, -0.5257140398025513, -0.5505988001823425, 2.559911012649536, -0.34635135531425476]","[-0.5651010274887085, -0.5721458792686462, -0.5257140398025513, -0.5505988001823425, 2.559911012649536, -0.34635135531425476]",1,1,False,"['B', 'E']","['E', 'F']"
5a7d0db955429909bec76924::active_set_pack_b,5a7d0db955429909bec76924,"['A', 'B', 'C', 'D', 'E', 'F']","[0, 0, 0, 0, 1, 1]","[-0.5447975993156433, -0.6266810894012451, -0.4334549605846405, -0.5553693771362305, 2.458418607711792, -0.29811540246009827]","[-0.5447975993156433, -0.6266810894012451, -0.4334549605846405, -0.5553693771362305, 2.458418607711792, -0.29811540246009827]","[-0.5447975993156433, -0.6266810894012451, -0.4334549605846405, -0.5553693771362305, 2.458418607711792, -0.29811540246009827]",1,1,True,"['E', 'F']","['E', 'F']"
5abd90545542996e802b47d7::working_set_pack_a,5abd90545542996e802b47d7,"['A', 'B', 'C', 'D', 'E', 'F']","[0, 0, 0, 1, 0, 1]","[-0.4278881847858429, -0.8846212029457092, -0.44524288177490234, -0.3289214074611664, -0.44276610016822815, 2.5294389724731445]","[-0.4278881847858429, -0.8846212029457092, -0.44524288177490234, -0.3289214074611664, -0.44276610016822815, 2.5294389724731445]","[-0.4278881847858429, -0.8846212029457092, -0.44524288177490234, -0.3289214074611664, -0.44276610016822815, 2.5294389724731445]",1,1,False,"['A', 'F']","['D', 'F']"
5abd90545542996e802b47d7::active_set_pack_a,5abd90545542996e802b47d7,"['A', 'B', 'C', 'D', 'E', 'F']","[0, 0, 0, 1, 0, 1]","[-0.43504536151885986, -0.873899519443512, -0.4739915132522583, -0.36493057012557983, -0.48155438899993896, 2.6294212341308594]","[-0.43504536151885986, -0.873899519443512, -0.4739915132522583, -0.36493057012557983, -0.48155438899993896, 2.6294212341308594]","[-0.43504536151885986, -0.873899519443512, -0.4739915132522583, -0.36493057012557983, -0.48155438899993896, 2.6294212341308594]",1,1,False,"['A', 'F']","['D', 'F']"
5abd90545542996e802b47d7::working_set_pack_b,5abd90545542996e802b47d7,"['A', 'B', 'C', 'D', 'E', 'F']","[0, 0, 0, 1, 0, 1]","[-0.36904698610305786, -0.6597694158554077, -0.39522552490234375, -0.22057658433914185, -0.37415099143981934, 2.0187697410583496]","[-0.36904698610305786, -0.6597694158554077, -0.39522552490234375, -0.22057658433914185, -0.37415099143981934, 2.0187697410583496]","[-0.36904698610305786, -0.6597694158554077, -0.39522552490234375, -0.22057658433914185, -0.37415099143981934, 2.0187697410583496]",1,1,False,"['A', 'F']","['D', 'F']"
5abd90545542996e802b47d7::active_set_pack_b,5abd90545542996e802b47d7,"['A', 'B', 'C', 'D', 'E', 'F']","[0, 0, 0, 1, 0, 1]","[-0.4293382465839386, -0.6859705448150635, -0.4264751076698303, -0.24748384952545166, -0.449524462223053, 2.2387921810150146]","[-0.4293382465839386, -0.6859705448150635, -0.4264751076698303, -0.24748384952545166, -0.449524462223053, 2.2387921810150146]","[-0.4293382465839386, -0.6859705448150635, -0.4264751076698303, -0.24748384952545166, -0.449524462223053, 2.2387921810150146]",1,1,False,"['A', 'F']","['D', 'F']"
5a7722d655429966f1a36c99::working_set_pack_a,5a7722d655429966f1a36c99,"['A', 'B', 'C', 'D', 'E', 'F']","[1, 0, 0, 0, 1, 0]","[1.3036084175109863, 0.04062075540423393, -1.043107509613037, -0.16545605659484863, -0.038080498576164246, -0.09758472442626953]","[1.3036084175109863, 0.04062075540423393, -1.043107509613037, -0.16545605659484863, -0.038080498576164246, -0.09758472442626953]","[-1.3036084175109863, -0.04062075540423393, 1.043107509613037, 0.16545605659484863, 0.038080498576164246, 0.09758472442626953]",-1,-1,False,"['A', 'B']","['A', 'E']"
5a7722d655429966f1a36c99::active_set_pack_a,5a7722d655429966f1a36c99,"['A', 'B', 'C', 'D', 'E', 'F']","[1, 0, 0, 0, 1, 0]","[0.735043466091156, 0.281595379114151, -1.3772175312042236, 0.037477847188711166, 0.18038517236709595, 0.14271564781665802]","[0.735043466091156, 0.281595379114151, -1.3772175312042236, 0.037477847188711166, 0.18038517236709595, 0.14271564781665802]","[0.735043466091156, 0.281595379114151, -1.3772175312042236, 0.037477847188711166, 0.18038517236709595, 0.14271564781665802]",1,1,False,"['A', 'B']","['A', 'E']"
5a7722d655429966f1a36c99::working_set_pack_b,5a7722d655429966f1a36c99,"['A', 'B', 'C', 'D', 'E', 'F']","[1, 0, 0, 0, 1, 0]","[0.34357163310050964, 0.3388422429561615, -1.039331316947937, -0.07427359372377396, 0.23535661399364471, 0.1958347111940384]","[0.34357163310050964, 0.3388422429561615, -1.039331316947937, -0.07427359372377396, 0.23535661399364471, 0.1958347111940384]","[-0.34357163310050964, -0.3388422429561615, 1.039331316947937, 0.07427359372377396, -0.23535661399364471, -0.1958347111940384]",-1,-1,False,"['A', 'B']","['A', 'E']"
5a7722d655429966f1a36c99::active_set_pack_b,5a7722d655429966f1a36c99,"['A', 'B', 'C', 'D', 'E', 'F']","[1, 0, 0, 0, 1, 0]","[0.33447137475013733, 0.82143235206604, -1.017361044883728, -0.278114914894104, 0.08250205218791962, 0.057070571929216385]","[0.33447137475013733, 0.82143235206604, -1.017361044883728, -0.278114914894104, 0.08250205218791962, 0.057070571929216385]","[-0.33447137475013733, -0.82143235206604, 1.017361044883728, 0.278114914894104, -0.08250205218791962, -0.057070571929216385]",-1,-1,False,"['A', 'B']","['A', 'E']"
5ade025e5542997dc790711e::working_set_pack_a,5ade025e5542997dc790711e,"['A', 'B', 'C', 'D', 'E', 'F']","[0, 0, 1, 0, 0, 1]","[-0.4117288291454315, -0.4176037311553955, 2.0065884590148926, -0.4498143196105957, -0.43710196018218994, -0.29033994674682617]","[-0.4117288291454315, -0.4176037311553955, 2.0065884590148926, -0.4498143196105957, -0.43710196018218994, -0.29033994674682617]","[-0.4117288291454315, -0.4176037311553955, 2.0065884590148926, -0.4498143196105957, -0.43710196018218994, -0.29033994674682617]",1,1,False,"['A', 'C']","['C', 'F']"
5ade025e5542997dc790711e::active_set_pack_a,5ade025e5542997dc790711e,"['A', 'B', 'C', 'D', 'E', 'F']","[0, 0, 1, 0, 0, 1]","[-0.4150347113609314, -0.40192273259162903, 2.000427007675171, -0.4567427337169647, -0.4329115152359009, -0.29381537437438965]","[-0.4150347113609314, -0.40192273259162903, 2.000427007675171, -0.4567427337169647, -0.4329115152359009, -0.29381537437438965]","[-0.4150347113609314, -0.40192273259162903, 2.000427007675171, -0.4567427337169647, -0.4329115152359009, -0.29381537437438965]",1,1,False,"['A', 'C']","['C', 'F']"
5ade025e5542997dc790711e::working_set_pack_b,5ade025e5542997dc790711e,"['A', 'B', 'C', 'D', 'E', 'F']","[0, 0, 1, 0, 0, 1]","[-0.43724367022514343, -0.43399563431739807, 2.08011531829834, -0.4259125292301178, -0.4376486539840698, -0.34531450271606445]","[-0.43724367022514343, -0.43399563431739807, 2.08011531829834, -0.4259125292301178, -0.4376486539840698, -0.34531450271606445]","[-0.43724367022514343, -0.43399563431739807, 2.08011531829834, -0.4259125292301178, -0.4376486539840698, -0.34531450271606445]",1,1,False,"['A', 'C']","['C', 'F']"
5ade025e5542997dc790711e::active_set_pack_b,5ade025e5542997dc790711e,"['A', 'B', 'C', 'D', 'E', 'F']","[0, 0, 1, 0, 0, 1]","[-0.4415856897830963, -0.47524797916412354, 2.133453845977783, -0.450162798166275, -0.44833213090896606, -0.3181250989437103]","[-0.4415856897830963, -0.47524797916412354, 2.133453845977783, -0.450162798166275, -0.44833213090896606, -0.3181250989437103]","[-0.4415856897830963, -0.47524797916412354, 2.133453845977783, -0.450162798166275, -0.44833213090896606, -0.3181250989437103]",1,1,False,"['A', 'C']","['C', 'F']"
5ab381b155429969a97a816b::working_set_pack_a,5ab381b155429969a97a816b,"['A', 'B', 'C', 'D', 'E', 'F']","[0, 0, 0, 0, 1, 1]","[-0.9334274530410767, -0.5235348343849182, -0.2499476820230484, -0.5298863649368286, 2.484684944152832, -0.2478879988193512]","[-0.9334274530410767, -0.5235348343849182, -0.2499476820230484, -0.5298863649368286, 2.484684944152832, -0.2478879988193512]","[-0.9334274530410767, -0.5235348343849182, -0.2499476820230484, -0.5298863649368286, 2.484684944152832, -0.2478879988193512]",1,1,False,"['C', 'E']","['E', 'F']"
5ab381b155429969a97a816b::active_set_pack_a,5ab381b155429969a97a816b,"['A', 'B', 'C', 'D', 'E', 'F']","[0, 0, 0, 0, 1, 1]","[-0.8981841206550598, -0.5201109647750854, -0.21438099443912506, -0.5289730429649353, 2.4436495304107666, -0.2819998860359192]","[-0.8981841206550598, -0.5201109647750854, -0.21438099443912506, -0.5289730429649353, 2.4436495304107666, -0.2819998860359192]","[-0.8981841206550598, -0.5201109647750854, -0.21438099443912506, -0.5289730429649353, 2.4436495304107666, -0.2819998860359192]",1,1,False,"['C', 'E']","['E', 'F']"
5ab381b155429969a97a816b::working_set_pack_b,5ab381b155429969a97a816b,"['A', 'B', 'C', 'D', 'E', 'F']","[0, 0, 0, 0, 1, 1]","[-1.0779621601104736, -0.381478875875473, -0.07778413593769073, -0.37597396969795227, 1.968521237373352, -0.0553223080933094]","[-1.0779621601104736, -0.381478875875473, -0.07778413593769073, -0.37597396969795227, 1.968521237373352, -0.0553223080933094]","[-1.0779621601104736, -0.381478875875473, -0.07778413593769073, -0.37597396969795227, 1.968521237373352, -0.0553223080933094]",1,1,False,"['C', 'E']","['E', 'F']"
5ab381b155429969a97a816b::active_set_pack_b,5ab381b155429969a97a816b,"['A', 'B', 'C', 'D', 'E', 'F']","[0, 0, 0, 0, 1, 1]","[-0.8447613716125488, -0.5299486517906189, -0.22168102860450745, -0.5363128781318665, 2.4223389625549316, -0.2896348536014557]","[-0.8447613716125488, -0.5299486517906189, -0.22168102860450745, -0.5363128781318665, 2.4223389625549316, -0.2896348536014557]","[-0.8447613716125488, -0.5299486517906189, -0.22168102860450745, -0.5363128781318665, 2.4223389625549316, -0.2896348536014557]",1,1,False,"['C', 'E']","['E', 'F']"
5ac2a5d455429921a00ab01b::working_set_pack_a,5ac2a5d455429921a00ab01b,"['A', 'B', 'C', 'D', 'E', 'F']","[0, 1, 0, 0, 1, 0]","[-0.3259219825267792, -0.21095506846904755, -0.276697039604187, -0.28581270575523376, 1.4306106567382812, -0.3312240242958069]","[-0.3259219825267792, -0.21095506846904755, -0.276697039604187, -0.28581270575523376, 1.4306106567382812, -0.3312240242958069]","[-0.3259219825267792, -0.21095506846904755, -0.276697039604187, -0.28581270575523376, 1.4306106567382812, -0.3312240242958069]",1,1,False,"['A', 'E']","['B', 'E']"
5ac2a5d455429921a00ab01b::active_set_pack_a,5ac2a5d455429921a00ab01b,"['A', 'B', 'C', 'D', 'E', 'F']","[0, 1, 0, 0, 1, 0]","[-0.34307828545570374, -0.2109031230211258, -0.28986507654190063, -0.28627756237983704, 1.47381591796875, -0.34369200468063354]","[-0.34307828545570374, -0.2109031230211258, -0.28986507654190063, -0.28627756237983704, 1.47381591796875, -0.34369200468063354]","[-0.34307828545570374, -0.2109031230211258, -0.28986507654190063, -0.28627756237983704, 1.47381591796875, -0.34369200468063354]",1,1,False,"['A', 'E']","['B', 'E']"
5ac2a5d455429921a00ab01b::working_set_pack_b,5ac2a5d455429921a00ab01b,"['A', 'B', 'C', 'D', 'E', 'F']","[0, 1, 0, 0, 1, 0]","[-0.3543317914009094, 0.8939691781997681, -0.30370843410491943, -0.2995604872703552, 0.4308488070964813, -0.36721745133399963]","[-0.3543317914009094, 0.8939691781997681, -0.30370843410491943, -0.2995604872703552, 0.4308488070964813, -0.36721745133399963]","[-0.3543317914009094, 0.8939691781997681, -0.30370843410491943, -0.2995604872703552, 0.4308488070964813, -0.36721745133399963]",1,1,False,"['A', 'E']","['B', 'E']"
5ac2a5d455429921a00ab01b::active_set_pack_b,5ac2a5d455429921a00ab01b,"['A', 'B', 'C', 'D', 'E', 'F']","[0, 1, 0, 0, 1, 0]","[-0.3935909569263458, 0.13278290629386902, -0.2632253170013428, -0.20320862531661987, 1.0810580253601074, -0.35381612181663513]","[-0.3935909569263458, 0.13278290629386902, -0.2632253170013428, -0.20320862531661987, 1.0810580253601074, -0.35381612181663513]","[-0.3935909569263458, 0.13278290629386902, -0.2632253170013428, -0.20320862531661987, 1.0810580253601074, -0.35381612181663513]",1,1,False,"['A', 'E']","['B', 'E']"
5adc1309554299438c868d3b::working_set_pack_a,5adc1309554299438c868d3b,"['A', 'B', 'C', 'D', 'E', 'F']","[0, 0, 0, 1, 0, 1]","[-0.36852747201919556, -0.4560180902481079, -0.7366771697998047, 2.4211010932922363, -0.47478392720222473, -0.38509443402290344]","[-0.36852747201919556, -0.4560180902481079, -0.7366771697998047, 2.4211010932922363, -0.47478392720222473, -0.38509443402290344]","[-0.36852747201919556, -0.4560180902481079, -0.7366771697998047, 2.4211010932922363, -0.47478392720222473, -0.38509443402290344]",1,1,False,"['A', 'D']","['D', 'F']"
5adc1309554299438c868d3b::active_set_pack_a,5adc1309554299438c868d3b,"['A', 'B', 'C', 'D', 'E', 'F']","[0, 0, 0, 1, 0, 1]","[-0.3500949740409851, -0.4711666405200958, -0.7824952602386475, 2.39760422706604, -0.4219236671924591, -0.3719235956668854]","[-0.3500949740409851, -0.4711666405200958, -0.7824952602386475, 2.39760422706604, -0.4219236671924591, -0.3719235956668854]","[-0.3500949740409851, -0.4711666405200958, -0.7824952602386475, 2.39760422706604, -0.4219236671924591, -0.3719235956668854]",1,1,False,"['A', 'D']","['D', 'F']"
5adc1309554299438c868d3b::working_set_pack_b,5adc1309554299438c868d3b,"['A', 'B', 'C', 'D', 'E', 'F']","[0, 0, 0, 1, 0, 1]","[-0.32290348410606384, -0.3594478368759155, -0.5109495520591736, 1.810645580291748, -0.3246782124042511, -0.29266637563705444]","[-0.32290348410606384, -0.3594478368759155, -0.5109495520591736, 1.810645580291748, -0.3246782124042511, -0.29266637563705444]","[-0.32290348410606384, -0.3594478368759155, -0.5109495520591736, 1.810645580291748, -0.3246782124042511, -0.29266637563705444]",1,1,False,"['A', 'D']","['D', 'F']"
5adc1309554299438c868d3b::active_set_pack_b,5adc1309554299438c868d3b,"['A', 'B', 'C', 'D', 'E', 'F']","[0, 0, 0, 1, 0, 1]","[-0.3138573169708252, -0.49335601925849915, -0.7302951812744141, 2.107048988342285, -0.31456151604652405, -0.25497889518737793]","[-0.3138573169708252, -0.49335601925849915, -0.7302951812744141, 2.107048988342285, -0.31456151604652405, -0.25497889518737793]","[-0.3138573169708252, -0.49335601925849915, -0.7302951812744141, 2.107048988342285, -0.31456151604652405, -0.25497889518737793]",1,1,False,"['A', 'D']","['D', 'F']"
5a83168855429966c78a6b2e::working_set_pack_a,5a83168855429966c78a6b2e,"['A', 'B', 'C', 'D', 'E', 'F']","[0, 0, 0, 1, 1, 0]","[-0.18604253232479095, -1.1966767311096191, 0.20066839456558228, 0.8121287822723389, 0.6302480697631836, -0.2603261172771454]","[-0.18604253232479095, -1.1966767311096191, 0.20066839456558228, 0.8121287822723389, 0.6302480697631836, -0.2603261172771454]","[-0.18604253232479095, -1.1966767311096191, 0.20066839456558228, 0.8121287822723389, 0.6302480697631836, -0.2603261172771454]",1,1,False,"['A', 'D']","['D', 'E']"
5a83168855429966c78a6b2e::active_set_pack_a,5a83168855429966c78a6b2e,"['A', 'B', 'C', 'D', 'E', 'F']","[0, 0, 0, 1, 1, 0]","[-0.3493971526622772, -0.8088427782058716, 0.06227480247616768, 1.125340461730957, 0.41063910722732544, -0.4400140941143036]","[-0.3493971526622772, -0.8088427782058716, 0.06227480247616768, 1.125340461730957, 0.41063910722732544, -0.4400140941143036]","[-0.3493971526622772, -0.8088427782058716, 0.06227480247616768, 1.125340461730957, 0.41063910722732544, -0.4400140941143036]",1,1,False,"['A', 'D']","['D', 'E']"
5a83168855429966c78a6b2e::working_set_pack_b,5a83168855429966c78a6b2e,"['A', 'B', 'C', 'D', 'E', 'F']","[0, 0, 0, 1, 1, 0]","[-0.43550339341163635, -0.6524858474731445, 0.018977735191583633, 0.3647748827934265, 1.1081922054290771, -0.4039555490016937]","[0.43550339341163635, 0.6524858474731445, -0.018977735191583633, -0.3647748827934265, -1.1081922054290771, 0.4039555490016937]","[-0.43550339341163635, -0.6524858474731445, 0.018977735191583633, 0.3647748827934265, 1.1081922054290771, -0.4039555490016937]",1,-1,False,"['A', 'D']","['D', 'E']"
5a83168855429966c78a6b2e::active_set_pack_b,5a83168855429966c78a6b2e,"['A', 'B', 'C', 'D', 'E', 'F']","[0, 0, 0, 1, 1, 0]","[-0.3301222324371338, -0.824912428855896, 0.15550829470157623, 0.4384647309780121, 0.9706805944442749, -0.40961959958076477]","[-0.3301222324371338, -0.824912428855896, 0.15550829470157623, 0.4384647309780121, 0.9706805944442749, -0.40961959958076477]","[-0.3301222324371338, -0.824912428855896, 0.15550829470157623, 0.4384647309780121, 0.9706805944442749, -0.40961959958076477]",1,1,False,"['A', 'E']","['D', 'E']"
5ab345db55429969a97a8122::working_set_pack_a,5ab345db55429969a97a8122,"['A', 'B', 'C', 'D', 'E', 'F']","[0, 1, 1, 0, 0, 0]","[-0.009443268179893494, -0.5454042553901672, 0.7646905779838562, -0.03379422426223755, -0.07852718234062195, -0.0975215807557106]","[-0.009443268179893494, -0.5454042553901672, 0.7646905779838562, -0.03379422426223755, -0.07852718234062195, -0.0975215807557106]","[-0.009443268179893494, -0.5454042553901672, 0.7646905779838562, -0.03379422426223755, -0.07852718234062195, -0.0975215807557106]",1,1,False,"['A', 'C']","['B', 'C']"
5ab345db55429969a97a8122::active_set_pack_a,5ab345db55429969a97a8122,"['A', 'B', 'C', 'D', 'E', 'F']","[0, 1, 1, 0, 0, 0]","[-0.11159277707338333, -0.30347850918769836, 0.9109198451042175, -0.14410248398780823, -0.16503243148326874, -0.18671362102031708]","[-0.11159277707338333, -0.30347850918769836, 0.9109198451042175, -0.14410248398780823, -0.16503243148326874, -0.18671362102031708]","[-0.11159277707338333, -0.30347850918769836, 0.9109198451042175, -0.14410248398780823, -0.16503243148326874, -0.18671362102031708]",1,1,False,"['A', 'C']","['B', 'C']"
5ab345db55429969a97a8122::working_set_pack_b,5ab345db55429969a97a8122,"['A', 'B', 'C', 'D', 'E', 'F']","[0, 1, 1, 0, 0, 0]","[-0.19132156670093536, -0.23774804174900055, 0.9822704792022705, -0.1550786942243576, -0.20464305579662323, -0.19347910583019257]","[-0.19132156670093536, -0.23774804174900055, 0.9822704792022705, -0.1550786942243576, -0.20464305579662323, -0.19347910583019257]","[-0.19132156670093536, -0.23774804174900055, 0.9822704792022705, -0.1550786942243576, -0.20464305579662323, -0.19347910583019257]",1,1,False,"['A', 'C']","['B', 'C']"
5ab345db55429969a97a8122::active_set_pack_b,5ab345db55429969a97a8122,"['A', 'B', 'C', 'D', 'E', 'F']","[0, 1, 1, 0, 0, 0]","[-0.15175305306911469, -0.24271461367607117, 0.8612297177314758, -0.12790054082870483, -0.16599683463573456, -0.17286467552185059]","[-0.15175305306911469, -0.24271461367607117, 0.8612297177314758, -0.12790054082870483, -0.16599683463573456, -0.17286467552185059]","[-0.15175305306911469, -0.24271461367607117, 0.8612297177314758, -0.12790054082870483, -0.16599683463573456, -0.17286467552185059]",1,1,False,"['A', 'C']","['B', 'C']"
5adf732a5542993a75d264e9::working_set_pack_a,5adf732a5542993a75d264e9,"['A', 'B', 'C', 'D', 'E', 'F']","[1, 1, 0, 0, 0, 0]","[-0.5357767939567566, 2.720994234085083, -0.7729653716087341, -0.43485555052757263, -0.4918883442878723, -0.4855077862739563]","[-0.5357767939567566, 2.720994234085083, -0.7729653716087341, -0.43485555052757263, -0.4918883442878723, -0.4855077862739563]","[-0.5357767939567566, 2.720994234085083, -0.7729653716087341, -0.43485555052757263, -0.4918883442878723, -0.4855077862739563]",1,1,False,"['B', 'D']","['A', 'B']"
5adf732a5542993a75d264e9::active_set_pack_a,5adf732a5542993a75d264e9,"['A', 'B', 'C', 'D', 'E', 'F']","[1, 1, 0, 0, 0, 0]","[-0.5264463424682617, 2.6139090061187744, -0.7574797868728638, -0.4084647595882416, -0.4636561870574951, -0.45786163210868835]","[-0.5264463424682617, 2.6139090061187744, -0.7574797868728638, -0.4084647595882416, -0.4636561870574951, -0.45786163210868835]","[-0.5264463424682617, 2.6139090061187744, -0.7574797868728638, -0.4084647595882416, -0.4636561870574951, -0.45786163210868835]",1,1,False,"['B', 'D']","['A', 'B']"
5adf732a5542993a75d264e9::working_set_pack_b,5adf732a5542993a75d264e9,"['A', 'B', 'C', 'D', 'E', 'F']","[1, 1, 0, 0, 0, 0]","[-0.49604251980781555, 2.561837911605835, -0.7964811325073242, -0.40431851148605347, -0.4288194477558136, -0.4361760914325714]","[-0.49604251980781555, 2.561837911605835, -0.7964811325073242, -0.40431851148605347, -0.4288194477558136, -0.4361760914325714]","[-0.49604251980781555, 2.561837911605835, -0.7964811325073242, -0.40431851148605347, -0.4288194477558136, -0.4361760914325714]",1,1,True,"['A', 'B']","['A', 'B']"
5adf732a5542993a75d264e9::active_set_pack_b,5adf732a5542993a75d264e9,"['A', 'B', 'C', 'D', 'E', 'F']","[1, 1, 0, 0, 0, 0]","[-0.6428720355033875, 3.1409366130828857, -0.8166181445121765, -0.5372825264930725, -0.5630821585655212, -0.5810821056365967]","[-0.6428720355033875, 3.1409366130828857, -0.8166181445121765, -0.5372825264930725, -0.5630821585655212, -0.5810821056365967]","[-0.6428720355033875, 3.1409366130828857, -0.8166181445121765, -0.5372825264930725, -0.5630821585655212, -0.5810821056365967]",1,1,False,"['B', 'D']","['A', 'B']"
5a7272eb5542997f827839d7::working_set_pack_a,5a7272eb5542997f827839d7,"['A', 'B', 'C', 'D', 'E', 'F']","[0, 0, 0, 0, 1, 1]","[0.5259696245193481, 0.524878740310669, 0.5175391435623169, -1.9653536081314087, 0.37279561161994934, 0.02417050302028656]","[-0.5259696245193481, -0.524878740310669, -0.5175391435623169, 1.9653536081314087, -0.37279561161994934, -0.02417050302028656]","[0.5259696245193481, 0.524878740310669, 0.5175391435623169, -1.9653536081314087, 0.37279561161994934, 0.02417050302028656]",1,-1,False,"['D', 'F']","['E', 'F']"
5a7272eb5542997f827839d7::active_set_pack_a,5a7272eb5542997f827839d7,"['A', 'B', 'C', 'D', 'E', 'F']","[0, 0, 0, 0, 1, 1]","[0.5168072581291199, 0.5277829170227051, 0.5213807225227356, -2.0548555850982666, 0.3842066824436188, 0.1046779453754425]","[-0.5168072581291199, -0.5277829170227051, -0.5213807225227356, 2.0548555850982666, -0.3842066824436188, -0.1046779453754425]","[-0.5168072581291199, -0.5277829170227051, -0.5213807225227356, 2.0548555850982666, -0.3842066824436188, -0.1046779453754425]",-1,1,False,"['D', 'F']","['E', 'F']"
5a7272eb5542997f827839d7::working_set_pack_b,5a7272eb5542997f827839d7,"['A', 'B', 'C', 'D', 'E', 'F']","[0, 0, 0, 0, 1, 1]","[0.5427834987640381, 0.5605670213699341, 0.5590720772743225, -2.4834513664245605, 0.466179221868515, 0.35484936833381653]","[-0.5427834987640381, -0.5605670213699341, -0.5590720772743225, 2.4834513664245605, -0.466179221868515, -0.35484936833381653]","[0.5427834987640381, 0.5605670213699341, 0.5590720772743225, -2.4834513664245605, 0.466179221868515, 0.35484936833381653]",1,-1,False,"['D', 'F']","['E', 'F']"
5a7272eb5542997f827839d7::active_set_pack_b,5a7272eb5542997f827839d7,"['A', 'B', 'C', 'D', 'E', 'F']","[0, 0, 0, 0, 1, 1]","[0.5352258086204529, 0.6024891138076782, 0.5717522501945496, -2.2820098400115967, 0.39023375511169434, 0.1823086440563202]","[-0.5352258086204529, -0.6024891138076782, -0.5717522501945496, 2.2820098400115967, -0.39023375511169434, -0.1823086440563202]","[-0.5352258086204529, -0.6024891138076782, -0.5717522501945496, 2.2820098400115967, -0.39023375511169434, -0.1823086440563202]",-1,1,False,"['D', 'F']","['E', 'F']"
5ac2c3545542990b17b1548b::working_set_pack_a,5ac2c3545542990b17b1548b,"['A', 'B', 'C', 'D', 'E', 'F']","[1, 0, 0, 1, 0, 0]","[-0.46594515442848206, -0.9641287922859192, -0.6066617965698242, 3.101166248321533, -0.5378745794296265, -0.5265551805496216]","[-0.46594515442848206, -0.9641287922859192, -0.6066617965698242, 3.101166248321533, -0.5378745794296265, -0.5265551805496216]","[-0.46594515442848206, -0.9641287922859192, -0.6066617965698242, 3.101166248321533, -0.5378745794296265, -0.5265551805496216]",1,1,True,"['A', 'D']","['A', 'D']"
5ac2c3545542990b17b1548b::active_set_pack_a,5ac2c3545542990b17b1548b,"['A', 'B', 'C', 'D', 'E', 'F']","[1, 0, 0, 1, 0, 0]","[-0.31338202953338623, -0.8036851286888123, -0.4731137752532959, 2.3573496341705322, -0.393055260181427, -0.37411442399024963]","[-0.31338202953338623, -0.8036851286888123, -0.4731137752532959, 2.3573496341705322, -0.393055260181427, -0.37411442399024963]","[-0.31338202953338623, -0.8036851286888123, -0.4731137752532959, 2.3573496341705322, -0.393055260181427, -0.37411442399024963]",1,1,True,"['A', 'D']","['A', 'D']"
5ac2c3545542990b17b1548b::working_set_pack_b,5ac2c3545542990b17b1548b,"['A', 'B', 'C', 'D', 'E', 'F']","[1, 0, 0, 1, 0, 0]","[0.37261226773262024, -1.60919189453125, 0.08421942591667175, 0.9140979647636414, 0.09098229557275772, 0.14727918803691864]","[0.37261226773262024, -1.60919189453125, 0.08421942591667175, 0.9140979647636414, 0.09098229557275772, 0.14727918803691864]","[0.37261226773262024, -1.60919189453125, 0.08421942591667175, 0.9140979647636414, 0.09098229557275772, 0.14727918803691864]",1,1,True,"['A', 'D']","['A', 'D']"
5ac2c3545542990b17b1548b::active_set_pack_b,5ac2c3545542990b17b1548b,"['A', 'B', 'C', 'D', 'E', 'F']","[1, 0, 0, 1, 0, 0]","[0.8709372282028198, -1.1557575464248657, -0.2851357161998749, 0.4385354816913605, 0.11348806321620941, 0.017933085560798645]","[0.8709372282028198, -1.1557575464248657, -0.2851357161998749, 0.4385354816913605, 0.11348806321620941, 0.017933085560798645]","[0.8709372282028198, -1.1557575464248657, -0.2851357161998749, 0.4385354816913605, 0.11348806321620941, 0.017933085560798645]",1,1,True,"['A', 'D']","['A', 'D']"
5a76a401554299373536012b::working_set_pack_a,5a76a401554299373536012b,"['A', 'B', 'C', 'D', 'E', 'F']","[0, 1, 1, 0, 0, 0]","[-0.4632202386856079, -0.37240517139434814, 2.0261027812957764, -0.4147907495498657, -0.3243197798728943, -0.4513663649559021]","[-0.4632202386856079, -0.37240517139434814, 2.0261027812957764, -0.4147907495498657, -0.3243197798728943, -0.4513663649559021]","[-0.4632202386856079, -0.37240517139434814, 2.0261027812957764, -0.4147907495498657, -0.3243197798728943, -0.4513663649559021]",1,1,False,"['C', 'D']","['B', 'C']"
5a76a401554299373536012b::active_set_pack_a,5a76a401554299373536012b,"['A', 'B', 'C', 'D', 'E', 'F']","[0, 1, 1, 0, 0, 0]","[-0.44454893469810486, -0.29833123087882996, 1.8298430442810059, -0.35460716485977173, -0.316940039396286, -0.41541555523872375]","[-0.44454893469810486, -0.29833123087882996, 1.8298430442810059, -0.35460716485977173, -0.316940039396286, -0.41541555523872375]","[-0.44454893469810486, -0.29833123087882996, 1.8298430442810059, -0.35460716485977173, -0.316940039396286, -0.41541555523872375]",1,1,False,"['C', 'D']","['B', 'C']"
5a76a401554299373536012b::working_set_pack_b,5a76a401554299373536012b,"['A', 'B', 'C', 'D', 'E', 'F']","[0, 1, 1, 0, 0, 0]","[-0.4114862382411957, -0.21294854581356049, 1.7816827297210693, -0.3650408089160919, -0.35077181458473206, -0.441434770822525]","[-0.4114862382411957, -0.21294854581356049, 1.7816827297210693, -0.3650408089160919, -0.35077181458473206, -0.441434770822525]","[-0.4114862382411957, -0.21294854581356049, 1.7816827297210693, -0.3650408089160919, -0.35077181458473206, -0.441434770822525]",1,1,False,"['C', 'D']","['B', 'C']"
5a76a401554299373536012b::active_set_pack_b,5a76a401554299373536012b,"['A', 'B', 'C', 'D', 'E', 'F']","[0, 1, 1, 0, 0, 0]","[-0.6133477091789246, -0.16026075184345245, 1.7685192823410034, -0.31783604621887207, -0.28606805205345154, -0.3910070061683655]","[-0.6133477091789246, -0.16026075184345245, 1.7685192823410034, -0.31783604621887207, -0.28606805205345154, -0.3910070061683655]","[-0.6133477091789246, -0.16026075184345245, 1.7685192823410034, -0.31783604621887207, -0.28606805205345154, -0.3910070061683655]",1,1,False,"['C', 'D']","['B', 'C']"
5ae3918b5542994393b9e709::working_set_pack_a,5ae3918b5542994393b9e709,"['A', 'B', 'C', 'D', 'E', 'F']","[0, 0, 1, 0, 1, 0]","[-0.9949647784233093, -0.5812134146690369, -0.5199995040893555, -0.5285258889198303, 3.2786307334899902, -0.6539269685745239]","[0.9949647784233093, 0.5812134146690369, 0.5199995040893555, 0.5285258889198303, -3.2786307334899902, 0.6539269685745239]","[0.9949647784233093, 0.5812134146690369, 0.5199995040893555, 0.5285258889198303, -3.2786307334899902, 0.6539269685745239]",-1,1,False,"['C', 'D']","['C', 'E']"
5ae3918b5542994393b9e709::active_set_pack_a,5ae3918b5542994393b9e709,"['A', 'B', 'C', 'D', 'E', 'F']","[0, 0, 1, 0, 1, 0]","[-1.0162672996520996, -0.5262566804885864, -0.46280637383461, -0.47393280267715454, 3.080617904663086, -0.6013553142547607]","[-1.0162672996520996, -0.5262566804885864, -0.46280637383461, -0.47393280267715454, 3.080617904663086, -0.6013553142547607]","[1.0162672996520996, 0.5262566804885864, 0.46280637383461, 0.47393280267715454, -3.080617904663086, 0.6013553142547607]",-1,-1,True,"['C', 'E']","['C', 'E']"
5ae3918b5542994393b9e709::working_set_pack_b,5ae3918b5542994393b9e709,"['A', 'B', 'C', 'D', 'E', 'F']","[0, 0, 1, 0, 1, 0]","[-0.9169577956199646, -0.24918267130851746, -0.2823554277420044, -0.08016733080148697, 1.9000521898269653, -0.37139004468917847]","[0.9169577956199646, 0.24918267130851746, 0.2823554277420044, 0.08016733080148697, -1.9000521898269653, 0.37139004468917847]","[0.9169577956199646, 0.24918267130851746, 0.2823554277420044, 0.08016733080148697, -1.9000521898269653, 0.37139004468917847]",-1,1,False,"['C', 'D']","['C', 'E']"
5ae3918b5542994393b9e709::active_set_pack_b,5ae3918b5542994393b9e709,"['A', 'B', 'C', 'D', 'E', 'F']","[0, 0, 1, 0, 1, 0]","[-1.9980934858322144, 0.08659207820892334, 0.20988665521144867, 0.20299693942070007, 1.4805043935775757, 0.01811329647898674]","[-1.9980934858322144, 0.08659207820892334, 0.20988665521144867, 0.20299693942070007, 1.4805043935775757, 0.01811329647898674]","[1.9980934858322144, -0.08659207820892334, -0.20988665521144867, -0.20299693942070007, -1.4805043935775757, -0.01811329647898674]",-1,-1,False,"['C', 'D']","['C', 'E']"
5a8efd3c55429918e830d179::working_set_pack_a,5a8efd3c55429918e830d179,"['A', 'B', 'C', 'D', 'E', 'F']","[0, 0, 0, 1, 1, 0]","[-0.7043015360832214, -0.7927462458610535, -0.7103087306022644, -0.5988671779632568, 3.601076126098633, -0.7948527336120605]","[-0.7043015360832214, -0.7927462458610535, -0.7103087306022644, -0.5988671779632568, 3.601076126098633, -0.7948527336120605]","[0.7043015360832214, 0.7927462458610535, 0.7103087306022644, 0.5988671779632568, -3.601076126098633, 0.7948527336120605]",-1,-1,False,"['E', 'F']","['D', 'E']"
5a8efd3c55429918e830d179::active_set_pack_a,5a8efd3c55429918e830d179,"['A', 'B', 'C', 'D', 'E', 'F']","[0, 0, 0, 1, 1, 0]","[-0.7087064981460571, -0.7908321022987366, -0.7133419513702393, -0.6326003670692444, 3.6506917476654053, -0.8052105903625488]","[-0.7087064981460571, -0.7908321022987366, -0.7133419513702393, -0.6326003670692444, 3.6506917476654053, -0.8052105903625488]","[0.7087064981460571, 0.7908321022987366, 0.7133419513702393, 0.6326003670692444, -3.6506917476654053, 0.8052105903625488]",-1,-1,False,"['E', 'F']","['D', 'E']"
5a8efd3c55429918e830d179::working_set_pack_b,5a8efd3c55429918e830d179,"['A', 'B', 'C', 'D', 'E', 'F']","[0, 0, 0, 1, 1, 0]","[-0.7376694679260254, -0.8099345564842224, -0.7329313158988953, -0.6728290915489197, 3.7738020420074463, -0.820437490940094]","[-0.7376694679260254, -0.8099345564842224, -0.7329313158988953, -0.6728290915489197, 3.7738020420074463, -0.820437490940094]","[0.7376694679260254, 0.8099345564842224, 0.7329313158988953, 0.6728290915489197, -3.7738020420074463, 0.820437490940094]",-1,-1,False,"['E', 'F']","['D', 'E']"
5a8efd3c55429918e830d179::active_set_pack_b,5a8efd3c55429918e830d179,"['A', 'B', 'C', 'D', 'E', 'F']","[0, 0, 0, 1, 1, 0]","[-0.8208160400390625, -0.9014028906822205, -0.8308853507041931, -0.7322975397109985, 4.2037034034729, -0.9183008670806885]","[-0.8208160400390625, -0.9014028906822205, -0.8308853507041931, -0.7322975397109985, 4.2037034034729, -0.9183008670806885]","[-0.8208160400390625, -0.9014028906822205, -0.8308853507041931, -0.7322975397109985, 4.2037034034729, -0.9183008670806885]",1,1,False,"['E', 'F']","['D', 'E']"
5a8b63755542997f31a41cfe::working_set_pack_a,5a8b63755542997f31a41cfe,"['A', 'B', 'C', 'D', 'E', 'F']","[1, 0, 0, 0, 0, 1]","[0.5541161298751831, 0.06594361364841461, -1.7691727876663208, -0.055349964648485184, 0.06046092510223389, 1.1440021991729736]","[0.5541161298751831, 0.06594361364841461, -1.7691727876663208, -0.055349964648485184, 0.06046092510223389, 1.1440021991729736]","[0.5541161298751831, 0.06594361364841461, -1.7691727876663208, -0.055349964648485184, 0.06046092510223389, 1.1440021991729736]",1,1,True,"['A', 'F']","['A', 'F']"
5a8b63755542997f31a41cfe::active_set_pack_a,5a8b63755542997f31a41cfe,"['A', 'B', 'C', 'D', 'E', 'F']","[1, 0, 0, 0, 0, 1]","[0.03889189288020134, -0.3298451602458954, -1.0048863887786865, -0.4349057972431183, -0.3339685797691345, 2.064713716506958]","[0.03889189288020134, -0.3298451602458954, -1.0048863887786865, -0.4349057972431183, -0.3339685797691345, 2.064713716506958]","[0.03889189288020134, -0.3298451602458954, -1.0048863887786865, -0.4349057972431183, -0.3339685797691345, 2.064713716506958]",1,1,True,"['A', 'F']","['A', 'F']"
5a8b63755542997f31a41cfe::working_set_pack_b,5a8b63755542997f31a41cfe,"['A', 'B', 'C', 'D', 'E', 'F']","[1, 0, 0, 0, 0, 1]","[0.41409832239151, -0.14981107413768768, -1.27133047580719, -0.12307573109865189, -0.02249363251030445, 1.1526126861572266]","[0.41409832239151, -0.14981107413768768, -1.27133047580719, -0.12307573109865189, -0.02249363251030445, 1.1526126861572266]","[0.41409832239151, -0.14981107413768768, -1.27133047580719, -0.12307573109865189, -0.02249363251030445, 1.1526126861572266]",1,1,True,"['A', 'F']","['A', 'F']"
5a8b63755542997f31a41cfe::active_set_pack_b,5a8b63755542997f31a41cfe,"['A', 'B', 'C', 'D', 'E', 'F']","[1, 0, 0, 0, 0, 1]","[-0.10909947752952576, -0.2778933346271515, -1.2657759189605713, -0.38436999917030334, -0.304197758436203, 2.341336965560913]","[-0.10909947752952576, -0.2778933346271515, -1.2657759189605713, -0.38436999917030334, -0.304197758436203, 2.341336965560913]","[-0.10909947752952576, -0.2778933346271515, -1.2657759189605713, -0.38436999917030334, -0.304197758436203, 2.341336965560913]",1,1,True,"['A', 'F']","['A', 'F']"
5a7a02235542996c55b2dcd3::working_set_pack_a,5a7a02235542996c55b2dcd3,"['A', 'B', 'C', 'D', 'E', 'F']","[0, 1, 0, 0, 1, 0]","[-0.6938636302947998, -0.31792527437210083, -0.6914625763893127, -0.6861106157302856, 3.084768533706665, -0.6954067349433899]","[-0.6938636302947998, -0.31792527437210083, -0.6914625763893127, -0.6861106157302856, 3.084768533706665, -0.6954067349433899]","[-0.6938636302947998, -0.31792527437210083, -0.6914625763893127, -0.6861106157302856, 3.084768533706665, -0.6954067349433899]",1,1,False,"['A', 'E']","['B', 'E']"
5a7a02235542996c55b2dcd3::active_set_pack_a,5a7a02235542996c55b2dcd3,"['A', 'B', 'C', 'D', 'E', 'F']","[0, 1, 0, 0, 1, 0]","[-0.7692133188247681, -0.3645636737346649, -0.7815701365470886, -0.7637091279029846, 3.4535486698150635, -0.7744926810264587]","[-0.7692133188247681, -0.3645636737346649, -0.7815701365470886, -0.7637091279029846, 3.4535486698150635, -0.7744926810264587]","[-0.7692133188247681, -0.3645636737346649, -0.7815701365470886, -0.7637091279029846, 3.4535486698150635, -0.7744926810264587]",1,1,False,"['A', 'E']","['B', 'E']"
5a7a02235542996c55b2dcd3::working_set_pack_b,5a7a02235542996c55b2dcd3,"['A', 'B', 'C', 'D', 'E', 'F']","[0, 1, 0, 0, 1, 0]","[-0.6369467377662659, -0.39634621143341064, -0.7378871440887451, -0.6386893391609192, 3.0712087154388428, -0.6613388061523438]","[-0.6369467377662659, -0.39634621143341064, -0.7378871440887451, -0.6386893391609192, 3.0712087154388428, -0.6613388061523438]","[-0.6369467377662659, -0.39634621143341064, -0.7378871440887451, -0.6386893391609192, 3.0712087154388428, -0.6613388061523438]",1,1,False,"['A', 'E']","['B', 'E']"
5a7a02235542996c55b2dcd3::active_set_pack_b,5a7a02235542996c55b2dcd3,"['A', 'B', 'C', 'D', 'E', 'F']","[0, 1, 0, 0, 1, 0]","[-0.7568313479423523, -0.3177816569805145, -0.845054566860199, -0.7340454459190369, 3.409855604171753, -0.7561426758766174]","[-0.7568313479423523, -0.3177816569805145, -0.845054566860199, -0.7340454459190369, 3.409855604171753, -0.7561426758766174]","[-0.7568313479423523, -0.3177816569805145, -0.845054566860199, -0.7340454459190369, 3.409855604171753, -0.7561426758766174]",1,1,False,"['A', 'E']","['B', 'E']"
5ac061ab554299294b218fac::working_set_pack_a,5ac061ab554299294b218fac,"['A', 'B', 'C', 'D', 'E', 'F']","[0, 1, 0, 1, 0, 0]","[-0.6970726847648621, 0.6297851800918579, -0.5392018556594849, 1.6473125219345093, -0.5488327145576477, -0.4919905960559845]","[-0.6970726847648621, 0.6297851800918579, -0.5392018556594849, 1.6473125219345093, -0.5488327145576477, -0.4919905960559845]","[-0.6970726847648621, 0.6297851800918579, -0.5392018556594849, 1.6473125219345093, -0.5488327145576477, -0.4919905960559845]",1,1,True,"['B', 'D']","['B', 'D']"
5ac061ab554299294b218fac::active_set_pack_a,5ac061ab554299294b218fac,"['A', 'B', 'C', 'D', 'E', 'F']","[0, 1, 0, 1, 0, 0]","[-0.6368967294692993, 0.03126249089837074, -0.47855865955352783, 2.0117428302764893, -0.48811474442481995, -0.4394356608390808]","[-0.6368967294692993, 0.03126249089837074, -0.47855865955352783, 2.0117428302764893, -0.48811474442481995, -0.4394356608390808]","[-0.6368967294692993, 0.03126249089837074, -0.47855865955352783, 2.0117428302764893, -0.48811474442481995, -0.4394356608390808]",1,1,True,"['B', 'D']","['B', 'D']"
5ac061ab554299294b218fac::working_set_pack_b,5ac061ab554299294b218fac,"['A', 'B', 'C', 'D', 'E', 'F']","[0, 1, 0, 1, 0, 0]","[-0.5365527272224426, -0.20784054696559906, -0.4363972544670105, 1.999757170677185, -0.43660882115364075, -0.38235795497894287]","[-0.5365527272224426, -0.20784054696559906, -0.4363972544670105, 1.999757170677185, -0.43660882115364075, -0.38235795497894287]","[-0.5365527272224426, -0.20784054696559906, -0.4363972544670105, 1.999757170677185, -0.43660882115364075, -0.38235795497894287]",1,1,True,"['B', 'D']","['B', 'D']"
5ac061ab554299294b218fac::active_set_pack_b,5ac061ab554299294b218fac,"['A', 'B', 'C', 'D', 'E', 'F']","[0, 1, 0, 1, 0, 0]","[-0.6475764513015747, 0.0720902681350708, -0.4665623605251312, 1.8249564170837402, -0.4264141619205475, -0.35649365186691284]","[-0.6475764513015747, 0.0720902681350708, -0.4665623605251312, 1.8249564170837402, -0.4264141619205475, -0.35649365186691284]","[-0.6475764513015747, 0.0720902681350708, -0.4665623605251312, 1.8249564170837402, -0.4264141619205475, -0.35649365186691284]",1,1,True,"['B', 'D']","['B', 'D']"
5ab5a2f85542997d4ad1f197::working_set_pack_a,5ab5a2f85542997d4ad1f197,"['A', 'B', 'C', 'D', 'E', 'F']","[0, 0, 1, 0, 0, 1]","[-0.14852797985076904, 0.010507985949516296, 1.2352089881896973, -0.18739598989486694, 0.006134517025202513, -0.9159274101257324]","[-0.14852797985076904, 0.010507985949516296, 1.2352089881896973, -0.18739598989486694, 0.006134517025202513, -0.9159274101257324]","[0.14852797985076904, -0.010507985949516296, -1.2352089881896973, 0.18739598989486694, -0.006134517025202513, 0.9159274101257324]",-1,-1,False,"['C', 'E']","['C', 'F']"
5ab5a2f85542997d4ad1f197::active_set_pack_a,5ab5a2f85542997d4ad1f197,"['A', 'B', 'C', 'D', 'E', 'F']","[0, 0, 1, 0, 0, 1]","[-0.4318602979183197, -0.29319021105766296, 2.001969575881958, -0.44620004296302795, -0.31079739332199097, -0.519922137260437]","[-0.4318602979183197, -0.29319021105766296, 2.001969575881958, -0.44620004296302795, -0.31079739332199097, -0.519922137260437]","[0.4318602979183197, 0.29319021105766296, -2.001969575881958, 0.44620004296302795, 0.31079739332199097, 0.519922137260437]",-1,-1,False,"['C', 'E']","['C', 'F']"
5ab5a2f85542997d4ad1f197::working_set_pack_b,5ab5a2f85542997d4ad1f197,"['A', 'B', 'C', 'D', 'E', 'F']","[0, 0, 1, 0, 0, 1]","[-0.38354000449180603, -0.23723571002483368, 1.747887134552002, -0.3870180547237396, -0.30549317598342896, -0.4346001148223877]","[-0.38354000449180603, -0.23723571002483368, 1.747887134552002, -0.3870180547237396, -0.30549317598342896, -0.4346001148223877]","[0.38354000449180603, 0.23723571002483368, -1.747887134552002, 0.3870180547237396, 0.30549317598342896, 0.4346001148223877]",-1,-1,False,"['A', 'C']","['C', 'F']"
5ab5a2f85542997d4ad1f197::active_set_pack_b,5ab5a2f85542997d4ad1f197,"['A', 'B', 'C', 'D', 'E', 'F']","[0, 0, 1, 0, 0, 1]","[-0.3619540333747864, -0.2374599725008011, 1.5990103483200073, -0.35621610283851624, -0.2443353235721588, -0.39904481172561646]","[-0.3619540333747864, -0.2374599725008011, 1.5990103483200073, -0.35621610283851624, -0.2443353235721588, -0.39904481172561646]","[0.3619540333747864, 0.2374599725008011, -1.5990103483200073, 0.35621610283851624, 0.2443353235721588, 0.39904481172561646]",-1,-1,False,"['C', 'E']","['C', 'F']"
5abd7ca05542993062266cab::working_set_pack_a,5abd7ca05542993062266cab,"['A', 'B', 'C', 'D', 'E', 'F']","[1, 0, 1, 0, 0, 0]","[-0.499089777469635, -0.773858368396759, 3.0291407108306885, -0.6888978481292725, -0.5476600527763367, -0.5196347236633301]","[-0.499089777469635, -0.773858368396759, 3.0291407108306885, -0.6888978481292725, -0.5476600527763367, -0.5196347236633301]","[0.499089777469635, 0.773858368396759, -3.0291407108306885, 0.6888978481292725, 0.5476600527763367, 0.5196347236633301]",-1,-1,True,"['A', 'C']","['A', 'C']"
5abd7ca05542993062266cab::active_set_pack_a,5abd7ca05542993062266cab,"['A', 'B', 'C', 'D', 'E', 'F']","[1, 0, 1, 0, 0, 0]","[-0.5358691215515137, -0.7382738590240479, 3.107574939727783, -0.6899478435516357, -0.583167314529419, -0.5603168606758118]","[-0.5358691215515137, -0.7382738590240479, 3.107574939727783, -0.6899478435516357, -0.583167314529419, -0.5603168606758118]","[-0.5358691215515137, -0.7382738590240479, 3.107574939727783, -0.6899478435516357, -0.583167314529419, -0.5603168606758118]",1,1,True,"['A', 'C']","['A', 'C']"
5abd7ca05542993062266cab::working_set_pack_b,5abd7ca05542993062266cab,"['A', 'B', 'C', 'D', 'E', 'F']","[1, 0, 1, 0, 0, 0]","[-0.5926143527030945, -0.7988612651824951, 3.279193639755249, -0.7089235782623291, -0.6152295470237732, -0.5635641813278198]","[-0.5926143527030945, -0.7988612651824951, 3.279193639755249, -0.7089235782623291, -0.6152295470237732, -0.5635641813278198]","[-0.5926143527030945, -0.7988612651824951, 3.279193639755249, -0.7089235782623291, -0.6152295470237732, -0.5635641813278198]",1,1,True,"['A', 'C']","['A', 'C']"
5abd7ca05542993062266cab::active_set_pack_b,5abd7ca05542993062266cab,"['A', 'B', 'C', 'D', 'E', 'F']","[1, 0, 1, 0, 0, 0]","[-0.5456973314285278, -0.7861340641975403, 3.2275643348693848, -0.6801475286483765, -0.6089082956314087, -0.6066779494285583]","[-0.5456973314285278, -0.7861340641975403, 3.2275643348693848, -0.6801475286483765, -0.6089082956314087, -0.6066779494285583]","[-0.5456973314285278, -0.7861340641975403, 3.2275643348693848, -0.6801475286483765, -0.6089082956314087, -0.6066779494285583]",1,1,True,"['A', 'C']","['A', 'C']"
5ae732685542991e8301cbc3::working_set_pack_a,5ae732685542991e8301cbc3,"['A', 'B', 'C', 'D', 'E', 'F']","[1, 0, 1, 0, 0, 0]","[1.3244683742523193, -0.3135831654071808, -0.2252701371908188, -0.2852833867073059, -0.2649666368961334, -0.23536498844623566]","[1.3244683742523193, -0.3135831654071808, -0.2252701371908188, -0.2852833867073059, -0.2649666368961334, -0.23536498844623566]","[1.3244683742523193, -0.3135831654071808, -0.2252701371908188, -0.2852833867073059, -0.2649666368961334, -0.23536498844623566]",1,1,False,"['A', 'B']","['A', 'C']"
5ae732685542991e8301cbc3::active_set_pack_a,5ae732685542991e8301cbc3,"['A', 'B', 'C', 'D', 'E', 'F']","[1, 0, 1, 0, 0, 0]","[1.393561840057373, -0.26533862948417664, -0.24490290880203247, -0.3195444941520691, -0.29028627276420593, -0.2734892964363098]","[1.393561840057373, -0.26533862948417664, -0.24490290880203247, -0.3195444941520691, -0.29028627276420593, -0.2734892964363098]","[1.393561840057373, -0.26533862948417664, -0.24490290880203247, -0.3195444941520691, -0.29028627276420593, -0.2734892964363098]",1,1,False,"['A', 'B']","['A', 'C']"
5ae732685542991e8301cbc3::working_set_pack_b,5ae732685542991e8301cbc3,"['A', 'B', 'C', 'D', 'E', 'F']","[1, 0, 1, 0, 0, 0]","[0.254259318113327, -1.5366050004959106, 0.3136216402053833, 0.3590434491634369, 0.28889137506484985, 0.3207886517047882]","[-0.254259318113327, 1.5366050004959106, -0.3136216402053833, -0.3590434491634369, -0.28889137506484985, -0.3207886517047882]","[0.254259318113327, -1.5366050004959106, 0.3136216402053833, 0.3590434491634369, 0.28889137506484985, 0.3207886517047882]",1,-1,False,"['A', 'B']","['A', 'C']"
5ae732685542991e8301cbc3::active_set_pack_b,5ae732685542991e8301cbc3,"['A', 'B', 'C', 'D', 'E', 'F']","[1, 0, 1, 0, 0, 0]","[0.11187992990016937, -1.4606729745864868, 0.4922175407409668, 0.35460183024406433, 0.22686156630516052, 0.2751120626926422]","[-0.11187992990016937, 1.4606729745864868, -0.4922175407409668, -0.35460183024406433, -0.22686156630516052, -0.2751120626926422]","[-0.11187992990016937, 1.4606729745864868, -0.4922175407409668, -0.35460183024406433, -0.22686156630516052, -0.2751120626926422]",-1,1,False,"['A', 'B']","['A', 'C']"
5a8a2ebc5542996c9b8d5e33::working_set_pack_a,5a8a2ebc5542996c9b8d5e33,"['A', 'B', 'C', 'D', 'E', 'F']","[0, 0, 1, 0, 1, 0]","[-0.40060192346572876, -0.7701840400695801, 2.4599416255950928, -0.5405635833740234, -0.31556200981140137, -0.43303048610687256]","[-0.40060192346572876, -0.7701840400695801, 2.4599416255950928, -0.5405635833740234, -0.31556200981140137, -0.43303048610687256]","[-0.40060192346572876, -0.7701840400695801, 2.4599416255950928, -0.5405635833740234, -0.31556200981140137, -0.43303048610687256]",1,1,False,"['A', 'C']","['C', 'E']"
5a8a2ebc5542996c9b8d5e33::active_set_pack_a,5a8a2ebc5542996c9b8d5e33,"['A', 'B', 'C', 'D', 'E', 'F']","[0, 0, 1, 0, 1, 0]","[-0.45473721623420715, -0.888924241065979, 2.770155906677246, -0.5727164149284363, -0.367963969707489, -0.48581451177597046]","[-0.45473721623420715, -0.888924241065979, 2.770155906677246, -0.5727164149284363, -0.367963969707489, -0.48581451177597046]","[-0.45473721623420715, -0.888924241065979, 2.770155906677246, -0.5727164149284363, -0.367963969707489, -0.48581451177597046]",1,1,False,"['A', 'C']","['C', 'E']"
5a8a2ebc5542996c9b8d5e33::working_set_pack_b,5a8a2ebc5542996c9b8d5e33,"['A', 'B', 'C', 'D', 'E', 'F']","[0, 0, 1, 0, 1, 0]","[-0.3137664496898651, -0.6223862767219543, 2.059798002243042, -0.4401930272579193, -0.3406367897987366, -0.34281525015830994]","[-0.3137664496898651, -0.6223862767219543, 2.059798002243042, -0.4401930272579193, -0.3406367897987366, -0.34281525015830994]","[-0.3137664496898651, -0.6223862767219543, 2.059798002243042, -0.4401930272579193, -0.3406367897987366, -0.34281525015830994]",1,1,False,"['A', 'C']","['C', 'E']"
5a8a2ebc5542996c9b8d5e33::active_set_pack_b,5a8a2ebc5542996c9b8d5e33,"['A', 'B', 'C', 'D', 'E', 'F']","[0, 0, 1, 0, 1, 0]","[-0.4989222586154938, -0.828773021697998, 3.0262746810913086, -0.6369264721870422, -0.5189070701599121, -0.54274582862854]","[-0.4989222586154938, -0.828773021697998, 3.0262746810913086, -0.6369264721870422, -0.5189070701599121, -0.54274582862854]","[0.4989222586154938, 0.828773021697998, -3.0262746810913086, 0.6369264721870422, 0.5189070701599121, 0.54274582862854]",-1,-1,False,"['A', 'C']","['C', 'E']"
5add28c85542992ae4cec4be::working_set_pack_a,5add28c85542992ae4cec4be,"['A', 'B', 'C', 'D', 'E', 'F']","[0, 0, 1, 0, 0, 1]","[-0.603095293045044, -0.5452626943588257, 0.6079738736152649, -0.4253428876399994, -0.5857977271080017, 1.5515248775482178]","[-0.603095293045044, -0.5452626943588257, 0.6079738736152649, -0.4253428876399994, -0.5857977271080017, 1.5515248775482178]","[-0.603095293045044, -0.5452626943588257, 0.6079738736152649, -0.4253428876399994, -0.5857977271080017, 1.5515248775482178]",1,1,True,"['C', 'F']","['C', 'F']"
5add28c85542992ae4cec4be::active_set_pack_a,5add28c85542992ae4cec4be,"['A', 'B', 'C', 'D', 'E', 'F']","[0, 0, 1, 0, 0, 1]","[-0.5659798383712769, -0.5290836095809937, 0.5745964646339417, -0.38315898180007935, -0.5541988611221313, 1.457824468612671]","[-0.5659798383712769, -0.5290836095809937, 0.5745964646339417, -0.38315898180007935, -0.5541988611221313, 1.457824468612671]","[-0.5659798383712769, -0.5290836095809937, 0.5745964646339417, -0.38315898180007935, -0.5541988611221313, 1.457824468612671]",1,1,True,"['C', 'F']","['C', 'F']"
5add28c85542992ae4cec4be::working_set_pack_b,5add28c85542992ae4cec4be,"['A', 'B', 'C', 'D', 'E', 'F']","[0, 0, 1, 0, 0, 1]","[-0.5575113296508789, -0.5462185144424438, 1.8668471574783325, -0.5278012752532959, -0.5731853246688843, 0.3378693759441376]","[-0.5575113296508789, -0.5462185144424438, 1.8668471574783325, -0.5278012752532959, -0.5731853246688843, 0.3378693759441376]","[-0.5575113296508789, -0.5462185144424438, 1.8668471574783325, -0.5278012752532959, -0.5731853246688843, 0.3378693759441376]",1,1,True,"['C', 'F']","['C', 'F']"
5add28c85542992ae4cec4be::active_set_pack_b,5add28c85542992ae4cec4be,"['A', 'B', 'C', 'D', 'E', 'F']","[0, 0, 1, 0, 0, 1]","[-0.5610887408256531, -0.4689953625202179, 0.9654920101165771, -0.47462162375450134, -0.5519930720329285, 1.0912070274353027]","[-0.5610887408256531, -0.4689953625202179, 0.9654920101165771, -0.47462162375450134, -0.5519930720329285, 1.0912070274353027]","[-0.5610887408256531, -0.4689953625202179, 0.9654920101165771, -0.47462162375450134, -0.5519930720329285, 1.0912070274353027]",1,1,True,"['C', 'F']","['C', 'F']"
5ae78ec5554299540e5a5605::working_set_pack_a,5ae78ec5554299540e5a5605,"['A', 'B', 'C', 'D', 'E', 'F']","[0, 0, 1, 1, 0, 0]","[-0.32827842235565186, -0.6051725149154663, -0.02326367050409317, 1.7428150177001953, -0.39969614148139954, -0.38640427589416504]","[-0.32827842235565186, -0.6051725149154663, -0.02326367050409317, 1.7428150177001953, -0.39969614148139954, -0.38640427589416504]","[-0.32827842235565186, -0.6051725149154663, -0.02326367050409317, 1.7428150177001953, -0.39969614148139954, -0.38640427589416504]",1,1,False,"['A', 'D']","['C', 'D']"
5ae78ec5554299540e5a5605::active_set_pack_a,5ae78ec5554299540e5a5605,"['A', 'B', 'C', 'D', 'E', 'F']","[0, 0, 1, 1, 0, 0]","[-0.3598007261753082, -0.7694041728973389, 0.7998868227005005, 1.1940702199935913, -0.4458659589290619, -0.4188860356807709]","[-0.3598007261753082, -0.7694041728973389, 0.7998868227005005, 1.1940702199935913, -0.4458659589290619, -0.4188860356807709]","[-0.3598007261753082, -0.7694041728973389, 0.7998868227005005, 1.1940702199935913, -0.4458659589290619, -0.4188860356807709]",1,1,False,"['A', 'D']","['C', 'D']"
5ae78ec5554299540e5a5605::working_set_pack_b,5ae78ec5554299540e5a5605,"['A', 'B', 'C', 'D', 'E', 'F']","[0, 0, 1, 1, 0, 0]","[-0.44409263134002686, -0.536231279373169, 1.5402722358703613, 0.3982648551464081, -0.48424121737480164, -0.473972350358963]","[0.44409263134002686, 0.536231279373169, -1.5402722358703613, -0.3982648551464081, 0.48424121737480164, 0.473972350358963]","[-0.44409263134002686, -0.536231279373169, 1.5402722358703613, 0.3982648551464081, -0.48424121737480164, -0.473972350358963]",1,-1,False,"['A', 'D']","['C', 'D']"
5ae78ec5554299540e5a5605::active_set_pack_b,5ae78ec5554299540e5a5605,"['A', 'B', 'C', 'D', 'E', 'F']","[0, 0, 1, 1, 0, 0]","[-0.3434290885925293, -0.722352147102356, 1.2352584600448608, 0.7851887345314026, -0.5168872475624084, -0.4377793073654175]","[-0.3434290885925293, -0.722352147102356, 1.2352584600448608, 0.7851887345314026, -0.5168872475624084, -0.4377793073654175]","[-0.3434290885925293, -0.722352147102356, 1.2352584600448608, 0.7851887345314026, -0.5168872475624084, -0.4377793073654175]",1,1,False,"['A', 'D']","['C', 'D']"
5a7a52745542996c55b2dd4f::working_set_pack_a,5a7a52745542996c55b2dd4f,"['A', 'B', 'C', 'D', 'E', 'F']","[1, 0, 0, 1, 0, 0]","[-0.5481364727020264, -0.4615345895290375, -0.5753750205039978, 2.6865010261535645, -0.5889110565185547, -0.5125429034233093]","[-0.5481364727020264, -0.4615345895290375, -0.5753750205039978, 2.6865010261535645, -0.5889110565185547, -0.5125429034233093]","[-0.5481364727020264, -0.4615345895290375, -0.5753750205039978, 2.6865010261535645, -0.5889110565185547, -0.5125429034233093]",1,1,True,"['A', 'D']","['A', 'D']"
5a7a52745542996c55b2dd4f::active_set_pack_a,5a7a52745542996c55b2dd4f,"['A', 'B', 'C', 'D', 'E', 'F']","[1, 0, 0, 1, 0, 0]","[-0.5667248368263245, -0.4606187045574188, -0.5949506759643555, 2.750577688217163, -0.6038350462913513, -0.5244483351707458]","[-0.5667248368263245, -0.4606187045574188, -0.5949506759643555, 2.750577688217163, -0.6038350462913513, -0.5244483351707458]","[-0.5667248368263245, -0.4606187045574188, -0.5949506759643555, 2.750577688217163, -0.6038350462913513, -0.5244483351707458]",1,1,True,"['A', 'D']","['A', 'D']"
5a7a52745542996c55b2dd4f::working_set_pack_b,5a7a52745542996c55b2dd4f,"['A', 'B', 'C', 'D', 'E', 'F']","[1, 0, 0, 1, 0, 0]","[-0.4927462041378021, -0.245676189661026, -0.4929583668708801, 2.1338744163513184, -0.48782962560653687, -0.4146639108657837]","[-0.4927462041378021, -0.245676189661026, -0.4929583668708801, 2.1338744163513184, -0.48782962560653687, -0.4146639108657837]","[-0.4927462041378021, -0.245676189661026, -0.4929583668708801, 2.1338744163513184, -0.48782962560653687, -0.4146639108657837]",1,1,True,"['A', 'D']","['A', 'D']"
5a7a52745542996c55b2dd4f::active_set_pack_b,5a7a52745542996c55b2dd4f,"['A', 'B', 'C', 'D', 'E', 'F']","[1, 0, 0, 1, 0, 0]","[-0.5723963975906372, -0.3713207244873047, -0.622934103012085, 2.6800060272216797, -0.6088315844535828, -0.5045235753059387]","[-0.5723963975906372, -0.3713207244873047, -0.622934103012085, 2.6800060272216797, -0.6088315844535828, -0.5045235753059387]","[-0.5723963975906372, -0.3713207244873047, -0.622934103012085, 2.6800060272216797, -0.6088315844535828, -0.5045235753059387]",1,1,True,"['A', 'D']","['A', 'D']"
5a74248855429929fddd83e5::working_set_pack_a,5a74248855429929fddd83e5,"['A', 'B', 'C', 'D', 'E', 'F']","[0, 0, 0, 0, 1, 1]","[-0.47038209438323975, -0.42503949999809265, -0.44571250677108765, -0.4578200578689575, 1.2159240245819092, 0.5830303430557251]","[-0.47038209438323975, -0.42503949999809265, -0.44571250677108765, -0.4578200578689575, 1.2159240245819092, 0.5830303430557251]","[-0.47038209438323975, -0.42503949999809265, -0.44571250677108765, -0.4578200578689575, 1.2159240245819092, 0.5830303430557251]",1,1,True,"['E', 'F']","['E', 'F']"
5a74248855429929fddd83e5::active_set_pack_a,5a74248855429929fddd83e5,"['A', 'B', 'C', 'D', 'E', 'F']","[0, 0, 0, 0, 1, 1]","[-0.4453558027744293, -0.38951706886291504, -0.4221697747707367, -0.42481285333633423, 1.1767899990081787, 0.5050652623176575]","[-0.4453558027744293, -0.38951706886291504, -0.4221697747707367, -0.42481285333633423, 1.1767899990081787, 0.5050652623176575]","[-0.4453558027744293, -0.38951706886291504, -0.4221697747707367, -0.42481285333633423, 1.1767899990081787, 0.5050652623176575]",1,1,True,"['E', 'F']","['E', 'F']"
5a74248855429929fddd83e5::working_set_pack_b,5a74248855429929fddd83e5,"['A', 'B', 'C', 'D', 'E', 'F']","[0, 0, 0, 0, 1, 1]","[-0.4199698865413666, -0.3689616620540619, -0.42293137311935425, -0.40918147563934326, 1.5338671207427979, 0.08717747032642365]","[-0.4199698865413666, -0.3689616620540619, -0.42293137311935425, -0.40918147563934326, 1.5338671207427979, 0.08717747032642365]","[-0.4199698865413666, -0.3689616620540619, -0.42293137311935425, -0.40918147563934326, 1.5338671207427979, 0.08717747032642365]",1,1,True,"['E', 'F']","['E', 'F']"
5a74248855429929fddd83e5::active_set_pack_b,5a74248855429929fddd83e5,"['A', 'B', 'C', 'D', 'E', 'F']","[0, 0, 0, 0, 1, 1]","[-0.37322700023651123, -0.30260103940963745, -0.36826586723327637, -0.34447553753852844, 1.2740342617034912, 0.11453515291213989]","[-0.37322700023651123, -0.30260103940963745, -0.36826586723327637, -0.34447553753852844, 1.2740342617034912, 0.11453515291213989]","[-0.37322700023651123, -0.30260103940963745, -0.36826586723327637, -0.34447553753852844, 1.2740342617034912, 0.11453515291213989]",1,1,True,"['E', 'F']","['E', 'F']"
5abd04f15542996e802b467e::working_set_pack_a,5abd04f15542996e802b467e,"['A', 'B', 'C', 'D', 'E', 'F']","[0, 0, 0, 0, 1, 1]","[-0.3865432143211365, -0.3132908344268799, -0.39308997988700867, -0.340034157037735, -0.2754385769367218, 1.7083967924118042]","[-0.3865432143211365, -0.3132908344268799, -0.39308997988700867, -0.340034157037735, -0.2754385769367218, 1.7083967924118042]","[-0.3865432143211365, -0.3132908344268799, -0.39308997988700867, -0.340034157037735, -0.2754385769367218, 1.7083967924118042]",1,1,False,"['C', 'F']","['E', 'F']"
5abd04f15542996e802b467e::active_set_pack_a,5abd04f15542996e802b467e,"['A', 'B', 'C', 'D', 'E', 'F']","[0, 0, 0, 0, 1, 1]","[-0.38320672512054443, -0.31097474694252014, -0.33700576424598694, -0.3271925151348114, -0.251455694437027, 1.6098356246948242]","[-0.38320672512054443, -0.31097474694252014, -0.33700576424598694, -0.3271925151348114, -0.251455694437027, 1.6098356246948242]","[-0.38320672512054443, -0.31097474694252014, -0.33700576424598694, -0.3271925151348114, -0.251455694437027, 1.6098356246948242]",1,1,False,"['C', 'F']","['E', 'F']"
5abd04f15542996e802b467e::working_set_pack_b,5abd04f15542996e802b467e,"['A', 'B', 'C', 'D', 'E', 'F']","[0, 0, 0, 0, 1, 1]","[-0.3538021147251129, -0.2760438024997711, -0.22737768292427063, -0.26343560218811035, -0.21406632661819458, 1.3347256183624268]","[-0.3538021147251129, -0.2760438024997711, -0.22737768292427063, -0.26343560218811035, -0.21406632661819458, 1.3347256183624268]","[-0.3538021147251129, -0.2760438024997711, -0.22737768292427063, -0.26343560218811035, -0.21406632661819458, 1.3347256183624268]",1,1,False,"['A', 'F']","['E', 'F']"
5abd04f15542996e802b467e::active_set_pack_b,5abd04f15542996e802b467e,"['A', 'B', 'C', 'D', 'E', 'F']","[0, 0, 0, 0, 1, 1]","[-0.4947670102119446, -0.26697641611099243, -0.2080504149198532, -0.2776462435722351, -0.2011265754699707, 1.4485663175582886]","[-0.4947670102119446, -0.26697641611099243, -0.2080504149198532, -0.2776462435722351, -0.2011265754699707, 1.4485663175582886]","[-0.4947670102119446, -0.26697641611099243, -0.2080504149198532, -0.2776462435722351, -0.2011265754699707, 1.4485663175582886]",1,1,False,"['C', 'F']","['E', 'F']"
5ac3ad225542995ef918c1da::working_set_pack_a,5ac3ad225542995ef918c1da,"['A', 'B', 'C', 'D', 'E', 'F']","[0, 1, 1, 0, 0, 0]","[-0.7966185808181763, 3.5236918926239014, -0.6740658283233643, -0.7140321135520935, -0.6866934299468994, -0.6522827744483948]","[-0.7966185808181763, 3.5236918926239014, -0.6740658283233643, -0.7140321135520935, -0.6866934299468994, -0.6522827744483948]","[0.7966185808181763, -3.5236918926239014, 0.6740658283233643, 0.7140321135520935, 0.6866934299468994, 0.6522827744483948]",-1,-1,False,"['B', 'F']","['B', 'C']"
5ac3ad225542995ef918c1da::active_set_pack_a,5ac3ad225542995ef918c1da,"['A', 'B', 'C', 'D', 'E', 'F']","[0, 1, 1, 0, 0, 0]","[-0.8309555053710938, 3.6174864768981934, -0.6793609261512756, -0.7201839089393616, -0.6880682110786438, -0.698918342590332]","[-0.8309555053710938, 3.6174864768981934, -0.6793609261512756, -0.7201839089393616, -0.6880682110786438, -0.698918342590332]","[0.8309555053710938, -3.6174864768981934, 0.6793609261512756, 0.7201839089393616, 0.6880682110786438, 0.698918342590332]",-1,-1,False,"['B', 'F']","['B', 'C']"
5ac3ad225542995ef918c1da::working_set_pack_b,5ac3ad225542995ef918c1da,"['A', 'B', 'C', 'D', 'E', 'F']","[0, 1, 1, 0, 0, 0]","[-0.6671419739723206, 3.0413978099823, -0.5915706753730774, -0.6439449787139893, -0.5913355946540833, -0.5474041700363159]","[-0.6671419739723206, 3.0413978099823, -0.5915706753730774, -0.6439449787139893, -0.5913355946540833, -0.5474041700363159]","[0.6671419739723206, -3.0413978099823, 0.5915706753730774, 0.6439449787139893, 0.5913355946540833, 0.5474041700363159]",-1,-1,False,"['B', 'F']","['B', 'C']"
5ac3ad225542995ef918c1da::active_set_pack_b,5ac3ad225542995ef918c1da,"['A', 'B', 'C', 'D', 'E', 'F']","[0, 1, 1, 0, 0, 0]","[-0.8536185026168823, 3.381786823272705, -0.5966141223907471, -0.6895923614501953, -0.6595128774642944, -0.5824474692344666]","[-0.8536185026168823, 3.381786823272705, -0.5966141223907471, -0.6895923614501953, -0.6595128774642944, -0.5824474692344666]","[0.8536185026168823, -3.381786823272705, 0.5966141223907471, 0.6895923614501953, 0.6595128774642944, 0.5824474692344666]",-1,-1,False,"['B', 'F']","['B', 'C']"
5a736bfa5542991f29ee2e03::working_set_pack_a,5a736bfa5542991f29ee2e03,"['A', 'B', 'C', 'D', 'E', 'F']","[1, 0, 1, 0, 0, 0]","[0.43925216794013977, -1.7359116077423096, 0.4693870544433594, 0.20704610645771027, 0.2980765700340271, 0.3221488893032074]","[0.43925216794013977, -1.7359116077423096, 0.4693870544433594, 0.20704610645771027, 0.2980765700340271, 0.3221488893032074]","[-0.43925216794013977, 1.7359116077423096, -0.4693870544433594, -0.20704610645771027, -0.2980765700340271, -0.3221488893032074]",-1,-1,True,"['A', 'C']","['A', 'C']"
5a736bfa5542991f29ee2e03::active_set_pack_a,5a736bfa5542991f29ee2e03,"['A', 'B', 'C', 'D', 'E', 'F']","[1, 0, 1, 0, 0, 0]","[0.4042547643184662, -1.7234647274017334, 0.5278592109680176, 0.20194685459136963, 0.2797850966453552, 0.30961859226226807]","[0.4042547643184662, -1.7234647274017334, 0.5278592109680176, 0.20194685459136963, 0.2797850966453552, 0.30961859226226807]","[-0.4042547643184662, 1.7234647274017334, -0.5278592109680176, -0.20194685459136963, -0.2797850966453552, -0.30961859226226807]",-1,-1,True,"['A', 'C']","['A', 'C']"
5a736bfa5542991f29ee2e03::working_set_pack_b,5a736bfa5542991f29ee2e03,"['A', 'B', 'C', 'D', 'E', 'F']","[1, 0, 1, 0, 0, 0]","[0.27659928798675537, -1.3542993068695068, 0.44153526425361633, 0.1511828899383545, 0.21657320857048035, 0.26840782165527344]","[0.27659928798675537, -1.3542993068695068, 0.44153526425361633, 0.1511828899383545, 0.21657320857048035, 0.26840782165527344]","[-0.27659928798675537, 1.3542993068695068, -0.44153526425361633, -0.1511828899383545, -0.21657320857048035, -0.26840782165527344]",-1,-1,True,"['A', 'C']","['A', 'C']"
5a736bfa5542991f29ee2e03::active_set_pack_b,5a736bfa5542991f29ee2e03,"['A', 'B', 'C', 'D', 'E', 'F']","[1, 0, 1, 0, 0, 0]","[0.3994607925415039, -2.032226085662842, 0.5843027234077454, 0.24781611561775208, 0.3892124593257904, 0.41143378615379333]","[0.3994607925415039, -2.032226085662842, 0.5843027234077454, 0.24781611561775208, 0.3892124593257904, 0.41143378615379333]","[-0.3994607925415039, 2.032226085662842, -0.5843027234077454, -0.24781611561775208, -0.3892124593257904, -0.41143378615379333]",-1,-1,True,"['A', 'C']","['A', 'C']"
5a7a0a965542996c55b2dce7::working_set_pack_a,5a7a0a965542996c55b2dce7,"['A', 'B', 'C', 'D', 'E', 'F']","[0, 1, 0, 0, 1, 0]","[-0.13685795664787292, 1.4297782182693481, -0.938977837562561, -0.23859098553657532, 0.12955158948898315, -0.24490295350551605]","[0.13685795664787292, -1.4297782182693481, 0.938977837562561, 0.23859098553657532, -0.12955158948898315, 0.24490295350551605]","[-0.13685795664787292, 1.4297782182693481, -0.938977837562561, -0.23859098553657532, 0.12955158948898315, -0.24490295350551605]",1,-1,False,"['A', 'E']","['B', 'E']"
5a7a0a965542996c55b2dce7::active_set_pack_a,5a7a0a965542996c55b2dce7,"['A', 'B', 'C', 'D', 'E', 'F']","[0, 1, 0, 0, 1, 0]","[-0.13567286729812622, 1.2871463298797607, -0.9670726656913757, -0.2324250489473343, 0.2986483871936798, -0.25062423944473267]","[-0.13567286729812622, 1.2871463298797607, -0.9670726656913757, -0.2324250489473343, 0.2986483871936798, -0.25062423944473267]","[-0.13567286729812622, 1.2871463298797607, -0.9670726656913757, -0.2324250489473343, 0.2986483871936798, -0.25062423944473267]",1,1,False,"['A', 'E']","['B', 'E']"
5a7a0a965542996c55b2dce7::working_set_pack_b,5a7a0a965542996c55b2dce7,"['A', 'B', 'C', 'D', 'E', 'F']","[0, 1, 0, 0, 1, 0]","[-0.2769536077976227, 1.5736557245254517, -0.511296808719635, -0.31604596972465515, -0.16183635592460632, -0.3075224459171295]","[-0.2769536077976227, 1.5736557245254517, -0.511296808719635, -0.31604596972465515, -0.16183635592460632, -0.3075224459171295]","[-0.2769536077976227, 1.5736557245254517, -0.511296808719635, -0.31604596972465515, -0.16183635592460632, -0.3075224459171295]",1,1,False,"['A', 'B']","['B', 'E']"
5a7a0a965542996c55b2dce7::active_set_pack_b,5a7a0a965542996c55b2dce7,"['A', 'B', 'C', 'D', 'E', 'F']","[0, 1, 0, 0, 1, 0]","[-0.2038661241531372, 1.3455095291137695, -0.9156275987625122, -0.2602998912334442, 0.3024917244911194, -0.26820752024650574]","[-0.2038661241531372, 1.3455095291137695, -0.9156275987625122, -0.2602998912334442, 0.3024917244911194, -0.26820752024650574]","[-0.2038661241531372, 1.3455095291137695, -0.9156275987625122, -0.2602998912334442, 0.3024917244911194, -0.26820752024650574]",1,1,False,"['A', 'E']","['B', 'E']"
5a8ae49155429951533613a3::working_set_pack_a,5a8ae49155429951533613a3,"['A', 'B', 'C', 'D', 'E', 'F']","[1, 0, 1, 0, 0, 0]","[2.3126533031463623, -0.39807334542274475, -0.3610151708126068, -0.5549275875091553, -0.4955750107765198, -0.5030620098114014]","[2.3126533031463623, -0.39807334542274475, -0.3610151708126068, -0.5549275875091553, -0.4955750107765198, -0.5030620098114014]","[2.3126533031463623, -0.39807334542274475, -0.3610151708126068, -0.5549275875091553, -0.4955750107765198, -0.5030620098114014]",1,1,True,"['A', 'C']","['A', 'C']"
5a8ae49155429951533613a3::active_set_pack_a,5a8ae49155429951533613a3,"['A', 'B', 'C', 'D', 'E', 'F']","[1, 0, 1, 0, 0, 0]","[2.0080814361572266, -0.3290621340274811, -0.31150439381599426, -0.48662543296813965, -0.4269074499607086, -0.45398208498954773]","[2.0080814361572266, -0.3290621340274811, -0.31150439381599426, -0.48662543296813965, -0.4269074499607086, -0.45398208498954773]","[2.0080814361572266, -0.3290621340274811, -0.31150439381599426, -0.48662543296813965, -0.4269074499607086, -0.45398208498954773]",1,1,True,"['A', 'C']","['A', 'C']"
5a8ae49155429951533613a3::working_set_pack_b,5a8ae49155429951533613a3,"['A', 'B', 'C', 'D', 'E', 'F']","[1, 0, 1, 0, 0, 0]","[1.3693454265594482, -0.03937263414263725, -0.24682074785232544, -0.46870747208595276, -0.3058280646800995, -0.3086162805557251]","[1.3693454265594482, -0.03937263414263725, -0.24682074785232544, -0.46870747208595276, -0.3058280646800995, -0.3086162805557251]","[1.3693454265594482, -0.03937263414263725, -0.24682074785232544, -0.46870747208595276, -0.3058280646800995, -0.3086162805557251]",1,1,True,"['A', 'C']","['A', 'C']"
5a8ae49155429951533613a3::active_set_pack_b,5a8ae49155429951533613a3,"['A', 'B', 'C', 'D', 'E', 'F']","[1, 0, 1, 0, 0, 0]","[1.8303087949752808, -0.21751365065574646, -0.3188934922218323, -0.5125314593315125, -0.39010196924209595, -0.3912683129310608]","[1.8303087949752808, -0.21751365065574646, -0.3188934922218323, -0.5125314593315125, -0.39010196924209595, -0.3912683129310608]","[1.8303087949752808, -0.21751365065574646, -0.3188934922218323, -0.5125314593315125, -0.39010196924209595, -0.3912683129310608]",1,1,False,"['A', 'B']","['A', 'C']"
5ab99943554299131ca42391::working_set_pack_a,5ab99943554299131ca42391,"['A', 'B', 'C', 'D', 'E', 'F']","[1, 0, 0, 0, 0, 1]","[-0.4870130717754364, -0.6316914558410645, -0.34218573570251465, -0.4994833469390869, -0.5943720936775208, 2.554745674133301]","[-0.4870130717754364, -0.6316914558410645, -0.34218573570251465, -0.4994833469390869, -0.5943720936775208, 2.554745674133301]","[-0.4870130717754364, -0.6316914558410645, -0.34218573570251465, -0.4994833469390869, -0.5943720936775208, 2.554745674133301]",1,1,False,"['C', 'F']","['A', 'F']"
5ab99943554299131ca42391::active_set_pack_a,5ab99943554299131ca42391,"['A', 'B', 'C', 'D', 'E', 'F']","[1, 0, 0, 0, 0, 1]","[-0.5144782066345215, -0.6399656534194946, -0.3692495822906494, -0.5173857808113098, -0.6403253674507141, 2.6814048290252686]","[-0.5144782066345215, -0.6399656534194946, -0.3692495822906494, -0.5173857808113098, -0.6403253674507141, 2.6814048290252686]","[0.5144782066345215, 0.6399656534194946, 0.3692495822906494, 0.5173857808113098, 0.6403253674507141, -2.6814048290252686]",-1,-1,False,"['C', 'F']","['A', 'F']"
5ab99943554299131ca42391::working_set_pack_b,5ab99943554299131ca42391,"['A', 'B', 'C', 'D', 'E', 'F']","[1, 0, 0, 0, 0, 1]","[-0.5457881689071655, -0.6304246783256531, -0.4712088108062744, -0.5465141534805298, -0.6249929070472717, 2.8189282417297363]","[-0.5457881689071655, -0.6304246783256531, -0.4712088108062744, -0.5465141534805298, -0.6249929070472717, 2.8189282417297363]","[-0.5457881689071655, -0.6304246783256531, -0.4712088108062744, -0.5465141534805298, -0.6249929070472717, 2.8189282417297363]",1,1,True,"['A', 'F']","['A', 'F']"
5ab99943554299131ca42391::active_set_pack_b,5ab99943554299131ca42391,"['A', 'B', 'C', 'D', 'E', 'F']","[1, 0, 0, 0, 0, 1]","[-0.48116907477378845, -0.6250225305557251, -0.24640844762325287, -0.46482986211776733, -0.6764796376228333, 2.493910312652588]","[-0.48116907477378845, -0.6250225305557251, -0.24640844762325287, -0.46482986211776733, -0.6764796376228333, 2.493910312652588]","[0.48116907477378845, 0.6250225305557251, 0.24640844762325287, 0.46482986211776733, 0.6764796376228333, -2.493910312652588]",-1,-1,False,"['C', 'F']","['A', 'F']"
5ab70446554299110f219a94::working_set_pack_a,5ab70446554299110f219a94,"['A', 'B', 'C', 'D', 'E', 'F']","[0, 0, 1, 0, 0, 1]","[-0.6843934655189514, -0.37017786502838135, -0.2941961884498596, -0.48684990406036377, -0.37467989325523376, 2.2102975845336914]","[-0.6843934655189514, -0.37017786502838135, -0.2941961884498596, -0.48684990406036377, -0.37467989325523376, 2.2102975845336914]","[-0.6843934655189514, -0.37017786502838135, -0.2941961884498596, -0.48684990406036377, -0.37467989325523376, 2.2102975845336914]",1,1,True,"['C', 'F']","['C', 'F']"
5ab70446554299110f219a94::active_set_pack_a,5ab70446554299110f219a94,"['A', 'B', 'C', 'D', 'E', 'F']","[0, 0, 1, 0, 0, 1]","[-0.6821566224098206, -0.4013397991657257, -0.3663389980792999, -0.5175400376319885, -0.4062459170818329, 2.373621940612793]","[-0.6821566224098206, -0.4013397991657257, -0.3663389980792999, -0.5175400376319885, -0.4062459170818329, 2.373621940612793]","[-0.6821566224098206, -0.4013397991657257, -0.3663389980792999, -0.5175400376319885, -0.4062459170818329, 2.373621940612793]",1,1,True,"['C', 'F']","['C', 'F']"
5ab70446554299110f219a94::working_set_pack_b,5ab70446554299110f219a94,"['A', 'B', 'C', 'D', 'E', 'F']","[0, 0, 1, 0, 0, 1]","[-0.6921554207801819, -0.40048524737358093, -0.34616199135780334, -0.53304523229599, -0.427245169878006, 2.39909291267395]","[-0.6921554207801819, -0.40048524737358093, -0.34616199135780334, -0.53304523229599, -0.427245169878006, 2.39909291267395]","[-0.6921554207801819, -0.40048524737358093, -0.34616199135780334, -0.53304523229599, -0.427245169878006, 2.39909291267395]",1,1,True,"['C', 'F']","['C', 'F']"
5ab70446554299110f219a94::active_set_pack_b,5ab70446554299110f219a94,"['A', 'B', 'C', 'D', 'E', 'F']","[0, 0, 1, 0, 0, 1]","[-0.6936693787574768, -0.3587780296802521, -0.31905514001846313, -0.5208656787872314, -0.38115376234054565, 2.273521661758423]","[-0.6936693787574768, -0.3587780296802521, -0.31905514001846313, -0.5208656787872314, -0.38115376234054565, 2.273521661758423]","[-0.6936693787574768, -0.3587780296802521, -0.31905514001846313, -0.5208656787872314, -0.38115376234054565, 2.273521661758423]",1,1,True,"['C', 'F']","['C', 'F']"
5ae6038155429929b0807a55::working_set_pack_a,5ae6038155429929b0807a55,"['A', 'B', 'C', 'D', 'E', 'F']","[0, 0, 1, 1, 0, 0]","[-0.37703946232795715, -0.1621021032333374, 1.450265884399414, -0.3382563292980194, -0.3759251832962036, -0.19694280624389648]","[-0.37703946232795715, -0.1621021032333374, 1.450265884399414, -0.3382563292980194, -0.3759251832962036, -0.19694280624389648]","[-0.37703946232795715, -0.1621021032333374, 1.450265884399414, -0.3382563292980194, -0.3759251832962036, -0.19694280624389648]",1,1,False,"['C', 'F']","['C', 'D']"
5ae6038155429929b0807a55::active_set_pack_a,5ae6038155429929b0807a55,"['A', 'B', 'C', 'D', 'E', 'F']","[0, 0, 1, 1, 0, 0]","[-0.35506170988082886, -0.1482013314962387, 1.3185940980911255, -0.30576467514038086, -0.3438388705253601, -0.16572755575180054]","[-0.35506170988082886, -0.1482013314962387, 1.3185940980911255, -0.30576467514038086, -0.3438388705253601, -0.16572755575180054]","[-0.35506170988082886, -0.1482013314962387, 1.3185940980911255, -0.30576467514038086, -0.3438388705253601, -0.16572755575180054]",1,1,False,"['C', 'F']","['C', 'D']"
5ae6038155429929b0807a55::working_set_pack_b,5ae6038155429929b0807a55,"['A', 'B', 'C', 'D', 'E', 'F']","[0, 0, 1, 1, 0, 0]","[-0.34770846366882324, -0.1704634130001068, 1.2311149835586548, -0.20025016367435455, -0.3005918264389038, -0.2121008336544037]","[-0.34770846366882324, -0.1704634130001068, 1.2311149835586548, -0.20025016367435455, -0.3005918264389038, -0.2121008336544037]","[-0.34770846366882324, -0.1704634130001068, 1.2311149835586548, -0.20025016367435455, -0.3005918264389038, -0.2121008336544037]",1,1,False,"['A', 'C']","['C', 'D']"
5ae6038155429929b0807a55::active_set_pack_b,5ae6038155429929b0807a55,"['A', 'B', 'C', 'D', 'E', 'F']","[0, 0, 1, 1, 0, 0]","[-0.38871896266937256, -0.21356049180030823, 1.4490554332733154, -0.22168496251106262, -0.352008581161499, -0.2730824947357178]","[-0.38871896266937256, -0.21356049180030823, 1.4490554332733154, -0.22168496251106262, -0.352008581161499, -0.2730824947357178]","[-0.38871896266937256, -0.21356049180030823, 1.4490554332733154, -0.22168496251106262, -0.352008581161499, -0.2730824947357178]",1,1,False,"['A', 'C']","['C', 'D']"
5a71458e5542994082a3e738::working_set_pack_a,5a71458e5542994082a3e738,"['A', 'B', 'C', 'D', 'E', 'F']","[0, 0, 0, 1, 0, 1]","[-0.9033502340316772, -0.8845149874687195, -0.8506834506988525, -0.8274567723274231, -0.8723109364509583, 4.338316440582275]","[-0.9033502340316772, -0.8845149874687195, -0.8506834506988525, -0.8274567723274231, -0.8723109364509583, 4.338316440582275]","[-0.9033502340316772, -0.8845149874687195, -0.8506834506988525, -0.8274567723274231, -0.8723109364509583, 4.338316440582275]",1,1,True,"['D', 'F']","['D', 'F']"
5a71458e5542994082a3e738::active_set_pack_a,5a71458e5542994082a3e738,"['A', 'B', 'C', 'D', 'E', 'F']","[0, 0, 0, 1, 0, 1]","[-0.9151883721351624, -0.8960580825805664, -0.8704707026481628, -0.8384091258049011, -0.8923405408859253, 4.412466049194336]","[-0.9151883721351624, -0.8960580825805664, -0.8704707026481628, -0.8384091258049011, -0.8923405408859253, 4.412466049194336]","[-0.9151883721351624, -0.8960580825805664, -0.8704707026481628, -0.8384091258049011, -0.8923405408859253, 4.412466049194336]",1,1,True,"['D', 'F']","['D', 'F']"
5a71458e5542994082a3e738::working_set_pack_b,5a71458e5542994082a3e738,"['A', 'B', 'C', 'D', 'E', 'F']","[0, 0, 0, 1, 0, 1]","[-1.0726194381713867, -0.9819918870925903, -0.9778432846069336, -0.9102048873901367, -0.9991925358772278, 4.941851615905762]","[-1.0726194381713867, -0.9819918870925903, -0.9778432846069336, -0.9102048873901367, -0.9991925358772278, 4.941851615905762]","[-1.0726194381713867, -0.9819918870925903, -0.9778432846069336, -0.9102048873901367, -0.9991925358772278, 4.941851615905762]",1,1,True,"['D', 'F']","['D', 'F']"
5a71458e5542994082a3e738::active_set_pack_b,5a71458e5542994082a3e738,"['A', 'B', 'C', 'D', 'E', 'F']","[0, 0, 0, 1, 0, 1]","[-0.8893609642982483, -0.8571022152900696, -0.8291618824005127, -0.7527087926864624, -0.8825415968894958, 4.210875988006592]","[-0.8893609642982483, -0.8571022152900696, -0.8291618824005127, -0.7527087926864624, -0.8825415968894958, 4.210875988006592]","[-0.8893609642982483, -0.8571022152900696, -0.8291618824005127, -0.7527087926864624, -0.8825415968894958, 4.210875988006592]",1,1,True,"['D', 'F']","['D', 'F']"
5ae500fd55429908b63264d8::working_set_pack_a,5ae500fd55429908b63264d8,"['A', 'B', 'C', 'D', 'E', 'F']","[1, 0, 0, 1, 0, 0]","[0.30599889159202576, -1.7741925716400146, 0.06423082947731018, 1.251226782798767, 0.08848952502012253, 0.06424617767333984]","[0.30599889159202576, -1.7741925716400146, 0.06423082947731018, 1.251226782798767, 0.08848952502012253, 0.06424617767333984]","[0.30599889159202576, -1.7741925716400146, 0.06423082947731018, 1.251226782798767, 0.08848952502012253, 0.06424617767333984]",1,1,True,"['A', 'D']","['A', 'D']"
5ae500fd55429908b63264d8::active_set_pack_a,5ae500fd55429908b63264d8,"['A', 'B', 'C', 'D', 'E', 'F']","[1, 0, 0, 1, 0, 0]","[0.43563714623451233, -2.082709312438965, 0.23852978646755219, 0.9953862428665161, 0.19244004786014557, 0.22071592509746552]","[0.43563714623451233, -2.082709312438965, 0.23852978646755219, 0.9953862428665161, 0.19244004786014557, 0.22071592509746552]","[-0.43563714623451233, 2.082709312438965, -0.23852978646755219, -0.9953862428665161, -0.19244004786014557, -0.22071592509746552]",-1,-1,True,"['A', 'D']","['A', 'D']"
5ae500fd55429908b63264d8::working_set_pack_b,5ae500fd55429908b63264d8,"['A', 'B', 'C', 'D', 'E', 'F']","[1, 0, 0, 1, 0, 0]","[0.3868141174316406, -2.157532215118408, 0.3035561144351959, 0.9912697076797485, 0.23214101791381836, 0.24375255405902863]","[0.3868141174316406, -2.157532215118408, 0.3035561144351959, 0.9912697076797485, 0.23214101791381836, 0.24375255405902863]","[-0.3868141174316406, 2.157532215118408, -0.3035561144351959, -0.9912697076797485, -0.23214101791381836, -0.24375255405902863]",-1,-1,True,"['A', 'D']","['A', 'D']"
5ae500fd55429908b63264d8::active_set_pack_b,5ae500fd55429908b63264d8,"['A', 'B', 'C', 'D', 'E', 'F']","[1, 0, 0, 1, 0, 0]","[0.24515219032764435, -2.0893890857696533, 0.12631571292877197, 1.5886191129684448, 0.06179635971784592, 0.0675053820014]","[0.24515219032764435, -2.0893890857696533, 0.12631571292877197, 1.5886191129684448, 0.06179635971784592, 0.0675053820014]","[-0.24515219032764435, 2.0893890857696533, -0.12631571292877197, -1.5886191129684448, -0.06179635971784592, -0.0675053820014]",-1,-1,True,"['A', 'D']","['A', 'D']"
5a8514545542992a431d1ad2::working_set_pack_a,5a8514545542992a431d1ad2,"['A', 'B', 'C', 'D', 'E', 'F']","[0, 0, 0, 1, 1, 0]","[-0.23544275760650635, -0.22608983516693115, -0.3802289068698883, 0.7029234170913696, 0.8251944780349731, -0.6863563656806946]","[-0.23544275760650635, -0.22608983516693115, -0.3802289068698883, 0.7029234170913696, 0.8251944780349731, -0.6863563656806946]","[-0.23544275760650635, -0.22608983516693115, -0.3802289068698883, 0.7029234170913696, 0.8251944780349731, -0.6863563656806946]",1,1,False,"['A', 'E']","['D', 'E']"
5a8514545542992a431d1ad2::active_set_pack_a,5a8514545542992a431d1ad2,"['A', 'B', 'C', 'D', 'E', 'F']","[0, 0, 0, 1, 1, 0]","[-0.19097062945365906, -0.18649554252624512, -0.3814012408256531, 0.9030122756958008, 0.5995643734931946, -0.7437094449996948]","[-0.19097062945365906, -0.18649554252624512, -0.3814012408256531, 0.9030122756958008, 0.5995643734931946, -0.7437094449996948]","[-0.19097062945365906, -0.18649554252624512, -0.3814012408256531, 0.9030122756958008, 0.5995643734931946, -0.7437094449996948]",1,1,False,"['A', 'E']","['D', 'E']"
5a8514545542992a431d1ad2::working_set_pack_b,5a8514545542992a431d1ad2,"['A', 'B', 'C', 'D', 'E', 'F']","[0, 0, 0, 1, 1, 0]","[-0.25759559869766235, -0.2339591532945633, -0.33078402280807495, 1.28011953830719, 0.10673733055591583, -0.5645180344581604]","[-0.25759559869766235, -0.2339591532945633, -0.33078402280807495, 1.28011953830719, 0.10673733055591583, -0.5645180344581604]","[-0.25759559869766235, -0.2339591532945633, -0.33078402280807495, 1.28011953830719, 0.10673733055591583, -0.5645180344581604]",1,1,False,"['A', 'D']","['D', 'E']"
5a8514545542992a431d1ad2::active_set_pack_b,5a8514545542992a431d1ad2,"['A', 'B', 'C', 'D', 'E', 'F']","[0, 0, 0, 1, 1, 0]","[-0.1301315277814865, -0.09151425212621689, -0.364863783121109, 1.0962138175964355, 0.1390075534582138, -0.6487119197845459]","[-0.1301315277814865, -0.09151425212621689, -0.364863783121109, 1.0962138175964355, 0.1390075534582138, -0.6487119197845459]","[-0.1301315277814865, -0.09151425212621689, -0.364863783121109, 1.0962138175964355, 0.1390075534582138, -0.6487119197845459]",1,1,False,"['A', 'E']","['D', 'E']"
5ae3345f55429928c4239682::working_set_pack_a,5ae3345f55429928c4239682,"['A', 'B', 'C', 'D', 'E', 'F']","[1, 1, 0, 0, 0, 0]","[1.6668180227279663, -0.25755390524864197, -0.35353097319602966, -0.3506319224834442, -0.35504502058029175, -0.350055992603302]","[1.6668180227279663, -0.25755390524864197, -0.35353097319602966, -0.3506319224834442, -0.35504502058029175, -0.350055992603302]","[1.6668180227279663, -0.25755390524864197, -0.35353097319602966, -0.3506319224834442, -0.35504502058029175, -0.350055992603302]",1,1,True,"['A', 'B']","['A', 'B']"
5ae3345f55429928c4239682::active_set_pack_a,5ae3345f55429928c4239682,"['A', 'B', 'C', 'D', 'E', 'F']","[1, 1, 0, 0, 0, 0]","[1.401322603225708, -0.19734080135822296, -0.3114131689071655, -0.3031819760799408, -0.29708656668663025, -0.29230040311813354]","[1.401322603225708, -0.19734080135822296, -0.3114131689071655, -0.3031819760799408, -0.29708656668663025, -0.29230040311813354]","[1.401322603225708, -0.19734080135822296, -0.3114131689071655, -0.3031819760799408, -0.29708656668663025, -0.29230040311813354]",1,1,True,"['A', 'B']","['A', 'B']"
5ae3345f55429928c4239682::working_set_pack_b,5ae3345f55429928c4239682,"['A', 'B', 'C', 'D', 'E', 'F']","[1, 1, 0, 0, 0, 0]","[1.2757327556610107, -0.19670648872852325, -0.2629550099372864, -0.2903612554073334, -0.2636939287185669, -0.26201584935188293]","[1.2757327556610107, -0.19670648872852325, -0.2629550099372864, -0.2903612554073334, -0.2636939287185669, -0.26201584935188293]","[1.2757327556610107, -0.19670648872852325, -0.2629550099372864, -0.2903612554073334, -0.2636939287185669, -0.26201584935188293]",1,1,True,"['A', 'B']","['A', 'B']"
5ae3345f55429928c4239682::active_set_pack_b,5ae3345f55429928c4239682,"['A', 'B', 'C', 'D', 'E', 'F']","[1, 1, 0, 0, 0, 0]","[1.2073955535888672, -0.05033483728766441, -0.28576725721359253, -0.498604416847229, -0.19016502797603607, -0.18252378702163696]","[1.2073955535888672, -0.05033483728766441, -0.28576725721359253, -0.498604416847229, -0.19016502797603607, -0.18252378702163696]","[1.2073955535888672, -0.05033483728766441, -0.28576725721359253, -0.498604416847229, -0.19016502797603607, -0.18252378702163696]",1,1,True,"['A', 'B']","['A', 'B']"
5ac1b48f55429963665198f3::working_set_pack_a,5ac1b48f55429963665198f3,"['A', 'B', 'C', 'D', 'E', 'F']","[0, 0, 1, 1, 0, 0]","[-0.7390206456184387, -0.4361687898635864, -0.40075597167015076, 2.4153690338134766, -0.39910945296287537, -0.44031327962875366]","[-0.7390206456184387, -0.4361687898635864, -0.40075597167015076, 2.4153690338134766, -0.39910945296287537, -0.44031327962875366]","[-0.7390206456184387, -0.4361687898635864, -0.40075597167015076, 2.4153690338134766, -0.39910945296287537, -0.44031327962875366]",1,1,False,"['D', 'E']","['C', 'D']"
5ac1b48f55429963665198f3::active_set_pack_a,5ac1b48f55429963665198f3,"['A', 'B', 'C', 'D', 'E', 'F']","[0, 0, 1, 1, 0, 0]","[-0.7060240507125854, -0.42671534419059753, -0.40648993849754333, 2.3340373039245605, -0.36010631918907166, -0.43470126390457153]","[-0.7060240507125854, -0.42671534419059753, -0.40648993849754333, 2.3340373039245605, -0.36010631918907166, -0.43470126390457153]","[-0.7060240507125854, -0.42671534419059753, -0.40648993849754333, 2.3340373039245605, -0.36010631918907166, -0.43470126390457153]",1,1,False,"['D', 'E']","['C', 'D']"
5ac1b48f55429963665198f3::working_set_pack_b,5ac1b48f55429963665198f3,"['A', 'B', 'C', 'D', 'E', 'F']","[0, 0, 1, 1, 0, 0]","[-0.7368266582489014, -0.4234061539173126, -0.4069783389568329, 2.4223108291625977, -0.4143744707107544, -0.44072580337524414]","[-0.7368266582489014, -0.4234061539173126, -0.4069783389568329, 2.4223108291625977, -0.4143744707107544, -0.44072580337524414]","[0.7368266582489014, 0.4234061539173126, 0.4069783389568329, -2.4223108291625977, 0.4143744707107544, 0.44072580337524414]",-1,-1,False,"['D', 'E']","['C', 'D']"
5ac1b48f55429963665198f3::active_set_pack_b,5ac1b48f55429963665198f3,"['A', 'B', 'C', 'D', 'E', 'F']","[0, 0, 1, 1, 0, 0]","[-0.9815034866333008, -0.26953452825546265, -0.2899000644683838, 2.2038662433624268, -0.2867288887500763, -0.3761996328830719]","[-0.9815034866333008, -0.26953452825546265, -0.2899000644683838, 2.2038662433624268, -0.2867288887500763, -0.3761996328830719]","[0.9815034866333008, 0.26953452825546265, 0.2899000644683838, -2.2038662433624268, 0.2867288887500763, 0.3761996328830719]",-1,-1,False,"['D', 'E']","['C', 'D']"
5ab9d58855429939ce03dc3a::working_set_pack_a,5ab9d58855429939ce03dc3a,"['A', 'B', 'C', 'D', 'E', 'F']","[1, 0, 1, 0, 0, 0]","[1.6399686336517334, -0.22091081738471985, -0.22775490581989288, -0.35549479722976685, -0.2516053318977356, -0.5842034220695496]","[1.6399686336517334, -0.22091081738471985, -0.22775490581989288, -0.35549479722976685, -0.2516053318977356, -0.5842034220695496]","[-1.6399686336517334, 0.22091081738471985, 0.22775490581989288, 0.35549479722976685, 0.2516053318977356, 0.5842034220695496]",-1,-1,False,"['A', 'D']","['A', 'C']"
5ab9d58855429939ce03dc3a::active_set_pack_a,5ab9d58855429939ce03dc3a,"['A', 'B', 'C', 'D', 'E', 'F']","[1, 0, 1, 0, 0, 0]","[1.6245588064193726, -0.20435208082199097, -0.21026943624019623, -0.32746201753616333, -0.23043926060199738, -0.6520362496376038]","[1.6245588064193726, -0.20435208082199097, -0.21026943624019623, -0.32746201753616333, -0.23043926060199738, -0.6520362496376038]","[-1.6245588064193726, 0.20435208082199097, 0.21026943624019623, 0.32746201753616333, 0.23043926060199738, 0.6520362496376038]",-1,-1,False,"['A', 'D']","['A', 'C']"
5ab9d58855429939ce03dc3a::working_set_pack_b,5ab9d58855429939ce03dc3a,"['A', 'B', 'C', 'D', 'E', 'F']","[1, 0, 1, 0, 0, 0]","[1.6811007261276245, -0.28227829933166504, -0.28448405861854553, -0.39153924584388733, -0.30451205372810364, -0.4182870090007782]","[1.6811007261276245, -0.28227829933166504, -0.28448405861854553, -0.39153924584388733, -0.30451205372810364, -0.4182870090007782]","[1.6811007261276245, -0.28227829933166504, -0.28448405861854553, -0.39153924584388733, -0.30451205372810364, -0.4182870090007782]",1,1,True,"['A', 'C']","['A', 'C']"
5ab9d58855429939ce03dc3a::active_set_pack_b,5ab9d58855429939ce03dc3a,"['A', 'B', 'C', 'D', 'E', 'F']","[1, 0, 1, 0, 0, 0]","[1.4569740295410156, -0.2450350522994995, -0.2300299108028412, -0.36669474840164185, -0.2479853332042694, -0.36722877621650696]","[1.4569740295410156, -0.2450350522994995, -0.2300299108028412, -0.36669474840164185, -0.2479853332042694, -0.36722877621650696]","[1.4569740295410156, -0.2450350522994995, -0.2300299108028412, -0.36669474840164185, -0.2479853332042694, -0.36722877621650696]",1,1,True,"['A', 'C']","['A', 'C']"
5ab9121555429919ba4e238a::working_set_pack_a,5ab9121555429919ba4e238a,"['A', 'B', 'C', 'D', 'E', 'F']","[0, 1, 0, 0, 1, 0]","[-0.22524027526378632, -0.1112862378358841, -0.2264183908700943, -1.0513192415237427, 1.7324633598327637, -0.118199922144413]","[-0.22524027526378632, -0.1112862378358841, -0.2264183908700943, -1.0513192415237427, 1.7324633598327637, -0.118199922144413]","[0.22524027526378632, 0.1112862378358841, 0.2264183908700943, 1.0513192415237427, -1.7324633598327637, 0.118199922144413]",-1,-1,False,"['A', 'E']","['B', 'E']"
5ab9121555429919ba4e238a::active_set_pack_a,5ab9121555429919ba4e238a,"['A', 'B', 'C', 'D', 'E', 'F']","[0, 1, 0, 0, 1, 0]","[-0.15390020608901978, -0.03629195690155029, -0.1568112075328827, -1.2793854475021362, 1.6652240753173828, -0.0388353131711483]","[-0.15390020608901978, -0.03629195690155029, -0.1568112075328827, -1.2793854475021362, 1.6652240753173828, -0.0388353131711483]","[0.15390020608901978, 0.03629195690155029, 0.1568112075328827, 1.2793854475021362, -1.6652240753173828, 0.0388353131711483]",-1,-1,False,"['A', 'E']","['B', 'E']"
5ab9121555429919ba4e238a::working_set_pack_b,5ab9121555429919ba4e238a,"['A', 'B', 'C', 'D', 'E', 'F']","[0, 1, 0, 0, 1, 0]","[-0.35194215178489685, -0.346231073141098, -0.3495851159095764, -0.6606568098068237, 2.0475857257843018, -0.3391701579093933]","[-0.35194215178489685, -0.346231073141098, -0.3495851159095764, -0.6606568098068237, 2.0475857257843018, -0.3391701579093933]","[0.35194215178489685, 0.346231073141098, 0.3495851159095764, 0.6606568098068237, -2.0475857257843018, 0.3391701579093933]",-1,-1,False,"['A', 'E']","['B', 'E']"
5ab9121555429919ba4e238a::active_set_pack_b,5ab9121555429919ba4e238a,"['A', 'B', 'C', 'D', 'E', 'F']","[0, 1, 0, 0, 1, 0]","[-0.2901096045970917, -0.23471935093402863, -0.28543782234191895, -0.848346471786499, 1.914001226425171, -0.2553875148296356]","[-0.2901096045970917, -0.23471935093402863, -0.28543782234191895, -0.848346471786499, 1.914001226425171, -0.2553875148296356]","[0.2901096045970917, 0.23471935093402863, 0.28543782234191895, 0.848346471786499, -1.914001226425171, 0.2553875148296356]",-1,-1,False,"['A', 'E']","['B', 'E']"
5abf037a5542993fe9a41dbe::working_set_pack_a,5abf037a5542993fe9a41dbe,"['A', 'B', 'C', 'D', 'E', 'F']","[0, 0, 0, 1, 1, 0]","[-0.5917720794677734, -0.8459382057189941, -0.515832245349884, 2.8593087196350098, -0.43228405714035034, -0.47348231077194214]","[-0.5917720794677734, -0.8459382057189941, -0.515832245349884, 2.8593087196350098, -0.43228405714035034, -0.47348231077194214]","[-0.5917720794677734, -0.8459382057189941, -0.515832245349884, 2.8593087196350098, -0.43228405714035034, -0.47348231077194214]",1,1,False,"['C', 'D']","['D', 'E']"
5abf037a5542993fe9a41dbe::active_set_pack_a,5abf037a5542993fe9a41dbe,"['A', 'B', 'C', 'D', 'E', 'F']","[0, 0, 0, 1, 1, 0]","[-0.5780917406082153, -0.8098257184028625, -0.5035902857780457, 2.764248847961426, -0.4022672772407532, -0.4704744815826416]","[-0.5780917406082153, -0.8098257184028625, -0.5035902857780457, 2.764248847961426, -0.4022672772407532, -0.4704744815826416]","[-0.5780917406082153, -0.8098257184028625, -0.5035902857780457, 2.764248847961426, -0.4022672772407532, -0.4704744815826416]",1,1,False,"['D', 'F']","['D', 'E']"
5abf037a5542993fe9a41dbe::working_set_pack_b,5abf037a5542993fe9a41dbe,"['A', 'B', 'C', 'D', 'E', 'F']","[0, 0, 0, 1, 1, 0]","[-0.6368643045425415, -0.8365969061851501, -0.5183247327804565, 3.0616393089294434, -0.5481835603713989, -0.521670401096344]","[-0.6368643045425415, -0.8365969061851501, -0.5183247327804565, 3.0616393089294434, -0.5481835603713989, -0.521670401096344]","[-0.6368643045425415, -0.8365969061851501, -0.5183247327804565, 3.0616393089294434, -0.5481835603713989, -0.521670401096344]",1,1,False,"['D', 'F']","['D', 'E']"
5abf037a5542993fe9a41dbe::active_set_pack_b,5abf037a5542993fe9a41dbe,"['A', 'B', 'C', 'D', 'E', 'F']","[0, 0, 0, 1, 1, 0]","[-0.6837629079818726, -0.817833423614502, -0.649294912815094, 3.153473377227783, -0.5835239887237549, -0.4190579056739807]","[-0.6837629079818726, -0.817833423614502, -0.649294912815094, 3.153473377227783, -0.5835239887237549, -0.4190579056739807]","[-0.6837629079818726, -0.817833423614502, -0.649294912815094, 3.153473377227783, -0.5835239887237549, -0.4190579056739807]",1,1,False,"['D', 'F']","['D', 'E']"
5a74f2ff5542993748c89748::working_set_pack_a,5a74f2ff5542993748c89748,"['A', 'B', 'C', 'D', 'E', 'F']","[1, 0, 0, 0, 1, 0]","[1.5367257595062256, -1.1188169717788696, -0.08455304056406021, -0.15699364244937897, -0.012763884849846363, -0.1635982096195221]","[1.5367257595062256, -1.1188169717788696, -0.08455304056406021, -0.15699364244937897, -0.012763884849846363, -0.1635982096195221]","[1.5367257595062256, -1.1188169717788696, -0.08455304056406021, -0.15699364244937897, -0.012763884849846363, -0.1635982096195221]",1,1,True,"['A', 'E']","['A', 'E']"
5a74f2ff5542993748c89748::active_set_pack_a,5a74f2ff5542993748c89748,"['A', 'B', 'C', 'D', 'E', 'F']","[1, 0, 0, 0, 1, 0]","[1.208260178565979, -1.1511235237121582, -0.002784560900181532, -0.058551523834466934, 0.098619744181633, -0.09442039579153061]","[1.208260178565979, -1.1511235237121582, -0.002784560900181532, -0.058551523834466934, 0.098619744181633, -0.09442039579153061]","[1.208260178565979, -1.1511235237121582, -0.002784560900181532, -0.058551523834466934, 0.098619744181633, -0.09442039579153061]",1,1,True,"['A', 'E']","['A', 'E']"
5a74f2ff5542993748c89748::working_set_pack_b,5a74f2ff5542993748c89748,"['A', 'B', 'C', 'D', 'E', 'F']","[1, 0, 0, 0, 1, 0]","[0.6250002384185791, -1.4769238233566284, 0.23707902431488037, 0.16638602316379547, 0.2897609770298004, 0.1586979329586029]","[0.6250002384185791, -1.4769238233566284, 0.23707902431488037, 0.16638602316379547, 0.2897609770298004, 0.1586979329586029]","[0.6250002384185791, -1.4769238233566284, 0.23707902431488037, 0.16638602316379547, 0.2897609770298004, 0.1586979329586029]",1,1,True,"['A', 'E']","['A', 'E']"
5a74f2ff5542993748c89748::active_set_pack_b,5a74f2ff5542993748c89748,"['A', 'B', 'C', 'D', 'E', 'F']","[1, 0, 0, 0, 1, 0]","[0.5998548269271851, -1.838703989982605, 0.2902393043041229, 0.2617548108100891, 0.41074487566947937, 0.2761099934577942]","[0.5998548269271851, -1.838703989982605, 0.2902393043041229, 0.2617548108100891, 0.41074487566947937, 0.2761099934577942]","[0.5998548269271851, -1.838703989982605, 0.2902393043041229, 0.2617548108100891, 0.41074487566947937, 0.2761099934577942]",1,1,True,"['A', 'E']","['A', 'E']"
5ac52b495542994611c8b3de::working_set_pack_a,5ac52b495542994611c8b3de,"['A', 'B', 'C', 'D', 'E', 'F']","[1, 0, 1, 0, 0, 0]","[0.22800539433956146, -0.5543189644813538, 1.4203670024871826, -0.42932069301605225, -0.325786828994751, -0.33894678950309753]","[0.22800539433956146, -0.5543189644813538, 1.4203670024871826, -0.42932069301605225, -0.325786828994751, -0.33894678950309753]","[0.22800539433956146, -0.5543189644813538, 1.4203670024871826, -0.42932069301605225, -0.325786828994751, -0.33894678950309753]",1,1,True,"['A', 'C']","['A', 'C']"
5ac52b495542994611c8b3de::active_set_pack_a,5ac52b495542994611c8b3de,"['A', 'B', 'C', 'D', 'E', 'F']","[1, 0, 1, 0, 0, 0]","[0.13812977075576782, -0.5795475244522095, 1.4879143238067627, -0.4227747917175293, -0.29822850227355957, -0.32549339532852173]","[0.13812977075576782, -0.5795475244522095, 1.4879143238067627, -0.4227747917175293, -0.29822850227355957, -0.32549339532852173]","[0.13812977075576782, -0.5795475244522095, 1.4879143238067627, -0.4227747917175293, -0.29822850227355957, -0.32549339532852173]",1,1,True,"['A', 'C']","['A', 'C']"
5ac52b495542994611c8b3de::working_set_pack_b,5ac52b495542994611c8b3de,"['A', 'B', 'C', 'D', 'E', 'F']","[1, 0, 1, 0, 0, 0]","[0.008687112480401993, -0.53022301197052, 1.5058947801589966, -0.4070638120174408, -0.2718212902545929, -0.3054739832878113]","[0.008687112480401993, -0.53022301197052, 1.5058947801589966, -0.4070638120174408, -0.2718212902545929, -0.3054739832878113]","[0.008687112480401993, -0.53022301197052, 1.5058947801589966, -0.4070638120174408, -0.2718212902545929, -0.3054739832878113]",1,1,True,"['A', 'C']","['A', 'C']"
5ac52b495542994611c8b3de::active_set_pack_b,5ac52b495542994611c8b3de,"['A', 'B', 'C', 'D', 'E', 'F']","[1, 0, 1, 0, 0, 0]","[-0.24244996905326843, -0.744012713432312, 2.254080057144165, -0.48423054814338684, -0.37331435084342957, -0.4100721478462219]","[-0.24244996905326843, -0.744012713432312, 2.254080057144165, -0.48423054814338684, -0.37331435084342957, -0.4100721478462219]","[-0.24244996905326843, -0.744012713432312, 2.254080057144165, -0.48423054814338684, -0.37331435084342957, -0.4100721478462219]",1,1,True,"['A', 'C']","['A', 'C']"
5a72b1c25542992359bc3172::working_set_pack_a,5a72b1c25542992359bc3172,"['A', 'B', 'C', 'D', 'E', 'F']","[1, 0, 0, 1, 0, 0]","[-0.11086948961019516, -1.40362548828125, -0.19367265701293945, 2.064861297607422, -0.20199401676654816, -0.15470066666603088]","[-0.11086948961019516, -1.40362548828125, -0.19367265701293945, 2.064861297607422, -0.20199401676654816, -0.15470066666603088]","[-0.11086948961019516, -1.40362548828125, -0.19367265701293945, 2.064861297607422, -0.20199401676654816, -0.15470066666603088]",1,1,True,"['A', 'D']","['A', 'D']"
5a72b1c25542992359bc3172::active_set_pack_a,5a72b1c25542992359bc3172,"['A', 'B', 'C', 'D', 'E', 'F']","[1, 0, 0, 1, 0, 0]","[-0.15847177803516388, -1.2786309719085693, -0.24026869237422943, 2.1376302242279053, -0.2495003342628479, -0.2107575386762619]","[-0.15847177803516388, -1.2786309719085693, -0.24026869237422943, 2.1376302242279053, -0.2495003342628479, -0.2107575386762619]","[-0.15847177803516388, -1.2786309719085693, -0.24026869237422943, 2.1376302242279053, -0.2495003342628479, -0.2107575386762619]",1,1,True,"['A', 'D']","['A', 'D']"
5a72b1c25542992359bc3172::working_set_pack_b,5a72b1c25542992359bc3172,"['A', 'B', 'C', 'D', 'E', 'F']","[1, 0, 0, 1, 0, 0]","[-0.1735140085220337, -1.0571067333221436, -0.19732609391212463, 1.8222622871398926, -0.2213212549686432, -0.17299523949623108]","[-0.1735140085220337, -1.0571067333221436, -0.19732609391212463, 1.8222622871398926, -0.2213212549686432, -0.17299523949623108]","[-0.1735140085220337, -1.0571067333221436, -0.19732609391212463, 1.8222622871398926, -0.2213212549686432, -0.17299523949623108]",1,1,True,"['A', 'D']","['A', 'D']"
5a72b1c25542992359bc3172::active_set_pack_b,5a72b1c25542992359bc3172,"['A', 'B', 'C', 'D', 'E', 'F']","[1, 0, 0, 1, 0, 0]","[0.19861026108264923, -1.9040579795837402, 0.12762781977653503, 1.3006200790405273, 0.08536769449710846, 0.19183216989040375]","[0.19861026108264923, -1.9040579795837402, 0.12762781977653503, 1.3006200790405273, 0.08536769449710846, 0.19183216989040375]","[0.19861026108264923, -1.9040579795837402, 0.12762781977653503, 1.3006200790405273, 0.08536769449710846, 0.19183216989040375]",1,1,True,"['A', 'D']","['A', 'D']"
5ab39701554299233954ff5e::working_set_pack_a,5ab39701554299233954ff5e,"['A', 'B', 'C', 'D', 'E', 'F']","[0, 0, 1, 1, 0, 0]","[-0.8647488951683044, -0.3525749444961548, -0.0667540431022644, 1.9717738628387451, -0.22734393179416656, -0.46035221219062805]","[-0.8647488951683044, -0.3525749444961548, -0.0667540431022644, 1.9717738628387451, -0.22734393179416656, -0.46035221219062805]","[-0.8647488951683044, -0.3525749444961548, -0.0667540431022644, 1.9717738628387451, -0.22734393179416656, -0.46035221219062805]",1,1,True,"['C', 'D']","['C', 'D']"
5ab39701554299233954ff5e::active_set_pack_a,5ab39701554299233954ff5e,"['A', 'B', 'C', 'D', 'E', 'F']","[0, 0, 1, 1, 0, 0]","[-0.8352281451225281, -0.34809014201164246, -0.04956147074699402, 1.9276593923568726, -0.24108333885669708, -0.4536963701248169]","[-0.8352281451225281, -0.34809014201164246, -0.04956147074699402, 1.9276593923568726, -0.24108333885669708, -0.4536963701248169]","[-0.8352281451225281, -0.34809014201164246, -0.04956147074699402, 1.9276593923568726, -0.24108333885669708, -0.4536963701248169]",1,1,True,"['C', 'D']","['C', 'D']"
5ab39701554299233954ff5e::working_set_pack_b,5ab39701554299233954ff5e,"['A', 'B', 'C', 'D', 'E', 'F']","[0, 0, 1, 1, 0, 0]","[-0.6536616086959839, -0.45223405957221985, -0.12621408700942993, 2.1657345294952393, -0.34714430570602417, -0.5864806771278381]","[-0.6536616086959839, -0.45223405957221985, -0.12621408700942993, 2.1657345294952393, -0.34714430570602417, -0.5864806771278381]","[-0.6536616086959839, -0.45223405957221985, -0.12621408700942993, 2.1657345294952393, -0.34714430570602417, -0.5864806771278381]",1,1,True,"['C', 'D']","['C', 'D']"
5ab39701554299233954ff5e::active_set_pack_b,5ab39701554299233954ff5e,"['A', 'B', 'C', 'D', 'E', 'F']","[0, 0, 1, 1, 0, 0]","[-0.8981529474258423, -0.2937503755092621, 0.1234494000673294, 1.719395399093628, -0.14634788036346436, -0.5045930743217468]","[-0.8981529474258423, -0.2937503755092621, 0.1234494000673294, 1.719395399093628, -0.14634788036346436, -0.5045930743217468]","[-0.8981529474258423, -0.2937503755092621, 0.1234494000673294, 1.719395399093628, -0.14634788036346436, -0.5045930743217468]",1,1,True,"['C', 'D']","['C', 'D']"
5adf8d5b5542995534e8c7e1::working_set_pack_a,5adf8d5b5542995534e8c7e1,"['A', 'B', 'C', 'D', 'E', 'F']","[0, 0, 0, 1, 1, 0]","[0.5377854704856873, -2.7567365169525146, 0.54248046875, 0.668684184551239, 0.514031171798706, 0.49375516176223755]","[-0.5377854704856873, 2.7567365169525146, -0.54248046875, -0.668684184551239, -0.514031171798706, -0.49375516176223755]","[0.5377854704856873, -2.7567365169525146, 0.54248046875, 0.668684184551239, 0.514031171798706, 0.49375516176223755]",1,-1,False,"['A', 'B']","['D', 'E']"
5adf8d5b5542995534e8c7e1::active_set_pack_a,5adf8d5b5542995534e8c7e1,"['A', 'B', 'C', 'D', 'E', 'F']","[0, 0, 0, 1, 1, 0]","[0.45400553941726685, -2.4142940044403076, 0.4902847707271576, 0.5820938944816589, 0.4520961046218872, 0.4358133375644684]","[-0.45400553941726685, 2.4142940044403076, -0.4902847707271576, -0.5820938944816589, -0.4520961046218872, -0.4358133375644684]","[-0.45400553941726685, 2.4142940044403076, -0.4902847707271576, -0.5820938944816589, -0.4520961046218872, -0.4358133375644684]",-1,1,False,"['A', 'B']","['D', 'E']"
5adf8d5b5542995534e8c7e1::working_set_pack_b,5adf8d5b5542995534e8c7e1,"['A', 'B', 'C', 'D', 'E', 'F']","[0, 0, 0, 1, 1, 0]","[0.3320506811141968, -2.133180856704712, 0.45631465315818787, 0.5897584557533264, 0.40888211131095886, 0.3461747169494629]","[-0.3320506811141968, 2.133180856704712, -0.45631465315818787, -0.5897584557533264, -0.40888211131095886, -0.3461747169494629]","[-0.3320506811141968, 2.133180856704712, -0.45631465315818787, -0.5897584557533264, -0.40888211131095886, -0.3461747169494629]",-1,1,False,"['A', 'B']","['D', 'E']"
5adf8d5b5542995534e8c7e1::active_set_pack_b,5adf8d5b5542995534e8c7e1,"['A', 'B', 'C', 'D', 'E', 'F']","[0, 0, 0, 1, 1, 0]","[0.3753161132335663, -2.10200572013855, 0.45936936140060425, 0.4401390850543976, 0.42253002524375916, 0.4046519994735718]","[-0.3753161132335663, 2.10200572013855, -0.45936936140060425, -0.4401390850543976, -0.42253002524375916, -0.4046519994735718]","[-0.3753161132335663, 2.10200572013855, -0.45936936140060425, -0.4401390850543976, -0.42253002524375916, -0.4046519994735718]",-1,1,False,"['A', 'B']","['D', 'E']"
5ae5b3df5542992663a4f20b::working_set_pack_a,5ae5b3df5542992663a4f20b,"['A', 'B', 'C', 'D', 'E', 'F']","[0, 0, 1, 1, 0, 0]","[-0.6666427850723267, -0.5393333435058594, 2.7585318088531494, -0.40123873949050903, -0.565479576587677, -0.5858376622200012]","[-0.6666427850723267, -0.5393333435058594, 2.7585318088531494, -0.40123873949050903, -0.565479576587677, -0.5858376622200012]","[-0.6666427850723267, -0.5393333435058594, 2.7585318088531494, -0.40123873949050903, -0.565479576587677, -0.5858376622200012]",1,1,True,"['C', 'D']","['C', 'D']"
5ae5b3df5542992663a4f20b::active_set_pack_a,5ae5b3df5542992663a4f20b,"['A', 'B', 'C', 'D', 'E', 'F']","[0, 0, 1, 1, 0, 0]","[-0.6437907218933105, -0.5514339804649353, 2.7468199729919434, -0.4037305414676666, -0.5625450611114502, -0.5853200554847717]","[-0.6437907218933105, -0.5514339804649353, 2.7468199729919434, -0.4037305414676666, -0.5625450611114502, -0.5853200554847717]","[-0.6437907218933105, -0.5514339804649353, 2.7468199729919434, -0.4037305414676666, -0.5625450611114502, -0.5853200554847717]",1,1,True,"['C', 'D']","['C', 'D']"
5ae5b3df5542992663a4f20b::working_set_pack_b,5ae5b3df5542992663a4f20b,"['A', 'B', 'C', 'D', 'E', 'F']","[0, 0, 1, 1, 0, 0]","[-0.6392426490783691, -0.5546627640724182, 2.8746743202209473, -0.4816720187664032, -0.5917234420776367, -0.6073738932609558]","[-0.6392426490783691, -0.5546627640724182, 2.8746743202209473, -0.4816720187664032, -0.5917234420776367, -0.6073738932609558]","[0.6392426490783691, 0.5546627640724182, -2.8746743202209473, 0.4816720187664032, 0.5917234420776367, 0.6073738932609558]",-1,-1,True,"['C', 'D']","['C', 'D']"
5ae5b3df5542992663a4f20b::active_set_pack_b,5ae5b3df5542992663a4f20b,"['A', 'B', 'C', 'D', 'E', 'F']","[0, 0, 1, 1, 0, 0]","[-0.6563445329666138, -0.504474401473999, 2.7624239921569824, -0.45185473561286926, -0.5652630925178528, -0.5844871997833252]","[-0.6563445329666138, -0.504474401473999, 2.7624239921569824, -0.45185473561286926, -0.5652630925178528, -0.5844871997833252]","[0.6563445329666138, 0.504474401473999, -2.7624239921569824, 0.45185473561286926, 0.5652630925178528, 0.5844871997833252]",-1,-1,True,"['C', 'D']","['C', 'D']"
5ac2423755429951e9e684ff::working_set_pack_a,5ac2423755429951e9e684ff,"['A', 'B', 'C', 'D', 'E', 'F']","[1, 0, 0, 0, 0, 1]","[-0.3365512788295746, -0.46846315264701843, -0.45072606205940247, -0.37526729702949524, -0.49855998158454895, 2.129568099975586]","[-0.3365512788295746, -0.46846315264701843, -0.45072606205940247, -0.37526729702949524, -0.49855998158454895, 2.129568099975586]","[-0.3365512788295746, -0.46846315264701843, -0.45072606205940247, -0.37526729702949524, -0.49855998158454895, 2.129568099975586]",1,1,True,"['A', 'F']","['A', 'F']"
5ac2423755429951e9e684ff::active_set_pack_a,5ac2423755429951e9e684ff,"['A', 'B', 'C', 'D', 'E', 'F']","[1, 0, 0, 0, 0, 1]","[-0.3024735152721405, -0.5034809112548828, -0.4390117824077606, -0.35606497526168823, -0.47497665882110596, 2.0760085582733154]","[-0.3024735152721405, -0.5034809112548828, -0.4390117824077606, -0.35606497526168823, -0.47497665882110596, 2.0760085582733154]","[-0.3024735152721405, -0.5034809112548828, -0.4390117824077606, -0.35606497526168823, -0.47497665882110596, 2.0760085582733154]",1,1,True,"['A', 'F']","['A', 'F']"
5ac2423755429951e9e684ff::working_set_pack_b,5ac2423755429951e9e684ff,"['A', 'B', 'C', 'D', 'E', 'F']","[1, 0, 0, 0, 0, 1]","[-0.3935477137565613, -0.5649142265319824, -0.4941572844982147, -0.42059215903282166, -0.5256953835487366, 2.398907423019409]","[-0.3935477137565613, -0.5649142265319824, -0.4941572844982147, -0.42059215903282166, -0.5256953835487366, 2.398907423019409]","[-0.3935477137565613, -0.5649142265319824, -0.4941572844982147, -0.42059215903282166, -0.5256953835487366, 2.398907423019409]",1,1,True,"['A', 'F']","['A', 'F']"
5ac2423755429951e9e684ff::active_set_pack_b,5ac2423755429951e9e684ff,"['A', 'B', 'C', 'D', 'E', 'F']","[1, 0, 0, 0, 0, 1]","[-0.32519879937171936, -0.6475736498832703, -0.4171839952468872, -0.3722264766693115, -0.4558035731315613, 2.2179861068725586]","[-0.32519879937171936, -0.6475736498832703, -0.4171839952468872, -0.3722264766693115, -0.4558035731315613, 2.2179861068725586]","[-0.32519879937171936, -0.6475736498832703, -0.4171839952468872, -0.3722264766693115, -0.4558035731315613, 2.2179861068725586]",1,1,True,"['A', 'F']","['A', 'F']"
5a822d4655429926c1cdae45::working_set_pack_a,5a822d4655429926c1cdae45,"['A', 'B', 'C', 'D', 'E', 'F']","[0, 1, 0, 0, 0, 1]","[-1.0650802850723267, 0.2006102353334427, -0.6693226099014282, -0.46425122022628784, -0.3962736129760742, 2.3943169116973877]","[-1.0650802850723267, 0.2006102353334427, -0.6693226099014282, -0.46425122022628784, -0.3962736129760742, 2.3943169116973877]","[-1.0650802850723267, 0.2006102353334427, -0.6693226099014282, -0.46425122022628784, -0.3962736129760742, 2.3943169116973877]",1,1,True,"['B', 'F']","['B', 'F']"
5a822d4655429926c1cdae45::active_set_pack_a,5a822d4655429926c1cdae45,"['A', 'B', 'C', 'D', 'E', 'F']","[0, 1, 0, 0, 0, 1]","[-1.0540987253189087, -0.1947403848171234, -0.6666235327720642, -0.5337433218955994, -0.4723183810710907, 2.9215245246887207]","[-1.0540987253189087, -0.1947403848171234, -0.6666235327720642, -0.5337433218955994, -0.4723183810710907, 2.9215245246887207]","[-1.0540987253189087, -0.1947403848171234, -0.6666235327720642, -0.5337433218955994, -0.4723183810710907, 2.9215245246887207]",1,1,True,"['B', 'F']","['B', 'F']"
5a822d4655429926c1cdae45::working_set_pack_b,5a822d4655429926c1cdae45,"['A', 'B', 'C', 'D', 'E', 'F']","[0, 1, 0, 0, 0, 1]","[-0.8518111109733582, -0.21594282984733582, -0.6839337348937988, -0.5658395886421204, -0.5113637447357178, 2.828890800476074]","[-0.8518111109733582, -0.21594282984733582, -0.6839337348937988, -0.5658395886421204, -0.5113637447357178, 2.828890800476074]","[-0.8518111109733582, -0.21594282984733582, -0.6839337348937988, -0.5658395886421204, -0.5113637447357178, 2.828890800476074]",1,1,True,"['B', 'F']","['B', 'F']"
5a822d4655429926c1cdae45::active_set_pack_b,5a822d4655429926c1cdae45,"['A', 'B', 'C', 'D', 'E', 'F']","[0, 1, 0, 0, 0, 1]","[-0.8935162425041199, -0.20723262429237366, -0.7156894207000732, -0.530744194984436, -0.48913490772247314, 2.836317777633667]","[-0.8935162425041199, -0.20723262429237366, -0.7156894207000732, -0.530744194984436, -0.48913490772247314, 2.836317777633667]","[-0.8935162425041199, -0.20723262429237366, -0.7156894207000732, -0.530744194984436, -0.48913490772247314, 2.836317777633667]",1,1,False,"['A', 'F']","['B', 'F']"
5ab9672655429970cfb8eabd::working_set_pack_a,5ab9672655429970cfb8eabd,"['A', 'B', 'C', 'D', 'E', 'F']","[0, 0, 1, 1, 0, 0]","[-0.2279483675956726, -1.3104039430618286, -0.0925101712346077, 2.137216567993164, -0.25166773796081543, -0.25468549132347107]","[-0.2279483675956726, -1.3104039430618286, -0.0925101712346077, 2.137216567993164, -0.25166773796081543, -0.25468549132347107]","[0.2279483675956726, 1.3104039430618286, 0.0925101712346077, -2.137216567993164, 0.25166773796081543, 0.25468549132347107]",-1,-1,False,"['A', 'D']","['C', 'D']"
5ab9672655429970cfb8eabd::active_set_pack_a,5ab9672655429970cfb8eabd,"['A', 'B', 'C', 'D', 'E', 'F']","[0, 0, 1, 1, 0, 0]","[-0.3246353268623352, -1.2044605016708374, -0.1349068433046341, 2.3255672454833984, -0.32694923877716064, -0.3346153497695923]","[-0.3246353268623352, -1.2044605016708374, -0.1349068433046341, 2.3255672454833984, -0.32694923877716064, -0.3346153497695923]","[0.3246353268623352, 1.2044605016708374, 0.1349068433046341, -2.3255672454833984, 0.32694923877716064, 0.3346153497695923]",-1,-1,True,"['C', 'D']","['C', 'D']"
5ab9672655429970cfb8eabd::working_set_pack_b,5ab9672655429970cfb8eabd,"['A', 'B', 'C', 'D', 'E', 'F']","[0, 0, 1, 1, 0, 0]","[-0.4587898254394531, -0.8758310079574585, -0.37248098850250244, 2.611739158630371, -0.4373428225517273, -0.4672934412956238]","[-0.4587898254394531, -0.8758310079574585, -0.37248098850250244, 2.611739158630371, -0.4373428225517273, -0.4672934412956238]","[-0.4587898254394531, -0.8758310079574585, -0.37248098850250244, 2.611739158630371, -0.4373428225517273, -0.4672934412956238]",1,1,False,"['A', 'D']","['C', 'D']"
5ab9672655429970cfb8eabd::active_set_pack_b,5ab9672655429970cfb8eabd,"['A', 'B', 'C', 'D', 'E', 'F']","[0, 0, 1, 1, 0, 0]","[-0.23234683275222778, -1.1278990507125854, -0.1822008639574051, 2.0018560886383057, -0.22388675808906555, -0.2355220913887024]","[-0.23234683275222778, -1.1278990507125854, -0.1822008639574051, 2.0018560886383057, -0.22388675808906555, -0.2355220913887024]","[0.23234683275222778, 1.1278990507125854, 0.1822008639574051, -2.0018560886383057, 0.22388675808906555, 0.2355220913887024]",-1,-1,False,"['A', 'D']","['C', 'D']"
5abb1f745542996cc5e49fb5::working_set_pack_a,5abb1f745542996cc5e49fb5,"['A', 'B', 'C', 'D', 'E', 'F']","[1, 0, 0, 0, 0, 1]","[1.9464038610458374, -0.9291105270385742, -0.30600807070732117, -0.28914472460746765, -0.23771637678146362, -0.18442422151565552]","[1.9464038610458374, -0.9291105270385742, -0.30600807070732117, -0.28914472460746765, -0.23771637678146362, -0.18442422151565552]","[1.9464038610458374, -0.9291105270385742, -0.30600807070732117, -0.28914472460746765, -0.23771637678146362, -0.18442422151565552]",1,1,True,"['A', 'F']","['A', 'F']"
5abb1f745542996cc5e49fb5::active_set_pack_a,5abb1f745542996cc5e49fb5,"['A', 'B', 'C', 'D', 'E', 'F']","[1, 0, 0, 0, 0, 1]","[1.5996294021606445, -1.2222871780395508, -0.15994687378406525, -0.12453971803188324, -0.07501521706581116, -0.01784004643559456]","[1.5996294021606445, -1.2222871780395508, -0.15994687378406525, -0.12453971803188324, -0.07501521706581116, -0.01784004643559456]","[1.5996294021606445, -1.2222871780395508, -0.15994687378406525, -0.12453971803188324, -0.07501521706581116, -0.01784004643559456]",1,1,True,"['A', 'F']","['A', 'F']"
5abb1f745542996cc5e49fb5::working_set_pack_b,5abb1f745542996cc5e49fb5,"['A', 'B', 'C', 'D', 'E', 'F']","[1, 0, 0, 0, 0, 1]","[1.9668649435043335, -0.6287779211997986, -0.3644653260707855, -0.35771241784095764, -0.3217178285121918, -0.29419124126434326]","[1.9668649435043335, -0.6287779211997986, -0.3644653260707855, -0.35771241784095764, -0.3217178285121918, -0.29419124126434326]","[1.9668649435043335, -0.6287779211997986, -0.3644653260707855, -0.35771241784095764, -0.3217178285121918, -0.29419124126434326]",1,1,True,"['A', 'F']","['A', 'F']"
5abb1f745542996cc5e49fb5::active_set_pack_b,5abb1f745542996cc5e49fb5,"['A', 'B', 'C', 'D', 'E', 'F']","[1, 0, 0, 0, 0, 1]","[1.0921846628189087, -1.4020345211029053, -0.046032294631004333, -0.010934730991721153, 0.05491664260625839, 0.3118997812271118]","[1.0921846628189087, -1.4020345211029053, -0.046032294631004333, -0.010934730991721153, 0.05491664260625839, 0.3118997812271118]","[-1.0921846628189087, 1.4020345211029053, 0.046032294631004333, 0.010934730991721153, -0.05491664260625839, -0.3118997812271118]",-1,-1,True,"['A', 'F']","['A', 'F']"
5abbbd0f55429931dba144d5::working_set_pack_a,5abbbd0f55429931dba144d5,"['A', 'B', 'C', 'D', 'E', 'F']","[0, 1, 0, 1, 0, 0]","[-1.0200166702270508, 0.22669918835163116, -0.4155760109424591, 1.8573113679885864, -0.360170841217041, -0.28824731707572937]","[-1.0200166702270508, 0.22669918835163116, -0.4155760109424591, 1.8573113679885864, -0.360170841217041, -0.28824731707572937]","[-1.0200166702270508, 0.22669918835163116, -0.4155760109424591, 1.8573113679885864, -0.360170841217041, -0.28824731707572937]",1,1,True,"['B', 'D']","['B', 'D']"
5abbbd0f55429931dba144d5::active_set_pack_a,5abbbd0f55429931dba144d5,"['A', 'B', 'C', 'D', 'E', 'F']","[0, 1, 0, 1, 0, 0]","[-0.895948588848114, -0.20714278519153595, -0.49943292140960693, 2.5013115406036377, -0.4781982898712158, -0.420588880777359]","[-0.895948588848114, -0.20714278519153595, -0.49943292140960693, 2.5013115406036377, -0.4781982898712158, -0.420588880777359]","[-0.895948588848114, -0.20714278519153595, -0.49943292140960693, 2.5013115406036377, -0.4781982898712158, -0.420588880777359]",1,1,True,"['B', 'D']","['B', 'D']"
5abbbd0f55429931dba144d5::working_set_pack_b,5abbbd0f55429931dba144d5,"['A', 'B', 'C', 'D', 'E', 'F']","[0, 1, 0, 1, 0, 0]","[-1.198698878288269, 0.012991535477340221, -0.3839181363582611, 2.2907965183258057, -0.3800746500492096, -0.3410961925983429]","[-1.198698878288269, 0.012991535477340221, -0.3839181363582611, 2.2907965183258057, -0.3800746500492096, -0.3410961925983429]","[-1.198698878288269, 0.012991535477340221, -0.3839181363582611, 2.2907965183258057, -0.3800746500492096, -0.3410961925983429]",1,1,True,"['B', 'D']","['B', 'D']"
5abbbd0f55429931dba144d5::active_set_pack_b,5abbbd0f55429931dba144d5,"['A', 'B', 'C', 'D', 'E', 'F']","[0, 1, 0, 1, 0, 0]","[-0.9689398407936096, -0.31632769107818604, -0.5978187322616577, 3.077040672302246, -0.6265469789505005, -0.5674071311950684]","[-0.9689398407936096, -0.31632769107818604, -0.5978187322616577, 3.077040672302246, -0.6265469789505005, -0.5674071311950684]","[-0.9689398407936096, -0.31632769107818604, -0.5978187322616577, 3.077040672302246, -0.6265469789505005, -0.5674071311950684]",1,1,True,"['B', 'D']","['B', 'D']"
5ac3e8c65542997ea680c993::working_set_pack_a,5ac3e8c65542997ea680c993,"['A', 'B', 'C', 'D', 'E', 'F']","[0, 0, 0, 0, 1, 1]","[-0.61057049036026, -0.4866599440574646, -0.4786737561225891, -0.3934810161590576, 1.7391114234924316, 0.23027388751506805]","[-0.61057049036026, -0.4866599440574646, -0.4786737561225891, -0.3934810161590576, 1.7391114234924316, 0.23027388751506805]","[-0.61057049036026, -0.4866599440574646, -0.4786737561225891, -0.3934810161590576, 1.7391114234924316, 0.23027388751506805]",1,1,True,"['E', 'F']","['E', 'F']"
5ac3e8c65542997ea680c993::active_set_pack_a,5ac3e8c65542997ea680c993,"['A', 'B', 'C', 'D', 'E', 'F']","[0, 0, 0, 0, 1, 1]","[-0.582017183303833, -0.5266295075416565, -0.5110595226287842, -0.43045806884765625, 1.9664818048477173, 0.08368203043937683]","[-0.582017183303833, -0.5266295075416565, -0.5110595226287842, -0.43045806884765625, 1.9664818048477173, 0.08368203043937683]","[-0.582017183303833, -0.5266295075416565, -0.5110595226287842, -0.43045806884765625, 1.9664818048477173, 0.08368203043937683]",1,1,True,"['E', 'F']","['E', 'F']"
5ac3e8c65542997ea680c993::working_set_pack_b,5ac3e8c65542997ea680c993,"['A', 'B', 'C', 'D', 'E', 'F']","[0, 0, 0, 0, 1, 1]","[-0.4122164845466614, -0.2977738380432129, -0.26747676730155945, -0.17814353108406067, 1.0812207460403442, 0.07438986003398895]","[-0.4122164845466614, -0.2977738380432129, -0.26747676730155945, -0.17814353108406067, 1.0812207460403442, 0.07438986003398895]","[-0.4122164845466614, -0.2977738380432129, -0.26747676730155945, -0.17814353108406067, 1.0812207460403442, 0.07438986003398895]",1,1,False,"['A', 'E']","['E', 'F']"
5ac3e8c65542997ea680c993::active_set_pack_b,5ac3e8c65542997ea680c993,"['A', 'B', 'C', 'D', 'E', 'F']","[0, 0, 0, 0, 1, 1]","[-0.5871561169624329, -0.7125916481018066, -0.4490692913532257, -0.3291059136390686, 0.9471314549446106, 1.1307916641235352]","[-0.5871561169624329, -0.7125916481018066, -0.4490692913532257, -0.3291059136390686, 0.9471314549446106, 1.1307916641235352]","[-0.5871561169624329, -0.7125916481018066, -0.4490692913532257, -0.3291059136390686, 0.9471314549446106, 1.1307916641235352]",1,1,False,"['A', 'F']","['E', 'F']"
5a87390555429960ec39b769::working_set_pack_a,5a87390555429960ec39b769,"['A', 'B', 'C', 'D', 'E', 'F']","[1, 0, 0, 0, 1, 0]","[1.1579813957214355, -1.3496512174606323, -0.05245598778128624, -0.030845072120428085, 0.2368408590555191, 0.03812982887029648]","[1.1579813957214355, -1.3496512174606323, -0.05245598778128624, -0.030845072120428085, 0.2368408590555191, 0.03812982887029648]","[1.1579813957214355, -1.3496512174606323, -0.05245598778128624, -0.030845072120428085, 0.2368408590555191, 0.03812982887029648]",1,1,True,"['A', 'E']","['A', 'E']"
5a87390555429960ec39b769::active_set_pack_a,5a87390555429960ec39b769,"['A', 'B', 'C', 'D', 'E', 'F']","[1, 0, 0, 0, 1, 0]","[0.8872168660163879, -1.3986091613769531, 0.017888586968183517, 0.03699050843715668, 0.34965142607688904, 0.10686253756284714]","[-0.8872168660163879, 1.3986091613769531, -0.017888586968183517, -0.03699050843715668, -0.34965142607688904, -0.10686253756284714]","[0.8872168660163879, -1.3986091613769531, 0.017888586968183517, 0.03699050843715668, 0.34965142607688904, 0.10686253756284714]",1,-1,False,"['A', 'B']","['A', 'E']"
5a87390555429960ec39b769::working_set_pack_b,5a87390555429960ec39b769,"['A', 'B', 'C', 'D', 'E', 'F']","[1, 0, 0, 0, 1, 0]","[0.5662496089935303, -0.9379853010177612, -0.06407728791236877, -0.15339770913124084, 0.555843710899353, 0.03336706385016441]","[-0.5662496089935303, 0.9379853010177612, 0.06407728791236877, 0.15339770913124084, -0.555843710899353, -0.03336706385016441]","[0.5662496089935303, -0.9379853010177612, -0.06407728791236877, -0.15339770913124084, 0.555843710899353, 0.03336706385016441]",1,-1,False,"['A', 'B']","['A', 'E']"
5a87390555429960ec39b769::active_set_pack_b,5a87390555429960ec39b769,"['A', 'B', 'C', 'D', 'E', 'F']","[1, 0, 0, 0, 1, 0]","[0.5813990831375122, -1.343519926071167, 0.13395465910434723, 0.09026530385017395, 0.3425649404525757, 0.19533558189868927]","[-0.5813990831375122, 1.343519926071167, -0.13395465910434723, -0.09026530385017395, -0.3425649404525757, -0.19533558189868927]","[0.5813990831375122, -1.343519926071167, 0.13395465910434723, 0.09026530385017395, 0.3425649404525757, 0.19533558189868927]",1,-1,False,"['A', 'B']","['A', 'E']"
5a8766cb5542996e4f3087d6::working_set_pack_a,5a8766cb5542996e4f3087d6,"['A', 'B', 'C', 'D', 'E', 'F']","[0, 0, 0, 1, 1, 0]","[-0.7302263379096985, 0.72971111536026, -0.5852556824684143, 1.2067394256591797, -0.3028206527233124, -0.31814754009246826]","[-0.7302263379096985, 0.72971111536026, -0.5852556824684143, 1.2067394256591797, -0.3028206527233124, -0.31814754009246826]","[-0.7302263379096985, 0.72971111536026, -0.5852556824684143, 1.2067394256591797, -0.3028206527233124, -0.31814754009246826]",1,1,False,"['B', 'D']","['D', 'E']"
5a8766cb5542996e4f3087d6::active_set_pack_a,5a8766cb5542996e4f3087d6,"['A', 'B', 'C', 'D', 'E', 'F']","[0, 0, 0, 1, 1, 0]","[-0.6127522587776184, 0.17000727355480194, -0.5793374180793762, 1.2993369102478027, -0.024403158575296402, -0.25285160541534424]","[-0.6127522587776184, 0.17000727355480194, -0.5793374180793762, 1.2993369102478027, -0.024403158575296402, -0.25285160541534424]","[-0.6127522587776184, 0.17000727355480194, -0.5793374180793762, 1.2993369102478027, -0.024403158575296402, -0.25285160541534424]",1,1,False,"['B', 'D']","['D', 'E']"
5a8766cb5542996e4f3087d6::working_set_pack_b,5a8766cb5542996e4f3087d6,"['A', 'B', 'C', 'D', 'E', 'F']","[0, 0, 0, 1, 1, 0]","[-0.4927375912666321, -0.15614625811576843, -0.49438124895095825, 1.8253427743911743, -0.2743663191795349, -0.4077109396457672]","[-0.4927375912666321, -0.15614625811576843, -0.49438124895095825, 1.8253427743911743, -0.2743663191795349, -0.4077109396457672]","[-0.4927375912666321, -0.15614625811576843, -0.49438124895095825, 1.8253427743911743, -0.2743663191795349, -0.4077109396457672]",1,1,False,"['B', 'D']","['D', 'E']"
5a8766cb5542996e4f3087d6::active_set_pack_b,5a8766cb5542996e4f3087d6,"['A', 'B', 'C', 'D', 'E', 'F']","[0, 0, 0, 1, 1, 0]","[-0.4298730790615082, 0.26816195249557495, -0.9219539761543274, 1.6745179891586304, -0.19746962189674377, -0.3933824598789215]","[-0.4298730790615082, 0.26816195249557495, -0.9219539761543274, 1.6745179891586304, -0.19746962189674377, -0.3933824598789215]","[-0.4298730790615082, 0.26816195249557495, -0.9219539761543274, 1.6745179891586304, -0.19746962189674377, -0.3933824598789215]",1,1,False,"['B', 'D']","['D', 'E']"
5a7ca54c55429935c91b527f::working_set_pack_a,5a7ca54c55429935c91b527f,"['A', 'B', 'C', 'D', 'E', 'F']","[0, 1, 0, 0, 1, 0]","[0.22524385154247284, 0.06519406288862228, -1.600015640258789, 0.06114731729030609, 1.2297067642211914, 0.018723545596003532]","[0.22524385154247284, 0.06519406288862228, -1.600015640258789, 0.06114731729030609, 1.2297067642211914, 0.018723545596003532]","[0.22524385154247284, 0.06519406288862228, -1.600015640258789, 0.06114731729030609, 1.2297067642211914, 0.018723545596003532]",1,1,False,"['A', 'E']","['B', 'E']"
5a7ca54c55429935c91b527f::active_set_pack_a,5a7ca54c55429935c91b527f,"['A', 'B', 'C', 'D', 'E', 'F']","[0, 1, 0, 0, 1, 0]","[-0.04486072435975075, -0.15785589814186096, -1.1999238729476929, -0.1463390439748764, 1.739721655845642, -0.1907423585653305]","[-0.04486072435975075, -0.15785589814186096, -1.1999238729476929, -0.1463390439748764, 1.739721655845642, -0.1907423585653305]","[-0.04486072435975075, -0.15785589814186096, -1.1999238729476929, -0.1463390439748764, 1.739721655845642, -0.1907423585653305]",1,1,False,"['A', 'E']","['B', 'E']"
5a7ca54c55429935c91b527f::working_set_pack_b,5a7ca54c55429935c91b527f,"['A', 'B', 'C', 'D', 'E', 'F']","[0, 1, 0, 0, 1, 0]","[-0.07598384469747543, -0.1049313023686409, -0.939250648021698, -0.14228478074073792, 1.4286671876907349, -0.16621679067611694]","[-0.07598384469747543, -0.1049313023686409, -0.939250648021698, -0.14228478074073792, 1.4286671876907349, -0.16621679067611694]","[0.07598384469747543, 0.1049313023686409, 0.939250648021698, 0.14228478074073792, -1.4286671876907349, 0.16621679067611694]",-1,-1,False,"['A', 'E']","['B', 'E']"
5a7ca54c55429935c91b527f::active_set_pack_b,5a7ca54c55429935c91b527f,"['A', 'B', 'C', 'D', 'E', 'F']","[0, 1, 0, 0, 1, 0]","[0.23878997564315796, 0.16783036291599274, -1.7454843521118164, 0.16395890712738037, 1.0780850648880005, 0.09681973606348038]","[0.23878997564315796, 0.16783036291599274, -1.7454843521118164, 0.16395890712738037, 1.0780850648880005, 0.09681973606348038]","[0.23878997564315796, 0.16783036291599274, -1.7454843521118164, 0.16395890712738037, 1.0780850648880005, 0.09681973606348038]",1,1,False,"['A', 'E']","['B', 'E']"
5a90c2b35542995651fb51df::working_set_pack_a,5a90c2b35542995651fb51df,"['A', 'B', 'C', 'D', 'E', 'F']","[0, 1, 0, 1, 0, 0]","[-0.5212472677230835, -0.5575408935546875, -0.3350706398487091, 2.498246669769287, -0.6837993264198303, -0.4005880057811737]","[-0.5212472677230835, -0.5575408935546875, -0.3350706398487091, 2.498246669769287, -0.6837993264198303, -0.4005880057811737]","[-0.5212472677230835, -0.5575408935546875, -0.3350706398487091, 2.498246669769287, -0.6837993264198303, -0.4005880057811737]",1,1,False,"['C', 'D']","['B', 'D']"
5a90c2b35542995651fb51df::active_set_pack_a,5a90c2b35542995651fb51df,"['A', 'B', 'C', 'D', 'E', 'F']","[0, 1, 0, 1, 0, 0]","[-0.5388707518577576, -0.5922683477401733, -0.3279324471950531, 2.4637222290039062, -0.6405362486839294, -0.36411386728286743]","[-0.5388707518577576, -0.5922683477401733, -0.3279324471950531, 2.4637222290039062, -0.6405362486839294, -0.36411386728286743]","[-0.5388707518577576, -0.5922683477401733, -0.3279324471950531, 2.4637222290039062, -0.6405362486839294, -0.36411386728286743]",1,1,False,"['C', 'D']","['B', 'D']"
5a90c2b35542995651fb51df::working_set_pack_b,5a90c2b35542995651fb51df,"['A', 'B', 'C', 'D', 'E', 'F']","[0, 1, 0, 1, 0, 0]","[0.4645948112010956, 0.5541160702705383, 0.3022361993789673, 0.2974415719509125, 0.7127651572227478, -2.331153392791748]","[-0.4645948112010956, -0.5541160702705383, -0.3022361993789673, -0.2974415719509125, -0.7127651572227478, 2.331153392791748]","[-0.4645948112010956, -0.5541160702705383, -0.3022361993789673, -0.2974415719509125, -0.7127651572227478, 2.331153392791748]",-1,1,False,"['A', 'F']","['B', 'D']"
5a90c2b35542995651fb51df::active_set_pack_b,5a90c2b35542995651fb51df,"['A', 'B', 'C', 'D', 'E', 'F']","[0, 1, 0, 1, 0, 0]","[-0.48713409900665283, -0.5660771727561951, -0.22606459259986877, 1.4365224838256836, -0.843856692314148, 0.6866092085838318]","[-0.48713409900665283, -0.5660771727561951, -0.22606459259986877, 1.4365224838256836, -0.843856692314148, 0.6866092085838318]","[-0.48713409900665283, -0.5660771727561951, -0.22606459259986877, 1.4365224838256836, -0.843856692314148, 0.6866092085838318]",1,1,False,"['C', 'F']","['B', 'D']"
5a74a3bd55429979e28829da::working_set_pack_a,5a74a3bd55429979e28829da,"['A', 'B', 'C', 'D', 'E', 'F']","[0, 1, 0, 0, 1, 0]","[-0.144812673330307, -0.8415797352790833, -0.08458182960748672, -0.1423795074224472, 1.10239839553833, 0.11095553636550903]","[-0.144812673330307, -0.8415797352790833, -0.08458182960748672, -0.1423795074224472, 1.10239839553833, 0.11095553636550903]","[-0.144812673330307, -0.8415797352790833, -0.08458182960748672, -0.1423795074224472, 1.10239839553833, 0.11095553636550903]",1,1,False,"['A', 'E']","['B', 'E']"
5a74a3bd55429979e28829da::active_set_pack_a,5a74a3bd55429979e28829da,"['A', 'B', 'C', 'D', 'E', 'F']","[0, 1, 0, 0, 1, 0]","[-0.2615266740322113, -0.6199859380722046, -0.2291697859764099, -0.24678176641464233, 1.4683616161346436, -0.11089720577001572]","[-0.2615266740322113, -0.6199859380722046, -0.2291697859764099, -0.24678176641464233, 1.4683616161346436, -0.11089720577001572]","[-0.2615266740322113, -0.6199859380722046, -0.2291697859764099, -0.24678176641464233, 1.4683616161346436, -0.11089720577001572]",1,1,False,"['A', 'E']","['B', 'E']"
5a74a3bd55429979e28829da::working_set_pack_b,5a74a3bd55429979e28829da,"['A', 'B', 'C', 'D', 'E', 'F']","[0, 1, 0, 0, 1, 0]","[-0.2242826223373413, -0.518855094909668, -0.19972382485866547, -0.18024671077728271, 1.242913007736206, -0.11980477720499039]","[-0.2242826223373413, -0.518855094909668, -0.19972382485866547, -0.18024671077728271, 1.242913007736206, -0.11980477720499039]","[0.2242826223373413, 0.518855094909668, 0.19972382485866547, 0.18024671077728271, -1.242913007736206, 0.11980477720499039]",-1,-1,False,"['A', 'E']","['B', 'E']"
5a74a3bd55429979e28829da::active_set_pack_b,5a74a3bd55429979e28829da,"['A', 'B', 'C', 'D', 'E', 'F']","[0, 1, 0, 0, 1, 0]","[-0.41012293100357056, -0.6876732110977173, -0.35993751883506775, -0.37483513355255127, 2.0769436359405518, -0.24437472224235535]","[-0.41012293100357056, -0.6876732110977173, -0.35993751883506775, -0.37483513355255127, 2.0769436359405518, -0.24437472224235535]","[0.41012293100357056, 0.6876732110977173, 0.35993751883506775, 0.37483513355255127, -2.0769436359405518, 0.24437472224235535]",-1,-1,False,"['A', 'E']","['B', 'E']"
5add3b665542997545bbbcd2::working_set_pack_a,5add3b665542997545bbbcd2,"['A', 'B', 'C', 'D', 'E', 'F']","[1, 1, 0, 0, 0, 0]","[0.36809492111206055, 0.35109129548072815, -1.3177815675735474, 0.38771331310272217, 0.1526317596435547, 0.05825011804699898]","[0.36809492111206055, 0.35109129548072815, -1.3177815675735474, 0.38771331310272217, 0.1526317596435547, 0.05825011804699898]","[0.36809492111206055, 0.35109129548072815, -1.3177815675735474, 0.38771331310272217, 0.1526317596435547, 0.05825011804699898]",1,1,True,"['A', 'B']","['A', 'B']"
5add3b665542997545bbbcd2::active_set_pack_a,5add3b665542997545bbbcd2,"['A', 'B', 'C', 'D', 'E', 'F']","[1, 1, 0, 0, 0, 0]","[0.29236507415771484, 0.27002179622650146, -1.1611356735229492, 0.5850674510002136, 0.061023443937301636, -0.047341927886009216]","[0.29236507415771484, 0.27002179622650146, -1.1611356735229492, 0.5850674510002136, 0.061023443937301636, -0.047341927886009216]","[0.29236507415771484, 0.27002179622650146, -1.1611356735229492, 0.5850674510002136, 0.061023443937301636, -0.047341927886009216]",1,1,True,"['A', 'B']","['A', 'B']"
5add3b665542997545bbbcd2::working_set_pack_b,5add3b665542997545bbbcd2,"['A', 'B', 'C', 'D', 'E', 'F']","[1, 1, 0, 0, 0, 0]","[0.19948530197143555, 0.2325504720211029, -1.0685447454452515, 0.6136305332183838, 0.0963168740272522, -0.07343807071447372]","[0.19948530197143555, 0.2325504720211029, -1.0685447454452515, 0.6136305332183838, 0.0963168740272522, -0.07343807071447372]","[0.19948530197143555, 0.2325504720211029, -1.0685447454452515, 0.6136305332183838, 0.0963168740272522, -0.07343807071447372]",1,1,True,"['A', 'B']","['A', 'B']"
5add3b665542997545bbbcd2::active_set_pack_b,5add3b665542997545bbbcd2,"['A', 'B', 'C', 'D', 'E', 'F']","[1, 1, 0, 0, 0, 0]","[0.30857372283935547, 0.2972300946712494, -1.4511535167694092, 0.5752184987068176, 0.20092438161373138, 0.06920705735683441]","[0.30857372283935547, 0.2972300946712494, -1.4511535167694092, 0.5752184987068176, 0.20092438161373138, 0.06920705735683441]","[0.30857372283935547, 0.2972300946712494, -1.4511535167694092, 0.5752184987068176, 0.20092438161373138, 0.06920705735683441]",1,1,False,"['A', 'D']","['A', 'B']"
5ab728e45542992aa3b8c7b4::working_set_pack_a,5ab728e45542992aa3b8c7b4,"['A', 'B', 'C', 'D', 'E', 'F']","[0, 0, 0, 1, 0, 1]","[-0.4054032266139984, -0.8266742825508118, -0.433604896068573, -0.335791677236557, -0.32205161452293396, 2.3235254287719727]","[-0.4054032266139984, -0.8266742825508118, -0.433604896068573, -0.335791677236557, -0.32205161452293396, 2.3235254287719727]","[-0.4054032266139984, -0.8266742825508118, -0.433604896068573, -0.335791677236557, -0.32205161452293396, 2.3235254287719727]",1,1,False,"['A', 'F']","['D', 'F']"
5ab728e45542992aa3b8c7b4::active_set_pack_a,5ab728e45542992aa3b8c7b4,"['A', 'B', 'C', 'D', 'E', 'F']","[0, 0, 0, 1, 0, 1]","[-0.45519527792930603, -0.7360104918479919, -0.4792500138282776, -0.34182530641555786, -0.34935376048088074, 2.3616347312927246]","[-0.45519527792930603, -0.7360104918479919, -0.4792500138282776, -0.34182530641555786, -0.34935376048088074, 2.3616347312927246]","[-0.45519527792930603, -0.7360104918479919, -0.4792500138282776, -0.34182530641555786, -0.34935376048088074, 2.3616347312927246]",1,1,True,"['D', 'F']","['D', 'F']"
5ab728e45542992aa3b8c7b4::working_set_pack_b,5ab728e45542992aa3b8c7b4,"['A', 'B', 'C', 'D', 'E', 'F']","[0, 0, 0, 1, 0, 1]","[-0.38434940576553345, -0.7719956040382385, -0.40730106830596924, -0.25086158514022827, -0.3249400556087494, 2.1394476890563965]","[-0.38434940576553345, -0.7719956040382385, -0.40730106830596924, -0.25086158514022827, -0.3249400556087494, 2.1394476890563965]","[-0.38434940576553345, -0.7719956040382385, -0.40730106830596924, -0.25086158514022827, -0.3249400556087494, 2.1394476890563965]",1,1,False,"['A', 'F']","['D', 'F']"
5ab728e45542992aa3b8c7b4::active_set_pack_b,5ab728e45542992aa3b8c7b4,"['A', 'B', 'C', 'D', 'E', 'F']","[0, 0, 0, 1, 0, 1]","[-0.517809271812439, -0.7700377702713013, -0.5163419842720032, -0.3070470988750458, -0.3744940757751465, 2.4857301712036133]","[-0.517809271812439, -0.7700377702713013, -0.5163419842720032, -0.3070470988750458, -0.3744940757751465, 2.4857301712036133]","[-0.517809271812439, -0.7700377702713013, -0.5163419842720032, -0.3070470988750458, -0.3744940757751465, 2.4857301712036133]",1,1,True,"['D', 'F']","['D', 'F']"
5a74fbe55542996c70cfae63::working_set_pack_a,5a74fbe55542996c70cfae63,"['A', 'B', 'C', 'D', 'E', 'F']","[1, 0, 1, 0, 0, 0]","[-0.14793111383914948, -1.4222371578216553, 2.2083070278167725, -0.24875903129577637, -0.17336136102676392, -0.21601735055446625]","[-0.14793111383914948, -1.4222371578216553, 2.2083070278167725, -0.24875903129577637, -0.17336136102676392, -0.21601735055446625]","[-0.14793111383914948, -1.4222371578216553, 2.2083070278167725, -0.24875903129577637, -0.17336136102676392, -0.21601735055446625]",1,1,True,"['A', 'C']","['A', 'C']"
5a74fbe55542996c70cfae63::active_set_pack_a,5a74fbe55542996c70cfae63,"['A', 'B', 'C', 'D', 'E', 'F']","[1, 0, 1, 0, 0, 0]","[-0.30297592282295227, -1.1914116144180298, 2.5282273292541504, -0.36688920855522156, -0.3178981840610504, -0.34905296564102173]","[-0.30297592282295227, -1.1914116144180298, 2.5282273292541504, -0.36688920855522156, -0.3178981840610504, -0.34905296564102173]","[-0.30297592282295227, -1.1914116144180298, 2.5282273292541504, -0.36688920855522156, -0.3178981840610504, -0.34905296564102173]",1,1,True,"['A', 'C']","['A', 'C']"
5a74fbe55542996c70cfae63::working_set_pack_b,5a74fbe55542996c70cfae63,"['A', 'B', 'C', 'D', 'E', 'F']","[1, 0, 1, 0, 0, 0]","[-0.4226752519607544, -0.8781285285949707, 2.646026849746704, -0.4750235080718994, -0.41410043835639954, -0.4560989439487457]","[-0.4226752519607544, -0.8781285285949707, 2.646026849746704, -0.4750235080718994, -0.41410043835639954, -0.4560989439487457]","[-0.4226752519607544, -0.8781285285949707, 2.646026849746704, -0.4750235080718994, -0.41410043835639954, -0.4560989439487457]",1,1,True,"['A', 'C']","['A', 'C']"
5a74fbe55542996c70cfae63::active_set_pack_b,5a74fbe55542996c70cfae63,"['A', 'B', 'C', 'D', 'E', 'F']","[1, 0, 1, 0, 0, 0]","[-0.19521744549274445, -1.2833088636398315, 2.120896816253662, -0.25046566128730774, -0.17929865419864655, -0.2126060575246811]","[-0.19521744549274445, -1.2833088636398315, 2.120896816253662, -0.25046566128730774, -0.17929865419864655, -0.2126060575246811]","[0.19521744549274445, 1.2833088636398315, -2.120896816253662, 0.25046566128730774, 0.17929865419864655, 0.2126060575246811]",-1,-1,True,"['A', 'C']","['A', 'C']"
5ab30bbb55429976abd1bc39::working_set_pack_a,5ab30bbb55429976abd1bc39,"['A', 'B', 'C', 'D', 'E', 'F']","[1, 0, 0, 1, 0, 0]","[-0.7804772853851318, -1.0950820446014404, -0.8005554676055908, 4.23289680480957, -0.7691901922225952, -0.7875919342041016]","[-0.7804772853851318, -1.0950820446014404, -0.8005554676055908, 4.23289680480957, -0.7691901922225952, -0.7875919342041016]","[-0.7804772853851318, -1.0950820446014404, -0.8005554676055908, 4.23289680480957, -0.7691901922225952, -0.7875919342041016]",1,1,False,"['D', 'E']","['A', 'D']"
5ab30bbb55429976abd1bc39::active_set_pack_a,5ab30bbb55429976abd1bc39,"['A', 'B', 'C', 'D', 'E', 'F']","[1, 0, 0, 1, 0, 0]","[-0.7783124446868896, -1.070210337638855, -0.7877131700515747, 4.1777873039245605, -0.7587465643882751, -0.7828046679496765]","[-0.7783124446868896, -1.070210337638855, -0.7877131700515747, 4.1777873039245605, -0.7587465643882751, -0.7828046679496765]","[-0.7783124446868896, -1.070210337638855, -0.7877131700515747, 4.1777873039245605, -0.7587465643882751, -0.7828046679496765]",1,1,False,"['D', 'E']","['A', 'D']"
5ab30bbb55429976abd1bc39::working_set_pack_b,5ab30bbb55429976abd1bc39,"['A', 'B', 'C', 'D', 'E', 'F']","[1, 0, 0, 1, 0, 0]","[-0.6844508647918701, -0.9356434345245361, -0.6872648000717163, 3.647465229034424, -0.6596235036849976, -0.680482804775238]","[-0.6844508647918701, -0.9356434345245361, -0.6872648000717163, 3.647465229034424, -0.6596235036849976, -0.680482804775238]","[-0.6844508647918701, -0.9356434345245361, -0.6872648000717163, 3.647465229034424, -0.6596235036849976, -0.680482804775238]",1,1,True,"['A', 'D']","['A', 'D']"
5ab30bbb55429976abd1bc39::active_set_pack_b,5ab30bbb55429976abd1bc39,"['A', 'B', 'C', 'D', 'E', 'F']","[1, 0, 0, 1, 0, 0]","[-0.5040772557258606, -0.9807944297790527, -0.657568633556366, 3.2830746173858643, -0.5574213862419128, -0.5832111239433289]","[-0.5040772557258606, -0.9807944297790527, -0.657568633556366, 3.2830746173858643, -0.5574213862419128, -0.5832111239433289]","[-0.5040772557258606, -0.9807944297790527, -0.657568633556366, 3.2830746173858643, -0.5574213862419128, -0.5832111239433289]",1,1,True,"['A', 'D']","['A', 'D']"
5abdbeed5542993062266cdd::working_set_pack_a,5abdbeed5542993062266cdd,"['A', 'B', 'C', 'D', 'E', 'F']","[0, 0, 1, 0, 1, 0]","[-1.6063276529312134, -0.1366615891456604, 1.0261534452438354, 0.17160384356975555, 0.5861949920654297, -0.04096277430653572]","[-1.6063276529312134, -0.1366615891456604, 1.0261534452438354, 0.17160384356975555, 0.5861949920654297, -0.04096277430653572]","[-1.6063276529312134, -0.1366615891456604, 1.0261534452438354, 0.17160384356975555, 0.5861949920654297, -0.04096277430653572]",1,1,True,"['C', 'E']","['C', 'E']"
5abdbeed5542993062266cdd::active_set_pack_a,5abdbeed5542993062266cdd,"['A', 'B', 'C', 'D', 'E', 'F']","[0, 0, 1, 0, 1, 0]","[-1.6767736673355103, -0.051318906247615814, 0.6381217837333679, 0.2392825037240982, 0.8192033767700195, 0.031484462320804596]","[-1.6767736673355103, -0.051318906247615814, 0.6381217837333679, 0.2392825037240982, 0.8192033767700195, 0.031484462320804596]","[-1.6767736673355103, -0.051318906247615814, 0.6381217837333679, 0.2392825037240982, 0.8192033767700195, 0.031484462320804596]",1,1,True,"['C', 'E']","['C', 'E']"
5abdbeed5542993062266cdd::working_set_pack_b,5abdbeed5542993062266cdd,"['A', 'B', 'C', 'D', 'E', 'F']","[0, 0, 1, 0, 1, 0]","[0.866638720035553, 0.35295695066452026, 0.006533467210829258, -1.6678539514541626, 0.1380368024110794, 0.30368801951408386]","[0.866638720035553, 0.35295695066452026, 0.006533467210829258, -1.6678539514541626, 0.1380368024110794, 0.30368801951408386]","[-0.866638720035553, -0.35295695066452026, -0.006533467210829258, 1.6678539514541626, -0.1380368024110794, -0.30368801951408386]",-1,-1,True,"['C', 'E']","['C', 'E']"
5abdbeed5542993062266cdd::active_set_pack_b,5abdbeed5542993062266cdd,"['A', 'B', 'C', 'D', 'E', 'F']","[0, 0, 1, 0, 1, 0]","[-1.6551463603973389, -0.047039974480867386, 0.2992420494556427, 0.37711843848228455, 0.9176576733589172, 0.10816917568445206]","[-1.6551463603973389, -0.047039974480867386, 0.2992420494556427, 0.37711843848228455, 0.9176576733589172, 0.10816917568445206]","[-1.6551463603973389, -0.047039974480867386, 0.2992420494556427, 0.37711843848228455, 0.9176576733589172, 0.10816917568445206]",1,1,True,"['C', 'E']","['C', 'E']"
5ab6e84a554299710c8d1fab::working_set_pack_a,5ab6e84a554299710c8d1fab,"['A', 'B', 'C', 'D', 'E', 'F']","[1, 1, 0, 0, 0, 0]","[0.12154790014028549, 1.7747961282730103, -1.1054424047470093, -0.3236957788467407, -0.24826878309249878, -0.21893775463104248]","[0.12154790014028549, 1.7747961282730103, -1.1054424047470093, -0.3236957788467407, -0.24826878309249878, -0.21893775463104248]","[0.12154790014028549, 1.7747961282730103, -1.1054424047470093, -0.3236957788467407, -0.24826878309249878, -0.21893775463104248]",1,1,True,"['A', 'B']","['A', 'B']"
5ab6e84a554299710c8d1fab::active_set_pack_a,5ab6e84a554299710c8d1fab,"['A', 'B', 'C', 'D', 'E', 'F']","[1, 1, 0, 0, 0, 0]","[-0.03981766849756241, 2.0276646614074707, -0.8831029534339905, -0.41361305117607117, -0.351554274559021, -0.33957645297050476]","[-0.03981766849756241, 2.0276646614074707, -0.8831029534339905, -0.41361305117607117, -0.351554274559021, -0.33957645297050476]","[-0.03981766849756241, 2.0276646614074707, -0.8831029534339905, -0.41361305117607117, -0.351554274559021, -0.33957645297050476]",1,1,True,"['A', 'B']","['A', 'B']"
5ab6e84a554299710c8d1fab::working_set_pack_b,5ab6e84a554299710c8d1fab,"['A', 'B', 'C', 'D', 'E', 'F']","[1, 1, 0, 0, 0, 0]","[0.4777478575706482, 0.8297834992408752, -1.3167182207107544, -0.11623396724462509, 0.03926143795251846, 0.08615919947624207]","[0.4777478575706482, 0.8297834992408752, -1.3167182207107544, -0.11623396724462509, 0.03926143795251846, 0.08615919947624207]","[0.4777478575706482, 0.8297834992408752, -1.3167182207107544, -0.11623396724462509, 0.03926143795251846, 0.08615919947624207]",1,1,True,"['A', 'B']","['A', 'B']"
5ab6e84a554299710c8d1fab::active_set_pack_b,5ab6e84a554299710c8d1fab,"['A', 'B', 'C', 'D', 'E', 'F']","[1, 1, 0, 0, 0, 0]","[-0.05317894369363785, 1.6693830490112305, -0.7523830533027649, -0.3894350230693817, -0.23238767683506012, -0.2419983446598053]","[-0.05317894369363785, 1.6693830490112305, -0.7523830533027649, -0.3894350230693817, -0.23238767683506012, -0.2419983446598053]","[-0.05317894369363785, 1.6693830490112305, -0.7523830533027649, -0.3894350230693817, -0.23238767683506012, -0.2419983446598053]",1,1,True,"['A', 'B']","['A', 'B']"
5a90454855429933b8a204bb::working_set_pack_a,5a90454855429933b8a204bb,"['A', 'B', 'C', 'D', 'E', 'F']","[0, 1, 0, 0, 1, 0]","[-0.8337595462799072, 3.201815605163574, -0.6259464621543884, -0.5523401498794556, -0.5427166223526001, -0.6470546126365662]","[-0.8337595462799072, 3.201815605163574, -0.6259464621543884, -0.5523401498794556, -0.5427166223526001, -0.6470546126365662]","[-0.8337595462799072, 3.201815605163574, -0.6259464621543884, -0.5523401498794556, -0.5427166223526001, -0.6470546126365662]",1,1,False,"['B', 'D']","['B', 'E']"
5a90454855429933b8a204bb::active_set_pack_a,5a90454855429933b8a204bb,"['A', 'B', 'C', 'D', 'E', 'F']","[0, 1, 0, 0, 1, 0]","[-0.8382666707038879, 3.3464255332946777, -0.6661302447319031, -0.5921628475189209, -0.5705255270004272, -0.6793391108512878]","[-0.8382666707038879, 3.3464255332946777, -0.6661302447319031, -0.5921628475189209, -0.5705255270004272, -0.6793391108512878]","[-0.8382666707038879, 3.3464255332946777, -0.6661302447319031, -0.5921628475189209, -0.5705255270004272, -0.6793391108512878]",1,1,False,"['B', 'D']","['B', 'E']"
5a90454855429933b8a204bb::working_set_pack_b,5a90454855429933b8a204bb,"['A', 'B', 'C', 'D', 'E', 'F']","[0, 1, 0, 0, 1, 0]","[-0.651948094367981, 2.79180645942688, -0.5794051885604858, -0.5142053961753845, -0.45144614577293396, -0.5948017835617065]","[-0.651948094367981, 2.79180645942688, -0.5794051885604858, -0.5142053961753845, -0.45144614577293396, -0.5948017835617065]","[-0.651948094367981, 2.79180645942688, -0.5794051885604858, -0.5142053961753845, -0.45144614577293396, -0.5948017835617065]",1,1,False,"['B', 'D']","['B', 'E']"
5a90454855429933b8a204bb::active_set_pack_b,5a90454855429933b8a204bb,"['A', 'B', 'C', 'D', 'E', 'F']","[0, 1, 0, 0, 1, 0]","[-0.8180640339851379, 3.0930707454681396, -0.6051104664802551, -0.5375912189483643, -0.5057651996612549, -0.6265386939048767]","[-0.8180640339851379, 3.0930707454681396, -0.6051104664802551, -0.5375912189483643, -0.5057651996612549, -0.6265386939048767]","[-0.8180640339851379, 3.0930707454681396, -0.6051104664802551, -0.5375912189483643, -0.5057651996612549, -0.6265386939048767]",1,1,False,"['B', 'D']","['B', 'E']"
5abeed7e5542993fe9a41da0::working_set_pack_a,5abeed7e5542993fe9a41da0,"['A', 'B', 'C', 'D', 'E', 'F']","[1, 0, 1, 0, 0, 0]","[-0.13208873569965363, -0.8389654755592346, 1.9113061428070068, -0.32738423347473145, -0.30361083149909973, -0.30925703048706055]","[-0.13208873569965363, -0.8389654755592346, 1.9113061428070068, -0.32738423347473145, -0.30361083149909973, -0.30925703048706055]","[-0.13208873569965363, -0.8389654755592346, 1.9113061428070068, -0.32738423347473145, -0.30361083149909973, -0.30925703048706055]",1,1,True,"['A', 'C']","['A', 'C']"
5abeed7e5542993fe9a41da0::active_set_pack_a,5abeed7e5542993fe9a41da0,"['A', 'B', 'C', 'D', 'E', 'F']","[1, 0, 1, 0, 0, 0]","[-0.271990031003952, -0.7516114711761475, 2.2539992332458496, -0.4162996709346771, -0.4037254750728607, -0.4103732705116272]","[-0.271990031003952, -0.7516114711761475, 2.2539992332458496, -0.4162996709346771, -0.4037254750728607, -0.4103732705116272]","[-0.271990031003952, -0.7516114711761475, 2.2539992332458496, -0.4162996709346771, -0.4037254750728607, -0.4103732705116272]",1,1,True,"['A', 'C']","['A', 'C']"
5abeed7e5542993fe9a41da0::working_set_pack_b,5abeed7e5542993fe9a41da0,"['A', 'B', 'C', 'D', 'E', 'F']","[1, 0, 1, 0, 0, 0]","[-0.30466434359550476, -0.6773709058761597, 2.197702646255493, -0.41860803961753845, -0.4019380509853363, -0.39512139558792114]","[-0.30466434359550476, -0.6773709058761597, 2.197702646255493, -0.41860803961753845, -0.4019380509853363, -0.39512139558792114]","[-0.30466434359550476, -0.6773709058761597, 2.197702646255493, -0.41860803961753845, -0.4019380509853363, -0.39512139558792114]",1,1,True,"['A', 'C']","['A', 'C']"
5abeed7e5542993fe9a41da0::active_set_pack_b,5abeed7e5542993fe9a41da0,"['A', 'B', 'C', 'D', 'E', 'F']","[1, 0, 1, 0, 0, 0]","[-0.1154937595129013, -1.1417402029037476, 1.9540400505065918, -0.2446679323911667, -0.22411638498306274, -0.2280215620994568]","[-0.1154937595129013, -1.1417402029037476, 1.9540400505065918, -0.2446679323911667, -0.22411638498306274, -0.2280215620994568]","[-0.1154937595129013, -1.1417402029037476, 1.9540400505065918, -0.2446679323911667, -0.22411638498306274, -0.2280215620994568]",1,1,True,"['A', 'C']","['A', 'C']"
5ab5141a5542991779162d70::working_set_pack_a,5ab5141a5542991779162d70,"['A', 'B', 'C', 'D', 'E', 'F']","[0, 0, 0, 1, 1, 0]","[0.07831212133169174, -0.056172069162130356, 0.10138465464115143, 0.7212802171707153, 0.24765647947788239, -1.0924607515335083]","[0.07831212133169174, -0.056172069162130356, 0.10138465464115143, 0.7212802171707153, 0.24765647947788239, -1.0924607515335083]","[-0.07831212133169174, 0.056172069162130356, -0.10138465464115143, -0.7212802171707153, -0.24765647947788239, 1.0924607515335083]",-1,-1,False,"['A', 'D']","['D', 'E']"
5ab5141a5542991779162d70::active_set_pack_a,5ab5141a5542991779162d70,"['A', 'B', 'C', 'D', 'E', 'F']","[0, 0, 0, 1, 1, 0]","[-0.09280864894390106, -0.2785673141479492, -0.14185793697834015, 0.10756700485944748, 1.1327815055847168, -0.7271147966384888]","[-0.09280864894390106, -0.2785673141479492, -0.14185793697834015, 0.10756700485944748, 1.1327815055847168, -0.7271147966384888]","[-0.09280864894390106, -0.2785673141479492, -0.14185793697834015, 0.10756700485944748, 1.1327815055847168, -0.7271147966384888]",1,1,False,"['A', 'D']","['D', 'E']"
5ab5141a5542991779162d70::working_set_pack_b,5ab5141a5542991779162d70,"['A', 'B', 'C', 'D', 'E', 'F']","[0, 0, 0, 1, 1, 0]","[0.16057460010051727, 0.17891034483909607, 0.25380954146385193, 0.19611144065856934, 0.24103562533855438, -1.0304410457611084]","[0.16057460010051727, 0.17891034483909607, 0.25380954146385193, 0.19611144065856934, 0.24103562533855438, -1.0304410457611084]","[-0.16057460010051727, -0.17891034483909607, -0.25380954146385193, -0.19611144065856934, -0.24103562533855438, 1.0304410457611084]",-1,-1,False,"['A', 'D']","['D', 'E']"
5ab5141a5542991779162d70::active_set_pack_b,5ab5141a5542991779162d70,"['A', 'B', 'C', 'D', 'E', 'F']","[0, 0, 0, 1, 1, 0]","[0.1720941960811615, 0.259547621011734, 0.22815842926502228, 0.185359925031662, 0.2308075875043869, -1.0759679079055786]","[0.1720941960811615, 0.259547621011734, 0.22815842926502228, 0.185359925031662, 0.2308075875043869, -1.0759679079055786]","[0.1720941960811615, 0.259547621011734, 0.22815842926502228, 0.185359925031662, 0.2308075875043869, -1.0759679079055786]",1,1,False,"['A', 'D']","['D', 'E']"
5a7a0d455542990783324e13::working_set_pack_a,5a7a0d455542990783324e13,"['A', 'B', 'C', 'D', 'E', 'F']","[0, 1, 0, 0, 0, 1]","[-0.2964024841785431, -0.028425313532352448, -0.5487602353096008, -0.4229970872402191, -0.3658565878868103, 1.662441611289978]","[-0.2964024841785431, -0.028425313532352448, -0.5487602353096008, -0.4229970872402191, -0.3658565878868103, 1.662441611289978]","[-0.2964024841785431, -0.028425313532352448, -0.5487602353096008, -0.4229970872402191, -0.3658565878868103, 1.662441611289978]",1,1,True,"['B', 'F']","['B', 'F']"
5a7a0d455542990783324e13::active_set_pack_a,5a7a0d455542990783324e13,"['A', 'B', 'C', 'D', 'E', 'F']","[0, 1, 0, 0, 0, 1]","[-0.3286769688129425, 0.046763405203819275, -0.506525993347168, -0.4419487416744232, -0.37313419580459595, 1.6035230159759521]","[-0.3286769688129425, 0.046763405203819275, -0.506525993347168, -0.4419487416744232, -0.37313419580459595, 1.6035230159759521]","[-0.3286769688129425, 0.046763405203819275, -0.506525993347168, -0.4419487416744232, -0.37313419580459595, 1.6035230159759521]",1,1,True,"['B', 'F']","['B', 'F']"
5a7a0d455542990783324e13::working_set_pack_b,5a7a0d455542990783324e13,"['A', 'B', 'C', 'D', 'E', 'F']","[0, 1, 0, 0, 0, 1]","[-0.31752660870552063, 0.17153015732765198, -0.46373772621154785, -0.44371461868286133, -0.37905141711235046, 1.4324997663497925]","[-0.31752660870552063, 0.17153015732765198, -0.46373772621154785, -0.44371461868286133, -0.37905141711235046, 1.4324997663497925]","[-0.31752660870552063, 0.17153015732765198, -0.46373772621154785, -0.44371461868286133, -0.37905141711235046, 1.4324997663497925]",1,1,False,"['A', 'F']","['B', 'F']"
5a7a0d455542990783324e13::active_set_pack_b,5a7a0d455542990783324e13,"['A', 'B', 'C', 'D', 'E', 'F']","[0, 1, 0, 0, 0, 1]","[-0.2816616892814636, 0.7120196223258972, -0.8698216080665588, -0.40405645966529846, -0.3305295407772064, 1.1740491390228271]","[-0.2816616892814636, 0.7120196223258972, -0.8698216080665588, -0.40405645966529846, -0.3305295407772064, 1.1740491390228271]","[-0.2816616892814636, 0.7120196223258972, -0.8698216080665588, -0.40405645966529846, -0.3305295407772064, 1.1740491390228271]",1,1,True,"['B', 'F']","['B', 'F']"
5ab42ebd5542992339550047::working_set_pack_a,5ab42ebd5542992339550047,"['A', 'B', 'C', 'D', 'E', 'F']","[0, 1, 0, 0, 0, 1]","[-1.2139782905578613, 3.2429895401000977, -0.6090279221534729, -0.5388630628585815, -0.41470199823379517, -0.46641767024993896]","[-1.2139782905578613, 3.2429895401000977, -0.6090279221534729, -0.5388630628585815, -0.41470199823379517, -0.46641767024993896]","[1.2139782905578613, -3.2429895401000977, 0.6090279221534729, 0.5388630628585815, 0.41470199823379517, 0.46641767024993896]",-1,-1,False,"['B', 'D']","['B', 'F']"
5ab42ebd5542992339550047::active_set_pack_a,5ab42ebd5542992339550047,"['A', 'B', 'C', 'D', 'E', 'F']","[0, 1, 0, 0, 0, 1]","[-1.1430484056472778, 3.342022657394409, -0.638837993144989, -0.5637003779411316, -0.4735757112503052, -0.5228604674339294]","[-1.1430484056472778, 3.342022657394409, -0.638837993144989, -0.5637003779411316, -0.4735757112503052, -0.5228604674339294]","[1.1430484056472778, -3.342022657394409, 0.638837993144989, 0.5637003779411316, 0.4735757112503052, 0.5228604674339294]",-1,-1,False,"['B', 'D']","['B', 'F']"
5ab42ebd5542992339550047::working_set_pack_b,5ab42ebd5542992339550047,"['A', 'B', 'C', 'D', 'E', 'F']","[0, 1, 0, 0, 0, 1]","[-0.9440076351165771, 2.916985511779785, -0.5460589528083801, -0.4979172348976135, -0.49023813009262085, -0.43876197934150696]","[-0.9440076351165771, 2.916985511779785, -0.5460589528083801, -0.4979172348976135, -0.49023813009262085, -0.43876197934150696]","[0.9440076351165771, -2.916985511779785, 0.5460589528083801, 0.4979172348976135, 0.49023813009262085, 0.43876197934150696]",-1,-1,False,"['B', 'D']","['B', 'F']"
5ab42ebd5542992339550047::active_set_pack_b,5ab42ebd5542992339550047,"['A', 'B', 'C', 'D', 'E', 'F']","[0, 1, 0, 0, 0, 1]","[-1.183763027191162, 2.8804001808166504, -0.4859892427921295, -0.46228882670402527, -0.369696706533432, -0.37866172194480896]","[-1.183763027191162, 2.8804001808166504, -0.4859892427921295, -0.46228882670402527, -0.369696706533432, -0.37866172194480896]","[1.183763027191162, -2.8804001808166504, 0.4859892427921295, 0.46228882670402527, 0.369696706533432, 0.37866172194480896]",-1,-1,False,"['B', 'D']","['B', 'F']"
5a804fc45542992bc0c4a6f0::working_set_pack_a,5a804fc45542992bc0c4a6f0,"['A', 'B', 'C', 'D', 'E', 'F']","[0, 1, 0, 0, 1, 0]","[-0.2584170699119568, 1.761487603187561, -0.2248908132314682, -0.9895177483558655, -0.03387387841939926, -0.25478798151016235]","[-0.2584170699119568, 1.761487603187561, -0.2248908132314682, -0.9895177483558655, -0.03387387841939926, -0.25478798151016235]","[-0.2584170699119568, 1.761487603187561, -0.2248908132314682, -0.9895177483558655, -0.03387387841939926, -0.25478798151016235]",1,1,True,"['B', 'E']","['B', 'E']"
5a804fc45542992bc0c4a6f0::active_set_pack_a,5a804fc45542992bc0c4a6f0,"['A', 'B', 'C', 'D', 'E', 'F']","[0, 1, 0, 0, 1, 0]","[-0.2725454270839691, 1.7720427513122559, -0.2284810096025467, -0.9655969142913818, -0.03229856118559837, -0.27312102913856506]","[-0.2725454270839691, 1.7720427513122559, -0.2284810096025467, -0.9655969142913818, -0.03229856118559837, -0.27312102913856506]","[-0.2725454270839691, 1.7720427513122559, -0.2284810096025467, -0.9655969142913818, -0.03229856118559837, -0.27312102913856506]",1,1,True,"['B', 'E']","['B', 'E']"
5a804fc45542992bc0c4a6f0::working_set_pack_b,5a804fc45542992bc0c4a6f0,"['A', 'B', 'C', 'D', 'E', 'F']","[0, 1, 0, 0, 1, 0]","[-0.33139827847480774, 1.6713159084320068, -0.28997212648391724, -0.5451022386550903, -0.17888018488883972, -0.32596296072006226]","[-0.33139827847480774, 1.6713159084320068, -0.28997212648391724, -0.5451022386550903, -0.17888018488883972, -0.32596296072006226]","[-0.33139827847480774, 1.6713159084320068, -0.28997212648391724, -0.5451022386550903, -0.17888018488883972, -0.32596296072006226]",1,1,True,"['B', 'E']","['B', 'E']"
5a804fc45542992bc0c4a6f0::active_set_pack_b,5a804fc45542992bc0c4a6f0,"['A', 'B', 'C', 'D', 'E', 'F']","[0, 1, 0, 0, 1, 0]","[-0.3282913565635681, 1.9111918210983276, -0.25809890031814575, -0.857964277267456, -0.15755897760391235, -0.3092782199382782]","[-0.3282913565635681, 1.9111918210983276, -0.25809890031814575, -0.857964277267456, -0.15755897760391235, -0.3092782199382782]","[-0.3282913565635681, 1.9111918210983276, -0.25809890031814575, -0.857964277267456, -0.15755897760391235, -0.3092782199382782]",1,1,True,"['B', 'E']","['B', 'E']"
5add85b65542997545bbbd61::working_set_pack_a,5add85b65542997545bbbd61,"['A', 'B', 'C', 'D', 'E', 'F']","[0, 1, 0, 0, 0, 1]","[-1.3392072916030884, 2.116964340209961, -0.1460258811712265, -0.30274006724357605, -0.2859169542789459, -0.04307377338409424]","[-1.3392072916030884, 2.116964340209961, -0.1460258811712265, -0.30274006724357605, -0.2859169542789459, -0.04307377338409424]","[-1.3392072916030884, 2.116964340209961, -0.1460258811712265, -0.30274006724357605, -0.2859169542789459, -0.04307377338409424]",1,1,False,"['B', 'C']","['B', 'F']"
5add85b65542997545bbbd61::active_set_pack_a,5add85b65542997545bbbd61,"['A', 'B', 'C', 'D', 'E', 'F']","[0, 1, 0, 0, 0, 1]","[-1.2712211608886719, 2.2522194385528564, -0.2130340039730072, -0.34486812353134155, -0.33153006434440613, -0.09156661480665207]","[-1.2712211608886719, 2.2522194385528564, -0.2130340039730072, -0.34486812353134155, -0.33153006434440613, -0.09156661480665207]","[1.2712211608886719, -2.2522194385528564, 0.2130340039730072, 0.34486812353134155, 0.33153006434440613, 0.09156661480665207]",-1,-1,False,"['B', 'C']","['B', 'F']"
5add85b65542997545bbbd61::working_set_pack_b,5add85b65542997545bbbd61,"['A', 'B', 'C', 'D', 'E', 'F']","[0, 1, 0, 0, 0, 1]","[-0.8586605191230774, 1.986764907836914, -0.27344536781311035, -0.4182051122188568, -0.382192999124527, -0.05426105856895447]","[-0.8586605191230774, 1.986764907836914, -0.27344536781311035, -0.4182051122188568, -0.382192999124527, -0.05426105856895447]","[0.8586605191230774, -1.986764907836914, 0.27344536781311035, 0.4182051122188568, 0.382192999124527, 0.05426105856895447]",-1,-1,True,"['B', 'F']","['B', 'F']"
5add85b65542997545bbbd61::active_set_pack_b,5add85b65542997545bbbd61,"['A', 'B', 'C', 'D', 'E', 'F']","[0, 1, 0, 0, 0, 1]","[-1.8810356855392456, 0.9449572563171387, 0.2554149925708771, 0.13316553831100464, 0.18826940655708313, 0.3592289388179779]","[-1.8810356855392456, 0.9449572563171387, 0.2554149925708771, 0.13316553831100464, 0.18826940655708313, 0.3592289388179779]","[1.8810356855392456, -0.9449572563171387, -0.2554149925708771, -0.13316553831100464, -0.18826940655708313, -0.3592289388179779]",-1,-1,True,"['B', 'F']","['B', 'F']"
5ac068d25542996f0d89cba2::working_set_pack_a,5ac068d25542996f0d89cba2,"['A', 'B', 'C', 'D', 'E', 'F']","[1, 0, 0, 1, 0, 0]","[0.04350437596440315, 1.1768046617507935, -0.12817451357841492, 0.403459370136261, -0.14633184671401978, -1.3492621183395386]","[0.04350437596440315, 1.1768046617507935, -0.12817451357841492, 0.403459370136261, -0.14633184671401978, -1.3492621183395386]","[-0.04350437596440315, -1.1768046617507935, 0.12817451357841492, -0.403459370136261, 0.14633184671401978, 1.3492621183395386]",-1,-1,False,"['A', 'B']","['A', 'D']"
5ac068d25542996f0d89cba2::active_set_pack_a,5ac068d25542996f0d89cba2,"['A', 'B', 'C', 'D', 'E', 'F']","[1, 0, 0, 1, 0, 0]","[-0.11303935199975967, 1.475284218788147, -0.2879098951816559, 0.21191421151161194, -0.274882972240448, -1.0113660097122192]","[-0.11303935199975967, 1.475284218788147, -0.2879098951816559, 0.21191421151161194, -0.274882972240448, -1.0113660097122192]","[0.11303935199975967, -1.475284218788147, 0.2879098951816559, -0.21191421151161194, 0.274882972240448, 1.0113660097122192]",-1,-1,False,"['A', 'B']","['A', 'D']"
5ac068d25542996f0d89cba2::working_set_pack_b,5ac068d25542996f0d89cba2,"['A', 'B', 'C', 'D', 'E', 'F']","[1, 0, 0, 1, 0, 0]","[0.2015511393547058, 0.6590592861175537, -0.018387023359537125, 0.5277172327041626, -0.012564759701490402, -1.3573756217956543]","[0.2015511393547058, 0.6590592861175537, -0.018387023359537125, 0.5277172327041626, -0.012564759701490402, -1.3573756217956543]","[-0.2015511393547058, -0.6590592861175537, 0.018387023359537125, -0.5277172327041626, 0.012564759701490402, 1.3573756217956543]",-1,-1,False,"['A', 'B']","['A', 'D']"
5ac068d25542996f0d89cba2::active_set_pack_b,5ac068d25542996f0d89cba2,"['A', 'B', 'C', 'D', 'E', 'F']","[1, 0, 0, 1, 0, 0]","[0.10788736492395401, 0.8860229253768921, -0.22479218244552612, 0.3928205966949463, -0.16641774773597717, -0.995520830154419]","[0.10788736492395401, 0.8860229253768921, -0.22479218244552612, 0.3928205966949463, -0.16641774773597717, -0.995520830154419]","[0.10788736492395401, 0.8860229253768921, -0.22479218244552612, 0.3928205966949463, -0.16641774773597717, -0.995520830154419]",1,1,True,"['A', 'D']","['A', 'D']"
5ade8f5e55429975fa854f11::working_set_pack_a,5ade8f5e55429975fa854f11,"['A', 'B', 'C', 'D', 'E', 'F']","[0, 1, 0, 0, 0, 1]","[-0.49116596579551697, 1.3673909902572632, -0.5738250613212585, -0.2771216034889221, -0.4205825626850128, 0.3953039348125458]","[-0.49116596579551697, 1.3673909902572632, -0.5738250613212585, -0.2771216034889221, -0.4205825626850128, 0.3953039348125458]","[-0.49116596579551697, 1.3673909902572632, -0.5738250613212585, -0.2771216034889221, -0.4205825626850128, 0.3953039348125458]",1,1,False,"['B', 'D']","['B', 'F']"
5ade8f5e55429975fa854f11::active_set_pack_a,5ade8f5e55429975fa854f11,"['A', 'B', 'C', 'D', 'E', 'F']","[0, 1, 0, 0, 0, 1]","[-0.45864593982696533, 1.4403951168060303, -0.5272567272186279, -0.28485381603240967, -0.3950001001358032, 0.22536174952983856]","[-0.45864593982696533, 1.4403951168060303, -0.5272567272186279, -0.28485381603240967, -0.3950001001358032, 0.22536174952983856]","[-0.45864593982696533, 1.4403951168060303, -0.5272567272186279, -0.28485381603240967, -0.3950001001358032, 0.22536174952983856]",1,1,True,"['B', 'F']","['B', 'F']"
5ade8f5e55429975fa854f11::working_set_pack_b,5ade8f5e55429975fa854f11,"['A', 'B', 'C', 'D', 'E', 'F']","[0, 1, 0, 0, 0, 1]","[-0.47159621119499207, 1.6606113910675049, -0.5495858192443848, -0.2836860120296478, -0.42802953720092773, 0.0722862109541893]","[-0.47159621119499207, 1.6606113910675049, -0.5495858192443848, -0.2836860120296478, -0.42802953720092773, 0.0722862109541893]","[-0.47159621119499207, 1.6606113910675049, -0.5495858192443848, -0.2836860120296478, -0.42802953720092773, 0.0722862109541893]",1,1,True,"['B', 'F']","['B', 'F']"
5ade8f5e55429975fa854f11::active_set_pack_b,5ade8f5e55429975fa854f11,"['A', 'B', 'C', 'D', 'E', 'F']","[0, 1, 0, 0, 0, 1]","[-0.6186611652374268, 1.4515233039855957, -0.5106126666069031, -0.3200385272502899, -0.43088147044181824, 0.4286709725856781]","[-0.6186611652374268, 1.4515233039855957, -0.5106126666069031, -0.3200385272502899, -0.43088147044181824, 0.4286709725856781]","[-0.6186611652374268, 1.4515233039855957, -0.5106126666069031, -0.3200385272502899, -0.43088147044181824, 0.4286709725856781]",1,1,True,"['B', 'F']","['B', 'F']"
5ac1b7495542994ab5c67dd9::working_set_pack_a,5ac1b7495542994ab5c67dd9,"['A', 'B', 'C', 'D', 'E', 'F']","[0, 0, 1, 1, 0, 0]","[-0.31687307357788086, -0.3288668990135193, 1.442055106163025, -0.2322234809398651, -0.33864814043045044, -0.2254433035850525]","[-0.31687307357788086, -0.3288668990135193, 1.442055106163025, -0.2322234809398651, -0.33864814043045044, -0.2254433035850525]","[-0.31687307357788086, -0.3288668990135193, 1.442055106163025, -0.2322234809398651, -0.33864814043045044, -0.2254433035850525]",1,1,False,"['C', 'F']","['C', 'D']"
5ac1b7495542994ab5c67dd9::active_set_pack_a,5ac1b7495542994ab5c67dd9,"['A', 'B', 'C', 'D', 'E', 'F']","[0, 0, 1, 1, 0, 0]","[-0.2609102427959442, -0.29259437322616577, 1.195513129234314, -0.17981429398059845, -0.28155842423439026, -0.18063591420650482]","[-0.2609102427959442, -0.29259437322616577, 1.195513129234314, -0.17981429398059845, -0.28155842423439026, -0.18063591420650482]","[-0.2609102427959442, -0.29259437322616577, 1.195513129234314, -0.17981429398059845, -0.28155842423439026, -0.18063591420650482]",1,1,False,"['C', 'F']","['C', 'D']"
5ac1b7495542994ab5c67dd9::working_set_pack_b,5ac1b7495542994ab5c67dd9,"['A', 'B', 'C', 'D', 'E', 'F']","[0, 0, 1, 1, 0, 0]","[-0.2386871725320816, -0.19895365834236145, 1.2358983755111694, -0.13447372615337372, -0.2928188741207123, -0.3709651231765747]","[-0.2386871725320816, -0.19895365834236145, 1.2358983755111694, -0.13447372615337372, -0.2928188741207123, -0.3709651231765747]","[-0.2386871725320816, -0.19895365834236145, 1.2358983755111694, -0.13447372615337372, -0.2928188741207123, -0.3709651231765747]",1,1,False,"['C', 'F']","['C', 'D']"
5ac1b7495542994ab5c67dd9::active_set_pack_b,5ac1b7495542994ab5c67dd9,"['A', 'B', 'C', 'D', 'E', 'F']","[0, 0, 1, 1, 0, 0]","[-0.19825756549835205, -0.06675022095441818, 0.7469963431358337, 0.010440747253596783, -0.15431341528892517, -0.33811601996421814]","[-0.19825756549835205, -0.06675022095441818, 0.7469963431358337, 0.010440747253596783, -0.15431341528892517, -0.33811601996421814]","[-0.19825756549835205, -0.06675022095441818, 0.7469963431358337, 0.010440747253596783, -0.15431341528892517, -0.33811601996421814]",1,1,False,"['C', 'F']","['C', 'D']"
5ae4b3da55429913cc2044d6::working_set_pack_a,5ae4b3da55429913cc2044d6,"['A', 'B', 'C', 'D', 'E', 'F']","[0, 0, 1, 0, 0, 1]","[-0.4915490448474884, -0.5621441006660461, 2.3301279544830322, -0.4580826163291931, -0.4632588326931, -0.3550938665866852]","[-0.4915490448474884, -0.5621441006660461, 2.3301279544830322, -0.4580826163291931, -0.4632588326931, -0.3550938665866852]","[-0.4915490448474884, -0.5621441006660461, 2.3301279544830322, -0.4580826163291931, -0.4632588326931, -0.3550938665866852]",1,1,True,"['C', 'F']","['C', 'F']"
5ae4b3da55429913cc2044d6::active_set_pack_a,5ae4b3da55429913cc2044d6,"['A', 'B', 'C', 'D', 'E', 'F']","[0, 0, 1, 0, 0, 1]","[-0.47944149374961853, -0.5491763353347778, 2.24865984916687, -0.4432227611541748, -0.4528595507144928, -0.3239593505859375]","[-0.47944149374961853, -0.5491763353347778, 2.24865984916687, -0.4432227611541748, -0.4528595507144928, -0.3239593505859375]","[-0.47944149374961853, -0.5491763353347778, 2.24865984916687, -0.4432227611541748, -0.4528595507144928, -0.3239593505859375]",1,1,True,"['C', 'F']","['C', 'F']"
5ae4b3da55429913cc2044d6::working_set_pack_b,5ae4b3da55429913cc2044d6,"['A', 'B', 'C', 'D', 'E', 'F']","[0, 0, 1, 0, 0, 1]","[-0.4577835500240326, -0.4832233190536499, 2.1265790462493896, -0.4140636622905731, -0.413455992937088, -0.3580526113510132]","[-0.4577835500240326, -0.4832233190536499, 2.1265790462493896, -0.4140636622905731, -0.413455992937088, -0.3580526113510132]","[-0.4577835500240326, -0.4832233190536499, 2.1265790462493896, -0.4140636622905731, -0.413455992937088, -0.3580526113510132]",1,1,True,"['C', 'F']","['C', 'F']"
5ae4b3da55429913cc2044d6::active_set_pack_b,5ae4b3da55429913cc2044d6,"['A', 'B', 'C', 'D', 'E', 'F']","[0, 0, 1, 0, 0, 1]","[-0.5401491522789001, -0.5883268713951111, 2.54878306388855, -0.49842971563339233, -0.489538311958313, -0.4323386549949646]","[-0.5401491522789001, -0.5883268713951111, 2.54878306388855, -0.49842971563339233, -0.489538311958313, -0.4323386549949646]","[-0.5401491522789001, -0.5883268713951111, 2.54878306388855, -0.49842971563339233, -0.489538311958313, -0.4323386549949646]",1,1,True,"['C', 'F']","['C', 'F']"
5ab93287554299753720f78f::working_set_pack_a,5ab93287554299753720f78f,"['A', 'B', 'C', 'D', 'E', 'F']","[0, 0, 1, 0, 1, 0]","[0.7409750819206238, -2.147225856781006, 0.3826812505722046, 0.3782360851764679, 0.27189141511917114, 0.3734420835971832]","[-0.7409750819206238, 2.147225856781006, -0.3826812505722046, -0.3782360851764679, -0.27189141511917114, -0.3734420835971832]","[-0.7409750819206238, 2.147225856781006, -0.3826812505722046, -0.3782360851764679, -0.27189141511917114, -0.3734420835971832]",-1,1,False,"['B', 'E']","['C', 'E']"
5ab93287554299753720f78f::active_set_pack_a,5ab93287554299753720f78f,"['A', 'B', 'C', 'D', 'E', 'F']","[0, 0, 1, 0, 1, 0]","[0.7081871628761292, -2.6207175254821777, 0.5177631378173828, 0.5060916543006897, 0.3892015218734741, 0.49947527050971985]","[-0.7081871628761292, 2.6207175254821777, -0.5177631378173828, -0.5060916543006897, -0.3892015218734741, -0.49947527050971985]","[-0.7081871628761292, 2.6207175254821777, -0.5177631378173828, -0.5060916543006897, -0.3892015218734741, -0.49947527050971985]",-1,1,False,"['B', 'E']","['C', 'E']"
5ab93287554299753720f78f::working_set_pack_b,5ab93287554299753720f78f,"['A', 'B', 'C', 'D', 'E', 'F']","[0, 0, 1, 0, 1, 0]","[0.5302107334136963, -1.693286418914795, 0.39358872175216675, 0.3019295632839203, 0.16928471624851227, 0.2982732653617859]","[-0.5302107334136963, 1.693286418914795, -0.39358872175216675, -0.3019295632839203, -0.16928471624851227, -0.2982732653617859]","[-0.5302107334136963, 1.693286418914795, -0.39358872175216675, -0.3019295632839203, -0.16928471624851227, -0.2982732653617859]",-1,1,False,"['B', 'E']","['C', 'E']"
5ab93287554299753720f78f::active_set_pack_b,5ab93287554299753720f78f,"['A', 'B', 'C', 'D', 'E', 'F']","[0, 0, 1, 0, 1, 0]","[0.599069356918335, -2.4595515727996826, 0.5502742528915405, 0.4889795184135437, 0.3360881805419922, 0.48514020442962646]","[-0.599069356918335, 2.4595515727996826, -0.5502742528915405, -0.4889795184135437, -0.3360881805419922, -0.48514020442962646]","[-0.599069356918335, 2.4595515727996826, -0.5502742528915405, -0.4889795184135437, -0.3360881805419922, -0.48514020442962646]",-1,1,False,"['B', 'E']","['C', 'E']"
5ae64cbf5542992ae0d162c1::working_set_pack_a,5ae64cbf5542992ae0d162c1,"['A', 'B', 'C', 'D', 'E', 'F']","[1, 0, 0, 1, 0, 0]","[-0.3952445387840271, -0.4821391701698303, -0.45327845215797424, 2.0556864738464355, -0.4237693250179291, -0.3012547492980957]","[-0.3952445387840271, -0.4821391701698303, -0.45327845215797424, 2.0556864738464355, -0.4237693250179291, -0.3012547492980957]","[-0.3952445387840271, -0.4821391701698303, -0.45327845215797424, 2.0556864738464355, -0.4237693250179291, -0.3012547492980957]",1,1,True,"['A', 'D']","['A', 'D']"
5ae64cbf5542992ae0d162c1::active_set_pack_a,5ae64cbf5542992ae0d162c1,"['A', 'B', 'C', 'D', 'E', 'F']","[1, 0, 0, 1, 0, 0]","[-0.44976866245269775, -0.5202330350875854, -0.5139067769050598, 2.359708786010742, -0.47918304800987244, -0.39661669731140137]","[-0.44976866245269775, -0.5202330350875854, -0.5139067769050598, 2.359708786010742, -0.47918304800987244, -0.39661669731140137]","[-0.44976866245269775, -0.5202330350875854, -0.5139067769050598, 2.359708786010742, -0.47918304800987244, -0.39661669731140137]",1,1,True,"['A', 'D']","['A', 'D']"
5ae64cbf5542992ae0d162c1::working_set_pack_b,5ae64cbf5542992ae0d162c1,"['A', 'B', 'C', 'D', 'E', 'F']","[1, 0, 0, 1, 0, 0]","[-0.4948732852935791, -0.594325602054596, -0.5569401383399963, 2.547678232192993, -0.5275617241859436, -0.3739771544933319]","[-0.4948732852935791, -0.594325602054596, -0.5569401383399963, 2.547678232192993, -0.5275617241859436, -0.3739771544933319]","[-0.4948732852935791, -0.594325602054596, -0.5569401383399963, 2.547678232192993, -0.5275617241859436, -0.3739771544933319]",1,1,True,"['A', 'D']","['A', 'D']"
5ae64cbf5542992ae0d162c1::active_set_pack_b,5ae64cbf5542992ae0d162c1,"['A', 'B', 'C', 'D', 'E', 'F']","[1, 0, 0, 1, 0, 0]","[-0.43392935395240784, -0.5956442356109619, -0.5236412882804871, 2.346803903579712, -0.4744489789009094, -0.31913983821868896]","[-0.43392935395240784, -0.5956442356109619, -0.5236412882804871, 2.346803903579712, -0.4744489789009094, -0.31913983821868896]","[-0.43392935395240784, -0.5956442356109619, -0.5236412882804871, 2.346803903579712, -0.4744489789009094, -0.31913983821868896]",1,1,True,"['A', 'D']","['A', 'D']"
5abae52a5542996cc5e49eea::working_set_pack_a,5abae52a5542996cc5e49eea,"['A', 'B', 'C', 'D', 'E', 'F']","[0, 1, 0, 0, 0, 1]","[-0.2541784644126892, 1.9491736888885498, -0.6805206537246704, -0.37260356545448303, -0.31625208258628845, -0.32561999559402466]","[-0.2541784644126892, 1.9491736888885498, -0.6805206537246704, -0.37260356545448303, -0.31625208258628845, -0.32561999559402466]","[0.2541784644126892, -1.9491736888885498, 0.6805206537246704, 0.37260356545448303, 0.31625208258628845, 0.32561999559402466]",-1,-1,False,"['A', 'B']","['B', 'F']"
5abae52a5542996cc5e49eea::active_set_pack_a,5abae52a5542996cc5e49eea,"['A', 'B', 'C', 'D', 'E', 'F']","[0, 1, 0, 0, 0, 1]","[-0.20353592932224274, 1.703155517578125, -0.6632286906242371, -0.3488331437110901, -0.265532910823822, -0.22202490270137787]","[-0.20353592932224274, 1.703155517578125, -0.6632286906242371, -0.3488331437110901, -0.265532910823822, -0.22202490270137787]","[0.20353592932224274, -1.703155517578125, 0.6632286906242371, 0.3488331437110901, 0.265532910823822, 0.22202490270137787]",-1,-1,False,"['A', 'B']","['B', 'F']"
5abae52a5542996cc5e49eea::working_set_pack_b,5abae52a5542996cc5e49eea,"['A', 'B', 'C', 'D', 'E', 'F']","[0, 1, 0, 0, 0, 1]","[-0.008142204955220222, 0.8769891262054443, -0.41006091237068176, -0.2546215057373047, -0.08268000185489655, -0.12148488312959671]","[-0.008142204955220222, 0.8769891262054443, -0.41006091237068176, -0.2546215057373047, -0.08268000185489655, -0.12148488312959671]","[-0.008142204955220222, 0.8769891262054443, -0.41006091237068176, -0.2546215057373047, -0.08268000185489655, -0.12148488312959671]",1,1,False,"['A', 'B']","['B', 'F']"
5abae52a5542996cc5e49eea::active_set_pack_b,5abae52a5542996cc5e49eea,"['A', 'B', 'C', 'D', 'E', 'F']","[0, 1, 0, 0, 0, 1]","[-0.18259501457214355, 1.6549465656280518, -0.5750960111618042, -0.4896107614040375, -0.2272842675447464, -0.18036051094532013]","[-0.18259501457214355, 1.6549465656280518, -0.5750960111618042, -0.4896107614040375, -0.2272842675447464, -0.18036051094532013]","[0.18259501457214355, -1.6549465656280518, 0.5750960111618042, 0.4896107614040375, 0.2272842675447464, 0.18036051094532013]",-1,-1,False,"['A', 'B']","['B', 'F']"
5ae2e27155429928c423952a::working_set_pack_a,5ae2e27155429928c423952a,"['A', 'B', 'C', 'D', 'E', 'F']","[0, 0, 0, 0, 1, 1]","[-1.7869065999984741, 0.641694962978363, 0.2969885468482971, 0.44094592332839966, 0.2795819938182831, 0.12769533693790436]","[1.7869065999984741, -0.641694962978363, -0.2969885468482971, -0.44094592332839966, -0.2795819938182831, -0.12769533693790436]","[1.7869065999984741, -0.641694962978363, -0.2969885468482971, -0.44094592332839966, -0.2795819938182831, -0.12769533693790436]",-1,1,False,"['A', 'F']","['E', 'F']"
5ae2e27155429928c423952a::active_set_pack_a,5ae2e27155429928c423952a,"['A', 'B', 'C', 'D', 'E', 'F']","[0, 0, 0, 0, 1, 1]","[-1.5551425218582153, 0.7019031047821045, 0.22565270960330963, 0.37476348876953125, 0.20159876346588135, 0.0512247271835804]","[1.5551425218582153, -0.7019031047821045, -0.22565270960330963, -0.37476348876953125, -0.20159876346588135, -0.0512247271835804]","[-1.5551425218582153, 0.7019031047821045, 0.22565270960330963, 0.37476348876953125, 0.20159876346588135, 0.0512247271835804]",1,-1,False,"['A', 'F']","['E', 'F']"
5ae2e27155429928c423952a::working_set_pack_b,5ae2e27155429928c423952a,"['A', 'B', 'C', 'D', 'E', 'F']","[0, 0, 0, 0, 1, 1]","[-1.219346284866333, 0.5643981695175171, 0.1219608262181282, 0.2995889484882355, 0.13955630362033844, 0.09384177625179291]","[1.219346284866333, -0.5643981695175171, -0.1219608262181282, -0.2995889484882355, -0.13955630362033844, -0.09384177625179291]","[-1.219346284866333, 0.5643981695175171, 0.1219608262181282, 0.2995889484882355, 0.13955630362033844, 0.09384177625179291]",1,-1,False,"['A', 'F']","['E', 'F']"
5ae2e27155429928c423952a::active_set_pack_b,5ae2e27155429928c423952a,"['A', 'B', 'C', 'D', 'E', 'F']","[0, 0, 0, 0, 1, 1]","[1.002030611038208, -1.2286456823349, -0.01045131403952837, -0.07576051354408264, 0.1120300218462944, 0.20079654455184937]","[1.002030611038208, -1.2286456823349, -0.01045131403952837, -0.07576051354408264, 0.1120300218462944, 0.20079654455184937]","[1.002030611038208, -1.2286456823349, -0.01045131403952837, -0.07576051354408264, 0.1120300218462944, 0.20079654455184937]",1,1,False,"['A', 'F']","['E', 'F']"
5a80d30655429938b61421fe::working_set_pack_a,5a80d30655429938b61421fe,"['A', 'B', 'C', 'D', 'E', 'F']","[0, 0, 1, 0, 1, 0]","[-0.4076593518257141, -0.281053364276886, -0.11193770915269852, -0.12643513083457947, 1.043653130531311, -0.11656776070594788]","[-0.4076593518257141, -0.281053364276886, -0.11193770915269852, -0.12643513083457947, 1.043653130531311, -0.11656776070594788]","[0.4076593518257141, 0.281053364276886, 0.11193770915269852, 0.12643513083457947, -1.043653130531311, 0.11656776070594788]",-1,-1,False,"['A', 'E']","['C', 'E']"
5a80d30655429938b61421fe::active_set_pack_a,5a80d30655429938b61421fe,"['A', 'B', 'C', 'D', 'E', 'F']","[0, 0, 1, 0, 1, 0]","[-0.39626842737197876, -0.38370034098625183, -0.00540560856461525, -0.07401799410581589, 0.921745777130127, -0.06235324218869209]","[-0.39626842737197876, -0.38370034098625183, -0.00540560856461525, -0.07401799410581589, 0.921745777130127, -0.06235324218869209]","[-0.39626842737197876, -0.38370034098625183, -0.00540560856461525, -0.07401799410581589, 0.921745777130127, -0.06235324218869209]",1,1,False,"['A', 'E']","['C', 'E']"
5a80d30655429938b61421fe::working_set_pack_b,5a80d30655429938b61421fe,"['A', 'B', 'C', 'D', 'E', 'F']","[0, 0, 1, 0, 1, 0]","[-0.4630261957645416, -0.1846226006746292, -0.06079256534576416, -0.08028984069824219, 0.8717561960220337, -0.08302507549524307]","[-0.4630261957645416, -0.1846226006746292, -0.06079256534576416, -0.08028984069824219, 0.8717561960220337, -0.08302507549524307]","[-0.4630261957645416, -0.1846226006746292, -0.06079256534576416, -0.08028984069824219, 0.8717561960220337, -0.08302507549524307]",1,1,False,"['A', 'E']","['C', 'E']"
5a80d30655429938b61421fe::active_set_pack_b,5a80d30655429938b61421fe,"['A', 'B', 'C', 'D', 'E', 'F']","[0, 0, 1, 0, 1, 0]","[-0.27700167894363403, -0.7055256366729736, 0.020971767604351044, -0.015438780188560486, 0.9831511378288269, -0.006157174706459045]","[-0.27700167894363403, -0.7055256366729736, 0.020971767604351044, -0.015438780188560486, 0.9831511378288269, -0.006157174706459045]","[-0.27700167894363403, -0.7055256366729736, 0.020971767604351044, -0.015438780188560486, 0.9831511378288269, -0.006157174706459045]",1,1,False,"['A', 'E']","['C', 'E']"
5a77bd595542995d83181291::working_set_pack_a,5a77bd595542995d83181291,"['A', 'B', 'C', 'D', 'E', 'F']","[1, 1, 0, 0, 0, 0]","[2.9944987297058105, -0.4363391101360321, -0.8505136966705322, -0.5684046149253845, -0.5659336447715759, -0.5733073353767395]","[2.9944987297058105, -0.4363391101360321, -0.8505136966705322, -0.5684046149253845, -0.5659336447715759, -0.5733073353767395]","[-2.9944987297058105, 0.4363391101360321, 0.8505136966705322, 0.5684046149253845, 0.5659336447715759, 0.5733073353767395]",-1,-1,True,"['A', 'B']","['A', 'B']"
5a77bd595542995d83181291::active_set_pack_a,5a77bd595542995d83181291,"['A', 'B', 'C', 'D', 'E', 'F']","[1, 1, 0, 0, 0, 0]","[2.9566876888275146, -0.42260608077049255, -0.8660960793495178, -0.5547494888305664, -0.5533055067062378, -0.5599312782287598]","[2.9566876888275146, -0.42260608077049255, -0.8660960793495178, -0.5547494888305664, -0.5533055067062378, -0.5599312782287598]","[-2.9566876888275146, 0.42260608077049255, 0.8660960793495178, 0.5547494888305664, 0.5533055067062378, 0.5599312782287598]",-1,-1,True,"['A', 'B']","['A', 'B']"
5a77bd595542995d83181291::working_set_pack_b,5a77bd595542995d83181291,"['A', 'B', 'C', 'D', 'E', 'F']","[1, 1, 0, 0, 0, 0]","[2.7118947505950928, -0.4214441478252411, -0.7251839637756348, -0.5194886922836304, -0.5200819373130798, -0.5256968140602112]","[2.7118947505950928, -0.4214441478252411, -0.7251839637756348, -0.5194886922836304, -0.5200819373130798, -0.5256968140602112]","[-2.7118947505950928, 0.4214441478252411, 0.7251839637756348, 0.5194886922836304, 0.5200819373130798, 0.5256968140602112]",-1,-1,True,"['A', 'B']","['A', 'B']"
5a77bd595542995d83181291::active_set_pack_b,5a77bd595542995d83181291,"['A', 'B', 'C', 'D', 'E', 'F']","[1, 1, 0, 0, 0, 0]","[2.350799083709717, -0.3087421655654907, -0.7225058674812317, -0.4373408854007721, -0.4311041831970215, -0.45110636949539185]","[2.350799083709717, -0.3087421655654907, -0.7225058674812317, -0.4373408854007721, -0.4311041831970215, -0.45110636949539185]","[-2.350799083709717, 0.3087421655654907, 0.7225058674812317, 0.4373408854007721, 0.4311041831970215, 0.45110636949539185]",-1,-1,True,"['A', 'B']","['A', 'B']"
5abffc58554299012d1db552::working_set_pack_a,5abffc58554299012d1db552,"['A', 'B', 'C', 'D', 'E', 'F']","[0, 0, 1, 0, 1, 0]","[-0.7310417294502258, -0.647057294845581, 2.3667356967926025, -0.5109163522720337, 0.036667343229055405, -0.5143881440162659]","[-0.7310417294502258, -0.647057294845581, 2.3667356967926025, -0.5109163522720337, 0.036667343229055405, -0.5143881440162659]","[0.7310417294502258, 0.647057294845581, -2.3667356967926025, 0.5109163522720337, -0.036667343229055405, 0.5143881440162659]",-1,-1,True,"['C', 'E']","['C', 'E']"
5abffc58554299012d1db552::active_set_pack_a,5abffc58554299012d1db552,"['A', 'B', 'C', 'D', 'E', 'F']","[0, 0, 1, 0, 1, 0]","[-0.7098979949951172, -0.6562209129333496, 2.5504069328308105, -0.5443614721298218, -0.07889322936534882, -0.561033308506012]","[-0.7098979949951172, -0.6562209129333496, 2.5504069328308105, -0.5443614721298218, -0.07889322936534882, -0.561033308506012]","[-0.7098979949951172, -0.6562209129333496, 2.5504069328308105, -0.5443614721298218, -0.07889322936534882, -0.561033308506012]",1,1,True,"['C', 'E']","['C', 'E']"
5abffc58554299012d1db552::working_set_pack_b,5abffc58554299012d1db552,"['A', 'B', 'C', 'D', 'E', 'F']","[0, 0, 1, 0, 1, 0]","[-0.5725564956665039, -0.6517603397369385, 2.265716314315796, -0.4754430651664734, -0.08405063301324844, -0.4819055199623108]","[-0.5725564956665039, -0.6517603397369385, 2.265716314315796, -0.4754430651664734, -0.08405063301324844, -0.4819055199623108]","[0.5725564956665039, 0.6517603397369385, -2.265716314315796, 0.4754430651664734, 0.08405063301324844, 0.4819055199623108]",-1,-1,True,"['C', 'E']","['C', 'E']"
5abffc58554299012d1db552::active_set_pack_b,5abffc58554299012d1db552,"['A', 'B', 'C', 'D', 'E', 'F']","[0, 0, 1, 0, 1, 0]","[-0.6816490888595581, -0.8931611180305481, 0.6221473217010498, -0.5199989676475525, 1.942257285118103, -0.46959570050239563]","[-0.6816490888595581, -0.8931611180305481, 0.6221473217010498, -0.5199989676475525, 1.942257285118103, -0.46959570050239563]","[-0.6816490888595581, -0.8931611180305481, 0.6221473217010498, -0.5199989676475525, 1.942257285118103, -0.46959570050239563]",1,1,True,"['C', 'E']","['C', 'E']"
5ac12fda5542994d76dccdb0::working_set_pack_a,5ac12fda5542994d76dccdb0,"['A', 'B', 'C', 'D', 'E', 'F']","[0, 1, 0, 0, 1, 0]","[-0.17096439003944397, 1.511756420135498, -1.026291847229004, -0.26093530654907227, 0.18730425834655762, -0.24086885154247284]","[-0.17096439003944397, 1.511756420135498, -1.026291847229004, -0.26093530654907227, 0.18730425834655762, -0.24086885154247284]","[-0.17096439003944397, 1.511756420135498, -1.026291847229004, -0.26093530654907227, 0.18730425834655762, -0.24086885154247284]",1,1,False,"['A', 'E']","['B', 'E']"
5ac12fda5542994d76dccdb0::active_set_pack_a,5ac12fda5542994d76dccdb0,"['A', 'B', 'C', 'D', 'E', 'F']","[0, 1, 0, 0, 1, 0]","[-0.29466041922569275, 1.5067373514175415, -0.8017139434814453, -0.30846789479255676, 0.20725545287132263, -0.30915042757987976]","[0.29466041922569275, -1.5067373514175415, 0.8017139434814453, 0.30846789479255676, -0.20725545287132263, 0.30915042757987976]","[-0.29466041922569275, 1.5067373514175415, -0.8017139434814453, -0.30846789479255676, 0.20725545287132263, -0.30915042757987976]",1,-1,False,"['A', 'E']","['B', 'E']"
5ac12fda5542994d76dccdb0::working_set_pack_b,5ac12fda5542994d76dccdb0,"['A', 'B', 'C', 'D', 'E', 'F']","[0, 1, 0, 0, 1, 0]","[-0.24301309883594513, 0.3655179738998413, -0.9712841510772705, -0.2681919038295746, 1.410451054573059, -0.29348045587539673]","[-0.24301309883594513, 0.3655179738998413, -0.9712841510772705, -0.2681919038295746, 1.410451054573059, -0.29348045587539673]","[-0.24301309883594513, 0.3655179738998413, -0.9712841510772705, -0.2681919038295746, 1.410451054573059, -0.29348045587539673]",1,1,False,"['A', 'E']","['B', 'E']"
5ac12fda5542994d76dccdb0::active_set_pack_b,5ac12fda5542994d76dccdb0,"['A', 'B', 'C', 'D', 'E', 'F']","[0, 1, 0, 0, 1, 0]","[-0.25481700897216797, 0.1309293657541275, -0.8986024260520935, -0.26165661215782166, 1.572943091392517, -0.28879624605178833]","[-0.25481700897216797, 0.1309293657541275, -0.8986024260520935, -0.26165661215782166, 1.572943091392517, -0.28879624605178833]","[-0.25481700897216797, 0.1309293657541275, -0.8986024260520935, -0.26165661215782166, 1.572943091392517, -0.28879624605178833]",1,1,False,"['A', 'E']","['B', 'E']"
5a8e171b554299068b959e5a::working_set_pack_a,5a8e171b554299068b959e5a,"['A', 'B', 'C', 'D', 'E', 'F']","[1, 0, 0, 0, 0, 1]","[1.5397286415100098, -1.3355579376220703, -0.1263124793767929, -0.389756977558136, -0.28430405259132385, 0.5962022542953491]","[1.5397286415100098, -1.3355579376220703, -0.1263124793767929, -0.389756977558136, -0.28430405259132385, 0.5962022542953491]","[1.5397286415100098, -1.3355579376220703, -0.1263124793767929, -0.389756977558136, -0.28430405259132385, 0.5962022542953491]",1,1,True,"['A', 'F']","['A', 'F']"
5a8e171b554299068b959e5a::active_set_pack_a,5a8e171b554299068b959e5a,"['A', 'B', 'C', 'D', 'E', 'F']","[1, 0, 0, 0, 0, 1]","[1.0858848094940186, -1.4522404670715332, -0.05181087553501129, -0.3226562440395355, -0.2215799242258072, 0.9624028205871582]","[1.0858848094940186, -1.4522404670715332, -0.05181087553501129, -0.3226562440395355, -0.2215799242258072, 0.9624028205871582]","[1.0858848094940186, -1.4522404670715332, -0.05181087553501129, -0.3226562440395355, -0.2215799242258072, 0.9624028205871582]",1,1,True,"['A', 'F']","['A', 'F']"
5a8e171b554299068b959e5a::working_set_pack_b,5a8e171b554299068b959e5a,"['A', 'B', 'C', 'D', 'E', 'F']","[1, 0, 0, 0, 0, 1]","[-0.09184111654758453, -0.6744999289512634, -0.2741621434688568, -0.4854159951210022, -0.3667912781238556, 1.8927098512649536]","[-0.09184111654758453, -0.6744999289512634, -0.2741621434688568, -0.4854159951210022, -0.3667912781238556, 1.8927098512649536]","[-0.09184111654758453, -0.6744999289512634, -0.2741621434688568, -0.4854159951210022, -0.3667912781238556, 1.8927098512649536]",1,1,True,"['A', 'F']","['A', 'F']"
5a8e171b554299068b959e5a::active_set_pack_b,5a8e171b554299068b959e5a,"['A', 'B', 'C', 'D', 'E', 'F']","[1, 0, 0, 0, 0, 1]","[-0.32606276869773865, -0.7998454570770264, -0.34217748045921326, -0.6193052530288696, -0.4782068133354187, 2.565598249435425]","[-0.32606276869773865, -0.7998454570770264, -0.34217748045921326, -0.6193052530288696, -0.4782068133354187, 2.565598249435425]","[-0.32606276869773865, -0.7998454570770264, -0.34217748045921326, -0.6193052530288696, -0.4782068133354187, 2.565598249435425]",1,1,True,"['A', 'F']","['A', 'F']"
5ae377a35542994393b9e6db::working_set_pack_a,5ae377a35542994393b9e6db,"['A', 'B', 'C', 'D', 'E', 'F']","[0, 1, 0, 1, 0, 0]","[-0.8973298072814941, 3.226816415786743, -0.6852409839630127, -0.3031691014766693, -0.6686358451843262, -0.6724403500556946]","[-0.8973298072814941, 3.226816415786743, -0.6852409839630127, -0.3031691014766693, -0.6686358451843262, -0.6724403500556946]","[-0.8973298072814941, 3.226816415786743, -0.6852409839630127, -0.3031691014766693, -0.6686358451843262, -0.6724403500556946]",1,1,True,"['B', 'D']","['B', 'D']"
5ae377a35542994393b9e6db::active_set_pack_a,5ae377a35542994393b9e6db,"['A', 'B', 'C', 'D', 'E', 'F']","[0, 1, 0, 1, 0, 0]","[-0.8884863257408142, 3.3665308952331543, -0.7219356894493103, -0.3444490134716034, -0.7058526277542114, -0.7058072090148926]","[-0.8884863257408142, 3.3665308952331543, -0.7219356894493103, -0.3444490134716034, -0.7058526277542114, -0.7058072090148926]","[-0.8884863257408142, 3.3665308952331543, -0.7219356894493103, -0.3444490134716034, -0.7058526277542114, -0.7058072090148926]",1,1,True,"['B', 'D']","['B', 'D']"
5ae377a35542994393b9e6db::working_set_pack_b,5ae377a35542994393b9e6db,"['A', 'B', 'C', 'D', 'E', 'F']","[0, 1, 0, 1, 0, 0]","[-0.862504243850708, 3.4082696437835693, -0.7373188138008118, -0.463706910610199, -0.6878904104232788, -0.6568487882614136]","[-0.862504243850708, 3.4082696437835693, -0.7373188138008118, -0.463706910610199, -0.6878904104232788, -0.6568487882614136]","[-0.862504243850708, 3.4082696437835693, -0.7373188138008118, -0.463706910610199, -0.6878904104232788, -0.6568487882614136]",1,1,True,"['B', 'D']","['B', 'D']"
5ae377a35542994393b9e6db::active_set_pack_b,5ae377a35542994393b9e6db,"['A', 'B', 'C', 'D', 'E', 'F']","[0, 1, 0, 1, 0, 0]","[-0.7699100375175476, 3.046416997909546, -0.7478703856468201, -0.25120383501052856, -0.6397728323936462, -0.637660026550293]","[-0.7699100375175476, 3.046416997909546, -0.7478703856468201, -0.25120383501052856, -0.6397728323936462, -0.637660026550293]","[-0.7699100375175476, 3.046416997909546, -0.7478703856468201, -0.25120383501052856, -0.6397728323936462, -0.637660026550293]",1,1,True,"['B', 'D']","['B', 'D']"
5a7906f55542990784727792::working_set_pack_a,5a7906f55542990784727792,"['A', 'B', 'C', 'D', 'E', 'F']","[0, 0, 0, 0, 1, 1]","[-0.35695505142211914, -0.530238687992096, -0.499999463558197, -0.5091002583503723, 0.02082502469420433, 1.875468134880066]","[0.35695505142211914, 0.530238687992096, 0.499999463558197, 0.5091002583503723, -0.02082502469420433, -1.875468134880066]","[-0.35695505142211914, -0.530238687992096, -0.499999463558197, -0.5091002583503723, 0.02082502469420433, 1.875468134880066]",1,-1,False,"['A', 'E']","['E', 'F']"
5a7906f55542990784727792::active_set_pack_a,5a7906f55542990784727792,"['A', 'B', 'C', 'D', 'E', 'F']","[0, 0, 0, 0, 1, 1]","[-0.4408683776855469, -0.6341242790222168, -0.6141600608825684, -0.6215386390686035, -0.11964404582977295, 2.430335521697998]","[0.4408683776855469, 0.6341242790222168, 0.6141600608825684, 0.6215386390686035, 0.11964404582977295, -2.430335521697998]","[-0.4408683776855469, -0.6341242790222168, -0.6141600608825684, -0.6215386390686035, -0.11964404582977295, 2.430335521697998]",1,-1,False,"['A', 'E']","['E', 'F']"
5a7906f55542990784727792::working_set_pack_b,5a7906f55542990784727792,"['A', 'B', 'C', 'D', 'E', 'F']","[0, 0, 0, 0, 1, 1]","[-0.5546658635139465, -0.6919949054718018, -0.6394519805908203, -0.6512903571128845, 0.00036507556797005236, 2.5370378494262695]","[0.5546658635139465, 0.6919949054718018, 0.6394519805908203, 0.6512903571128845, -0.00036507556797005236, -2.5370378494262695]","[-0.5546658635139465, -0.6919949054718018, -0.6394519805908203, -0.6512903571128845, 0.00036507556797005236, 2.5370378494262695]",1,-1,False,"['A', 'E']","['E', 'F']"
5a7906f55542990784727792::active_set_pack_b,5a7906f55542990784727792,"['A', 'B', 'C', 'D', 'E', 'F']","[0, 0, 0, 0, 1, 1]","[-0.5086025595664978, -0.6953670978546143, -0.6101735234260559, -0.6177946925163269, -0.19172035157680511, 2.6236586570739746]","[-0.5086025595664978, -0.6953670978546143, -0.6101735234260559, -0.6177946925163269, -0.19172035157680511, 2.6236586570739746]","[-0.5086025595664978, -0.6953670978546143, -0.6101735234260559, -0.6177946925163269, -0.19172035157680511, 2.6236586570739746]",1,1,False,"['A', 'F']","['E', 'F']"
5ab74412554299110f219ae8::working_set_pack_a,5ab74412554299110f219ae8,"['A', 'B', 'C', 'D', 'E', 'F']","[1, 1, 0, 0, 0, 0]","[-0.08443117141723633, 1.8486933708190918, -0.6513972878456116, -0.3628273904323578, -0.32546237111091614, -0.4245763421058655]","[-0.08443117141723633, 1.8486933708190918, -0.6513972878456116, -0.3628273904323578, -0.32546237111091614, -0.4245763421058655]","[0.08443117141723633, -1.8486933708190918, 0.6513972878456116, 0.3628273904323578, 0.32546237111091614, 0.4245763421058655]",-1,-1,True,"['A', 'B']","['A', 'B']"
5ab74412554299110f219ae8::active_set_pack_a,5ab74412554299110f219ae8,"['A', 'B', 'C', 'D', 'E', 'F']","[1, 1, 0, 0, 0, 0]","[-0.06789606809616089, 1.8656336069107056, -0.6120595932006836, -0.3881606459617615, -0.35208702087402344, -0.44543030858039856]","[-0.06789606809616089, 1.8656336069107056, -0.6120595932006836, -0.3881606459617615, -0.35208702087402344, -0.44543030858039856]","[0.06789606809616089, -1.8656336069107056, 0.6120595932006836, 0.3881606459617615, 0.35208702087402344, 0.44543030858039856]",-1,-1,True,"['A', 'B']","['A', 'B']"
5ab74412554299110f219ae8::working_set_pack_b,5ab74412554299110f219ae8,"['A', 'B', 'C', 'D', 'E', 'F']","[1, 1, 0, 0, 0, 0]","[-0.30176693201065063, 2.237271785736084, -0.6167431473731995, -0.43756103515625, -0.3957321345806122, -0.4854685664176941]","[-0.30176693201065063, 2.237271785736084, -0.6167431473731995, -0.43756103515625, -0.3957321345806122, -0.4854685664176941]","[-0.30176693201065063, 2.237271785736084, -0.6167431473731995, -0.43756103515625, -0.3957321345806122, -0.4854685664176941]",1,1,True,"['A', 'B']","['A', 'B']"
5ab74412554299110f219ae8::active_set_pack_b,5ab74412554299110f219ae8,"['A', 'B', 'C', 'D', 'E', 'F']","[1, 1, 0, 0, 0, 0]","[-0.23349504172801971, 2.2412564754486084, -0.7291075587272644, -0.41192764043807983, -0.40728747844696045, -0.45943906903266907]","[-0.23349504172801971, 2.2412564754486084, -0.7291075587272644, -0.41192764043807983, -0.40728747844696045, -0.45943906903266907]","[-0.23349504172801971, 2.2412564754486084, -0.7291075587272644, -0.41192764043807983, -0.40728747844696045, -0.45943906903266907]",1,1,True,"['A', 'B']","['A', 'B']"
5ac4bfd05542997ea680caab::working_set_pack_a,5ac4bfd05542997ea680caab,"['A', 'B', 'C', 'D', 'E', 'F']","[1, 0, 0, 1, 0, 0]","[2.5192952156066895, -1.1145418882369995, -0.2955578565597534, -0.34950023889541626, -0.39211219549179077, -0.3675827085971832]","[2.5192952156066895, -1.1145418882369995, -0.2955578565597534, -0.34950023889541626, -0.39211219549179077, -0.3675827085971832]","[-2.5192952156066895, 1.1145418882369995, 0.2955578565597534, 0.34950023889541626, 0.39211219549179077, 0.3675827085971832]",-1,-1,False,"['A', 'C']","['A', 'D']"
5ac4bfd05542997ea680caab::active_set_pack_a,5ac4bfd05542997ea680caab,"['A', 'B', 'C', 'D', 'E', 'F']","[1, 0, 0, 1, 0, 0]","[2.447544813156128, -0.9391505122184753, -0.31506863236427307, -0.3585827946662903, -0.4338051378726959, -0.4009377062320709]","[2.447544813156128, -0.9391505122184753, -0.31506863236427307, -0.3585827946662903, -0.4338051378726959, -0.4009377062320709]","[-2.447544813156128, 0.9391505122184753, 0.31506863236427307, 0.3585827946662903, 0.4338051378726959, 0.4009377062320709]",-1,-1,False,"['A', 'C']","['A', 'D']"
5ac4bfd05542997ea680caab::working_set_pack_b,5ac4bfd05542997ea680caab,"['A', 'B', 'C', 'D', 'E', 'F']","[1, 0, 0, 1, 0, 0]","[1.936625361442566, -0.6677260398864746, -0.2900303900241852, -0.30033576488494873, -0.3625018894672394, -0.316031813621521]","[1.936625361442566, -0.6677260398864746, -0.2900303900241852, -0.30033576488494873, -0.3625018894672394, -0.316031813621521]","[-1.936625361442566, 0.6677260398864746, 0.2900303900241852, 0.30033576488494873, 0.3625018894672394, 0.316031813621521]",-1,-1,False,"['A', 'C']","['A', 'D']"
5ac4bfd05542997ea680caab::active_set_pack_b,5ac4bfd05542997ea680caab,"['A', 'B', 'C', 'D', 'E', 'F']","[1, 0, 0, 1, 0, 0]","[2.242746114730835, -0.6851654648780823, -0.3729613423347473, -0.3680095076560974, -0.4273279011249542, -0.3892820477485657]","[2.242746114730835, -0.6851654648780823, -0.3729613423347473, -0.3680095076560974, -0.4273279011249542, -0.3892820477485657]","[-2.242746114730835, 0.6851654648780823, 0.3729613423347473, 0.3680095076560974, 0.4273279011249542, 0.3892820477485657]",-1,-1,False,"['A', 'C']","['A', 'D']"
5ab72adb5542993667793f5d::working_set_pack_a,5ab72adb5542993667793f5d,"['A', 'B', 'C', 'D', 'E', 'F']","[1, 0, 0, 0, 0, 1]","[0.9804493188858032, -0.008938942104578018, -1.0237969160079956, -0.2869458496570587, -0.2049223929643631, 0.544155478477478]","[0.9804493188858032, -0.008938942104578018, -1.0237969160079956, -0.2869458496570587, -0.2049223929643631, 0.544155478477478]","[0.9804493188858032, -0.008938942104578018, -1.0237969160079956, -0.2869458496570587, -0.2049223929643631, 0.544155478477478]",1,1,True,"['A', 'F']","['A', 'F']"
5ab72adb5542993667793f5d::active_set_pack_a,5ab72adb5542993667793f5d,"['A', 'B', 'C', 'D', 'E', 'F']","[1, 0, 0, 0, 0, 1]","[0.48420825600624084, -0.1078757792711258, -0.8438304662704468, -0.3889824151992798, -0.2983870208263397, 1.1548668146133423]","[0.48420825600624084, -0.1078757792711258, -0.8438304662704468, -0.3889824151992798, -0.2983870208263397, 1.1548668146133423]","[0.48420825600624084, -0.1078757792711258, -0.8438304662704468, -0.3889824151992798, -0.2983870208263397, 1.1548668146133423]",1,1,True,"['A', 'F']","['A', 'F']"
5ab72adb5542993667793f5d::working_set_pack_b,5ab72adb5542993667793f5d,"['A', 'B', 'C', 'D', 'E', 'F']","[1, 0, 0, 0, 0, 1]","[0.014661581255495548, -0.038607142865657806, -0.5754792094230652, -0.32504552602767944, -0.23056495189666748, 1.1550354957580566]","[0.014661581255495548, -0.038607142865657806, -0.5754792094230652, -0.32504552602767944, -0.23056495189666748, 1.1550354957580566]","[0.014661581255495548, -0.038607142865657806, -0.5754792094230652, -0.32504552602767944, -0.23056495189666748, 1.1550354957580566]",1,1,True,"['A', 'F']","['A', 'F']"
5ab72adb5542993667793f5d::active_set_pack_b,5ab72adb5542993667793f5d,"['A', 'B', 'C', 'D', 'E', 'F']","[1, 0, 0, 0, 0, 1]","[0.38588371872901917, 0.2773914635181427, -1.055166244506836, -0.25250428915023804, -0.12832458317279816, 0.772720217704773]","[0.38588371872901917, 0.2773914635181427, -1.055166244506836, -0.25250428915023804, -0.12832458317279816, 0.772720217704773]","[0.38588371872901917, 0.2773914635181427, -1.055166244506836, -0.25250428915023804, -0.12832458317279816, 0.772720217704773]",1,1,False,"['A', 'B']","['A', 'F']"
5abb06bc554299232ef4a3bb::working_set_pack_a,5abb06bc554299232ef4a3bb,"['A', 'B', 'C', 'D', 'E', 'F']","[0, 0, 0, 1, 0, 1]","[0.49129748344421387, 0.2869717478752136, -2.2867965698242188, 0.5507767796516418, 0.48755979537963867, 0.47019049525260925]","[-0.49129748344421387, -0.2869717478752136, 2.2867965698242188, -0.5507767796516418, -0.48755979537963867, -0.47019049525260925]","[-0.49129748344421387, -0.2869717478752136, 2.2867965698242188, -0.5507767796516418, -0.48755979537963867, -0.47019049525260925]",-1,1,False,"['C', 'F']","['D', 'F']"
5abb06bc554299232ef4a3bb::active_set_pack_a,5abb06bc554299232ef4a3bb,"['A', 'B', 'C', 'D', 'E', 'F']","[0, 0, 0, 1, 0, 1]","[0.5012301802635193, 0.33144667744636536, -2.314595937728882, 0.538658618927002, 0.4824991524219513, 0.46076148748397827]","[-0.5012301802635193, -0.33144667744636536, 2.314595937728882, -0.538658618927002, -0.4824991524219513, -0.46076148748397827]","[-0.5012301802635193, -0.33144667744636536, 2.314595937728882, -0.538658618927002, -0.4824991524219513, -0.46076148748397827]",-1,1,False,"['C', 'F']","['D', 'F']"
5abb06bc554299232ef4a3bb::working_set_pack_b,5abb06bc554299232ef4a3bb,"['A', 'B', 'C', 'D', 'E', 'F']","[0, 0, 0, 1, 0, 1]","[0.33037859201431274, 0.04628847911953926, -1.4800833463668823, 0.4487198293209076, 0.34108683466911316, 0.3136093020439148]","[-0.33037859201431274, -0.04628847911953926, 1.4800833463668823, -0.4487198293209076, -0.34108683466911316, -0.3136093020439148]","[-0.33037859201431274, -0.04628847911953926, 1.4800833463668823, -0.4487198293209076, -0.34108683466911316, -0.3136093020439148]",-1,1,False,"['A', 'C']","['D', 'F']"
5abb06bc554299232ef4a3bb::active_set_pack_b,5abb06bc554299232ef4a3bb,"['A', 'B', 'C', 'D', 'E', 'F']","[0, 0, 0, 1, 0, 1]","[0.48238101601600647, 0.38688066601753235, -2.400731325149536, 0.6012703776359558, 0.481446236371994, 0.4487532079219818]","[-0.48238101601600647, -0.38688066601753235, 2.400731325149536, -0.6012703776359558, -0.481446236371994, -0.4487532079219818]","[-0.48238101601600647, -0.38688066601753235, 2.400731325149536, -0.6012703776359558, -0.481446236371994, -0.4487532079219818]",-1,1,False,"['C', 'F']","['D', 'F']"
5ae3cf7e5542990afbd1e1e2::working_set_pack_a,5ae3cf7e5542990afbd1e1e2,"['A', 'B', 'C', 'D', 'E', 'F']","[1, 0, 1, 0, 0, 0]","[-0.5017507672309875, -0.7578409910202026, 3.0957133769989014, -0.6217876076698303, -0.5896164178848267, -0.6247178912162781]","[-0.5017507672309875, -0.7578409910202026, 3.0957133769989014, -0.6217876076698303, -0.5896164178848267, -0.6247178912162781]","[-0.5017507672309875, -0.7578409910202026, 3.0957133769989014, -0.6217876076698303, -0.5896164178848267, -0.6247178912162781]",1,1,True,"['A', 'C']","['A', 'C']"
5ae3cf7e5542990afbd1e1e2::active_set_pack_a,5ae3cf7e5542990afbd1e1e2,"['A', 'B', 'C', 'D', 'E', 'F']","[1, 0, 1, 0, 0, 0]","[-0.4967374801635742, -0.7228785157203674, 3.007901668548584, -0.6065527200698853, -0.5681853890419006, -0.6135478019714355]","[-0.4967374801635742, -0.7228785157203674, 3.007901668548584, -0.6065527200698853, -0.5681853890419006, -0.6135478019714355]","[-0.4967374801635742, -0.7228785157203674, 3.007901668548584, -0.6065527200698853, -0.5681853890419006, -0.6135478019714355]",1,1,True,"['A', 'C']","['A', 'C']"
5ae3cf7e5542990afbd1e1e2::working_set_pack_b,5ae3cf7e5542990afbd1e1e2,"['A', 'B', 'C', 'D', 'E', 'F']","[1, 0, 1, 0, 0, 0]","[-0.45941224694252014, -0.6939961910247803, 2.7335727214813232, -0.5373141765594482, -0.5086358189582825, -0.5342146754264832]","[-0.45941224694252014, -0.6939961910247803, 2.7335727214813232, -0.5373141765594482, -0.5086358189582825, -0.5342146754264832]","[-0.45941224694252014, -0.6939961910247803, 2.7335727214813232, -0.5373141765594482, -0.5086358189582825, -0.5342146754264832]",1,1,True,"['A', 'C']","['A', 'C']"
5ae3cf7e5542990afbd1e1e2::active_set_pack_b,5ae3cf7e5542990afbd1e1e2,"['A', 'B', 'C', 'D', 'E', 'F']","[1, 0, 1, 0, 0, 0]","[-0.5860713124275208, -0.7463383674621582, 3.254352331161499, -0.6500813961029053, -0.6258171200752258, -0.6460440754890442]","[-0.5860713124275208, -0.7463383674621582, 3.254352331161499, -0.6500813961029053, -0.6258171200752258, -0.6460440754890442]","[-0.5860713124275208, -0.7463383674621582, 3.254352331161499, -0.6500813961029053, -0.6258171200752258, -0.6460440754890442]",1,1,True,"['A', 'C']","['A', 'C']"
5a7315015542994cef4bc448::working_set_pack_a,5a7315015542994cef4bc448,"['A', 'B', 'C', 'D', 'E', 'F']","[1, 0, 0, 0, 1, 0]","[-0.44000881910324097, -0.5403003096580505, -0.442665159702301, -0.4690958261489868, 2.3914432525634766, -0.49937304854393005]","[-0.44000881910324097, -0.5403003096580505, -0.442665159702301, -0.4690958261489868, 2.3914432525634766, -0.49937304854393005]","[-0.44000881910324097, -0.5403003096580505, -0.442665159702301, -0.4690958261489868, 2.3914432525634766, -0.49937304854393005]",1,1,True,"['A', 'E']","['A', 'E']"
5a7315015542994cef4bc448::active_set_pack_a,5a7315015542994cef4bc448,"['A', 'B', 'C', 'D', 'E', 'F']","[1, 0, 0, 0, 1, 0]","[-0.4256504774093628, -0.532508909702301, -0.4215225279331207, -0.4499426484107971, 2.3177385330200195, -0.48811402916908264]","[-0.4256504774093628, -0.532508909702301, -0.4215225279331207, -0.4499426484107971, 2.3177385330200195, -0.48811402916908264]","[-0.4256504774093628, -0.532508909702301, -0.4215225279331207, -0.4499426484107971, 2.3177385330200195, -0.48811402916908264]",1,1,True,"['A', 'E']","['A', 'E']"
5a7315015542994cef4bc448::working_set_pack_b,5a7315015542994cef4bc448,"['A', 'B', 'C', 'D', 'E', 'F']","[1, 0, 0, 0, 1, 0]","[-0.4801904559135437, -0.5165919661521912, -0.42545878887176514, -0.47603747248649597, 2.4280784130096436, -0.5297998785972595]","[-0.4801904559135437, -0.5165919661521912, -0.42545878887176514, -0.47603747248649597, 2.4280784130096436, -0.5297998785972595]","[-0.4801904559135437, -0.5165919661521912, -0.42545878887176514, -0.47603747248649597, 2.4280784130096436, -0.5297998785972595]",1,1,True,"['A', 'E']","['A', 'E']"
5a7315015542994cef4bc448::active_set_pack_b,5a7315015542994cef4bc448,"['A', 'B', 'C', 'D', 'E', 'F']","[1, 0, 0, 0, 1, 0]","[-0.3929440379142761, -0.536551833152771, -0.34678685665130615, -0.4125102460384369, 2.163080930709839, -0.47428810596466064]","[-0.3929440379142761, -0.536551833152771, -0.34678685665130615, -0.4125102460384369, 2.163080930709839, -0.47428810596466064]","[-0.3929440379142761, -0.536551833152771, -0.34678685665130615, -0.4125102460384369, 2.163080930709839, -0.47428810596466064]",1,1,True,"['A', 'E']","['A', 'E']"
5ab1ce395542997061209579::working_set_pack_a,5ab1ce395542997061209579,"['A', 'B', 'C', 'D', 'E', 'F']","[1, 1, 0, 0, 0, 0]","[2.82651948928833, -0.47672247886657715, -0.8455445170402527, -0.46816959977149963, -0.5589806437492371, -0.4771021902561188]","[2.82651948928833, -0.47672247886657715, -0.8455445170402527, -0.46816959977149963, -0.5589806437492371, -0.4771021902561188]","[2.82651948928833, -0.47672247886657715, -0.8455445170402527, -0.46816959977149963, -0.5589806437492371, -0.4771021902561188]",1,1,False,"['A', 'F']","['A', 'B']"
5ab1ce395542997061209579::active_set_pack_a,5ab1ce395542997061209579,"['A', 'B', 'C', 'D', 'E', 'F']","[1, 1, 0, 0, 0, 0]","[2.649925470352173, -0.47042226791381836, -0.6990927457809448, -0.44779348373413086, -0.5599258542060852, -0.47269177436828613]","[2.649925470352173, -0.47042226791381836, -0.6990927457809448, -0.44779348373413086, -0.5599258542060852, -0.47269177436828613]","[2.649925470352173, -0.47042226791381836, -0.6990927457809448, -0.44779348373413086, -0.5599258542060852, -0.47269177436828613]",1,1,True,"['A', 'B']","['A', 'B']"
5ab1ce395542997061209579::working_set_pack_b,5ab1ce395542997061209579,"['A', 'B', 'C', 'D', 'E', 'F']","[1, 1, 0, 0, 0, 0]","[2.498232364654541, -0.4208042025566101, -0.7624667286872864, -0.41230008006095886, -0.47436851263046265, -0.4282921850681305]","[2.498232364654541, -0.4208042025566101, -0.7624667286872864, -0.41230008006095886, -0.47436851263046265, -0.4282921850681305]","[2.498232364654541, -0.4208042025566101, -0.7624667286872864, -0.41230008006095886, -0.47436851263046265, -0.4282921850681305]",1,1,True,"['A', 'B']","['A', 'B']"
5ab1ce395542997061209579::active_set_pack_b,5ab1ce395542997061209579,"['A', 'B', 'C', 'D', 'E', 'F']","[1, 1, 0, 0, 0, 0]","[2.7713491916656494, -0.477781742811203, -0.7451387047767639, -0.46459659934043884, -0.5900059342384338, -0.49382728338241577]","[2.7713491916656494, -0.477781742811203, -0.7451387047767639, -0.46459659934043884, -0.5900059342384338, -0.49382728338241577]","[2.7713491916656494, -0.477781742811203, -0.7451387047767639, -0.46459659934043884, -0.5900059342384338, -0.49382728338241577]",1,1,True,"['A', 'B']","['A', 'B']"
5a8afba155429949d91db458::working_set_pack_a,5a8afba155429949d91db458,"['A', 'B', 'C', 'D', 'E', 'F']","[0, 0, 0, 1, 1, 0]","[0.41256478428840637, 0.2869832217693329, 0.27774670720100403, 0.004337583668529987, 0.23777003586292267, -1.2194020748138428]","[-0.41256478428840637, -0.2869832217693329, -0.27774670720100403, -0.004337583668529987, -0.23777003586292267, 1.2194020748138428]","[-0.41256478428840637, -0.2869832217693329, -0.27774670720100403, -0.004337583668529987, -0.23777003586292267, 1.2194020748138428]",-1,1,False,"['A', 'F']","['D', 'E']"
5a8afba155429949d91db458::active_set_pack_a,5a8afba155429949d91db458,"['A', 'B', 'C', 'D', 'E', 'F']","[0, 0, 0, 1, 1, 0]","[0.42631950974464417, 0.3404935896396637, 0.3045558035373688, -0.2421191781759262, 0.28259241580963135, -1.1118420362472534]","[0.42631950974464417, 0.3404935896396637, 0.3045558035373688, -0.2421191781759262, 0.28259241580963135, -1.1118420362472534]","[-0.42631950974464417, -0.3404935896396637, -0.3045558035373688, 0.2421191781759262, -0.28259241580963135, 1.1118420362472534]",-1,-1,False,"['C', 'D']","['D', 'E']"
5a8afba155429949d91db458::working_set_pack_b,5a8afba155429949d91db458,"['A', 'B', 'C', 'D', 'E', 'F']","[0, 0, 0, 1, 1, 0]","[0.16975294053554535, 0.1626552939414978, 0.5465765595436096, 0.11872328817844391, 0.1289525032043457, -1.1266605854034424]","[-0.16975294053554535, -0.1626552939414978, -0.5465765595436096, -0.11872328817844391, -0.1289525032043457, 1.1266605854034424]","[-0.16975294053554535, -0.1626552939414978, -0.5465765595436096, -0.11872328817844391, -0.1289525032043457, 1.1266605854034424]",-1,1,False,"['A', 'F']","['D', 'E']"
5a8afba155429949d91db458::active_set_pack_b,5a8afba155429949d91db458,"['A', 'B', 'C', 'D', 'E', 'F']","[0, 0, 0, 1, 1, 0]","[-1.0645549297332764, -0.13481405377388, 0.6471307873725891, 0.17405419051647186, -0.024046333506703377, 0.4022305905818939]","[-1.0645549297332764, -0.13481405377388, 0.6471307873725891, 0.17405419051647186, -0.024046333506703377, 0.4022305905818939]","[-1.0645549297332764, -0.13481405377388, 0.6471307873725891, 0.17405419051647186, -0.024046333506703377, 0.4022305905818939]",1,1,False,"['C', 'D']","['D', 'E']"
5ade5a245542997c77adee0c::working_set_pack_a,5ade5a245542997c77adee0c,"['A', 'B', 'C', 'D', 'E', 'F']","[0, 0, 1, 0, 1, 0]","[0.7369165420532227, -2.2089507579803467, 0.5932422280311584, 0.27487072348594666, 0.30550843477249146, 0.2984127700328827]","[0.7369165420532227, -2.2089507579803467, 0.5932422280311584, 0.27487072348594666, 0.30550843477249146, 0.2984127700328827]","[0.7369165420532227, -2.2089507579803467, 0.5932422280311584, 0.27487072348594666, 0.30550843477249146, 0.2984127700328827]",1,1,False,"['A', 'C']","['C', 'E']"
5ade5a245542997c77adee0c::active_set_pack_a,5ade5a245542997c77adee0c,"['A', 'B', 'C', 'D', 'E', 'F']","[0, 0, 1, 0, 1, 0]","[0.8555564880371094, -2.166778087615967, 0.6045501232147217, 0.2200472503900528, 0.25162428617477417, 0.23500125110149384]","[0.8555564880371094, -2.166778087615967, 0.6045501232147217, 0.2200472503900528, 0.25162428617477417, 0.23500125110149384]","[0.8555564880371094, -2.166778087615967, 0.6045501232147217, 0.2200472503900528, 0.25162428617477417, 0.23500125110149384]",1,1,False,"['A', 'C']","['C', 'E']"
5ade5a245542997c77adee0c::working_set_pack_b,5ade5a245542997c77adee0c,"['A', 'B', 'C', 'D', 'E', 'F']","[0, 0, 1, 0, 1, 0]","[0.3239428699016571, -1.7395883798599243, 0.7604323029518127, 0.19096370041370392, 0.25472065806388855, 0.20952872931957245]","[0.3239428699016571, -1.7395883798599243, 0.7604323029518127, 0.19096370041370392, 0.25472065806388855, 0.20952872931957245]","[0.3239428699016571, -1.7395883798599243, 0.7604323029518127, 0.19096370041370392, 0.25472065806388855, 0.20952872931957245]",1,1,False,"['A', 'C']","['C', 'E']"
5ade5a245542997c77adee0c::active_set_pack_b,5ade5a245542997c77adee0c,"['A', 'B', 'C', 'D', 'E', 'F']","[0, 0, 1, 0, 1, 0]","[0.4188667833805084, -2.076160192489624, 0.7253783345222473, 0.24967165291309357, 0.3731088936328888, 0.3091345429420471]","[0.4188667833805084, -2.076160192489624, 0.7253783345222473, 0.24967165291309357, 0.3731088936328888, 0.3091345429420471]","[0.4188667833805084, -2.076160192489624, 0.7253783345222473, 0.24967165291309357, 0.3731088936328888, 0.3091345429420471]",1,1,False,"['A', 'C']","['C', 'E']"
5ae65d055542996d980e7b14::working_set_pack_a,5ae65d055542996d980e7b14,"['A', 'B', 'C', 'D', 'E', 'F']","[0, 0, 1, 1, 0, 0]","[-0.18540054559707642, -0.19513803720474243, 2.2015748023986816, -0.06588028371334076, -1.4300615787506104, -0.32509374618530273]","[-0.18540054559707642, -0.19513803720474243, 2.2015748023986816, -0.06588028371334076, -1.4300615787506104, -0.32509374618530273]","[-0.18540054559707642, -0.19513803720474243, 2.2015748023986816, -0.06588028371334076, -1.4300615787506104, -0.32509374618530273]",1,1,False,"['A', 'C']","['C', 'D']"
5ae65d055542996d980e7b14::active_set_pack_a,5ae65d055542996d980e7b14,"['A', 'B', 'C', 'D', 'E', 'F']","[0, 0, 1, 1, 0, 0]","[-0.4311624765396118, -0.4482591450214386, 2.668855905532837, -0.2789735794067383, -0.9545708298683167, -0.5558906197547913]","[-0.4311624765396118, -0.4482591450214386, 2.668855905532837, -0.2789735794067383, -0.9545708298683167, -0.5558906197547913]","[-0.4311624765396118, -0.4482591450214386, 2.668855905532837, -0.2789735794067383, -0.9545708298683167, -0.5558906197547913]",1,1,False,"['A', 'C']","['C', 'D']"
5ae65d055542996d980e7b14::working_set_pack_b,5ae65d055542996d980e7b14,"['A', 'B', 'C', 'D', 'E', 'F']","[0, 0, 1, 1, 0, 0]","[-0.037555992603302, 0.11276008933782578, 1.569129467010498, 0.12528866529464722, -1.6136581897735596, -0.1559634953737259]","[-0.037555992603302, 0.11276008933782578, 1.569129467010498, 0.12528866529464722, -1.6136581897735596, -0.1559634953737259]","[-0.037555992603302, 0.11276008933782578, 1.569129467010498, 0.12528866529464722, -1.6136581897735596, -0.1559634953737259]",1,1,False,"['A', 'D']","['C', 'D']"
5ae65d055542996d980e7b14::active_set_pack_b,5ae65d055542996d980e7b14,"['A', 'B', 'C', 'D', 'E', 'F']","[0, 0, 1, 1, 0, 0]","[-0.41040292382240295, -0.18329468369483948, 2.2827117443084717, -0.16283513605594635, -1.0525550842285156, -0.47362369298934937]","[0.41040292382240295, 0.18329468369483948, -2.2827117443084717, 0.16283513605594635, 1.0525550842285156, 0.47362369298934937]","[-0.41040292382240295, -0.18329468369483948, 2.2827117443084717, -0.16283513605594635, -1.0525550842285156, -0.47362369298934937]",1,-1,False,"['A', 'D']","['C', 'D']"
5a8a698255429930ff3c0dcf::working_set_pack_a,5a8a698255429930ff3c0dcf,"['A', 'B', 'C', 'D', 'E', 'F']","[0, 1, 0, 1, 0, 0]","[-0.7378658056259155, -0.6912286877632141, -0.7808564901351929, 3.7063047885894775, -0.7164079546928406, -0.779944896697998]","[-0.7378658056259155, -0.6912286877632141, -0.7808564901351929, 3.7063047885894775, -0.7164079546928406, -0.779944896697998]","[0.7378658056259155, 0.6912286877632141, 0.7808564901351929, -3.7063047885894775, 0.7164079546928406, 0.779944896697998]",-1,-1,False,"['A', 'D']","['B', 'D']"
5a8a698255429930ff3c0dcf::active_set_pack_a,5a8a698255429930ff3c0dcf,"['A', 'B', 'C', 'D', 'E', 'F']","[0, 1, 0, 1, 0, 0]","[-0.6991366147994995, -0.6645561456680298, -0.7687965035438538, 3.580599784851074, -0.6938290596008301, -0.7542818784713745]","[-0.6991366147994995, -0.6645561456680298, -0.7687965035438538, 3.580599784851074, -0.6938290596008301, -0.7542818784713745]","[0.6991366147994995, 0.6645561456680298, 0.7687965035438538, -3.580599784851074, 0.6938290596008301, 0.7542818784713745]",-1,-1,False,"['A', 'D']","['B', 'D']"
5a8a698255429930ff3c0dcf::working_set_pack_b,5a8a698255429930ff3c0dcf,"['A', 'B', 'C', 'D', 'E', 'F']","[0, 1, 0, 1, 0, 0]","[-0.48815059661865234, -0.4809747040271759, -0.5708600282669067, 2.611088275909424, -0.514392614364624, -0.5567108988761902]","[-0.48815059661865234, -0.4809747040271759, -0.5708600282669067, 2.611088275909424, -0.514392614364624, -0.5567108988761902]","[0.48815059661865234, 0.4809747040271759, 0.5708600282669067, -2.611088275909424, 0.514392614364624, 0.5567108988761902]",-1,-1,False,"['A', 'D']","['B', 'D']"
5a8a698255429930ff3c0dcf::active_set_pack_b,5a8a698255429930ff3c0dcf,"['A', 'B', 'C', 'D', 'E', 'F']","[0, 1, 0, 1, 0, 0]","[-0.6810494661331177, -0.6782793402671814, -0.8251709938049316, 3.6870973110198975, -0.7371917366981506, -0.7654056549072266]","[-0.6810494661331177, -0.6782793402671814, -0.8251709938049316, 3.6870973110198975, -0.7371917366981506, -0.7654056549072266]","[0.6810494661331177, 0.6782793402671814, 0.8251709938049316, -3.6870973110198975, 0.7371917366981506, 0.7654056549072266]",-1,-1,False,"['A', 'D']","['B', 'D']"
5ac4f4255542996feb3fe99d::working_set_pack_a,5ac4f4255542996feb3fe99d,"['A', 'B', 'C', 'D', 'E', 'F']","[0, 1, 0, 0, 0, 1]","[-0.1471886932849884, 0.08427275717258453, -0.7659394145011902, -0.27770888805389404, -0.6095402240753174, 1.7161041498184204]","[-0.1471886932849884, 0.08427275717258453, -0.7659394145011902, -0.27770888805389404, -0.6095402240753174, 1.7161041498184204]","[-0.1471886932849884, 0.08427275717258453, -0.7659394145011902, -0.27770888805389404, -0.6095402240753174, 1.7161041498184204]",1,1,False,"['A', 'F']","['B', 'F']"
5ac4f4255542996feb3fe99d::active_set_pack_a,5ac4f4255542996feb3fe99d,"['A', 'B', 'C', 'D', 'E', 'F']","[0, 1, 0, 0, 0, 1]","[-0.2870149612426758, -0.08804839849472046, -0.7429646253585815, -0.38872262835502625, -0.5655245184898376, 2.072275400161743]","[-0.2870149612426758, -0.08804839849472046, -0.7429646253585815, -0.38872262835502625, -0.5655245184898376, 2.072275400161743]","[-0.2870149612426758, -0.08804839849472046, -0.7429646253585815, -0.38872262835502625, -0.5655245184898376, 2.072275400161743]",1,1,False,"['A', 'F']","['B', 'F']"
5ac4f4255542996feb3fe99d::working_set_pack_b,5ac4f4255542996feb3fe99d,"['A', 'B', 'C', 'D', 'E', 'F']","[0, 1, 0, 0, 0, 1]","[-0.3633391857147217, -0.20568321645259857, -0.6740300059318542, -0.4055309593677521, -0.49590086936950684, 2.144484281539917]","[-0.3633391857147217, -0.20568321645259857, -0.6740300059318542, -0.4055309593677521, -0.49590086936950684, 2.144484281539917]","[-0.3633391857147217, -0.20568321645259857, -0.6740300059318542, -0.4055309593677521, -0.49590086936950684, 2.144484281539917]",1,1,False,"['A', 'F']","['B', 'F']"
5ac4f4255542996feb3fe99d::active_set_pack_b,5ac4f4255542996feb3fe99d,"['A', 'B', 'C', 'D', 'E', 'F']","[0, 1, 0, 0, 0, 1]","[-0.217793807387352, -0.12807318568229675, -1.0464626550674438, -0.3073579967021942, -0.4156654179096222, 2.1153531074523926]","[-0.217793807387352, -0.12807318568229675, -1.0464626550674438, -0.3073579967021942, -0.4156654179096222, 2.1153531074523926]","[-0.217793807387352, -0.12807318568229675, -1.0464626550674438, -0.3073579967021942, -0.4156654179096222, 2.1153531074523926]",1,1,False,"['A', 'F']","['B', 'F']"
5a85d5ba5542997175ce205a::working_set_pack_a,5a85d5ba5542997175ce205a,"['A', 'B', 'C', 'D', 'E', 'F']","[0, 0, 1, 0, 1, 0]","[-0.3482986390590668, -0.2786078155040741, -0.48779991269111633, -0.36434027552604675, 2.0285372734069824, -0.5494905710220337]","[-0.3482986390590668, -0.2786078155040741, -0.48779991269111633, -0.36434027552604675, 2.0285372734069824, -0.5494905710220337]","[-0.3482986390590668, -0.2786078155040741, -0.48779991269111633, -0.36434027552604675, 2.0285372734069824, -0.5494905710220337]",1,1,False,"['A', 'E']","['C', 'E']"
5a85d5ba5542997175ce205a::active_set_pack_a,5a85d5ba5542997175ce205a,"['A', 'B', 'C', 'D', 'E', 'F']","[0, 0, 1, 0, 1, 0]","[-0.3881143629550934, -0.3279523551464081, -0.5270535349845886, -0.41396063566207886, 2.2426581382751465, -0.5855772495269775]","[-0.3881143629550934, -0.3279523551464081, -0.5270535349845886, -0.41396063566207886, 2.2426581382751465, -0.5855772495269775]","[-0.3881143629550934, -0.3279523551464081, -0.5270535349845886, -0.41396063566207886, 2.2426581382751465, -0.5855772495269775]",1,1,False,"['A', 'E']","['C', 'E']"
5a85d5ba5542997175ce205a::working_set_pack_b,5a85d5ba5542997175ce205a,"['A', 'B', 'C', 'D', 'E', 'F']","[0, 0, 1, 0, 1, 0]","[-0.25473257899284363, -0.16848698258399963, -0.4407145082950592, -0.22802734375, 1.4721972942352295, -0.3802366852760315]","[-0.25473257899284363, -0.16848698258399963, -0.4407145082950592, -0.22802734375, 1.4721972942352295, -0.3802366852760315]","[-0.25473257899284363, -0.16848698258399963, -0.4407145082950592, -0.22802734375, 1.4721972942352295, -0.3802366852760315]",1,1,False,"['A', 'E']","['C', 'E']"
5a85d5ba5542997175ce205a::active_set_pack_b,5a85d5ba5542997175ce205a,"['A', 'B', 'C', 'D', 'E', 'F']","[0, 0, 1, 0, 1, 0]","[-0.44643908739089966, -0.34402433037757874, -0.5637688040733337, -0.44454601407051086, 2.404914379119873, -0.606136679649353]","[-0.44643908739089966, -0.34402433037757874, -0.5637688040733337, -0.44454601407051086, 2.404914379119873, -0.606136679649353]","[0.44643908739089966, 0.34402433037757874, 0.5637688040733337, 0.44454601407051086, -2.404914379119873, 0.606136679649353]",-1,-1,False,"['A', 'E']","['C', 'E']"
5a8a1eb755429970aeb70261::working_set_pack_a,5a8a1eb755429970aeb70261,"['A', 'B', 'C', 'D', 'E', 'F']","[0, 0, 1, 0, 0, 1]","[0.014066612347960472, -0.07870174199342728, 1.4290251731872559, -1.3550689220428467, -0.08911732584238052, 0.07979626208543777]","[0.014066612347960472, -0.07870174199342728, 1.4290251731872559, -1.3550689220428467, -0.08911732584238052, 0.07979626208543777]","[0.014066612347960472, -0.07870174199342728, 1.4290251731872559, -1.3550689220428467, -0.08911732584238052, 0.07979626208543777]",1,1,False,"['A', 'C']","['C', 'F']"
5a8a1eb755429970aeb70261::active_set_pack_a,5a8a1eb755429970aeb70261,"['A', 'B', 'C', 'D', 'E', 'F']","[0, 0, 1, 0, 0, 1]","[-0.12630830705165863, -0.21430057287216187, 1.6446806192398071, -1.0544285774230957, -0.2276989370584488, -0.02194378525018692]","[-0.12630830705165863, -0.21430057287216187, 1.6446806192398071, -1.0544285774230957, -0.2276989370584488, -0.02194378525018692]","[-0.12630830705165863, -0.21430057287216187, 1.6446806192398071, -1.0544285774230957, -0.2276989370584488, -0.02194378525018692]",1,1,False,"['A', 'C']","['C', 'F']"
5a8a1eb755429970aeb70261::working_set_pack_b,5a8a1eb755429970aeb70261,"['A', 'B', 'C', 'D', 'E', 'F']","[0, 0, 1, 0, 0, 1]","[0.014827295206487179, -0.0664384588599205, 1.3087375164031982, -1.2768632173538208, -0.019865183159708977, 0.03960174694657326]","[0.014827295206487179, -0.0664384588599205, 1.3087375164031982, -1.2768632173538208, -0.019865183159708977, 0.03960174694657326]","[0.014827295206487179, -0.0664384588599205, 1.3087375164031982, -1.2768632173538208, -0.019865183159708977, 0.03960174694657326]",1,1,False,"['A', 'C']","['C', 'F']"
5a8a1eb755429970aeb70261::active_set_pack_b,5a8a1eb755429970aeb70261,"['A', 'B', 'C', 'D', 'E', 'F']","[0, 0, 1, 0, 0, 1]","[-0.25974273681640625, -0.3604426980018616, 1.951819896697998, -0.8424420952796936, -0.3179832100868225, -0.17120924592018127]","[-0.25974273681640625, -0.3604426980018616, 1.951819896697998, -0.8424420952796936, -0.3179832100868225, -0.17120924592018127]","[0.25974273681640625, 0.3604426980018616, -1.951819896697998, 0.8424420952796936, 0.3179832100868225, 0.17120924592018127]",-1,-1,False,"['A', 'C']","['C', 'F']"
5ac3bb805542993915413909::working_set_pack_a,5ac3bb805542993915413909,"['A', 'B', 'C', 'D', 'E', 'F']","[0, 1, 1, 0, 0, 0]","[-0.7298659682273865, 2.3334126472473145, -0.028157364577054977, -0.5453978776931763, -0.4693715274333954, -0.5606195330619812]","[-0.7298659682273865, 2.3334126472473145, -0.028157364577054977, -0.5453978776931763, -0.4693715274333954, -0.5606195330619812]","[0.7298659682273865, -2.3334126472473145, 0.028157364577054977, 0.5453978776931763, 0.4693715274333954, 0.5606195330619812]",-1,-1,True,"['B', 'C']","['B', 'C']"
5ac3bb805542993915413909::active_set_pack_a,5ac3bb805542993915413909,"['A', 'B', 'C', 'D', 'E', 'F']","[0, 1, 1, 0, 0, 0]","[-0.7028220295906067, 2.3041024208068848, -0.09728899598121643, -0.5229056477546692, -0.4431365132331848, -0.5379483699798584]","[-0.7028220295906067, 2.3041024208068848, -0.09728899598121643, -0.5229056477546692, -0.4431365132331848, -0.5379483699798584]","[0.7028220295906067, -2.3041024208068848, 0.09728899598121643, 0.5229056477546692, 0.4431365132331848, 0.5379483699798584]",-1,-1,True,"['B', 'C']","['B', 'C']"
5ac3bb805542993915413909::working_set_pack_b,5ac3bb805542993915413909,"['A', 'B', 'C', 'D', 'E', 'F']","[0, 1, 1, 0, 0, 0]","[-0.9578196406364441, 1.0858749151229858, 1.3704071044921875, -0.5297123789787292, -0.41843181848526, -0.5503177642822266]","[-0.9578196406364441, 1.0858749151229858, 1.3704071044921875, -0.5297123789787292, -0.41843181848526, -0.5503177642822266]","[-0.9578196406364441, 1.0858749151229858, 1.3704071044921875, -0.5297123789787292, -0.41843181848526, -0.5503177642822266]",1,1,True,"['B', 'C']","['B', 'C']"
5ac3bb805542993915413909::active_set_pack_b,5ac3bb805542993915413909,"['A', 'B', 'C', 'D', 'E', 'F']","[0, 1, 1, 0, 0, 0]","[-0.9238899350166321, 1.5982439517974854, 0.9414734244346619, -0.5909900665283203, -0.43326231837272644, -0.5915756225585938]","[-0.9238899350166321, 1.5982439517974854, 0.9414734244346619, -0.5909900665283203, -0.43326231837272644, -0.5915756225585938]","[-0.9238899350166321, 1.5982439517974854, 0.9414734244346619, -0.5909900665283203, -0.43326231837272644, -0.5915756225585938]",1,1,True,"['B', 'C']","['B', 'C']"
5a81102b554299260e20a22a::working_set_pack_a,5a81102b554299260e20a22a,"['A', 'B', 'C', 'D', 'E', 'F']","[1, 0, 1, 0, 0, 0]","[0.707779049873352, 0.8391794562339783, 0.7144506573677063, 0.726224422454834, -3.8426661491394043, 0.8550328016281128]","[-0.707779049873352, -0.8391794562339783, -0.7144506573677063, -0.726224422454834, 3.8426661491394043, -0.8550328016281128]","[-0.707779049873352, -0.8391794562339783, -0.7144506573677063, -0.726224422454834, 3.8426661491394043, -0.8550328016281128]",-1,1,False,"['A', 'E']","['A', 'C']"
5a81102b554299260e20a22a::active_set_pack_a,5a81102b554299260e20a22a,"['A', 'B', 'C', 'D', 'E', 'F']","[1, 0, 1, 0, 0, 0]","[0.7664492726325989, 0.8906620740890503, 0.766836941242218, 0.7701120376586914, -4.117990016937256, 0.9239304661750793]","[-0.7664492726325989, -0.8906620740890503, -0.766836941242218, -0.7701120376586914, 4.117990016937256, -0.9239304661750793]","[-0.7664492726325989, -0.8906620740890503, -0.766836941242218, -0.7701120376586914, 4.117990016937256, -0.9239304661750793]",-1,1,False,"['A', 'E']","['A', 'C']"
5a81102b554299260e20a22a::working_set_pack_b,5a81102b554299260e20a22a,"['A', 'B', 'C', 'D', 'E', 'F']","[1, 0, 1, 0, 0, 0]","[0.6378873586654663, 0.8165596127510071, 0.6493895053863525, 0.6274002194404602, -3.5203003883361816, 0.7890644073486328]","[-0.6378873586654663, -0.8165596127510071, -0.6493895053863525, -0.6274002194404602, 3.5203003883361816, -0.7890644073486328]","[0.6378873586654663, 0.8165596127510071, 0.6493895053863525, 0.6274002194404602, -3.5203003883361816, 0.7890644073486328]",1,-1,False,"['A', 'E']","['A', 'C']"
5a81102b554299260e20a22a::active_set_pack_b,5a81102b554299260e20a22a,"['A', 'B', 'C', 'D', 'E', 'F']","[1, 0, 1, 0, 0, 0]","[0.8234142661094666, 1.0746735334396362, 0.8224402070045471, 0.8244938254356384, -4.519637584686279, 0.9746153950691223]","[-0.8234142661094666, -1.0746735334396362, -0.8224402070045471, -0.8244938254356384, 4.519637584686279, -0.9746153950691223]","[0.8234142661094666, 1.0746735334396362, 0.8224402070045471, 0.8244938254356384, -4.519637584686279, 0.9746153950691223]",1,-1,False,"['A', 'E']","['A', 'C']"
5a77a0205542995d83181225::working_set_pack_a,5a77a0205542995d83181225,"['A', 'B', 'C', 'D', 'E', 'F']","[0, 1, 0, 0, 0, 1]","[0.3750288486480713, 0.9554072618484497, -1.422019362449646, -0.018085123971104622, -0.12248268723487854, 0.2321508377790451]","[0.3750288486480713, 0.9554072618484497, -1.422019362449646, -0.018085123971104622, -0.12248268723487854, 0.2321508377790451]","[0.3750288486480713, 0.9554072618484497, -1.422019362449646, -0.018085123971104622, -0.12248268723487854, 0.2321508377790451]",1,1,False,"['A', 'F']","['B', 'F']"
5a77a0205542995d83181225::active_set_pack_a,5a77a0205542995d83181225,"['A', 'B', 'C', 'D', 'E', 'F']","[0, 1, 0, 0, 0, 1]","[0.3057727515697479, 1.0896952152252197, -1.4082221984863281, -0.036205533891916275, -0.11919950693845749, 0.16815897822380066]","[0.3057727515697479, 1.0896952152252197, -1.4082221984863281, -0.036205533891916275, -0.11919950693845749, 0.16815897822380066]","[0.3057727515697479, 1.0896952152252197, -1.4082221984863281, -0.036205533891916275, -0.11919950693845749, 0.16815897822380066]",1,1,False,"['A', 'B']","['B', 'F']"
5a77a0205542995d83181225::working_set_pack_b,5a77a0205542995d83181225,"['A', 'B', 'C', 'D', 'E', 'F']","[0, 1, 0, 0, 0, 1]","[-0.07633917778730392, 1.2979719638824463, -0.4633740186691284, -0.2727501690387726, -0.3076017200946808, -0.17790643870830536]","[-0.07633917778730392, 1.2979719638824463, -0.4633740186691284, -0.2727501690387726, -0.3076017200946808, -0.17790643870830536]","[-0.07633917778730392, 1.2979719638824463, -0.4633740186691284, -0.2727501690387726, -0.3076017200946808, -0.17790643870830536]",1,1,False,"['A', 'B']","['B', 'F']"
5a77a0205542995d83181225::active_set_pack_b,5a77a0205542995d83181225,"['A', 'B', 'C', 'D', 'E', 'F']","[0, 1, 0, 0, 0, 1]","[-0.21257247030735016, 2.1172842979431152, -0.6370038390159607, -0.45815664529800415, -0.45418277382850647, -0.3553692698478699]","[-0.21257247030735016, 2.1172842979431152, -0.6370038390159607, -0.45815664529800415, -0.45418277382850647, -0.3553692698478699]","[-0.21257247030735016, 2.1172842979431152, -0.6370038390159607, -0.45815664529800415, -0.45418277382850647, -0.3553692698478699]",1,1,False,"['A', 'B']","['B', 'F']"
5a8f7992554299458435d64c::working_set_pack_a,5a8f7992554299458435d64c,"['A', 'B', 'C', 'D', 'E', 'F']","[1, 0, 1, 0, 0, 0]","[1.5810134410858154, -0.49503934383392334, -0.22278454899787903, -0.3580503463745117, -0.2737750709056854, -0.231363907456398]","[1.5810134410858154, -0.49503934383392334, -0.22278454899787903, -0.3580503463745117, -0.2737750709056854, -0.231363907456398]","[-1.5810134410858154, 0.49503934383392334, 0.22278454899787903, 0.3580503463745117, 0.2737750709056854, 0.231363907456398]",-1,-1,True,"['A', 'C']","['A', 'C']"
5a8f7992554299458435d64c::active_set_pack_a,5a8f7992554299458435d64c,"['A', 'B', 'C', 'D', 'E', 'F']","[1, 0, 1, 0, 0, 0]","[1.5249812602996826, -0.5484890341758728, -0.2056768238544464, -0.3227909505367279, -0.24694043397903442, -0.2010839432477951]","[1.5249812602996826, -0.5484890341758728, -0.2056768238544464, -0.3227909505367279, -0.24694043397903442, -0.2010839432477951]","[-1.5249812602996826, 0.5484890341758728, 0.2056768238544464, 0.3227909505367279, 0.24694043397903442, 0.2010839432477951]",-1,-1,True,"['A', 'C']","['A', 'C']"
5a8f7992554299458435d64c::working_set_pack_b,5a8f7992554299458435d64c,"['A', 'B', 'C', 'D', 'E', 'F']","[1, 0, 1, 0, 0, 0]","[-0.5871758460998535, 0.0928792804479599, 0.8963660597801208, -0.1812083125114441, -0.039676692336797714, -0.18118473887443542]","[-0.5871758460998535, 0.0928792804479599, 0.8963660597801208, -0.1812083125114441, -0.039676692336797714, -0.18118473887443542]","[-0.5871758460998535, 0.0928792804479599, 0.8963660597801208, -0.1812083125114441, -0.039676692336797714, -0.18118473887443542]",1,1,True,"['A', 'C']","['A', 'C']"
5a8f7992554299458435d64c::active_set_pack_b,5a8f7992554299458435d64c,"['A', 'B', 'C', 'D', 'E', 'F']","[1, 0, 1, 0, 0, 0]","[1.5207349061965942, -0.568586528301239, -0.22192151844501495, -0.3090253472328186, -0.23142990469932556, -0.1897716075181961]","[1.5207349061965942, -0.568586528301239, -0.22192151844501495, -0.3090253472328186, -0.23142990469932556, -0.1897716075181961]","[-1.5207349061965942, 0.568586528301239, 0.22192151844501495, 0.3090253472328186, 0.23142990469932556, 0.1897716075181961]",-1,-1,True,"['A', 'C']","['A', 'C']"
5a83088a55429966c78a6afc::working_set_pack_a,5a83088a55429966c78a6afc,"['A', 'B', 'C', 'D', 'E', 'F']","[0, 1, 0, 0, 1, 0]","[-0.3394075334072113, -0.3608638346195221, -0.39510077238082886, -0.41850441694259644, 1.9112435579299927, -0.3973667025566101]","[-0.3394075334072113, -0.3608638346195221, -0.39510077238082886, -0.41850441694259644, 1.9112435579299927, -0.3973667025566101]","[-0.3394075334072113, -0.3608638346195221, -0.39510077238082886, -0.41850441694259644, 1.9112435579299927, -0.3973667025566101]",1,1,False,"['A', 'E']","['B', 'E']"
5a83088a55429966c78a6afc::active_set_pack_a,5a83088a55429966c78a6afc,"['A', 'B', 'C', 'D', 'E', 'F']","[0, 1, 0, 0, 1, 0]","[-0.3789145350456238, -0.4045305848121643, -0.41909417510032654, -0.43065184354782104, 2.0587756633758545, -0.42558416724205017]","[-0.3789145350456238, -0.4045305848121643, -0.41909417510032654, -0.43065184354782104, 2.0587756633758545, -0.42558416724205017]","[-0.3789145350456238, -0.4045305848121643, -0.41909417510032654, -0.43065184354782104, 2.0587756633758545, -0.42558416724205017]",1,1,False,"['A', 'E']","['B', 'E']"
5a83088a55429966c78a6afc::working_set_pack_b,5a83088a55429966c78a6afc,"['A', 'B', 'C', 'D', 'E', 'F']","[0, 1, 0, 0, 1, 0]","[-0.3256084620952606, -0.30396363139152527, -0.3159518539905548, -0.31846123933792114, 1.5858452320098877, -0.3218594789505005]","[-0.3256084620952606, -0.30396363139152527, -0.3159518539905548, -0.31846123933792114, 1.5858452320098877, -0.3218594789505005]","[-0.3256084620952606, -0.30396363139152527, -0.3159518539905548, -0.31846123933792114, 1.5858452320098877, -0.3218594789505005]",1,1,False,"['A', 'E']","['B', 'E']"
5a83088a55429966c78a6afc::active_set_pack_b,5a83088a55429966c78a6afc,"['A', 'B', 'C', 'D', 'E', 'F']","[0, 1, 0, 0, 1, 0]","[-0.4527037441730499, -0.44218266010284424, -0.4759363532066345, -0.47248584032058716, 2.3402812480926514, -0.4969729483127594]","[-0.4527037441730499, -0.44218266010284424, -0.4759363532066345, -0.47248584032058716, 2.3402812480926514, -0.4969729483127594]","[0.4527037441730499, 0.44218266010284424, 0.4759363532066345, 0.47248584032058716, -2.3402812480926514, 0.4969729483127594]",-1,-1,False,"['A', 'E']","['B', 'E']"
5ab54b5c5542992aa134a298::working_set_pack_a,5ab54b5c5542992aa134a298,"['A', 'B', 'C', 'D', 'E', 'F']","[0, 1, 0, 0, 1, 0]","[-0.5931718945503235, 0.27887600660324097, -0.502876341342926, -0.37237635254859924, 1.5582616329193115, -0.36871305108070374]","[-0.5931718945503235, 0.27887600660324097, -0.502876341342926, -0.37237635254859924, 1.5582616329193115, -0.36871305108070374]","[-0.5931718945503235, 0.27887600660324097, -0.502876341342926, -0.37237635254859924, 1.5582616329193115, -0.36871305108070374]",1,1,True,"['B', 'E']","['B', 'E']"
5ab54b5c5542992aa134a298::active_set_pack_a,5ab54b5c5542992aa134a298,"['A', 'B', 'C', 'D', 'E', 'F']","[0, 1, 0, 0, 1, 0]","[-0.6203506588935852, 0.3165503442287445, -0.5210444331169128, -0.4293156564235687, 1.6731903553009033, -0.419030100107193]","[-0.6203506588935852, 0.3165503442287445, -0.5210444331169128, -0.4293156564235687, 1.6731903553009033, -0.419030100107193]","[-0.6203506588935852, 0.3165503442287445, -0.5210444331169128, -0.4293156564235687, 1.6731903553009033, -0.419030100107193]",1,1,True,"['B', 'E']","['B', 'E']"
5ab54b5c5542992aa134a298::working_set_pack_b,5ab54b5c5542992aa134a298,"['A', 'B', 'C', 'D', 'E', 'F']","[0, 1, 0, 0, 1, 0]","[-0.4597705900669098, 0.06964131444692612, -0.4075651168823242, -0.2993609309196472, 1.417109727859497, -0.3200538456439972]","[-0.4597705900669098, 0.06964131444692612, -0.4075651168823242, -0.2993609309196472, 1.417109727859497, -0.3200538456439972]","[-0.4597705900669098, 0.06964131444692612, -0.4075651168823242, -0.2993609309196472, 1.417109727859497, -0.3200538456439972]",1,1,True,"['B', 'E']","['B', 'E']"
5ab54b5c5542992aa134a298::active_set_pack_b,5ab54b5c5542992aa134a298,"['A', 'B', 'C', 'D', 'E', 'F']","[0, 1, 0, 0, 1, 0]","[-0.5650165677070618, 1.3495129346847534, -0.49713432788848877, -0.3477637469768524, 0.46994686126708984, -0.409545361995697]","[-0.5650165677070618, 1.3495129346847534, -0.49713432788848877, -0.3477637469768524, 0.46994686126708984, -0.409545361995697]","[-0.5650165677070618, 1.3495129346847534, -0.49713432788848877, -0.3477637469768524, 0.46994686126708984, -0.409545361995697]",1,1,True,"['B', 'E']","['B', 'E']"
5ac23b6f55429951e9e684b4::working_set_pack_a,5ac23b6f55429951e9e684b4,"['A', 'B', 'C', 'D', 'E', 'F']","[0, 1, 0, 0, 1, 0]","[-0.5082352161407471, -0.5116996765136719, -0.633620023727417, -0.518543541431427, 2.80006742477417, -0.6279694437980652]","[-0.5082352161407471, -0.5116996765136719, -0.633620023727417, -0.518543541431427, 2.80006742477417, -0.6279694437980652]","[-0.5082352161407471, -0.5116996765136719, -0.633620023727417, -0.518543541431427, 2.80006742477417, -0.6279694437980652]",1,1,False,"['A', 'E']","['B', 'E']"
5ac23b6f55429951e9e684b4::active_set_pack_a,5ac23b6f55429951e9e684b4,"['A', 'B', 'C', 'D', 'E', 'F']","[0, 1, 0, 0, 1, 0]","[-0.5859657526016235, -0.5974085927009583, -0.752295196056366, -0.5923765301704407, 3.2166035175323486, -0.6885572075843811]","[-0.5859657526016235, -0.5974085927009583, -0.752295196056366, -0.5923765301704407, 3.2166035175323486, -0.6885572075843811]","[0.5859657526016235, 0.5974085927009583, 0.752295196056366, 0.5923765301704407, -3.2166035175323486, 0.6885572075843811]",-1,-1,False,"['A', 'E']","['B', 'E']"
5ac23b6f55429951e9e684b4::working_set_pack_b,5ac23b6f55429951e9e684b4,"['A', 'B', 'C', 'D', 'E', 'F']","[0, 1, 0, 0, 1, 0]","[-0.6651236414909363, -0.676927387714386, -0.6856622695922852, -0.665192723274231, 3.5087642669677734, -0.8158593773841858]","[-0.6651236414909363, -0.676927387714386, -0.6856622695922852, -0.665192723274231, 3.5087642669677734, -0.8158593773841858]","[0.6651236414909363, 0.676927387714386, 0.6856622695922852, 0.665192723274231, -3.5087642669677734, 0.8158593773841858]",-1,-1,False,"['A', 'E']","['B', 'E']"
5ac23b6f55429951e9e684b4::active_set_pack_b,5ac23b6f55429951e9e684b4,"['A', 'B', 'C', 'D', 'E', 'F']","[0, 1, 0, 0, 1, 0]","[-0.6704100370407104, -0.6686128377914429, -0.7845594882965088, -0.6808691024780273, 3.610532760620117, -0.8060813546180725]","[-0.6704100370407104, -0.6686128377914429, -0.7845594882965088, -0.6808691024780273, 3.610532760620117, -0.8060813546180725]","[0.6704100370407104, 0.6686128377914429, 0.7845594882965088, 0.6808691024780273, -3.610532760620117, 0.8060813546180725]",-1,-1,False,"['A', 'E']","['B', 'E']"
5a7d231555429909bec76986::working_set_pack_a,5a7d231555429909bec76986,"['A', 'B', 'C', 'D', 'E', 'F']","[0, 1, 0, 0, 0, 1]","[0.5087115168571472, -0.013029875233769417, -1.962287187576294, 0.5078569650650024, 0.49668654799461365, 0.4620615243911743]","[-0.5087115168571472, 0.013029875233769417, 1.962287187576294, -0.5078569650650024, -0.49668654799461365, -0.4620615243911743]","[-0.5087115168571472, 0.013029875233769417, 1.962287187576294, -0.5078569650650024, -0.49668654799461365, -0.4620615243911743]",-1,1,False,"['B', 'C']","['B', 'F']"
5a7d231555429909bec76986::active_set_pack_a,5a7d231555429909bec76986,"['A', 'B', 'C', 'D', 'E', 'F']","[0, 1, 0, 0, 0, 1]","[0.5249083042144775, -0.018632959574460983, -2.025449514389038, 0.5272365808486938, 0.5173193216323853, 0.474618524312973]","[-0.5249083042144775, 0.018632959574460983, 2.025449514389038, -0.5272365808486938, -0.5173193216323853, -0.474618524312973]","[-0.5249083042144775, 0.018632959574460983, 2.025449514389038, -0.5272365808486938, -0.5173193216323853, -0.474618524312973]",-1,1,False,"['A', 'C']","['B', 'F']"
5a7d231555429909bec76986::working_set_pack_b,5a7d231555429909bec76986,"['A', 'B', 'C', 'D', 'E', 'F']","[0, 1, 0, 0, 0, 1]","[0.4838114082813263, 0.05998413637280464, -1.9454851150512695, 0.4950965642929077, 0.4794301688671112, 0.4271622896194458]","[-0.4838114082813263, -0.05998413637280464, 1.9454851150512695, -0.4950965642929077, -0.4794301688671112, -0.4271622896194458]","[-0.4838114082813263, -0.05998413637280464, 1.9454851150512695, -0.4950965642929077, -0.4794301688671112, -0.4271622896194458]",-1,1,False,"['A', 'C']","['B', 'F']"
5a7d231555429909bec76986::active_set_pack_b,5a7d231555429909bec76986,"['A', 'B', 'C', 'D', 'E', 'F']","[0, 1, 0, 0, 0, 1]","[0.500505805015564, 0.03704233467578888, -2.00709867477417, 0.5411468744277954, 0.4962117373943329, 0.4321918189525604]","[-0.500505805015564, -0.03704233467578888, 2.00709867477417, -0.5411468744277954, -0.4962117373943329, -0.4321918189525604]","[-0.500505805015564, -0.03704233467578888, 2.00709867477417, -0.5411468744277954, -0.4962117373943329, -0.4321918189525604]",-1,1,False,"['A', 'C']","['B', 'F']"
5a79cc3c5542994bb94570b6::working_set_pack_a,5a79cc3c5542994bb94570b6,"['A', 'B', 'C', 'D', 'E', 'F']","[0, 1, 0, 1, 0, 0]","[-0.6832923889160156, -0.26482513546943665, -0.40714672207832336, 2.0403683185577393, -0.37122511863708496, -0.31387823820114136]","[-0.6832923889160156, -0.26482513546943665, -0.40714672207832336, 2.0403683185577393, -0.37122511863708496, -0.31387823820114136]","[-0.6832923889160156, -0.26482513546943665, -0.40714672207832336, 2.0403683185577393, -0.37122511863708496, -0.31387823820114136]",1,1,False,"['D', 'F']","['B', 'D']"
5a79cc3c5542994bb94570b6::active_set_pack_a,5a79cc3c5542994bb94570b6,"['A', 'B', 'C', 'D', 'E', 'F']","[0, 1, 0, 1, 0, 0]","[-0.6331794857978821, -0.3172284662723541, -0.44356295466423035, 2.1712398529052734, -0.4200012981891632, -0.35726791620254517]","[-0.6331794857978821, -0.3172284662723541, -0.44356295466423035, 2.1712398529052734, -0.4200012981891632, -0.35726791620254517]","[-0.6331794857978821, -0.3172284662723541, -0.44356295466423035, 2.1712398529052734, -0.4200012981891632, -0.35726791620254517]",1,1,False,"['D', 'F']","['B', 'D']"
5a79cc3c5542994bb94570b6::working_set_pack_b,5a79cc3c5542994bb94570b6,"['A', 'B', 'C', 'D', 'E', 'F']","[0, 1, 0, 1, 0, 0]","[-0.4961228668689728, -0.2040957510471344, -0.38324183225631714, 1.6418126821517944, -0.3202848732471466, -0.23806771636009216]","[-0.4961228668689728, -0.2040957510471344, -0.38324183225631714, 1.6418126821517944, -0.3202848732471466, -0.23806771636009216]","[-0.4961228668689728, -0.2040957510471344, -0.38324183225631714, 1.6418126821517944, -0.3202848732471466, -0.23806771636009216]",1,1,False,"['D', 'F']","['B', 'D']"
5a79cc3c5542994bb94570b6::active_set_pack_b,5a79cc3c5542994bb94570b6,"['A', 'B', 'C', 'D', 'E', 'F']","[0, 1, 0, 1, 0, 0]","[-0.7307674288749695, -0.23987562954425812, -0.482649028301239, 2.084603786468506, -0.35086655616760254, -0.28044477105140686]","[-0.7307674288749695, -0.23987562954425812, -0.482649028301239, 2.084603786468506, -0.35086655616760254, -0.28044477105140686]","[0.7307674288749695, 0.23987562954425812, 0.482649028301239, -2.084603786468506, 0.35086655616760254, 0.28044477105140686]",-1,-1,False,"['D', 'E']","['B', 'D']"
5a769ac95542993569682c4f::working_set_pack_a,5a769ac95542993569682c4f,"['A', 'B', 'C', 'D', 'E', 'F']","[1, 0, 1, 0, 0, 0]","[-0.23727606236934662, -0.09280453622341156, 1.3358477354049683, -0.3349929451942444, -0.254494309425354, -0.41627979278564453]","[-0.23727606236934662, -0.09280453622341156, 1.3358477354049683, -0.3349929451942444, -0.254494309425354, -0.41627979278564453]","[-0.23727606236934662, -0.09280453622341156, 1.3358477354049683, -0.3349929451942444, -0.254494309425354, -0.41627979278564453]",1,1,True,"['A', 'C']","['A', 'C']"
5a769ac95542993569682c4f::active_set_pack_a,5a769ac95542993569682c4f,"['A', 'B', 'C', 'D', 'E', 'F']","[1, 0, 1, 0, 0, 0]","[-0.2824229896068573, -0.17510734498500824, 1.4989532232284546, -0.3489406108856201, -0.2940603792667389, -0.39842161536216736]","[-0.2824229896068573, -0.17510734498500824, 1.4989532232284546, -0.3489406108856201, -0.2940603792667389, -0.39842161536216736]","[-0.2824229896068573, -0.17510734498500824, 1.4989532232284546, -0.3489406108856201, -0.2940603792667389, -0.39842161536216736]",1,1,True,"['A', 'C']","['A', 'C']"
5a769ac95542993569682c4f::working_set_pack_b,5a769ac95542993569682c4f,"['A', 'B', 'C', 'D', 'E', 'F']","[1, 0, 1, 0, 0, 0]","[-0.31110629439353943, -0.20474767684936523, 1.5804221630096436, -0.307617723941803, -0.2641010880470276, -0.4928493797779083]","[-0.31110629439353943, -0.20474767684936523, 1.5804221630096436, -0.307617723941803, -0.2641010880470276, -0.4928493797779083]","[0.31110629439353943, 0.20474767684936523, -1.5804221630096436, 0.307617723941803, 0.2641010880470276, 0.4928493797779083]",-1,-1,True,"['A', 'C']","['A', 'C']"
5a769ac95542993569682c4f::active_set_pack_b,5a769ac95542993569682c4f,"['A', 'B', 'C', 'D', 'E', 'F']","[1, 0, 1, 0, 0, 0]","[-0.4131956398487091, -0.22798269987106323, 1.761089563369751, -0.3779716491699219, -0.3149034380912781, -0.42703554034233093]","[-0.4131956398487091, -0.22798269987106323, 1.761089563369751, -0.3779716491699219, -0.3149034380912781, -0.42703554034233093]","[-0.4131956398487091, -0.22798269987106323, 1.761089563369751, -0.3779716491699219, -0.3149034380912781, -0.42703554034233093]",1,1,True,"['A', 'C']","['A', 'C']"
5adf01425542995ec70e8f53::working_set_pack_a,5adf01425542995ec70e8f53,"['A', 'B', 'C', 'D', 'E', 'F']","[0, 0, 0, 0, 1, 1]","[-0.7643107771873474, -0.3458258807659149, -0.5015517473220825, -0.4941636621952057, 2.444673776626587, -0.3388223946094513]","[-0.7643107771873474, -0.3458258807659149, -0.5015517473220825, -0.4941636621952057, 2.444673776626587, -0.3388223946094513]","[0.7643107771873474, 0.3458258807659149, 0.5015517473220825, 0.4941636621952057, -2.444673776626587, 0.3388223946094513]",-1,-1,True,"['E', 'F']","['E', 'F']"
5adf01425542995ec70e8f53::active_set_pack_a,5adf01425542995ec70e8f53,"['A', 'B', 'C', 'D', 'E', 'F']","[0, 0, 0, 0, 1, 1]","[-0.865385115146637, -0.17925342917442322, -0.40251263976097107, -0.398821085691452, 2.0246379375457764, -0.17866501212120056]","[-0.865385115146637, -0.17925342917442322, -0.40251263976097107, -0.398821085691452, 2.0246379375457764, -0.17866501212120056]","[0.865385115146637, 0.17925342917442322, 0.40251263976097107, 0.398821085691452, -2.0246379375457764, 0.17866501212120056]",-1,-1,False,"['B', 'E']","['E', 'F']"
5adf01425542995ec70e8f53::working_set_pack_b,5adf01425542995ec70e8f53,"['A', 'B', 'C', 'D', 'E', 'F']","[0, 0, 0, 0, 1, 1]","[-0.5919808745384216, -0.29988864064216614, -0.48199769854545593, -0.4842291474342346, 2.1953132152557373, -0.3372166156768799]","[-0.5919808745384216, -0.29988864064216614, -0.48199769854545593, -0.4842291474342346, 2.1953132152557373, -0.3372166156768799]","[0.5919808745384216, 0.29988864064216614, 0.48199769854545593, 0.4842291474342346, -2.1953132152557373, 0.3372166156768799]",-1,-1,False,"['B', 'E']","['E', 'F']"
5adf01425542995ec70e8f53::active_set_pack_b,5adf01425542995ec70e8f53,"['A', 'B', 'C', 'D', 'E', 'F']","[0, 0, 0, 0, 1, 1]","[-1.4554929733276367, 0.6383783221244812, -0.17047633230686188, -0.13129577040672302, 1.1390469074249268, -0.020160045474767685]","[-1.4554929733276367, 0.6383783221244812, -0.17047633230686188, -0.13129577040672302, 1.1390469074249268, -0.020160045474767685]","[-1.4554929733276367, 0.6383783221244812, -0.17047633230686188, -0.13129577040672302, 1.1390469074249268, -0.020160045474767685]",1,1,False,"['B', 'E']","['E', 'F']"
5adc1b1a55429944faac2422::working_set_pack_a,5adc1b1a55429944faac2422,"['A', 'B', 'C', 'D', 'E', 'F']","[1, 0, 0, 0, 1, 0]","[0.12029870599508286, -0.7969063520431519, 0.10745730251073837, 0.060816388577222824, 0.42060360312461853, 0.08773007988929749]","[0.12029870599508286, -0.7969063520431519, 0.10745730251073837, 0.060816388577222824, 0.42060360312461853, 0.08773007988929749]","[-0.12029870599508286, 0.7969063520431519, -0.10745730251073837, -0.060816388577222824, -0.42060360312461853, -0.08773007988929749]",-1,-1,True,"['A', 'E']","['A', 'E']"
5adc1b1a55429944faac2422::active_set_pack_a,5adc1b1a55429944faac2422,"['A', 'B', 'C', 'D', 'E', 'F']","[1, 0, 0, 0, 1, 0]","[0.20139330625534058, -0.9440823197364807, 0.1743691861629486, 0.16684915125370026, 0.23907697200775146, 0.16239403188228607]","[0.20139330625534058, -0.9440823197364807, 0.1743691861629486, 0.16684915125370026, 0.23907697200775146, 0.16239403188228607]","[-0.20139330625534058, 0.9440823197364807, -0.1743691861629486, -0.16684915125370026, -0.23907697200775146, -0.16239403188228607]",-1,-1,True,"['A', 'E']","['A', 'E']"
5adc1b1a55429944faac2422::working_set_pack_b,5adc1b1a55429944faac2422,"['A', 'B', 'C', 'D', 'E', 'F']","[1, 0, 0, 0, 1, 0]","[0.30120018124580383, -0.7324256896972656, 0.10639287531375885, 0.13746526837348938, 0.16448046267032623, 0.022887075319886208]","[0.30120018124580383, -0.7324256896972656, 0.10639287531375885, 0.13746526837348938, 0.16448046267032623, 0.022887075319886208]","[-0.30120018124580383, 0.7324256896972656, -0.10639287531375885, -0.13746526837348938, -0.16448046267032623, -0.022887075319886208]",-1,-1,True,"['A', 'E']","['A', 'E']"
5adc1b1a55429944faac2422::active_set_pack_b,5adc1b1a55429944faac2422,"['A', 'B', 'C', 'D', 'E', 'F']","[1, 0, 0, 0, 1, 0]","[0.3878321349620819, -1.5423510074615479, 0.25927236676216125, 0.32681313157081604, 0.27784964442253113, 0.2905837297439575]","[-0.3878321349620819, 1.5423510074615479, -0.25927236676216125, -0.32681313157081604, -0.27784964442253113, -0.2905837297439575]","[-0.3878321349620819, 1.5423510074615479, -0.25927236676216125, -0.32681313157081604, -0.27784964442253113, -0.2905837297439575]",-1,1,False,"['B', 'E']","['A', 'E']"
5add67b05542995b365fab2a::working_set_pack_a,5add67b05542995b365fab2a,"['A', 'B', 'C', 'D', 'E', 'F']","[1, 0, 0, 0, 1, 0]","[0.35572168231010437, -1.8054369688034058, 0.41269823908805847, 0.39164936542510986, 0.29473981261253357, 0.35062867403030396]","[0.35572168231010437, -1.8054369688034058, 0.41269823908805847, 0.39164936542510986, 0.29473981261253357, 0.35062867403030396]","[-0.35572168231010437, 1.8054369688034058, -0.41269823908805847, -0.39164936542510986, -0.29473981261253357, -0.35062867403030396]",-1,-1,True,"['A', 'E']","['A', 'E']"
5add67b05542995b365fab2a::active_set_pack_a,5add67b05542995b365fab2a,"['A', 'B', 'C', 'D', 'E', 'F']","[1, 0, 0, 0, 1, 0]","[0.3542410433292389, -1.8429592847824097, 0.42163360118865967, 0.400710791349411, 0.30588895082473755, 0.36048442125320435]","[0.3542410433292389, -1.8429592847824097, 0.42163360118865967, 0.400710791349411, 0.30588895082473755, 0.36048442125320435]","[-0.3542410433292389, 1.8429592847824097, -0.42163360118865967, -0.400710791349411, -0.30588895082473755, -0.36048442125320435]",-1,-1,True,"['A', 'E']","['A', 'E']"
5add67b05542995b365fab2a::working_set_pack_b,5add67b05542995b365fab2a,"['A', 'B', 'C', 'D', 'E', 'F']","[1, 0, 0, 0, 1, 0]","[0.3783474564552307, -1.8698934316635132, 0.41253846883773804, 0.4067654311656952, 0.3448708951473236, 0.32737109065055847]","[-0.3783474564552307, 1.8698934316635132, -0.41253846883773804, -0.4067654311656952, -0.3448708951473236, -0.32737109065055847]","[-0.3783474564552307, 1.8698934316635132, -0.41253846883773804, -0.4067654311656952, -0.3448708951473236, -0.32737109065055847]",-1,1,False,"['A', 'B']","['A', 'E']"
5add67b05542995b365fab2a::active_set_pack_b,5add67b05542995b365fab2a,"['A', 'B', 'C', 'D', 'E', 'F']","[1, 0, 0, 0, 1, 0]","[0.35348042845726013, -1.8295974731445312, 0.4028589427471161, 0.408877968788147, 0.29886937141418457, 0.36551138758659363]","[0.35348042845726013, -1.8295974731445312, 0.4028589427471161, 0.408877968788147, 0.29886937141418457, 0.36551138758659363]","[-0.35348042845726013, 1.8295974731445312, -0.4028589427471161, -0.408877968788147, -0.29886937141418457, -0.36551138758659363]",-1,-1,True,"['A', 'E']","['A', 'E']"
5ac25c9055429951e9e68580::working_set_pack_a,5ac25c9055429951e9e68580,"['A', 'B', 'C', 'D', 'E', 'F']","[0, 1, 0, 0, 0, 1]","[-0.9200533032417297, 1.0376116037368774, -0.6370318531990051, -0.7026937007904053, -0.5807723999023438, 1.802939772605896]","[-0.9200533032417297, 1.0376116037368774, -0.6370318531990051, -0.7026937007904053, -0.5807723999023438, 1.802939772605896]","[0.9200533032417297, -1.0376116037368774, 0.6370318531990051, 0.7026937007904053, 0.5807723999023438, -1.802939772605896]",-1,-1,True,"['B', 'F']","['B', 'F']"
5ac25c9055429951e9e68580::active_set_pack_a,5ac25c9055429951e9e68580,"['A', 'B', 'C', 'D', 'E', 'F']","[0, 1, 0, 0, 0, 1]","[-0.9313732385635376, 1.7328355312347412, -0.579563319683075, -0.6677474975585938, -0.5755433440208435, 1.021391749382019]","[-0.9313732385635376, 1.7328355312347412, -0.579563319683075, -0.6677474975585938, -0.5755433440208435, 1.021391749382019]","[0.9313732385635376, -1.7328355312347412, 0.579563319683075, 0.6677474975585938, 0.5755433440208435, -1.021391749382019]",-1,-1,True,"['B', 'F']","['B', 'F']"
5ac25c9055429951e9e68580::working_set_pack_b,5ac25c9055429951e9e68580,"['A', 'B', 'C', 'D', 'E', 'F']","[0, 1, 0, 0, 0, 1]","[-0.7179904580116272, -0.12998947501182556, -0.6035950183868408, -0.6381182074546814, -0.5125731825828552, 2.6022653579711914]","[-0.7179904580116272, -0.12998947501182556, -0.6035950183868408, -0.6381182074546814, -0.5125731825828552, 2.6022653579711914]","[-0.7179904580116272, -0.12998947501182556, -0.6035950183868408, -0.6381182074546814, -0.5125731825828552, 2.6022653579711914]",1,1,True,"['B', 'F']","['B', 'F']"
5ac25c9055429951e9e68580::active_set_pack_b,5ac25c9055429951e9e68580,"['A', 'B', 'C', 'D', 'E', 'F']","[0, 1, 0, 0, 0, 1]","[-0.9388339519500732, -0.28702399134635925, -0.6505414843559265, -0.6771364808082581, -0.5134291052818298, 3.066964864730835]","[-0.9388339519500732, -0.28702399134635925, -0.6505414843559265, -0.6771364808082581, -0.5134291052818298, 3.066964864730835]","[0.9388339519500732, 0.28702399134635925, 0.6505414843559265, 0.6771364808082581, 0.5134291052818298, -3.066964864730835]",-1,-1,True,"['B', 'F']","['B', 'F']"
5a8ef28c5542995b44241f0f::working_set_pack_a,5a8ef28c5542995b44241f0f,"['A', 'B', 'C', 'D', 'E', 'F']","[0, 1, 0, 1, 0, 0]","[0.5268583297729492, 0.6996968984603882, -0.2502408027648926, 0.10229790955781937, 0.09028889983892441, -1.1689008474349976]","[0.5268583297729492, 0.6996968984603882, -0.2502408027648926, 0.10229790955781937, 0.09028889983892441, -1.1689008474349976]","[0.5268583297729492, 0.6996968984603882, -0.2502408027648926, 0.10229790955781937, 0.09028889983892441, -1.1689008474349976]",1,1,False,"['A', 'B']","['B', 'D']"
5a8ef28c5542995b44241f0f::active_set_pack_a,5a8ef28c5542995b44241f0f,"['A', 'B', 'C', 'D', 'E', 'F']","[0, 1, 0, 1, 0, 0]","[0.6944751143455505, 0.38317129015922546, -0.1937265545129776, 0.1331411898136139, 0.1305384784936905, -1.1475993394851685]","[0.6944751143455505, 0.38317129015922546, -0.1937265545129776, 0.1331411898136139, 0.1305384784936905, -1.1475993394851685]","[0.6944751143455505, 0.38317129015922546, -0.1937265545129776, 0.1331411898136139, 0.1305384784936905, -1.1475993394851685]",1,1,False,"['A', 'B']","['B', 'D']"
5a8ef28c5542995b44241f0f::working_set_pack_b,5a8ef28c5542995b44241f0f,"['A', 'B', 'C', 'D', 'E', 'F']","[0, 1, 0, 1, 0, 0]","[-0.9423304200172424, 0.04198668897151947, 0.36180195212364197, 0.04779716953635216, 0.03630487993359566, 0.4544398784637451]","[0.9423304200172424, -0.04198668897151947, -0.36180195212364197, -0.04779716953635216, -0.03630487993359566, -0.4544398784637451]","[0.9423304200172424, -0.04198668897151947, -0.36180195212364197, -0.04779716953635216, -0.03630487993359566, -0.4544398784637451]",-1,1,False,"['A', 'B']","['B', 'D']"
5a8ef28c5542995b44241f0f::active_set_pack_b,5a8ef28c5542995b44241f0f,"['A', 'B', 'C', 'D', 'E', 'F']","[0, 1, 0, 1, 0, 0]","[0.9392397403717041, 0.19125200808048248, -0.7216795086860657, 0.008929274044930935, 0.028796261176466942, -0.4465378522872925]","[0.9392397403717041, 0.19125200808048248, -0.7216795086860657, 0.008929274044930935, 0.028796261176466942, -0.4465378522872925]","[0.9392397403717041, 0.19125200808048248, -0.7216795086860657, 0.008929274044930935, 0.028796261176466942, -0.4465378522872925]",1,1,False,"['A', 'B']","['B', 'D']"
5ab808755542990e739ec7f2::working_set_pack_a,5ab808755542990e739ec7f2,"['A', 'B', 'C', 'D', 'E', 'F']","[0, 0, 0, 0, 1, 1]","[-0.10374949127435684, -1.0171748399734497, -0.2370334416627884, -0.24310050904750824, 0.9986674189567566, 0.6023916006088257]","[-0.10374949127435684, -1.0171748399734497, -0.2370334416627884, -0.24310050904750824, 0.9986674189567566, 0.6023916006088257]","[-0.10374949127435684, -1.0171748399734497, -0.2370334416627884, -0.24310050904750824, 0.9986674189567566, 0.6023916006088257]",1,1,False,"['A', 'E']","['E', 'F']"
5ab808755542990e739ec7f2::active_set_pack_a,5ab808755542990e739ec7f2,"['A', 'B', 'C', 'D', 'E', 'F']","[0, 0, 0, 0, 1, 1]","[-0.13066045939922333, -1.014992117881775, -0.22037120163440704, -0.22602877020835876, 0.5177991390228271, 1.0742535591125488]","[-0.13066045939922333, -1.014992117881775, -0.22037120163440704, -0.22602877020835876, 0.5177991390228271, 1.0742535591125488]","[-0.13066045939922333, -1.014992117881775, -0.22037120163440704, -0.22602877020835876, 0.5177991390228271, 1.0742535591125488]",1,1,False,"['A', 'E']","['E', 'F']"
5ab808755542990e739ec7f2::working_set_pack_b,5ab808755542990e739ec7f2,"['A', 'B', 'C', 'D', 'E', 'F']","[0, 0, 0, 0, 1, 1]","[-0.12095174938440323, -0.9222145676612854, -0.16750498116016388, -0.18915140628814697, 0.14591076970100403, 1.2539117336273193]","[-0.12095174938440323, -0.9222145676612854, -0.16750498116016388, -0.18915140628814697, 0.14591076970100403, 1.2539117336273193]","[-0.12095174938440323, -0.9222145676612854, -0.16750498116016388, -0.18915140628814697, 0.14591076970100403, 1.2539117336273193]",1,1,False,"['A', 'E']","['E', 'F']"
5ab808755542990e739ec7f2::active_set_pack_b,5ab808755542990e739ec7f2,"['A', 'B', 'C', 'D', 'E', 'F']","[0, 0, 0, 0, 1, 1]","[-0.01602560468018055, -1.4764450788497925, -0.06794657558202744, -0.09046205878257751, 0.4983982741832733, 1.152480959892273]","[-0.01602560468018055, -1.4764450788497925, -0.06794657558202744, -0.09046205878257751, 0.4983982741832733, 1.152480959892273]","[-0.01602560468018055, -1.4764450788497925, -0.06794657558202744, -0.09046205878257751, 0.4983982741832733, 1.152480959892273]",1,1,False,"['A', 'E']","['E', 'F']"
5a7d15e35542995ed0d165dd::working_set_pack_a,5a7d15e35542995ed0d165dd,"['A', 'B', 'C', 'D', 'E', 'F']","[0, 1, 0, 0, 0, 1]","[-0.13963662087917328, 1.3415319919586182, -1.3669910430908203, -0.14878110587596893, -0.1361764669418335, 0.45005303621292114]","[-0.13963662087917328, 1.3415319919586182, -1.3669910430908203, -0.14878110587596893, -0.1361764669418335, 0.45005303621292114]","[-0.13963662087917328, 1.3415319919586182, -1.3669910430908203, -0.14878110587596893, -0.1361764669418335, 0.45005303621292114]",1,1,False,"['A', 'B']","['B', 'F']"
5a7d15e35542995ed0d165dd::active_set_pack_a,5a7d15e35542995ed0d165dd,"['A', 'B', 'C', 'D', 'E', 'F']","[0, 1, 0, 0, 0, 1]","[-0.2199874073266983, 1.4979768991470337, -1.0617891550064087, -0.2455507069826126, -0.22502097487449646, 0.2543712854385376]","[-0.2199874073266983, 1.4979768991470337, -1.0617891550064087, -0.2455507069826126, -0.22502097487449646, 0.2543712854385376]","[-0.2199874073266983, 1.4979768991470337, -1.0617891550064087, -0.2455507069826126, -0.22502097487449646, 0.2543712854385376]",1,1,False,"['A', 'B']","['B', 'F']"
5a7d15e35542995ed0d165dd::working_set_pack_b,5a7d15e35542995ed0d165dd,"['A', 'B', 'C', 'D', 'E', 'F']","[0, 1, 0, 0, 0, 1]","[-0.28179633617401123, 1.76718008518219, -0.8596794009208679, -0.3449370265007019, -0.31794095039367676, 0.037174347788095474]","[-0.28179633617401123, 1.76718008518219, -0.8596794009208679, -0.3449370265007019, -0.31794095039367676, 0.037174347788095474]","[-0.28179633617401123, 1.76718008518219, -0.8596794009208679, -0.3449370265007019, -0.31794095039367676, 0.037174347788095474]",1,1,False,"['A', 'B']","['B', 'F']"
5a7d15e35542995ed0d165dd::active_set_pack_b,5a7d15e35542995ed0d165dd,"['A', 'B', 'C', 'D', 'E', 'F']","[0, 1, 0, 0, 0, 1]","[-0.3380269706249237, 1.9670929908752441, -0.6995115280151367, -0.42925164103507996, -0.38621029257774353, -0.11409313231706619]","[-0.3380269706249237, 1.9670929908752441, -0.6995115280151367, -0.42925164103507996, -0.38621029257774353, -0.11409313231706619]","[-0.3380269706249237, 1.9670929908752441, -0.6995115280151367, -0.42925164103507996, -0.38621029257774353, -0.11409313231706619]",1,1,False,"['A', 'B']","['B', 'F']"
5ac5247c55429924173fb602::working_set_pack_a,5ac5247c55429924173fb602,"['A', 'B', 'C', 'D', 'E', 'F']","[1, 0, 0, 1, 0, 0]","[0.3576551079750061, 0.3163217604160309, -1.7315582036972046, 0.6019056439399719, 0.17599281668663025, 0.27968260645866394]","[0.3576551079750061, 0.3163217604160309, -1.7315582036972046, 0.6019056439399719, 0.17599281668663025, 0.27968260645866394]","[0.3576551079750061, 0.3163217604160309, -1.7315582036972046, 0.6019056439399719, 0.17599281668663025, 0.27968260645866394]",1,1,True,"['A', 'D']","['A', 'D']"
5ac5247c55429924173fb602::active_set_pack_a,5ac5247c55429924173fb602,"['A', 'B', 'C', 'D', 'E', 'F']","[1, 0, 0, 1, 0, 0]","[0.27055826783180237, 0.2173478752374649, -1.4501534700393677, 0.6983045935630798, 0.08582157641649246, 0.17812150716781616]","[0.27055826783180237, 0.2173478752374649, -1.4501534700393677, 0.6983045935630798, 0.08582157641649246, 0.17812150716781616]","[0.27055826783180237, 0.2173478752374649, -1.4501534700393677, 0.6983045935630798, 0.08582157641649246, 0.17812150716781616]",1,1,True,"['A', 'D']","['A', 'D']"
5ac5247c55429924173fb602::working_set_pack_b,5ac5247c55429924173fb602,"['A', 'B', 'C', 'D', 'E', 'F']","[1, 0, 0, 1, 0, 0]","[0.25120455026626587, 0.24097023904323578, -1.9287277460098267, 1.041343331336975, 0.1863352209329605, 0.20887458324432373]","[0.25120455026626587, 0.24097023904323578, -1.9287277460098267, 1.041343331336975, 0.1863352209329605, 0.20887458324432373]","[-0.25120455026626587, -0.24097023904323578, 1.9287277460098267, -1.041343331336975, -0.1863352209329605, -0.20887458324432373]",-1,-1,True,"['A', 'D']","['A', 'D']"
5ac5247c55429924173fb602::active_set_pack_b,5ac5247c55429924173fb602,"['A', 'B', 'C', 'D', 'E', 'F']","[1, 0, 0, 1, 0, 0]","[-0.00436754385009408, 0.033206757158041, -1.5921770334243774, 1.6831086874008179, -0.07714280486106873, -0.04262799769639969]","[-0.00436754385009408, 0.033206757158041, -1.5921770334243774, 1.6831086874008179, -0.07714280486106873, -0.04262799769639969]","[-0.00436754385009408, 0.033206757158041, -1.5921770334243774, 1.6831086874008179, -0.07714280486106873, -0.04262799769639969]",1,1,True,"['A', 'D']","['A', 'D']"
5a80b23a5542992bc0c4a7b2::working_set_pack_a,5a80b23a5542992bc0c4a7b2,"['A', 'B', 'C', 'D', 'E', 'F']","[0, 0, 1, 0, 0, 1]","[-0.7165728807449341, -0.5199816226959229, 2.614114761352539, -0.5490984320640564, -0.4811042845249176, -0.34735825657844543]","[-0.7165728807449341, -0.5199816226959229, 2.614114761352539, -0.5490984320640564, -0.4811042845249176, -0.34735825657844543]","[-0.7165728807449341, -0.5199816226959229, 2.614114761352539, -0.5490984320640564, -0.4811042845249176, -0.34735825657844543]",1,1,False,"['C', 'E']","['C', 'F']"
5a80b23a5542992bc0c4a7b2::active_set_pack_a,5a80b23a5542992bc0c4a7b2,"['A', 'B', 'C', 'D', 'E', 'F']","[0, 0, 1, 0, 0, 1]","[-0.713205099105835, -0.5551288723945618, 2.6756677627563477, -0.571101725101471, -0.4917869567871094, -0.3444451093673706]","[-0.713205099105835, -0.5551288723945618, 2.6756677627563477, -0.571101725101471, -0.4917869567871094, -0.3444451093673706]","[-0.713205099105835, -0.5551288723945618, 2.6756677627563477, -0.571101725101471, -0.4917869567871094, -0.3444451093673706]",1,1,False,"['C', 'E']","['C', 'F']"
5a80b23a5542992bc0c4a7b2::working_set_pack_b,5a80b23a5542992bc0c4a7b2,"['A', 'B', 'C', 'D', 'E', 'F']","[0, 0, 1, 0, 0, 1]","[-0.664808988571167, -0.5768880248069763, 2.8922207355499268, -0.6198920011520386, -0.5689358711242676, -0.4616948366165161]","[-0.664808988571167, -0.5768880248069763, 2.8922207355499268, -0.6198920011520386, -0.5689358711242676, -0.4616948366165161]","[-0.664808988571167, -0.5768880248069763, 2.8922207355499268, -0.6198920011520386, -0.5689358711242676, -0.4616948366165161]",1,1,False,"['C', 'E']","['C', 'F']"
5a80b23a5542992bc0c4a7b2::active_set_pack_b,5a80b23a5542992bc0c4a7b2,"['A', 'B', 'C', 'D', 'E', 'F']","[0, 0, 1, 0, 0, 1]","[-0.8027879595756531, -0.6626919507980347, 3.345362901687622, -0.7114471793174744, -0.6565203070640564, -0.5119169354438782]","[-0.8027879595756531, -0.6626919507980347, 3.345362901687622, -0.7114471793174744, -0.6565203070640564, -0.5119169354438782]","[-0.8027879595756531, -0.6626919507980347, 3.345362901687622, -0.7114471793174744, -0.6565203070640564, -0.5119169354438782]",1,1,True,"['C', 'F']","['C', 'F']"
5a8d209555429941ae14df84::working_set_pack_a,5a8d209555429941ae14df84,"['A', 'B', 'C', 'D', 'E', 'F']","[1, 0, 0, 1, 0, 0]","[1.264334797859192, -0.4610064625740051, -0.10983530431985855, -0.5103412866592407, -0.088093101978302, -0.09505904465913773]","[1.264334797859192, -0.4610064625740051, -0.10983530431985855, -0.5103412866592407, -0.088093101978302, -0.09505904465913773]","[-1.264334797859192, 0.4610064625740051, 0.10983530431985855, 0.5103412866592407, 0.088093101978302, 0.09505904465913773]",-1,-1,False,"['A', 'F']","['A', 'D']"
5a8d209555429941ae14df84::active_set_pack_a,5a8d209555429941ae14df84,"['A', 'B', 'C', 'D', 'E', 'F']","[1, 0, 0, 1, 0, 0]","[1.0184857845306396, -0.9064337611198425, 0.042440466582775116, -0.21586506068706512, 0.0056090946309268475, 0.05576399713754654]","[1.0184857845306396, -0.9064337611198425, 0.042440466582775116, -0.21586506068706512, 0.0056090946309268475, 0.05576399713754654]","[-1.0184857845306396, 0.9064337611198425, -0.042440466582775116, 0.21586506068706512, -0.0056090946309268475, -0.05576399713754654]",-1,-1,False,"['A', 'F']","['A', 'D']"
5a8d209555429941ae14df84::working_set_pack_b,5a8d209555429941ae14df84,"['A', 'B', 'C', 'D', 'E', 'F']","[1, 0, 0, 1, 0, 0]","[0.5234556198120117, -0.9774649739265442, 0.14951856434345245, 0.022350674495100975, 0.11863644421100616, 0.16350388526916504]","[0.5234556198120117, -0.9774649739265442, 0.14951856434345245, 0.022350674495100975, 0.11863644421100616, 0.16350388526916504]","[0.5234556198120117, -0.9774649739265442, 0.14951856434345245, 0.022350674495100975, 0.11863644421100616, 0.16350388526916504]",1,1,False,"['A', 'F']","['A', 'D']"
5a8d209555429941ae14df84::active_set_pack_b,5a8d209555429941ae14df84,"['A', 'B', 'C', 'D', 'E', 'F']","[1, 0, 0, 1, 0, 0]","[0.4871698021888733, -1.685744047164917, 0.3391591012477875, 0.2774300277233124, 0.23006248474121094, 0.35192257165908813]","[0.4871698021888733, -1.685744047164917, 0.3391591012477875, 0.2774300277233124, 0.23006248474121094, 0.35192257165908813]","[0.4871698021888733, -1.685744047164917, 0.3391591012477875, 0.2774300277233124, 0.23006248474121094, 0.35192257165908813]",1,1,False,"['A', 'F']","['A', 'D']"
5adf698f5542993a75d264e2::working_set_pack_a,5adf698f5542993a75d264e2,"['A', 'B', 'C', 'D', 'E', 'F']","[0, 1, 0, 0, 1, 0]","[-0.47422096133232117, 1.2522650957107544, -0.46554139256477356, -0.47817716002464294, 0.6502576470375061, -0.4845832288265228]","[-0.47422096133232117, 1.2522650957107544, -0.46554139256477356, -0.47817716002464294, 0.6502576470375061, -0.4845832288265228]","[-0.47422096133232117, 1.2522650957107544, -0.46554139256477356, -0.47817716002464294, 0.6502576470375061, -0.4845832288265228]",1,1,True,"['B', 'E']","['B', 'E']"
5adf698f5542993a75d264e2::active_set_pack_a,5adf698f5542993a75d264e2,"['A', 'B', 'C', 'D', 'E', 'F']","[0, 1, 0, 0, 1, 0]","[-0.4699923098087311, 1.1985743045806885, -0.47041526436805725, -0.4729371964931488, 0.6984614133834839, -0.483691543340683]","[-0.4699923098087311, 1.1985743045806885, -0.47041526436805725, -0.4729371964931488, 0.6984614133834839, -0.483691543340683]","[-0.4699923098087311, 1.1985743045806885, -0.47041526436805725, -0.4729371964931488, 0.6984614133834839, -0.483691543340683]",1,1,True,"['B', 'E']","['B', 'E']"
5adf698f5542993a75d264e2::working_set_pack_b,5adf698f5542993a75d264e2,"['A', 'B', 'C', 'D', 'E', 'F']","[0, 1, 0, 0, 1, 0]","[-0.3857164978981018, 1.451697587966919, -0.38919597864151, -0.3827277719974518, 0.10366883128881454, -0.39772626757621765]","[-0.3857164978981018, 1.451697587966919, -0.38919597864151, -0.3827277719974518, 0.10366883128881454, -0.39772626757621765]","[0.3857164978981018, -1.451697587966919, 0.38919597864151, 0.3827277719974518, -0.10366883128881454, 0.39772626757621765]",-1,-1,True,"['B', 'E']","['B', 'E']"
5adf698f5542993a75d264e2::active_set_pack_b,5adf698f5542993a75d264e2,"['A', 'B', 'C', 'D', 'E', 'F']","[0, 1, 0, 0, 1, 0]","[-0.3800508379936218, 1.3280702829360962, -0.415865957736969, -0.39368677139282227, 0.24700306355953217, -0.3854694664478302]","[-0.3800508379936218, 1.3280702829360962, -0.415865957736969, -0.39368677139282227, 0.24700306355953217, -0.3854694664478302]","[-0.3800508379936218, 1.3280702829360962, -0.415865957736969, -0.39368677139282227, 0.24700306355953217, -0.3854694664478302]",1,1,True,"['B', 'E']","['B', 'E']"
5a8e506d5542990e94052ac8::working_set_pack_a,5a8e506d5542990e94052ac8,"['A', 'B', 'C', 'D', 'E', 'F']","[0, 1, 0, 1, 0, 0]","[-0.5393467545509338, -0.21080267429351807, -0.33238473534584045, 1.8172229528427124, -0.36373406648635864, -0.37095457315444946]","[-0.5393467545509338, -0.21080267429351807, -0.33238473534584045, 1.8172229528427124, -0.36373406648635864, -0.37095457315444946]","[-0.5393467545509338, -0.21080267429351807, -0.33238473534584045, 1.8172229528427124, -0.36373406648635864, -0.37095457315444946]",1,1,True,"['B', 'D']","['B', 'D']"
5a8e506d5542990e94052ac8::active_set_pack_a,5a8e506d5542990e94052ac8,"['A', 'B', 'C', 'D', 'E', 'F']","[0, 1, 0, 1, 0, 0]","[-0.5029414892196655, -0.18905849754810333, -0.31232720613479614, 1.6829595565795898, -0.3410581350326538, -0.3375740051269531]","[-0.5029414892196655, -0.18905849754810333, -0.31232720613479614, 1.6829595565795898, -0.3410581350326538, -0.3375740051269531]","[-0.5029414892196655, -0.18905849754810333, -0.31232720613479614, 1.6829595565795898, -0.3410581350326538, -0.3375740051269531]",1,1,True,"['B', 'D']","['B', 'D']"
5a8e506d5542990e94052ac8::working_set_pack_b,5a8e506d5542990e94052ac8,"['A', 'B', 'C', 'D', 'E', 'F']","[0, 1, 0, 1, 0, 0]","[-0.4544932544231415, 2.017401933670044, -0.40704503655433655, -0.3438635468482971, -0.3955300748348236, -0.4164700508117676]","[-0.4544932544231415, 2.017401933670044, -0.40704503655433655, -0.3438635468482971, -0.3955300748348236, -0.4164700508117676]","[0.4544932544231415, -2.017401933670044, 0.40704503655433655, 0.3438635468482971, 0.3955300748348236, 0.4164700508117676]",-1,-1,True,"['B', 'D']","['B', 'D']"
5a8e506d5542990e94052ac8::active_set_pack_b,5a8e506d5542990e94052ac8,"['A', 'B', 'C', 'D', 'E', 'F']","[0, 1, 0, 1, 0, 0]","[-0.6334313154220581, 0.13009551167488098, -0.2809341847896576, 1.5276371240615845, -0.3559296429157257, -0.3874374330043793]","[-0.6334313154220581, 0.13009551167488098, -0.2809341847896576, 1.5276371240615845, -0.3559296429157257, -0.3874374330043793]","[-0.6334313154220581, 0.13009551167488098, -0.2809341847896576, 1.5276371240615845, -0.3559296429157257, -0.3874374330043793]",1,1,True,"['B', 'D']","['B', 'D']"
5ac3983a554299657fa290f5::working_set_pack_a,5ac3983a554299657fa290f5,"['A', 'B', 'C', 'D', 'E', 'F']","[1, 0, 1, 0, 0, 0]","[0.8618560433387756, -1.9168957471847534, 0.8047529458999634, 0.08974958956241608, 0.07174160331487656, 0.08879469335079193]","[0.8618560433387756, -1.9168957471847534, 0.8047529458999634, 0.08974958956241608, 0.07174160331487656, 0.08879469335079193]","[0.8618560433387756, -1.9168957471847534, 0.8047529458999634, 0.08974958956241608, 0.07174160331487656, 0.08879469335079193]",1,1,True,"['A', 'C']","['A', 'C']"
5ac3983a554299657fa290f5::active_set_pack_a,5ac3983a554299657fa290f5,"['A', 'B', 'C', 'D', 'E', 'F']","[1, 0, 1, 0, 0, 0]","[0.6773654818534851, -1.7588005065917969, 0.9541462659835815, 0.040186915546655655, 0.03480895981192589, 0.05229279771447182]","[0.6773654818534851, -1.7588005065917969, 0.9541462659835815, 0.040186915546655655, 0.03480895981192589, 0.05229279771447182]","[0.6773654818534851, -1.7588005065917969, 0.9541462659835815, 0.040186915546655655, 0.03480895981192589, 0.05229279771447182]",1,1,True,"['A', 'C']","['A', 'C']"
5ac3983a554299657fa290f5::working_set_pack_b,5ac3983a554299657fa290f5,"['A', 'B', 'C', 'D', 'E', 'F']","[1, 0, 1, 0, 0, 0]","[0.6273229122161865, -1.9581315517425537, 0.8532463312149048, 0.16308140754699707, 0.12507504224777222, 0.18940570950508118]","[0.6273229122161865, -1.9581315517425537, 0.8532463312149048, 0.16308140754699707, 0.12507504224777222, 0.18940570950508118]","[0.6273229122161865, -1.9581315517425537, 0.8532463312149048, 0.16308140754699707, 0.12507504224777222, 0.18940570950508118]",1,1,True,"['A', 'C']","['A', 'C']"
5ac3983a554299657fa290f5::active_set_pack_b,5ac3983a554299657fa290f5,"['A', 'B', 'C', 'D', 'E', 'F']","[1, 0, 1, 0, 0, 0]","[0.18449744582176208, -2.0921249389648438, 1.723755121231079, 0.05862955003976822, 0.041171375662088394, 0.08407073467969894]","[0.18449744582176208, -2.0921249389648438, 1.723755121231079, 0.05862955003976822, 0.041171375662088394, 0.08407073467969894]","[0.18449744582176208, -2.0921249389648438, 1.723755121231079, 0.05862955003976822, 0.041171375662088394, 0.08407073467969894]",1,1,True,"['A', 'C']","['A', 'C']"
5ac1bfd85542994ab5c67dfb::working_set_pack_a,5ac1bfd85542994ab5c67dfb,"['A', 'B', 'C', 'D', 'E', 'F']","[0, 1, 0, 1, 0, 0]","[-0.8411312103271484, 2.691228151321411, -0.39824378490448, -0.3242148160934448, -0.5582379698753357, -0.5694000124931335]","[-0.8411312103271484, 2.691228151321411, -0.39824378490448, -0.3242148160934448, -0.5582379698753357, -0.5694000124931335]","[0.8411312103271484, -2.691228151321411, 0.39824378490448, 0.3242148160934448, 0.5582379698753357, 0.5694000124931335]",-1,-1,True,"['B', 'D']","['B', 'D']"
5ac1bfd85542994ab5c67dfb::active_set_pack_a,5ac1bfd85542994ab5c67dfb,"['A', 'B', 'C', 'D', 'E', 'F']","[0, 1, 0, 1, 0, 0]","[-0.880290687084198, 2.474609613418579, -0.361535906791687, -0.2198343575000763, -0.5013327598571777, -0.5116152167320251]","[-0.880290687084198, 2.474609613418579, -0.361535906791687, -0.2198343575000763, -0.5013327598571777, -0.5116152167320251]","[0.880290687084198, -2.474609613418579, 0.361535906791687, 0.2198343575000763, 0.5013327598571777, 0.5116152167320251]",-1,-1,True,"['B', 'D']","['B', 'D']"
5ac1bfd85542994ab5c67dfb::working_set_pack_b,5ac1bfd85542994ab5c67dfb,"['A', 'B', 'C', 'D', 'E', 'F']","[0, 1, 0, 1, 0, 0]","[-0.6008966565132141, 2.049798011779785, -0.37826699018478394, -0.16229331493377686, -0.44688236713409424, -0.4614589512348175]","[-0.6008966565132141, 2.049798011779785, -0.37826699018478394, -0.16229331493377686, -0.44688236713409424, -0.4614589512348175]","[-0.6008966565132141, 2.049798011779785, -0.37826699018478394, -0.16229331493377686, -0.44688236713409424, -0.4614589512348175]",1,1,True,"['B', 'D']","['B', 'D']"
5ac1bfd85542994ab5c67dfb::active_set_pack_b,5ac1bfd85542994ab5c67dfb,"['A', 'B', 'C', 'D', 'E', 'F']","[0, 1, 0, 1, 0, 0]","[-1.0430634021759033, 1.4476203918457031, -0.08369927108287811, 0.12849339842796326, -0.2197737842798233, -0.22957772016525269]","[-1.0430634021759033, 1.4476203918457031, -0.08369927108287811, 0.12849339842796326, -0.2197737842798233, -0.22957772016525269]","[1.0430634021759033, -1.4476203918457031, 0.08369927108287811, -0.12849339842796326, 0.2197737842798233, 0.22957772016525269]",-1,-1,True,"['B', 'D']","['B', 'D']"
5a77251055429966f1a36ca5::working_set_pack_a,5a77251055429966f1a36ca5,"['A', 'B', 'C', 'D', 'E', 'F']","[1, 0, 0, 0, 0, 1]","[0.15940794348716736, -1.3583096265792847, 0.1893671602010727, 0.3110829293727875, 0.18915991485118866, 0.5092918872833252]","[0.15940794348716736, -1.3583096265792847, 0.1893671602010727, 0.3110829293727875, 0.18915991485118866, 0.5092918872833252]","[0.15940794348716736, -1.3583096265792847, 0.1893671602010727, 0.3110829293727875, 0.18915991485118866, 0.5092918872833252]",1,1,True,"['A', 'F']","['A', 'F']"
5a77251055429966f1a36ca5::active_set_pack_a,5a77251055429966f1a36ca5,"['A', 'B', 'C', 'D', 'E', 'F']","[1, 0, 0, 0, 0, 1]","[0.13676945865154266, -1.3502612113952637, 0.17884783446788788, 0.26946431398391724, 0.18728524446487427, 0.577894389629364]","[0.13676945865154266, -1.3502612113952637, 0.17884783446788788, 0.26946431398391724, 0.18728524446487427, 0.577894389629364]","[0.13676945865154266, -1.3502612113952637, 0.17884783446788788, 0.26946431398391724, 0.18728524446487427, 0.577894389629364]",1,1,True,"['A', 'F']","['A', 'F']"
5a77251055429966f1a36ca5::working_set_pack_b,5a77251055429966f1a36ca5,"['A', 'B', 'C', 'D', 'E', 'F']","[1, 0, 0, 0, 0, 1]","[-0.27237746119499207, -0.6353633999824524, -0.2183024138212204, -0.012949665077030659, -0.18785865604877472, 1.3268516063690186]","[-0.27237746119499207, -0.6353633999824524, -0.2183024138212204, -0.012949665077030659, -0.18785865604877472, 1.3268516063690186]","[-0.27237746119499207, -0.6353633999824524, -0.2183024138212204, -0.012949665077030659, -0.18785865604877472, 1.3268516063690186]",1,1,True,"['A', 'F']","['A', 'F']"
5a77251055429966f1a36ca5::active_set_pack_b,5a77251055429966f1a36ca5,"['A', 'B', 'C', 'D', 'E', 'F']","[1, 0, 0, 0, 0, 1]","[-0.3323019742965698, -0.9122142791748047, -0.3045409321784973, -0.16044393181800842, -0.2923547923564911, 2.0018558502197266]","[-0.3323019742965698, -0.9122142791748047, -0.3045409321784973, -0.16044393181800842, -0.2923547923564911, 2.0018558502197266]","[-0.3323019742965698, -0.9122142791748047, -0.3045409321784973, -0.16044393181800842, -0.2923547923564911, 2.0018558502197266]",1,1,True,"['A', 'F']","['A', 'F']"
5ac3bf5e5542995ef918c20f::working_set_pack_a,5ac3bf5e5542995ef918c20f,"['A', 'B', 'C', 'D', 'E', 'F']","[0, 0, 1, 0, 1, 0]","[-0.8196593523025513, -0.3313382565975189, 1.820926308631897, -0.2542821764945984, -0.18997128307819366, -0.22567498683929443]","[-0.8196593523025513, -0.3313382565975189, 1.820926308631897, -0.2542821764945984, -0.18997128307819366, -0.22567498683929443]","[-0.8196593523025513, -0.3313382565975189, 1.820926308631897, -0.2542821764945984, -0.18997128307819366, -0.22567498683929443]",1,1,True,"['C', 'E']","['C', 'E']"
5ac3bf5e5542995ef918c20f::active_set_pack_a,5ac3bf5e5542995ef918c20f,"['A', 'B', 'C', 'D', 'E', 'F']","[0, 0, 1, 0, 1, 0]","[-0.755554735660553, -0.36166131496429443, 1.9456919431686401, -0.30370602011680603, -0.256098210811615, -0.26867151260375977]","[-0.755554735660553, -0.36166131496429443, 1.9456919431686401, -0.30370602011680603, -0.256098210811615, -0.26867151260375977]","[-0.755554735660553, -0.36166131496429443, 1.9456919431686401, -0.30370602011680603, -0.256098210811615, -0.26867151260375977]",1,1,True,"['C', 'E']","['C', 'E']"
5ac3bf5e5542995ef918c20f::working_set_pack_b,5ac3bf5e5542995ef918c20f,"['A', 'B', 'C', 'D', 'E', 'F']","[0, 0, 1, 0, 1, 0]","[-0.5934584736824036, -0.3491269648075104, 1.821797490119934, -0.27105242013931274, -0.36722874641418457, -0.24093085527420044]","[-0.5934584736824036, -0.3491269648075104, 1.821797490119934, -0.27105242013931274, -0.36722874641418457, -0.24093085527420044]","[-0.5934584736824036, -0.3491269648075104, 1.821797490119934, -0.27105242013931274, -0.36722874641418457, -0.24093085527420044]",1,1,True,"['C', 'E']","['C', 'E']"
5ac3bf5e5542995ef918c20f::active_set_pack_b,5ac3bf5e5542995ef918c20f,"['A', 'B', 'C', 'D', 'E', 'F']","[0, 0, 1, 0, 1, 0]","[-0.5787402987480164, -0.6487301588058472, 1.6957292556762695, -0.22623476386070251, -0.06671006232500076, -0.17531411349773407]","[-0.5787402987480164, -0.6487301588058472, 1.6957292556762695, -0.22623476386070251, -0.06671006232500076, -0.17531411349773407]","[-0.5787402987480164, -0.6487301588058472, 1.6957292556762695, -0.22623476386070251, -0.06671006232500076, -0.17531411349773407]",1,1,True,"['C', 'E']","['C', 'E']"
5a81fab9554299676cceb1b1::working_set_pack_a,5a81fab9554299676cceb1b1,"['A', 'B', 'C', 'D', 'E', 'F']","[1, 0, 0, 0, 0, 1]","[-0.32939061522483826, -1.0611932277679443, -0.3553100526332855, -0.2330370992422104, -0.3645481765270233, 2.3434789180755615]","[-0.32939061522483826, -1.0611932277679443, -0.3553100526332855, -0.2330370992422104, -0.3645481765270233, 2.3434789180755615]","[-0.32939061522483826, -1.0611932277679443, -0.3553100526332855, -0.2330370992422104, -0.3645481765270233, 2.3434789180755615]",1,1,True,"['A', 'F']","['A', 'F']"
5a81fab9554299676cceb1b1::active_set_pack_a,5a81fab9554299676cceb1b1,"['A', 'B', 'C', 'D', 'E', 'F']","[1, 0, 0, 0, 0, 1]","[-0.36330220103263855, -0.9982611536979675, -0.39406919479370117, -0.21571998298168182, -0.39458152651786804, 2.365934371948242]","[-0.36330220103263855, -0.9982611536979675, -0.39406919479370117, -0.21571998298168182, -0.39458152651786804, 2.365934371948242]","[-0.36330220103263855, -0.9982611536979675, -0.39406919479370117, -0.21571998298168182, -0.39458152651786804, 2.365934371948242]",1,1,True,"['A', 'F']","['A', 'F']"
5a81fab9554299676cceb1b1::working_set_pack_b,5a81fab9554299676cceb1b1,"['A', 'B', 'C', 'D', 'E', 'F']","[1, 0, 0, 0, 0, 1]","[-0.4127274751663208, -0.735758900642395, -0.4085462689399719, -0.2814518213272095, -0.42845243215560913, 2.2669363021850586]","[-0.4127274751663208, -0.735758900642395, -0.4085462689399719, -0.2814518213272095, -0.42845243215560913, 2.2669363021850586]","[-0.4127274751663208, -0.735758900642395, -0.4085462689399719, -0.2814518213272095, -0.42845243215560913, 2.2669363021850586]",1,1,True,"['A', 'F']","['A', 'F']"
5a81fab9554299676cceb1b1::active_set_pack_b,5a81fab9554299676cceb1b1,"['A', 'B', 'C', 'D', 'E', 'F']","[1, 0, 0, 0, 0, 1]","[-0.4683826267719269, -0.9144613742828369, -0.4726342260837555, -0.29133841395378113, -0.4865863025188446, 2.6334030628204346]","[-0.4683826267719269, -0.9144613742828369, -0.4726342260837555, -0.29133841395378113, -0.4865863025188446, 2.6334030628204346]","[-0.4683826267719269, -0.9144613742828369, -0.4726342260837555, -0.29133841395378113, -0.4865863025188446, 2.6334030628204346]",1,1,True,"['A', 'F']","['A', 'F']"
5ac141dd5542991316484a9b::working_set_pack_a,5ac141dd5542991316484a9b,"['A', 'B', 'C', 'D', 'E', 'F']","[0, 0, 0, 1, 0, 1]","[-0.5376218557357788, -0.3776518702507019, -0.3724469840526581, 1.6100611686706543, -0.1571149230003357, -0.16522547602653503]","[-0.5376218557357788, -0.3776518702507019, -0.3724469840526581, 1.6100611686706543, -0.1571149230003357, -0.16522547602653503]","[-0.5376218557357788, -0.3776518702507019, -0.3724469840526581, 1.6100611686706543, -0.1571149230003357, -0.16522547602653503]",1,1,True,"['D', 'F']","['D', 'F']"
5ac141dd5542991316484a9b::active_set_pack_a,5ac141dd5542991316484a9b,"['A', 'B', 'C', 'D', 'E', 'F']","[0, 0, 0, 1, 0, 1]","[-0.5395849347114563, -0.4217996895313263, -0.4193722605705261, 1.8310030698776245, -0.23145049810409546, -0.21879610419273376]","[-0.5395849347114563, -0.4217996895313263, -0.4193722605705261, 1.8310030698776245, -0.23145049810409546, -0.21879610419273376]","[-0.5395849347114563, -0.4217996895313263, -0.4193722605705261, 1.8310030698776245, -0.23145049810409546, -0.21879610419273376]",1,1,True,"['D', 'F']","['D', 'F']"
5ac141dd5542991316484a9b::working_set_pack_b,5ac141dd5542991316484a9b,"['A', 'B', 'C', 'D', 'E', 'F']","[0, 0, 0, 1, 0, 1]","[-0.42322608828544617, -0.39372509717941284, -0.38785797357559204, 1.703350305557251, -0.2662157714366913, -0.23232562839984894]","[-0.42322608828544617, -0.39372509717941284, -0.38785797357559204, 1.703350305557251, -0.2662157714366913, -0.23232562839984894]","[-0.42322608828544617, -0.39372509717941284, -0.38785797357559204, 1.703350305557251, -0.2662157714366913, -0.23232562839984894]",1,1,False,"['D', 'E']","['D', 'F']"
5ac141dd5542991316484a9b::active_set_pack_b,5ac141dd5542991316484a9b,"['A', 'B', 'C', 'D', 'E', 'F']","[0, 0, 0, 1, 0, 1]","[-0.4741441607475281, -0.36478501558303833, -0.371410608291626, 1.4591788053512573, -0.1625557243824005, -0.08628334105014801]","[-0.4741441607475281, -0.36478501558303833, -0.371410608291626, 1.4591788053512573, -0.1625557243824005, -0.08628334105014801]","[-0.4741441607475281, -0.36478501558303833, -0.371410608291626, 1.4591788053512573, -0.1625557243824005, -0.08628334105014801]",1,1,True,"['D', 'F']","['D', 'F']"
5ab6ef2f554299710c8d1fc5::working_set_pack_a,5ab6ef2f554299710c8d1fc5,"['A', 'B', 'C', 'D', 'E', 'F']","[0, 0, 0, 1, 0, 1]","[-0.5358333587646484, -0.4865688681602478, -0.5556273460388184, 2.240556240081787, -0.5351369380950928, -0.12738999724388123]","[-0.5358333587646484, -0.4865688681602478, -0.5556273460388184, 2.240556240081787, -0.5351369380950928, -0.12738999724388123]","[-0.5358333587646484, -0.4865688681602478, -0.5556273460388184, 2.240556240081787, -0.5351369380950928, -0.12738999724388123]",1,1,True,"['D', 'F']","['D', 'F']"
5ab6ef2f554299710c8d1fc5::active_set_pack_a,5ab6ef2f554299710c8d1fc5,"['A', 'B', 'C', 'D', 'E', 'F']","[0, 0, 0, 1, 0, 1]","[-0.5284377932548523, -0.4825425446033478, -0.5534563064575195, 2.219808578491211, -0.5273191332817078, -0.12805357575416565]","[-0.5284377932548523, -0.4825425446033478, -0.5534563064575195, 2.219808578491211, -0.5273191332817078, -0.12805357575416565]","[-0.5284377932548523, -0.4825425446033478, -0.5534563064575195, 2.219808578491211, -0.5273191332817078, -0.12805357575416565]",1,1,True,"['D', 'F']","['D', 'F']"
5ab6ef2f554299710c8d1fc5::working_set_pack_b,5ab6ef2f554299710c8d1fc5,"['A', 'B', 'C', 'D', 'E', 'F']","[0, 0, 0, 1, 0, 1]","[-0.45391103625297546, -0.35202938318252563, -0.49776506423950195, 1.9150011539459229, -0.4667217433452606, -0.1445741355419159]","[-0.45391103625297546, -0.35202938318252563, -0.49776506423950195, 1.9150011539459229, -0.4667217433452606, -0.1445741355419159]","[-0.45391103625297546, -0.35202938318252563, -0.49776506423950195, 1.9150011539459229, -0.4667217433452606, -0.1445741355419159]",1,1,False,"['A', 'D']","['D', 'F']"
5ab6ef2f554299710c8d1fc5::active_set_pack_b,5ab6ef2f554299710c8d1fc5,"['A', 'B', 'C', 'D', 'E', 'F']","[0, 0, 0, 1, 0, 1]","[-0.4082297086715698, -0.30109289288520813, -0.5035399198532104, 1.6830559968948364, -0.431296169757843, -0.038897160440683365]","[0.4082297086715698, 0.30109289288520813, 0.5035399198532104, -1.6830559968948364, 0.431296169757843, 0.038897160440683365]","[-0.4082297086715698, -0.30109289288520813, -0.5035399198532104, 1.6830559968948364, -0.431296169757843, -0.038897160440683365]",1,-1,False,"['A', 'F']","['D', 'F']"
5ae546be5542990ba0bbb251::working_set_pack_a,5ae546be5542990ba0bbb251,"['A', 'B', 'C', 'D', 'E', 'F']","[0, 1, 0, 0, 0, 1]","[-0.16077649593353271, -0.05422920733690262, -1.2819478511810303, -0.21635554730892181, -0.1261962205171585, 1.8395053148269653]","[-0.16077649593353271, -0.05422920733690262, -1.2819478511810303, -0.21635554730892181, -0.1261962205171585, 1.8395053148269653]","[-0.16077649593353271, -0.05422920733690262, -1.2819478511810303, -0.21635554730892181, -0.1261962205171585, 1.8395053148269653]",1,1,False,"['A', 'F']","['B', 'F']"
5ae546be5542990ba0bbb251::active_set_pack_a,5ae546be5542990ba0bbb251,"['A', 'B', 'C', 'D', 'E', 'F']","[0, 1, 0, 0, 0, 1]","[-0.21852749586105347, -0.10189739614725113, -1.1308367252349854, -0.25011545419692993, -0.17026858031749725, 1.8716449737548828]","[-0.21852749586105347, -0.10189739614725113, -1.1308367252349854, -0.25011545419692993, -0.17026858031749725, 1.8716449737548828]","[-0.21852749586105347, -0.10189739614725113, -1.1308367252349854, -0.25011545419692993, -0.17026858031749725, 1.8716449737548828]",1,1,False,"['A', 'F']","['B', 'F']"
5ae546be5542990ba0bbb251::working_set_pack_b,5ae546be5542990ba0bbb251,"['A', 'B', 'C', 'D', 'E', 'F']","[0, 1, 0, 0, 0, 1]","[-0.3297063708305359, -0.288684606552124, -0.6979416608810425, -0.35577070713043213, -0.299699068069458, 1.9718027114868164]","[-0.3297063708305359, -0.288684606552124, -0.6979416608810425, -0.35577070713043213, -0.299699068069458, 1.9718027114868164]","[-0.3297063708305359, -0.288684606552124, -0.6979416608810425, -0.35577070713043213, -0.299699068069458, 1.9718027114868164]",1,1,False,"['A', 'F']","['B', 'F']"
5ae546be5542990ba0bbb251::active_set_pack_b,5ae546be5542990ba0bbb251,"['A', 'B', 'C', 'D', 'E', 'F']","[0, 1, 0, 0, 0, 1]","[-0.29245278239250183, -0.2331162840127945, -0.9806217551231384, -0.34478917717933655, -0.25885435938835144, 2.1098344326019287]","[-0.29245278239250183, -0.2331162840127945, -0.9806217551231384, -0.34478917717933655, -0.25885435938835144, 2.1098344326019287]","[-0.29245278239250183, -0.2331162840127945, -0.9806217551231384, -0.34478917717933655, -0.25885435938835144, 2.1098344326019287]",1,1,False,"['A', 'F']","['B', 'F']"
5a73f2265542993a88ae2ea9::working_set_pack_a,5a73f2265542993a88ae2ea9,"['A', 'B', 'C', 'D', 'E', 'F']","[0, 0, 0, 1, 1, 0]","[-0.6562300324440002, -0.7034862637519836, -0.6291110515594482, 3.0139429569244385, -0.42619046568870544, -0.5989246964454651]","[-0.6562300324440002, -0.7034862637519836, -0.6291110515594482, 3.0139429569244385, -0.42619046568870544, -0.5989246964454651]","[-0.6562300324440002, -0.7034862637519836, -0.6291110515594482, 3.0139429569244385, -0.42619046568870544, -0.5989246964454651]",1,1,True,"['D', 'E']","['D', 'E']"
5a73f2265542993a88ae2ea9::active_set_pack_a,5a73f2265542993a88ae2ea9,"['A', 'B', 'C', 'D', 'E', 'F']","[0, 0, 0, 1, 1, 0]","[-0.6653269529342651, -0.7324031591415405, -0.6656259894371033, 3.1749608516693115, -0.4897739887237549, -0.6218310594558716]","[-0.6653269529342651, -0.7324031591415405, -0.6656259894371033, 3.1749608516693115, -0.4897739887237549, -0.6218310594558716]","[0.6653269529342651, 0.7324031591415405, 0.6656259894371033, -3.1749608516693115, 0.4897739887237549, 0.6218310594558716]",-1,-1,True,"['D', 'E']","['D', 'E']"
5a73f2265542993a88ae2ea9::working_set_pack_b,5a73f2265542993a88ae2ea9,"['A', 'B', 'C', 'D', 'E', 'F']","[0, 0, 0, 1, 1, 0]","[-0.48964792490005493, -0.533789336681366, -0.3876790702342987, 2.0338025093078613, -0.19566823542118073, -0.4270184338092804]","[0.48964792490005493, 0.533789336681366, 0.3876790702342987, -2.0338025093078613, 0.19566823542118073, 0.4270184338092804]","[-0.48964792490005493, -0.533789336681366, -0.3876790702342987, 2.0338025093078613, -0.19566823542118073, -0.4270184338092804]",1,-1,False,"['C', 'E']","['D', 'E']"
5a73f2265542993a88ae2ea9::active_set_pack_b,5a73f2265542993a88ae2ea9,"['A', 'B', 'C', 'D', 'E', 'F']","[0, 0, 0, 1, 1, 0]","[-0.6633214950561523, -0.7368679046630859, -0.6012983918190002, 3.090669631958008, -0.4511083662509918, -0.6380736827850342]","[-0.6633214950561523, -0.7368679046630859, -0.6012983918190002, 3.090669631958008, -0.4511083662509918, -0.6380736827850342]","[-0.6633214950561523, -0.7368679046630859, -0.6012983918190002, 3.090669631958008, -0.4511083662509918, -0.6380736827850342]",1,1,True,"['D', 'E']","['D', 'E']"
5a7cbd7c554299452d57b9e6::working_set_pack_a,5a7cbd7c554299452d57b9e6,"['A', 'B', 'C', 'D', 'E', 'F']","[0, 0, 0, 1, 0, 1]","[-0.8741013407707214, -0.7998955249786377, -0.843730092048645, 4.007176876068115, -0.8110327124595642, -0.6784167885780334]","[-0.8741013407707214, -0.7998955249786377, -0.843730092048645, 4.007176876068115, -0.8110327124595642, -0.6784167885780334]","[-0.8741013407707214, -0.7998955249786377, -0.843730092048645, 4.007176876068115, -0.8110327124595642, -0.6784167885780334]",1,1,True,"['D', 'F']","['D', 'F']"
5a7cbd7c554299452d57b9e6::active_set_pack_a,5a7cbd7c554299452d57b9e6,"['A', 'B', 'C', 'D', 'E', 'F']","[0, 0, 0, 1, 0, 1]","[-0.9046726822853088, -0.8274722099304199, -0.8701133131980896, 4.153857231140137, -0.8390381336212158, -0.71256023645401]","[-0.9046726822853088, -0.8274722099304199, -0.8701133131980896, 4.153857231140137, -0.8390381336212158, -0.71256023645401]","[-0.9046726822853088, -0.8274722099304199, -0.8701133131980896, 4.153857231140137, -0.8390381336212158, -0.71256023645401]",1,1,True,"['D', 'F']","['D', 'F']"
5a7cbd7c554299452d57b9e6::working_set_pack_b,5a7cbd7c554299452d57b9e6,"['A', 'B', 'C', 'D', 'E', 'F']","[0, 0, 0, 1, 0, 1]","[-1.0175962448120117, -0.9838944673538208, -1.017554759979248, 4.929701328277588, -0.9919842481613159, -0.9186722040176392]","[-1.0175962448120117, -0.9838944673538208, -1.017554759979248, 4.929701328277588, -0.9919842481613159, -0.9186722040176392]","[-1.0175962448120117, -0.9838944673538208, -1.017554759979248, 4.929701328277588, -0.9919842481613159, -0.9186722040176392]",1,1,True,"['D', 'F']","['D', 'F']"
5a7cbd7c554299452d57b9e6::active_set_pack_b,5a7cbd7c554299452d57b9e6,"['A', 'B', 'C', 'D', 'E', 'F']","[0, 0, 0, 1, 0, 1]","[-0.9054533839225769, -0.8675511479377747, -0.9128261208534241, 4.351094722747803, -0.8804663419723511, -0.784796953201294]","[-0.9054533839225769, -0.8675511479377747, -0.9128261208534241, 4.351094722747803, -0.8804663419723511, -0.784796953201294]","[-0.9054533839225769, -0.8675511479377747, -0.9128261208534241, 4.351094722747803, -0.8804663419723511, -0.784796953201294]",1,1,True,"['D', 'F']","['D', 'F']"
5adf9e7e5542992d7e9f93be::working_set_pack_a,5adf9e7e5542992d7e9f93be,"['A', 'B', 'C', 'D', 'E', 'F']","[0, 1, 1, 0, 0, 0]","[-0.5901665091514587, 0.834568977355957, 1.3887081146240234, -0.5230745673179626, -0.5693535208702087, -0.5406829118728638]","[-0.5901665091514587, 0.834568977355957, 1.3887081146240234, -0.5230745673179626, -0.5693535208702087, -0.5406829118728638]","[-0.5901665091514587, 0.834568977355957, 1.3887081146240234, -0.5230745673179626, -0.5693535208702087, -0.5406829118728638]",1,1,True,"['B', 'C']","['B', 'C']"
5adf9e7e5542992d7e9f93be::active_set_pack_a,5adf9e7e5542992d7e9f93be,"['A', 'B', 'C', 'D', 'E', 'F']","[0, 1, 1, 0, 0, 0]","[-0.6053894758224487, 0.8249951004981995, 1.4831492900848389, -0.5477129220962524, -0.5898287892341614, -0.565213143825531]","[-0.6053894758224487, 0.8249951004981995, 1.4831492900848389, -0.5477129220962524, -0.5898287892341614, -0.565213143825531]","[-0.6053894758224487, 0.8249951004981995, 1.4831492900848389, -0.5477129220962524, -0.5898287892341614, -0.565213143825531]",1,1,True,"['B', 'C']","['B', 'C']"
5adf9e7e5542992d7e9f93be::working_set_pack_b,5adf9e7e5542992d7e9f93be,"['A', 'B', 'C', 'D', 'E', 'F']","[0, 1, 1, 0, 0, 0]","[-0.47304049134254456, -0.099156454205513, 1.9872881174087524, -0.45053836703300476, -0.4821275770664215, -0.48242494463920593]","[-0.47304049134254456, -0.099156454205513, 1.9872881174087524, -0.45053836703300476, -0.4821275770664215, -0.48242494463920593]","[-0.47304049134254456, -0.099156454205513, 1.9872881174087524, -0.45053836703300476, -0.4821275770664215, -0.48242494463920593]",1,1,True,"['B', 'C']","['B', 'C']"
5adf9e7e5542992d7e9f93be::active_set_pack_b,5adf9e7e5542992d7e9f93be,"['A', 'B', 'C', 'D', 'E', 'F']","[0, 1, 1, 0, 0, 0]","[-0.5104774832725525, -0.05782284587621689, 1.974318027496338, -0.4666407108306885, -0.47572222352027893, -0.46365487575531006]","[-0.5104774832725525, -0.05782284587621689, 1.974318027496338, -0.4666407108306885, -0.47572222352027893, -0.46365487575531006]","[-0.5104774832725525, -0.05782284587621689, 1.974318027496338, -0.4666407108306885, -0.47572222352027893, -0.46365487575531006]",1,1,True,"['B', 'C']","['B', 'C']"
5a7b970c554299294a54aa0b::working_set_pack_a,5a7b970c554299294a54aa0b,"['A', 'B', 'C', 'D', 'E', 'F']","[0, 1, 1, 0, 0, 0]","[-0.643760085105896, 2.5480663776397705, -0.25587260723114014, -0.43857911229133606, -0.5297526121139526, -0.6801010966300964]","[-0.643760085105896, 2.5480663776397705, -0.25587260723114014, -0.43857911229133606, -0.5297526121139526, -0.6801010966300964]","[-0.643760085105896, 2.5480663776397705, -0.25587260723114014, -0.43857911229133606, -0.5297526121139526, -0.6801010966300964]",1,1,True,"['B', 'C']","['B', 'C']"
5a7b970c554299294a54aa0b::active_set_pack_a,5a7b970c554299294a54aa0b,"['A', 'B', 'C', 'D', 'E', 'F']","[0, 1, 1, 0, 0, 0]","[-0.656076967716217, 2.529484748840332, -0.19448626041412354, -0.4715031087398529, -0.5426985025405884, -0.6647194027900696]","[-0.656076967716217, 2.529484748840332, -0.19448626041412354, -0.4715031087398529, -0.5426985025405884, -0.6647194027900696]","[-0.656076967716217, 2.529484748840332, -0.19448626041412354, -0.4715031087398529, -0.5426985025405884, -0.6647194027900696]",1,1,True,"['B', 'C']","['B', 'C']"
5a7b970c554299294a54aa0b::working_set_pack_b,5a7b970c554299294a54aa0b,"['A', 'B', 'C', 'D', 'E', 'F']","[0, 1, 1, 0, 0, 0]","[-0.6766977906227112, 2.1065585613250732, -0.16578900814056396, -0.3615468144416809, -0.4129505455493927, -0.48957476019859314]","[-0.6766977906227112, 2.1065585613250732, -0.16578900814056396, -0.3615468144416809, -0.4129505455493927, -0.48957476019859314]","[-0.6766977906227112, 2.1065585613250732, -0.16578900814056396, -0.3615468144416809, -0.4129505455493927, -0.48957476019859314]",1,1,True,"['B', 'C']","['B', 'C']"
5a7b970c554299294a54aa0b::active_set_pack_b,5a7b970c554299294a54aa0b,"['A', 'B', 'C', 'D', 'E', 'F']","[0, 1, 1, 0, 0, 0]","[-0.5730583071708679, 1.8781858682632446, -0.0872015655040741, -0.3040129542350769, -0.3684810698032379, -0.5454318523406982]","[-0.5730583071708679, 1.8781858682632446, -0.0872015655040741, -0.3040129542350769, -0.3684810698032379, -0.5454318523406982]","[-0.5730583071708679, 1.8781858682632446, -0.0872015655040741, -0.3040129542350769, -0.3684810698032379, -0.5454318523406982]",1,1,True,"['B', 'C']","['B', 'C']"
5ab8f24f55429934fafe6e20::working_set_pack_a,5ab8f24f55429934fafe6e20,"['A', 'B', 'C', 'D', 'E', 'F']","[1, 0, 0, 1, 0, 0]","[0.29987701773643494, 0.545257568359375, 0.4400571882724762, 0.44997507333755493, -2.1533379554748535, 0.4181700348854065]","[-0.29987701773643494, -0.545257568359375, -0.4400571882724762, -0.44997507333755493, 2.1533379554748535, -0.4181700348854065]","[-0.29987701773643494, -0.545257568359375, -0.4400571882724762, -0.44997507333755493, 2.1533379554748535, -0.4181700348854065]",-1,1,False,"['A', 'E']","['A', 'D']"
5ab8f24f55429934fafe6e20::active_set_pack_a,5ab8f24f55429934fafe6e20,"['A', 'B', 'C', 'D', 'E', 'F']","[1, 0, 0, 1, 0, 0]","[0.23539811372756958, 0.52811199426651, 0.40262845158576965, 0.4147118330001831, -1.955398440361023, 0.3745480477809906]","[-0.23539811372756958, -0.52811199426651, -0.40262845158576965, -0.4147118330001831, 1.955398440361023, -0.3745480477809906]","[-0.23539811372756958, -0.52811199426651, -0.40262845158576965, -0.4147118330001831, 1.955398440361023, -0.3745480477809906]",-1,1,False,"['A', 'E']","['A', 'D']"
5ab8f24f55429934fafe6e20::working_set_pack_b,5ab8f24f55429934fafe6e20,"['A', 'B', 'C', 'D', 'E', 'F']","[1, 0, 0, 1, 0, 0]","[0.10343332588672638, 0.48691049218177795, 0.26691100001335144, 0.3169688582420349, -1.493138074874878, 0.318913996219635]","[-0.10343332588672638, -0.48691049218177795, -0.26691100001335144, -0.3169688582420349, 1.493138074874878, -0.318913996219635]","[-0.10343332588672638, -0.48691049218177795, -0.26691100001335144, -0.3169688582420349, 1.493138074874878, -0.318913996219635]",-1,1,False,"['A', 'E']","['A', 'D']"
5ab8f24f55429934fafe6e20::active_set_pack_b,5ab8f24f55429934fafe6e20,"['A', 'B', 'C', 'D', 'E', 'F']","[1, 0, 0, 1, 0, 0]","[0.017263948917388916, 0.6314263939857483, 0.36573147773742676, 0.34409213066101074, -1.7068531513214111, 0.3483390808105469]","[-0.017263948917388916, -0.6314263939857483, -0.36573147773742676, -0.34409213066101074, 1.7068531513214111, -0.3483390808105469]","[-0.017263948917388916, -0.6314263939857483, -0.36573147773742676, -0.34409213066101074, 1.7068531513214111, -0.3483390808105469]",-1,1,False,"['A', 'E']","['A', 'D']"
5a83cf395542996488c2e4e0::working_set_pack_a,5a83cf395542996488c2e4e0,"['A', 'B', 'C', 'D', 'E', 'F']","[0, 0, 1, 0, 0, 1]","[-0.4799737334251404, -0.5382652878761292, 2.4195401668548584, -0.4129309058189392, -0.5105618238449097, -0.4778081178665161]","[-0.4799737334251404, -0.5382652878761292, 2.4195401668548584, -0.4129309058189392, -0.5105618238449097, -0.4778081178665161]","[-0.4799737334251404, -0.5382652878761292, 2.4195401668548584, -0.4129309058189392, -0.5105618238449097, -0.4778081178665161]",1,1,False,"['C', 'D']","['C', 'F']"
5a83cf395542996488c2e4e0::active_set_pack_a,5a83cf395542996488c2e4e0,"['A', 'B', 'C', 'D', 'E', 'F']","[0, 0, 1, 0, 0, 1]","[-0.43545663356781006, -0.46830278635025024, 2.147728443145752, -0.36042630672454834, -0.4590478837490082, -0.42449426651000977]","[-0.43545663356781006, -0.46830278635025024, 2.147728443145752, -0.36042630672454834, -0.4590478837490082, -0.42449426651000977]","[-0.43545663356781006, -0.46830278635025024, 2.147728443145752, -0.36042630672454834, -0.4590478837490082, -0.42449426651000977]",1,1,False,"['C', 'D']","['C', 'F']"
5a83cf395542996488c2e4e0::working_set_pack_b,5a83cf395542996488c2e4e0,"['A', 'B', 'C', 'D', 'E', 'F']","[0, 0, 1, 0, 0, 1]","[-0.42679110169410706, -0.4703415334224701, 2.059458017349243, -0.2925731837749481, -0.4368807375431061, -0.4328705966472626]","[-0.42679110169410706, -0.4703415334224701, 2.059458017349243, -0.2925731837749481, -0.4368807375431061, -0.4328705966472626]","[-0.42679110169410706, -0.4703415334224701, 2.059458017349243, -0.2925731837749481, -0.4368807375431061, -0.4328705966472626]",1,1,False,"['C', 'D']","['C', 'F']"
5a83cf395542996488c2e4e0::active_set_pack_b,5a83cf395542996488c2e4e0,"['A', 'B', 'C', 'D', 'E', 'F']","[0, 0, 1, 0, 0, 1]","[-0.5556694269180298, -0.6289698481559753, 2.8055062294006348, -0.4945056140422821, -0.5764197111129761, -0.5499420166015625]","[-0.5556694269180298, -0.6289698481559753, 2.8055062294006348, -0.4945056140422821, -0.5764197111129761, -0.5499420166015625]","[-0.5556694269180298, -0.6289698481559753, 2.8055062294006348, -0.4945056140422821, -0.5764197111129761, -0.5499420166015625]",1,1,False,"['C', 'D']","['C', 'F']"
5ab265de5542993be8fa9901::working_set_pack_a,5ab265de5542993be8fa9901,"['A', 'B', 'C', 'D', 'E', 'F']","[0, 0, 0, 0, 1, 1]","[-0.2727319896221161, -0.24444401264190674, -0.5520267486572266, -0.24663203954696655, 0.12506148219108582, 1.190773367881775]","[0.2727319896221161, 0.24444401264190674, 0.5520267486572266, 0.24663203954696655, -0.12506148219108582, -1.190773367881775]","[-0.2727319896221161, -0.24444401264190674, -0.5520267486572266, -0.24663203954696655, 0.12506148219108582, 1.190773367881775]",1,-1,False,"['A', 'E']","['E', 'F']"
5ab265de5542993be8fa9901::active_set_pack_a,5ab265de5542993be8fa9901,"['A', 'B', 'C', 'D', 'E', 'F']","[0, 0, 0, 0, 1, 1]","[-0.2720649838447571, -0.24013574421405792, -0.6631935238838196, -0.268909752368927, 0.22576077282428741, 1.2185431718826294]","[0.2720649838447571, 0.24013574421405792, 0.6631935238838196, 0.268909752368927, -0.22576077282428741, -1.2185431718826294]","[-0.2720649838447571, -0.24013574421405792, -0.6631935238838196, -0.268909752368927, 0.22576077282428741, 1.2185431718826294]",1,-1,False,"['A', 'E']","['E', 'F']"
5ab265de5542993be8fa9901::working_set_pack_b,5ab265de5542993be8fa9901,"['A', 'B', 'C', 'D', 'E', 'F']","[0, 0, 0, 0, 1, 1]","[-0.23962408304214478, -0.22490113973617554, -0.6260920166969299, -0.25957077741622925, 0.0914282277226448, 1.2587597370147705]","[-0.23962408304214478, -0.22490113973617554, -0.6260920166969299, -0.25957077741622925, 0.0914282277226448, 1.2587597370147705]","[-0.23962408304214478, -0.22490113973617554, -0.6260920166969299, -0.25957077741622925, 0.0914282277226448, 1.2587597370147705]",1,1,False,"['A', 'F']","['E', 'F']"
5ab265de5542993be8fa9901::active_set_pack_b,5ab265de5542993be8fa9901,"['A', 'B', 'C', 'D', 'E', 'F']","[0, 0, 0, 0, 1, 1]","[0.010097073391079903, 0.10492987185716629, -1.1672892570495605, 0.0025986377149820328, 0.24289728701114655, 0.8067668080329895]","[0.010097073391079903, 0.10492987185716629, -1.1672892570495605, 0.0025986377149820328, 0.24289728701114655, 0.8067668080329895]","[0.010097073391079903, 0.10492987185716629, -1.1672892570495605, 0.0025986377149820328, 0.24289728701114655, 0.8067668080329895]",1,1,False,"['A', 'E']","['E', 'F']"
5abc0e30554299700f9d77c5::working_set_pack_a,5abc0e30554299700f9d77c5,"['A', 'B', 'C', 'D', 'E', 'F']","[0, 1, 0, 0, 1, 0]","[0.29615384340286255, 0.49259868264198303, -2.301063299179077, 0.23710884153842926, 0.9983875751495361, 0.2768147587776184]","[0.29615384340286255, 0.49259868264198303, -2.301063299179077, 0.23710884153842926, 0.9983875751495361, 0.2768147587776184]","[0.29615384340286255, 0.49259868264198303, -2.301063299179077, 0.23710884153842926, 0.9983875751495361, 0.2768147587776184]",1,1,False,"['A', 'E']","['B', 'E']"
5abc0e30554299700f9d77c5::active_set_pack_a,5abc0e30554299700f9d77c5,"['A', 'B', 'C', 'D', 'E', 'F']","[0, 1, 0, 0, 1, 0]","[0.3465162515640259, 0.6283946633338928, -2.267958641052246, 0.3123302757740021, 0.6328931450843811, 0.34782448410987854]","[0.3465162515640259, 0.6283946633338928, -2.267958641052246, 0.3123302757740021, 0.6328931450843811, 0.34782448410987854]","[-0.3465162515640259, -0.6283946633338928, 2.267958641052246, -0.3123302757740021, -0.6328931450843811, -0.34782448410987854]",-1,-1,False,"['A', 'E']","['B', 'E']"
5abc0e30554299700f9d77c5::working_set_pack_b,5abc0e30554299700f9d77c5,"['A', 'B', 'C', 'D', 'E', 'F']","[0, 1, 0, 0, 1, 0]","[0.4270382225513458, 0.5024753212928772, -2.2409322261810303, 0.36460402607917786, 0.5542348027229309, 0.3925796151161194]","[0.4270382225513458, 0.5024753212928772, -2.2409322261810303, 0.36460402607917786, 0.5542348027229309, 0.3925796151161194]","[-0.4270382225513458, -0.5024753212928772, 2.2409322261810303, -0.36460402607917786, -0.5542348027229309, -0.3925796151161194]",-1,-1,False,"['A', 'E']","['B', 'E']"
5abc0e30554299700f9d77c5::active_set_pack_b,5abc0e30554299700f9d77c5,"['A', 'B', 'C', 'D', 'E', 'F']","[0, 1, 0, 0, 1, 0]","[0.4310525953769684, 0.5547211170196533, -2.4115829467773438, 0.3967626392841339, 0.6142601370811462, 0.41478678584098816]","[0.4310525953769684, 0.5547211170196533, -2.4115829467773438, 0.3967626392841339, 0.6142601370811462, 0.41478678584098816]","[-0.4310525953769684, -0.5547211170196533, 2.4115829467773438, -0.3967626392841339, -0.6142601370811462, -0.41478678584098816]",-1,-1,False,"['A', 'E']","['B', 'E']"
5ae3417e5542990afbd1e0f7::working_set_pack_a,5ae3417e5542990afbd1e0f7,"['A', 'B', 'C', 'D', 'E', 'F']","[1, 0, 1, 0, 0, 0]","[0.9361557960510254, -0.22910892963409424, -0.05792511999607086, -0.2647510766983032, -0.1904679238796234, -0.19390293955802917]","[0.9361557960510254, -0.22910892963409424, -0.05792511999607086, -0.2647510766983032, -0.1904679238796234, -0.19390293955802917]","[-0.9361557960510254, 0.22910892963409424, 0.05792511999607086, 0.2647510766983032, 0.1904679238796234, 0.19390293955802917]",-1,-1,True,"['A', 'C']","['A', 'C']"
5ae3417e5542990afbd1e0f7::active_set_pack_a,5ae3417e5542990afbd1e0f7,"['A', 'B', 'C', 'D', 'E', 'F']","[1, 0, 1, 0, 0, 0]","[1.2227214574813843, -0.3389788866043091, -0.14295080304145813, -0.26691457629203796, -0.23539747297763824, -0.2384798526763916]","[1.2227214574813843, -0.3389788866043091, -0.14295080304145813, -0.26691457629203796, -0.23539747297763824, -0.2384798526763916]","[-1.2227214574813843, 0.3389788866043091, 0.14295080304145813, 0.26691457629203796, 0.23539747297763824, 0.2384798526763916]",-1,-1,True,"['A', 'C']","['A', 'C']"
5ae3417e5542990afbd1e0f7::working_set_pack_b,5ae3417e5542990afbd1e0f7,"['A', 'B', 'C', 'D', 'E', 'F']","[1, 0, 1, 0, 0, 0]","[0.30803781747817993, -1.2696574926376343, 0.27657821774482727, 0.2439708113670349, 0.23665772378444672, 0.2044127881526947]","[0.30803781747817993, -1.2696574926376343, 0.27657821774482727, 0.2439708113670349, 0.23665772378444672, 0.2044127881526947]","[0.30803781747817993, -1.2696574926376343, 0.27657821774482727, 0.2439708113670349, 0.23665772378444672, 0.2044127881526947]",1,1,True,"['A', 'C']","['A', 'C']"
5ae3417e5542990afbd1e0f7::active_set_pack_b,5ae3417e5542990afbd1e0f7,"['A', 'B', 'C', 'D', 'E', 'F']","[1, 0, 1, 0, 0, 0]","[0.4490801692008972, -1.970981478691101, 0.3946451246738434, 0.39867207407951355, 0.37231042981147766, 0.35627344250679016]","[0.4490801692008972, -1.970981478691101, 0.3946451246738434, 0.39867207407951355, 0.37231042981147766, 0.35627344250679016]","[-0.4490801692008972, 1.970981478691101, -0.3946451246738434, -0.39867207407951355, -0.37231042981147766, -0.35627344250679016]",-1,-1,True,"['A', 'C']","['A', 'C']"
5ae334345542991a06ce9951::working_set_pack_a,5ae334345542991a06ce9951,"['A', 'B', 'C', 'D', 'E', 'F']","[1, 0, 1, 0, 0, 0]","[0.38885563611984253, 0.2047359049320221, 0.5559903979301453, -1.6551644802093506, 0.18798315525054932, 0.31759944558143616]","[0.38885563611984253, 0.2047359049320221, 0.5559903979301453, -1.6551644802093506, 0.18798315525054932, 0.31759944558143616]","[0.38885563611984253, 0.2047359049320221, 0.5559903979301453, -1.6551644802093506, 0.18798315525054932, 0.31759944558143616]",1,1,True,"['A', 'C']","['A', 'C']"
5ae334345542991a06ce9951::active_set_pack_a,5ae334345542991a06ce9951,"['A', 'B', 'C', 'D', 'E', 'F']","[1, 0, 1, 0, 0, 0]","[0.4419533908367157, 0.1889706552028656, 0.4222990572452545, -1.5382249355316162, 0.17238862812519073, 0.31261253356933594]","[0.4419533908367157, 0.1889706552028656, 0.4222990572452545, -1.5382249355316162, 0.17238862812519073, 0.31261253356933594]","[0.4419533908367157, 0.1889706552028656, 0.4222990572452545, -1.5382249355316162, 0.17238862812519073, 0.31261253356933594]",1,1,True,"['A', 'C']","['A', 'C']"
5ae334345542991a06ce9951::working_set_pack_b,5ae334345542991a06ce9951,"['A', 'B', 'C', 'D', 'E', 'F']","[1, 0, 1, 0, 0, 0]","[0.37569913268089294, 0.1934177130460739, 0.4664904773235321, -1.5931291580200195, 0.2044311910867691, 0.3530902564525604]","[0.37569913268089294, 0.1934177130460739, 0.4664904773235321, -1.5931291580200195, 0.2044311910867691, 0.3530902564525604]","[0.37569913268089294, 0.1934177130460739, 0.4664904773235321, -1.5931291580200195, 0.2044311910867691, 0.3530902564525604]",1,1,True,"['A', 'C']","['A', 'C']"
5ae334345542991a06ce9951::active_set_pack_b,5ae334345542991a06ce9951,"['A', 'B', 'C', 'D', 'E', 'F']","[1, 0, 1, 0, 0, 0]","[0.40860819816589355, 0.22944217920303345, 0.33273154497146606, -1.55394446849823, 0.23806259036064148, 0.34510043263435364]","[0.40860819816589355, 0.22944217920303345, 0.33273154497146606, -1.55394446849823, 0.23806259036064148, 0.34510043263435364]","[-0.40860819816589355, -0.22944217920303345, -0.33273154497146606, 1.55394446849823, -0.23806259036064148, -0.34510043263435364]",-1,-1,True,"['A', 'C']","['A', 'C']"
5abeb68d5542994516f453f9::working_set_pack_a,5abeb68d5542994516f453f9,"['A', 'B', 'C', 'D', 'E', 'F']","[1, 0, 0, 0, 0, 1]","[1.8684195280075073, -0.38458606600761414, -0.39465421438217163, -0.36397191882133484, -0.37191712856292725, -0.353290855884552]","[1.8684195280075073, -0.38458606600761414, -0.39465421438217163, -0.36397191882133484, -0.37191712856292725, -0.353290855884552]","[1.8684195280075073, -0.38458606600761414, -0.39465421438217163, -0.36397191882133484, -0.37191712856292725, -0.353290855884552]",1,1,True,"['A', 'F']","['A', 'F']"
5abeb68d5542994516f453f9::active_set_pack_a,5abeb68d5542994516f453f9,"['A', 'B', 'C', 'D', 'E', 'F']","[1, 0, 0, 0, 0, 1]","[1.8518104553222656, -0.3648684024810791, -0.39729759097099304, -0.36100196838378906, -0.3734867572784424, -0.35515573620796204]","[1.8518104553222656, -0.3648684024810791, -0.39729759097099304, -0.36100196838378906, -0.3734867572784424, -0.35515573620796204]","[1.8518104553222656, -0.3648684024810791, -0.39729759097099304, -0.36100196838378906, -0.3734867572784424, -0.35515573620796204]",1,1,True,"['A', 'F']","['A', 'F']"
5abeb68d5542994516f453f9::working_set_pack_b,5abeb68d5542994516f453f9,"['A', 'B', 'C', 'D', 'E', 'F']","[1, 0, 0, 0, 0, 1]","[1.6637381315231323, -0.29998674988746643, -0.38065841794013977, -0.33206886053085327, -0.33237433433532715, -0.3186497688293457]","[1.6637381315231323, -0.29998674988746643, -0.38065841794013977, -0.33206886053085327, -0.33237433433532715, -0.3186497688293457]","[1.6637381315231323, -0.29998674988746643, -0.38065841794013977, -0.33206886053085327, -0.33237433433532715, -0.3186497688293457]",1,1,True,"['A', 'F']","['A', 'F']"
5abeb68d5542994516f453f9::active_set_pack_b,5abeb68d5542994516f453f9,"['A', 'B', 'C', 'D', 'E', 'F']","[1, 0, 0, 0, 0, 1]","[2.0340216159820557, -0.37947720289230347, -0.4674069881439209, -0.37920302152633667, -0.4153638482093811, -0.392570823431015]","[2.0340216159820557, -0.37947720289230347, -0.4674069881439209, -0.37920302152633667, -0.4153638482093811, -0.392570823431015]","[2.0340216159820557, -0.37947720289230347, -0.4674069881439209, -0.37920302152633667, -0.4153638482093811, -0.392570823431015]",1,1,True,"['A', 'F']","['A', 'F']"
5ae1cab7554299492dc91b8a::working_set_pack_a,5ae1cab7554299492dc91b8a,"['A', 'B', 'C', 'D', 'E', 'F']","[0, 0, 1, 1, 0, 0]","[0.49543994665145874, 0.35966312885284424, 0.4310339391231537, 0.05601503327488899, 0.28697389364242554, -1.6291258335113525]","[-0.49543994665145874, -0.35966312885284424, -0.4310339391231537, -0.05601503327488899, -0.28697389364242554, 1.6291258335113525]","[-0.49543994665145874, -0.35966312885284424, -0.4310339391231537, -0.05601503327488899, -0.28697389364242554, 1.6291258335113525]",-1,1,False,"['C', 'F']","['C', 'D']"
5ae1cab7554299492dc91b8a::active_set_pack_a,5ae1cab7554299492dc91b8a,"['A', 'B', 'C', 'D', 'E', 'F']","[0, 0, 1, 1, 0, 0]","[0.5363739132881165, 0.38978928327560425, 0.43743133544921875, 0.1542590707540512, 0.31180906295776367, -1.8296620845794678]","[-0.5363739132881165, -0.38978928327560425, -0.43743133544921875, -0.1542590707540512, -0.31180906295776367, 1.8296620845794678]","[-0.5363739132881165, -0.38978928327560425, -0.43743133544921875, -0.1542590707540512, -0.31180906295776367, 1.8296620845794678]",-1,1,False,"['C', 'F']","['C', 'D']"
5ae1cab7554299492dc91b8a::working_set_pack_b,5ae1cab7554299492dc91b8a,"['A', 'B', 'C', 'D', 'E', 'F']","[0, 0, 1, 1, 0, 0]","[0.3204815983772278, 0.27530068159103394, 0.3369181454181671, 0.007607552222907543, 0.22364267706871033, -1.163950800895691]","[0.3204815983772278, 0.27530068159103394, 0.3369181454181671, 0.007607552222907543, 0.22364267706871033, -1.163950800895691]","[-0.3204815983772278, -0.27530068159103394, -0.3369181454181671, -0.007607552222907543, -0.22364267706871033, 1.163950800895691]",-1,-1,True,"['C', 'D']","['C', 'D']"
5ae1cab7554299492dc91b8a::active_set_pack_b,5ae1cab7554299492dc91b8a,"['A', 'B', 'C', 'D', 'E', 'F']","[0, 0, 1, 1, 0, 0]","[0.4691998064517975, 0.3226776123046875, 0.31933146715164185, 0.07935704290866852, 0.27578359842300415, -1.466349482536316]","[-0.4691998064517975, -0.3226776123046875, -0.31933146715164185, -0.07935704290866852, -0.27578359842300415, 1.466349482536316]","[-0.4691998064517975, -0.3226776123046875, -0.31933146715164185, -0.07935704290866852, -0.27578359842300415, 1.466349482536316]",-1,1,False,"['C', 'F']","['C', 'D']"
5ae6e5d65542992ae0d163a1::working_set_pack_a,5ae6e5d65542992ae0d163a1,"['A', 'B', 'C', 'D', 'E', 'F']","[1, 0, 0, 0, 1, 0]","[0.21592287719249725, -2.4291226863861084, 0.1136205643415451, 0.19860300421714783, 1.7919437885284424, 0.10903285443782806]","[0.21592287719249725, -2.4291226863861084, 0.1136205643415451, 0.19860300421714783, 1.7919437885284424, 0.10903285443782806]","[0.21592287719249725, -2.4291226863861084, 0.1136205643415451, 0.19860300421714783, 1.7919437885284424, 0.10903285443782806]",1,1,True,"['A', 'E']","['A', 'E']"
5ae6e5d65542992ae0d163a1::active_set_pack_a,5ae6e5d65542992ae0d163a1,"['A', 'B', 'C', 'D', 'E', 'F']","[1, 0, 0, 0, 1, 0]","[-0.07650110870599747, -2.1241419315338135, -0.14346793293952942, -0.07604770362377167, 2.580697536468506, -0.16053922474384308]","[-0.07650110870599747, -2.1241419315338135, -0.14346793293952942, -0.07604770362377167, 2.580697536468506, -0.16053922474384308]","[-0.07650110870599747, -2.1241419315338135, -0.14346793293952942, -0.07604770362377167, 2.580697536468506, -0.16053922474384308]",1,1,True,"['A', 'E']","['A', 'E']"
5ae6e5d65542992ae0d163a1::working_set_pack_b,5ae6e5d65542992ae0d163a1,"['A', 'B', 'C', 'D', 'E', 'F']","[1, 0, 0, 0, 1, 0]","[-0.09189755469560623, -1.9388784170150757, -0.10343573242425919, -0.002403534483164549, 2.2685060501098633, -0.131891667842865]","[-0.09189755469560623, -1.9388784170150757, -0.10343573242425919, -0.002403534483164549, 2.2685060501098633, -0.131891667842865]","[-0.09189755469560623, -1.9388784170150757, -0.10343573242425919, -0.002403534483164549, 2.2685060501098633, -0.131891667842865]",1,1,True,"['A', 'E']","['A', 'E']"
5ae6e5d65542992ae0d163a1::active_set_pack_b,5ae6e5d65542992ae0d163a1,"['A', 'B', 'C', 'D', 'E', 'F']","[1, 0, 0, 0, 1, 0]","[0.39842677116394043, -2.5956876277923584, 0.3858097493648529, 0.4291425943374634, 1.0068843364715576, 0.3754229247570038]","[0.39842677116394043, -2.5956876277923584, 0.3858097493648529, 0.4291425943374634, 1.0068843364715576, 0.3754229247570038]","[-0.39842677116394043, 2.5956876277923584, -0.3858097493648529, -0.4291425943374634, -1.0068843364715576, -0.3754229247570038]",-1,-1,True,"['A', 'E']","['A', 'E']"
5abaebab55429939ce03dd66::working_set_pack_a,5abaebab55429939ce03dd66,"['A', 'B', 'C', 'D', 'E', 'F']","[1, 0, 0, 0, 1, 0]","[2.0220634937286377, -0.4271821677684784, -0.4702707827091217, -0.3825969696044922, -0.3034602403640747, -0.4385540783405304]","[2.0220634937286377, -0.4271821677684784, -0.4702707827091217, -0.3825969696044922, -0.3034602403640747, -0.4385540783405304]","[2.0220634937286377, -0.4271821677684784, -0.4702707827091217, -0.3825969696044922, -0.3034602403640747, -0.4385540783405304]",1,1,True,"['A', 'E']","['A', 'E']"
5abaebab55429939ce03dd66::active_set_pack_a,5abaebab55429939ce03dd66,"['A', 'B', 'C', 'D', 'E', 'F']","[1, 0, 0, 0, 1, 0]","[1.9139221906661987, -0.41084572672843933, -0.44245514273643494, -0.3644929826259613, -0.27624601125717163, -0.4198819398880005]","[1.9139221906661987, -0.41084572672843933, -0.44245514273643494, -0.3644929826259613, -0.27624601125717163, -0.4198819398880005]","[1.9139221906661987, -0.41084572672843933, -0.44245514273643494, -0.3644929826259613, -0.27624601125717163, -0.4198819398880005]",1,1,True,"['A', 'E']","['A', 'E']"
5abaebab55429939ce03dd66::working_set_pack_b,5abaebab55429939ce03dd66,"['A', 'B', 'C', 'D', 'E', 'F']","[1, 0, 0, 0, 1, 0]","[1.3290424346923828, -0.2971484959125519, -0.43395695090293884, -0.2196473628282547, -0.10631177574396133, -0.2719780206680298]","[1.3290424346923828, -0.2971484959125519, -0.43395695090293884, -0.2196473628282547, -0.10631177574396133, -0.2719780206680298]","[1.3290424346923828, -0.2971484959125519, -0.43395695090293884, -0.2196473628282547, -0.10631177574396133, -0.2719780206680298]",1,1,True,"['A', 'E']","['A', 'E']"
5abaebab55429939ce03dd66::active_set_pack_b,5abaebab55429939ce03dd66,"['A', 'B', 'C', 'D', 'E', 'F']","[1, 0, 0, 0, 1, 0]","[1.4383840560913086, -0.31477582454681396, -0.516173779964447, -0.2410472333431244, -0.08654017001390457, -0.27984732389450073]","[1.4383840560913086, -0.31477582454681396, -0.516173779964447, -0.2410472333431244, -0.08654017001390457, -0.27984732389450073]","[1.4383840560913086, -0.31477582454681396, -0.516173779964447, -0.2410472333431244, -0.08654017001390457, -0.27984732389450073]",1,1,True,"['A', 'E']","['A', 'E']"
5ab9149d5542991b5579f0e6::working_set_pack_a,5ab9149d5542991b5579f0e6,"['A', 'B', 'C', 'D', 'E', 'F']","[0, 0, 0, 0, 1, 1]","[-0.6289381384849548, -0.5822057127952576, -0.5654413104057312, -0.5969030857086182, -0.027003804221749306, 2.4004921913146973]","[-0.6289381384849548, -0.5822057127952576, -0.5654413104057312, -0.5969030857086182, -0.027003804221749306, 2.4004921913146973]","[-0.6289381384849548, -0.5822057127952576, -0.5654413104057312, -0.5969030857086182, -0.027003804221749306, 2.4004921913146973]",1,1,True,"['E', 'F']","['E', 'F']"
5ab9149d5542991b5579f0e6::active_set_pack_a,5ab9149d5542991b5579f0e6,"['A', 'B', 'C', 'D', 'E', 'F']","[0, 0, 0, 0, 1, 1]","[-0.6262239813804626, -0.5872069001197815, -0.5682657957077026, -0.594290554523468, 0.07126722484827042, 2.304719924926758]","[-0.6262239813804626, -0.5872069001197815, -0.5682657957077026, -0.594290554523468, 0.07126722484827042, 2.304719924926758]","[-0.6262239813804626, -0.5872069001197815, -0.5682657957077026, -0.594290554523468, 0.07126722484827042, 2.304719924926758]",1,1,True,"['E', 'F']","['E', 'F']"
5ab9149d5542991b5579f0e6::working_set_pack_b,5ab9149d5542991b5579f0e6,"['A', 'B', 'C', 'D', 'E', 'F']","[0, 0, 0, 0, 1, 1]","[-0.601323127746582, -0.5597911477088928, -0.559593677520752, -0.5891108512878418, -0.11440374702215195, 2.424222469329834]","[-0.601323127746582, -0.5597911477088928, -0.559593677520752, -0.5891108512878418, -0.11440374702215195, 2.424222469329834]","[-0.601323127746582, -0.5597911477088928, -0.559593677520752, -0.5891108512878418, -0.11440374702215195, 2.424222469329834]",1,1,False,"['A', 'F']","['E', 'F']"
5ab9149d5542991b5579f0e6::active_set_pack_b,5ab9149d5542991b5579f0e6,"['A', 'B', 'C', 'D', 'E', 'F']","[0, 0, 0, 0, 1, 1]","[-0.5201390981674194, -0.7177183628082275, -0.46154704689979553, -0.4927929937839508, 0.33088865876197815, 1.8613088130950928]","[-0.5201390981674194, -0.7177183628082275, -0.46154704689979553, -0.4927929937839508, 0.33088865876197815, 1.8613088130950928]","[-0.5201390981674194, -0.7177183628082275, -0.46154704689979553, -0.4927929937839508, 0.33088865876197815, 1.8613088130950928]",1,1,True,"['E', 'F']","['E', 'F']"
5add57e35542992200553ac2::working_set_pack_a,5add57e35542992200553ac2,"['A', 'B', 'C', 'D', 'E', 'F']","[0, 0, 0, 1, 0, 1]","[-0.4783934950828552, -0.4926690459251404, -0.2768889367580414, 1.0444622039794922, -0.4340023398399353, 0.6374913454055786]","[-0.4783934950828552, -0.4926690459251404, -0.2768889367580414, 1.0444622039794922, -0.4340023398399353, 0.6374913454055786]","[-0.4783934950828552, -0.4926690459251404, -0.2768889367580414, 1.0444622039794922, -0.4340023398399353, 0.6374913454055786]",1,1,False,"['A', 'D']","['D', 'F']"
5add57e35542992200553ac2::active_set_pack_a,5add57e35542992200553ac2,"['A', 'B', 'C', 'D', 'E', 'F']","[0, 0, 0, 1, 0, 1]","[-0.47586590051651, -0.5083986520767212, -0.3212858736515045, 0.22354981303215027, -0.4589104950428009, 1.540911078453064]","[0.47586590051651, 0.5083986520767212, 0.3212858736515045, -0.22354981303215027, 0.4589104950428009, -1.540911078453064]","[-0.47586590051651, -0.5083986520767212, -0.3212858736515045, 0.22354981303215027, -0.4589104950428009, 1.540911078453064]",1,-1,False,"['A', 'D']","['D', 'F']"
5add57e35542992200553ac2::working_set_pack_b,5add57e35542992200553ac2,"['A', 'B', 'C', 'D', 'E', 'F']","[0, 0, 0, 1, 0, 1]","[-0.48027926683425903, -0.40856418013572693, -0.18930919468402863, 1.5235517024993896, -0.33874446153640747, -0.10665455460548401]","[-0.48027926683425903, -0.40856418013572693, -0.18930919468402863, 1.5235517024993896, -0.33874446153640747, -0.10665455460548401]","[-0.48027926683425903, -0.40856418013572693, -0.18930919468402863, 1.5235517024993896, -0.33874446153640747, -0.10665455460548401]",1,1,False,"['A', 'D']","['D', 'F']"
5add57e35542992200553ac2::active_set_pack_b,5add57e35542992200553ac2,"['A', 'B', 'C', 'D', 'E', 'F']","[0, 0, 0, 1, 0, 1]","[-0.662616491317749, -0.5875058174133301, -0.08660981804132462, 2.2188572883605957, -0.4998217821121216, -0.3823031485080719]","[-0.662616491317749, -0.5875058174133301, -0.08660981804132462, 2.2188572883605957, -0.4998217821121216, -0.3823031485080719]","[-0.662616491317749, -0.5875058174133301, -0.08660981804132462, 2.2188572883605957, -0.4998217821121216, -0.3823031485080719]",1,1,False,"['C', 'D']","['D', 'F']"
5a8fae775542992414482b3b::working_set_pack_a,5a8fae775542992414482b3b,"['A', 'B', 'C', 'D', 'E', 'F']","[1, 0, 1, 0, 0, 0]","[-0.5592206120491028, -0.8638375401496887, 3.4520702362060547, -0.6736347079277039, -0.6728132963180542, -0.6825653314590454]","[-0.5592206120491028, -0.8638375401496887, 3.4520702362060547, -0.6736347079277039, -0.6728132963180542, -0.6825653314590454]","[-0.5592206120491028, -0.8638375401496887, 3.4520702362060547, -0.6736347079277039, -0.6728132963180542, -0.6825653314590454]",1,1,True,"['A', 'C']","['A', 'C']"
5a8fae775542992414482b3b::active_set_pack_a,5a8fae775542992414482b3b,"['A', 'B', 'C', 'D', 'E', 'F']","[1, 0, 1, 0, 0, 0]","[-0.5701599717140198, -0.8530082702636719, 3.470743417739868, -0.6902357935905457, -0.6668729782104492, -0.6904668211936951]","[-0.5701599717140198, -0.8530082702636719, 3.470743417739868, -0.6902357935905457, -0.6668729782104492, -0.6904668211936951]","[-0.5701599717140198, -0.8530082702636719, 3.470743417739868, -0.6902357935905457, -0.6668729782104492, -0.6904668211936951]",1,1,True,"['A', 'C']","['A', 'C']"
5a8fae775542992414482b3b::working_set_pack_b,5a8fae775542992414482b3b,"['A', 'B', 'C', 'D', 'E', 'F']","[1, 0, 1, 0, 0, 0]","[-0.657090425491333, -0.8361520767211914, 3.663923978805542, -0.7042717337608337, -0.7304713726043701, -0.7359374165534973]","[-0.657090425491333, -0.8361520767211914, 3.663923978805542, -0.7042717337608337, -0.7304713726043701, -0.7359374165534973]","[-0.657090425491333, -0.8361520767211914, 3.663923978805542, -0.7042717337608337, -0.7304713726043701, -0.7359374165534973]",1,1,True,"['A', 'C']","['A', 'C']"
5a8fae775542992414482b3b::active_set_pack_b,5a8fae775542992414482b3b,"['A', 'B', 'C', 'D', 'E', 'F']","[1, 0, 1, 0, 0, 0]","[-0.5472497940063477, -0.7530304789543152, 3.203106164932251, -0.6382393836975098, -0.6236737370491028, -0.6409114003181458]","[-0.5472497940063477, -0.7530304789543152, 3.203106164932251, -0.6382393836975098, -0.6236737370491028, -0.6409114003181458]","[-0.5472497940063477, -0.7530304789543152, 3.203106164932251, -0.6382393836975098, -0.6236737370491028, -0.6409114003181458]",1,1,True,"['A', 'C']","['A', 'C']"
5ab71f385542993667793f41::working_set_pack_a,5ab71f385542993667793f41,"['A', 'B', 'C', 'D', 'E', 'F']","[1, 0, 0, 0, 0, 1]","[0.416140615940094, 0.16085709631443024, -1.4767950773239136, 0.2928546071052551, 0.22221194207668304, 0.38473042845726013]","[0.416140615940094, 0.16085709631443024, -1.4767950773239136, 0.2928546071052551, 0.22221194207668304, 0.38473042845726013]","[0.416140615940094, 0.16085709631443024, -1.4767950773239136, 0.2928546071052551, 0.22221194207668304, 0.38473042845726013]",1,1,True,"['A', 'F']","['A', 'F']"
5ab71f385542993667793f41::active_set_pack_a,5ab71f385542993667793f41,"['A', 'B', 'C', 'D', 'E', 'F']","[1, 0, 0, 0, 0, 1]","[0.2929724156856537, 0.13488487899303436, -1.4533838033676147, 0.2715245485305786, 0.18890982866287231, 0.5650924444198608]","[0.2929724156856537, 0.13488487899303436, -1.4533838033676147, 0.2715245485305786, 0.18890982866287231, 0.5650924444198608]","[0.2929724156856537, 0.13488487899303436, -1.4533838033676147, 0.2715245485305786, 0.18890982866287231, 0.5650924444198608]",1,1,True,"['A', 'F']","['A', 'F']"
5ab71f385542993667793f41::working_set_pack_b,5ab71f385542993667793f41,"['A', 'B', 'C', 'D', 'E', 'F']","[1, 0, 0, 0, 0, 1]","[0.29774361848831177, 0.19211389124393463, -1.447753667831421, 0.30487263202667236, 0.2147354781627655, 0.43828821182250977]","[0.29774361848831177, 0.19211389124393463, -1.447753667831421, 0.30487263202667236, 0.2147354781627655, 0.43828821182250977]","[-0.29774361848831177, -0.19211389124393463, 1.447753667831421, -0.30487263202667236, -0.2147354781627655, -0.43828821182250977]",-1,-1,True,"['A', 'F']","['A', 'F']"
5ab71f385542993667793f41::active_set_pack_b,5ab71f385542993667793f41,"['A', 'B', 'C', 'D', 'E', 'F']","[1, 0, 0, 0, 0, 1]","[0.24806569516658783, 0.22871898114681244, -1.7263457775115967, 0.3263111114501953, 0.2521815598011017, 0.6710683107376099]","[0.24806569516658783, 0.22871898114681244, -1.7263457775115967, 0.3263111114501953, 0.2521815598011017, 0.6710683107376099]","[0.24806569516658783, 0.22871898114681244, -1.7263457775115967, 0.3263111114501953, 0.2521815598011017, 0.6710683107376099]",1,1,True,"['A', 'F']","['A', 'F']"
5a7d9eb55542990b8f5039cd::working_set_pack_a,5a7d9eb55542990b8f5039cd,"['A', 'B', 'C', 'D', 'E', 'F']","[1, 1, 0, 0, 0, 0]","[1.6372288465499878, -0.2351589798927307, -0.32078608870506287, -0.5016697645187378, -0.29616817831993103, -0.283445805311203]","[1.6372288465499878, -0.2351589798927307, -0.32078608870506287, -0.5016697645187378, -0.29616817831993103, -0.283445805311203]","[1.6372288465499878, -0.2351589798927307, -0.32078608870506287, -0.5016697645187378, -0.29616817831993103, -0.283445805311203]",1,1,True,"['A', 'B']","['A', 'B']"
5a7d9eb55542990b8f5039cd::active_set_pack_a,5a7d9eb55542990b8f5039cd,"['A', 'B', 'C', 'D', 'E', 'F']","[1, 1, 0, 0, 0, 0]","[1.6258914470672607, -0.22001086175441742, -0.33583563566207886, -0.5186235904693604, -0.28393805027008057, -0.2674829363822937]","[1.6258914470672607, -0.22001086175441742, -0.33583563566207886, -0.5186235904693604, -0.28393805027008057, -0.2674829363822937]","[1.6258914470672607, -0.22001086175441742, -0.33583563566207886, -0.5186235904693604, -0.28393805027008057, -0.2674829363822937]",1,1,True,"['A', 'B']","['A', 'B']"
5a7d9eb55542990b8f5039cd::working_set_pack_b,5a7d9eb55542990b8f5039cd,"['A', 'B', 'C', 'D', 'E', 'F']","[1, 1, 0, 0, 0, 0]","[1.3321619033813477, -0.1181737631559372, -0.2732008695602417, -0.42349204421043396, -0.26437145471572876, -0.25292375683784485]","[1.3321619033813477, -0.1181737631559372, -0.2732008695602417, -0.42349204421043396, -0.26437145471572876, -0.25292375683784485]","[1.3321619033813477, -0.1181737631559372, -0.2732008695602417, -0.42349204421043396, -0.26437145471572876, -0.25292375683784485]",1,1,True,"['A', 'B']","['A', 'B']"
5a7d9eb55542990b8f5039cd::active_set_pack_b,5a7d9eb55542990b8f5039cd,"['A', 'B', 'C', 'D', 'E', 'F']","[1, 1, 0, 0, 0, 0]","[1.6246089935302734, -0.1600058525800705, -0.39740875363349915, -0.3966021239757538, -0.34291061758995056, -0.32768145203590393]","[1.6246089935302734, -0.1600058525800705, -0.39740875363349915, -0.3966021239757538, -0.34291061758995056, -0.32768145203590393]","[1.6246089935302734, -0.1600058525800705, -0.39740875363349915, -0.3966021239757538, -0.34291061758995056, -0.32768145203590393]",1,1,True,"['A', 'B']","['A', 'B']"
5ae5e2285542996de7b71a5a::working_set_pack_a,5ae5e2285542996de7b71a5a,"['A', 'B', 'C', 'D', 'E', 'F']","[0, 0, 1, 0, 0, 1]","[0.1733647733926773, 0.43102046847343445, 0.7233383655548096, -1.7099659442901611, 0.1658267378807068, 0.21641606092453003]","[0.1733647733926773, 0.43102046847343445, 0.7233383655548096, -1.7099659442901611, 0.1658267378807068, 0.21641606092453003]","[0.1733647733926773, 0.43102046847343445, 0.7233383655548096, -1.7099659442901611, 0.1658267378807068, 0.21641606092453003]",1,1,False,"['A', 'C']","['C', 'F']"
5ae5e2285542996de7b71a5a::active_set_pack_a,5ae5e2285542996de7b71a5a,"['A', 'B', 'C', 'D', 'E', 'F']","[0, 0, 1, 0, 0, 1]","[0.1249517947435379, 0.46507567167282104, 0.7454344034194946, -1.6158140897750854, 0.11733032763004303, 0.16302207112312317]","[0.1249517947435379, 0.46507567167282104, 0.7454344034194946, -1.6158140897750854, 0.11733032763004303, 0.16302207112312317]","[0.1249517947435379, 0.46507567167282104, 0.7454344034194946, -1.6158140897750854, 0.11733032763004303, 0.16302207112312317]",1,1,False,"['A', 'C']","['C', 'F']"
5ae5e2285542996de7b71a5a::working_set_pack_b,5ae5e2285542996de7b71a5a,"['A', 'B', 'C', 'D', 'E', 'F']","[0, 0, 1, 0, 0, 1]","[-0.14529140293598175, -0.11077406257390976, 1.455358862876892, -0.9250888824462891, -0.16459859907627106, -0.1096063107252121]","[-0.14529140293598175, -0.11077406257390976, 1.455358862876892, -0.9250888824462891, -0.16459859907627106, -0.1096063107252121]","[-0.14529140293598175, -0.11077406257390976, 1.455358862876892, -0.9250888824462891, -0.16459859907627106, -0.1096063107252121]",1,1,False,"['A', 'C']","['C', 'F']"
5ae5e2285542996de7b71a5a::active_set_pack_b,5ae5e2285542996de7b71a5a,"['A', 'B', 'C', 'D', 'E', 'F']","[0, 0, 1, 0, 0, 1]","[-0.11986999958753586, -0.16385437548160553, 1.5677586793899536, -1.0514953136444092, -0.1475459784269333, -0.08499277383089066]","[-0.11986999958753586, -0.16385437548160553, 1.5677586793899536, -1.0514953136444092, -0.1475459784269333, -0.08499277383089066]","[-0.11986999958753586, -0.16385437548160553, 1.5677586793899536, -1.0514953136444092, -0.1475459784269333, -0.08499277383089066]",1,1,False,"['A', 'C']","['C', 'F']"
5ac13d745542991316484a91::working_set_pack_a,5ac13d745542991316484a91,"['A', 'B', 'C', 'D', 'E', 'F']","[1, 0, 1, 0, 0, 0]","[-0.18194591999053955, -0.6355438232421875, 2.101480722427368, -0.4142858386039734, -0.4669708013534546, -0.4027332663536072]","[-0.18194591999053955, -0.6355438232421875, 2.101480722427368, -0.4142858386039734, -0.4669708013534546, -0.4027332663536072]","[-0.18194591999053955, -0.6355438232421875, 2.101480722427368, -0.4142858386039734, -0.4669708013534546, -0.4027332663536072]",1,1,True,"['A', 'C']","['A', 'C']"
5ac13d745542991316484a91::active_set_pack_a,5ac13d745542991316484a91,"['A', 'B', 'C', 'D', 'E', 'F']","[1, 0, 1, 0, 0, 0]","[-0.18828168511390686, -0.619692862033844, 2.0447449684143066, -0.3972087502479553, -0.45308995246887207, -0.386471688747406]","[-0.18828168511390686, -0.619692862033844, 2.0447449684143066, -0.3972087502479553, -0.45308995246887207, -0.386471688747406]","[-0.18828168511390686, -0.619692862033844, 2.0447449684143066, -0.3972087502479553, -0.45308995246887207, -0.386471688747406]",1,1,True,"['A', 'C']","['A', 'C']"
5ac13d745542991316484a91::working_set_pack_b,5ac13d745542991316484a91,"['A', 'B', 'C', 'D', 'E', 'F']","[1, 0, 1, 0, 0, 0]","[-0.36410558223724365, -0.7199084758758545, 2.4849960803985596, -0.46174323558807373, -0.48412641882896423, -0.45511239767074585]","[-0.36410558223724365, -0.7199084758758545, 2.4849960803985596, -0.46174323558807373, -0.48412641882896423, -0.45511239767074585]","[-0.36410558223724365, -0.7199084758758545, 2.4849960803985596, -0.46174323558807373, -0.48412641882896423, -0.45511239767074585]",1,1,True,"['A', 'C']","['A', 'C']"
5ac13d745542991316484a91::active_set_pack_b,5ac13d745542991316484a91,"['A', 'B', 'C', 'D', 'E', 'F']","[1, 0, 1, 0, 0, 0]","[-0.48825395107269287, -0.6706358194351196, 2.876518487930298, -0.5724322199821472, -0.5940085649490356, -0.5511874556541443]","[-0.48825395107269287, -0.6706358194351196, 2.876518487930298, -0.5724322199821472, -0.5940085649490356, -0.5511874556541443]","[-0.48825395107269287, -0.6706358194351196, 2.876518487930298, -0.5724322199821472, -0.5940085649490356, -0.5511874556541443]",1,1,True,"['A', 'C']","['A', 'C']"
5a7d24f1554299452d57bb21::working_set_pack_a,5a7d24f1554299452d57bb21,"['A', 'B', 'C', 'D', 'E', 'F']","[0, 0, 1, 0, 0, 1]","[-0.2420361489057541, -0.25482606887817383, -0.1610635370016098, -0.16043175756931305, -0.12805315852165222, 0.9464108943939209]","[-0.2420361489057541, -0.25482606887817383, -0.1610635370016098, -0.16043175756931305, -0.12805315852165222, 0.9464108943939209]","[0.2420361489057541, 0.25482606887817383, 0.1610635370016098, 0.16043175756931305, 0.12805315852165222, -0.9464108943939209]",-1,-1,False,"['A', 'F']","['C', 'F']"
5a7d24f1554299452d57bb21::active_set_pack_a,5a7d24f1554299452d57bb21,"['A', 'B', 'C', 'D', 'E', 'F']","[0, 0, 1, 0, 0, 1]","[-0.2439069300889969, -0.3092142939567566, -0.19543001055717468, -0.22479067742824554, -0.2022896707057953, 1.1756312847137451]","[-0.2439069300889969, -0.3092142939567566, -0.19543001055717468, -0.22479067742824554, -0.2022896707057953, 1.1756312847137451]","[0.2439069300889969, 0.3092142939567566, 0.19543001055717468, 0.22479067742824554, 0.2022896707057953, -1.1756312847137451]",-1,-1,False,"['A', 'F']","['C', 'F']"
5a7d24f1554299452d57bb21::working_set_pack_b,5a7d24f1554299452d57bb21,"['A', 'B', 'C', 'D', 'E', 'F']","[0, 0, 1, 0, 0, 1]","[-0.9681590795516968, 0.1549045443534851, 0.07275333255529404, 0.1431351602077484, 0.15493987500667572, 0.4424261450767517]","[0.9681590795516968, -0.1549045443534851, -0.07275333255529404, -0.1431351602077484, -0.15493987500667572, -0.4424261450767517]","[-0.9681590795516968, 0.1549045443534851, 0.07275333255529404, 0.1431351602077484, 0.15493987500667572, 0.4424261450767517]",1,-1,False,"['A', 'F']","['C', 'F']"
5a7d24f1554299452d57bb21::active_set_pack_b,5a7d24f1554299452d57bb21,"['A', 'B', 'C', 'D', 'E', 'F']","[0, 0, 1, 0, 0, 1]","[-1.128196120262146, 0.24653112888336182, 0.10548423230648041, 0.39528584480285645, 0.17946970462799072, 0.20142552256584167]","[1.128196120262146, -0.24653112888336182, -0.10548423230648041, -0.39528584480285645, -0.17946970462799072, -0.20142552256584167]","[1.128196120262146, -0.24653112888336182, -0.10548423230648041, -0.39528584480285645, -0.17946970462799072, -0.20142552256584167]",-1,1,False,"['A', 'C']","['C', 'F']"
5ac28a21554299677310256e::working_set_pack_a,5ac28a21554299677310256e,"['A', 'B', 'C', 'D', 'E', 'F']","[0, 1, 0, 0, 1, 0]","[-0.8024349212646484, 3.7080929279327393, -0.7887517809867859, -0.7372796535491943, -0.6450175642967224, -0.7346090078353882]","[-0.8024349212646484, 3.7080929279327393, -0.7887517809867859, -0.7372796535491943, -0.6450175642967224, -0.7346090078353882]","[-0.8024349212646484, 3.7080929279327393, -0.7887517809867859, -0.7372796535491943, -0.6450175642967224, -0.7346090078353882]",1,1,True,"['B', 'E']","['B', 'E']"
5ac28a21554299677310256e::active_set_pack_a,5ac28a21554299677310256e,"['A', 'B', 'C', 'D', 'E', 'F']","[0, 1, 0, 0, 1, 0]","[-0.7337621450424194, 3.3908679485321045, -0.7224543690681458, -0.6775805354118347, -0.5849775075912476, -0.6720942854881287]","[-0.7337621450424194, 3.3908679485321045, -0.7224543690681458, -0.6775805354118347, -0.5849775075912476, -0.6720942854881287]","[-0.7337621450424194, 3.3908679485321045, -0.7224543690681458, -0.6775805354118347, -0.5849775075912476, -0.6720942854881287]",1,1,True,"['B', 'E']","['B', 'E']"
5ac28a21554299677310256e::working_set_pack_b,5ac28a21554299677310256e,"['A', 'B', 'C', 'D', 'E', 'F']","[0, 1, 0, 0, 1, 0]","[-0.5858011245727539, 2.7185633182525635, -0.6199712157249451, -0.5613294839859009, -0.41337141394615173, -0.5380901098251343]","[-0.5858011245727539, 2.7185633182525635, -0.6199712157249451, -0.5613294839859009, -0.41337141394615173, -0.5380901098251343]","[-0.5858011245727539, 2.7185633182525635, -0.6199712157249451, -0.5613294839859009, -0.41337141394615173, -0.5380901098251343]",1,1,True,"['B', 'E']","['B', 'E']"
5ac28a21554299677310256e::active_set_pack_b,5ac28a21554299677310256e,"['A', 'B', 'C', 'D', 'E', 'F']","[0, 1, 0, 0, 1, 0]","[-0.5486500263214111, 2.5110316276550293, -0.5753114223480225, -0.5186978578567505, -0.36274710297584534, -0.5056251883506775]","[-0.5486500263214111, 2.5110316276550293, -0.5753114223480225, -0.5186978578567505, -0.36274710297584534, -0.5056251883506775]","[-0.5486500263214111, 2.5110316276550293, -0.5753114223480225, -0.5186978578567505, -0.36274710297584534, -0.5056251883506775]",1,1,True,"['B', 'E']","['B', 'E']"
5a8f11fd554299458435d544::working_set_pack_a,5a8f11fd554299458435d544,"['A', 'B', 'C', 'D', 'E', 'F']","[0, 0, 0, 1, 1, 0]","[-1.0478625297546387, -0.04216127470135689, -0.2958207428455353, 1.7312681674957275, -0.08309667557477951, -0.26232674717903137]","[-1.0478625297546387, -0.04216127470135689, -0.2958207428455353, 1.7312681674957275, -0.08309667557477951, -0.26232674717903137]","[-1.0478625297546387, -0.04216127470135689, -0.2958207428455353, 1.7312681674957275, -0.08309667557477951, -0.26232674717903137]",1,1,True,"['D', 'E']","['D', 'E']"
5a8f11fd554299458435d544::active_set_pack_a,5a8f11fd554299458435d544,"['A', 'B', 'C', 'D', 'E', 'F']","[0, 0, 0, 1, 1, 0]","[-1.13799250125885, 0.022248132154345512, -0.25323018431663513, 1.5780292749404907, 0.0015109381638467312, -0.21056696772575378]","[-1.13799250125885, 0.022248132154345512, -0.25323018431663513, 1.5780292749404907, 0.0015109381638467312, -0.21056696772575378]","[-1.13799250125885, 0.022248132154345512, -0.25323018431663513, 1.5780292749404907, 0.0015109381638467312, -0.21056696772575378]",1,1,True,"['D', 'E']","['D', 'E']"
5a8f11fd554299458435d544::working_set_pack_b,5a8f11fd554299458435d544,"['A', 'B', 'C', 'D', 'E', 'F']","[0, 0, 0, 1, 1, 0]","[-0.698165237903595, -0.27648481726646423, -0.4858521819114685, 2.1941230297088623, -0.24998298287391663, -0.4836382567882538]","[-0.698165237903595, -0.27648481726646423, -0.4858521819114685, 2.1941230297088623, -0.24998298287391663, -0.4836382567882538]","[-0.698165237903595, -0.27648481726646423, -0.4858521819114685, 2.1941230297088623, -0.24998298287391663, -0.4836382567882538]",1,1,True,"['D', 'E']","['D', 'E']"
5a8f11fd554299458435d544::active_set_pack_b,5a8f11fd554299458435d544,"['A', 'B', 'C', 'D', 'E', 'F']","[0, 0, 0, 1, 1, 0]","[-1.0714229345321655, 0.013402044773101807, -0.3502991795539856, 1.715622901916504, -0.011813216842710972, -0.2954888343811035]","[-1.0714229345321655, 0.013402044773101807, -0.3502991795539856, 1.715622901916504, -0.011813216842710972, -0.2954888343811035]","[-1.0714229345321655, 0.013402044773101807, -0.3502991795539856, 1.715622901916504, -0.011813216842710972, -0.2954888343811035]",1,1,True,"['D', 'E']","['D', 'E']"
5abef2365542997ec76fd397::working_set_pack_a,5abef2365542997ec76fd397,"['A', 'B', 'C', 'D', 'E', 'F']","[1, 0, 0, 1, 0, 0]","[1.104753017425537, -0.7493885159492493, -0.2751994729042053, 0.15734291076660156, -0.13110287487506866, -0.10640566796064377]","[1.104753017425537, -0.7493885159492493, -0.2751994729042053, 0.15734291076660156, -0.13110287487506866, -0.10640566796064377]","[-1.104753017425537, 0.7493885159492493, 0.2751994729042053, -0.15734291076660156, 0.13110287487506866, 0.10640566796064377]",-1,-1,True,"['A', 'D']","['A', 'D']"
5abef2365542997ec76fd397::active_set_pack_a,5abef2365542997ec76fd397,"['A', 'B', 'C', 'D', 'E', 'F']","[1, 0, 0, 1, 0, 0]","[0.5319675803184509, -1.32025945186615, 0.06203417479991913, 0.43739163875579834, 0.11979292333126068, 0.16907328367233276]","[0.5319675803184509, -1.32025945186615, 0.06203417479991913, 0.43739163875579834, 0.11979292333126068, 0.16907328367233276]","[-0.5319675803184509, 1.32025945186615, -0.06203417479991913, -0.43739163875579834, -0.11979292333126068, -0.16907328367233276]",-1,-1,True,"['A', 'D']","['A', 'D']"
5abef2365542997ec76fd397::working_set_pack_b,5abef2365542997ec76fd397,"['A', 'B', 'C', 'D', 'E', 'F']","[1, 0, 0, 1, 0, 0]","[-0.01729394681751728, -0.9503448009490967, -0.16879774630069733, 1.3310517072677612, -0.12773822247982025, -0.0668773204088211]","[-0.01729394681751728, -0.9503448009490967, -0.16879774630069733, 1.3310517072677612, -0.12773822247982025, -0.0668773204088211]","[0.01729394681751728, 0.9503448009490967, 0.16879774630069733, -1.3310517072677612, 0.12773822247982025, 0.0668773204088211]",-1,-1,True,"['A', 'D']","['A', 'D']"
5abef2365542997ec76fd397::active_set_pack_b,5abef2365542997ec76fd397,"['A', 'B', 'C', 'D', 'E', 'F']","[1, 0, 0, 1, 0, 0]","[0.42176786065101624, -1.5054765939712524, 0.1820252388715744, 0.4980616867542267, 0.1792883425951004, 0.2243335098028183]","[0.42176786065101624, -1.5054765939712524, 0.1820252388715744, 0.4980616867542267, 0.1792883425951004, 0.2243335098028183]","[0.42176786065101624, -1.5054765939712524, 0.1820252388715744, 0.4980616867542267, 0.1792883425951004, 0.2243335098028183]",1,1,True,"['A', 'D']","['A', 'D']"
5a78d1bd55429974737f78bd::working_set_pack_a,5a78d1bd55429974737f78bd,"['A', 'B', 'C', 'D', 'E', 'F']","[0, 0, 0, 1, 1, 0]","[0.3353617191314697, -1.5526741743087769, 0.4156239330768585, 0.17006152868270874, 0.2578454613685608, 0.37378162145614624]","[0.3353617191314697, -1.5526741743087769, 0.4156239330768585, 0.17006152868270874, 0.2578454613685608, 0.37378162145614624]","[0.3353617191314697, -1.5526741743087769, 0.4156239330768585, 0.17006152868270874, 0.2578454613685608, 0.37378162145614624]",1,1,False,"['A', 'D']","['D', 'E']"
5a78d1bd55429974737f78bd::active_set_pack_a,5a78d1bd55429974737f78bd,"['A', 'B', 'C', 'D', 'E', 'F']","[0, 0, 0, 1, 1, 0]","[0.3397888243198395, -1.476735234260559, 0.4019486904144287, 0.12031003832817078, 0.2626574635505676, 0.35203030705451965]","[0.3397888243198395, -1.476735234260559, 0.4019486904144287, 0.12031003832817078, 0.2626574635505676, 0.35203030705451965]","[0.3397888243198395, -1.476735234260559, 0.4019486904144287, 0.12031003832817078, 0.2626574635505676, 0.35203030705451965]",1,1,False,"['A', 'D']","['D', 'E']"
5a78d1bd55429974737f78bd::working_set_pack_b,5a78d1bd55429974737f78bd,"['A', 'B', 'C', 'D', 'E', 'F']","[0, 0, 0, 1, 1, 0]","[0.39232856035232544, -1.9361271858215332, 0.47323286533355713, 0.27683332562446594, 0.3750140368938446, 0.41871798038482666]","[-0.39232856035232544, 1.9361271858215332, -0.47323286533355713, -0.27683332562446594, -0.3750140368938446, -0.41871798038482666]","[0.39232856035232544, -1.9361271858215332, 0.47323286533355713, 0.27683332562446594, 0.3750140368938446, 0.41871798038482666]",1,-1,False,"['A', 'B']","['D', 'E']"
5a78d1bd55429974737f78bd::active_set_pack_b,5a78d1bd55429974737f78bd,"['A', 'B', 'C', 'D', 'E', 'F']","[0, 0, 0, 1, 1, 0]","[0.509735643863678, -2.517636299133301, 0.6133270859718323, 0.41476449370384216, 0.45749470591545105, 0.5223138332366943]","[-0.509735643863678, 2.517636299133301, -0.6133270859718323, -0.41476449370384216, -0.45749470591545105, -0.5223138332366943]","[0.509735643863678, -2.517636299133301, 0.6133270859718323, 0.41476449370384216, 0.45749470591545105, 0.5223138332366943]",1,-1,False,"['B', 'D']","['D', 'E']"
5abdb9125542993f32c2a018::working_set_pack_a,5abdb9125542993f32c2a018,"['A', 'B', 'C', 'D', 'E', 'F']","[0, 0, 1, 1, 0, 0]","[-0.5305957198143005, -0.5131954550743103, 2.2087512016296387, -0.34288835525512695, -0.4711326062679291, -0.35093843936920166]","[-0.5305957198143005, -0.5131954550743103, 2.2087512016296387, -0.34288835525512695, -0.4711326062679291, -0.35093843936920166]","[-0.5305957198143005, -0.5131954550743103, 2.2087512016296387, -0.34288835525512695, -0.4711326062679291, -0.35093843936920166]",1,1,True,"['C', 'D']","['C', 'D']"
5abdb9125542993f32c2a018::active_set_pack_a,5abdb9125542993f32c2a018,"['A', 'B', 'C', 'D', 'E', 'F']","[0, 0, 1, 1, 0, 0]","[-0.5222325325012207, -0.5052988529205322, 2.1954879760742188, -0.3573901951313019, -0.4606584906578064, -0.3499085605144501]","[-0.5222325325012207, -0.5052988529205322, 2.1954879760742188, -0.3573901951313019, -0.4606584906578064, -0.3499085605144501]","[-0.5222325325012207, -0.5052988529205322, 2.1954879760742188, -0.3573901951313019, -0.4606584906578064, -0.3499085605144501]",1,1,True,"['C', 'D']","['C', 'D']"
5abdb9125542993f32c2a018::working_set_pack_b,5abdb9125542993f32c2a018,"['A', 'B', 'C', 'D', 'E', 'F']","[0, 0, 1, 1, 0, 0]","[-0.6618272662162781, -0.6508729457855225, 2.9639008045196533, -0.543436586856842, -0.6160523295402527, -0.49171116948127747]","[-0.6618272662162781, -0.6508729457855225, 2.9639008045196533, -0.543436586856842, -0.6160523295402527, -0.49171116948127747]","[-0.6618272662162781, -0.6508729457855225, 2.9639008045196533, -0.543436586856842, -0.6160523295402527, -0.49171116948127747]",1,1,True,"['C', 'D']","['C', 'D']"
5abdb9125542993f32c2a018::active_set_pack_b,5abdb9125542993f32c2a018,"['A', 'B', 'C', 'D', 'E', 'F']","[0, 0, 1, 1, 0, 0]","[-0.5019593834877014, -0.5792282223701477, 2.257241725921631, -0.3617420196533203, -0.4553217887878418, -0.3589904010295868]","[-0.5019593834877014, -0.5792282223701477, 2.257241725921631, -0.3617420196533203, -0.4553217887878418, -0.3589904010295868]","[-0.5019593834877014, -0.5792282223701477, 2.257241725921631, -0.3617420196533203, -0.4553217887878418, -0.3589904010295868]",1,1,True,"['C', 'D']","['C', 'D']"
5a745eb055429979e2882928::working_set_pack_a,5a745eb055429979e2882928,"['A', 'B', 'C', 'D', 'E', 'F']","[0, 0, 0, 1, 0, 1]","[-0.8408668637275696, -0.6579746603965759, -0.5958126187324524, 3.396963119506836, -0.6500992178916931, -0.6522098779678345]","[-0.8408668637275696, -0.6579746603965759, -0.5958126187324524, 3.396963119506836, -0.6500992178916931, -0.6522098779678345]","[-0.8408668637275696, -0.6579746603965759, -0.5958126187324524, 3.396963119506836, -0.6500992178916931, -0.6522098779678345]",1,1,False,"['C', 'D']","['D', 'F']"
5a745eb055429979e2882928::active_set_pack_a,5a745eb055429979e2882928,"['A', 'B', 'C', 'D', 'E', 'F']","[0, 0, 0, 1, 0, 1]","[-0.7830337882041931, -0.6533389091491699, -0.5569649934768677, 3.2867395877838135, -0.6435677409172058, -0.6498344540596008]","[-0.7830337882041931, -0.6533389091491699, -0.5569649934768677, 3.2867395877838135, -0.6435677409172058, -0.6498344540596008]","[-0.7830337882041931, -0.6533389091491699, -0.5569649934768677, 3.2867395877838135, -0.6435677409172058, -0.6498344540596008]",1,1,False,"['C', 'D']","['D', 'F']"
5a745eb055429979e2882928::working_set_pack_b,5a745eb055429979e2882928,"['A', 'B', 'C', 'D', 'E', 'F']","[0, 0, 0, 1, 0, 1]","[-0.7730408310890198, -0.732119083404541, -0.601401150226593, 3.5200250148773193, -0.6983405947685242, -0.7151243090629578]","[-0.7730408310890198, -0.732119083404541, -0.601401150226593, 3.5200250148773193, -0.6983405947685242, -0.7151243090629578]","[-0.7730408310890198, -0.732119083404541, -0.601401150226593, 3.5200250148773193, -0.6983405947685242, -0.7151243090629578]",1,1,True,"['D', 'F']","['D', 'F']"
5a745eb055429979e2882928::active_set_pack_b,5a745eb055429979e2882928,"['A', 'B', 'C', 'D', 'E', 'F']","[0, 0, 0, 1, 0, 1]","[-0.6966758370399475, -0.6226748824119568, -0.3536311984062195, 2.7750070095062256, -0.545478880405426, -0.5565464496612549]","[-0.6966758370399475, -0.6226748824119568, -0.3536311984062195, 2.7750070095062256, -0.545478880405426, -0.5565464496612549]","[0.6966758370399475, 0.6226748824119568, 0.3536311984062195, -2.7750070095062256, 0.545478880405426, 0.5565464496612549]",-1,-1,False,"['C', 'D']","['D', 'F']"
5ab7f030554299366779405a::working_set_pack_a,5ab7f030554299366779405a,"['A', 'B', 'C', 'D', 'E', 'F']","[1, 1, 0, 0, 0, 0]","[1.3724411725997925, -0.20612628757953644, -0.8461899757385254, 0.12232108414173126, -0.198054239153862, -0.24439175426959991]","[1.3724411725997925, -0.20612628757953644, -0.8461899757385254, 0.12232108414173126, -0.198054239153862, -0.24439175426959991]","[-1.3724411725997925, 0.20612628757953644, 0.8461899757385254, -0.12232108414173126, 0.198054239153862, 0.24439175426959991]",-1,-1,False,"['A', 'D']","['A', 'B']"
5ab7f030554299366779405a::active_set_pack_a,5ab7f030554299366779405a,"['A', 'B', 'C', 'D', 'E', 'F']","[1, 1, 0, 0, 0, 0]","[1.3304884433746338, -0.24921558797359467, -0.6397842168807983, 0.0830179899930954, -0.24087436497211456, -0.28363239765167236]","[1.3304884433746338, -0.24921558797359467, -0.6397842168807983, 0.0830179899930954, -0.24087436497211456, -0.28363239765167236]","[1.3304884433746338, -0.24921558797359467, -0.6397842168807983, 0.0830179899930954, -0.24087436497211456, -0.28363239765167236]",1,1,False,"['A', 'D']","['A', 'B']"
5ab7f030554299366779405a::working_set_pack_b,5ab7f030554299366779405a,"['A', 'B', 'C', 'D', 'E', 'F']","[1, 1, 0, 0, 0, 0]","[1.302333116531372, -0.26739200949668884, -0.3647741675376892, -0.15179327130317688, -0.25949418544769287, -0.25887978076934814]","[1.302333116531372, -0.26739200949668884, -0.3647741675376892, -0.15179327130317688, -0.25949418544769287, -0.25887978076934814]","[1.302333116531372, -0.26739200949668884, -0.3647741675376892, -0.15179327130317688, -0.25949418544769287, -0.25887978076934814]",1,1,False,"['A', 'D']","['A', 'B']"
5ab7f030554299366779405a::active_set_pack_b,5ab7f030554299366779405a,"['A', 'B', 'C', 'D', 'E', 'F']","[1, 1, 0, 0, 0, 0]","[1.3969897031784058, -0.27558964490890503, -0.3837190270423889, -0.1852925419807434, -0.2685903012752533, -0.283798485994339]","[1.3969897031784058, -0.27558964490890503, -0.3837190270423889, -0.1852925419807434, -0.2685903012752533, -0.283798485994339]","[1.3969897031784058, -0.27558964490890503, -0.3837190270423889, -0.1852925419807434, -0.2685903012752533, -0.283798485994339]",1,1,False,"['A', 'D']","['A', 'B']"
5a90bd6555429933b8a205cf::working_set_pack_a,5a90bd6555429933b8a205cf,"['A', 'B', 'C', 'D', 'E', 'F']","[0, 1, 0, 0, 0, 1]","[0.43286460638046265, 0.3417472243309021, 0.5556950569152832, 0.4591048061847687, -1.953802466392517, 0.16439086198806763]","[0.43286460638046265, 0.3417472243309021, 0.5556950569152832, 0.4591048061847687, -1.953802466392517, 0.16439086198806763]","[-0.43286460638046265, -0.3417472243309021, -0.5556950569152832, -0.4591048061847687, 1.953802466392517, -0.16439086198806763]",-1,-1,True,"['B', 'F']","['B', 'F']"
5a90bd6555429933b8a205cf::active_set_pack_a,5a90bd6555429933b8a205cf,"['A', 'B', 'C', 'D', 'E', 'F']","[0, 1, 0, 0, 0, 1]","[0.47740209102630615, 0.37700238823890686, 0.5555742979049683, 0.5130394101142883, -2.1062135696411133, 0.1831958144903183]","[0.47740209102630615, 0.37700238823890686, 0.5555742979049683, 0.5130394101142883, -2.1062135696411133, 0.1831958144903183]","[-0.47740209102630615, -0.37700238823890686, -0.5555742979049683, -0.5130394101142883, 2.1062135696411133, -0.1831958144903183]",-1,-1,False,"['A', 'F']","['B', 'F']"
5a90bd6555429933b8a205cf::working_set_pack_b,5a90bd6555429933b8a205cf,"['A', 'B', 'C', 'D', 'E', 'F']","[0, 1, 0, 0, 0, 1]","[0.494313508272171, 0.3835429847240448, 0.539497435092926, 0.5162508487701416, -2.219787120819092, 0.28618282079696655]","[-0.494313508272171, -0.3835429847240448, -0.539497435092926, -0.5162508487701416, 2.219787120819092, -0.28618282079696655]","[-0.494313508272171, -0.3835429847240448, -0.539497435092926, -0.5162508487701416, 2.219787120819092, -0.28618282079696655]",-1,1,False,"['A', 'E']","['B', 'F']"
5a90bd6555429933b8a205cf::active_set_pack_b,5a90bd6555429933b8a205cf,"['A', 'B', 'C', 'D', 'E', 'F']","[0, 1, 0, 0, 0, 1]","[0.610819935798645, 0.5283046364784241, 0.639763355255127, 0.638157844543457, -2.8580751419067383, 0.4410291910171509]","[0.610819935798645, 0.5283046364784241, 0.639763355255127, 0.638157844543457, -2.8580751419067383, 0.4410291910171509]","[-0.610819935798645, -0.5283046364784241, -0.639763355255127, -0.638157844543457, 2.8580751419067383, -0.4410291910171509]",-1,-1,False,"['A', 'F']","['B', 'F']"
5ab433675542991751b4d6e6::working_set_pack_a,5ab433675542991751b4d6e6,"['A', 'B', 'C', 'D', 'E', 'F']","[0, 1, 1, 0, 0, 0]","[-0.7882968783378601, 2.8052539825439453, -0.26739606261253357, -0.6037371158599854, -0.5636134147644043, -0.5822111964225769]","[-0.7882968783378601, 2.8052539825439453, -0.26739606261253357, -0.6037371158599854, -0.5636134147644043, -0.5822111964225769]","[-0.7882968783378601, 2.8052539825439453, -0.26739606261253357, -0.6037371158599854, -0.5636134147644043, -0.5822111964225769]",1,1,True,"['B', 'C']","['B', 'C']"
5ab433675542991751b4d6e6::active_set_pack_a,5ab433675542991751b4d6e6,"['A', 'B', 'C', 'D', 'E', 'F']","[0, 1, 1, 0, 0, 0]","[-0.866003692150116, 2.859698534011841, -0.2723369002342224, -0.5935619473457336, -0.5533854961395264, -0.5744103789329529]","[-0.866003692150116, 2.859698534011841, -0.2723369002342224, -0.5935619473457336, -0.5533854961395264, -0.5744103789329529]","[-0.866003692150116, 2.859698534011841, -0.2723369002342224, -0.5935619473457336, -0.5533854961395264, -0.5744103789329529]",1,1,True,"['B', 'C']","['B', 'C']"
5ab433675542991751b4d6e6::working_set_pack_b,5ab433675542991751b4d6e6,"['A', 'B', 'C', 'D', 'E', 'F']","[0, 1, 1, 0, 0, 0]","[-0.7319345474243164, 2.772624969482422, -0.388182669878006, -0.5691794157028198, -0.5311216115951538, -0.5522059202194214]","[-0.7319345474243164, 2.772624969482422, -0.388182669878006, -0.5691794157028198, -0.5311216115951538, -0.5522059202194214]","[-0.7319345474243164, 2.772624969482422, -0.388182669878006, -0.5691794157028198, -0.5311216115951538, -0.5522059202194214]",1,1,True,"['B', 'C']","['B', 'C']"
5ab433675542991751b4d6e6::active_set_pack_b,5ab433675542991751b4d6e6,"['A', 'B', 'C', 'D', 'E', 'F']","[0, 1, 1, 0, 0, 0]","[-0.9279977083206177, 3.276155710220337, -0.43451637029647827, -0.666145384311676, -0.6091992259025574, -0.6382978558540344]","[-0.9279977083206177, 3.276155710220337, -0.43451637029647827, -0.666145384311676, -0.6091992259025574, -0.6382978558540344]","[0.9279977083206177, -3.276155710220337, 0.43451637029647827, 0.666145384311676, 0.6091992259025574, 0.6382978558540344]",-1,-1,True,"['B', 'C']","['B', 'C']"
5ac47249554299194317399c::working_set_pack_a,5ac47249554299194317399c,"['A', 'B', 'C', 'D', 'E', 'F']","[1, 0, 0, 0, 1, 0]","[-0.31745365262031555, -0.3148786723613739, -0.27621492743492126, -0.30829426646232605, 1.9221891164779663, -0.7053479552268982]","[-0.31745365262031555, -0.3148786723613739, -0.27621492743492126, -0.30829426646232605, 1.9221891164779663, -0.7053479552268982]","[-0.31745365262031555, -0.3148786723613739, -0.27621492743492126, -0.30829426646232605, 1.9221891164779663, -0.7053479552268982]",1,1,True,"['A', 'E']","['A', 'E']"
5ac47249554299194317399c::active_set_pack_a,5ac47249554299194317399c,"['A', 'B', 'C', 'D', 'E', 'F']","[1, 0, 0, 0, 1, 0]","[-0.35789206624031067, -0.33979690074920654, -0.30232861638069153, -0.33603185415267944, 1.9837623834609985, -0.6477125287055969]","[-0.35789206624031067, -0.33979690074920654, -0.30232861638069153, -0.33603185415267944, 1.9837623834609985, -0.6477125287055969]","[-0.35789206624031067, -0.33979690074920654, -0.30232861638069153, -0.33603185415267944, 1.9837623834609985, -0.6477125287055969]",1,1,False,"['C', 'E']","['A', 'E']"
5ac47249554299194317399c::working_set_pack_b,5ac47249554299194317399c,"['A', 'B', 'C', 'D', 'E', 'F']","[1, 0, 0, 0, 1, 0]","[-0.18269523978233337, -0.19681288301944733, -0.1247633621096611, -0.20783588290214539, 1.5533524751663208, -0.8412451148033142]","[-0.18269523978233337, -0.19681288301944733, -0.1247633621096611, -0.20783588290214539, 1.5533524751663208, -0.8412451148033142]","[-0.18269523978233337, -0.19681288301944733, -0.1247633621096611, -0.20783588290214539, 1.5533524751663208, -0.8412451148033142]",1,1,True,"['A', 'E']","['A', 'E']"
5ac47249554299194317399c::active_set_pack_b,5ac47249554299194317399c,"['A', 'B', 'C', 'D', 'E', 'F']","[1, 0, 0, 0, 1, 0]","[-0.22701296210289001, -0.19997519254684448, -0.13568943738937378, -0.21170341968536377, 1.6343538761138916, -0.8599733114242554]","[-0.22701296210289001, -0.19997519254684448, -0.13568943738937378, -0.21170341968536377, 1.6343538761138916, -0.8599733114242554]","[-0.22701296210289001, -0.19997519254684448, -0.13568943738937378, -0.21170341968536377, 1.6343538761138916, -0.8599733114242554]",1,1,True,"['A', 'E']","['A', 'E']"
5aba04fb55429939ce03dc54::working_set_pack_a,5aba04fb55429939ce03dc54,"['A', 'B', 'C', 'D', 'E', 'F']","[0, 0, 1, 0, 1, 0]","[0.6395624279975891, -2.3412973880767822, 0.4026341736316681, 0.4573400616645813, 0.37648287415504456, 0.46527716517448425]","[-0.6395624279975891, 2.3412973880767822, -0.4026341736316681, -0.4573400616645813, -0.37648287415504456, -0.46527716517448425]","[-0.6395624279975891, 2.3412973880767822, -0.4026341736316681, -0.4573400616645813, -0.37648287415504456, -0.46527716517448425]",-1,1,False,"['B', 'C']","['C', 'E']"
5aba04fb55429939ce03dc54::active_set_pack_a,5aba04fb55429939ce03dc54,"['A', 'B', 'C', 'D', 'E', 'F']","[0, 0, 1, 0, 1, 0]","[0.6106173992156982, -2.2623209953308105, 0.3913928270339966, 0.44840675592422485, 0.3652842044830322, 0.44662001729011536]","[-0.6106173992156982, 2.2623209953308105, -0.3913928270339966, -0.44840675592422485, -0.3652842044830322, -0.44662001729011536]","[-0.6106173992156982, 2.2623209953308105, -0.3913928270339966, -0.44840675592422485, -0.3652842044830322, -0.44662001729011536]",-1,1,False,"['B', 'C']","['C', 'E']"
5aba04fb55429939ce03dc54::working_set_pack_b,5aba04fb55429939ce03dc54,"['A', 'B', 'C', 'D', 'E', 'F']","[0, 0, 1, 0, 1, 0]","[0.6136593818664551, -2.2708826065063477, 0.35523998737335205, 0.4556104242801666, 0.4023851752281189, 0.44398847222328186]","[-0.6136593818664551, 2.2708826065063477, -0.35523998737335205, -0.4556104242801666, -0.4023851752281189, -0.44398847222328186]","[-0.6136593818664551, 2.2708826065063477, -0.35523998737335205, -0.4556104242801666, -0.4023851752281189, -0.44398847222328186]",-1,1,False,"['B', 'C']","['C', 'E']"
5aba04fb55429939ce03dc54::active_set_pack_b,5aba04fb55429939ce03dc54,"['A', 'B', 'C', 'D', 'E', 'F']","[0, 0, 1, 0, 1, 0]","[0.7539364099502563, -2.186849355697632, 0.2240421324968338, 0.44606471061706543, 0.3559371531009674, 0.40686872601509094]","[-0.7539364099502563, 2.186849355697632, -0.2240421324968338, -0.44606471061706543, -0.3559371531009674, -0.40686872601509094]","[0.7539364099502563, -2.186849355697632, 0.2240421324968338, 0.44606471061706543, 0.3559371531009674, 0.40686872601509094]",1,-1,False,"['B', 'C']","['C', 'E']"
5a79f2185542996a35c1703d::working_set_pack_a,5a79f2185542996a35c1703d,"['A', 'B', 'C', 'D', 'E', 'F']","[1, 1, 0, 0, 0, 0]","[1.1486363410949707, -0.16771136224269867, -0.30261942744255066, -0.2590338885784149, -0.2489335536956787, -0.17033839225769043]","[1.1486363410949707, -0.16771136224269867, -0.30261942744255066, -0.2590338885784149, -0.2489335536956787, -0.17033839225769043]","[-1.1486363410949707, 0.16771136224269867, 0.30261942744255066, 0.2590338885784149, 0.2489335536956787, 0.17033839225769043]",-1,-1,True,"['A', 'B']","['A', 'B']"
5a79f2185542996a35c1703d::active_set_pack_a,5a79f2185542996a35c1703d,"['A', 'B', 'C', 'D', 'E', 'F']","[1, 1, 0, 0, 0, 0]","[1.1722184419631958, -0.16663725674152374, -0.29179680347442627, -0.2648603916168213, -0.2904893755912781, -0.15843422710895538]","[1.1722184419631958, -0.16663725674152374, -0.29179680347442627, -0.2648603916168213, -0.2904893755912781, -0.15843422710895538]","[-1.1722184419631958, 0.16663725674152374, 0.29179680347442627, 0.2648603916168213, 0.2904893755912781, 0.15843422710895538]",-1,-1,True,"['A', 'B']","['A', 'B']"
5a79f2185542996a35c1703d::working_set_pack_b,5a79f2185542996a35c1703d,"['A', 'B', 'C', 'D', 'E', 'F']","[1, 1, 0, 0, 0, 0]","[0.26768505573272705, 0.3536452353000641, -1.3270237445831299, 0.2714262902736664, 0.28574085235595703, 0.14852626621723175]","[0.26768505573272705, 0.3536452353000641, -1.3270237445831299, 0.2714262902736664, 0.28574085235595703, 0.14852626621723175]","[0.26768505573272705, 0.3536452353000641, -1.3270237445831299, 0.2714262902736664, 0.28574085235595703, 0.14852626621723175]",1,1,True,"['A', 'B']","['A', 'B']"
5a79f2185542996a35c1703d::active_set_pack_b,5a79f2185542996a35c1703d,"['A', 'B', 'C', 'D', 'E', 'F']","[1, 1, 0, 0, 0, 0]","[0.31198254227638245, 0.42875435948371887, -1.4158481359481812, 0.24987202882766724, 0.2752266228199005, 0.15001283586025238]","[0.31198254227638245, 0.42875435948371887, -1.4158481359481812, 0.24987202882766724, 0.2752266228199005, 0.15001283586025238]","[0.31198254227638245, 0.42875435948371887, -1.4158481359481812, 0.24987202882766724, 0.2752266228199005, 0.15001283586025238]",1,1,True,"['A', 'B']","['A', 'B']"
5ae0925e55429945ae9593c9::working_set_pack_a,5ae0925e55429945ae9593c9,"['A', 'B', 'C', 'D', 'E', 'F']","[0, 1, 1, 0, 0, 0]","[-0.30221787095069885, 1.5504759550094604, -0.16453661024570465, -0.3467384874820709, -0.3342550992965698, -0.40272897481918335]","[0.30221787095069885, -1.5504759550094604, 0.16453661024570465, 0.3467384874820709, 0.3342550992965698, 0.40272897481918335]","[0.30221787095069885, -1.5504759550094604, 0.16453661024570465, 0.3467384874820709, 0.3342550992965698, 0.40272897481918335]",-1,1,False,"['A', 'C']","['B', 'C']"
5ae0925e55429945ae9593c9::active_set_pack_a,5ae0925e55429945ae9593c9,"['A', 'B', 'C', 'D', 'E', 'F']","[0, 1, 1, 0, 0, 0]","[-0.2964925765991211, 1.359410285949707, -0.08188662678003311, -0.3220890760421753, -0.29163989424705505, -0.3673016130924225]","[0.2964925765991211, -1.359410285949707, 0.08188662678003311, 0.3220890760421753, 0.29163989424705505, 0.3673016130924225]","[0.2964925765991211, -1.359410285949707, 0.08188662678003311, 0.3220890760421753, 0.29163989424705505, 0.3673016130924225]",-1,1,False,"['A', 'C']","['B', 'C']"
5ae0925e55429945ae9593c9::working_set_pack_b,5ae0925e55429945ae9593c9,"['A', 'B', 'C', 'D', 'E', 'F']","[0, 1, 1, 0, 0, 0]","[-0.37351053953170776, 1.7525886297225952, -0.2009410709142685, -0.37046581506729126, -0.3668457865715027, -0.4408251941204071]","[-0.37351053953170776, 1.7525886297225952, -0.2009410709142685, -0.37046581506729126, -0.3668457865715027, -0.4408251941204071]","[0.37351053953170776, -1.7525886297225952, 0.2009410709142685, 0.37046581506729126, 0.3668457865715027, 0.4408251941204071]",-1,-1,False,"['A', 'B']","['B', 'C']"
5ae0925e55429945ae9593c9::active_set_pack_b,5ae0925e55429945ae9593c9,"['A', 'B', 'C', 'D', 'E', 'F']","[0, 1, 1, 0, 0, 0]","[-0.31810101866722107, 1.8701516389846802, -0.20062114298343658, -0.42154818773269653, -0.38980406522750854, -0.5400779247283936]","[0.31810101866722107, -1.8701516389846802, 0.20062114298343658, 0.42154818773269653, 0.38980406522750854, 0.5400779247283936]","[0.31810101866722107, -1.8701516389846802, 0.20062114298343658, 0.42154818773269653, 0.38980406522750854, 0.5400779247283936]",-1,1,False,"['A', 'C']","['B', 'C']"
5a7f165b55429934daa2fccd::working_set_pack_a,5a7f165b55429934daa2fccd,"['A', 'B', 'C', 'D', 'E', 'F']","[0, 0, 0, 1, 1, 0]","[-0.5529341101646423, -0.36213937401771545, -0.38975104689598083, 1.7869349718093872, -0.1415049433708191, -0.34060508012771606]","[-0.5529341101646423, -0.36213937401771545, -0.38975104689598083, 1.7869349718093872, -0.1415049433708191, -0.34060508012771606]","[-0.5529341101646423, -0.36213937401771545, -0.38975104689598083, 1.7869349718093872, -0.1415049433708191, -0.34060508012771606]",1,1,False,"['C', 'D']","['D', 'E']"
5a7f165b55429934daa2fccd::active_set_pack_a,5a7f165b55429934daa2fccd,"['A', 'B', 'C', 'D', 'E', 'F']","[0, 0, 0, 1, 1, 0]","[-0.5406052470207214, -0.3554309904575348, -0.34938332438468933, 1.5845783948898315, -0.03270822763442993, -0.30645057559013367]","[-0.5406052470207214, -0.3554309904575348, -0.34938332438468933, 1.5845783948898315, -0.03270822763442993, -0.30645057559013367]","[-0.5406052470207214, -0.3554309904575348, -0.34938332438468933, 1.5845783948898315, -0.03270822763442993, -0.30645057559013367]",1,1,False,"['C', 'D']","['D', 'E']"
5a7f165b55429934daa2fccd::working_set_pack_b,5a7f165b55429934daa2fccd,"['A', 'B', 'C', 'D', 'E', 'F']","[0, 0, 0, 1, 1, 0]","[-0.3746746778488159, -0.36154937744140625, -0.22711825370788574, 1.176020622253418, 0.00047798408195376396, -0.2131563276052475]","[0.3746746778488159, 0.36154937744140625, 0.22711825370788574, -1.176020622253418, -0.00047798408195376396, 0.2131563276052475]","[-0.3746746778488159, -0.36154937744140625, -0.22711825370788574, 1.176020622253418, 0.00047798408195376396, -0.2131563276052475]",1,-1,False,"['C', 'E']","['D', 'E']"
5a7f165b55429934daa2fccd::active_set_pack_b,5a7f165b55429934daa2fccd,"['A', 'B', 'C', 'D', 'E', 'F']","[0, 0, 0, 1, 1, 0]","[-0.5772181749343872, -0.37951144576072693, -0.30655744671821594, 1.5781223773956299, -0.05279965326189995, -0.2620357573032379]","[0.5772181749343872, 0.37951144576072693, 0.30655744671821594, -1.5781223773956299, 0.05279965326189995, 0.2620357573032379]","[-0.5772181749343872, -0.37951144576072693, -0.30655744671821594, 1.5781223773956299, -0.05279965326189995, -0.2620357573032379]",1,-1,False,"['C', 'E']","['D', 'E']"
5a8ba62d554299240d9c205c::working_set_pack_a,5a8ba62d554299240d9c205c,"['A', 'B', 'C', 'D', 'E', 'F']","[0, 1, 1, 0, 0, 0]","[-0.4700160622596741, 2.801748514175415, -0.41126736998558044, -0.8605095744132996, -0.5355287790298462, -0.5244262218475342]","[-0.4700160622596741, 2.801748514175415, -0.41126736998558044, -0.8605095744132996, -0.5355287790298462, -0.5244262218475342]","[0.4700160622596741, -2.801748514175415, 0.41126736998558044, 0.8605095744132996, 0.5355287790298462, 0.5244262218475342]",-1,-1,False,"['A', 'B']","['B', 'C']"
5a8ba62d554299240d9c205c::active_set_pack_a,5a8ba62d554299240d9c205c,"['A', 'B', 'C', 'D', 'E', 'F']","[0, 1, 1, 0, 0, 0]","[-0.6219942569732666, 3.26092791557312, -0.5390296578407288, -0.8432309627532959, -0.6316726803779602, -0.6249997615814209]","[-0.6219942569732666, 3.26092791557312, -0.5390296578407288, -0.8432309627532959, -0.6316726803779602, -0.6249997615814209]","[0.6219942569732666, -3.26092791557312, 0.5390296578407288, 0.8432309627532959, 0.6316726803779602, 0.6249997615814209]",-1,-1,False,"['A', 'B']","['B', 'C']"
5a8ba62d554299240d9c205c::working_set_pack_b,5a8ba62d554299240d9c205c,"['A', 'B', 'C', 'D', 'E', 'F']","[0, 1, 1, 0, 0, 0]","[-0.40378549695014954, 2.2277650833129883, -0.35520821809768677, -0.6158986687660217, -0.4303920567035675, -0.42248067259788513]","[-0.40378549695014954, 2.2277650833129883, -0.35520821809768677, -0.6158986687660217, -0.4303920567035675, -0.42248067259788513]","[0.40378549695014954, -2.2277650833129883, 0.35520821809768677, 0.6158986687660217, 0.4303920567035675, 0.42248067259788513]",-1,-1,False,"['A', 'B']","['B', 'C']"
5a8ba62d554299240d9c205c::active_set_pack_b,5a8ba62d554299240d9c205c,"['A', 'B', 'C', 'D', 'E', 'F']","[0, 1, 1, 0, 0, 0]","[-0.580327033996582, 3.116668462753296, -0.5037892460823059, -0.8568539023399353, -0.5928626656532288, -0.5828366279602051]","[-0.580327033996582, 3.116668462753296, -0.5037892460823059, -0.8568539023399353, -0.5928626656532288, -0.5828366279602051]","[0.580327033996582, -3.116668462753296, 0.5037892460823059, 0.8568539023399353, 0.5928626656532288, 0.5828366279602051]",-1,-1,True,"['B', 'C']","['B', 'C']"
5ae6053c55429929b0807a60::working_set_pack_a,5ae6053c55429929b0807a60,"['A', 'B', 'C', 'D', 'E', 'F']","[0, 1, 0, 1, 0, 0]","[-0.5589199066162109, 2.686052083969116, -0.6639577746391296, -0.26693469285964966, -0.6151571869850159, -0.5810838937759399]","[-0.5589199066162109, 2.686052083969116, -0.6639577746391296, -0.26693469285964966, -0.6151571869850159, -0.5810838937759399]","[0.5589199066162109, -2.686052083969116, 0.6639577746391296, 0.26693469285964966, 0.6151571869850159, 0.5810838937759399]",-1,-1,True,"['B', 'D']","['B', 'D']"
5ae6053c55429929b0807a60::active_set_pack_a,5ae6053c55429929b0807a60,"['A', 'B', 'C', 'D', 'E', 'F']","[0, 1, 0, 1, 0, 0]","[-0.5675131678581238, 2.6426119804382324, -0.586420476436615, -0.27275100350379944, -0.6332114934921265, -0.5827159285545349]","[-0.5675131678581238, 2.6426119804382324, -0.586420476436615, -0.27275100350379944, -0.6332114934921265, -0.5827159285545349]","[0.5675131678581238, -2.6426119804382324, 0.586420476436615, 0.27275100350379944, 0.6332114934921265, 0.5827159285545349]",-1,-1,True,"['B', 'D']","['B', 'D']"
5ae6053c55429929b0807a60::working_set_pack_b,5ae6053c55429929b0807a60,"['A', 'B', 'C', 'D', 'E', 'F']","[0, 1, 0, 1, 0, 0]","[-0.513235330581665, 2.4278693199157715, -0.4434543251991272, -0.39908841252326965, -0.5538663268089294, -0.5182254314422607]","[-0.513235330581665, 2.4278693199157715, -0.4434543251991272, -0.39908841252326965, -0.5538663268089294, -0.5182254314422607]","[-0.513235330581665, 2.4278693199157715, -0.4434543251991272, -0.39908841252326965, -0.5538663268089294, -0.5182254314422607]",1,1,False,"['A', 'B']","['B', 'D']"
5ae6053c55429929b0807a60::active_set_pack_b,5ae6053c55429929b0807a60,"['A', 'B', 'C', 'D', 'E', 'F']","[0, 1, 0, 1, 0, 0]","[-0.5808131694793701, 2.58227276802063, -0.5240839123725891, -0.3045337200164795, -0.5929641723632812, -0.5798779726028442]","[-0.5808131694793701, 2.58227276802063, -0.5240839123725891, -0.3045337200164795, -0.5929641723632812, -0.5798779726028442]","[0.5808131694793701, -2.58227276802063, 0.5240839123725891, 0.3045337200164795, 0.5929641723632812, 0.5798779726028442]",-1,-1,True,"['B', 'D']","['B', 'D']"
5ae42a195542995ad6573d0e::working_set_pack_a,5ae42a195542995ad6573d0e,"['A', 'B', 'C', 'D', 'E', 'F']","[1, 0, 0, 0, 1, 0]","[-0.5009652972221375, -0.6464618444442749, -0.648123025894165, -0.6635076403617859, 3.1371538639068604, -0.6780960559844971]","[-0.5009652972221375, -0.6464618444442749, -0.648123025894165, -0.6635076403617859, 3.1371538639068604, -0.6780960559844971]","[0.5009652972221375, 0.6464618444442749, 0.648123025894165, 0.6635076403617859, -3.1371538639068604, 0.6780960559844971]",-1,-1,True,"['A', 'E']","['A', 'E']"
5ae42a195542995ad6573d0e::active_set_pack_a,5ae42a195542995ad6573d0e,"['A', 'B', 'C', 'D', 'E', 'F']","[1, 0, 0, 0, 1, 0]","[-0.5172712802886963, -0.6351938843727112, -0.6448745131492615, -0.6633702516555786, 3.141273260116577, -0.6805623769760132]","[-0.5172712802886963, -0.6351938843727112, -0.6448745131492615, -0.6633702516555786, 3.141273260116577, -0.6805623769760132]","[0.5172712802886963, 0.6351938843727112, 0.6448745131492615, 0.6633702516555786, -3.141273260116577, 0.6805623769760132]",-1,-1,True,"['A', 'E']","['A', 'E']"
5ae42a195542995ad6573d0e::working_set_pack_b,5ae42a195542995ad6573d0e,"['A', 'B', 'C', 'D', 'E', 'F']","[1, 0, 0, 0, 1, 0]","[-0.5974339842796326, -0.7065252065658569, -0.6685883402824402, -0.7023637890815735, 3.3889124393463135, -0.714002251625061]","[-0.5974339842796326, -0.7065252065658569, -0.6685883402824402, -0.7023637890815735, 3.3889124393463135, -0.714002251625061]","[0.5974339842796326, 0.7065252065658569, 0.6685883402824402, 0.7023637890815735, -3.3889124393463135, 0.714002251625061]",-1,-1,True,"['A', 'E']","['A', 'E']"
5ae42a195542995ad6573d0e::active_set_pack_b,5ae42a195542995ad6573d0e,"['A', 'B', 'C', 'D', 'E', 'F']","[1, 0, 0, 0, 1, 0]","[-0.675064206123352, -0.8135164380073547, -0.7416903376579285, -0.769989013671875, 3.7958099842071533, -0.795549750328064]","[-0.675064206123352, -0.8135164380073547, -0.7416903376579285, -0.769989013671875, 3.7958099842071533, -0.795549750328064]","[0.675064206123352, 0.8135164380073547, 0.7416903376579285, 0.769989013671875, -3.7958099842071533, 0.795549750328064]",-1,-1,True,"['A', 'E']","['A', 'E']"
5ae1aed65542997f29b3c0ff::working_set_pack_a,5ae1aed65542997f29b3c0ff,"['A', 'B', 'C', 'D', 'E', 'F']","[1, 0, 0, 0, 0, 1]","[-0.4632765054702759, -0.6049522757530212, -0.37644267082214355, -0.4098278284072876, -0.4342321455478668, 2.288731813430786]","[-0.4632765054702759, -0.6049522757530212, -0.37644267082214355, -0.4098278284072876, -0.4342321455478668, 2.288731813430786]","[-0.4632765054702759, -0.6049522757530212, -0.37644267082214355, -0.4098278284072876, -0.4342321455478668, 2.288731813430786]",1,1,False,"['C', 'F']","['A', 'F']"
5ae1aed65542997f29b3c0ff::active_set_pack_a,5ae1aed65542997f29b3c0ff,"['A', 'B', 'C', 'D', 'E', 'F']","[1, 0, 0, 0, 0, 1]","[-0.44581395387649536, -0.6131447553634644, -0.34237879514694214, -0.3954916000366211, -0.41344204545021057, 2.210270404815674]","[-0.44581395387649536, -0.6131447553634644, -0.34237879514694214, -0.3954916000366211, -0.41344204545021057, 2.210270404815674]","[-0.44581395387649536, -0.6131447553634644, -0.34237879514694214, -0.3954916000366211, -0.41344204545021057, 2.210270404815674]",1,1,False,"['C', 'F']","['A', 'F']"
5ae1aed65542997f29b3c0ff::working_set_pack_b,5ae1aed65542997f29b3c0ff,"['A', 'B', 'C', 'D', 'E', 'F']","[1, 0, 0, 0, 0, 1]","[-0.42770323157310486, -0.4804076552391052, -0.2110312283039093, -0.41904324293136597, -0.37214457988739014, 1.9103296995162964]","[-0.42770323157310486, -0.4804076552391052, -0.2110312283039093, -0.41904324293136597, -0.37214457988739014, 1.9103296995162964]","[-0.42770323157310486, -0.4804076552391052, -0.2110312283039093, -0.41904324293136597, -0.37214457988739014, 1.9103296995162964]",1,1,False,"['C', 'F']","['A', 'F']"
5ae1aed65542997f29b3c0ff::active_set_pack_b,5ae1aed65542997f29b3c0ff,"['A', 'B', 'C', 'D', 'E', 'F']","[1, 0, 0, 0, 0, 1]","[-0.43293318152427673, -0.5978637337684631, -0.27534911036491394, -0.42428430914878845, -0.4088037610054016, 2.1392340660095215]","[-0.43293318152427673, -0.5978637337684631, -0.27534911036491394, -0.42428430914878845, -0.4088037610054016, 2.1392340660095215]","[-0.43293318152427673, -0.5978637337684631, -0.27534911036491394, -0.42428430914878845, -0.4088037610054016, 2.1392340660095215]",1,1,False,"['C', 'F']","['A', 'F']"
5a7c75a655429935c91b51c4::working_set_pack_a,5a7c75a655429935c91b51c4,"['A', 'B', 'C', 'D', 'E', 'F']","[0, 1, 1, 0, 0, 0]","[0.1457488238811493, 0.26696184277534485, 1.1375267505645752, -1.678039789199829, 0.050899818539619446, 0.07690177112817764]","[0.1457488238811493, 0.26696184277534485, 1.1375267505645752, -1.678039789199829, 0.050899818539619446, 0.07690177112817764]","[0.1457488238811493, 0.26696184277534485, 1.1375267505645752, -1.678039789199829, 0.050899818539619446, 0.07690177112817764]",1,1,False,"['A', 'C']","['B', 'C']"
5a7c75a655429935c91b51c4::active_set_pack_a,5a7c75a655429935c91b51c4,"['A', 'B', 'C', 'D', 'E', 'F']","[0, 1, 1, 0, 0, 0]","[0.0361173190176487, 0.23117953538894653, 1.3151557445526123, -1.5268657207489014, -0.03500055894255638, -0.02058696188032627]","[0.0361173190176487, 0.23117953538894653, 1.3151557445526123, -1.5268657207489014, -0.03500055894255638, -0.02058696188032627]","[0.0361173190176487, 0.23117953538894653, 1.3151557445526123, -1.5268657207489014, -0.03500055894255638, -0.02058696188032627]",1,1,False,"['A', 'C']","['B', 'C']"
5a7c75a655429935c91b51c4::working_set_pack_b,5a7c75a655429935c91b51c4,"['A', 'B', 'C', 'D', 'E', 'F']","[0, 1, 1, 0, 0, 0]","[0.0035065296106040478, 0.16368453204631805, 1.3725301027297974, -1.4913908243179321, -0.02125687152147293, -0.027072196826338768]","[0.0035065296106040478, 0.16368453204631805, 1.3725301027297974, -1.4913908243179321, -0.02125687152147293, -0.027072196826338768]","[0.0035065296106040478, 0.16368453204631805, 1.3725301027297974, -1.4913908243179321, -0.02125687152147293, -0.027072196826338768]",1,1,False,"['A', 'C']","['B', 'C']"
5a7c75a655429935c91b51c4::active_set_pack_b,5a7c75a655429935c91b51c4,"['A', 'B', 'C', 'D', 'E', 'F']","[0, 1, 1, 0, 0, 0]","[-0.200926274061203, -0.057851407676935196, 2.1210086345672607, -1.419959306716919, -0.21939446032047272, -0.22287745773792267]","[-0.200926274061203, -0.057851407676935196, 2.1210086345672607, -1.419959306716919, -0.21939446032047272, -0.22287745773792267]","[-0.200926274061203, -0.057851407676935196, 2.1210086345672607, -1.419959306716919, -0.21939446032047272, -0.22287745773792267]",1,1,False,"['A', 'C']","['B', 'C']"
5a76c0d3554299373536019f::working_set_pack_a,5a76c0d3554299373536019f,"['A', 'B', 'C', 'D', 'E', 'F']","[0, 1, 0, 0, 0, 1]","[-0.46499738097190857, 0.27894529700279236, -0.5329112410545349, -0.5496352910995483, -0.5277801156044006, 1.7963788509368896]","[0.46499738097190857, -0.27894529700279236, 0.5329112410545349, 0.5496352910995483, 0.5277801156044006, -1.7963788509368896]","[-0.46499738097190857, 0.27894529700279236, -0.5329112410545349, -0.5496352910995483, -0.5277801156044006, 1.7963788509368896]",1,-1,False,"['A', 'B']","['B', 'F']"
5a76c0d3554299373536019f::active_set_pack_a,5a76c0d3554299373536019f,"['A', 'B', 'C', 'D', 'E', 'F']","[0, 1, 0, 0, 0, 1]","[-0.49857839941978455, 0.4043281674385071, -0.5627752542495728, -0.5789040923118591, -0.554767906665802, 1.7906970977783203]","[0.49857839941978455, -0.4043281674385071, 0.5627752542495728, 0.5789040923118591, 0.554767906665802, -1.7906970977783203]","[-0.49857839941978455, 0.4043281674385071, -0.5627752542495728, -0.5789040923118591, -0.554767906665802, 1.7906970977783203]",1,-1,False,"['A', 'B']","['B', 'F']"
5a76c0d3554299373536019f::working_set_pack_b,5a76c0d3554299373536019f,"['A', 'B', 'C', 'D', 'E', 'F']","[0, 1, 0, 0, 0, 1]","[-0.46432358026504517, 1.5442724227905273, -0.5174334049224854, -0.5295568704605103, -0.5103657245635986, 0.47740638256073]","[-0.46432358026504517, 1.5442724227905273, -0.5174334049224854, -0.5295568704605103, -0.5103657245635986, 0.47740638256073]","[-0.46432358026504517, 1.5442724227905273, -0.5174334049224854, -0.5295568704605103, -0.5103657245635986, 0.47740638256073]",1,1,False,"['A', 'B']","['B', 'F']"
5a76c0d3554299373536019f::active_set_pack_b,5a76c0d3554299373536019f,"['A', 'B', 'C', 'D', 'E', 'F']","[0, 1, 0, 0, 0, 1]","[-0.4887542128562927, 0.8484939932823181, -0.5160024166107178, -0.5389404296875, -0.5214712023735046, 1.2166740894317627]","[-0.4887542128562927, 0.8484939932823181, -0.5160024166107178, -0.5389404296875, -0.5214712023735046, 1.2166740894317627]","[-0.4887542128562927, 0.8484939932823181, -0.5160024166107178, -0.5389404296875, -0.5214712023735046, 1.2166740894317627]",1,1,False,"['A', 'B']","['B', 'F']"
5a8b1fc955429971feec4643::working_set_pack_a,5a8b1fc955429971feec4643,"['A', 'B', 'C', 'D', 'E', 'F']","[1, 1, 0, 0, 0, 0]","[1.1918977499008179, 0.11227168142795563, -0.30408230423927307, -0.12591290473937988, -0.11628133803606033, -0.7578927874565125]","[1.1918977499008179, 0.11227168142795563, -0.30408230423927307, -0.12591290473937988, -0.11628133803606033, -0.7578927874565125]","[1.1918977499008179, 0.11227168142795563, -0.30408230423927307, -0.12591290473937988, -0.11628133803606033, -0.7578927874565125]",1,1,True,"['A', 'B']","['A', 'B']"
5a8b1fc955429971feec4643::active_set_pack_a,5a8b1fc955429971feec4643,"['A', 'B', 'C', 'D', 'E', 'F']","[1, 1, 0, 0, 0, 0]","[1.20684015750885, 0.10204055905342102, -0.3712899386882782, -0.19136738777160645, -0.16903764009475708, -0.5771856904029846]","[1.20684015750885, 0.10204055905342102, -0.3712899386882782, -0.19136738777160645, -0.16903764009475708, -0.5771856904029846]","[1.20684015750885, 0.10204055905342102, -0.3712899386882782, -0.19136738777160645, -0.16903764009475708, -0.5771856904029846]",1,1,True,"['A', 'B']","['A', 'B']"
5a8b1fc955429971feec4643::working_set_pack_b,5a8b1fc955429971feec4643,"['A', 'B', 'C', 'D', 'E', 'F']","[1, 1, 0, 0, 0, 0]","[1.028533697128296, 0.26444581151008606, -0.341381698846817, -0.21701472997665405, -0.18533219397068024, -0.5492506623268127]","[1.028533697128296, 0.26444581151008606, -0.341381698846817, -0.21701472997665405, -0.18533219397068024, -0.5492506623268127]","[1.028533697128296, 0.26444581151008606, -0.341381698846817, -0.21701472997665405, -0.18533219397068024, -0.5492506623268127]",1,1,True,"['A', 'B']","['A', 'B']"
5a8b1fc955429971feec4643::active_set_pack_b,5a8b1fc955429971feec4643,"['A', 'B', 'C', 'D', 'E', 'F']","[1, 1, 0, 0, 0, 0]","[1.1750805377960205, 0.10494748502969742, -0.5343352556228638, -0.20348471403121948, -0.1861141324043274, -0.35609424114227295]","[1.1750805377960205, 0.10494748502969742, -0.5343352556228638, -0.20348471403121948, -0.1861141324043274, -0.35609424114227295]","[1.1750805377960205, 0.10494748502969742, -0.5343352556228638, -0.20348471403121948, -0.1861141324043274, -0.35609424114227295]",1,1,True,"['A', 'B']","['A', 'B']"
5a8add645542992d82986fb5::working_set_pack_a,5a8add645542992d82986fb5,"['A', 'B', 'C', 'D', 'E', 'F']","[0, 0, 0, 1, 0, 1]","[0.08219636976718903, 0.7141110897064209, -1.3143597841262817, 0.30913883447647095, 0.04429100081324577, 0.16462279856204987]","[0.08219636976718903, 0.7141110897064209, -1.3143597841262817, 0.30913883447647095, 0.04429100081324577, 0.16462279856204987]","[0.08219636976718903, 0.7141110897064209, -1.3143597841262817, 0.30913883447647095, 0.04429100081324577, 0.16462279856204987]",1,1,False,"['A', 'B']","['D', 'F']"
5a8add645542992d82986fb5::active_set_pack_a,5a8add645542992d82986fb5,"['A', 'B', 'C', 'D', 'E', 'F']","[0, 0, 0, 1, 0, 1]","[-0.21854844689369202, 1.2874937057495117, -0.8975138664245605, 0.1603708416223526, -0.21325820684432983, -0.11854385584592819]","[-0.21854844689369202, 1.2874937057495117, -0.8975138664245605, 0.1603708416223526, -0.21325820684432983, -0.11854385584592819]","[-0.21854844689369202, 1.2874937057495117, -0.8975138664245605, 0.1603708416223526, -0.21325820684432983, -0.11854385584592819]",1,1,False,"['A', 'B']","['D', 'F']"
5a8add645542992d82986fb5::working_set_pack_b,5a8add645542992d82986fb5,"['A', 'B', 'C', 'D', 'E', 'F']","[0, 0, 0, 1, 0, 1]","[0.1416744738817215, 0.7733612656593323, -1.610027551651001, 0.3435920774936676, 0.14198775589466095, 0.20941203832626343]","[0.1416744738817215, 0.7733612656593323, -1.610027551651001, 0.3435920774936676, 0.14198775589466095, 0.20941203832626343]","[0.1416744738817215, 0.7733612656593323, -1.610027551651001, 0.3435920774936676, 0.14198775589466095, 0.20941203832626343]",1,1,False,"['A', 'B']","['D', 'F']"
5a8add645542992d82986fb5::active_set_pack_b,5a8add645542992d82986fb5,"['A', 'B', 'C', 'D', 'E', 'F']","[0, 0, 0, 1, 0, 1]","[0.15667307376861572, 0.8614170551300049, -1.808214545249939, 0.3575613796710968, 0.17537163197994232, 0.25719180703163147]","[0.15667307376861572, 0.8614170551300049, -1.808214545249939, 0.3575613796710968, 0.17537163197994232, 0.25719180703163147]","[0.15667307376861572, 0.8614170551300049, -1.808214545249939, 0.3575613796710968, 0.17537163197994232, 0.25719180703163147]",1,1,False,"['A', 'B']","['D', 'F']"
5a754aa455429916b01642e3::working_set_pack_a,5a754aa455429916b01642e3,"['A', 'B', 'C', 'D', 'E', 'F']","[0, 0, 1, 1, 0, 0]","[-0.48852992057800293, -0.3783631920814514, 1.5981236696243286, -0.09457463771104813, -0.36832794547080994, -0.26832783222198486]","[-0.48852992057800293, -0.3783631920814514, 1.5981236696243286, -0.09457463771104813, -0.36832794547080994, -0.26832783222198486]","[-0.48852992057800293, -0.3783631920814514, 1.5981236696243286, -0.09457463771104813, -0.36832794547080994, -0.26832783222198486]",1,1,False,"['A', 'C']","['C', 'D']"
5a754aa455429916b01642e3::active_set_pack_a,5a754aa455429916b01642e3,"['A', 'B', 'C', 'D', 'E', 'F']","[0, 0, 1, 1, 0, 0]","[-0.44255271553993225, -0.4312283992767334, 1.552610993385315, -0.11607560515403748, -0.30483338236808777, -0.2579212784767151]","[-0.44255271553993225, -0.4312283992767334, 1.552610993385315, -0.11607560515403748, -0.30483338236808777, -0.2579212784767151]","[-0.44255271553993225, -0.4312283992767334, 1.552610993385315, -0.11607560515403748, -0.30483338236808777, -0.2579212784767151]",1,1,False,"['A', 'C']","['C', 'D']"
5a754aa455429916b01642e3::working_set_pack_b,5a754aa455429916b01642e3,"['A', 'B', 'C', 'D', 'E', 'F']","[0, 0, 1, 1, 0, 0]","[-0.5458599328994751, -0.3271981477737427, 1.4054871797561646, -0.06479775160551071, -0.2525184154510498, -0.21511244773864746]","[-0.5458599328994751, -0.3271981477737427, 1.4054871797561646, -0.06479775160551071, -0.2525184154510498, -0.21511244773864746]","[-0.5458599328994751, -0.3271981477737427, 1.4054871797561646, -0.06479775160551071, -0.2525184154510498, -0.21511244773864746]",1,1,False,"['A', 'C']","['C', 'D']"
5a754aa455429916b01642e3::active_set_pack_b,5a754aa455429916b01642e3,"['A', 'B', 'C', 'D', 'E', 'F']","[0, 0, 1, 1, 0, 0]","[-0.7739152312278748, -0.44077539443969727, 1.489863395690918, 0.030191591009497643, -0.18660868704319, -0.11875610798597336]","[-0.7739152312278748, -0.44077539443969727, 1.489863395690918, 0.030191591009497643, -0.18660868704319, -0.11875610798597336]","[-0.7739152312278748, -0.44077539443969727, 1.489863395690918, 0.030191591009497643, -0.18660868704319, -0.11875610798597336]",1,1,False,"['A', 'C']","['C', 'D']"
5abad3395542996cc5e49e9f::working_set_pack_a,5abad3395542996cc5e49e9f,"['A', 'B', 'C', 'D', 'E', 'F']","[1, 0, 0, 0, 1, 0]","[0.7587695121765137, -1.5938537120819092, -0.16081896424293518, 0.3415696322917938, 0.36995214223861694, 0.28438088297843933]","[0.7587695121765137, -1.5938537120819092, -0.16081896424293518, 0.3415696322917938, 0.36995214223861694, 0.28438088297843933]","[0.7587695121765137, -1.5938537120819092, -0.16081896424293518, 0.3415696322917938, 0.36995214223861694, 0.28438088297843933]",1,1,True,"['A', 'E']","['A', 'E']"
5abad3395542996cc5e49e9f::active_set_pack_a,5abad3395542996cc5e49e9f,"['A', 'B', 'C', 'D', 'E', 'F']","[1, 0, 0, 0, 1, 0]","[0.8265267014503479, -1.5151253938674927, -0.17147795855998993, 0.263568639755249, 0.34929078817367554, 0.2472163587808609]","[0.8265267014503479, -1.5151253938674927, -0.17147795855998993, 0.263568639755249, 0.34929078817367554, 0.2472163587808609]","[0.8265267014503479, -1.5151253938674927, -0.17147795855998993, 0.263568639755249, 0.34929078817367554, 0.2472163587808609]",1,1,True,"['A', 'E']","['A', 'E']"
5abad3395542996cc5e49e9f::working_set_pack_b,5abad3395542996cc5e49e9f,"['A', 'B', 'C', 'D', 'E', 'F']","[1, 0, 0, 0, 1, 0]","[0.6278771758079529, -1.5112056732177734, 0.022356918081641197, 0.26887694001197815, 0.3375978171825409, 0.25449681282043457]","[0.6278771758079529, -1.5112056732177734, 0.022356918081641197, 0.26887694001197815, 0.3375978171825409, 0.25449681282043457]","[0.6278771758079529, -1.5112056732177734, 0.022356918081641197, 0.26887694001197815, 0.3375978171825409, 0.25449681282043457]",1,1,True,"['A', 'E']","['A', 'E']"
5abad3395542996cc5e49e9f::active_set_pack_b,5abad3395542996cc5e49e9f,"['A', 'B', 'C', 'D', 'E', 'F']","[1, 0, 0, 0, 1, 0]","[0.9005046486854553, -1.6647709608078003, -0.08162423223257065, 0.24568061530590057, 0.3636918365955353, 0.23651760816574097]","[0.9005046486854553, -1.6647709608078003, -0.08162423223257065, 0.24568061530590057, 0.3636918365955353, 0.23651760816574097]","[0.9005046486854553, -1.6647709608078003, -0.08162423223257065, 0.24568061530590057, 0.3636918365955353, 0.23651760816574097]",1,1,True,"['A', 'E']","['A', 'E']"
