prompt_id,example_id,pca_auc,norm_auc,pca_top2_correct,norm_top2_correct,pca_variance_explained
5aba6de555429955dce3ee1d::working_set_pack_a,5aba6de555429955dce3ee1d,1.0,1.0,True,True,"[0.9023606777191162, 0.05414802208542824, 0.03295081853866577]"
5aba6de555429955dce3ee1d::active_set_pack_a,5aba6de555429955dce3ee1d,1.0,1.0,True,True,"[0.9016497731208801, 0.05854686722159386, 0.02946796640753746]"
5aba6de555429955dce3ee1d::working_set_pack_b,5aba6de555429955dce3ee1d,1.0,1.0,True,True,"[0.8095883131027222, 0.12250793725252151, 0.05401083454489708]"
5aba6de555429955dce3ee1d::active_set_pack_b,5aba6de555429955dce3ee1d,1.0,1.0,True,True,"[0.8037281036376953, 0.11638850718736649, 0.05667669698596001]"
5ae0abf655429945ae95940d::working_set_pack_a,5ae0abf655429945ae95940d,1.0,1.0,True,True,"[0.6452822685241699, 0.1914113610982895, 0.09900110214948654]"
5ae0abf655429945ae95940d::active_set_pack_a,5ae0abf655429945ae95940d,1.0,1.0,True,True,"[0.664225161075592, 0.18734872341156006, 0.10154121369123459]"
5ae0abf655429945ae95940d::working_set_pack_b,5ae0abf655429945ae95940d,1.0,1.0,True,True,"[0.6768093705177307, 0.16653771698474884, 0.07286694645881653]"
5ae0abf655429945ae95940d::active_set_pack_b,5ae0abf655429945ae95940d,1.0,1.0,True,True,"[0.6363261342048645, 0.18055742979049683, 0.09764713793992996]"
5a7ba64c5542995eb53be97b::working_set_pack_a,5a7ba64c5542995eb53be97b,1.0,1.0,True,True,"[0.43674781918525696, 0.3597968816757202, 0.14360998570919037]"
5a7ba64c5542995eb53be97b::active_set_pack_a,5a7ba64c5542995eb53be97b,1.0,1.0,True,True,"[0.4715237319469452, 0.3204489052295685, 0.1458873301744461]"
5a7ba64c5542995eb53be97b::working_set_pack_b,5a7ba64c5542995eb53be97b,1.0,1.0,True,True,"[0.4596962034702301, 0.30379724502563477, 0.18743343651294708]"
5a7ba64c5542995eb53be97b::active_set_pack_b,5a7ba64c5542995eb53be97b,1.0,1.0,True,True,"[0.4427187740802765, 0.35055598616600037, 0.15425199270248413]"
5a8f20d655429924144829dc::working_set_pack_a,5a8f20d655429924144829dc,1.0,1.0,True,True,"[0.4803905487060547, 0.29911381006240845, 0.10515934973955154]"
5a8f20d655429924144829dc::active_set_pack_a,5a8f20d655429924144829dc,1.0,1.0,True,True,"[0.5267011523246765, 0.27062976360321045, 0.09646061807870865]"
5a8f20d655429924144829dc::working_set_pack_b,5a8f20d655429924144829dc,1.0,1.0,True,True,"[0.47845086455345154, 0.28728213906288147, 0.10854558646678925]"
5a8f20d655429924144829dc::active_set_pack_b,5a8f20d655429924144829dc,1.0,1.0,True,True,"[0.4687515199184418, 0.3197356164455414, 0.08864353597164154]"
5ae70f035542991bbc9761b1::working_set_pack_a,5ae70f035542991bbc9761b1,1.0,0.75,True,False,"[0.3598271608352661, 0.30253860354423523, 0.2527013123035431]"
5ae70f035542991bbc9761b1::active_set_pack_a,5ae70f035542991bbc9761b1,1.0,0.75,True,False,"[0.4157222807407379, 0.2613140344619751, 0.24505791068077087]"
5ae70f035542991bbc9761b1::working_set_pack_b,5ae70f035542991bbc9761b1,1.0,1.0,True,True,"[0.33934691548347473, 0.3106689453125, 0.2558498680591583]"
5ae70f035542991bbc9761b1::active_set_pack_b,5ae70f035542991bbc9761b1,1.0,1.0,True,True,"[0.4107680320739746, 0.3200130760669708, 0.19355690479278564]"
5ae0af9a5542993d6555ec17::working_set_pack_a,5ae0af9a5542993d6555ec17,1.0,1.0,True,True,"[0.557212769985199, 0.3140428066253662, 0.08795410394668579]"
5ae0af9a5542993d6555ec17::active_set_pack_a,5ae0af9a5542993d6555ec17,1.0,1.0,True,True,"[0.5616238117218018, 0.3088362514972687, 0.08686038106679916]"
5ae0af9a5542993d6555ec17::working_set_pack_b,5ae0af9a5542993d6555ec17,1.0,1.0,True,True,"[0.5715596675872803, 0.2596941292285919, 0.11354435235261917]"
5ae0af9a5542993d6555ec17::active_set_pack_b,5ae0af9a5542993d6555ec17,1.0,1.0,True,True,"[0.5372902154922485, 0.3173048794269562, 0.10472338646650314]"
5a76b649554299373536017f::working_set_pack_a,5a76b649554299373536017f,1.0,1.0,True,True,"[0.527922511100769, 0.4062216281890869, 0.04328478127717972]"
5a76b649554299373536017f::active_set_pack_a,5a76b649554299373536017f,1.0,1.0,True,True,"[0.5335711240768433, 0.4005753993988037, 0.043300874531269073]"
5a76b649554299373536017f::working_set_pack_b,5a76b649554299373536017f,1.0,1.0,True,True,"[0.5663532018661499, 0.3482518494129181, 0.05812598764896393]"
5a76b649554299373536017f::active_set_pack_b,5a76b649554299373536017f,1.0,1.0,True,True,"[0.5478876233100891, 0.3650115132331848, 0.06296255439519882]"
5a778e1b5542995d831811c5::working_set_pack_a,5a778e1b5542995d831811c5,1.0,1.0,True,True,"[0.47413724660873413, 0.3954037129878998, 0.07297027856111526]"
5a778e1b5542995d831811c5::active_set_pack_a,5a778e1b5542995d831811c5,1.0,1.0,True,True,"[0.4760822057723999, 0.3969391882419586, 0.0699475109577179]"
5a778e1b5542995d831811c5::working_set_pack_b,5a778e1b5542995d831811c5,1.0,1.0,True,True,"[0.48493874073028564, 0.39563167095184326, 0.06560295820236206]"
5a778e1b5542995d831811c5::active_set_pack_b,5a778e1b5542995d831811c5,1.0,1.0,True,True,"[0.6776335835456848, 0.22643853724002838, 0.06601080298423767]"
5a7a0d665542990783324e14::working_set_pack_a,5a7a0d665542990783324e14,1.0,1.0,True,True,"[0.6454014778137207, 0.22263340651988983, 0.07773643732070923]"
5a7a0d665542990783324e14::active_set_pack_a,5a7a0d665542990783324e14,1.0,1.0,True,True,"[0.6714999079704285, 0.20613963901996613, 0.06885810941457748]"
5a7a0d665542990783324e14::working_set_pack_b,5a7a0d665542990783324e14,0.875,1.0,False,True,"[0.7016014456748962, 0.17372049391269684, 0.06014535576105118]"
5a7a0d665542990783324e14::active_set_pack_b,5a7a0d665542990783324e14,0.875,1.0,False,True,"[0.663805365562439, 0.1915052831172943, 0.069777712225914]"
5a82411055429940e5e1a815::working_set_pack_a,5a82411055429940e5e1a815,1.0,1.0,True,True,"[0.8941011428833008, 0.07273431867361069, 0.015603178180754185]"
5a82411055429940e5e1a815::active_set_pack_a,5a82411055429940e5e1a815,1.0,1.0,True,True,"[0.9123296737670898, 0.06104196608066559, 0.012351162731647491]"
5a82411055429940e5e1a815::working_set_pack_b,5a82411055429940e5e1a815,1.0,1.0,True,True,"[0.8732277750968933, 0.09454397112131119, 0.01603681594133377]"
5a82411055429940e5e1a815::active_set_pack_b,5a82411055429940e5e1a815,1.0,1.0,True,True,"[0.8977652788162231, 0.07897018641233444, 0.01029480341821909]"
5a7c7a8f55429907fabeef9c::working_set_pack_a,5a7c7a8f55429907fabeef9c,1.0,0.75,True,False,"[0.8847119808197021, 0.06264374405145645, 0.03144971281290054]"
5a7c7a8f55429907fabeef9c::active_set_pack_a,5a7c7a8f55429907fabeef9c,1.0,0.75,True,False,"[0.8810484409332275, 0.06377000361680984, 0.032234322279691696]"
5a7c7a8f55429907fabeef9c::working_set_pack_b,5a7c7a8f55429907fabeef9c,0.875,0.75,False,False,"[0.8944212794303894, 0.05830806866288185, 0.029115792363882065]"
5a7c7a8f55429907fabeef9c::active_set_pack_b,5a7c7a8f55429907fabeef9c,1.0,0.875,True,False,"[0.8709192276000977, 0.06499193608760834, 0.037756387144327164]"
5a73589d55429901807dafd1::working_set_pack_a,5a73589d55429901807dafd1,1.0,1.0,True,True,"[0.5951845645904541, 0.3209226429462433, 0.05411999672651291]"
5a73589d55429901807dafd1::active_set_pack_a,5a73589d55429901807dafd1,1.0,1.0,True,True,"[0.6056984066963196, 0.3073321282863617, 0.06063413619995117]"
5a73589d55429901807dafd1::working_set_pack_b,5a73589d55429901807dafd1,1.0,1.0,True,True,"[0.6119566559791565, 0.2938300669193268, 0.059824515134096146]"
5a73589d55429901807dafd1::active_set_pack_b,5a73589d55429901807dafd1,1.0,1.0,True,True,"[0.5259622931480408, 0.36726510524749756, 0.08140147477388382]"
5add624c5542992200553adf::working_set_pack_a,5add624c5542992200553adf,1.0,1.0,True,True,"[0.5985887050628662, 0.21551942825317383, 0.1019330844283104]"
5add624c5542992200553adf::active_set_pack_a,5add624c5542992200553adf,1.0,1.0,True,True,"[0.6868289709091187, 0.1650008112192154, 0.0857795849442482]"
5add624c5542992200553adf::working_set_pack_b,5add624c5542992200553adf,1.0,1.0,True,True,"[0.6105278730392456, 0.22635044157505035, 0.09025650471448898]"
5add624c5542992200553adf::active_set_pack_b,5add624c5542992200553adf,1.0,1.0,True,True,"[0.522638738155365, 0.2979758381843567, 0.1148032695055008]"
5ade14735542990dbb2f7f49::working_set_pack_a,5ade14735542990dbb2f7f49,1.0,1.0,True,True,"[0.9376206398010254, 0.03434954956173897, 0.023590359836816788]"
5ade14735542990dbb2f7f49::active_set_pack_a,5ade14735542990dbb2f7f49,1.0,1.0,True,True,"[0.9333423376083374, 0.03584244102239609, 0.026060957461595535]"
5ade14735542990dbb2f7f49::working_set_pack_b,5ade14735542990dbb2f7f49,1.0,1.0,True,True,"[0.9154505729675293, 0.05597316101193428, 0.0230147372931242]"
5ade14735542990dbb2f7f49::active_set_pack_b,5ade14735542990dbb2f7f49,1.0,1.0,True,True,"[0.9182364344596863, 0.05168118700385094, 0.024021277204155922]"
5ade18635542997c77aded3e::working_set_pack_a,5ade18635542997c77aded3e,1.0,1.0,True,True,"[0.9682641625404358, 0.013769544661045074, 0.008913648314774036]"
5ade18635542997c77aded3e::active_set_pack_a,5ade18635542997c77aded3e,1.0,1.0,True,True,"[0.9754137396812439, 0.009020974859595299, 0.006635974161326885]"
5ade18635542997c77aded3e::working_set_pack_b,5ade18635542997c77aded3e,1.0,1.0,True,True,"[0.9134808778762817, 0.044242724776268005, 0.0223479475826025]"
5ade18635542997c77aded3e::active_set_pack_b,5ade18635542997c77aded3e,1.0,1.0,True,True,"[0.9498540163040161, 0.020657483488321304, 0.014780780300498009]"
5ab1c5cb554299722f9b4c61::working_set_pack_a,5ab1c5cb554299722f9b4c61,1.0,1.0,True,True,"[0.4500811994075775, 0.3771558105945587, 0.10776552557945251]"
5ab1c5cb554299722f9b4c61::active_set_pack_a,5ab1c5cb554299722f9b4c61,1.0,1.0,True,True,"[0.47022145986557007, 0.37126168608665466, 0.09228171408176422]"
5ab1c5cb554299722f9b4c61::working_set_pack_b,5ab1c5cb554299722f9b4c61,1.0,1.0,True,True,"[0.5189386010169983, 0.34265339374542236, 0.08817478269338608]"
5ab1c5cb554299722f9b4c61::active_set_pack_b,5ab1c5cb554299722f9b4c61,1.0,1.0,True,True,"[0.7082667350769043, 0.1889292299747467, 0.05629787966609001]"
5ae73a195542991e8301cbfd::working_set_pack_a,5ae73a195542991e8301cbfd,1.0,1.0,True,True,"[0.7687608599662781, 0.15193189680576324, 0.04906998574733734]"
5ae73a195542991e8301cbfd::active_set_pack_a,5ae73a195542991e8301cbfd,1.0,1.0,True,True,"[0.832300066947937, 0.10094764083623886, 0.04117857292294502]"
5ae73a195542991e8301cbfd::working_set_pack_b,5ae73a195542991e8301cbfd,1.0,1.0,True,True,"[0.6556699275970459, 0.20434395968914032, 0.08526429533958435]"
5ae73a195542991e8301cbfd::active_set_pack_b,5ae73a195542991e8301cbfd,1.0,1.0,True,True,"[0.7541986107826233, 0.10675808042287827, 0.08682204782962799]"
5ab55478554299488d4d993d::working_set_pack_a,5ab55478554299488d4d993d,1.0,1.0,True,True,"[0.667609453201294, 0.2099720686674118, 0.08279898762702942]"
5ab55478554299488d4d993d::active_set_pack_a,5ab55478554299488d4d993d,0.875,1.0,False,True,"[0.6405094861984253, 0.17089714109897614, 0.1507030576467514]"
5ab55478554299488d4d993d::working_set_pack_b,5ab55478554299488d4d993d,0.875,1.0,False,True,"[0.6900842189788818, 0.14926694333553314, 0.10498665273189545]"
5ab55478554299488d4d993d::active_set_pack_b,5ab55478554299488d4d993d,0.875,0.875,False,False,"[0.7610775828361511, 0.11121787130832672, 0.08169012516736984]"
5ab373d6554299233954ff53::working_set_pack_a,5ab373d6554299233954ff53,1.0,1.0,True,True,"[0.7444217801094055, 0.16460108757019043, 0.04726172238588333]"
5ab373d6554299233954ff53::active_set_pack_a,5ab373d6554299233954ff53,1.0,1.0,True,True,"[0.7656911015510559, 0.13269689679145813, 0.05093112960457802]"
5ab373d6554299233954ff53::working_set_pack_b,5ab373d6554299233954ff53,1.0,1.0,True,True,"[0.5654627680778503, 0.24828869104385376, 0.1142919510602951]"
5ab373d6554299233954ff53::active_set_pack_b,5ab373d6554299233954ff53,1.0,1.0,True,True,"[0.6764254570007324, 0.18964619934558868, 0.07864470034837723]"
5a7a8dab554299042af8f66a::working_set_pack_a,5a7a8dab554299042af8f66a,1.0,0.75,True,False,"[0.7588487863540649, 0.14204686880111694, 0.049734730273485184]"
5a7a8dab554299042af8f66a::active_set_pack_a,5a7a8dab554299042af8f66a,0.875,0.75,False,False,"[0.7644019722938538, 0.12989747524261475, 0.0615667998790741]"
5a7a8dab554299042af8f66a::working_set_pack_b,5a7a8dab554299042af8f66a,1.0,0.875,True,False,"[0.6353282332420349, 0.24512961506843567, 0.07926174253225327]"
5a7a8dab554299042af8f66a::active_set_pack_b,5a7a8dab554299042af8f66a,0.875,0.875,False,False,"[0.6488289833068848, 0.2057066559791565, 0.09850648045539856]"
5ab3020e55429976abd1bc1a::working_set_pack_a,5ab3020e55429976abd1bc1a,1.0,0.875,True,False,"[0.4581174850463867, 0.2852958142757416, 0.2213270664215088]"
5ab3020e55429976abd1bc1a::active_set_pack_a,5ab3020e55429976abd1bc1a,1.0,1.0,True,True,"[0.5176499485969543, 0.2582234740257263, 0.1884007304906845]"
5ab3020e55429976abd1bc1a::working_set_pack_b,5ab3020e55429976abd1bc1a,1.0,0.75,True,False,"[0.47201260924339294, 0.37741395831108093, 0.11630088090896606]"
5ab3020e55429976abd1bc1a::active_set_pack_b,5ab3020e55429976abd1bc1a,0.875,0.75,False,False,"[0.4992752969264984, 0.39572674036026, 0.0725788101553917]"
5ae726a1554299572ea54738::working_set_pack_a,5ae726a1554299572ea54738,1.0,1.0,True,True,"[0.7558826804161072, 0.21695294976234436, 0.014196343719959259]"
5ae726a1554299572ea54738::active_set_pack_a,5ae726a1554299572ea54738,1.0,1.0,True,True,"[0.734856903553009, 0.23886781930923462, 0.013365907594561577]"
5ae726a1554299572ea54738::working_set_pack_b,5ae726a1554299572ea54738,1.0,1.0,True,True,"[0.7367802858352661, 0.21795466542243958, 0.023133762180805206]"
5ae726a1554299572ea54738::active_set_pack_b,5ae726a1554299572ea54738,1.0,1.0,True,True,"[0.7189455628395081, 0.2445293813943863, 0.019333653151988983]"
5a8b10c655429949d91db49c::working_set_pack_a,5a8b10c655429949d91db49c,1.0,1.0,True,True,"[0.4033251404762268, 0.36933547258377075, 0.1303143948316574]"
5a8b10c655429949d91db49c::active_set_pack_a,5a8b10c655429949d91db49c,1.0,1.0,True,True,"[0.4249344766139984, 0.4009677469730377, 0.0978274866938591]"
5a8b10c655429949d91db49c::working_set_pack_b,5a8b10c655429949d91db49c,1.0,1.0,True,True,"[0.5360473394393921, 0.23882989585399628, 0.12950171530246735]"
5a8b10c655429949d91db49c::active_set_pack_b,5a8b10c655429949d91db49c,1.0,1.0,True,True,"[0.46722856163978577, 0.35679489374160767, 0.10369159281253815]"
5ab3f9b95542992ade7c6f09::working_set_pack_a,5ab3f9b95542992ade7c6f09,1.0,1.0,True,True,"[0.4589201807975769, 0.4273434579372406, 0.07118850946426392]"
5ab3f9b95542992ade7c6f09::active_set_pack_a,5ab3f9b95542992ade7c6f09,1.0,1.0,True,True,"[0.5239810943603516, 0.384955495595932, 0.05691603943705559]"
5ab3f9b95542992ade7c6f09::working_set_pack_b,5ab3f9b95542992ade7c6f09,1.0,0.75,True,False,"[0.36805981397628784, 0.30376237630844116, 0.25952938199043274]"
5ab3f9b95542992ade7c6f09::active_set_pack_b,5ab3f9b95542992ade7c6f09,1.0,1.0,True,True,"[0.4743803143501282, 0.26792818307876587, 0.165650874376297]"
5ade45ed554299728e26c699::working_set_pack_a,5ade45ed554299728e26c699,1.0,1.0,True,True,"[0.5907617807388306, 0.3369656503200531, 0.04229675233364105]"
5ade45ed554299728e26c699::active_set_pack_a,5ade45ed554299728e26c699,1.0,1.0,True,True,"[0.5937361121177673, 0.3259928524494171, 0.040656719356775284]"
5ade45ed554299728e26c699::working_set_pack_b,5ade45ed554299728e26c699,1.0,1.0,True,True,"[0.5416855812072754, 0.39246535301208496, 0.033342208713293076]"
5ade45ed554299728e26c699::active_set_pack_b,5ade45ed554299728e26c699,1.0,1.0,True,True,"[0.5692551136016846, 0.36960068345069885, 0.03138502687215805]"
5adc432d55429944faac24a1::working_set_pack_a,5adc432d55429944faac24a1,1.0,1.0,True,True,"[0.6746521592140198, 0.1651207059621811, 0.09920363873243332]"
5adc432d55429944faac24a1::active_set_pack_a,5adc432d55429944faac24a1,1.0,1.0,True,True,"[0.6945023536682129, 0.17376713454723358, 0.06638185679912567]"
5adc432d55429944faac24a1::working_set_pack_b,5adc432d55429944faac24a1,1.0,1.0,True,True,"[0.6427700519561768, 0.19718381762504578, 0.09329401701688766]"
5adc432d55429944faac24a1::active_set_pack_b,5adc432d55429944faac24a1,1.0,1.0,True,True,"[0.5998449325561523, 0.21982882916927338, 0.1084568053483963]"
5adcf98255429947343537e9::working_set_pack_a,5adcf98255429947343537e9,0.875,0.75,False,False,"[0.9357373118400574, 0.03039412759244442, 0.018003014847636223]"
5adcf98255429947343537e9::active_set_pack_a,5adcf98255429947343537e9,0.875,0.75,False,False,"[0.9416537880897522, 0.030547361820936203, 0.014128278940916061]"
5adcf98255429947343537e9::working_set_pack_b,5adcf98255429947343537e9,1.0,0.75,True,False,"[0.9081982970237732, 0.04256121441721916, 0.028229059651494026]"
5adcf98255429947343537e9::active_set_pack_b,5adcf98255429947343537e9,1.0,0.75,True,False,"[0.9047082662582397, 0.05168469622731209, 0.02387050725519657]"
5ab285d0554299340b5254fa::working_set_pack_a,5ab285d0554299340b5254fa,1.0,1.0,True,True,"[0.9503533244132996, 0.019325148314237595, 0.017646068707108498]"
5ab285d0554299340b5254fa::active_set_pack_a,5ab285d0554299340b5254fa,1.0,1.0,True,True,"[0.9449034929275513, 0.022895172238349915, 0.01821591891348362]"
5ab285d0554299340b5254fa::working_set_pack_b,5ab285d0554299340b5254fa,1.0,1.0,True,True,"[0.9505700469017029, 0.020205793902277946, 0.01669212616980076]"
5ab285d0554299340b5254fa::active_set_pack_b,5ab285d0554299340b5254fa,1.0,1.0,True,True,"[0.9383346438407898, 0.02680489607155323, 0.021167444065213203]"
5a7317535542994cef4bc450::working_set_pack_a,5a7317535542994cef4bc450,1.0,1.0,True,True,"[0.47413408756256104, 0.38938936591148376, 0.10394609719514847]"
5a7317535542994cef4bc450::active_set_pack_a,5a7317535542994cef4bc450,1.0,1.0,True,True,"[0.4669022262096405, 0.37627047300338745, 0.12363030016422272]"
5a7317535542994cef4bc450::working_set_pack_b,5a7317535542994cef4bc450,1.0,1.0,True,True,"[0.46846598386764526, 0.41410794854164124, 0.08900751918554306]"
5a7317535542994cef4bc450::active_set_pack_b,5a7317535542994cef4bc450,1.0,1.0,True,True,"[0.5236818790435791, 0.3665258586406708, 0.07403252273797989]"
5a8d15b75542994ba4e3dbea::working_set_pack_a,5a8d15b75542994ba4e3dbea,0.875,1.0,False,True,"[0.8304226994514465, 0.11312565952539444, 0.04782664403319359]"
5a8d15b75542994ba4e3dbea::active_set_pack_a,5a8d15b75542994ba4e3dbea,1.0,1.0,True,True,"[0.8136801719665527, 0.15848498046398163, 0.018005112186074257]"
5a8d15b75542994ba4e3dbea::working_set_pack_b,5a8d15b75542994ba4e3dbea,1.0,1.0,True,True,"[0.7752280831336975, 0.1792418509721756, 0.03246711567044258]"
5a8d15b75542994ba4e3dbea::active_set_pack_b,5a8d15b75542994ba4e3dbea,1.0,1.0,True,True,"[0.7682411670684814, 0.20225952565670013, 0.018392663449048996]"
5a903a4855429933b8a204a9::working_set_pack_a,5a903a4855429933b8a204a9,1.0,1.0,True,True,"[0.5964807868003845, 0.3507049083709717, 0.02761761099100113]"
5a903a4855429933b8a204a9::active_set_pack_a,5a903a4855429933b8a204a9,1.0,1.0,True,True,"[0.6025686860084534, 0.34886690974235535, 0.02391437627375126]"
5a903a4855429933b8a204a9::working_set_pack_b,5a903a4855429933b8a204a9,1.0,1.0,True,True,"[0.5677509307861328, 0.37446945905685425, 0.029061496257781982]"
5a903a4855429933b8a204a9::active_set_pack_b,5a903a4855429933b8a204a9,1.0,1.0,True,True,"[0.6172199845314026, 0.32752296328544617, 0.02971690334379673]"
5abae247554299660624165c::working_set_pack_a,5abae247554299660624165c,1.0,1.0,True,True,"[0.6995033025741577, 0.2756538689136505, 0.010472523979842663]"
5abae247554299660624165c::active_set_pack_a,5abae247554299660624165c,1.0,1.0,True,True,"[0.698527455329895, 0.27687516808509827, 0.0116584412753582]"
5abae247554299660624165c::working_set_pack_b,5abae247554299660624165c,1.0,1.0,True,True,"[0.6252278685569763, 0.3527885377407074, 0.010104622691869736]"
5abae247554299660624165c::active_set_pack_b,5abae247554299660624165c,1.0,1.0,True,True,"[0.815608561038971, 0.1662350594997406, 0.009442257694900036]"
5a8113ca55429938b61422ab::working_set_pack_a,5a8113ca55429938b61422ab,0.875,0.875,False,False,"[0.3931063115596771, 0.2844754457473755, 0.24152828752994537]"
5a8113ca55429938b61422ab::active_set_pack_a,5a8113ca55429938b61422ab,1.0,0.75,True,False,"[0.3274292051792145, 0.31819310784339905, 0.27148303389549255]"
5a8113ca55429938b61422ab::working_set_pack_b,5a8113ca55429938b61422ab,1.0,0.75,True,False,"[0.40591078996658325, 0.25889313220977783, 0.23503518104553223]"
5a8113ca55429938b61422ab::active_set_pack_b,5a8113ca55429938b61422ab,1.0,0.75,True,False,"[0.47964704036712646, 0.2183949500322342, 0.20157253742218018]"
5abb1cc55542992ccd8e7f16::working_set_pack_a,5abb1cc55542992ccd8e7f16,1.0,1.0,True,True,"[0.5485832691192627, 0.3870862126350403, 0.03852391988039017]"
5abb1cc55542992ccd8e7f16::active_set_pack_a,5abb1cc55542992ccd8e7f16,1.0,1.0,True,True,"[0.5583065748214722, 0.37160971760749817, 0.04049905762076378]"
5abb1cc55542992ccd8e7f16::working_set_pack_b,5abb1cc55542992ccd8e7f16,1.0,1.0,True,True,"[0.669043779373169, 0.2554539740085602, 0.03502568602561951]"
5abb1cc55542992ccd8e7f16::active_set_pack_b,5abb1cc55542992ccd8e7f16,1.0,1.0,True,True,"[0.5594015121459961, 0.3597323000431061, 0.045885298401117325]"
5a80df91554299260e20a198::working_set_pack_a,5a80df91554299260e20a198,1.0,1.0,True,True,"[0.5660356879234314, 0.3562208116054535, 0.043513327836990356]"
5a80df91554299260e20a198::active_set_pack_a,5a80df91554299260e20a198,1.0,1.0,True,True,"[0.5302707552909851, 0.36144140362739563, 0.07681196928024292]"
5a80df91554299260e20a198::working_set_pack_b,5a80df91554299260e20a198,1.0,1.0,True,True,"[0.5266013741493225, 0.3342960774898529, 0.10305127501487732]"
5a80df91554299260e20a198::active_set_pack_b,5a80df91554299260e20a198,1.0,1.0,True,True,"[0.4976186752319336, 0.39943575859069824, 0.05608111992478371]"
5a7d549f5542991319bc93ad::working_set_pack_a,5a7d549f5542991319bc93ad,0.75,0.5,False,False,"[0.6940800547599792, 0.11956289410591125, 0.09046807885169983]"
5a7d549f5542991319bc93ad::active_set_pack_a,5a7d549f5542991319bc93ad,0.625,0.5,False,False,"[0.6760188341140747, 0.1395133137702942, 0.09639419615268707]"
5a7d549f5542991319bc93ad::working_set_pack_b,5a7d549f5542991319bc93ad,0.75,0.5,False,False,"[0.6787666082382202, 0.13620877265930176, 0.08849041163921356]"
5a7d549f5542991319bc93ad::active_set_pack_b,5a7d549f5542991319bc93ad,0.75,0.5,False,False,"[0.7705355286598206, 0.09529562294483185, 0.06762173026800156]"
5ae68e9d55429908198fa60e::working_set_pack_a,5ae68e9d55429908198fa60e,1.0,1.0,True,True,"[0.7534645199775696, 0.12802809476852417, 0.05520249903202057]"
5ae68e9d55429908198fa60e::active_set_pack_a,5ae68e9d55429908198fa60e,1.0,1.0,True,True,"[0.7596831321716309, 0.12016598135232925, 0.05506802722811699]"
5ae68e9d55429908198fa60e::working_set_pack_b,5ae68e9d55429908198fa60e,0.875,1.0,False,True,"[0.67103111743927, 0.169945627450943, 0.08333791792392731]"
5ae68e9d55429908198fa60e::active_set_pack_b,5ae68e9d55429908198fa60e,0.875,1.0,False,True,"[0.6919972896575928, 0.1636490374803543, 0.07882921397686005]"
5a8285be55429966c78a6a41::working_set_pack_a,5a8285be55429966c78a6a41,1.0,1.0,True,True,"[0.8000598549842834, 0.16322119534015656, 0.01766952872276306]"
5a8285be55429966c78a6a41::active_set_pack_a,5a8285be55429966c78a6a41,1.0,1.0,True,True,"[0.8034855127334595, 0.16253608465194702, 0.015354105271399021]"
5a8285be55429966c78a6a41::working_set_pack_b,5a8285be55429966c78a6a41,1.0,1.0,True,True,"[0.8393041491508484, 0.1294156014919281, 0.011948169209063053]"
5a8285be55429966c78a6a41::active_set_pack_b,5a8285be55429966c78a6a41,1.0,1.0,True,True,"[0.7303443551063538, 0.21914485096931458, 0.021134020760655403]"
5a8e58cb5542990e94052ae0::working_set_pack_a,5a8e58cb5542990e94052ae0,0.875,0.875,False,False,"[0.8705316781997681, 0.05313407629728317, 0.04902571439743042]"
5a8e58cb5542990e94052ae0::active_set_pack_a,5a8e58cb5542990e94052ae0,1.0,0.875,True,False,"[0.8054479360580444, 0.0893840491771698, 0.0705193430185318]"
5a8e58cb5542990e94052ae0::working_set_pack_b,5a8e58cb5542990e94052ae0,0.875,0.75,False,False,"[0.8517347574234009, 0.07035666704177856, 0.04171638935804367]"
5a8e58cb5542990e94052ae0::active_set_pack_b,5a8e58cb5542990e94052ae0,0.875,0.75,False,False,"[0.7634809017181396, 0.08906792104244232, 0.08171825855970383]"
5a72d90d55429901807daf53::working_set_pack_a,5a72d90d55429901807daf53,1.0,1.0,True,True,"[0.8816097378730774, 0.07858514785766602, 0.018266906961798668]"
5a72d90d55429901807daf53::active_set_pack_a,5a72d90d55429901807daf53,1.0,1.0,True,True,"[0.8617311716079712, 0.09341832250356674, 0.022165702655911446]"
5a72d90d55429901807daf53::working_set_pack_b,5a72d90d55429901807daf53,1.0,1.0,True,True,"[0.8175844550132751, 0.132926344871521, 0.028939493000507355]"
5a72d90d55429901807daf53::active_set_pack_b,5a72d90d55429901807daf53,1.0,1.0,True,True,"[0.855102002620697, 0.09417205303907394, 0.03112545795738697]"
5ab6a327554299110f219a45::working_set_pack_a,5ab6a327554299110f219a45,1.0,0.75,True,False,"[0.7428252100944519, 0.21653659641742706, 0.024529779329895973]"
5ab6a327554299110f219a45::active_set_pack_a,5ab6a327554299110f219a45,1.0,0.75,True,False,"[0.7140166759490967, 0.2561059594154358, 0.016484886407852173]"
5ab6a327554299110f219a45::working_set_pack_b,5ab6a327554299110f219a45,1.0,0.75,True,False,"[0.6846941113471985, 0.28380435705184937, 0.01799684949219227]"
5ab6a327554299110f219a45::active_set_pack_b,5ab6a327554299110f219a45,1.0,0.75,True,False,"[0.7789711952209473, 0.19140945374965668, 0.015661628916859627]"
5adc0856554299438c868d0d::working_set_pack_a,5adc0856554299438c868d0d,0.75,0.625,False,False,"[0.8038756251335144, 0.08870586007833481, 0.044394977390766144]"
5adc0856554299438c868d0d::active_set_pack_a,5adc0856554299438c868d0d,0.875,0.75,False,False,"[0.7855567932128906, 0.10348918288946152, 0.04739173501729965]"
5adc0856554299438c868d0d::working_set_pack_b,5adc0856554299438c868d0d,0.875,0.875,False,False,"[0.8363071084022522, 0.06884345412254333, 0.04117888957262039]"
5adc0856554299438c868d0d::active_set_pack_b,5adc0856554299438c868d0d,0.875,0.875,False,False,"[0.877793550491333, 0.052718814462423325, 0.03277594596147537]"
5a7fb04d55429969796c1b24::working_set_pack_a,5a7fb04d55429969796c1b24,1.0,1.0,True,True,"[0.626952588558197, 0.287052720785141, 0.04527515545487404]"
5a7fb04d55429969796c1b24::active_set_pack_a,5a7fb04d55429969796c1b24,1.0,1.0,True,True,"[0.6637279391288757, 0.25970035791397095, 0.04391135647892952]"
5a7fb04d55429969796c1b24::working_set_pack_b,5a7fb04d55429969796c1b24,1.0,1.0,True,True,"[0.6482082605361938, 0.23280702531337738, 0.06919576972723007]"
5a7fb04d55429969796c1b24::active_set_pack_b,5a7fb04d55429969796c1b24,1.0,1.0,True,True,"[0.6349539160728455, 0.27807143330574036, 0.04267139360308647]"
5a790e91554299078472779e::working_set_pack_a,5a790e91554299078472779e,1.0,0.625,True,False,"[0.3172663152217865, 0.2278992086648941, 0.20644590258598328]"
5a790e91554299078472779e::active_set_pack_a,5a790e91554299078472779e,0.875,0.75,False,False,"[0.32777130603790283, 0.3068934977054596, 0.1690129190683365]"
5a790e91554299078472779e::working_set_pack_b,5a790e91554299078472779e,0.875,0.75,False,False,"[0.5430348515510559, 0.22385545074939728, 0.11382189393043518]"
5a790e91554299078472779e::active_set_pack_b,5a790e91554299078472779e,0.875,0.625,False,False,"[0.6300087571144104, 0.14483626186847687, 0.11158948391675949]"
5a759ce25542996c70cfaf0e::working_set_pack_a,5a759ce25542996c70cfaf0e,0.875,0.875,False,False,"[0.8212366700172424, 0.07566981762647629, 0.06278054416179657]"
5a759ce25542996c70cfaf0e::active_set_pack_a,5a759ce25542996c70cfaf0e,0.875,0.875,False,False,"[0.8063203692436218, 0.08413849025964737, 0.06704914569854736]"
5a759ce25542996c70cfaf0e::working_set_pack_b,5a759ce25542996c70cfaf0e,0.875,1.0,False,True,"[0.8094583749771118, 0.0824567899107933, 0.055604659020900726]"
5a759ce25542996c70cfaf0e::active_set_pack_b,5a759ce25542996c70cfaf0e,0.875,1.0,False,True,"[0.7842158675193787, 0.12097786366939545, 0.045412421226501465]"
5ae3e9995542995dadf24247::working_set_pack_a,5ae3e9995542995dadf24247,1.0,1.0,True,True,"[0.5057496428489685, 0.4455775022506714, 0.01865505613386631]"
5ae3e9995542995dadf24247::active_set_pack_a,5ae3e9995542995dadf24247,1.0,1.0,True,True,"[0.5108676552772522, 0.4424728453159332, 0.019901519641280174]"
5ae3e9995542995dadf24247::working_set_pack_b,5ae3e9995542995dadf24247,1.0,1.0,True,True,"[0.5252990126609802, 0.4263472855091095, 0.024315020069479942]"
5ae3e9995542995dadf24247::active_set_pack_b,5ae3e9995542995dadf24247,1.0,1.0,True,True,"[0.5697004199028015, 0.3817596435546875, 0.025578467175364494]"
5a73668e55429901807db02e::working_set_pack_a,5a73668e55429901807db02e,1.0,1.0,True,True,"[0.541205883026123, 0.35079893469810486, 0.07234270125627518]"
5a73668e55429901807db02e::active_set_pack_a,5a73668e55429901807db02e,1.0,1.0,True,True,"[0.5018792748451233, 0.3872731328010559, 0.07585889846086502]"
5a73668e55429901807db02e::working_set_pack_b,5a73668e55429901807db02e,1.0,1.0,True,True,"[0.5305920243263245, 0.3418343663215637, 0.08595079928636551]"
5a73668e55429901807db02e::active_set_pack_b,5a73668e55429901807db02e,1.0,1.0,True,True,"[0.5557004809379578, 0.3047768771648407, 0.09698095172643661]"
5a8ba093554299240d9c203f::working_set_pack_a,5a8ba093554299240d9c203f,1.0,1.0,True,True,"[0.8153902292251587, 0.11639919131994247, 0.04779249429702759]"
5a8ba093554299240d9c203f::active_set_pack_a,5a8ba093554299240d9c203f,1.0,1.0,True,True,"[0.854252815246582, 0.08519762754440308, 0.0386827290058136]"
5a8ba093554299240d9c203f::working_set_pack_b,5a8ba093554299240d9c203f,1.0,1.0,True,True,"[0.718567967414856, 0.17669658362865448, 0.07462798804044724]"
5a8ba093554299240d9c203f::active_set_pack_b,5a8ba093554299240d9c203f,1.0,1.0,True,True,"[0.7767642736434937, 0.12825027108192444, 0.07131493091583252]"
5ab6ea2955429954757d33b8::working_set_pack_a,5ab6ea2955429954757d33b8,1.0,1.0,True,True,"[0.6526586413383484, 0.27910369634628296, 0.06316492706537247]"
5ab6ea2955429954757d33b8::active_set_pack_a,5ab6ea2955429954757d33b8,1.0,1.0,True,True,"[0.6454645991325378, 0.27764156460762024, 0.07138710469007492]"
5ab6ea2955429954757d33b8::working_set_pack_b,5ab6ea2955429954757d33b8,1.0,1.0,True,True,"[0.6517081260681152, 0.2988560199737549, 0.04280149191617966]"
5ab6ea2955429954757d33b8::active_set_pack_b,5ab6ea2955429954757d33b8,1.0,1.0,True,True,"[0.5440714359283447, 0.3836306631565094, 0.06772508472204208]"
5ac04545554299294b218f6a::working_set_pack_a,5ac04545554299294b218f6a,1.0,1.0,True,True,"[0.5334225296974182, 0.4204678535461426, 0.02221844345331192]"
5ac04545554299294b218f6a::active_set_pack_a,5ac04545554299294b218f6a,1.0,1.0,True,True,"[0.5338996052742004, 0.42029136419296265, 0.021689504384994507]"
5ac04545554299294b218f6a::working_set_pack_b,5ac04545554299294b218f6a,1.0,1.0,True,True,"[0.605498731136322, 0.31838926672935486, 0.04638197645545006]"
5ac04545554299294b218f6a::active_set_pack_b,5ac04545554299294b218f6a,1.0,1.0,True,True,"[0.5958420634269714, 0.34742847084999084, 0.02691705897450447]"
5abba5e75542992ccd8e7f64::working_set_pack_a,5abba5e75542992ccd8e7f64,1.0,1.0,True,True,"[0.8708301186561584, 0.09109579026699066, 0.028224628418684006]"
5abba5e75542992ccd8e7f64::active_set_pack_a,5abba5e75542992ccd8e7f64,1.0,1.0,True,True,"[0.8557243943214417, 0.1068439707159996, 0.026680225506424904]"
5abba5e75542992ccd8e7f64::working_set_pack_b,5abba5e75542992ccd8e7f64,1.0,1.0,True,True,"[0.8796413540840149, 0.0810464471578598, 0.03160902485251427]"
5abba5e75542992ccd8e7f64::active_set_pack_b,5abba5e75542992ccd8e7f64,1.0,1.0,True,True,"[0.7979906797409058, 0.15466508269309998, 0.03760840371251106]"
5a764234554299109176e6e6::working_set_pack_a,5a764234554299109176e6e6,1.0,0.875,True,False,"[0.8468960523605347, 0.12215776741504669, 0.018261095508933067]"
5a764234554299109176e6e6::active_set_pack_a,5a764234554299109176e6e6,1.0,0.875,True,False,"[0.8179104328155518, 0.14509034156799316, 0.021716196089982986]"
5a764234554299109176e6e6::working_set_pack_b,5a764234554299109176e6e6,1.0,0.75,True,False,"[0.8459945321083069, 0.11063028872013092, 0.02747895009815693]"
5a764234554299109176e6e6::active_set_pack_b,5a764234554299109176e6e6,1.0,0.75,True,False,"[0.8575676083564758, 0.10301106423139572, 0.02465699426829815]"
5a8b21cb55429971feec4647::working_set_pack_a,5a8b21cb55429971feec4647,1.0,1.0,True,True,"[0.8701823353767395, 0.08159765601158142, 0.02461586333811283]"
5a8b21cb55429971feec4647::active_set_pack_a,5a8b21cb55429971feec4647,1.0,1.0,True,True,"[0.8645128011703491, 0.08047284930944443, 0.027968386188149452]"
5a8b21cb55429971feec4647::working_set_pack_b,5a8b21cb55429971feec4647,1.0,1.0,True,True,"[0.9068335890769958, 0.05116289108991623, 0.022706413641572]"
5a8b21cb55429971feec4647::active_set_pack_b,5a8b21cb55429971feec4647,1.0,1.0,True,True,"[0.8930103182792664, 0.06803803890943527, 0.022304775193333626]"
5a8e8fc75542990e94052b57::working_set_pack_a,5a8e8fc75542990e94052b57,1.0,0.625,True,False,"[0.8150678277015686, 0.12130134552717209, 0.033447518944740295]"
5a8e8fc75542990e94052b57::active_set_pack_a,5a8e8fc75542990e94052b57,1.0,0.75,True,False,"[0.7971279621124268, 0.11897657066583633, 0.04039148986339569]"
5a8e8fc75542990e94052b57::working_set_pack_b,5a8e8fc75542990e94052b57,1.0,0.625,True,False,"[0.7361424565315247, 0.14295130968093872, 0.0795479565858841]"
5a8e8fc75542990e94052b57::active_set_pack_b,5a8e8fc75542990e94052b57,1.0,0.625,True,False,"[0.7978187203407288, 0.1093769371509552, 0.05399562045931816]"
5ae1d33a554299492dc91b9d::working_set_pack_a,5ae1d33a554299492dc91b9d,0.75,0.75,False,False,"[0.8890239596366882, 0.07444804161787033, 0.02503286860883236]"
5ae1d33a554299492dc91b9d::active_set_pack_a,5ae1d33a554299492dc91b9d,0.75,0.75,False,False,"[0.8899197578430176, 0.06405605375766754, 0.030619466677308083]"
5ae1d33a554299492dc91b9d::working_set_pack_b,5ae1d33a554299492dc91b9d,0.75,0.75,False,False,"[0.8986009955406189, 0.07045499980449677, 0.016429200768470764]"
5ae1d33a554299492dc91b9d::active_set_pack_b,5ae1d33a554299492dc91b9d,0.75,0.75,False,False,"[0.895540177822113, 0.05976856127381325, 0.027789169922471046]"
5a81e73f554299676cceb14d::working_set_pack_a,5a81e73f554299676cceb14d,1.0,1.0,True,True,"[0.6819624900817871, 0.1495424509048462, 0.1028362289071083]"
5a81e73f554299676cceb14d::active_set_pack_a,5a81e73f554299676cceb14d,1.0,1.0,True,True,"[0.6563846468925476, 0.16389846801757812, 0.11133362352848053]"
5a81e73f554299676cceb14d::working_set_pack_b,5a81e73f554299676cceb14d,1.0,0.75,True,False,"[0.7489560842514038, 0.10360758751630783, 0.09693882614374161]"
5a81e73f554299676cceb14d::active_set_pack_b,5a81e73f554299676cceb14d,1.0,0.75,True,False,"[0.7702130079269409, 0.13582102954387665, 0.06453003734350204]"
5ae8256355429952e35eaa59::working_set_pack_a,5ae8256355429952e35eaa59,1.0,1.0,True,True,"[0.6725925207138062, 0.2018238753080368, 0.08030947297811508]"
5ae8256355429952e35eaa59::active_set_pack_a,5ae8256355429952e35eaa59,1.0,1.0,True,True,"[0.6119063496589661, 0.24552837014198303, 0.08956164121627808]"
5ae8256355429952e35eaa59::working_set_pack_b,5ae8256355429952e35eaa59,1.0,1.0,True,True,"[0.6639495491981506, 0.18719853460788727, 0.09951898455619812]"
5ae8256355429952e35eaa59::active_set_pack_b,5ae8256355429952e35eaa59,1.0,1.0,True,True,"[0.6525902152061462, 0.21522429585456848, 0.09220695495605469]"
5a827a9f55429940e5e1a8cf::working_set_pack_a,5a827a9f55429940e5e1a8cf,1.0,1.0,True,True,"[0.7960835695266724, 0.14960302412509918, 0.032008301466703415]"
5a827a9f55429940e5e1a8cf::active_set_pack_a,5a827a9f55429940e5e1a8cf,1.0,1.0,True,True,"[0.8053070306777954, 0.14688575267791748, 0.028999872505664825]"
5a827a9f55429940e5e1a8cf::working_set_pack_b,5a827a9f55429940e5e1a8cf,1.0,1.0,True,True,"[0.8150995969772339, 0.13072837889194489, 0.03191414102911949]"
5a827a9f55429940e5e1a8cf::active_set_pack_b,5a827a9f55429940e5e1a8cf,1.0,1.0,True,True,"[0.8433957695960999, 0.10852223634719849, 0.028410114347934723]"
5a8d32ae5542994ba4e3dc1d::working_set_pack_a,5a8d32ae5542994ba4e3dc1d,0.875,0.875,False,False,"[0.5862539410591125, 0.14374570548534393, 0.1363256275653839]"
5a8d32ae5542994ba4e3dc1d::active_set_pack_a,5a8d32ae5542994ba4e3dc1d,0.875,1.0,False,True,"[0.5561461448669434, 0.16413462162017822, 0.1264558881521225]"
5a8d32ae5542994ba4e3dc1d::working_set_pack_b,5a8d32ae5542994ba4e3dc1d,0.875,0.75,False,False,"[0.6240021586418152, 0.15713272988796234, 0.11347208172082901]"
5a8d32ae5542994ba4e3dc1d::active_set_pack_b,5a8d32ae5542994ba4e3dc1d,0.875,1.0,False,True,"[0.6368789076805115, 0.14491447806358337, 0.09741609543561935]"
5a8634195542991e771815ba::working_set_pack_a,5a8634195542991e771815ba,1.0,1.0,True,True,"[0.4709221124649048, 0.3089506924152374, 0.14256422221660614]"
5a8634195542991e771815ba::active_set_pack_a,5a8634195542991e771815ba,1.0,1.0,True,True,"[0.5109856724739075, 0.32515332102775574, 0.09883525967597961]"
5a8634195542991e771815ba::working_set_pack_b,5a8634195542991e771815ba,1.0,1.0,True,True,"[0.48054537177085876, 0.34071099758148193, 0.0954815149307251]"
5a8634195542991e771815ba::active_set_pack_b,5a8634195542991e771815ba,1.0,1.0,True,True,"[0.4172469675540924, 0.32574328780174255, 0.1671469807624817]"
5ae1fc135542997283cd2309::working_set_pack_a,5ae1fc135542997283cd2309,1.0,1.0,True,True,"[0.7212159633636475, 0.1594662368297577, 0.06792455911636353]"
5ae1fc135542997283cd2309::active_set_pack_a,5ae1fc135542997283cd2309,1.0,1.0,True,True,"[0.7816728949546814, 0.12997569143772125, 0.045097630470991135]"
5ae1fc135542997283cd2309::working_set_pack_b,5ae1fc135542997283cd2309,1.0,1.0,True,True,"[0.7280358672142029, 0.16684505343437195, 0.060079850256443024]"
5ae1fc135542997283cd2309::active_set_pack_b,5ae1fc135542997283cd2309,1.0,1.0,True,True,"[0.7169778943061829, 0.18423882126808167, 0.05072830989956856]"
5a8844135542994846c1ce77::working_set_pack_a,5a8844135542994846c1ce77,1.0,0.875,True,False,"[0.7892937064170837, 0.1079440638422966, 0.06212605908513069]"
5a8844135542994846c1ce77::active_set_pack_a,5a8844135542994846c1ce77,1.0,1.0,True,True,"[0.7346597909927368, 0.14404520392417908, 0.08233237266540527]"
5a8844135542994846c1ce77::working_set_pack_b,5a8844135542994846c1ce77,1.0,1.0,True,True,"[0.5930823683738708, 0.2536527216434479, 0.11550594866275787]"
5a8844135542994846c1ce77::active_set_pack_b,5a8844135542994846c1ce77,1.0,1.0,True,True,"[0.6524101495742798, 0.2292381227016449, 0.08583039790391922]"
5ac0d9e55542992a796ded92::working_set_pack_a,5ac0d9e55542992a796ded92,0.875,0.875,False,False,"[0.8537358641624451, 0.07113301753997803, 0.05243300646543503]"
5ac0d9e55542992a796ded92::active_set_pack_a,5ac0d9e55542992a796ded92,0.875,0.875,False,False,"[0.8090565204620361, 0.10482383519411087, 0.0628468245267868]"
5ac0d9e55542992a796ded92::working_set_pack_b,5ac0d9e55542992a796ded92,1.0,0.875,True,False,"[0.8022370338439941, 0.10975103080272675, 0.04984961822628975]"
5ac0d9e55542992a796ded92::active_set_pack_b,5ac0d9e55542992a796ded92,1.0,0.875,True,False,"[0.819417417049408, 0.09435935318470001, 0.050906602293252945]"
5a8a30ad5542992d82986eec::working_set_pack_a,5a8a30ad5542992d82986eec,1.0,1.0,True,True,"[0.5068142414093018, 0.2601870894432068, 0.19413040578365326]"
5a8a30ad5542992d82986eec::active_set_pack_a,5a8a30ad5542992d82986eec,1.0,0.875,True,False,"[0.5304598212242126, 0.23393048346042633, 0.20376737415790558]"
5a8a30ad5542992d82986eec::working_set_pack_b,5a8a30ad5542992d82986eec,1.0,0.875,True,False,"[0.49186307191848755, 0.30219733715057373, 0.17968305945396423]"
5a8a30ad5542992d82986eec::active_set_pack_b,5a8a30ad5542992d82986eec,1.0,0.875,True,False,"[0.4884440302848816, 0.2839701473712921, 0.19685013592243195]"
5a8deeb455429917b4a5bce2::working_set_pack_a,5a8deeb455429917b4a5bce2,1.0,1.0,True,True,"[0.4863765835762024, 0.4105968177318573, 0.07925032079219818]"
5a8deeb455429917b4a5bce2::active_set_pack_a,5a8deeb455429917b4a5bce2,1.0,1.0,True,True,"[0.49595531821250916, 0.39864036440849304, 0.08459329605102539]"
5a8deeb455429917b4a5bce2::working_set_pack_b,5a8deeb455429917b4a5bce2,1.0,1.0,True,True,"[0.46076062321662903, 0.3879966735839844, 0.11064206808805466]"
5a8deeb455429917b4a5bce2::active_set_pack_b,5a8deeb455429917b4a5bce2,1.0,1.0,True,True,"[0.5004777908325195, 0.38328543305397034, 0.08709749579429626]"
5a73035d5542992359bc31fd::working_set_pack_a,5a73035d5542992359bc31fd,1.0,1.0,True,True,"[0.5224626660346985, 0.29322609305381775, 0.11174434423446655]"
5a73035d5542992359bc31fd::active_set_pack_a,5a73035d5542992359bc31fd,1.0,1.0,True,True,"[0.5104365348815918, 0.3047977089881897, 0.11175279319286346]"
5a73035d5542992359bc31fd::working_set_pack_b,5a73035d5542992359bc31fd,1.0,1.0,True,True,"[0.6005234718322754, 0.25539064407348633, 0.08182604610919952]"
5a73035d5542992359bc31fd::active_set_pack_b,5a73035d5542992359bc31fd,1.0,1.0,True,True,"[0.4984342157840729, 0.3813556730747223, 0.0677521750330925]"
5ade4b7f55429939a52fe877::working_set_pack_a,5ade4b7f55429939a52fe877,1.0,1.0,True,True,"[0.5376690030097961, 0.39346760511398315, 0.04611305892467499]"
5ade4b7f55429939a52fe877::active_set_pack_a,5ade4b7f55429939a52fe877,1.0,1.0,True,True,"[0.5376251935958862, 0.4042302072048187, 0.03554072603583336]"
5ade4b7f55429939a52fe877::working_set_pack_b,5ade4b7f55429939a52fe877,1.0,1.0,True,True,"[0.5165218710899353, 0.3834424316883087, 0.06032790616154671]"
5ade4b7f55429939a52fe877::active_set_pack_b,5ade4b7f55429939a52fe877,1.0,1.0,True,True,"[0.5166863203048706, 0.3834995627403259, 0.05908913165330887]"
5a7bc8b1554299294a54aad0::working_set_pack_a,5a7bc8b1554299294a54aad0,0.75,0.625,False,False,"[0.9080224633216858, 0.04107118770480156, 0.027669191360473633]"
5a7bc8b1554299294a54aad0::active_set_pack_a,5a7bc8b1554299294a54aad0,0.75,0.875,False,False,"[0.8985537886619568, 0.0406569167971611, 0.029783254489302635]"
5a7bc8b1554299294a54aad0::working_set_pack_b,5a7bc8b1554299294a54aad0,0.875,0.625,False,False,"[0.9126753211021423, 0.036275818943977356, 0.029881836846470833]"
5a7bc8b1554299294a54aad0::active_set_pack_b,5a7bc8b1554299294a54aad0,0.875,0.625,False,False,"[0.8881322741508484, 0.05237468332052231, 0.034513380378484726]"
5abc2e3d554299114383a0f6::working_set_pack_a,5abc2e3d554299114383a0f6,1.0,1.0,True,True,"[0.9349327087402344, 0.04233086481690407, 0.014248416759073734]"
5abc2e3d554299114383a0f6::active_set_pack_a,5abc2e3d554299114383a0f6,1.0,1.0,True,True,"[0.939422070980072, 0.03918887674808502, 0.012540685012936592]"
5abc2e3d554299114383a0f6::working_set_pack_b,5abc2e3d554299114383a0f6,1.0,1.0,True,True,"[0.939387321472168, 0.03404742106795311, 0.016512667760252953]"
5abc2e3d554299114383a0f6::active_set_pack_b,5abc2e3d554299114383a0f6,1.0,1.0,True,True,"[0.9450418949127197, 0.031534966081380844, 0.015418577939271927]"
5a7929cf554299029c4b5f12::working_set_pack_a,5a7929cf554299029c4b5f12,1.0,1.0,True,True,"[0.8581115007400513, 0.0798502266407013, 0.046146053820848465]"
5a7929cf554299029c4b5f12::active_set_pack_a,5a7929cf554299029c4b5f12,1.0,1.0,True,True,"[0.853491485118866, 0.09427440911531448, 0.036600831896066666]"
5a7929cf554299029c4b5f12::working_set_pack_b,5a7929cf554299029c4b5f12,1.0,0.875,True,False,"[0.8691865801811218, 0.07315294444561005, 0.04447764530777931]"
5a7929cf554299029c4b5f12::active_set_pack_b,5a7929cf554299029c4b5f12,1.0,1.0,True,True,"[0.8977574706077576, 0.07131136208772659, 0.019804278388619423]"
5ab964ae5542996be20204c0::working_set_pack_a,5ab964ae5542996be20204c0,0.875,0.625,False,False,"[0.5669270753860474, 0.4024946689605713, 0.01958867907524109]"
5ab964ae5542996be20204c0::active_set_pack_a,5ab964ae5542996be20204c0,0.75,0.625,False,False,"[0.6381620764732361, 0.33468180894851685, 0.016009338200092316]"
5ab964ae5542996be20204c0::working_set_pack_b,5ab964ae5542996be20204c0,0.875,0.625,False,False,"[0.5844975709915161, 0.3686579465866089, 0.029033135622739792]"
5ab964ae5542996be20204c0::active_set_pack_b,5ab964ae5542996be20204c0,0.875,0.625,False,False,"[0.527224063873291, 0.4286954700946808, 0.02774650789797306]"
5add44235542995b365faae2::working_set_pack_a,5add44235542995b365faae2,1.0,1.0,True,True,"[0.6220632791519165, 0.26962119340896606, 0.06215180829167366]"
5add44235542995b365faae2::active_set_pack_a,5add44235542995b365faae2,1.0,1.0,True,True,"[0.5678743124008179, 0.32285356521606445, 0.06537012755870819]"
5add44235542995b365faae2::working_set_pack_b,5add44235542995b365faae2,1.0,1.0,True,True,"[0.5463330745697021, 0.35459744930267334, 0.04750637710094452]"
5add44235542995b365faae2::active_set_pack_b,5add44235542995b365faae2,1.0,1.0,True,True,"[0.545230507850647, 0.35811689496040344, 0.05164523050189018]"
5a8a662755429930ff3c0dc5::working_set_pack_a,5a8a662755429930ff3c0dc5,0.875,0.875,False,False,"[0.49345025420188904, 0.3063974976539612, 0.1467747539281845]"
5a8a662755429930ff3c0dc5::active_set_pack_a,5a8a662755429930ff3c0dc5,1.0,0.75,True,False,"[0.464966744184494, 0.33299484848976135, 0.14929693937301636]"
5a8a662755429930ff3c0dc5::working_set_pack_b,5a8a662755429930ff3c0dc5,1.0,0.75,True,False,"[0.4691985845565796, 0.3138708472251892, 0.1474359929561615]"
5a8a662755429930ff3c0dc5::active_set_pack_b,5a8a662755429930ff3c0dc5,1.0,0.75,True,False,"[0.4115244746208191, 0.2517244815826416, 0.24459071457386017]"
5ae750175542997b22f6a6b6::working_set_pack_a,5ae750175542997b22f6a6b6,1.0,1.0,True,True,"[0.7736969590187073, 0.19411785900592804, 0.020075490698218346]"
5ae750175542997b22f6a6b6::active_set_pack_a,5ae750175542997b22f6a6b6,1.0,1.0,True,True,"[0.7494040727615356, 0.21320077776908875, 0.021664554253220558]"
5ae750175542997b22f6a6b6::working_set_pack_b,5ae750175542997b22f6a6b6,1.0,1.0,True,True,"[0.831207275390625, 0.13879944384098053, 0.015241474844515324]"
5ae750175542997b22f6a6b6::active_set_pack_b,5ae750175542997b22f6a6b6,1.0,1.0,True,True,"[0.860543966293335, 0.11128368228673935, 0.014165260829031467]"
5a7794525542995d831811f3::working_set_pack_a,5a7794525542995d831811f3,0.75,0.75,False,False,"[0.9371026158332825, 0.04320475831627846, 0.01478963065892458]"
5a7794525542995d831811f3::active_set_pack_a,5a7794525542995d831811f3,0.75,0.75,False,False,"[0.9267799854278564, 0.05342022329568863, 0.014258765615522861]"
5a7794525542995d831811f3::working_set_pack_b,5a7794525542995d831811f3,0.875,0.75,False,False,"[0.8894949555397034, 0.08515000343322754, 0.019585248082876205]"
5a7794525542995d831811f3::active_set_pack_b,5a7794525542995d831811f3,0.875,0.75,False,False,"[0.9310044646263123, 0.05225733667612076, 0.011638157069683075]"
5ab542875542997d4ad1f0e1::working_set_pack_a,5ab542875542997d4ad1f0e1,1.0,1.0,True,True,"[0.9654149413108826, 0.023409457877278328, 0.005482952110469341]"
5ab542875542997d4ad1f0e1::active_set_pack_a,5ab542875542997d4ad1f0e1,1.0,1.0,True,True,"[0.9645766019821167, 0.02361118607223034, 0.00551663339138031]"
5ab542875542997d4ad1f0e1::working_set_pack_b,5ab542875542997d4ad1f0e1,1.0,1.0,True,True,"[0.9641072154045105, 0.015887180343270302, 0.008965253829956055]"
5ab542875542997d4ad1f0e1::active_set_pack_b,5ab542875542997d4ad1f0e1,1.0,1.0,True,True,"[0.9641649127006531, 0.018503636121749878, 0.006928476970642805]"
5ae1c9ea5542997f29b3c103::working_set_pack_a,5ae1c9ea5542997f29b3c103,1.0,1.0,True,True,"[0.5504108667373657, 0.3605439066886902, 0.048669107258319855]"
5ae1c9ea5542997f29b3c103::active_set_pack_a,5ae1c9ea5542997f29b3c103,1.0,1.0,True,True,"[0.5400644540786743, 0.3607254922389984, 0.052715003490448]"
5ae1c9ea5542997f29b3c103::working_set_pack_b,5ae1c9ea5542997f29b3c103,1.0,1.0,True,True,"[0.6075051426887512, 0.2905506193637848, 0.04491790011525154]"
5ae1c9ea5542997f29b3c103::active_set_pack_b,5ae1c9ea5542997f29b3c103,1.0,1.0,True,True,"[0.5763508677482605, 0.33428680896759033, 0.04154782369732857]"
5ab61c7f554299710c8d1e64::working_set_pack_a,5ab61c7f554299710c8d1e64,1.0,1.0,True,True,"[0.547344982624054, 0.39436015486717224, 0.034335631877183914]"
5ab61c7f554299710c8d1e64::active_set_pack_a,5ab61c7f554299710c8d1e64,1.0,1.0,True,True,"[0.5180932283401489, 0.41869595646858215, 0.035273898392915726]"
5ab61c7f554299710c8d1e64::working_set_pack_b,5ab61c7f554299710c8d1e64,1.0,1.0,True,True,"[0.684133768081665, 0.2554582953453064, 0.036177072674036026]"
5ab61c7f554299710c8d1e64::active_set_pack_b,5ab61c7f554299710c8d1e64,1.0,1.0,True,True,"[0.5773835778236389, 0.37044262886047363, 0.031590018421411514]"
5a88b8e755429946c8d6e899::working_set_pack_a,5a88b8e755429946c8d6e899,1.0,1.0,True,True,"[0.5186178088188171, 0.2564663589000702, 0.14301574230194092]"
5a88b8e755429946c8d6e899::active_set_pack_a,5a88b8e755429946c8d6e899,1.0,1.0,True,True,"[0.682083249092102, 0.22030480206012726, 0.047473546117544174]"
5a88b8e755429946c8d6e899::working_set_pack_b,5a88b8e755429946c8d6e899,1.0,1.0,True,True,"[0.4901246428489685, 0.311726838350296, 0.09583088755607605]"
5a88b8e755429946c8d6e899::active_set_pack_b,5a88b8e755429946c8d6e899,1.0,1.0,True,True,"[0.41916462779045105, 0.34096670150756836, 0.16062094271183014]"
5ac3de5c5542995c82c4ac68::working_set_pack_a,5ac3de5c5542995c82c4ac68,1.0,1.0,True,True,"[0.6339414119720459, 0.3075889050960541, 0.028669079765677452]"
5ac3de5c5542995c82c4ac68::active_set_pack_a,5ac3de5c5542995c82c4ac68,1.0,1.0,True,True,"[0.634725034236908, 0.31102046370506287, 0.026405462995171547]"
5ac3de5c5542995c82c4ac68::working_set_pack_b,5ac3de5c5542995c82c4ac68,1.0,1.0,True,True,"[0.5782333612442017, 0.364458292722702, 0.027099523693323135]"
5ac3de5c5542995c82c4ac68::active_set_pack_b,5ac3de5c5542995c82c4ac68,1.0,1.0,True,True,"[0.5296626687049866, 0.4191642701625824, 0.02458660677075386]"
5aba7995554299232ef4a2e2::working_set_pack_a,5aba7995554299232ef4a2e2,1.0,0.875,True,False,"[0.6808053255081177, 0.23613464832305908, 0.06800275295972824]"
5aba7995554299232ef4a2e2::active_set_pack_a,5aba7995554299232ef4a2e2,1.0,0.875,True,False,"[0.6971216797828674, 0.20349620282649994, 0.08237336575984955]"
5aba7995554299232ef4a2e2::working_set_pack_b,5aba7995554299232ef4a2e2,1.0,0.875,True,False,"[0.7720595598220825, 0.16925522685050964, 0.039016883820295334]"
5aba7995554299232ef4a2e2::active_set_pack_b,5aba7995554299232ef4a2e2,1.0,0.875,True,False,"[0.7117804288864136, 0.20381787419319153, 0.0447956845164299]"
5a7db8d95542995ed0d16665::working_set_pack_a,5a7db8d95542995ed0d16665,1.0,1.0,True,True,"[0.720573902130127, 0.19482047855854034, 0.059060677886009216]"
5a7db8d95542995ed0d16665::active_set_pack_a,5a7db8d95542995ed0d16665,1.0,1.0,True,True,"[0.6577969789505005, 0.24744988977909088, 0.0679786428809166]"
5a7db8d95542995ed0d16665::working_set_pack_b,5a7db8d95542995ed0d16665,1.0,1.0,True,True,"[0.7957315444946289, 0.11715959012508392, 0.06248241290450096]"
5a7db8d95542995ed0d16665::active_set_pack_b,5a7db8d95542995ed0d16665,1.0,1.0,True,True,"[0.7127060890197754, 0.18590356409549713, 0.0671861544251442]"
5ab488f85542990594ba9c58::working_set_pack_a,5ab488f85542990594ba9c58,1.0,1.0,True,True,"[0.49948814511299133, 0.458500474691391, 0.03230033442378044]"
5ab488f85542990594ba9c58::active_set_pack_a,5ab488f85542990594ba9c58,1.0,1.0,True,True,"[0.5051780343055725, 0.4534234404563904, 0.029228689149022102]"
5ab488f85542990594ba9c58::working_set_pack_b,5ab488f85542990594ba9c58,1.0,1.0,True,True,"[0.5424816012382507, 0.4142203629016876, 0.02969825454056263]"
5ab488f85542990594ba9c58::active_set_pack_b,5ab488f85542990594ba9c58,1.0,1.0,True,True,"[0.5697804689407349, 0.3884902894496918, 0.023656196892261505]"
5a82a59855429940e5e1a909::working_set_pack_a,5a82a59855429940e5e1a909,1.0,1.0,True,True,"[0.7953590154647827, 0.14912112057209015, 0.027613092213869095]"
5a82a59855429940e5e1a909::active_set_pack_a,5a82a59855429940e5e1a909,1.0,1.0,True,True,"[0.8237722516059875, 0.11861986666917801, 0.028260372579097748]"
5a82a59855429940e5e1a909::working_set_pack_b,5a82a59855429940e5e1a909,1.0,1.0,True,True,"[0.7256045937538147, 0.21031403541564941, 0.02835613302886486]"
5a82a59855429940e5e1a909::active_set_pack_b,5a82a59855429940e5e1a909,1.0,1.0,True,True,"[0.5468112230300903, 0.3846401274204254, 0.0335773266851902]"
5a7e8a9c55429949594199fb::working_set_pack_a,5a7e8a9c55429949594199fb,1.0,1.0,True,True,"[0.8347517848014832, 0.13282233476638794, 0.021070389077067375]"
5a7e8a9c55429949594199fb::active_set_pack_a,5a7e8a9c55429949594199fb,1.0,1.0,True,True,"[0.8444796800613403, 0.12498807162046432, 0.020702771842479706]"
5a7e8a9c55429949594199fb::working_set_pack_b,5a7e8a9c55429949594199fb,1.0,1.0,True,True,"[0.8700913786888123, 0.09974904358386993, 0.020735282450914383]"
5a7e8a9c55429949594199fb::active_set_pack_b,5a7e8a9c55429949594199fb,1.0,1.0,True,True,"[0.8252310752868652, 0.14429177343845367, 0.021909255534410477]"
5a8c94a25542995e66a47628::working_set_pack_a,5a8c94a25542995e66a47628,1.0,1.0,True,True,"[0.5555121302604675, 0.22994652390480042, 0.10577616840600967]"
5a8c94a25542995e66a47628::active_set_pack_a,5a8c94a25542995e66a47628,1.0,1.0,True,True,"[0.6003947854042053, 0.19979412853717804, 0.12523648142814636]"
5a8c94a25542995e66a47628::working_set_pack_b,5a8c94a25542995e66a47628,1.0,1.0,True,True,"[0.6525459885597229, 0.20328421890735626, 0.07641978561878204]"
5a8c94a25542995e66a47628::active_set_pack_b,5a8c94a25542995e66a47628,1.0,1.0,True,True,"[0.6476424932479858, 0.23952171206474304, 0.06890220940113068]"
5a7cbb6d554299452d57b9d2::working_set_pack_a,5a7cbb6d554299452d57b9d2,1.0,1.0,True,True,"[0.585274338722229, 0.37517261505126953, 0.02053067833185196]"
5a7cbb6d554299452d57b9d2::active_set_pack_a,5a7cbb6d554299452d57b9d2,1.0,1.0,True,True,"[0.5986930727958679, 0.36680352687835693, 0.01751190423965454]"
5a7cbb6d554299452d57b9d2::working_set_pack_b,5a7cbb6d554299452d57b9d2,1.0,1.0,True,True,"[0.5178890228271484, 0.4327285587787628, 0.022239018231630325]"
5a7cbb6d554299452d57b9d2::active_set_pack_b,5a7cbb6d554299452d57b9d2,1.0,1.0,True,True,"[0.6835353374481201, 0.26722484827041626, 0.023691652342677116]"
5ac2ac4d554299218029daf1::working_set_pack_a,5ac2ac4d554299218029daf1,1.0,0.75,True,False,"[0.3601246774196625, 0.29962918162345886, 0.26281535625457764]"
5ac2ac4d554299218029daf1::active_set_pack_a,5ac2ac4d554299218029daf1,1.0,0.875,True,False,"[0.39268356561660767, 0.2924475073814392, 0.24037513136863708]"
5ac2ac4d554299218029daf1::working_set_pack_b,5ac2ac4d554299218029daf1,1.0,0.875,True,False,"[0.39316627383232117, 0.28467801213264465, 0.2501838803291321]"
5ac2ac4d554299218029daf1::active_set_pack_b,5ac2ac4d554299218029daf1,1.0,0.875,True,False,"[0.45969676971435547, 0.31128209829330444, 0.16436834633350372]"
5a832ee355429954d2e2ec4d::working_set_pack_a,5a832ee355429954d2e2ec4d,1.0,1.0,True,True,"[0.7238414287567139, 0.19548754394054413, 0.05040622130036354]"
5a832ee355429954d2e2ec4d::active_set_pack_a,5a832ee355429954d2e2ec4d,1.0,1.0,True,True,"[0.6930973529815674, 0.20120611786842346, 0.06165044754743576]"
5a832ee355429954d2e2ec4d::working_set_pack_b,5a832ee355429954d2e2ec4d,1.0,1.0,True,True,"[0.7129716277122498, 0.15399210155010223, 0.08174509555101395]"
5a832ee355429954d2e2ec4d::active_set_pack_b,5a832ee355429954d2e2ec4d,1.0,1.0,True,True,"[0.7320497035980225, 0.14944837987422943, 0.0719345286488533]"
5abf82965542997719eab694::working_set_pack_a,5abf82965542997719eab694,1.0,1.0,True,True,"[0.639482319355011, 0.3132011592388153, 0.029690759256482124]"
5abf82965542997719eab694::active_set_pack_a,5abf82965542997719eab694,1.0,1.0,True,True,"[0.6418043375015259, 0.312348872423172, 0.030122676864266396]"
5abf82965542997719eab694::working_set_pack_b,5abf82965542997719eab694,1.0,1.0,True,True,"[0.7656528949737549, 0.1863907277584076, 0.029757114127278328]"
5abf82965542997719eab694::active_set_pack_b,5abf82965542997719eab694,1.0,1.0,True,True,"[0.7028036117553711, 0.23641450703144073, 0.04528193175792694]"
5a76c13555429937353601a0::working_set_pack_a,5a76c13555429937353601a0,1.0,1.0,True,True,"[0.6660197377204895, 0.2183399647474289, 0.10573816299438477]"
5a76c13555429937353601a0::active_set_pack_a,5a76c13555429937353601a0,1.0,1.0,True,True,"[0.7160888910293579, 0.16261394321918488, 0.11058855056762695]"
5a76c13555429937353601a0::working_set_pack_b,5a76c13555429937353601a0,0.875,1.0,False,True,"[0.6518140435218811, 0.17085598409175873, 0.16262859106063843]"
5a76c13555429937353601a0::active_set_pack_b,5a76c13555429937353601a0,1.0,1.0,True,True,"[0.6247700452804565, 0.1927027851343155, 0.16738499701023102]"
5adecc6355429975fa854f9c::working_set_pack_a,5adecc6355429975fa854f9c,1.0,0.75,True,False,"[0.914514422416687, 0.03268832713365555, 0.02772858552634716]"
5adecc6355429975fa854f9c::active_set_pack_a,5adecc6355429975fa854f9c,1.0,0.75,True,False,"[0.927099347114563, 0.029378551989793777, 0.021104758605360985]"
5adecc6355429975fa854f9c::working_set_pack_b,5adecc6355429975fa854f9c,1.0,0.875,True,False,"[0.9115211963653564, 0.032250888645648956, 0.02480466105043888]"
5adecc6355429975fa854f9c::active_set_pack_b,5adecc6355429975fa854f9c,1.0,1.0,True,True,"[0.9036617279052734, 0.03864403814077377, 0.02768116071820259]"
5abb89fc5542993f40c73b19::working_set_pack_a,5abb89fc5542993f40c73b19,1.0,1.0,True,True,"[0.5253962278366089, 0.37400832772254944, 0.05639048293232918]"
5abb89fc5542993f40c73b19::active_set_pack_a,5abb89fc5542993f40c73b19,1.0,1.0,True,True,"[0.5299431085586548, 0.3739263117313385, 0.05560342222452164]"
5abb89fc5542993f40c73b19::working_set_pack_b,5abb89fc5542993f40c73b19,1.0,1.0,True,True,"[0.4996115267276764, 0.4005201756954193, 0.0557771734893322]"
5abb89fc5542993f40c73b19::active_set_pack_b,5abb89fc5542993f40c73b19,1.0,1.0,True,True,"[0.5095717310905457, 0.3820700943470001, 0.05867243558168411]"
5aba8f7b55429901930fa832::working_set_pack_a,5aba8f7b55429901930fa832,1.0,1.0,True,True,"[0.7731040120124817, 0.20179684460163116, 0.010840214788913727]"
5aba8f7b55429901930fa832::active_set_pack_a,5aba8f7b55429901930fa832,1.0,1.0,True,True,"[0.7275407314300537, 0.24585136771202087, 0.011189795099198818]"
5aba8f7b55429901930fa832::working_set_pack_b,5aba8f7b55429901930fa832,1.0,1.0,True,True,"[0.7326461672782898, 0.23556692898273468, 0.013801743276417255]"
5aba8f7b55429901930fa832::active_set_pack_b,5aba8f7b55429901930fa832,1.0,1.0,True,True,"[0.7143117785453796, 0.26362210512161255, 0.010021352209150791]"
5ab413e55542996a3a969f1b::working_set_pack_a,5ab413e55542996a3a969f1b,1.0,1.0,True,True,"[0.8759622573852539, 0.08514848351478577, 0.02170584164559841]"
5ab413e55542996a3a969f1b::active_set_pack_a,5ab413e55542996a3a969f1b,1.0,1.0,True,True,"[0.8765249252319336, 0.08358357846736908, 0.02197916805744171]"
5ab413e55542996a3a969f1b::working_set_pack_b,5ab413e55542996a3a969f1b,1.0,1.0,True,True,"[0.8069372773170471, 0.1365075558423996, 0.0365438275039196]"
5ab413e55542996a3a969f1b::active_set_pack_b,5ab413e55542996a3a969f1b,1.0,1.0,True,True,"[0.7259543538093567, 0.18972106277942657, 0.053732071071863174]"
5a721dff55429971e9dc928c::working_set_pack_a,5a721dff55429971e9dc928c,0.625,0.625,False,False,"[0.6681790947914124, 0.23537354171276093, 0.0677829161286354]"
5a721dff55429971e9dc928c::active_set_pack_a,5a721dff55429971e9dc928c,0.75,0.625,False,False,"[0.6631271839141846, 0.21821071207523346, 0.08783045411109924]"
5a721dff55429971e9dc928c::working_set_pack_b,5a721dff55429971e9dc928c,0.75,0.75,False,False,"[0.5605731010437012, 0.3289739787578583, 0.0752343088388443]"
5a721dff55429971e9dc928c::active_set_pack_b,5a721dff55429971e9dc928c,0.875,0.75,False,False,"[0.5733057856559753, 0.2941172420978546, 0.10295161604881287]"
5ab395c4554299233954ff5a::working_set_pack_a,5ab395c4554299233954ff5a,1.0,1.0,True,True,"[0.8941201567649841, 0.07352761924266815, 0.01523432694375515]"
5ab395c4554299233954ff5a::active_set_pack_a,5ab395c4554299233954ff5a,1.0,1.0,True,True,"[0.8949501514434814, 0.07428435236215591, 0.014537982642650604]"
5ab395c4554299233954ff5a::working_set_pack_b,5ab395c4554299233954ff5a,1.0,1.0,True,True,"[0.8741621971130371, 0.09018467366695404, 0.017344145104289055]"
5ab395c4554299233954ff5a::active_set_pack_b,5ab395c4554299233954ff5a,1.0,1.0,True,True,"[0.8953112959861755, 0.06970391422510147, 0.0178326778113842]"
5ae33c6b5542992f92d82263::working_set_pack_a,5ae33c6b5542992f92d82263,1.0,1.0,True,True,"[0.7600378394126892, 0.17951235175132751, 0.04571424052119255]"
5ae33c6b5542992f92d82263::active_set_pack_a,5ae33c6b5542992f92d82263,1.0,1.0,True,True,"[0.7632221579551697, 0.1840224415063858, 0.039078742265701294]"
5ae33c6b5542992f92d82263::working_set_pack_b,5ae33c6b5542992f92d82263,1.0,1.0,True,True,"[0.6622779369354248, 0.2523106336593628, 0.07248348742723465]"
5ae33c6b5542992f92d82263::active_set_pack_b,5ae33c6b5542992f92d82263,1.0,1.0,True,True,"[0.7451843619346619, 0.22256384789943695, 0.020093746483325958]"
5ae2aa155542996483e64a23::working_set_pack_a,5ae2aa155542996483e64a23,1.0,1.0,True,True,"[0.5476627349853516, 0.4166589081287384, 0.018189342692494392]"
5ae2aa155542996483e64a23::active_set_pack_a,5ae2aa155542996483e64a23,1.0,1.0,True,True,"[0.5776911973953247, 0.385354220867157, 0.019062990322709084]"
5ae2aa155542996483e64a23::working_set_pack_b,5ae2aa155542996483e64a23,1.0,1.0,True,True,"[0.5713332295417786, 0.39759525656700134, 0.013850736431777477]"
5ae2aa155542996483e64a23::active_set_pack_b,5ae2aa155542996483e64a23,1.0,1.0,True,True,"[0.5390228033065796, 0.42910563945770264, 0.015278841368854046]"
5ab8a17955429916710eb09e::working_set_pack_a,5ab8a17955429916710eb09e,0.75,0.625,False,False,"[0.9764470458030701, 0.014288699254393578, 0.007456789258867502]"
5ab8a17955429916710eb09e::active_set_pack_a,5ab8a17955429916710eb09e,0.75,0.75,False,False,"[0.9679778218269348, 0.01916714757680893, 0.009835646487772465]"
5ab8a17955429916710eb09e::working_set_pack_b,5ab8a17955429916710eb09e,0.625,0.625,False,False,"[0.9663686752319336, 0.019456785172224045, 0.011836148798465729]"
5ab8a17955429916710eb09e::active_set_pack_b,5ab8a17955429916710eb09e,0.75,0.625,False,False,"[0.9731296300888062, 0.015208589844405651, 0.00907518994063139]"
5a7bb84d554299294a54aaa1::working_set_pack_a,5a7bb84d554299294a54aaa1,1.0,1.0,True,True,"[0.8693641424179077, 0.0841066911816597, 0.026978537440299988]"
5a7bb84d554299294a54aaa1::active_set_pack_a,5a7bb84d554299294a54aaa1,1.0,1.0,True,True,"[0.8422873020172119, 0.10483457148075104, 0.0315445177257061]"
5a7bb84d554299294a54aaa1::working_set_pack_b,5a7bb84d554299294a54aaa1,1.0,1.0,True,True,"[0.9213283658027649, 0.048086173832416534, 0.017735568806529045]"
5a7bb84d554299294a54aaa1::active_set_pack_b,5a7bb84d554299294a54aaa1,1.0,1.0,True,True,"[0.90865558385849, 0.057013802230358124, 0.020000962540507317]"
5adf97ae5542995534e8c800::working_set_pack_a,5adf97ae5542995534e8c800,1.0,1.0,True,True,"[0.9280021786689758, 0.0298612080514431, 0.025070492178201675]"
5adf97ae5542995534e8c800::active_set_pack_a,5adf97ae5542995534e8c800,1.0,0.875,True,False,"[0.9061174988746643, 0.0379868745803833, 0.032252613455057144]"
5adf97ae5542995534e8c800::working_set_pack_b,5adf97ae5542995534e8c800,0.875,0.875,False,False,"[0.9110751748085022, 0.038782548159360886, 0.03132567182183266]"
5adf97ae5542995534e8c800::active_set_pack_b,5adf97ae5542995534e8c800,1.0,1.0,True,True,"[0.8935651779174805, 0.046845175325870514, 0.03349882364273071]"
5ac3231a5542995ef918c11a::working_set_pack_a,5ac3231a5542995ef918c11a,1.0,1.0,True,True,"[0.6889294385910034, 0.13579677045345306, 0.07603311538696289]"
5ac3231a5542995ef918c11a::active_set_pack_a,5ac3231a5542995ef918c11a,1.0,1.0,True,True,"[0.6942403316497803, 0.12055379897356033, 0.07801952213048935]"
5ac3231a5542995ef918c11a::working_set_pack_b,5ac3231a5542995ef918c11a,1.0,1.0,True,True,"[0.6695429086685181, 0.12815649807453156, 0.08755239099264145]"
5ac3231a5542995ef918c11a::active_set_pack_b,5ac3231a5542995ef918c11a,1.0,1.0,True,True,"[0.6384953856468201, 0.16630010306835175, 0.09271589666604996]"
5a760de1554299109176e63c::working_set_pack_a,5a760de1554299109176e63c,1.0,1.0,True,True,"[0.6294673681259155, 0.2890579104423523, 0.05662241950631142]"
5a760de1554299109176e63c::active_set_pack_a,5a760de1554299109176e63c,1.0,1.0,True,True,"[0.594621479511261, 0.3271135985851288, 0.052472904324531555]"
5a760de1554299109176e63c::working_set_pack_b,5a760de1554299109176e63c,1.0,1.0,True,True,"[0.5864661335945129, 0.3163132965564728, 0.06029438227415085]"
5a760de1554299109176e63c::active_set_pack_b,5a760de1554299109176e63c,1.0,1.0,True,True,"[0.5160593390464783, 0.3851833939552307, 0.0625770092010498]"
5ab31d43554299233954ff0e::working_set_pack_a,5ab31d43554299233954ff0e,1.0,1.0,True,True,"[0.45144781470298767, 0.33948907256126404, 0.16059115529060364]"
5ab31d43554299233954ff0e::active_set_pack_a,5ab31d43554299233954ff0e,1.0,1.0,True,True,"[0.43177810311317444, 0.3589421212673187, 0.1568390429019928]"
5ab31d43554299233954ff0e::working_set_pack_b,5ab31d43554299233954ff0e,1.0,1.0,True,True,"[0.38003721833229065, 0.3399750888347626, 0.2212098240852356]"
5ab31d43554299233954ff0e::active_set_pack_b,5ab31d43554299233954ff0e,1.0,0.875,True,False,"[0.5231022238731384, 0.25491610169410706, 0.16398721933364868]"
5ab4330b55429942dd415edc::working_set_pack_a,5ab4330b55429942dd415edc,1.0,0.625,True,False,"[0.6453604102134705, 0.14089222252368927, 0.09933396428823471]"
5ab4330b55429942dd415edc::active_set_pack_a,5ab4330b55429942dd415edc,1.0,0.75,True,False,"[0.6349860429763794, 0.1379682421684265, 0.10678236931562424]"
5ab4330b55429942dd415edc::working_set_pack_b,5ab4330b55429942dd415edc,1.0,0.625,True,False,"[0.6831765174865723, 0.13491776585578918, 0.08208257704973221]"
5ab4330b55429942dd415edc::active_set_pack_b,5ab4330b55429942dd415edc,1.0,0.75,True,False,"[0.5344087481498718, 0.24037231504917145, 0.1022058054804802]"
5a7626bd554299109176e678::working_set_pack_a,5a7626bd554299109176e678,1.0,1.0,True,True,"[0.5302406549453735, 0.3315024673938751, 0.1160852313041687]"
5a7626bd554299109176e678::active_set_pack_a,5a7626bd554299109176e678,1.0,1.0,True,True,"[0.550787627696991, 0.3078180253505707, 0.11809621751308441]"
5a7626bd554299109176e678::working_set_pack_b,5a7626bd554299109176e678,1.0,1.0,True,True,"[0.49671098589897156, 0.3585282862186432, 0.1153443306684494]"
5a7626bd554299109176e678::active_set_pack_b,5a7626bd554299109176e678,1.0,1.0,True,True,"[0.529374897480011, 0.3317531645298004, 0.11113576591014862]"
5a7150665542994082a3e7bb::working_set_pack_a,5a7150665542994082a3e7bb,1.0,1.0,True,True,"[0.9094404578208923, 0.042822156101465225, 0.029607245698571205]"
5a7150665542994082a3e7bb::active_set_pack_a,5a7150665542994082a3e7bb,1.0,1.0,True,True,"[0.9244824051856995, 0.03498652204871178, 0.02302386797964573]"
5a7150665542994082a3e7bb::working_set_pack_b,5a7150665542994082a3e7bb,1.0,0.875,True,False,"[0.8794950246810913, 0.06868640333414078, 0.03108164295554161]"
5a7150665542994082a3e7bb::active_set_pack_b,5a7150665542994082a3e7bb,1.0,1.0,True,True,"[0.9172793626785278, 0.03890644758939743, 0.027156289666891098]"
5abe96e15542993f32c2a172::working_set_pack_a,5abe96e15542993f32c2a172,1.0,1.0,True,True,"[0.7053792476654053, 0.14800453186035156, 0.08245564252138138]"
5abe96e15542993f32c2a172::active_set_pack_a,5abe96e15542993f32c2a172,1.0,1.0,True,True,"[0.7165647149085999, 0.14202731847763062, 0.07869669795036316]"
5abe96e15542993f32c2a172::working_set_pack_b,5abe96e15542993f32c2a172,1.0,1.0,True,True,"[0.647695779800415, 0.1984269917011261, 0.0893419086933136]"
5abe96e15542993f32c2a172::active_set_pack_b,5abe96e15542993f32c2a172,1.0,1.0,True,True,"[0.7020901441574097, 0.17032232880592346, 0.06601353734731674]"
5a8b3d1855429949d91db4fe::working_set_pack_a,5a8b3d1855429949d91db4fe,0.75,0.875,False,False,"[0.6065573692321777, 0.19011840224266052, 0.10671883076429367]"
5a8b3d1855429949d91db4fe::active_set_pack_a,5a8b3d1855429949d91db4fe,0.75,0.875,False,False,"[0.6725850701332092, 0.16530005633831024, 0.08574479818344116]"
5a8b3d1855429949d91db4fe::working_set_pack_b,5a8b3d1855429949d91db4fe,1.0,1.0,True,True,"[0.673561155796051, 0.2245715707540512, 0.04908394068479538]"
5a8b3d1855429949d91db4fe::active_set_pack_b,5a8b3d1855429949d91db4fe,1.0,1.0,True,True,"[0.7887126803398132, 0.08509788662195206, 0.07390294224023819]"
5a804d725542995d8a8ddf60::working_set_pack_a,5a804d725542995d8a8ddf60,1.0,1.0,True,True,"[0.6853659749031067, 0.2030053436756134, 0.06499619781970978]"
5a804d725542995d8a8ddf60::active_set_pack_a,5a804d725542995d8a8ddf60,1.0,1.0,True,True,"[0.6500939130783081, 0.23520289361476898, 0.05423867329955101]"
5a804d725542995d8a8ddf60::working_set_pack_b,5a804d725542995d8a8ddf60,1.0,1.0,True,True,"[0.8027225732803345, 0.12605006992816925, 0.041922762989997864]"
5a804d725542995d8a8ddf60::active_set_pack_b,5a804d725542995d8a8ddf60,1.0,1.0,True,True,"[0.8386480212211609, 0.102098748087883, 0.027265749871730804]"
5ab30cc755429976abd1bc3a::working_set_pack_a,5ab30cc755429976abd1bc3a,1.0,1.0,True,True,"[0.46894726157188416, 0.20294521749019623, 0.1828615367412567]"
5ab30cc755429976abd1bc3a::active_set_pack_a,5ab30cc755429976abd1bc3a,1.0,1.0,True,True,"[0.4797784984111786, 0.23441141843795776, 0.16140152513980865]"
5ab30cc755429976abd1bc3a::working_set_pack_b,5ab30cc755429976abd1bc3a,1.0,1.0,True,True,"[0.34518131613731384, 0.2570686638355255, 0.21171557903289795]"
5ab30cc755429976abd1bc3a::active_set_pack_b,5ab30cc755429976abd1bc3a,1.0,1.0,True,True,"[0.33104652166366577, 0.24920138716697693, 0.2361736297607422]"
5a89eca455429946c8d6ea11::working_set_pack_a,5a89eca455429946c8d6ea11,1.0,1.0,True,True,"[0.6386719942092896, 0.22410963475704193, 0.1010257676243782]"
5a89eca455429946c8d6ea11::active_set_pack_a,5a89eca455429946c8d6ea11,1.0,1.0,True,True,"[0.6241731643676758, 0.23484261333942413, 0.10553635656833649]"
5a89eca455429946c8d6ea11::working_set_pack_b,5a89eca455429946c8d6ea11,1.0,1.0,True,True,"[0.4841128885746002, 0.3183601200580597, 0.1414971947669983]"
5a89eca455429946c8d6ea11::active_set_pack_b,5a89eca455429946c8d6ea11,1.0,1.0,True,True,"[0.5762412548065186, 0.25093528628349304, 0.12435589730739594]"
5abaf3385542996cc5e49f2f::working_set_pack_a,5abaf3385542996cc5e49f2f,1.0,1.0,True,True,"[0.48307496309280396, 0.30806484818458557, 0.17145319283008575]"
5abaf3385542996cc5e49f2f::active_set_pack_a,5abaf3385542996cc5e49f2f,1.0,1.0,True,True,"[0.4427955746650696, 0.3239499628543854, 0.19348546862602234]"
5abaf3385542996cc5e49f2f::working_set_pack_b,5abaf3385542996cc5e49f2f,1.0,1.0,True,True,"[0.5012438893318176, 0.26592251658439636, 0.18570424616336823]"
5abaf3385542996cc5e49f2f::active_set_pack_b,5abaf3385542996cc5e49f2f,1.0,1.0,True,True,"[0.41991621255874634, 0.29480716586112976, 0.22558894753456116]"
5ae55c2b5542992663a4f1e4::working_set_pack_a,5ae55c2b5542992663a4f1e4,1.0,1.0,True,True,"[0.7176121473312378, 0.20619522035121918, 0.06818145513534546]"
5ae55c2b5542992663a4f1e4::active_set_pack_a,5ae55c2b5542992663a4f1e4,1.0,1.0,True,True,"[0.7114957571029663, 0.20720313489437103, 0.07212221622467041]"
5ae55c2b5542992663a4f1e4::working_set_pack_b,5ae55c2b5542992663a4f1e4,1.0,1.0,True,True,"[0.5894092321395874, 0.2755701541900635, 0.07586924731731415]"
5ae55c2b5542992663a4f1e4::active_set_pack_b,5ae55c2b5542992663a4f1e4,1.0,1.0,True,True,"[0.6152022480964661, 0.3043191730976105, 0.0599510595202446]"
5a8ce61555429941ae14df36::working_set_pack_a,5a8ce61555429941ae14df36,1.0,1.0,True,True,"[0.4541563391685486, 0.42473727464675903, 0.08727633953094482]"
5a8ce61555429941ae14df36::active_set_pack_a,5a8ce61555429941ae14df36,1.0,1.0,True,True,"[0.4681938588619232, 0.44554826617240906, 0.05633377283811569]"
5a8ce61555429941ae14df36::working_set_pack_b,5a8ce61555429941ae14df36,1.0,1.0,True,True,"[0.534585177898407, 0.36273193359375, 0.0739583969116211]"
5a8ce61555429941ae14df36::active_set_pack_b,5a8ce61555429941ae14df36,1.0,1.0,True,True,"[0.516045093536377, 0.3913520574569702, 0.06042560189962387]"
5aba8365554299232ef4a319::working_set_pack_a,5aba8365554299232ef4a319,1.0,1.0,True,True,"[0.7513175010681152, 0.12803471088409424, 0.06638406962156296]"
5aba8365554299232ef4a319::active_set_pack_a,5aba8365554299232ef4a319,1.0,1.0,True,True,"[0.8066003322601318, 0.10498915612697601, 0.05326690897345543]"
5aba8365554299232ef4a319::working_set_pack_b,5aba8365554299232ef4a319,1.0,1.0,True,True,"[0.6753041744232178, 0.17987817525863647, 0.08534151315689087]"
5aba8365554299232ef4a319::active_set_pack_b,5aba8365554299232ef4a319,1.0,1.0,True,True,"[0.7434027791023254, 0.1663973182439804, 0.05392838269472122]"
5abcff77554299700f9d794f::working_set_pack_a,5abcff77554299700f9d794f,1.0,1.0,True,True,"[0.6663458943367004, 0.2498994618654251, 0.05351920798420906]"
5abcff77554299700f9d794f::active_set_pack_a,5abcff77554299700f9d794f,1.0,1.0,True,True,"[0.6838222742080688, 0.2304895520210266, 0.055503230541944504]"
5abcff77554299700f9d794f::working_set_pack_b,5abcff77554299700f9d794f,1.0,1.0,True,True,"[0.5780482888221741, 0.3557332158088684, 0.03955076262354851]"
5abcff77554299700f9d794f::active_set_pack_b,5abcff77554299700f9d794f,1.0,1.0,True,True,"[0.5506330132484436, 0.3984248638153076, 0.02823340892791748]"
5ab56b71554299637185c586::working_set_pack_a,5ab56b71554299637185c586,1.0,1.0,True,True,"[0.7822796106338501, 0.12566812336444855, 0.05346143990755081]"
5ab56b71554299637185c586::active_set_pack_a,5ab56b71554299637185c586,1.0,1.0,True,True,"[0.7895932793617249, 0.12010740488767624, 0.052939340472221375]"
5ab56b71554299637185c586::working_set_pack_b,5ab56b71554299637185c586,1.0,1.0,True,True,"[0.7796135544776917, 0.11873988807201385, 0.07042129337787628]"
5ab56b71554299637185c586::active_set_pack_b,5ab56b71554299637185c586,1.0,1.0,True,True,"[0.7062009572982788, 0.19671747088432312, 0.055678315460681915]"
5a7ea5125542994959419a40::working_set_pack_a,5a7ea5125542994959419a40,1.0,1.0,True,True,"[0.4670242965221405, 0.3104264438152313, 0.10620676726102829]"
5a7ea5125542994959419a40::active_set_pack_a,5a7ea5125542994959419a40,0.875,1.0,False,True,"[0.46953481435775757, 0.286010205745697, 0.12517422437667847]"
5a7ea5125542994959419a40::working_set_pack_b,5a7ea5125542994959419a40,1.0,1.0,True,True,"[0.4858168065547943, 0.25534364581108093, 0.11480750143527985]"
5a7ea5125542994959419a40::active_set_pack_b,5a7ea5125542994959419a40,0.875,1.0,False,True,"[0.5106287598609924, 0.26170915365219116, 0.09328153729438782]"
5ab90c2655429916710eb0ed::working_set_pack_a,5ab90c2655429916710eb0ed,1.0,0.875,True,False,"[0.803866446018219, 0.11248625814914703, 0.07166045904159546]"
5ab90c2655429916710eb0ed::active_set_pack_a,5ab90c2655429916710eb0ed,1.0,0.875,True,False,"[0.7825097441673279, 0.122882179915905, 0.08322348445653915]"
5ab90c2655429916710eb0ed::working_set_pack_b,5ab90c2655429916710eb0ed,1.0,0.875,True,False,"[0.6884633898735046, 0.19628553092479706, 0.10260611027479172]"
5ab90c2655429916710eb0ed::active_set_pack_b,5ab90c2655429916710eb0ed,1.0,0.875,True,False,"[0.7986457347869873, 0.11933203786611557, 0.0727512538433075]"
5abc2d7755429959677d6a29::working_set_pack_a,5abc2d7755429959677d6a29,1.0,1.0,True,True,"[0.5271623134613037, 0.3807922601699829, 0.07770735025405884]"
5abc2d7755429959677d6a29::active_set_pack_a,5abc2d7755429959677d6a29,1.0,1.0,True,True,"[0.5629984140396118, 0.34510865807533264, 0.07467297464609146]"
5abc2d7755429959677d6a29::working_set_pack_b,5abc2d7755429959677d6a29,1.0,1.0,True,True,"[0.5763213038444519, 0.2876683175563812, 0.11112776398658752]"
5abc2d7755429959677d6a29::active_set_pack_b,5abc2d7755429959677d6a29,1.0,1.0,True,True,"[0.5416445732116699, 0.32165053486824036, 0.10980241000652313]"
5a83143655429954d2e2ec0a::working_set_pack_a,5a83143655429954d2e2ec0a,1.0,1.0,True,True,"[0.622035562992096, 0.29331663250923157, 0.062016163021326065]"
5a83143655429954d2e2ec0a::active_set_pack_a,5a83143655429954d2e2ec0a,1.0,1.0,True,True,"[0.6610085368156433, 0.2673303186893463, 0.04896210879087448]"
5a83143655429954d2e2ec0a::working_set_pack_b,5a83143655429954d2e2ec0a,1.0,1.0,True,True,"[0.7005926966667175, 0.22213657200336456, 0.05425644293427467]"
5a83143655429954d2e2ec0a::active_set_pack_b,5a83143655429954d2e2ec0a,1.0,1.0,True,True,"[0.7363488078117371, 0.18208280205726624, 0.059303250163793564]"
5ab691c5554299710c8d1ed3::working_set_pack_a,5ab691c5554299710c8d1ed3,1.0,1.0,True,True,"[0.7650277018547058, 0.16480834782123566, 0.04160292446613312]"
5ab691c5554299710c8d1ed3::active_set_pack_a,5ab691c5554299710c8d1ed3,1.0,1.0,True,True,"[0.7731313705444336, 0.16831061244010925, 0.03476574271917343]"
5ab691c5554299710c8d1ed3::working_set_pack_b,5ab691c5554299710c8d1ed3,1.0,1.0,True,True,"[0.7020615339279175, 0.1825500726699829, 0.08239785581827164]"
5ab691c5554299710c8d1ed3::active_set_pack_b,5ab691c5554299710c8d1ed3,1.0,1.0,True,True,"[0.7040669918060303, 0.19786497950553894, 0.07619211077690125]"
5a7528e75542996c70cfaea0::working_set_pack_a,5a7528e75542996c70cfaea0,1.0,1.0,True,True,"[0.8322552442550659, 0.13293497264385223, 0.018312299624085426]"
5a7528e75542996c70cfaea0::active_set_pack_a,5a7528e75542996c70cfaea0,1.0,1.0,True,True,"[0.8170592784881592, 0.14438308775424957, 0.01896580494940281]"
5a7528e75542996c70cfaea0::working_set_pack_b,5a7528e75542996c70cfaea0,1.0,1.0,True,True,"[0.8422513604164124, 0.10913334041833878, 0.03350348770618439]"
5a7528e75542996c70cfaea0::active_set_pack_b,5a7528e75542996c70cfaea0,1.0,1.0,True,True,"[0.8556956648826599, 0.10832786560058594, 0.019662082195281982]"
5ab4280b554299233955003a::working_set_pack_a,5ab4280b554299233955003a,1.0,0.875,True,False,"[0.7638633251190186, 0.15099585056304932, 0.059063851833343506]"
5ab4280b554299233955003a::active_set_pack_a,5ab4280b554299233955003a,0.875,0.875,False,False,"[0.7937453985214233, 0.1339626908302307, 0.04825205355882645]"
5ab4280b554299233955003a::working_set_pack_b,5ab4280b554299233955003a,1.0,0.75,True,False,"[0.7499023675918579, 0.15487991273403168, 0.0646243765950203]"
5ab4280b554299233955003a::active_set_pack_b,5ab4280b554299233955003a,1.0,0.75,True,False,"[0.7696099281311035, 0.12886980175971985, 0.07201430946588516]"
5ae3916d5542994393b9e708::working_set_pack_a,5ae3916d5542994393b9e708,0.875,0.5,False,False,"[0.8305076360702515, 0.1284019500017166, 0.03332681208848953]"
5ae3916d5542994393b9e708::active_set_pack_a,5ae3916d5542994393b9e708,0.875,0.5,False,False,"[0.814339816570282, 0.1326933652162552, 0.0434640496969223]"
5ae3916d5542994393b9e708::working_set_pack_b,5ae3916d5542994393b9e708,0.875,0.625,False,False,"[0.8316333889961243, 0.10940536856651306, 0.039657045155763626]"
5ae3916d5542994393b9e708::active_set_pack_b,5ae3916d5542994393b9e708,0.875,0.625,False,False,"[0.8184053897857666, 0.1407870054244995, 0.026905043050646782]"
5adc32805542994650320cad::working_set_pack_a,5adc32805542994650320cad,1.0,0.75,True,False,"[0.5879905819892883, 0.16069674491882324, 0.13240541517734528]"
5adc32805542994650320cad::active_set_pack_a,5adc32805542994650320cad,1.0,0.75,True,False,"[0.6013751029968262, 0.15880918502807617, 0.1263928860425949]"
5adc32805542994650320cad::working_set_pack_b,5adc32805542994650320cad,0.875,0.625,False,False,"[0.4059890806674957, 0.2912950813770294, 0.17749609053134918]"
5adc32805542994650320cad::active_set_pack_b,5adc32805542994650320cad,0.875,0.625,False,False,"[0.4899177849292755, 0.22888211905956268, 0.15521444380283356]"
5a7a1bb25542996a35c170d2::working_set_pack_a,5a7a1bb25542996a35c170d2,1.0,1.0,True,True,"[0.6030075550079346, 0.31043320894241333, 0.06932169944047928]"
5a7a1bb25542996a35c170d2::active_set_pack_a,5a7a1bb25542996a35c170d2,1.0,1.0,True,True,"[0.6210126876831055, 0.30601975321769714, 0.05983317643404007]"
5a7a1bb25542996a35c170d2::working_set_pack_b,5a7a1bb25542996a35c170d2,1.0,1.0,True,True,"[0.6094970703125, 0.30750080943107605, 0.07274074852466583]"
5a7a1bb25542996a35c170d2::active_set_pack_b,5a7a1bb25542996a35c170d2,1.0,1.0,True,True,"[0.6642307639122009, 0.2642839550971985, 0.05960443243384361]"
5adc36475542996e685252e1::working_set_pack_a,5adc36475542996e685252e1,0.875,0.625,False,False,"[0.7141879200935364, 0.12035945057868958, 0.07588788121938705]"
5adc36475542996e685252e1::active_set_pack_a,5adc36475542996e685252e1,0.875,0.625,False,False,"[0.7487687468528748, 0.10541854798793793, 0.08118497580289841]"
5adc36475542996e685252e1::working_set_pack_b,5adc36475542996e685252e1,0.875,0.625,False,False,"[0.6333335041999817, 0.1536550223827362, 0.1256786435842514]"
5adc36475542996e685252e1::active_set_pack_b,5adc36475542996e685252e1,0.875,0.625,False,False,"[0.742878794670105, 0.11129523813724518, 0.084405317902565]"
5a7af39755429931da12c99d::working_set_pack_a,5a7af39755429931da12c99d,1.0,0.875,True,False,"[0.4683381915092468, 0.32940924167633057, 0.15933309495449066]"
5a7af39755429931da12c99d::active_set_pack_a,5a7af39755429931da12c99d,1.0,0.875,True,False,"[0.49657151103019714, 0.27172449231147766, 0.17786966264247894]"
5a7af39755429931da12c99d::working_set_pack_b,5a7af39755429931da12c99d,1.0,1.0,True,True,"[0.4117533564567566, 0.32210808992385864, 0.1961565613746643]"
5a7af39755429931da12c99d::active_set_pack_b,5a7af39755429931da12c99d,1.0,0.875,True,False,"[0.406465083360672, 0.33671414852142334, 0.19703787565231323]"
5ade2af055429939a52fe84b::working_set_pack_a,5ade2af055429939a52fe84b,1.0,1.0,True,True,"[0.7475447654724121, 0.16435706615447998, 0.058736689388751984]"
5ade2af055429939a52fe84b::active_set_pack_a,5ade2af055429939a52fe84b,1.0,1.0,True,True,"[0.7631229758262634, 0.15630535781383514, 0.05190332233905792]"
5ade2af055429939a52fe84b::working_set_pack_b,5ade2af055429939a52fe84b,1.0,1.0,True,True,"[0.7130878567695618, 0.1572791039943695, 0.06925645470619202]"
5ade2af055429939a52fe84b::active_set_pack_b,5ade2af055429939a52fe84b,1.0,1.0,True,True,"[0.7425965666770935, 0.15086624026298523, 0.058864790946245193]"
5ab907c555429916710eb0e3::working_set_pack_a,5ab907c555429916710eb0e3,0.75,0.625,False,False,"[0.9484225511550903, 0.020277662202715874, 0.01617911271750927]"
5ab907c555429916710eb0e3::active_set_pack_a,5ab907c555429916710eb0e3,0.625,0.5,False,False,"[0.9385285973548889, 0.024901874363422394, 0.016977058723568916]"
5ab907c555429916710eb0e3::working_set_pack_b,5ab907c555429916710eb0e3,0.875,0.625,False,False,"[0.872098445892334, 0.06174374371767044, 0.036288514733314514]"
5ab907c555429916710eb0e3::active_set_pack_b,5ab907c555429916710eb0e3,0.625,0.75,False,False,"[0.9355283379554749, 0.030925875529646873, 0.014565558172762394]"
5a73630855429901807db021::working_set_pack_a,5a73630855429901807db021,1.0,1.0,True,True,"[0.8822907209396362, 0.07940242439508438, 0.02929123304784298]"
5a73630855429901807db021::active_set_pack_a,5a73630855429901807db021,1.0,1.0,True,True,"[0.8850480318069458, 0.07823233306407928, 0.026587413623929024]"
5a73630855429901807db021::working_set_pack_b,5a73630855429901807db021,1.0,1.0,True,True,"[0.8790764212608337, 0.08678378909826279, 0.023081142455339432]"
5a73630855429901807db021::active_set_pack_b,5a73630855429901807db021,1.0,1.0,True,True,"[0.8862292766571045, 0.07543756812810898, 0.030421415343880653]"
5abae0265542996cc5e49ec3::working_set_pack_a,5abae0265542996cc5e49ec3,1.0,1.0,True,True,"[0.5275248885154724, 0.43399882316589355, 0.017175311222672462]"
5abae0265542996cc5e49ec3::active_set_pack_a,5abae0265542996cc5e49ec3,1.0,1.0,True,True,"[0.5749708414077759, 0.3815614879131317, 0.020239848643541336]"
5abae0265542996cc5e49ec3::working_set_pack_b,5abae0265542996cc5e49ec3,1.0,1.0,True,True,"[0.5427703261375427, 0.4287964701652527, 0.012540344148874283]"
5abae0265542996cc5e49ec3::active_set_pack_b,5abae0265542996cc5e49ec3,1.0,1.0,True,True,"[0.6553956270217896, 0.31607168912887573, 0.012679744511842728]"
5ae061705542993d6555eb26::working_set_pack_a,5ae061705542993d6555eb26,1.0,1.0,True,True,"[0.7773167490959167, 0.19293583929538727, 0.016649700701236725]"
5ae061705542993d6555eb26::active_set_pack_a,5ae061705542993d6555eb26,1.0,1.0,True,True,"[0.7649720311164856, 0.204138845205307, 0.016257300972938538]"
5ae061705542993d6555eb26::working_set_pack_b,5ae061705542993d6555eb26,1.0,1.0,True,True,"[0.6270063519477844, 0.2932620942592621, 0.06099832430481911]"
5ae061705542993d6555eb26::active_set_pack_b,5ae061705542993d6555eb26,1.0,1.0,True,True,"[0.6075303554534912, 0.32642409205436707, 0.03955346345901489]"
5a835bb5554299123d8c2102::working_set_pack_a,5a835bb5554299123d8c2102,1.0,1.0,True,True,"[0.5475464463233948, 0.35867300629615784, 0.05508909374475479]"
5a835bb5554299123d8c2102::active_set_pack_a,5a835bb5554299123d8c2102,1.0,1.0,True,True,"[0.5999674201011658, 0.3169490694999695, 0.04663198068737984]"
5a835bb5554299123d8c2102::working_set_pack_b,5a835bb5554299123d8c2102,1.0,1.0,True,True,"[0.5457726716995239, 0.37283748388290405, 0.05467700585722923]"
5a835bb5554299123d8c2102::active_set_pack_b,5a835bb5554299123d8c2102,1.0,1.0,True,True,"[0.6380592584609985, 0.29867225885391235, 0.03618771955370903]"
5ae05c3155429924de1b70b0::working_set_pack_a,5ae05c3155429924de1b70b0,1.0,1.0,True,True,"[0.5698992013931274, 0.3090616464614868, 0.06173001974821091]"
5ae05c3155429924de1b70b0::active_set_pack_a,5ae05c3155429924de1b70b0,1.0,1.0,True,True,"[0.5352121591567993, 0.3394125699996948, 0.06591618806123734]"
5ae05c3155429924de1b70b0::working_set_pack_b,5ae05c3155429924de1b70b0,1.0,1.0,True,True,"[0.5327432751655579, 0.327463835477829, 0.07943060994148254]"
5ae05c3155429924de1b70b0::active_set_pack_b,5ae05c3155429924de1b70b0,1.0,1.0,True,True,"[0.5019491314888, 0.3900456428527832, 0.05705577880144119]"
5ae225fb554299234fd043f8::working_set_pack_a,5ae225fb554299234fd043f8,1.0,1.0,True,True,"[0.6859389543533325, 0.19499653577804565, 0.08178158849477768]"
5ae225fb554299234fd043f8::active_set_pack_a,5ae225fb554299234fd043f8,1.0,1.0,True,True,"[0.6924900412559509, 0.19745321571826935, 0.07869385927915573]"
5ae225fb554299234fd043f8::working_set_pack_b,5ae225fb554299234fd043f8,1.0,1.0,True,True,"[0.6255244016647339, 0.23015710711479187, 0.11202911287546158]"
5ae225fb554299234fd043f8::active_set_pack_b,5ae225fb554299234fd043f8,1.0,1.0,True,True,"[0.7390985488891602, 0.16848604381084442, 0.05918014422059059]"
5ae513225542993aec5ec12e::working_set_pack_a,5ae513225542993aec5ec12e,1.0,0.5,True,False,"[0.4913266599178314, 0.27532052993774414, 0.16190724074840546]"
5ae513225542993aec5ec12e::active_set_pack_a,5ae513225542993aec5ec12e,1.0,0.5,True,False,"[0.47778207063674927, 0.26856303215026855, 0.17935869097709656]"
5ae513225542993aec5ec12e::working_set_pack_b,5ae513225542993aec5ec12e,1.0,0.5,True,False,"[0.5394561886787415, 0.24079550802707672, 0.176194965839386]"
5ae513225542993aec5ec12e::active_set_pack_b,5ae513225542993aec5ec12e,1.0,0.5,True,False,"[0.532396674156189, 0.2419949471950531, 0.17322169244289398]"
5abd0749554299700f9d796f::working_set_pack_a,5abd0749554299700f9d796f,1.0,1.0,True,True,"[0.6518883109092712, 0.3055535554885864, 0.022270813584327698]"
5abd0749554299700f9d796f::active_set_pack_a,5abd0749554299700f9d796f,1.0,1.0,True,True,"[0.6990432143211365, 0.25737759470939636, 0.022115275263786316]"
5abd0749554299700f9d796f::working_set_pack_b,5abd0749554299700f9d796f,1.0,1.0,True,True,"[0.690706729888916, 0.26320475339889526, 0.028507012873888016]"
5abd0749554299700f9d796f::active_set_pack_b,5abd0749554299700f9d796f,1.0,1.0,True,True,"[0.5912412405014038, 0.3596965968608856, 0.030699318274855614]"
5a8a28505542996c9b8d5e22::working_set_pack_a,5a8a28505542996c9b8d5e22,1.0,0.75,True,False,"[0.4465751647949219, 0.40251705050468445, 0.08706650137901306]"
5a8a28505542996c9b8d5e22::active_set_pack_a,5a8a28505542996c9b8d5e22,1.0,0.75,True,False,"[0.43651530146598816, 0.4077380299568176, 0.09068616479635239]"
5a8a28505542996c9b8d5e22::working_set_pack_b,5a8a28505542996c9b8d5e22,1.0,0.875,True,False,"[0.46286192536354065, 0.37512052059173584, 0.08914739638566971]"
5a8a28505542996c9b8d5e22::active_set_pack_b,5a8a28505542996c9b8d5e22,1.0,0.75,True,False,"[0.42497673630714417, 0.37169504165649414, 0.15223264694213867]"
5a727bb95542991f9a20c48d::working_set_pack_a,5a727bb95542991f9a20c48d,0.875,0.625,False,False,"[0.8176872730255127, 0.07359609752893448, 0.052235860377550125]"
5a727bb95542991f9a20c48d::active_set_pack_a,5a727bb95542991f9a20c48d,0.875,0.75,False,False,"[0.8142712116241455, 0.07865729182958603, 0.053666356950998306]"
5a727bb95542991f9a20c48d::working_set_pack_b,5a727bb95542991f9a20c48d,0.875,0.625,False,False,"[0.7276797890663147, 0.13862918317317963, 0.08224749565124512]"
5a727bb95542991f9a20c48d::active_set_pack_b,5a727bb95542991f9a20c48d,0.875,0.625,False,False,"[0.7408076524734497, 0.11771497130393982, 0.07961376756429672]"
5ae754725542995703ce8bf2::working_set_pack_a,5ae754725542995703ce8bf2,1.0,1.0,True,True,"[0.5135455131530762, 0.4126535952091217, 0.044705890119075775]"
5ae754725542995703ce8bf2::active_set_pack_a,5ae754725542995703ce8bf2,1.0,1.0,True,True,"[0.4967048764228821, 0.4247966408729553, 0.048558976501226425]"
5ae754725542995703ce8bf2::working_set_pack_b,5ae754725542995703ce8bf2,1.0,1.0,True,True,"[0.5678040981292725, 0.3440442681312561, 0.05642414465546608]"
5ae754725542995703ce8bf2::active_set_pack_b,5ae754725542995703ce8bf2,1.0,1.0,True,True,"[0.615669310092926, 0.29882094264030457, 0.05668215453624725]"
5a740aa955429974ef308ba3::working_set_pack_a,5a740aa955429974ef308ba3,1.0,0.75,True,False,"[0.5015653371810913, 0.31671130657196045, 0.11570925265550613]"
5a740aa955429974ef308ba3::active_set_pack_a,5a740aa955429974ef308ba3,1.0,0.75,True,False,"[0.4550047814846039, 0.3295724391937256, 0.152719184756279]"
5a740aa955429974ef308ba3::working_set_pack_b,5a740aa955429974ef308ba3,1.0,0.75,True,False,"[0.4124700725078583, 0.2804551124572754, 0.24622511863708496]"
5a740aa955429974ef308ba3::active_set_pack_b,5a740aa955429974ef308ba3,1.0,0.875,True,False,"[0.3823062479496002, 0.29898056387901306, 0.23885370790958405]"
5ae331f955429928c423966f::working_set_pack_a,5ae331f955429928c423966f,1.0,1.0,True,True,"[0.7759354114532471, 0.18390487134456635, 0.02459481731057167]"
5ae331f955429928c423966f::active_set_pack_a,5ae331f955429928c423966f,1.0,1.0,True,True,"[0.7252234816551208, 0.22634796798229218, 0.027637479826807976]"
5ae331f955429928c423966f::working_set_pack_b,5ae331f955429928c423966f,1.0,1.0,True,True,"[0.7765587568283081, 0.17183418571949005, 0.028737451881170273]"
5ae331f955429928c423966f::active_set_pack_b,5ae331f955429928c423966f,1.0,1.0,True,True,"[0.863442063331604, 0.10105828940868378, 0.020268429070711136]"
5ade4e43554299728e26c6bb::working_set_pack_a,5ade4e43554299728e26c6bb,0.875,1.0,False,True,"[0.5833520293235779, 0.22081267833709717, 0.1250176578760147]"
5ade4e43554299728e26c6bb::active_set_pack_a,5ade4e43554299728e26c6bb,1.0,1.0,True,True,"[0.556445837020874, 0.26546919345855713, 0.11772782355546951]"
5ade4e43554299728e26c6bb::working_set_pack_b,5ade4e43554299728e26c6bb,1.0,1.0,True,True,"[0.5084255933761597, 0.2938591241836548, 0.1219477578997612]"
5ade4e43554299728e26c6bb::active_set_pack_b,5ade4e43554299728e26c6bb,1.0,1.0,True,True,"[0.47994327545166016, 0.38423195481300354, 0.09467728435993195]"
5ac25c4a55429951e9e6857f::working_set_pack_a,5ac25c4a55429951e9e6857f,1.0,1.0,True,True,"[0.7148379683494568, 0.1828746646642685, 0.09401314705610275]"
5ac25c4a55429951e9e6857f::active_set_pack_a,5ac25c4a55429951e9e6857f,1.0,1.0,True,True,"[0.7214293479919434, 0.18660461902618408, 0.08388683944940567]"
5ac25c4a55429951e9e6857f::working_set_pack_b,5ac25c4a55429951e9e6857f,1.0,1.0,True,True,"[0.7075216770172119, 0.17456156015396118, 0.11038767546415329]"
5ac25c4a55429951e9e6857f::active_set_pack_b,5ac25c4a55429951e9e6857f,1.0,0.875,True,False,"[0.5868247747421265, 0.20524315536022186, 0.19969481229782104]"
5ae79c2b5542993210983eae::working_set_pack_a,5ae79c2b5542993210983eae,1.0,0.875,True,False,"[0.6793816089630127, 0.17687399685382843, 0.09398145228624344]"
5ae79c2b5542993210983eae::active_set_pack_a,5ae79c2b5542993210983eae,1.0,0.875,True,False,"[0.6257146596908569, 0.2021855115890503, 0.11545297503471375]"
5ae79c2b5542993210983eae::working_set_pack_b,5ae79c2b5542993210983eae,1.0,0.875,True,False,"[0.6753554940223694, 0.16124656796455383, 0.10666763037443161]"
5ae79c2b5542993210983eae::active_set_pack_b,5ae79c2b5542993210983eae,1.0,0.875,True,False,"[0.5850857496261597, 0.23819500207901, 0.11581387370824814]"
5a73e07655429905862fe0ea::working_set_pack_a,5a73e07655429905862fe0ea,0.875,0.875,False,False,"[0.6458396315574646, 0.2502894401550293, 0.04856674000620842]"
5a73e07655429905862fe0ea::active_set_pack_a,5a73e07655429905862fe0ea,0.875,0.875,False,False,"[0.6690136790275574, 0.22616808116436005, 0.05005244165658951]"
5a73e07655429905862fe0ea::working_set_pack_b,5a73e07655429905862fe0ea,0.75,0.75,False,False,"[0.5179041028022766, 0.3606327176094055, 0.06690220534801483]"
5a73e07655429905862fe0ea::active_set_pack_b,5a73e07655429905862fe0ea,0.75,0.75,False,False,"[0.5602839589118958, 0.320020854473114, 0.06305418163537979]"
5a8885b4554299206df2b2e4::working_set_pack_a,5a8885b4554299206df2b2e4,1.0,1.0,True,True,"[0.49911022186279297, 0.4368770718574524, 0.045455120503902435]"
5a8885b4554299206df2b2e4::active_set_pack_a,5a8885b4554299206df2b2e4,1.0,1.0,True,True,"[0.5220990777015686, 0.4087602198123932, 0.050398893654346466]"
5a8885b4554299206df2b2e4::working_set_pack_b,5a8885b4554299206df2b2e4,1.0,1.0,True,True,"[0.49590903520584106, 0.4298763871192932, 0.051278192549943924]"
5a8885b4554299206df2b2e4::active_set_pack_b,5a8885b4554299206df2b2e4,1.0,1.0,True,True,"[0.5512480139732361, 0.38299208879470825, 0.04321618378162384]"
5a7d20b055429909bec76973::working_set_pack_a,5a7d20b055429909bec76973,0.875,0.875,False,False,"[0.6970831751823425, 0.24248389899730682, 0.03231746330857277]"
5a7d20b055429909bec76973::active_set_pack_a,5a7d20b055429909bec76973,0.875,0.875,False,False,"[0.7019628882408142, 0.22353748977184296, 0.04399547353386879]"
5a7d20b055429909bec76973::working_set_pack_b,5a7d20b055429909bec76973,0.875,0.75,False,False,"[0.6919838786125183, 0.2129732370376587, 0.04648887738585472]"
5a7d20b055429909bec76973::active_set_pack_b,5a7d20b055429909bec76973,0.875,0.75,False,False,"[0.7725437879562378, 0.14422607421875, 0.048940423876047134]"
5a793e77554299029c4b5f36::working_set_pack_a,5a793e77554299029c4b5f36,1.0,1.0,True,True,"[0.5747668743133545, 0.36547666788101196, 0.037933409214019775]"
5a793e77554299029c4b5f36::active_set_pack_a,5a793e77554299029c4b5f36,1.0,1.0,True,True,"[0.6162927746772766, 0.32689258456230164, 0.03610441833734512]"
5a793e77554299029c4b5f36::working_set_pack_b,5a793e77554299029c4b5f36,1.0,1.0,True,True,"[0.688991904258728, 0.2606234550476074, 0.031168987974524498]"
5a793e77554299029c4b5f36::active_set_pack_b,5a793e77554299029c4b5f36,1.0,1.0,True,True,"[0.653396487236023, 0.28779762983322144, 0.040047984570264816]"
5a8906515542993b751ca8f0::working_set_pack_a,5a8906515542993b751ca8f0,1.0,1.0,True,True,"[0.7943077087402344, 0.12552005052566528, 0.04985061660408974]"
5a8906515542993b751ca8f0::active_set_pack_a,5a8906515542993b751ca8f0,1.0,1.0,True,True,"[0.7594962120056152, 0.14995796978473663, 0.052898116409778595]"
5a8906515542993b751ca8f0::working_set_pack_b,5a8906515542993b751ca8f0,1.0,1.0,True,True,"[0.727478563785553, 0.16799436509609222, 0.05889743193984032]"
5a8906515542993b751ca8f0::active_set_pack_b,5a8906515542993b751ca8f0,1.0,1.0,True,True,"[0.6317845582962036, 0.2457892894744873, 0.08486656099557877]"
5adf6abe5542993344016c8c::working_set_pack_a,5adf6abe5542993344016c8c,0.875,1.0,False,True,"[0.6898135542869568, 0.10417580604553223, 0.08611588925123215]"
5adf6abe5542993344016c8c::active_set_pack_a,5adf6abe5542993344016c8c,0.875,1.0,False,True,"[0.7029851078987122, 0.10466394573450089, 0.08271541446447372]"
5adf6abe5542993344016c8c::working_set_pack_b,5adf6abe5542993344016c8c,0.875,1.0,False,True,"[0.6635093688964844, 0.10924162715673447, 0.09329736232757568]"
5adf6abe5542993344016c8c::active_set_pack_b,5adf6abe5542993344016c8c,0.875,0.875,False,False,"[0.6347877979278564, 0.11707189679145813, 0.10815561562776566]"
5ab51c455542990594ba9d0a::working_set_pack_a,5ab51c455542990594ba9d0a,1.0,1.0,True,True,"[0.8381607532501221, 0.07624230533838272, 0.041926827281713486]"
5ab51c455542990594ba9d0a::active_set_pack_a,5ab51c455542990594ba9d0a,1.0,1.0,True,True,"[0.836525559425354, 0.09225175529718399, 0.03174876049160957]"
5ab51c455542990594ba9d0a::working_set_pack_b,5ab51c455542990594ba9d0a,1.0,1.0,True,True,"[0.799598753452301, 0.10505352914333344, 0.04991539567708969]"
5ab51c455542990594ba9d0a::active_set_pack_b,5ab51c455542990594ba9d0a,1.0,1.0,True,True,"[0.7904057502746582, 0.09282124042510986, 0.07059521973133087]"
5ae12f915542997b2ef7d11f::working_set_pack_a,5ae12f915542997b2ef7d11f,1.0,1.0,True,True,"[0.5539746880531311, 0.2673574984073639, 0.10701396316289902]"
5ae12f915542997b2ef7d11f::active_set_pack_a,5ae12f915542997b2ef7d11f,1.0,1.0,True,True,"[0.4597441852092743, 0.3517330288887024, 0.114168681204319]"
5ae12f915542997b2ef7d11f::working_set_pack_b,5ae12f915542997b2ef7d11f,1.0,1.0,True,True,"[0.47711634635925293, 0.25590160489082336, 0.16089096665382385]"
5ae12f915542997b2ef7d11f::active_set_pack_b,5ae12f915542997b2ef7d11f,0.875,1.0,False,True,"[0.46868908405303955, 0.23490068316459656, 0.18639127910137177]"
5adbdb8955429944faac2389::working_set_pack_a,5adbdb8955429944faac2389,0.875,1.0,False,True,"[0.9609562754631042, 0.01903659664094448, 0.01136657316237688]"
5adbdb8955429944faac2389::active_set_pack_a,5adbdb8955429944faac2389,0.875,0.875,False,False,"[0.9648790955543518, 0.016589896753430367, 0.010146011598408222]"
5adbdb8955429944faac2389::working_set_pack_b,5adbdb8955429944faac2389,0.875,1.0,False,True,"[0.948617696762085, 0.023106329143047333, 0.015679309144616127]"
5adbdb8955429944faac2389::active_set_pack_b,5adbdb8955429944faac2389,0.875,0.875,False,False,"[0.9571040868759155, 0.018583830446004868, 0.011885025538504124]"
5a74a7bf55429929fddd8494::working_set_pack_a,5a74a7bf55429929fddd8494,1.0,1.0,True,True,"[0.9291934370994568, 0.034996941685676575, 0.017562584951519966]"
5a74a7bf55429929fddd8494::active_set_pack_a,5a74a7bf55429929fddd8494,1.0,0.875,True,False,"[0.8972493410110474, 0.04315633699297905, 0.03343478590250015]"
5a74a7bf55429929fddd8494::working_set_pack_b,5a74a7bf55429929fddd8494,0.875,0.875,False,False,"[0.8007565140724182, 0.1213139072060585, 0.0537157878279686]"
5a74a7bf55429929fddd8494::active_set_pack_b,5a74a7bf55429929fddd8494,0.875,0.875,False,False,"[0.7945148348808289, 0.1294240951538086, 0.048764023929834366]"
5a89a59555429946c8d6e97e::working_set_pack_a,5a89a59555429946c8d6e97e,1.0,1.0,True,True,"[0.8561319708824158, 0.09941104054450989, 0.02030213735997677]"
5a89a59555429946c8d6e97e::active_set_pack_a,5a89a59555429946c8d6e97e,1.0,1.0,True,True,"[0.8440761566162109, 0.10727085918188095, 0.022295096889138222]"
5a89a59555429946c8d6e97e::working_set_pack_b,5a89a59555429946c8d6e97e,1.0,1.0,True,True,"[0.7523112297058105, 0.1778782457113266, 0.03630003705620766]"
5a89a59555429946c8d6e97e::active_set_pack_b,5a89a59555429946c8d6e97e,1.0,1.0,True,True,"[0.8203921914100647, 0.11623542755842209, 0.029839184135198593]"
5abe37295542993f32c2a090::working_set_pack_a,5abe37295542993f32c2a090,0.875,1.0,False,True,"[0.5724388957023621, 0.28824782371520996, 0.07904515415430069]"
5abe37295542993f32c2a090::active_set_pack_a,5abe37295542993f32c2a090,0.875,1.0,False,True,"[0.5771646499633789, 0.2899720370769501, 0.07450363039970398]"
5abe37295542993f32c2a090::working_set_pack_b,5abe37295542993f32c2a090,1.0,1.0,True,True,"[0.5772678256034851, 0.25349780917167664, 0.09499748796224594]"
5abe37295542993f32c2a090::active_set_pack_b,5abe37295542993f32c2a090,1.0,1.0,True,True,"[0.5344260334968567, 0.316191703081131, 0.09036514908075333]"
5adf54605542993a75d264c6::working_set_pack_a,5adf54605542993a75d264c6,1.0,1.0,True,True,"[0.5551480650901794, 0.39163365960121155, 0.029844408854842186]"
5adf54605542993a75d264c6::active_set_pack_a,5adf54605542993a75d264c6,1.0,1.0,True,True,"[0.619166374206543, 0.3239903748035431, 0.03192732855677605]"
5adf54605542993a75d264c6::working_set_pack_b,5adf54605542993a75d264c6,1.0,1.0,True,True,"[0.5809006094932556, 0.34127992391586304, 0.0540262833237648]"
5adf54605542993a75d264c6::active_set_pack_b,5adf54605542993a75d264c6,1.0,1.0,True,True,"[0.5688906311988831, 0.36274367570877075, 0.04219595715403557]"
5a7792435542995d831811e4::working_set_pack_a,5a7792435542995d831811e4,0.875,0.875,False,False,"[0.619190514087677, 0.278053343296051, 0.07771233469247818]"
5a7792435542995d831811e4::active_set_pack_a,5a7792435542995d831811e4,0.875,0.875,False,False,"[0.6032665967941284, 0.3007952570915222, 0.07375573366880417]"
5a7792435542995d831811e4::working_set_pack_b,5a7792435542995d831811e4,1.0,1.0,True,True,"[0.539555549621582, 0.2726617157459259, 0.1630849838256836]"
5a7792435542995d831811e4::active_set_pack_b,5a7792435542995d831811e4,0.875,0.875,False,False,"[0.7362568974494934, 0.17129890620708466, 0.0571674220263958]"
5a8a481a55429930ff3c0d5a::working_set_pack_a,5a8a481a55429930ff3c0d5a,1.0,1.0,True,True,"[0.7112516760826111, 0.23355644941329956, 0.049600254744291306]"
5a8a481a55429930ff3c0d5a::active_set_pack_a,5a8a481a55429930ff3c0d5a,1.0,1.0,True,True,"[0.6783426403999329, 0.2660512924194336, 0.05026724189519882]"
5a8a481a55429930ff3c0d5a::working_set_pack_b,5a8a481a55429930ff3c0d5a,1.0,1.0,True,True,"[0.7164756059646606, 0.23022423684597015, 0.047418735921382904]"
5a8a481a55429930ff3c0d5a::active_set_pack_b,5a8a481a55429930ff3c0d5a,1.0,1.0,True,True,"[0.6975568532943726, 0.2505004107952118, 0.04642372205853462]"
5ac269a455429951e9e685aa::working_set_pack_a,5ac269a455429951e9e685aa,1.0,1.0,True,True,"[0.5647467374801636, 0.3127467632293701, 0.061845678836107254]"
5ac269a455429951e9e685aa::active_set_pack_a,5ac269a455429951e9e685aa,1.0,1.0,True,True,"[0.5941963791847229, 0.28836795687675476, 0.056412309408187866]"
5ac269a455429951e9e685aa::working_set_pack_b,5ac269a455429951e9e685aa,1.0,1.0,True,True,"[0.5945520997047424, 0.311331570148468, 0.04510946944355965]"
5ac269a455429951e9e685aa::active_set_pack_b,5ac269a455429951e9e685aa,1.0,1.0,True,True,"[0.5941609740257263, 0.31040865182876587, 0.04490538313984871]"
5a7cd27e55429909bec76827::working_set_pack_a,5a7cd27e55429909bec76827,1.0,1.0,True,True,"[0.6851477026939392, 0.19210302829742432, 0.048220209777355194]"
5a7cd27e55429909bec76827::active_set_pack_a,5a7cd27e55429909bec76827,1.0,1.0,True,True,"[0.6899313926696777, 0.18377184867858887, 0.04979760944843292]"
5a7cd27e55429909bec76827::working_set_pack_b,5a7cd27e55429909bec76827,1.0,1.0,True,True,"[0.743773341178894, 0.1401471495628357, 0.05572541430592537]"
5a7cd27e55429909bec76827::active_set_pack_b,5a7cd27e55429909bec76827,1.0,1.0,True,True,"[0.6742191314697266, 0.18932437896728516, 0.05954540893435478]"
5adbf5e255429947ff17386c::working_set_pack_a,5adbf5e255429947ff17386c,1.0,1.0,True,True,"[0.6757986545562744, 0.2456028163433075, 0.05173814669251442]"
5adbf5e255429947ff17386c::active_set_pack_a,5adbf5e255429947ff17386c,1.0,1.0,True,True,"[0.6656108498573303, 0.25746244192123413, 0.048285361379384995]"
5adbf5e255429947ff17386c::working_set_pack_b,5adbf5e255429947ff17386c,1.0,1.0,True,True,"[0.5122087597846985, 0.41820070147514343, 0.040681857615709305]"
5adbf5e255429947ff17386c::active_set_pack_b,5adbf5e255429947ff17386c,1.0,1.0,True,True,"[0.551800012588501, 0.36176562309265137, 0.04763955622911453]"
5a764341554299109176e6e9::working_set_pack_a,5a764341554299109176e6e9,1.0,1.0,True,True,"[0.8352087736129761, 0.11357449740171432, 0.027937738224864006]"
5a764341554299109176e6e9::active_set_pack_a,5a764341554299109176e6e9,1.0,1.0,True,True,"[0.7760404348373413, 0.15031404793262482, 0.04026702791452408]"
5a764341554299109176e6e9::working_set_pack_b,5a764341554299109176e6e9,1.0,1.0,True,True,"[0.8052656650543213, 0.1293489784002304, 0.03694375976920128]"
5a764341554299109176e6e9::active_set_pack_b,5a764341554299109176e6e9,1.0,1.0,True,True,"[0.7963056564331055, 0.14528480172157288, 0.029253477230668068]"
5a7ded525542990b8f503af2::working_set_pack_a,5a7ded525542990b8f503af2,1.0,1.0,True,True,"[0.602038562297821, 0.3105684518814087, 0.051846686750650406]"
5a7ded525542990b8f503af2::active_set_pack_a,5a7ded525542990b8f503af2,1.0,1.0,True,True,"[0.5287891626358032, 0.3718562126159668, 0.061223823577165604]"
5a7ded525542990b8f503af2::working_set_pack_b,5a7ded525542990b8f503af2,1.0,1.0,True,True,"[0.660136342048645, 0.24966999888420105, 0.051302794367074966]"
5a7ded525542990b8f503af2::active_set_pack_b,5a7ded525542990b8f503af2,1.0,1.0,True,True,"[0.6634582877159119, 0.23827870190143585, 0.05924299359321594]"
5ae3aebf5542992f92d8233d::working_set_pack_a,5ae3aebf5542992f92d8233d,1.0,1.0,True,True,"[0.6098284721374512, 0.32415571808815, 0.034882474690675735]"
5ae3aebf5542992f92d8233d::active_set_pack_a,5ae3aebf5542992f92d8233d,1.0,1.0,True,True,"[0.6290991902351379, 0.2955653965473175, 0.04394136741757393]"
5ae3aebf5542992f92d8233d::working_set_pack_b,5ae3aebf5542992f92d8233d,1.0,1.0,True,True,"[0.5968917608261108, 0.3202309012413025, 0.05001402646303177]"
5ae3aebf5542992f92d8233d::active_set_pack_b,5ae3aebf5542992f92d8233d,1.0,1.0,True,True,"[0.6864200234413147, 0.24481675028800964, 0.041943296790122986]"
5a7e15255542997cc2c4751d::working_set_pack_a,5a7e15255542997cc2c4751d,1.0,0.75,True,False,"[0.5424337983131409, 0.246925950050354, 0.1647690236568451]"
5a7e15255542997cc2c4751d::active_set_pack_a,5a7e15255542997cc2c4751d,1.0,0.75,True,False,"[0.4987506866455078, 0.2894645929336548, 0.16231109201908112]"
5a7e15255542997cc2c4751d::working_set_pack_b,5a7e15255542997cc2c4751d,1.0,0.75,True,False,"[0.644157350063324, 0.21756483614444733, 0.08821756392717361]"
5a7e15255542997cc2c4751d::active_set_pack_b,5a7e15255542997cc2c4751d,1.0,0.75,True,False,"[0.6608448624610901, 0.18387512862682343, 0.11222347617149353]"
5a8a07475542992e4fca84dc::working_set_pack_a,5a8a07475542992e4fca84dc,1.0,0.875,True,False,"[0.47515180706977844, 0.32046717405319214, 0.17896628379821777]"
5a8a07475542992e4fca84dc::active_set_pack_a,5a8a07475542992e4fca84dc,1.0,1.0,True,True,"[0.44877269864082336, 0.3552866578102112, 0.17360271513462067]"
5a8a07475542992e4fca84dc::working_set_pack_b,5a8a07475542992e4fca84dc,1.0,1.0,True,True,"[0.43857139348983765, 0.3930152654647827, 0.14485158026218414]"
5a8a07475542992e4fca84dc::active_set_pack_b,5a8a07475542992e4fca84dc,1.0,1.0,True,True,"[0.4413946866989136, 0.3262064754962921, 0.20834922790527344]"
5a7fea955542994857a7684a::working_set_pack_a,5a7fea955542994857a7684a,1.0,1.0,True,True,"[0.6265310049057007, 0.3069654405117035, 0.03695802018046379]"
5a7fea955542994857a7684a::active_set_pack_a,5a7fea955542994857a7684a,1.0,1.0,True,True,"[0.6077501177787781, 0.3349926471710205, 0.03174397721886635]"
5a7fea955542994857a7684a::working_set_pack_b,5a7fea955542994857a7684a,1.0,1.0,True,True,"[0.6036981344223022, 0.3147244155406952, 0.04138415679335594]"
5a7fea955542994857a7684a::active_set_pack_b,5a7fea955542994857a7684a,1.0,1.0,True,True,"[0.575432538986206, 0.3459293246269226, 0.042472969740629196]"
5ab98b2d554299131ca4236e::working_set_pack_a,5ab98b2d554299131ca4236e,1.0,0.875,True,False,"[0.7685582637786865, 0.10901694744825363, 0.0660724937915802]"
5ab98b2d554299131ca4236e::active_set_pack_a,5ab98b2d554299131ca4236e,1.0,0.875,True,False,"[0.812015950679779, 0.0895695835351944, 0.050085898488759995]"
5ab98b2d554299131ca4236e::working_set_pack_b,5ab98b2d554299131ca4236e,0.875,0.875,False,False,"[0.8002630472183228, 0.11559347063302994, 0.04229646921157837]"
5ab98b2d554299131ca4236e::active_set_pack_b,5ab98b2d554299131ca4236e,0.875,0.875,False,False,"[0.755403459072113, 0.09986703097820282, 0.09125780314207077]"
5ae717ec5542995703ce8bd0::working_set_pack_a,5ae717ec5542995703ce8bd0,1.0,1.0,True,True,"[0.9225947260856628, 0.06195801869034767, 0.009018723852932453]"
5ae717ec5542995703ce8bd0::active_set_pack_a,5ae717ec5542995703ce8bd0,1.0,1.0,True,True,"[0.9278269410133362, 0.05104675143957138, 0.014594641514122486]"
5ae717ec5542995703ce8bd0::working_set_pack_b,5ae717ec5542995703ce8bd0,0.875,1.0,False,True,"[0.9189075231552124, 0.05016465112566948, 0.02422211691737175]"
5ae717ec5542995703ce8bd0::active_set_pack_b,5ae717ec5542995703ce8bd0,0.875,1.0,False,True,"[0.9567159414291382, 0.023091616109013557, 0.01356052327901125]"
5a7b5e55554299042af8f755::working_set_pack_a,5a7b5e55554299042af8f755,1.0,1.0,True,True,"[0.6763604283332825, 0.28606468439102173, 0.02869362384080887]"
5a7b5e55554299042af8f755::active_set_pack_a,5a7b5e55554299042af8f755,1.0,1.0,True,True,"[0.6705712080001831, 0.2926945686340332, 0.026994450017809868]"
5a7b5e55554299042af8f755::working_set_pack_b,5a7b5e55554299042af8f755,1.0,1.0,True,True,"[0.7281249761581421, 0.23954083025455475, 0.024852149188518524]"
5a7b5e55554299042af8f755::active_set_pack_b,5a7b5e55554299042af8f755,1.0,1.0,True,True,"[0.6405207514762878, 0.31896263360977173, 0.03326569125056267]"
5a7b96cf554299042af8f789::working_set_pack_a,5a7b96cf554299042af8f789,1.0,1.0,True,True,"[0.5694418549537659, 0.3985117971897125, 0.014994939789175987]"
5a7b96cf554299042af8f789::active_set_pack_a,5a7b96cf554299042af8f789,1.0,1.0,True,True,"[0.5481755137443542, 0.41684502363204956, 0.016986098140478134]"
5a7b96cf554299042af8f789::working_set_pack_b,5a7b96cf554299042af8f789,1.0,1.0,True,True,"[0.5521141290664673, 0.42215803265571594, 0.011991128325462341]"
5a7b96cf554299042af8f789::active_set_pack_b,5a7b96cf554299042af8f789,1.0,1.0,True,True,"[0.6734799742698669, 0.29398056864738464, 0.017524125054478645]"
5adca6c05542994d58a2f696::working_set_pack_a,5adca6c05542994d58a2f696,1.0,0.75,True,False,"[0.44162166118621826, 0.3578283488750458, 0.11944486200809479]"
5adca6c05542994d58a2f696::active_set_pack_a,5adca6c05542994d58a2f696,0.75,0.625,False,False,"[0.4437717795372009, 0.3801339566707611, 0.09887495636940002]"
5adca6c05542994d58a2f696::working_set_pack_b,5adca6c05542994d58a2f696,1.0,0.625,True,False,"[0.4572291970252991, 0.34649035334587097, 0.12331882119178772]"
5adca6c05542994d58a2f696::active_set_pack_b,5adca6c05542994d58a2f696,0.875,0.625,False,False,"[0.466261088848114, 0.33702075481414795, 0.11797918379306793]"
5ab2a4165542992953946786::working_set_pack_a,5ab2a4165542992953946786,1.0,1.0,True,True,"[0.8124678134918213, 0.10370243340730667, 0.04672343656420708]"
5ab2a4165542992953946786::active_set_pack_a,5ab2a4165542992953946786,0.875,1.0,False,True,"[0.814880907535553, 0.09517621994018555, 0.053996820002794266]"
5ab2a4165542992953946786::working_set_pack_b,5ab2a4165542992953946786,1.0,1.0,True,True,"[0.617864191532135, 0.22383061051368713, 0.0980461835861206]"
5ab2a4165542992953946786::active_set_pack_b,5ab2a4165542992953946786,1.0,1.0,True,True,"[0.6260613799095154, 0.25323083996772766, 0.07966537773609161]"
5ae092fe554299603e418427::working_set_pack_a,5ae092fe554299603e418427,1.0,1.0,True,True,"[0.4929888844490051, 0.3027598559856415, 0.19928836822509766]"
5ae092fe554299603e418427::active_set_pack_a,5ae092fe554299603e418427,1.0,1.0,True,True,"[0.5079708099365234, 0.3076847493648529, 0.17922882735729218]"
5ae092fe554299603e418427::working_set_pack_b,5ae092fe554299603e418427,1.0,1.0,True,True,"[0.5986301302909851, 0.3489851653575897, 0.041499845683574677]"
5ae092fe554299603e418427::active_set_pack_b,5ae092fe554299603e418427,1.0,1.0,True,True,"[0.6917732357978821, 0.2543470561504364, 0.0453396774828434]"
5ac16fca5542994ab5c67d32::working_set_pack_a,5ac16fca5542994ab5c67d32,1.0,0.625,True,False,"[0.7066071629524231, 0.19119416177272797, 0.04747645929455757]"
5ac16fca5542994ab5c67d32::active_set_pack_a,5ac16fca5542994ab5c67d32,1.0,0.625,True,False,"[0.6550755500793457, 0.20448444783687592, 0.0719003975391388]"
5ac16fca5542994ab5c67d32::working_set_pack_b,5ac16fca5542994ab5c67d32,1.0,0.625,True,False,"[0.6510375142097473, 0.1815337985754013, 0.08340508490800858]"
5ac16fca5542994ab5c67d32::active_set_pack_b,5ac16fca5542994ab5c67d32,1.0,0.625,True,False,"[0.6723604798316956, 0.2097223550081253, 0.05612219125032425]"
5ab29b23554299706120966c::working_set_pack_a,5ab29b23554299706120966c,1.0,1.0,True,True,"[0.7903563380241394, 0.18059737980365753, 0.020854851230978966]"
5ab29b23554299706120966c::active_set_pack_a,5ab29b23554299706120966c,1.0,1.0,True,True,"[0.7673971652984619, 0.20843787491321564, 0.01594141684472561]"
5ab29b23554299706120966c::working_set_pack_b,5ab29b23554299706120966c,1.0,1.0,True,True,"[0.7464327812194824, 0.21069371700286865, 0.03128497675061226]"
5ab29b23554299706120966c::active_set_pack_b,5ab29b23554299706120966c,1.0,1.0,True,True,"[0.6951392889022827, 0.27106985449790955, 0.022979864850640297]"
5a8019cb5542992bc0c4a6a6::working_set_pack_a,5a8019cb5542992bc0c4a6a6,1.0,1.0,True,True,"[0.8423674702644348, 0.10588571429252625, 0.030883554369211197]"
5a8019cb5542992bc0c4a6a6::active_set_pack_a,5a8019cb5542992bc0c4a6a6,1.0,1.0,True,True,"[0.8609371185302734, 0.09236907213926315, 0.029431525617837906]"
5a8019cb5542992bc0c4a6a6::working_set_pack_b,5a8019cb5542992bc0c4a6a6,1.0,1.0,True,True,"[0.8695380687713623, 0.08026445657014847, 0.03394284099340439]"
5a8019cb5542992bc0c4a6a6::active_set_pack_b,5a8019cb5542992bc0c4a6a6,1.0,1.0,True,True,"[0.8630122542381287, 0.08411950618028641, 0.03419727832078934]"
5a81f60e55429903bc27ba09::working_set_pack_a,5a81f60e55429903bc27ba09,1.0,0.875,True,False,"[0.7124176621437073, 0.18801404535770416, 0.07650062441825867]"
5a81f60e55429903bc27ba09::active_set_pack_a,5a81f60e55429903bc27ba09,1.0,0.875,True,False,"[0.7354638576507568, 0.174723282456398, 0.06693802773952484]"
5a81f60e55429903bc27ba09::working_set_pack_b,5a81f60e55429903bc27ba09,1.0,0.875,True,False,"[0.7076939940452576, 0.20756614208221436, 0.06780537217855453]"
5a81f60e55429903bc27ba09::active_set_pack_b,5a81f60e55429903bc27ba09,1.0,0.875,True,False,"[0.6150603890419006, 0.2605583667755127, 0.09757106751203537]"
5a734c425542994cef4bc514::working_set_pack_a,5a734c425542994cef4bc514,1.0,0.875,True,False,"[0.6697694659233093, 0.24474841356277466, 0.046808380633592606]"
5a734c425542994cef4bc514::active_set_pack_a,5a734c425542994cef4bc514,0.875,0.875,False,False,"[0.6351050138473511, 0.27361252903938293, 0.05279320850968361]"
5a734c425542994cef4bc514::working_set_pack_b,5a734c425542994cef4bc514,1.0,0.875,True,False,"[0.6745305061340332, 0.2590341866016388, 0.03904452174901962]"
5a734c425542994cef4bc514::active_set_pack_b,5a734c425542994cef4bc514,1.0,0.875,True,False,"[0.7679529786109924, 0.13341425359249115, 0.06060389429330826]"
5a7724de5542993569682cf9::working_set_pack_a,5a7724de5542993569682cf9,1.0,0.75,True,False,"[0.7262900471687317, 0.20774169266223907, 0.0443883016705513]"
5a7724de5542993569682cf9::active_set_pack_a,5a7724de5542993569682cf9,0.875,0.75,False,False,"[0.6516017913818359, 0.27025657892227173, 0.04653022438287735]"
5a7724de5542993569682cf9::working_set_pack_b,5a7724de5542993569682cf9,1.0,0.75,True,False,"[0.7721373438835144, 0.16879336535930634, 0.040262412279844284]"
5a7724de5542993569682cf9::active_set_pack_b,5a7724de5542993569682cf9,1.0,0.75,True,False,"[0.858738899230957, 0.06111188977956772, 0.04731373488903046]"
5ae25ac85542996483e64983::working_set_pack_a,5ae25ac85542996483e64983,1.0,1.0,True,True,"[0.9069169759750366, 0.05295044556260109, 0.02310762368142605]"
5ae25ac85542996483e64983::active_set_pack_a,5ae25ac85542996483e64983,1.0,1.0,True,True,"[0.9231656193733215, 0.04024483263492584, 0.021236198022961617]"
5ae25ac85542996483e64983::working_set_pack_b,5ae25ac85542996483e64983,1.0,1.0,True,True,"[0.8972668051719666, 0.05385967716574669, 0.02817484922707081]"
5ae25ac85542996483e64983::active_set_pack_b,5ae25ac85542996483e64983,1.0,1.0,True,True,"[0.9318089485168457, 0.031155280768871307, 0.0197795070707798]"
5a747efc55429929fddd8455::working_set_pack_a,5a747efc55429929fddd8455,1.0,0.75,True,False,"[0.4616389572620392, 0.38201799988746643, 0.09794329106807709]"
5a747efc55429929fddd8455::active_set_pack_a,5a747efc55429929fddd8455,1.0,0.75,True,False,"[0.44147586822509766, 0.38235703110694885, 0.10725516080856323]"
5a747efc55429929fddd8455::working_set_pack_b,5a747efc55429929fddd8455,0.75,0.625,False,False,"[0.4729643166065216, 0.2579837739467621, 0.17723995447158813]"
5a747efc55429929fddd8455::active_set_pack_b,5a747efc55429929fddd8455,0.875,0.625,False,False,"[0.40384459495544434, 0.2557840049266815, 0.24053743481636047]"
5ae7c7355542993210983f46::working_set_pack_a,5ae7c7355542993210983f46,1.0,1.0,True,True,"[0.8196647763252258, 0.11626200377941132, 0.04461812600493431]"
5ae7c7355542993210983f46::active_set_pack_a,5ae7c7355542993210983f46,1.0,1.0,True,True,"[0.8148244619369507, 0.12099812924861908, 0.04418255016207695]"
5ae7c7355542993210983f46::working_set_pack_b,5ae7c7355542993210983f46,1.0,1.0,True,True,"[0.82902991771698, 0.09867067635059357, 0.040869005024433136]"
5ae7c7355542993210983f46::active_set_pack_b,5ae7c7355542993210983f46,1.0,1.0,True,True,"[0.8153898119926453, 0.13663449883460999, 0.029968826100230217]"
5adccebc5542992c1e3a240d::working_set_pack_a,5adccebc5542992c1e3a240d,0.875,0.875,False,False,"[0.8358637094497681, 0.07575673609972, 0.04443218931555748]"
5adccebc5542992c1e3a240d::active_set_pack_a,5adccebc5542992c1e3a240d,0.875,1.0,False,True,"[0.8250824213027954, 0.08104107528924942, 0.04535433277487755]"
5adccebc5542992c1e3a240d::working_set_pack_b,5adccebc5542992c1e3a240d,1.0,1.0,True,True,"[0.8328062891960144, 0.06916811317205429, 0.046094562858343124]"
5adccebc5542992c1e3a240d::active_set_pack_b,5adccebc5542992c1e3a240d,1.0,0.875,True,False,"[0.7720991969108582, 0.09467986226081848, 0.06199556216597557]"
5a734fb35542992359bc32f7::working_set_pack_a,5a734fb35542992359bc32f7,1.0,1.0,True,True,"[0.8822059631347656, 0.060191281139850616, 0.03162968531250954]"
5a734fb35542992359bc32f7::active_set_pack_a,5a734fb35542992359bc32f7,1.0,1.0,True,True,"[0.8658194541931152, 0.06779127568006516, 0.035949066281318665]"
5a734fb35542992359bc32f7::working_set_pack_b,5a734fb35542992359bc32f7,1.0,1.0,True,True,"[0.8841275572776794, 0.06351939588785172, 0.030833806842565536]"
5a734fb35542992359bc32f7::active_set_pack_b,5a734fb35542992359bc32f7,1.0,1.0,True,True,"[0.8790789842605591, 0.06038045883178711, 0.034490179270505905]"
5ae140415542997b2ef7d179::working_set_pack_a,5ae140415542997b2ef7d179,1.0,1.0,True,True,"[0.5886445641517639, 0.396362841129303, 0.010706028901040554]"
5ae140415542997b2ef7d179::active_set_pack_a,5ae140415542997b2ef7d179,1.0,1.0,True,True,"[0.6131491661071777, 0.37032750248908997, 0.010891093872487545]"
5ae140415542997b2ef7d179::working_set_pack_b,5ae140415542997b2ef7d179,1.0,1.0,True,True,"[0.6284968256950378, 0.35318419337272644, 0.010923325084149837]"
5ae140415542997b2ef7d179::active_set_pack_b,5ae140415542997b2ef7d179,1.0,1.0,True,True,"[0.6967293620109558, 0.283860445022583, 0.01228248793631792]"
5ae3e5f55542996836b02beb::working_set_pack_a,5ae3e5f55542996836b02beb,0.625,0.75,False,False,"[0.8594913482666016, 0.08236292004585266, 0.041480403393507004]"
5ae3e5f55542996836b02beb::active_set_pack_a,5ae3e5f55542996836b02beb,0.75,0.75,False,False,"[0.8334168195724487, 0.08912871778011322, 0.058143824338912964]"
5ae3e5f55542996836b02beb::working_set_pack_b,5ae3e5f55542996836b02beb,1.0,0.875,True,False,"[0.8232325315475464, 0.11310281604528427, 0.037821538746356964]"
5ae3e5f55542996836b02beb::active_set_pack_b,5ae3e5f55542996836b02beb,1.0,0.875,True,False,"[0.8094709515571594, 0.11093119531869888, 0.05021006986498833]"
5a8f612b5542992414482a99::working_set_pack_a,5a8f612b5542992414482a99,1.0,1.0,True,True,"[0.7450425624847412, 0.13496442139148712, 0.08288073539733887]"
5a8f612b5542992414482a99::active_set_pack_a,5a8f612b5542992414482a99,1.0,1.0,True,True,"[0.680155873298645, 0.1767459362745285, 0.10456117242574692]"
5a8f612b5542992414482a99::working_set_pack_b,5a8f612b5542992414482a99,1.0,1.0,True,True,"[0.7042264342308044, 0.15140937268733978, 0.0927315354347229]"
5a8f612b5542992414482a99::active_set_pack_b,5a8f612b5542992414482a99,1.0,0.875,True,False,"[0.5107045769691467, 0.26437899470329285, 0.1714695394039154]"
5ae3e6f85542996836b02bee::working_set_pack_a,5ae3e6f85542996836b02bee,1.0,1.0,True,True,"[0.5553536415100098, 0.3226616084575653, 0.098086878657341]"
5ae3e6f85542996836b02bee::active_set_pack_a,5ae3e6f85542996836b02bee,1.0,1.0,True,True,"[0.5583944916725159, 0.3120940625667572, 0.10653531551361084]"
5ae3e6f85542996836b02bee::working_set_pack_b,5ae3e6f85542996836b02bee,1.0,1.0,True,True,"[0.6014689803123474, 0.23386117815971375, 0.1358606070280075]"
5ae3e6f85542996836b02bee::active_set_pack_b,5ae3e6f85542996836b02bee,1.0,1.0,True,True,"[0.6627172827720642, 0.20727136731147766, 0.11216956377029419]"
5adef2be5542993a75d263b1::working_set_pack_a,5adef2be5542993a75d263b1,1.0,1.0,True,True,"[0.5496904253959656, 0.4236956238746643, 0.016058679670095444]"
5adef2be5542993a75d263b1::active_set_pack_a,5adef2be5542993a75d263b1,1.0,1.0,True,True,"[0.5682432055473328, 0.4024084806442261, 0.017199654132127762]"
5adef2be5542993a75d263b1::working_set_pack_b,5adef2be5542993a75d263b1,1.0,1.0,True,True,"[0.5707693099975586, 0.39699721336364746, 0.014699035324156284]"
5adef2be5542993a75d263b1::active_set_pack_b,5adef2be5542993a75d263b1,1.0,1.0,True,True,"[0.61407470703125, 0.35666370391845703, 0.016734804958105087]"
5ae3e1815542992e3233c49f::working_set_pack_a,5ae3e1815542992e3233c49f,1.0,1.0,True,True,"[0.9423916935920715, 0.022832319140434265, 0.01759340986609459]"
5ae3e1815542992e3233c49f::active_set_pack_a,5ae3e1815542992e3233c49f,1.0,1.0,True,True,"[0.9328528642654419, 0.026986675336956978, 0.019898341968655586]"
5ae3e1815542992e3233c49f::working_set_pack_b,5ae3e1815542992e3233c49f,1.0,0.875,True,False,"[0.9084537625312805, 0.05039564520120621, 0.022631973028182983]"
5ae3e1815542992e3233c49f::active_set_pack_b,5ae3e1815542992e3233c49f,1.0,0.625,True,False,"[0.9186744093894958, 0.03976397216320038, 0.021079817786812782]"
5ac25b125542992f1f2b3872::working_set_pack_a,5ac25b125542992f1f2b3872,1.0,1.0,True,True,"[0.7393764853477478, 0.13797686994075775, 0.06983524560928345]"
5ac25b125542992f1f2b3872::active_set_pack_a,5ac25b125542992f1f2b3872,1.0,0.875,True,False,"[0.795369565486908, 0.09059497714042664, 0.07328899204730988]"
5ac25b125542992f1f2b3872::working_set_pack_b,5ac25b125542992f1f2b3872,1.0,1.0,True,True,"[0.6517845988273621, 0.21740463376045227, 0.06936030089855194]"
5ac25b125542992f1f2b3872::active_set_pack_b,5ac25b125542992f1f2b3872,1.0,1.0,True,True,"[0.5792555809020996, 0.2588482201099396, 0.09447116404771805]"
5a80c65f55429938b61421d4::working_set_pack_a,5a80c65f55429938b61421d4,1.0,1.0,True,True,"[0.5521868467330933, 0.3698553144931793, 0.051112961024045944]"
5a80c65f55429938b61421d4::active_set_pack_a,5a80c65f55429938b61421d4,1.0,1.0,True,True,"[0.6205847263336182, 0.3114961087703705, 0.041512347757816315]"
5a80c65f55429938b61421d4::working_set_pack_b,5a80c65f55429938b61421d4,1.0,1.0,True,True,"[0.5450479984283447, 0.36975282430648804, 0.05698583275079727]"
5a80c65f55429938b61421d4::active_set_pack_b,5a80c65f55429938b61421d4,1.0,1.0,True,True,"[0.5578054785728455, 0.36382558941841125, 0.05084371939301491]"
5a813d4a554299260e20a277::working_set_pack_a,5a813d4a554299260e20a277,0.75,0.5,False,False,"[0.5522925853729248, 0.2807368338108063, 0.12287934869527817]"
5a813d4a554299260e20a277::active_set_pack_a,5a813d4a554299260e20a277,0.75,0.5,False,False,"[0.5002461075782776, 0.2874780297279358, 0.16129522025585175]"
5a813d4a554299260e20a277::working_set_pack_b,5a813d4a554299260e20a277,0.75,0.625,False,False,"[0.5949240326881409, 0.2559230625629425, 0.09877266734838486]"
5a813d4a554299260e20a277::active_set_pack_b,5a813d4a554299260e20a277,0.875,0.75,False,False,"[0.7031444311141968, 0.16224245727062225, 0.09360218048095703]"
