prompt_id,example_id,gold_labels,pca_top2,pca_agrees_gold,dist_sample,bl_text,g_text,p_text,d_text,r_text,bl_gold_cited,g_gold_cited,p_gold_cited,d_gold_cited,r_gold_cited,bl_nongold_cited,g_nongold_cited,p_nongold_cited,d_nongold_cited,r_nongold_cited
5aba6de555429955dce3ee1d::active_set_pack_a,5aba6de555429955dce3ee1d,"['A', 'C']","['A', 'C']",True,"['D', 'E']","CITED: A,C
ANSWER: The electronic band's song ""Dangerous"" that was certified gold by the RIAA in May 2015 is Big Data. This is supported by facts A and C, which state that ""Dangerous"" is a song by American electronic music project Big Data, and that Big Data is best known for its single ""Dangerous"",","CITED: A,C
ANSWER: The electronic band's song ""Dangerous"" that was certified gold by the RIAA in May 2015 is Big Data. Fact A states that the song ""Dangerous"" is by the band Big Data, and Fact C mentions that this song was certified gold by the RIAA in May 2015.","CITED: A,C
ANSWER: The electronic band's song ""Dangerous"" that was certified gold by the RIAA in May 2015 is Big Data. Fact A states that the song ""Dangerous"" is by the band Big Data, and Fact C mentions that this song was certified gold by the RIAA in May 2015.","CITED: A,C
ANSWER: The electronic band's song ""Dangerous"" that was certified gold by the RIAA in May 2015 is Big Data. This is supported by facts A and C, which state that ""Dangerous"" is a song by American electronic music project Big Data, and that Big Data is best known for its single ""Dangerous"",","The electronic band's  song ""Dangerous"" that was certified gold by the RIAA in May 2015 is Big Data. The fact that ""Dangerous"" is a song by American electronic music project Big Data supports this. The song ""Dangerous"" by Big Data featuring Joywave reached number one on the ""Billboard"" Alternative S",2,2,2,2,0,0,0,0,0,0
5ae0abf655429945ae95940d::active_set_pack_a,5ae0abf655429945ae95940d,"['B', 'D']","['B', 'E']",False,"['A', 'C']","CITED: B,D,E,F

ANSWER: No, David Gordon Green and Larry Hagman are not both actors. David Gordon Green is a filmmaker who directs and writes films, as stated in facts E and F. Larry Hagman, on the other hand, is an actor best known for playing J.R. Ewing in the television series ""Dallas"", as mentio","CITED: B,E

ANSWER: No, David Gordon Green and Larry Hagman are not both actors. David Gordon Green is a filmmaker who directs and writes movies, as stated in facts E. Larry Hagman, on the other hand, is an actor known for his role in the television series ""Dallas"", as mentioned in facts B and C.","CITED: B,D,E
ANSWER: No, David Gordon Green and Larry Hagman are not both actors. David Gordon Green is a filmmaker known for directing and producing films, while Larry Hagman is an actor who appeared in television shows and movies.","CITED: B,D,E,F

ANSWER: No, David Gordon Green and Larry Hagman are not both actors. David Gordon Green is a filmmaker who directs and writes films, as stated in facts D and E. Larry Hagman, on the other hand, is an actor known for his roles in ""Dallas"" and ""I Dream of Jeannie,"" as mentioned in fact","Larry Hagman is an actor, but David Gordon Green is not an actor. The relevant facts are:
- B. Larry Hagman was an American film and television actor, director and producer.
- B. He played J.R. Ewing, the character of J. R. Ewing
- C. The character was portrayed by Larry Hagman from 1978 until his d",2,1,2,2,0,4,3,2,3,0
5a7ba64c5542995eb53be97b::active_set_pack_a,5a7ba64c5542995eb53be97b,"['A', 'B']","['A', 'D']",False,"['E', 'F']","CITED: A,B\nANSWER: Jack Baldwin drives a Porsche Cayman S for GTSport Racing in the Pirelli World Challenge, a North American auto racing series launched by the Sports Car Club of America.","CITED: A
ANSWER: Jack Baldwin drives a Porsche Cayman S in the Pirelli World Challenge.","CITED: A,B\nANSWER: Jack Baldwin drives a Porsche Cayman S in the Pirelli World Challenge, a North American auto racing series launched by the Sports Car Club of America.","CITED: A,B\nANSWER: Jack Baldwin drives a Porsche Cayman S for GTSport Racing in the Pirelli World Challenge, which is a North American auto racing series launched by the Sports Car Club of America.","The answer is the Pirelli World Challenge. The relevant facts are:
- A. Jack Baldwin drives a Porsche Cayman S
   for GTSport Racing in the Pirelli World Challenge
- B. The Pirelli World Challenge is a North American auto racing series launched in 1990 by the Sports Car Club of America.

Answer:
Jac",2,1,2,2,0,0,0,0,0,0
5a8f20d655429924144829dc::active_set_pack_a,5a8f20d655429924144829dc,"['A', 'B']","['A', 'B']",True,"['D', 'E']","CITED: A
ANSWER: The English actor and film producer who starred in an adaptation with Renee Zellweger was born in 1960.","CITED: A
ANSWER: The English actor and film producer who starred in an adaptation with Renee Zellweger was born in 1960.","CITED: A
ANSWER: The English actor and film producer who starred in an adaptation with Renee Zellweger was born in 1960.","CITED: A
ANSWER: The English actor and film producer who starred in an adaptation with Renee Zellweger was born in 1960. This information is found in Fact A, which states that Hugh Grant was born on 9 September 1960.","Hugh Grant, Hugh John Mungo Grant (born 1968) is an English actor and film producer.
Hugh Grant, Hugh John Mungo Grant (born 1960) is an English actor and film producer.
ANSWER: Hugh Grant was born in 1960.

Fact A
://www.imdb.com/titles/000000000000000000000000000",1,1,1,1,1,0,0,0,0,0
5ae70f035542991bbc9761b1::active_set_pack_a,5ae70f035542991bbc9761b1,"['D', 'E']","['A', 'D']",False,"['A', 'C']","CITED: D
ANSWER: The Hungarian-born US film director renowned for adapting Stephen King novellas to the screen, including The Mist and The Green Mile, is Frank Darabont.","CITED: D
ANSWER: The Hungarian-born US film director renowned for adapting Stephen King novellas to the screen, including The Mist and The Green Mile, is Frank Darabont.","CITED: D,E,F
ANSWER: The Hungarian-born US film director renowned for adapting Stephen King novellas to the screen, including The Mist and The Green Mile, is Frank Darabont.","CITED: D
ANSWER: The Hungarian-born US film director renowned for adapting Stephen King novellas to the screen, including The Mist and The Green Mile, is Frank Darabont.","CITED: D, D

ANSWER: The Hungarian-born US film director renowned for adapting Stephen King's novellas and novellas, including The Mist and The Mist (film) and The Green Mile, is Frank Darabont.

CITED: D

ANSWER: The Hungarian-born US film director renowned for adapting Stephen King's novellas and ",1,1,2,1,1,1,1,2,1,1
5ae0af9a5542993d6555ec17::active_set_pack_a,5ae0af9a5542993d6555ec17,"['E', 'F']","['E', 'F']",True,"['A', 'B']","CITED: F\nANSWER: No, a Grasshopper and a Sake Bomb are not both types of drinks. Fact F states that a Grasshopper is a specific type of after-dinner drink with a sweet, mint flavor. There is no mention of a Sake Bomb in this fact, indicating they are different drinks.","CITED: A,B,C,D,E,F

ANSWER: No, Grasshopper and Sake bomb are not both types of drinks. Grasshopper is a cocktail made with crème de menthe, while Sake bomb is a beer cocktail made with sake. Fact D states that a Grasshopper is a cocktail, and Fact E states that a Sake bomb is a cocktail made","CITED: A,B,C,D,E,F

ANSWER: No, Grasshopper and Sake bomb are not both types of drinks. Grasshopper is a cocktail made with crème de menthe, while Sake bomb is a beer cocktail made with sake. Fact D states that a Grasshopper is a cocktail, and Fact E states that a Sake bomb is a cocktail made","CITED: F\nANSWER: No, a Grasshopper and a Sake Bomb are not both types of drinks. Fact F states that a Grasshopper is a specific type of after-dinner drink with a sweet, mint flavor. There is no mention of a Sake Bomb in this fact, indicating they are different drinks.","The relevant facts are F and B.

Answer: No, a Grasshopper and a Sake Bomb are not both types of drinks. A Grasshopper is a specific cocktail made with crème de menthe (Fact F), while a Sake Bomb is a beer cocktail made by pouring sake into a shot glass and dropping it into a beer (Fact E). Fact B s",1,2,2,1,2,0,4,4,0,1
5a76b649554299373536017f::active_set_pack_a,5a76b649554299373536017f,"['C', 'D']","['C', 'F']",False,"['A', 'E']","CITED: D,C\nANSWER: Donington School F.C. was an English football club, based in Donington, a large village and civil parish in the South Holland district of Lincolnshire, England.","CITED: D,F
ANSWER: Donington School F.C. was an English football club, based in the large village and civil parish of Donington in the South Holland district of Lincolnshire, England.","CITED: D
ANSWER: Donington School F.C. was an English football club, based in the large village and civil parish of Donington in the South Holland district of Lincolnshire, England.","CITED: D,C
ANSWER: Donington School F.C. was an English football club, based in Donington, a large village and civil parish in the South Holland district of Lincolnshire, England.","CITED: D, C\nANSWER: Donington School F.C. was an English football club, based in Donington, a large village and civil parish in the South Holland district of Lincolnshire, England.",2,1,1,2,2,0,2,1,1,0
5a778e1b5542995d831811c5::active_set_pack_a,5a778e1b5542995d831811c5,"['B', 'F']","['B', 'F']",True,"['D', 'E']","CITED: A,C
ANSWER: Ricky Nelson achieved fame starring alongside John Schneider in a television series. Fact A states that Ricky Nelson was an American actor who starred alongside his family in the radio and television series ""The Adventures of Ozzie and Harriet"" (Fact C).","CITED: A,C
ANSWER: Ricky Nelson achieved fame starring alongside John Schneider in a television series. Fact A states that Ricky Nelson was an actor who starred alongside his family in the radio and television series ""The Adventures of Ozzie and Harriet"", while fact C specifies that he starred in th","CITED: A,C
ANSWER: Ricky Nelson achieved fame starring alongside John Schneider in a television series. Fact A states that Ricky Nelson was an actor who starred alongside his family in the radio and television series ""The Adventures of Ozzie and Harriet"", while fact C specifies that he starred in th","CITED: A,C
ANSWER: Ricky Nelson achieved fame starring alongside John Schneider in a television series. Fact A states that Ricky Nelson was an American actor who starred alongside his family in the radio and television series ""The Adventures of Ozzie and Harriet"" (Fact C).","The answer is Tom Wopat achieved fame starring alongside John Schneider in the television series ""The Dukes of Hazzard"" alongside John Schneider. The relevant facts are:
- John Schneider is best known for his portrayal of Beauregard ""Bo"" Duke in ""The Dukes of Hazzard. 
- The Dukes of Hazzard is an A",0,0,0,0,0,2,2,2,2,0
5a7a0d665542990783324e14::active_set_pack_a,5a7a0d665542990783324e14,"['A', 'F']","['A', 'B']",False,"['B', 'E']","CITED: A, F
ANSWER: Joe Manganiello was born first. Joe Manganiello was born on December 28, 1976 (Fact A), while Kirk Kerkorian was born on June 6, 1917 (Fact F).","CITED: A, F

ANSWER: Joe Manganiello was born first. Fact A states that Joe Manganiello was born in 1976, while Fact F indicates that Kirk Kerkorian was born in 1921. Therefore, Joe Manganiello was born later than Kirk Kerkorian.","CITED: A, F
ANSWER: Joe Manganiello was born first. Fact A states that Joe Manganiello was born on December 15, 1976, while Fact F indicates that Kirk Kerkorian was born on June 6, 1917.","CITED: A, F
ANSWER: Joe Manganiello was born first. Joseph Manganiello was born on December 28, 1976 (Fact A), while Kerkor ""Kirk"" Kerkorian was born on June 6, 1917 (Fact F).","Cited: A, F

ANSWER: Kirk Kerkorian was born on June 6, 1917. Born on December 28, 1976, Joe Manganiello was born later.

CITED: A, F\n
ANSWER: Born on June 6, 1917, Kirk Kerkorian was born first.

Cited: A, F\n",2,2,2,2,2,0,0,0,0,0
5a82411055429940e5e1a815::active_set_pack_a,5a82411055429940e5e1a815,"['B', 'F']","['B', 'F']",True,"['C', 'E']","CITED: F\nANSWER: Lee Il-hyung's first feature film, ""A Violent Prosecutor,"" was released by Showbox in South Korea on February 3, 2016.","CITED: E,F
ANSWER: Lee Il-hyung's first feature film was released by Showbox.","CITED: E,F
ANSWER: Lee Il-hyung's first feature film was released by Showbox.","CITED: F\nANSWER: Lee Il-hyung's first feature film, ""A Violent Prosecutor,"" was released by Showbox in South Korea on February 3, 2016.","The company that released Lee Il-hyung's first feature film, ""A Violent Prosecutor"" was Showbox. The relevant facts are:

A, C, D, and E.

ANSWER: The company that Lee Il-hyung's first feature film, A Violent Prosecutor was released by is Showbox.

ANSWER: A, B, C, and D
ANSWER:",1,1,1,1,1,0,2,2,0,2
5a7c7a8f55429907fabeef9c::active_set_pack_a,5a7c7a8f55429907fabeef9c,"['C', 'E']","['B', 'D']",False,"['A', 'F']","CITED: C,E\nANSWER: Rick Seibold has worked with Katelyn Tarver, an artist known for her role in ""Big Time Rush"".","CITED: E,K
ANSWER: Rick Seibold has worked with Katelyn Tarver, who is known for her role in ""Big Time Rush"".","CITED: C,D,E
ANSWER: Rick Seibold has worked with Katelyn Tarver, an artist known for her role in ""Big Time Rush"".","CITED: C,E
ANSWER: Rick Seibold has worked with Katelyn Tarver, an artist known for her role in ""Big Time Rush"".","The answer is Katelyn Tarver. She is known for her recurring role as Jo Taylor on the Nickelodeon series ""Big Time Rush"" and has worked with Rick Seibold.

Fact A: Big Time Movie Soundtrack is the second EP by pop group Big Time Rush.
Fact C: Katelyn Tarver is known for her recurring roles as Jo Tay",2,1,2,2,1,0,0,2,1,1
5a73589d55429901807dafd1::active_set_pack_a,5a73589d55429901807dafd1,"['B', 'D']","['B', 'D']",True,"['A', 'C']","CITED: B
ANSWER: The band Falling in Reverse, which wrote ""The Drug in Me Is You"", is based in Las Vegas, Nevada.","CITED: A,B
ANSWER: The band that wrote ""The Drug in Me Is You"" is based in Las Vegas, Nevada. Fact A states the song was released in 2011, and Fact B mentions the band's location.","CITED: A,B
ANSWER: The band that wrote ""The Drug in Me Is You"" is based in Las Vegas, Nevada. Fact A states the song was released in 2011, and Fact B mentions the band's location.","CITED: B
ANSWER: The band Falling in Reverse, which wrote ""The Drug in Me Is You"", is based in Las Vegas, Nevada.","The band Falling in Reverse is based in Las Vegas, Nevada. The facts supporting this are:
B. Falling in Reverse is an American rock band based in Las Vegas, Nevada and formed in 2008, signed to Epitaph Records.

ANSWER: The band that wrote ""The Drug in Me Is You"" is Falling in Reverse, and the band ",1,1,1,1,0,1,1,1,1,0
5add624c5542992200553adf::active_set_pack_a,5add624c5542992200553adf,"['C', 'E']","['D', 'E']",False,"['D', 'F']","CITED: E
ANSWER: Adam Beach played Slipknot in the 2016 film ""Suicide Squad"", which was written and directed by David Ayer.","CITED: A,D
ANSWER: Adam Beach played Slipknot in the film Suicide Squad, which was directed by David Ayer.","CITED: C,D
ANSWER: Adam Beach played Slipknot in the 2016 film ""Suicide Squad"", which was directed by David Ayer.","CITED: E
ANSWER: Adam Beach played Slipknot in the 2016 film ""Suicide Squad"", which was written and directed by David Ayer.","The film Suicide Squad is written and directed by David Ayer. Adam Beach played Slipknot in the 2016 film ""Suicide Squad"". Therefore, Adam Beach played Slipknot in the film written and directed by David Ayer.

ANSWER: Adam Beach
played
Slipknot
in the film ""Suicide Squad"", which was written and dire",1,0,1,1,0,1,2,2,1,0
5ade14735542990dbb2f7f49::active_set_pack_a,5ade14735542990dbb2f7f49,"['E', 'F']","['B', 'F']",False,"['A', 'D']","CITED: E
ANSWER: Alamgir joined Meesha Shafi, Strings, Ali Azmat and Shahzad Hasan as a judge on the popular show ""Music Icons"".","CITED: E
ANSWER: Alamgir joined Meesha Shafi, Strings, Ali Azmat and Shahzad Hasan as a judge on the popular show called ""Music Icons"".","CITED: E
ANSWER: Alamgir joined Meesha Shafi, Strings, Ali Azmat and Shahzad Hasan as a judge on the popular show ""Music Icons"".","CITED: E
ANSWER: Alamgir joined Meesha Shafi, Strings, Ali Azmat and Shahzad Hasan as a judge on the popular show ""Music Icons"".","The relevant facts are:

E. [Alamgir (pop singer)] In April 2013, Alamgir joined Meesha Shafi, Strings, Ali Azmat and Shahzad Hasan as a judge on the immensely popular singing talent show ""Music Icons"" which aired on ARY Digital TV channel.

F. [Ali Azmat] Ali Azmat (born April 20",1,1,1,1,0,1,1,1,1,0
5ade18635542997c77aded3e::active_set_pack_a,5ade18635542997c77aded3e,"['A', 'E']","['A', 'E']",True,"['D', 'F']","CITED: E,F
ANSWER: The reality TV show featuring American former professional baseball left fielder Barry Bonds, who played 22 seasons in Major League Baseball (MLB) with the Pittsburgh Pirates and San Francisco Giants, aired on ESPN.","CITED: A,F
ANSWER: The reality TV show featuring the American former professional baseball left fielder who played 22 seasons in Major League Baseball with the Pittsburgh Pirates and San Francisco Giants is called ""Bonds on Bonds."" This show aired on the ESPN network.","CITED: A,F
ANSWER: The reality TV show featuring the American former professional baseball left fielder who played 22 seasons in Major League Baseball with the Pittsburgh Pirates and San Francisco Giants is called ""Bonds on Bonds."" This show aired on the ESPN network.","CITED: E
ANSWER: The reality TV show featuring American former professional baseball left fielder Barry Bonds, who played 22 seasons in Major League Baseball with the Pittsburgh Pirates and San Francisco Giants, aired on ESPN.","The network of the reality TV show featuring Barry Bonds is ESPN. The relevant facts are:

F. [Bonds on Bonds] The show revolved on the life of Bonds and his chase of Babe Ruth and Hank Aaron's home run records.

ANSWER: The reality TV show featuring an American former professional baseball left fie",2,1,1,2,0,1,1,1,0,0
5ab1c5cb554299722f9b4c61::active_set_pack_a,5ab1c5cb554299722f9b4c61,"['D', 'F']","['B', 'F']",False,"['A', 'C']","CITED: E
ANSWER: Gawthorpe is in the Kirklees District, in the English county of West Yorkshire.","CITED: E
ANSWER: Gawthorpe is in the Kirklees District, in the English county of West Yorkshire.","CITED: E
ANSWER: Gawthorpe is in the Kirklees District, in the English county of West Yorkshire.","CITED: E
ANSWER: Gawthorpe is in the Kirklees District, in the English county of West Yorkshire.","CITED: E and F

ANSWER: Julie Cooper represents the district that Gawthorpe is in. The Gawthorpe is a hamlet in the Kirklees District, and the district that Gawthorpe is in is Burnley (UK Parliament constituency). The UK Parliament constituency of Burnley is in Lancashire, England.

CITED: E, F

ANS",0,0,0,0,1,2,2,2,2,2
5ae73a195542991e8301cbfd::active_set_pack_a,5ae73a195542991e8301cbfd,"['B', 'F']","['B', 'F']",True,"['A', 'D']","CITED: B,F
ANSWER: George Palmer Putnam was known for his marriage to Amelia Earhart, an American aviation pioneer and author who was the first female aviator to fly solo across the Atlantic Ocean.","CITED: A,B
ANSWER: George Palmer Putnam was married to Amelia Earhart, who was the first female aviator to fly solo across the Atlantic Ocean.","CITED: A,B
ANSWER: George Palmer Putnam was married to Amelia Earhart, who was the first female aviator to fly solo across the Atlantic Ocean.","CITED: B,F
ANSWER: George Palmer Putnam was married to Amelia Earhart, an American aviation pioneer and author who was the first female aviator to fly solo across the Atlantic Ocean.","The relevant facts are B and A.

George Palmer Putnam was married to Amelia Earhart, who was the first female aviator to fly solo across the Atlantic Ocean.",2,1,1,2,1,1,1,1,1,1
5ab55478554299488d4d993d::active_set_pack_a,5ab55478554299488d4d993d,"['A', 'E']","['A', 'F']",False,"['C', 'D']","CITED: A
ANSWER: The President of Egypt who changed the Hamayouni Decree, Hosni Mubarak, was born in 1928.","CITED: A
ANSWER: The President of Egypt who changed the Hamayouni Decree was born in 1928. This information is found in Fact A, which states that Hosni Mubarak was born in that year.","CITED: A
ANSWER: The President of Egypt who changed the Hamayouni Decree was born in 1928. This information is found in Fact A, which states that Hosni Mubarak was born in that year.","CITED: A
ANSWER: The President of Egypt who changed the Hamayouni Decree, Hosni Mubarak, was born in 1928.","The President of Egypt that changed the Hamayouni Decree
The President of Egypt that changed the Hamayouni Decree
The President of Egypt that changed the Hamayouni Decree
The President of Egypt that changed the
The President of Egypt that changed the
The President of Egypt that changed the
The Presi",1,1,1,1,0,0,0,0,0,0
5ab373d6554299233954ff53::active_set_pack_a,5ab373d6554299233954ff53,"['A', 'C']","['A', 'B']",False,"['D', 'E']","CITED: A,C
ANSWER: No, Lysichiton and Ageratum are not in the same family. Fact A states that Ageratum is in the family Asteraceae, while Fact C indicates that Lysichiton is in the family Araceae. These are two different families within the plant kingdom.","CITED: C,D
ANSWER: No, Lysichiton and Ageratum are not in the same family. Fact C states that Lysichiton is in the family Araceae, while Fact A indicates that Ageratum is in the family Asteraceae. These are two distinct plant families.","CITED: C,D
ANSWER: No, Lysichiton and Ageratum are not in the same family. Fact C states that Lysichiton is in the family Araceae, while Fact A indicates that Ageratum is in the family Asteraceae. These are two distinct plant families.","CITED: A,C
ANSWER: No, Lysichiton and Ageratum are not in the same family. Fact A states that Ageratum is in the family Asteraceae, while Fact C indicates that Lysichiton is in the family Araceae. These are two distinct families within the plant kingdom.","Cited: A, C, B

ANSWER: No, Lysichiton and Ageratum are not in the same family. Lysichiton is a genus in the Araceae family. The genus Lysichiton is a member of the family Araceae, while Ageratum is a genus of 40 to 60 tropical and warm temperate flowering annuals and per",2,2,2,2,2,0,1,1,0,1
5a7a8dab554299042af8f66a::active_set_pack_a,5a7a8dab554299042af8f66a,"['A', 'B']","['A', 'C']",False,"['D', 'F']","CITED: A,B,E
ANSWER: Huddersfield Giants R.L.F.C. play their home games at the Kirklees Stadium, which is a multi-use sports stadium in Huddersfield in West Yorkshire, England.","CITED: A,B,E
ANSWER: Huddersfield Giants R.L.F.C. play their home games at the Kirklees Stadium in Huddersfield, West Yorkshire, which is located in England.","CITED: B,E
ANSWER: Huddersfield Giants R.L.F.C. play their home games at the Kirklees Stadium in Huddersfield, West Yorkshire, which is in England.","CITED: A,B,E
ANSWER: Huddersfield Giants R.L.F.C. play their home games at the Kirklees Stadium, which is a multi-use sports stadium in Huddersfield in West Yorkshire, England.","The relevant facts are A, B, and E. They state that Kirklees Stadium is in Huddersfield, West Yorkshire, England. Therefore, the Huddersfield Giants play their home games at a stadium in England.",2,2,2,2,2,1,1,1,1,0
5ab3020e55429976abd1bc1a::active_set_pack_a,5ab3020e55429976abd1bc1a,"['C', 'F']","['B', 'F']",False,"['A', 'E']","CITED: C,D
ANSWER: Alexander Povetkin defeated Javier Mora by a 5-round TKO in Germany. Facts C and F indicate the location of the match as Max Schmeling Halle, Prenzlauer Berg, Berlin, Germany.","CITED: B,C
ANSWER: Javier Mora, a Mexican boxer in the Heavyweight division, was defeated by Alexander Povetkin in a 5-round TKO in the United States.","CITED: C,D
ANSWER: Alexander Povetkin defeated Javier Mora by a 5-round TKO in Germany. Facts C and D support this answer, as they state the location of the match (Max Schmeling Halle, Prenzlauer Berg, Berlin, Germany) and that Alexander Artemev (who is mentioned in fact D) is a retired American art","CITED: C,D,E,F
ANSWER: Javier Mora was defeated by Alexander Povetkin in Germany. Fact C states that the match took place in Max Schmeling Halle, Prenzlauer Berg, Berlin, Germany.","The fact that Javier Mora is a Mexican boxer in the Heavyweight division and the fact that Alexander Povetkin is a Russian professional boxer. The defeat of Javier Mora by Alexander Povetkin does not specify the location in the Max Schmeling Halle, Prenzlauer Berg, Berlin, Germany.

ANSWER: The Unit",2,1,1,2,0,2,2,2,3,0
5ae726a1554299572ea54738::active_set_pack_a,5ae726a1554299572ea54738,"['A', 'D']","['A', 'B']",False,"['C', 'F']","CITED: A,D
ANSWER: Dixit Dominus is a psalm setting by George Frideric Handel, who was a German, later British, baroque composer who spent the bulk of his career in London, becoming well known for his operas, oratorios, anthems, and organ concertos.","CITED: A,D
ANSWER: Dixit Dominus is a psalm setting by George Frideric Handel, who was a German, later British, baroque composer who spent the bulk of his career in London, becoming well known for his operas, oratorios, anthems, and organ concertos.","CITED: A,D
ANSWER: Dixit Dominus is a psalm setting by George Frideric Handel, who was a German, later British, baroque composer who spent the bulk of his career in London, becoming well known for his operas, oratorios, anthems, and organ concertos.","CITED: A,D
ANSWER: Dixit Dominus is a psalm setting by George Frideric Handel, who was a German, later British, baroque composer who spent the bulk of his career in London, becoming well known for his operas, oratorios, anthems, and organ concertos.","The answer is George Frideric Handel. The fact that ""Dixit Dominus is a psalm setting by George Frideric Handel"" (A) and the fact that the ""bulk of his career in London"" (D). The fact that the ""bulk of his career in London, becoming well known for his operas, operas, oratorios, anthems",2,2,2,2,2,0,0,0,0,0
5a8b10c655429949d91db49c::active_set_pack_a,5a8b10c655429949d91db49c,"['C', 'E']","['E', 'F']",False,"['B', 'F']","CITED: C,E
ANSWER: Ekaterina Gordeeva is the Russian figure skater who danced with a Russian pair skater, Sergei Grinkov, and together they won Olympic Championships in 1988 and 1994.","CITED: A,C
ANSWER: Ekaterina Gordeeva is the Russian figure skater who danced with a Russian pair skater in 1988 and 1994. Fact A states that Ekaterina Gordeeva is a Russian figure skater, and fact C mentions that she was part of a pair with Sergei Grinkov, with whom she won Olympic gold in","CITED: C,D
ANSWER: Ekaterina Gordeeva is the Russian figure skater who danced with a Russian pair skater, Sergei Grinkov, in 1988 and 1994, winning Olympic Championships.","CITED: C,E
ANSWER: Ekaterina Gordeeva is the Russian figure skater who danced with a Russian pair skater, Sergei Grinkov, and together they won Olympic Championships in 1988 and 1994.","The answer is Ekaterina Gordeeva. The relevant facts are C, Ekaterina Gordeeva and E. [Sergei Grinkov], Together with partner and wife, they were the 1988 and 1994 Olympic Champion and a four-time World Champion in pair skating.

Answer: The Russian figure skater who danced with a Russian pair skate",2,1,1,2,0,1,1,2,1,0
5ab3f9b95542992ade7c6f09::active_set_pack_a,5ab3f9b95542992ade7c6f09,"['A', 'E']","['B', 'E']",False,"['C', 'F']","CITED: A,D\nANSWER: It Takes a Family is a response to the 1996 book ""It Takes a Village"" by then-First Lady Hillary Clinton.","CITED: A,D\nANSWER: It Takes a Family is a response to the 1996 book It Takes a Village, which was published by Hillary Clinton.","CITED: A,D\nANSWER: It Takes a Family is a response to the 1996 book ""It Takes a Village"" by Hillary Clinton.","CITED: A,D\nANSWER: It Takes a Family is a response to the 1996 book ""It Takes a Village"" by then-First Lady Hillary Clinton.","The title ""It Takes a Family"" is a response to the 1996 book ""It Takes a Family"" by then-First Lady Hillary Clinton.

The supporting evidence is supported by the following facts:

It Takes a Family is a 2005 book by then Pennsylvania Senator Rick Santorum.

It Takes a Family is a 2005 book by then P",1,1,1,1,0,1,1,1,1,0
5ade45ed554299728e26c699::active_set_pack_a,5ade45ed554299728e26c699,"['B', 'C']","['A', 'B']",False,"['A', 'D']","CITED: B,C
ANSWER: The 2016 Washington State Cougars were led by head coach Mike Leach, who previously helmed the Texas Tech Red Raiders football team.","CITED: A,B,D
ANSWER: The 2016 Washington State Cougars were led by the coach who previously helmed the Texas Tech Red Raiders.","CITED: C,D
ANSWER: The 2016 Washington State Cougars were led by coach Mike Leach, who previously helmed the Texas Tech Red Raiders.","CITED: B,C
ANSWER: The 2016 Washington State Cougars were led by head coach Mike Leach, who previously helmed the Texas Tech Red Raiders football team.","CITED: B, C

ANSWER: The 2016 Washington State Cougars football team was led by head coach Mike Leach, who previously coached the Texas Tech Red Raiders football team.

CITED: B, C

Cited facts support the answer. The coach of the 2016 Washington State Cougars football team was Mike Leach, and the t",2,1,1,2,2,1,2,2,1,1
5adc432d55429944faac24a1::active_set_pack_a,5adc432d55429944faac24a1,"['C', 'F']","['B', 'F']",False,"['A', 'D']","CITED: B,C
ANSWER: The San Diego Gulls play their home games at the Valley View Casino Center, located at Sports Arena Blvd in Point Loma, San Diego.","CITED: B,D,E,F
ANSWER: The San Diego Gulls play their home games at the Valley View Casino Center located in Point Loma, San Diego. Kevin Roy, a Canadian professional ice hockey forward who was selected by the Ducks in the 2012 NHL Entry Draft, currently plays with the San Diego Gulls in the America","CITED: C,D
ANSWER: The San Diego Gulls play their home games at the Valley View Casino Center, located at Sports Arena Blvd in Point Loma, San Diego. Kevin Roy, a Canadian professional ice hockey forward and prospect to the Anaheim Ducks, currently plays with the Gulls in the AHL. Roy was selected b","CITED: B,C
ANSWER: The San Diego Gulls play their home games at the Valley View Casino Center, located at Sports Arena Blvd in Point Loma, San Diego.","CITED: B, C, F

ANSWER: The San Diego Gulls play their home games at the Valley View Casino Center, located at Sports Arena Blvd in Point Loma, San Diego.",1,1,1,1,2,2,4,2,2,2
5adcf98255429947343537e9::active_set_pack_a,5adcf98255429947343537e9,"['A', 'C']","['A', 'E']",False,"['D', 'E']","CITED: C,F\nANSWER: Arthur Darvill and Matt Smith are connected through the show ""Doctor Who"". Fact C states that Arthur Darvill played Rory Williams, one of the Eleventh Doctor's companions, and Fact F mentions that Matt Smith played the Eleventh Doctor in the same series.","CITED: F,A
ANSWER: Matt Smith and Arthur Darvill are both connected to the show ""Doctor Who"", with Matt Smith playing the Eleventh Doctor and Arthur Darvill playing Rory Williams, a companion to the Eleventh Doctor.","CITED: F,C\nANSWER: Arthur Darvill and Matt Smith are connected through the show ""Doctor Who"", where Darvill played Rory Williams and Smith portrayed the Eleventh Doctor.","CITED: C,F\nANSWER: Arthur Darvill and Matt Smith are connected through the show ""Doctor Who"", where Darvill played Rory Williams and Smith portrayed the Eleventh Doctor.","The show that connects Arthur Darvill and Matt Smith is ""Doctor Who"". The connections between Arthur Darvill and Matt Smith is that both actors are known for their roles in the television series ""Doctor Who"". The Eleventh Doctor, portrayed by Matt Smith, and the Rory Williams, a companion of the Ele",1,1,1,1,0,1,1,1,1,0
5ab285d0554299340b5254fa::active_set_pack_a,5ab285d0554299340b5254fa,"['A', 'E']","['A', 'E']",True,"['B', 'C']","CITED: A,E
ANSWER: The Acolytes Protection Agency consisted of wrestler John Layfield, who was born November 29, 1966.","CITED: A,B
ANSWER: The Acolytes Protection Agency consisted of John Layfield, who was born on November 29, 1966.","CITED: A,B
ANSWER: The Acolytes Protection Agency consisted of John Layfield, who was born on November 29, 1966.","CITED: A,E
ANSWER: The Acolytes Protection Agency consisted of wrestler John Layfield, who was born November 29, 1966.","The Acolytes Protection Agency consisted of John Layfield, born November 29, 1966. The relevant facts are:
- John Layfield is known by the ring name John ""Bradshaw"" Layfield, and is an American color commentator and retired professional wrestler. 
- The Acolytes Protection Agency was a wrestling tag",2,1,1,2,0,0,1,1,0,0
5a7317535542994cef4bc450::active_set_pack_a,5a7317535542994cef4bc450,"['C', 'E']","['C', 'E']",True,"['A', 'F']","CITED: C,D,F\nANSWER: Twenty One Pilots, an artist played on K283BV, is from Columbus, Ohio. Fact C states the band originated from Columbus, Ohio, and fact D provides more details about the band's formation by Tyler Joseph, who is from Columbus, along with former members Nick Thomas and Chris Salih","CITED: F,E,D
ANSWER: K283BV features the artist Twenty One Pilots, who were formed in Columbus, Ohio.","CITED: F,E,D
ANSWER: K283BV features the artist Twenty One Pilots, who were formed in Columbus, Ohio.","CITED: C,E
ANSWER: K283BV artist Twenty One Pilots is from Columbus, Ohio.","The answer is Twenty One Pilots. They are from Columbus, Ohio.

The relevant facts are:
C. Twenty One Pilots originate from Columbus, Ohio.
E. K283BV is an alternative radio station that plays Twenty One Pilots.

The answer is: C, E",1,1,1,2,2,2,3,3,1,0
5a8d15b75542994ba4e3dbea::active_set_pack_a,5a8d15b75542994ba4e3dbea,"['B', 'F']","['A', 'F']",False,"['A', 'E']","CITED: F\nANSWER: Reggie Yates, who hosted The Voice UK, appeared in ""Doctor Who"" as Leo Jones.","CITED: B,C,D,E,F
ANSWER: Reggie Yates, who was a host of The Voice UK, appeared in ""Doctor Who"".","CITED: B,C,D,E,F
ANSWER: Reggie Yates, who hosted The Voice UK (series 2) along with Holly Willoughby, also appeared in the television show Doctor Who.","CITED: F\nANSWER: Reggie Yates, who hosted The Voice UK, appeared in ""Doctor Who"" as Leo Jones.","The host of ""Doctor Who"" in ""Doctor Who"" is Reggie Yates. The information about Reggie Yates is provided in the fact that Reggie Yates is best known for various roles, including Leo Jones in ""Doctor Who"". Therefore, Reggie Yates was in ""Doctor Who"" and the host of ""The Voice UK was in ""Doctor Who"".
",1,2,2,1,0,0,4,4,0,0
5a903a4855429933b8a204a9::active_set_pack_a,5a903a4855429933b8a204a9,"['D', 'E']","['C', 'E']",False,"['B', 'C']","CITED: E
ANSWER: John Ruskin was the leading English art critic of the Victorian era.","CITED: A
ANSWER: The man associated with Fanny Talbot, John Ruskin, was a leading art critic during the Victorian era.","CITED: D
ANSWER: The man associated with Fanny Talbot, John Ruskin, was the leading art critic during the Victorian era.","CITED: E
ANSWER: John Ruskin was the leading English art critic of the Victorian era.","The man associated with Fanny Talbot, John Ruskin was the leading art critic of the Victorian era. The relevant facts are:
- Fact E states that John Ruskin was the leading English art critic of the Victorian era. 

ANSWER: The era was the Victorian era.

ANSWER: The man associated with Fanny Talbot,",1,0,1,1,1,1,1,1,1,0
5abae247554299660624165c::active_set_pack_a,5abae247554299660624165c,"['E', 'F']","['E', 'F']",True,"['A', 'C']","CITED: E,F
ANSWER: Fact E states that the album ""Animal Ambition"" features guest appearances from Prodigy. Fact F confirms that Prodigy's birth name was Albert Johnson. Therefore, the guest on ""Animal Ambition"" born with the name Albert Johnson was Prodigy.","CITED: E
ANSWER: Fact E states that the album ""Animal Ambition"" features Prodigy, who is known to be born with the name Albert Johnson.","CITED: E
ANSWER: Fact E states that the album ""Animal Ambition"" features Prodigy, who is known to be born with the name Albert Johnson.","CITED: E,F
ANSWER: Fact E states that the album ""Animal Ambition"" features guest appearances from Prodigy. Fact F confirms that Prodigy's birth name was Albert Johnson. Therefore, the guest on ""Animal Ambition"" born with the name Albert Johnson was Prodigy.","The guest who appeared in the album ""Animal Ambition"" that was born with the name Albert Johnson, better known as the rapper Prodigy, who was one half of the hip hop duo Mobb Deep with Havoc.

The relevant facts are:
E. [Animal Ambition] The album features guest appearances from Yo Gotti, Trey Songz",2,1,1,2,0,1,1,1,1,0
5a8113ca55429938b61422ab::active_set_pack_a,5a8113ca55429938b61422ab,"['B', 'C']","['A', 'C']",False,"['A', 'D']","CITED: D,C\nANSWER: Chlorophyll is found in Prochlorococcus and is essential for photosynthesis.","CITED: D
ANSWER: Chlorophyll is found in Prochlorococcus and is essential for photosynthesis.","CITED: D
ANSWER: Chlorophyll is found in Prochlorococcus and is essential for photosynthesis.","CITED: C,D\nANSWER: Chlorophyll is found in Prochlorococcus and is essential for photosynthesis.","CITED: C,D
ANSWER: Prochlorococcus contains chlorophyll, which is essential for photosynthesis. Chlorophyll is a green pigment found in cyanobacteria and the chloroplasts of algae and plants, allowing them to absorb energy from light.",1,0,0,1,1,1,2,2,1,2
5abb1cc55542992ccd8e7f16::active_set_pack_a,5abb1cc55542992ccd8e7f16,"['B', 'E']","['C', 'E']",False,"['C', 'F']","CITED: B,E
ANSWER: Brian Keith ""Herbie"" Flowers, an English musician specializing in electric bass, double bass, and tuba, contributed to the recording ""Give My Regards to Broad Street."" This album is the fifth studio album by Paul McCartney, as well as the soundtrack album to his 1984 film of the s","CITED: A,B,D,E
ANSWER: Brian Keith ""Herbie"" Flowers, an English musician specializing in electric bass, double bass, and tuba, has contributed to the recording ""Give My Regards to Broad Street."" This album is the fifth studio album by Paul McCartney, as well as the soundtrack album to his 1984 film ","CITED: B,C,D,E
ANSWER: Brian Keith ""Herbie"" Flowers, an English musician specializing in electric bass, double bass, and tuba, contributed to the recording ""Give My Regards to Broad Street."" This album is the fifth studio album by Paul McCartney, as well as the soundtrack for his 1984 film of the sa","CITED: B,E
ANSWER: Brian Keith ""Herbie"" Flowers, an English musician specializing in electric bass, double bass, and tuba, contributed to the recording ""Give My Regards to Broad Street."" This album is the fifth studio album by Paul McCartney, as well as the soundtrack album to his 1984 film of the s","Herbie Flowers is an English musician who specializes in electric bass, double bass and tuba. Herbie Flowers has contributed to the album ""Give My Regards to Broad Street,"" which is the fifth studio album by Paul McCartney, as well as the soundtrack album to his 1984 film of the same name.

ANSWER: ",2,2,2,2,1,1,2,3,1,1
5a80df91554299260e20a198::active_set_pack_a,5a80df91554299260e20a198,"['B', 'F']","['A', 'F']",False,"['A', 'D']","CITED: B,F\nANSWER: The First Silesian War was fought against Frederick the Great, King of Prussia. Frederick the Great died in 1786.","CITED: A,B,D,F
ANSWER: The First Silesian War was fought against Frederick the Great, who was the King of Prussia. Frederick the Great died in 1786.","CITED: B,C,D
ANSWER: The First Silesian War was fought against Frederick the Great, who was the King of Prussia. Frederick the Great died in 1786.","CITED: B,F\nANSWER: The First Silesian War was fought against Frederick the Great, who was the King of Prussia. Frederick the Great died in 1786.","The First Silesian War was fought against Frederick the Great, who was the King of Prussia. Frederick II, also known as Frederick the Great, died in 1786. 

CITED: B, F
ANSWER: The First Silesian War was fought against Frederick the Great, who died in 1786.",2,2,1,2,2,0,2,3,0,1
5a7d549f5542991319bc93ad::active_set_pack_a,5a7d549f5542991319bc93ad,"['B', 'E']","['A', 'B']",False,"['A', 'F']","CITED: B
ANSWER: Trevor Prangley's other division he fought in aside from Light Heavyweight was Middleweight.","CITED: A,B\nANSWER: Trevor Prangley's other division he fought in, aside from Light Weight, was Middleweight. This is supported by the facts that he is a mixed martial artist (A) and the fact that he competed in both Light and Middleweight divisions (B).","CITED: A,B\nANSWER: Trevor Prangley's other division he fought in aside from Light Weight is the Heavyweight division.","CITED: B
ANSWER: Trevor Prangley's other division he fought in aside from Light Weight was the Middleweight division.","CITED: B\nANSWER: Trevor Prangley fought in the Middleweight division in addition to Light Heavyweight.

CITED: B\nANSWER: Trevor Prangley's other division is the Middleweight division.

CITED: B\n\nANSWER: Trevor Prangley's other division the fought in aside from Light Weight is the Middleweight di",1,1,1,1,1,1,1,1,1,0
5ae68e9d55429908198fa60e::active_set_pack_a,5ae68e9d55429908198fa60e,"['A', 'F']","['B', 'D']",False,"['C', 'D']","CITED: A,D,F
ANSWER: Owen Wilson acted in ""Shanghai Knights"" and voiced Lightning McQueen in the ""Cars"" franchise.","CITED: A,D,E
ANSWER: Owen Wilson acted in ""Shanghai Knights"" and voiced Lightning McQueen in the ""Cars"" franchise.","CITED: A,F\nANSWER: Owen Wilson acted in ""Shanghai Knights"" and voiced Lightning McQueen in the ""Cars"" franchise.","CITED: A,F\nANSWER: Owen Wilson acted in ""Shanghai Knights"" and voiced Lightning McQueen in the ""Cars"" franchise.","The actor who acted in ""Shanghai Knights"" and voiced Lightning McQueen in the ""Cars"" franchise is Owen Wilson. The relevant facts are:

- A. [Shanghai Knights] stars Jackie Chan and Owen Wilson.
- F. Owen Wilson is known for his roles in numerous films, including Shanghai Knights.
- F. He is known f",2,1,2,2,0,1,2,0,0,0
5a8285be55429966c78a6a41::active_set_pack_a,5a8285be55429966c78a6a41,"['B', 'F']","['A', 'B']",False,"['A', 'E']","CITED: B,F
ANSWER: The event that was a surprise military strike by the Imperial Japanese Navy Air Service while Magruder Hill Tuttle was a senior officer in the United States Navy was the attack on Pearl Harbor.","CITED: A,B
ANSWER: The event that was a surprise military strike by the Imperial Japanese Navy Air Service while Magruder Hill Tuttle was a senior officer in the United States Navy was the attack on Pearl Harbor. This is supported by facts A and B, which state that Magruder Hill Tuttle was an Americ","CITED: A,B,F
ANSWER: The event that was a surprise military strike by the Imperial Japanese Navy Air Service while Magruder Hill Tuttle was a senior officer in the United States Navy was the attack on Pearl Harbor. Fact A states that Magruder Tuttle was a senior officer, Fact B mentions that he was ","CITED: B,F
ANSWER: The event that was a surprise military strike by the Imperial Japanese Navy Air Service while Magruder Hill Tuttle was a senior officer in the United States Navy was the attack on Pearl Harbor.","CITED: B, F

ANSWER: The event that was a surprise military strike by the Imperial Japanese Navy Air Service while Magruder Hill Tuttle was a senior officer in the United States Navy is the attack on Pearl Harbor. Fact B states that Magruder Tuttle was a senior officer at the Pearl Harbor naval base",2,1,2,2,2,1,1,1,1,1
5a8e58cb5542990e94052ae0::active_set_pack_a,5a8e58cb5542990e94052ae0,"['A', 'F']","['D', 'F']",False,"['B', 'E']","CITED: A,C,F
ANSWER: Simone Kirby played the role of Tracey Moynihan in the Irish dramatic television series ""Love/Hate"", which aired on RTÉ Television between 2010 and 2014.","CITED: A,C,F
ANSWER: Simone Kirby played the role of Tracey Moynihan in the Irish dramatic television series ""Love/Hate"", which aired on RTÉ Television between 2010 and 2014.","CITED: A,C,F
ANSWER: Simone Kirby played the role of Tracey Moynihan in the Irish dramatic television series Love/Hate, which aired on RTÉ Television between 2010 and 2014.","CITED: A,C,F
ANSWER: Simone Kirby played the role of Tracey Moynihan in the Irish dramatic television series ""Love/Hate"", which aired on RTÉ Television between 2010 and 2014.","The show you're referring to is Love/Hate (TV series). Simone Kirby played the role of Tracey Moynihan in the Irish dramatic television series broadcast on RTÉ Television. The show Love/Hate is an Irish dramatic television series broadcast on RTÉ Television. The show aired between 2010 and 2014.

AN",2,2,2,2,0,1,1,1,1,0
5a72d90d55429901807daf53::active_set_pack_a,5a72d90d55429901807daf53,"['A', 'B']","['A', 'B']",True,"['D', 'F']","CITED: A,B\nANSWER: Rafael Nadal defeated Dominic Thiem in the 2017 Barcelona Open Banco Sabadell - Singles.","CITED: A,B\nANSWER: Rafael Nadal defeated the professional tennis player in the 2017 Barcelona Open Banco Sabadell - Singles. Fact A states that Rafael Nadal is the current World No. 1 in men's singles, and Fact B mentions that he won the 2017 Barcelona Open Banco Sabadell, with his opponent being D","CITED: A,B\nANSWER: Rafael Nadal defeated the professional tennis player in the 2017 Barcelona Open Banco Sabadell - Singles. Fact A states that Rafael Nadal is the current World No. 1 in men's singles, and Fact B mentions that he won the 2017 Barcelona Open Banco Sabadell, with his opponent being D","CITED: B
ANSWER: Rafael Nadal defeated Dominic Thiem in the 2017 Barcelona Open Banco Sabadell - Singles final, with a score of 6–4, 6–1.","Cited: A,B
Answer: Rafael Nadal defeated Dominic Thiem in the 2017 Barcelona Open Banco Sabadell - Singles.",2,2,2,2,2,0,0,0,0,0
5ab6a327554299110f219a45::active_set_pack_a,5ab6a327554299110f219a45,"['A', 'E']","['A', 'D']",False,"['C', 'F']","CITED: E
ANSWER: The 2010 head coach of the SMU Mustangs football team, June Jones, currently coaches in the Canadian Football League (CFL).","CITED: E
ANSWER: The 2010 head coach of the SMU Mustangs football team, June Jones, currently coaches in the Canadian Football League.","CITED: E
ANSWER: The 2010 head coach of the SMU Mustangs football team, June Jones, currently coaches in the Canadian Football League (CFL).","CITED: E
ANSWER: The 2010 head coach of the SMU Mustangs football team, June Jones, currently coaches in the Canadian Football League (CFL).","The head coach of the 2010 SMU Mustangs football team, June Jones, currently coaches in the Canadian Football League (CFL). The facts supporting this answer is the head coach of the SMU Mustangs football team, June Jones, is a head coach of the Hamilton Tiger-Cats of the CFL.

Fact A supports this a",2,2,2,2,1,0,0,0,0,0
5adc0856554299438c868d0d::active_set_pack_a,5adc0856554299438c868d0d,"['B', 'D']","['D', 'E']",False,"['C', 'F']","CITED: B,D
ANSWER: Device – Voice – Drum is the fourth live album by American rock band Kansas, which produced eight gold albums.","CITED: A,E
ANSWER: Device – Voice – Drum is the fourth live album by a band that produced 3 gold albums. Fact A states it is by English hard rock band Thunder, and Fact E mentions it is a double-CD companion to a DVD of the same name, which is also the title ""Open the Window – Close the Door: Live i","CITED: B
ANSWER: Device – Voice – Drum is the fourth live album by a band that produced eight gold albums.","CITED: B,D
ANSWER: Device – Voice – Drum is the fourth live album by American rock band Kansas, which produced eight gold albums.","The answer is: Device – Voice – Drum is the fourth live album by American rock band Kansas, which is the band Device – Voice – Drum is the fourth live album by American rock band Kansas, released in 2002 (see 2002 in music).

ANSWER: Device – Voice – Drum is the fourth live album by a band that prod",2,0,1,2,0,1,2,1,1,0
5a7fb04d55429969796c1b24::active_set_pack_a,5a7fb04d55429969796c1b24,"['A', 'D']","['A', 'D']",True,"['B', 'F']","CITED: A,D
ANSWER: Sleeping with Sirens, the band that released the album ""Let's Cheers to This"", is from Orlando, Florida.","CITED: A
ANSWER: The band that released the album ""Let's Cheers to This"" is from the Florida city of Orlando.","CITED: A
ANSWER: The band that released the album ""Let's Cheers to This"" is from the Florida city of Orlando.","CITED: A,D
ANSWER: Sleeping with Sirens, the band that released the album ""Let's Cheers to This"", is from Orlando, Florida.","Cited: A,D

The band Sleeping with Sirens, which released the album ""Let's Cheers to This,"" is from Orlando, Florida.",2,1,1,2,2,0,0,0,0,0
5a790e91554299078472779e::active_set_pack_a,5a790e91554299078472779e,"['A', 'B']","['A', 'E']",False,"['C', 'D']","CITED: A
ANSWER: Fact A states that Air Lore is an album by the improvisational trio Air featuring Henry Threadgill, Steve McCall, and Fred Hopkins performing compositions by Jelly Roll Morton and Scott Joplin. This indicates that Scott Joplin co-wrote the compositions featured on the album Air Lore","CITED: A
ANSWER: Fact A states that the improvisational trio Air, which includes Steve McQueen, performed compositions by Scott Joplin. Therefore, Scott Joplin co-wrote Air.","CITED: A
ANSWER: Fact A states that the improvisational trio Air, which includes a composer, performed a piece that included compositions by Scott Joplin. However, it does not specify that Scott Joplin co-wrote ""Air."" Therefore, Fact A does not support the answer to the question.","CITED: A
ANSWER: Fact A states that Air Lore is an album by the improvisational trio Air featuring Henry Threadgill, Steve McCall, and Fred Hopkins performing compositions by Jelly Roll Morton and Scott Joplin. This indicates that Scott Joplin co-wrote the compositions featured on the album Air Lore",The African-American composer who co-wrote Air is not mentioned in the provided information. The text does not contain any information about the co-writer of the album Air.,1,1,1,1,0,0,0,0,0,0
5a759ce25542996c70cfaf0e::active_set_pack_a,5a759ce25542996c70cfaf0e,"['A', 'F']","['E', 'F']",False,"['B', 'C']","CITED: F,G,H
ANSWER: Anil V. Kumar's production house, Flying Turtle Films, co-produced the movie ""Zanjeer"" starring Priyanka Chopra and Ram Charan, who is an Indian film actor, dancer, producer, businessman and entrepreneur, who works in Telugu cinema.","CITED: C,D,F
ANSWER: Anil V. Kumar's production house, Flying Turtle Films, co-produced the movie ""Zanjeer"" starring Priyanka Chopra and Ram Charan, who is an actor and entrepreneur working in Telugu cinema.","CITED: C,D,E,F
ANSWER: Anil V. Kumar's production house, Flying Turtle Films, co-produced the movie ""Zanjeer"" starring Priyanka Chopra and Ram Charan, who is an Indian film actor, dancer, producer, businessman and entrepreneur, who works in Telugu cinema.","CITED: F,G,H
ANSWER: Anil V. Kumar's production house, Flying Turtle Films, co-produced the movie ""Zanjeer"" starring Priyanka Chopra and Ram Charan, who is an Indian film actor, dancer, producer, businessman and entrepreneur, who works in Telugu cinema.","CITED: F,G,H\n
ANSWER: Anil V. Kumar's production house, Flying Turtle Films, co-produced the movie ""Zanjeer"" starring Priyanka Chopra and Ram Charan, who is an Indian film actor, dancer, producer, businessman and entrepreneur, who works in Telugu cinema.",1,2,2,1,1,0,2,3,0,0
5ae3e9995542995dadf24247::active_set_pack_a,5ae3e9995542995dadf24247,"['A', 'F']","['A', 'F']",True,"['C', 'D']","CITED: A,F
ANSWER: A Canadian politician born January 2, 1979, Jagmeet Singh, succeeded as leader of the New Democratic Party in Canada on October 1, 2017.","CITED: A
ANSWER: A Canadian politician born January 2, 1979, succeeded as leader of the New Democratic Party in Canada on an unspecified date. Fact A states that the leader succeeded in their position, but does not specify the exact date.","CITED: A
ANSWER: A Canadian politician born January 2, 1979, succeeded as leader of the New Democratic Party in Canada on an unspecified date. Fact A states that the leader succeeded in their position, but does not specify the exact date.","CITED: A,F
ANSWER: A Canadian politician born January 2, 1979, named Jagmeet Singh, succeeded as leader of the New Democratic Party in Canada on October 1st, 2017.","The date that a Canadian politician born January 2, 1979, succeeded as leader of the New Democratic Party in Canada.
On what date did a Canadian politician born January 2, 1979, succeed as leader of the New Democratic Party in Canada?

The date that a Canadian politician born January 2, 1979, who is",2,1,1,2,0,0,0,0,0,0
5a73668e55429901807db02e::active_set_pack_a,5a73668e55429901807db02e,"['B', 'D']","['A', 'E']",False,"['A', 'C']","CITED: B,D\nANSWER: The phrase commonly used on the day observed on 25 April each year is ""Lest we forget"". This phrase is often used in war remembrance services and commemorative occasions, particularly on Remembrance Day and ANZAC Day. ANZAC Day, observed on 25 April, was originally established to","CITED: D
ANSWER: The phrase commonly used on the day observed on 25 April each year is ""lest we forget"". This day, known as Anzac Day, commemorates the Australian and New Zealand Army Corps' efforts and sacrifices in war.","CITED: B,D\nANSWER: The phrase commonly used on the day observed on 25 April each year is ""Lest we forget"". This phrase is often used in war remembrance services and commemorative occasions, particularly on Remembrance Day and ANZAC Day. ANZAC Day, observed on 25 April, was originally established to","CITED: B,D\nANSWER: The phrase commonly used on the day observed on 25 April each year is ""Lest we forget"". This phrase is often used in war remembrance services and commemorative occasions, particularly on Remembrance Day and ANZAC Day. ANZAC Day, observed on 25 April, was originally established to","The phrase commonly used on the day observed on 25 April each year is ""Lest we forget"". This phrase is associated with Anzac Day, which commemorates the members of the Australian and New Zealand Army Corps (ANZAC) who fought during World War I.

Relevant facts:
- B. [Lest we forget (phrase)] The phr",2,1,2,2,0,0,1,0,0,0
5a8ba093554299240d9c203f::active_set_pack_a,5a8ba093554299240d9c203f,"['A', 'C']","['C', 'E']",False,"['B', 'E']","CITED: A,C\nANSWER: The Colts' first ever draft pick was Billy Vessels, who won the Heisman Trophy in 1952.","CITED: A,C
ANSWER: The Colts' first ever draft pick was Billy Vessels, who won the Heisman Trophy in 1952.","CITED: A,C
ANSWER: The Colts' first ever draft pick was Billy Vessels, who won the Heisman Trophy in 1952.","CITED: A,C\nANSWER: The Colts' first ever draft pick was Billy Vessels, who won the Heisman Trophy in 1952.","Cited: A, C

Answer: Billy Vessels, the Colts' first ever draft pick, won the Heisman Trophy in 1952.",2,2,2,2,2,0,0,0,0,0
5ab6ea2955429954757d33b8::active_set_pack_a,5ab6ea2955429954757d33b8,"['C', 'E']","['E', 'F']",False,"['B', 'D']","CITED: E
ANSWER: The Grand Lodge of the Republic of Liberia is based on Prince Hall Freemasonry, which was founded by Prince Hall on September 29, 1784.","CITED: A,B,D,E,F
ANSWER: The Grand Lodge of the Republic of Liberia is based on a branch of North American Freemasonry called Prince Hall Freemasonry, which was founded on September 4, 2013. This date is derived from Fact E, which states that Prince Hall Freemasonry was founded on that date.","CITED: A,B,C,D,E,F
ANSWER: The Grand Lodge of the Republic of Liberia is based on the principles of Prince Hall Freemasonry. Prince Hall Freemasonry was founded on September 29, 1784.","CITED: E
ANSWER: The Grand Lodge of the Republic of Liberia is based on Prince Hall Freemasonry, which was founded on September 29, 1784.","The Grand Lodge of the Republic of Liberia is based on Prince Hall Freemasonry, which was founded by Prince Hall on September 29, 1784.

Cited labels: E, C

The key information is in Fact E, which states that Prince Hall Freemasonry was founded by Prince Hall on September 29, 1784. Fact C tells us t",1,1,2,1,2,1,4,4,1,0
5ac04545554299294b218f6a::active_set_pack_a,5ac04545554299294b218f6a,"['B', 'E']","['A', 'E']",False,"['C', 'D']","CITED: B,E
ANSWER: Arthur Nascarella appeared in the 1998 film ""Enemy of the State,"" which was directed by Tony Scott.","CITED: C,D,E
ANSWER: The 1998 film with Arthur Nascarella directed by Tony Scott is ""Enemy of the State"".","CITED: B,C
ANSWER: Arthur Nascarella appeared in the 1998 film ""Enemy of the State,"" which was directed by Tony Scott.","CITED: B,E
ANSWER: Arthur Nascarella appeared in the 1998 film ""Enemy of the State,"" which was directed by Tony Scott.","The 1998 film with Arthur Nascarella that was directed by Tony Scott is Enemy of the State. The supporting cast of Cop Land does not necessarily mean that the film was directed by Tony Scott. The supporting cast includes Arthur Nascarella, but the film Cop Land is not the answer to the question.

AN",2,1,1,2,0,1,3,2,1,0
5abba5e75542992ccd8e7f64::active_set_pack_a,5abba5e75542992ccd8e7f64,"['A', 'E']","['A', 'E']",True,"['C', 'F']","CITED: A,E
ANSWER: In the 2017-18 Phoenix Suns season draft, the Phoenix Suns picked Josh Jackson, who played one season for the Kansas Jayhawks.","CITED: A,X
ANSWER: In the 2017-18 Phoenix Suns season draft, the Phoenix Suns picked Josh Jackson, who played one season for the Kansas Jayhawks.","CITED: A,X
ANSWER: In the 2017-18 Phoenix Suns season draft, the Phoenix Suns picked Josh Jackson, who played one season for the Kansas Jayhawks.","CITED: A,E
ANSWER: In the 2017-18 Phoenix Suns season draft, the Phoenix Suns picked Josh Jackson, who played one season for the Kansas Jayhawks.","The Phoenix Suns selected Josh Jackson, who played college basketball for one season with the Kansas Jayhawks. The player that played one season with the Kansas Jayhawks is Josh Jackson.

In the draft of the 2017–18 Phoenix Suns season, the Phoenix Suns picked Josh Jackson that played one season for",2,1,1,2,0,0,0,0,0,0
5a764234554299109176e6e6::active_set_pack_a,5a764234554299109176e6e6,"['B', 'D']","['C', 'D']",False,"['A', 'C']","CITED: D,E
ANSWER: The weapon BFG is found in the game series ""Doom"", developed by id Software, as mentioned in Fact D and Fact E which states that id Software developed Commander Keen, but Doom is a first-person shooter series.","CITED: A,E
ANSWER: The weapon BFG is found in the game series Commander Keen, developed primarily by id Software.","CITED: A,E
ANSWER: The weapon BFG is found in the game series Commander Keen, developed by id Software.","CITED: D,E
ANSWER: The weapon BFG is found in the game series ""Doom"", developed by id Software. Fact D states that the BFG is a fictional weapon found in many video game titles, mostly in first-person shooter series such as ""Doom"" and ""Quake"". Fact E confirms that id Software developed the Commander","The weapon BFG is found in the Doom series developed by id Software. The BFG is a fictional weapon found in many video game titles, mostly in first-person shooter series such as ""Doom"" and ""Doom (series) and Doom (series) and BFG (weapon) and Doom (series) and Doom (series) and BFG (weapon) and Doom",1,0,0,1,0,2,2,2,2,0
5a8b21cb55429971feec4647::active_set_pack_a,5a8b21cb55429971feec4647,"['D', 'F']","['D', 'F']",True,"['A', 'E']","CITED: D,F
ANSWER: The 2016 Liberty Bowl was sponsored by a company based in Memphis, Tennessee. Fact D states that AutoZone, the sponsor of the 2016 Liberty Bowl (as mentioned in Fact F), is based in Memphis, Tennessee.","CITED: B, D, F
ANSWER: The 2016 Liberty Bowl was sponsored by AutoZone, which is based in Memphis, Tennessee.","CITED: B, D, F
ANSWER: The 2016 Liberty Bowl was sponsored by AutoZone, which is based in Memphis, Tennessee.","CITED: D,F
ANSWER: The 2016 Liberty Bowl was sponsored by a company based in Memphis, Tennessee. Fact D states that AutoZone, the sponsor of the 2016 Liberty Bowl (Fact F), is based in Memphis, Tennessee.","CITED: D,F\nANSWER: The 2016 Liberty Bowl was sponsored by AutoZone, a company based in Memphis, Tennessee.",2,2,2,2,2,1,2,2,1,0
5a8e8fc75542990e94052b57::active_set_pack_a,5a8e8fc75542990e94052b57,"['A', 'E']","['A', 'B']",False,"['C', 'F']","CITED: E,F
ANSWER: In the 2003-04 season, VfL Wolfsburg signed Argentine starlet Andrés D'Alessandro from River Plate, who plays as an attacking midfielder.","CITED: E,F\nANSWER: In the 2003-04 season, VfL Wolfsburg signed a starlet from River Plate who plays in the midfielder position.","CITED: E,F
ANSWER: In the 2003-04 season, VfL Wolfsburg signed Argentine starlet Andrés D'Alessandro from River Plate, who plays as a midfielder.","CITED: E,F
ANSWER: In the 2003-04 season, VfL Wolfsburg signed Argentine starlet Andrés D'Alessandro from River Plate, who plays as an attacking midfielder.","The fact that supports the answer is Fact A.

A. [Andrés D'Alessandro] Andrés Nicolás D'Alessandro (born 15 April 1981) is an Argentine footballer who plays for Internacional as an attacking midfielder.

ANSWER: In the 2003-04 Wolfsburg season, they signed an Argentine starlet Andrés D'Alessandro fr",2,1,2,2,1,1,1,1,1,0
5ae1d33a554299492dc91b9d::active_set_pack_a,5ae1d33a554299492dc91b9d,"['D', 'F']","['C', 'F']",False,"['A', 'E']","CITED: D,F
ANSWER: Arthur Noss won a Military Cross as the gunner of a soldier named Keith Park, who was born on 15 June 1892.","CITED: A,E
ANSWER: Arthur Noss won a Military Cross as the gunner of Frederick Maurice Watson Harvey, who was born on 1 September 1888.","CITED: D,E,F
ANSWER: Arthur Noss won a Military Cross as the gunner of a soldier born in 1888. This is supported by facts E and F, which state that Frederick Maurice Watson Harvey, the soldier in question, was born on 1 September 1888.","CITED: D,F
ANSWER: Arthur Noss won a Military Cross as the gunner of a soldier named Keith Park, who was born on 15 June 1892.","The question asks for the birth year of the soldier for whom Arthur Noss won a Military Cross. The fact that Arthur Noss won a Military Cross as the gunner of Keith Park's gunner, and was killed in a flying accident shortly thereafter.

Cited: C, F
ANSWER: Arthur Noss won a Military Cross as the gun",2,0,2,2,1,1,2,2,1,2
5a81e73f554299676cceb14d::active_set_pack_a,5a81e73f554299676cceb14d,"['B', 'C']","['C', 'F']",False,"['A', 'D']","CITED: B
ANSWER: ""Puss in Boots: The Three Diablos"" is a sequel to the 2011 movie ""Puss in Boots"", which was produced by DreamWorks Animation.","CITED: A,B
ANSWER: The movie ""Puss in Boots: The Three Diablos"" is a sequel to the 2011 film ""Puss in Boots"". The 2011 film was produced by DreamWorks Animation.","CITED: B
ANSWER: The movie ""Puss in Boots: The Three Diablos"" is a sequel to the 2011 film ""Puss in Boots"", which was produced by DreamWorks Animation.","CITED: B
ANSWER: ""Puss in Boots: The Three Diablos"" is a sequel to the 2011 movie ""Puss in Boots"", which was produced by DreamWorks Animation.","The movie ""Puss in Boots"" was produced by DreamWorks Animation. This can be inferred from the information provided in the question itself, which states that ""Puss in Boots"" is a 2011 American 3D computer-animated fantasy action comedy film produced by DreamWorks Animation and distributed by Paramoun",1,1,1,1,0,1,1,1,1,0
5ae8256355429952e35eaa59::active_set_pack_a,5ae8256355429952e35eaa59,"['E', 'F']","['C', 'E']",False,"['C', 'D']","CITED: F
ANSWER: The record company, Dischord Records, is based in Washington, D.C. and was co-founded by Ian MacKaye, the frontman of Minor Threat and Fugazi.","CITED: D,E
ANSWER: The record company, co-founded by the frontman of Minor Threat and Fugazi, Ian MacKaye, is based in Washington D.C. This is supported by the facts that Ian MacKaye is involved with Dischord Records (Fact E) and that he is known for his work with Minor Threat and Fugazi (Fact D).","CITED: F
ANSWER: The record company, Dischord Records, is based in Washington, D.C. and was co-founded by Ian MacKaye, the frontman of Minor Threat and Fugazi.","CITED: F
ANSWER: The record company, Dischord Records, is based in Washington, D.C. and was co-founded by Ian MacKaye, the frontman of Minor Threat and Fugazi.","The record company co-founded by the frontman of Minor Threat and Fugazi, Ian MacKaye, is based in Washington, D.C. The fact that Dischord Records is a Washington, D.C.-based independent record label co-founded by Ian MacKaye, who is the frontman of Minor Threat and the founder of Fugazi. The fact t",1,1,1,1,0,1,2,1,1,0
5a827a9f55429940e5e1a8cf::active_set_pack_a,5a827a9f55429940e5e1a8cf,"['A', 'D']","['A', 'B']",False,"['E', 'F']","CITED: A,D
ANSWER: Kiawah Island, South Carolina was mentioned in ""Porgy and Bess,"" composed by George Gershwin, who is best known for the 1924 orchestral composition ""Rhapsody in Blue.""","CITED: A,D
ANSWER: Kiawah Island, South Carolina was mentioned in ""Porgy and Bess,"" composed by George Gershwin, who is best known for the 1924 orchestral composition ""Rhapsody in Blue.""","CITED: D,A
ANSWER: Kiawah Island, South Carolina was mentioned in ""Porgy and Bess,"" composed by George Gershwin, who is best known for the 1924 orchestral composition ""Rhapsody in Blue.""","CITED: A,D
ANSWER: Kiawah Island, South Carolina was mentioned in ""Porgy and Bess,"" composed by George Gershwin, who is best known for the 1924 orchestral composition ""Rhapsody in Blue.""","The fact that George Gershwin is best known for the 1924 orchestral composition ""Rhapsody in Blue. The fact that George Gershwin composed ""Porgy and Bess,"" which mentions Kiawah Island, South Carolina, and the fact that the man who composed the piece is best known for another composition from 1924.
",2,2,2,2,0,0,0,0,0,0
5a8d32ae5542994ba4e3dc1d::active_set_pack_a,5a8d32ae5542994ba4e3dc1d,"['D', 'E']","['A', 'D']",False,"['A', 'F']","CITED: E,D

ANSWER: Richard Yates published a work titled ""Eleven Kinds of Loneliness"", while one of Italo Calvino's best known works was the ""Cosmicomics"" collection of short stories.","CITED: A,B,F
ANSWER: Richard Yates published a work titled ""Eleven Kinds of Loneliness,"" which is in the same genre as one of Italo Calvino's best known works, titled ""If on a Winter's Day.""","CITED: E
ANSWER: Richard Yates published a work by the name of ""Eleven Kinds of Loneliness"". Italo Calvino's best known work of the same genre was titled ""If on a crossroad I see them"".","CITED: E,D

ANSWER: Richard Yates published a work titled ""Eleven Kinds of Loneliness"", while one of Italo Calvino's best known works was the ""Cosmicomics"" collection of short stories.","Italo Calvino's best known works include the ""Our Ancestors"" trilogy (1952–1959), the ""Cosmicomics"" collection of short stories (1965), and the novels ""Invisible Cities (1972) and ""If on a winter's night a traveler"" (1979). His best known works include the ""Our Ancestors"" trilogy (195",2,0,1,2,0,1,3,1,1,0
5a8634195542991e771815ba::active_set_pack_a,5a8634195542991e771815ba,"['C', 'D']","['C', 'D']",True,"['B', 'F']","CITED: D,C
ANSWER: Ricky Dene Gervais, the creator, writer, and director of Extras, was born on 25 June 1961.","CITED: A,C,D
ANSWER: Extras is a British sitcom about extras working in television, film, and theatre, created by Ricky Gervais. Ricky Gervais, an English comedian, actor, writer, producer, director, singer, and musician, was born on June 25th.","CITED: A,C,D
ANSWER: Extras is a British sitcom about extras working in television, film, and theatre, created by Ricky Gervais. Ricky Gervais, an English comedian, actor, writer, producer, director, singer, and musician, was born on June 25th.","CITED: D,C
ANSWER: Ricky Dene Gervais, the creator, writer, and director of Extras, was born on 25 June 1961.","Cited: C, D, and D
ANSWER: Ricky Dene Gervais, born on 25 June 1961
Cited: C, D, and born on which date? C
\n
://www.imdb.com/tv/series/1080-philosophical-questions
ANSWER: June 25
Cited: C
\n",2,2,2,2,2,1,1,1,1,1
5ae1fc135542997283cd2309::active_set_pack_a,5ae1fc135542997283cd2309,"['A', 'C']","['C', 'E']",False,"['B', 'E']","CITED: A,D
ANSWER: Yes, both Patrick White and Katherine Anne Porter are writers. Fact A states that Katherine Anne Porter was an American journalist, essayist, short story writer, novelist, and political activist. Similarly, Fact D mentions that the Katherine Anne Porter House is the childhood home","CITED: D,E
ANSWER: Yes, both Patrick White and Katherine Anne Porter are writers. Fact D states that the Katherine Anne Porter House is the childhood home of writer Katherine Anne Porter, and Fact E mentions that Patrick White published twelve novels, three short-story collections and eight plays th","CITED: A,D
ANSWER: Yes, both Patrick White and Katherine Anne Porter are writers. Fact A states that Katherine Anne Porter was an American journalist, essayist, short story writer, novelist, and political activist. Fact D mentions that the Katherine Anne Porter House is the childhood home of writer ","CITED: A,D
ANSWER: Yes, both Patrick White and Katherine Anne Porter are writers. Fact A states that Katherine Anne Porter was an American journalist, essayist, short story writer, novelist, and political activist. Similarly, Fact D mentions that the Katherine Anne Porter House is the childhood home","The evidence for both Patrick White and Katherine Anne Porter being writers is:
D. [Katherine Anne Porter House] The house is the childhood home of writer Katherine Anne Porter.
D. [Katherine Anne Porter House] The Katherine Anne Porter House is a historic house located in Kyle, Texas.
E. [Patrick W",1,1,1,1,0,3,2,1,1,0
5a8844135542994846c1ce77::active_set_pack_a,5a8844135542994846c1ce77,"['A', 'E']","['B', 'E']",False,"['B', 'C']","CITED: E, A
ANSWER: John Carney directed the 2016 musical ""Sing Street"", which was filmed in Howth.","CITED: B,E
ANSWER: John Carney directed the 2016 musical ""Sing Street,"" which was filmed in Howth.","CITED: A,B
ANSWER: John Carney directed the 2016 musical ""Sing Street"", which was filmed in Howth.","CITED: E
ANSWER: John Carney directed the 2016 musical ""Sing Street"", which was filmed in Howth.","The answer is John Carney. The director John Carney directed the 2016 musical ""Sing Street"", a 2016 musical coming-of-age comedy-drama film co-written, co-written, produced and directed by John Carney. The film stars Ferdia Walsh-Peelo, Lucy Boynton, Maria Doyle Kennedy, Aiden Gillen, Jack Reynor, a",2,2,1,2,0,0,1,1,0,0
5ac0d9e55542992a796ded92::active_set_pack_a,5ac0d9e55542992a796ded92,"['A', 'C']","['A', 'F']",False,"['B', 'E']","CITED: A,F
ANSWER: Son of Paleface starred the comedian and vaudevillian of American nationality, Bob Hope.","CITED: A,F
ANSWER: Son of Paleface starred the comedian and vaudevillian of American nationality. Fact A states that Bob Hope is an American actor, and Fact F mentions his career spanning nearly 80 years with appearances in films like Son of Paleface.","CITED: A
ANSWER: The comedian and vaudevillian Bob Hope, who starred in Son of Paleface, is of American nationality.","CITED: A,F
ANSWER: Son of Paleface starred the comedian and vaudevillian of American nationality, Bob Hope.","The nationality of the comedian and vaudevillian Bob Hope is American. The fact that Bob Hope was born Leslie Towns Hope and the fact that Bob Hope, KBE, KC*SG, KCE, KSS (born Leslie Towns Hope; May 29, 1903 – July 27, 2003) was an American comedian, vaudevillian, actor, singer,",1,1,1,1,0,1,1,0,1,0
5a8a30ad5542992d82986eec::active_set_pack_a,5a8a30ad5542992d82986eec,"['C', 'E']","['D', 'E']",False,"['A', 'F']","CITED: E,D,C

ANSWER: The actor that Penny Layden performed with in The Libertine is Johnny Depp, who rose to prominence on the television series ""21 Jump Street"", becoming a teen idol.","CITED: D,E
ANSWER: Johnny Depp, who Penny Layden performed with in The Libertine, starred in the television series ""21 Jump Street"" and subsequently became a teen idol.","CITED: E,C
ANSWER: The actor that Penny Layden performed with in The Libertine is Johnny Depp, who rose to prominence on the television series ""21 Jump Street"", becoming a teen idol.","CITED: E,F

ANSWER: The actor that Penny Layden performed with in The Libertine is Johnny Depp, who rose to prominence on the television series ""21 Jump Street"", becoming a teen idol.","CITED: E,C

ANSWER: The actor that Penny Layden performed with in ""The Libertine"" is Johnny Depp, who starred in the television series ""21 Jump Street"", becoming a teen idol.

CITED: A,B, F

ANSWER: Rex Smith, the actor that Penny Layden performed with in ""The Libertine"", starred in the television s",2,1,2,1,2,2,2,1,2,2
5a8deeb455429917b4a5bce2::active_set_pack_a,5a8deeb455429917b4a5bce2,"['A', 'B']","['A', 'C']",False,"['C', 'D']","CITED: B
ANSWER: The show ""The Strain"" on which Kim Roberts played the character Neeva aired on FX network.","CITED: E
ANSWER: The show on which Kim Roberts played Neeva, titled ""The Strain,"" aired on the network called FX. This is supported by Fact E, which states that the show is a horror drama series and does not mention any other network.","CITED: B
ANSWER: The show on which Kim Roberts played Neeva, ""The Strain"", aired on FX.","CITED: A,E
ANSWER: Kim Roberts played Neeva in ""The Strain,"" which aired on FX.","The network that aired the show on which Kim Roberts played Neeva in ""The Strain"" aired on FX.

The Strain is an American horror drama television series that premiered on FX on July 13, 2014. It was created by Guillermo del Toro and Chuck Hogan, based on their novel trilogy of the same name. The Str",2,1,2,1,0,0,1,0,1,0
5a73035d5542992359bc31fd::active_set_pack_a,5a73035d5542992359bc31fd,"['E', 'F']","['E', 'F']",True,"['C', 'D']","CITED: E,F
ANSWER: Dirkie Chamberlain represented her country at the 2012 Summer Olympics, formally known as the Games of the XXX Olympiad.","CITED: C,E,F
ANSWER: Dirkie Chamberlain represented her country at the Summer Olympics, which is formally known as the Games of the XXX Olympiad.","CITED: C,E,F
ANSWER: Dirkie Chamberlain represented her country at the Summer Olympics, which is formally known as the Games of the XXX Olympiad.","CITED: E,F
ANSWER: Dirkie Chamberlain represented her country at the 2012 Summer Olympics, formally known as the Games of the XXX Olympiad.","The most well-known international sports event is the Olympic Games. Dirkie Chamberlain represented her country at the 2012 Summer Olympics. Therefore, Dirkie Chamberlain represented her country in the Olympic Games.

The most well-known international sports event is the Olympic Games.
The 2012 Summ",2,2,2,2,0,1,2,2,1,0
5ade4b7f55429939a52fe877::active_set_pack_a,5ade4b7f55429939a52fe877,"['A', 'D']","['A', 'B']",False,"['C', 'E']","CITED: A,D
ANSWER: Irma Pamela Hall is best known for playing matriarchal figures in the 2004 American black comedy thriller film ""The Ladykillers"", directed by Joel and Ethan Coen.","CITED: A,F\nANSWER: Irma Pamela Hall is best known for playing matriarchal figures in the 2004 American black comedy thriller film ""The Ladykillers,"" directed by Joel and Ethan Coen.","CITED: D
ANSWER: Irma Pamela Hall is best known for playing matriarchal figures, including in the 2004 American black comedy thriller film The Ladykillers, directed by Joel and Ethan Coen.","CITED: A,D
ANSWER: Irma Pamela Hall is best known for playing matriarchal figures in the 2004 American black comedy thriller film ""The Ladykillers"", directed by Joel and Ethan Coen.","Facts F and D are relevant to answer the question.

Irma P. Hall appeared in the 2004 American black comedy thriller film ""The Ladykillers"" directed by Joel and Ethan Coen. (F, D)",2,1,2,2,1,0,1,0,0,1
5a7bc8b1554299294a54aad0::active_set_pack_a,5a7bc8b1554299294a54aad0,"['B', 'D']","['C', 'E']",False,"['E', 'F']","CITED: B,D\nANSWER: The American city where the actual events upon which the drama is based took place is Granby, Colorado. Fact B mentions the incident involving Marvin Heemeyer, while Fact D states that the story of Marvin Heemeyer in the United States inspired Andrey Zvyagintsev for the Russian s","CITED: A,D
ANSWER: The American city where the actual events upon which the drama is based took place is not explicitly mentioned in the given facts. However, Fact A states that Leviathan (2014 film) is a Russian drama directed by Andrey Zvyagintsev, and Fact D mentions that the film is inspired by ","CITED: B,D\nANSWER: The American city where the actual events upon which the drama is based took place is Granby, Colorado. Fact B mentions the incident involving Marvin Heemeyer, while Fact D states that the story of Marvin Heemeyer in the United States inspired Andrey Zvyagintsev for the Russian s","CITED: B,D\nANSWER: The American city where the actual events upon which the drama is based took place is Granby, Colorado. Fact B mentions the incident involving Marvin Heemeyer, while Fact D states that the story of Marvin Heemeyer in the United States inspired Andrey Zvyagintsev to adapt it into ","The American city upon which the events of the drama is based is Granby, Colorado. The relevant facts are:
- B. [Marvin Heemeyer] On June 4, 2004, automobile muffler repair shop owner Marvin John Heemeyer drove his armored bulldozer through Granby, Colorado, damaging 13 buildings, with the cost of t",2,1,2,2,0,0,1,0,0,0
5abc2e3d554299114383a0f6::active_set_pack_a,5abc2e3d554299114383a0f6,"['A', 'E']","['A', 'D']",False,"['C', 'D']","CITED: A,B,D
ANSWER: Alan Furst is an American author of historical spy novels, known for works such as The Spies of Warsaw and Kingdom of Shadows. Lee Child is a British author who writes thriller novels, most famous for his Jack Reacher series.","CITED: A,D
ANSWER: Alan Furst and Lee Child are authors. Alan Furst writes spy novels, while Lee Child is known for his thriller novels featuring Jack Reacher.","CITED: A,B,D
ANSWER: Alan Furst and Lee Child are authors known for writing spy and thriller novels, respectively. Furst is known for his historical spy novels, such as The Spies of Warsaw, while Child is famous for his Jack Reacher series of thriller novels.","CITED: A,B,D
ANSWER: Alan Furst is an American author of historical spy novels, known for works such as The Spies of Warsaw. Lee Child is a British author who writes thriller novels, most famous for his Jack Reacher series.","Alan Furst is an American author of historical spy novels. Alan Furst is an American author of historical spy novels. Alan Furst (born February 20, 1941) is an American author of historical spy novels. Furst has been called ""an heir to the tradition of Eric Ambler and Graham Greene,"" whom he cites a",1,1,1,1,0,2,1,2,2,0
5a7929cf554299029c4b5f12::active_set_pack_a,5a7929cf554299029c4b5f12,"['C', 'D']","['D', 'F']",False,"['E', 'F']","CITED: D,C\nANSWER: Tenth Avenue Freeze-Out is the second song on Bruce Springsteen's breakthrough album ""Born to Run"", which is his third studio album.","CITED: C,D
ANSWER: Tenth Avenue Freeze-Out is the second song on Bruce Springsteen's breakthrough album, which is his third studio album titled Born to Run.","CITED: C,D
ANSWER: Tenth Avenue Freeze-Out is the second song on Bruce Springsteen's breakthrough album, Born to Run, which is his third studio album.","CITED: D,C\nANSWER: Tenth Avenue Freeze-Out is the second song on Bruce Springsteen's breakthrough album ""Born to Run"", which is his third studio album.","The relevant facts are D, C and CITED:

CITED: D, C

The album ""Born to Run"" is Bruce Springsteen's third studio album, and ""Tenth Avenue Freeze-Out"" is a song from Bruce Springsteen's breakthrough album, which is also the third studio album by Bruce Springsteen.

ANSWER: Tenth Avenue Freeze-Out is ",2,2,2,2,2,0,1,1,0,0
5ab964ae5542996be20204c0::active_set_pack_a,5ab964ae5542996be20204c0,"['B', 'F']","['E', 'F']",False,"['C', 'D']","CITED: F
ANSWER: Hartland Swamp Wildlife Management Area is located in Niagara County, New York.","CITED: E,F
ANSWER: Hartland Swamp Wildlife Management Area is located in Niagara County, New York.","CITED: E,F
ANSWER: Hartland Swamp Wildlife Management Area is located in Niagara County, New York.","CITED: F
ANSWER: Hartland Swamp Wildlife Management Area is located in Niagara County, New York.","F: The Hartland Swamp Wildlife Management Area is located in northeastern Niagara County, New York.

CITED: F\nANSWER: The Hartland Swamp Wildlife Management Area is located in Niagara County, New York.",1,1,1,1,1,1,2,2,1,0
5add44235542995b365faae2::active_set_pack_a,5add44235542995b365faae2,"['D', 'F']","['E', 'F']",False,"['B', 'E']","CITED: D
ANSWER: Modern Drummer is published more often since it is a monthly publication, while Bookmarks is a bimonthly magazine.","CITED: D
ANSWER: Modern Drummer is published more often than Bookmarks. Fact D states that Modern Drummer is a monthly publication, while Bookmarks is mentioned in Fact F, which does not specify the frequency of its publication.","CITED: D
ANSWER: Modern Drummer is published more often, as it is a monthly publication (Fact D), while Bookmarks is a quarterly publication (since it appears once a year, which is three times in a year, or ""monthly"" in the context of quarterly publications).","CITED: D
ANSWER: Modern Drummer is published more often, as it is a monthly publication (Fact D), while Bookmarks is a bimonthly magazine (Fact F).","CITED: D\nANSWER: The publication ""Modern Drummer"" is published more often because it is a monthly publication. Fact A cited here: CITED: A,CITED\nANSWER: CITED\n\nCITED: A,CITED\n\nCITED: CITED\n\n\n\n\n\n\n\n\n\n\n\n\n\n\n\n\n\n\n\n\n\n",1,2,1,2,1,1,1,1,1,1
5a8a662755429930ff3c0dc5::active_set_pack_a,5a8a662755429930ff3c0dc5,"['D', 'F']","['A', 'F']",False,"['A', 'B']","CITED: E,D
ANSWER: Mindless Self Indulgence and Tappi Tíkarrass are both bands that incorporate a mix of musical styles into their music. Mindless Self Indulgence blends punk rock, alternative rock, electronica, techno, industrial, hip hop and breakbeat hardcore, while Tappi Tíkarrass added elements","CITED: E,F\nANSWER: Mindless Self Indulgence and Tappi Tíkarrass are both bands that incorporate a mixed style of music, including elements of punk rock, alternative rock, electronica, techno, industrial, hip hop and breakbeat hardcore.","CITED: E,D
ANSWER: Mindless Self Indulgence and Tappi Tíkarrass are both bands that incorporate a mix of musical styles into their music. MSI blends punk rock, alternative rock, electronica, techno, industrial, hip hop and breakbeat hardcore, while Tappi Tíkarrass added elements of funk, rock and ja","CITED: E,F\nANSWER: Mindless Self Indulgence and Tappi Tíkarrass are both bands that incorporate a mixed style of music, including elements of punk rock, alternative rock, electronica, techno, industrial, hip hop and breakbeat hardcore. Mindless Self Indulgence is an American electropunk band formed","CITED: E,F\nSUPPORTED: Both Mindless Self Indulgence and Tappi Tíkarrass are bands that incorporate a mixed style of music, including elements of punk rock, alternative rock, electronica, techno, industrial, hip hop and breakbeat hardcore.",1,1,1,1,1,2,1,2,1,1
5ae750175542997b22f6a6b6::active_set_pack_a,5ae750175542997b22f6a6b6,"['C', 'E']","['C', 'D']",False,"['D', 'F']","CITED: C,E
ANSWER: Tothill Fields was an 18th-century area of Westminster in the county of Middlesex, a historic county in south-east England.","CITED: A,C,D
ANSWER: Tothill Fields was an 18th-century area of Westminster in the county of Middlesex, a historic county in south-east region of England.","CITED: A,C,D,E,F
ANSWER: Tothill Fields was an 18th-century area of Westminster in the county of Middlesex, a historic county in south-east England.","CITED: C,E
ANSWER: Tothill Fields was an 18th-century area of Westminster in the county of Middlesex, a historic county in south-east England.","Fact C supports the question. The question asks for the county of Middlesex is a historic county in the south-east region of which country. The fact that Middlesex is a historic county in south-east England means that the country is England.

Fact C. [Tothill Fields Bridewell] Tothill Fields was an ",2,1,2,2,1,1,2,3,1,0
5a7794525542995d831811f3::active_set_pack_a,5a7794525542995d831811f3,"['C', 'E']","['A', 'B']",False,"['A', 'F']","CITED: E,F\nANSWER: Baker Mayfield won the starting quarterback job at Oklahoma over Trevor Knight.","CITED: A,B,D
ANSWER: Michael Vick was the quarterback for the Atlanta Falcons that Baker Mayfield won the starting job at Oklahoma over.","CITED: E,F\nANSWER: Baker Mayfield won the starting quarterback job at Oklahoma over Trevor Knight.","CITED: E,F\nANSWER: Baker Mayfield won the starting quarterback job at Oklahoma over Trevor Knight.","CITED: E, F\nANSWER: Trevor Knight

CITED: E, F\nANSWER: Trevor Knight

ANSWER: Baker Mayfield won the starting quarterback job at Oklahoma over Trevor Knight.

CITED: E, F\n\nANSWER: The relevant answer is E. E cited
\n\n\n\n\n\n\n\n\n\n\n\n\n\n\n\n\n",1,0,1,1,1,1,3,1,1,1
5ab542875542997d4ad1f0e1::active_set_pack_a,5ab542875542997d4ad1f0e1,"['A', 'F']","['D', 'F']",False,"['C', 'E']","CITED: F
ANSWER: Terenzo is located in the Emilia-Romagna region of Italy.","CITED: A,F
ANSWER: Terenzo is located in the Emilia-Romagna region of Italy. This is supported by Fact A, which states that Parma is in the Emilia-Romagna region, and Fact F, which states that Terenzo is in the Province of Parma.","CITED: A,F
ANSWER: Terenzo is located in the Emilia-Romagna region of Italy. This is supported by Fact A, which states Parma is in the northern Italian region of Emilia-Romagna, and Fact F, which mentions Terenzo is in the Province of Parma.","CITED: F
ANSWER: Terenzo is located in the Emilia-Romagna region of Italy.","The answer is Terenzo is located in the Emilia-Romagna region of Italy.

The information about Terenzo is stated in the following facts:
- F. [Terenzo is a ""comune"" (municipality) in the Province of Parma in the Italian region Emilia-Romagna.

The region of Terenzo is located in Italy, which is a",2,2,2,2,0,0,0,0,0,0
5ae1c9ea5542997f29b3c103::active_set_pack_a,5ae1c9ea5542997f29b3c103,"['B', 'D']","['B', 'D']",True,"['A', 'F']","CITED: D
ANSWER: Jawaharlal Nehru, the first Prime Minister of India, was born on November 14, 1889.","CITED: F\nANSWER: V. K. Krishna Menon was regarded as the second most powerful man in India after Prime Minister Jawaharlal Nehru, who was born on November 14, 1885.","CITED: F\nANSWER: V. K. Krishna Menon was regarded as the second most powerful man in India after Prime Minister Jawaharlal Nehru, who was born on November 14, 1885.","CITED: D
ANSWER: Jawaharlal Nehru, the first Prime Minister of India, was born on November 14, 1889.","The Prime Minister of India after which V. K. Krishna Menon was regarded as the second most powerful man in India, Jawaharlal Nehru, was born on November 14, 1889.

The fact that Jawaharlal Nehru was the first Prime Minister of India and ruled India from 1947 until his death in 1950. He was the para",1,0,0,1,0,1,1,1,1,0
5ab61c7f554299710c8d1e64::active_set_pack_a,5ab61c7f554299710c8d1e64,"['B', 'C']","['A', 'C']",False,"['A', 'F']","CITED: B,C\nANSWER: Koularo is a village in Togo, which has an approximate population of around 1 million people.","CITED: A,B
ANSWER: Koularo is located in Togo, which is a country in West Africa. The approximate population of Togo is not directly stated in the given facts, but it can be inferred that the population is likely to be around several million people based on the context.","CITED: B,C\nANSWER: Koularo is a village in Togo, which has a population of approximately 1 million people.","CITED: B,C\nANSWER: Koularo is a village in Togo, which has an approximate population of 1 million people.","The approximate population of the country that Koularo lies in is approximately 1 million. The facts supporting this answer is the fact B, C and B.

Cited: A, C
ANSWER: The country that Koularo lies in is Togo. The population of Togo is approximately 1 million. Therefore, the approximate population ",2,1,2,2,2,0,1,0,0,1
5a88b8e755429946c8d6e899::active_set_pack_a,5a88b8e755429946c8d6e899,"['E', 'F']","['E', 'F']",True,"['B', 'D']","CITED: E
ANSWER: The English actor from the film The System, Oliver Reed, died in 1999.","CITED: A, E

ANSWER: The English actor from the film The System, Oliver Reed, died in 1999.","CITED: A, E

ANSWER: The English actor from the film The System, Oliver Reed, died in 1999.","CITED: E
ANSWER: The English actor from the film The System, Oliver Reed, died in 1999.","The year of Oliver Reed's death is not mentioned in the provided information. The System (1964 film) does not give a death year for the actor Oliver Reed, and the other facts do not contain information about the year of the actor's death. Therefore, the question cannot be answered with the given inf",1,1,1,1,0,1,1,1,1,0
5ac3de5c5542995c82c4ac68::active_set_pack_a,5ac3de5c5542995c82c4ac68,"['B', 'E']","['A', 'B']",False,"['C', 'D']","CITED: B,E\nANSWER: Yes, both Simon Wincer and Patrice Leconte are film directors. Fact B states that Simon Wincer is an Australian film director and film producer, while Fact E indicates that Patrice Leconte is a French film director, actor, comic strip writer, and screenwriter.","CITED: B,F\nANSWER: Yes, both Simon Wincer and Patrice Leconte are film directors. Fact B states that Simon Wincer is a film director, and Fact F indicates that Patrice Leconte directed the 1989 French film Monsieur Hire.","CITED: B,E\nANSWER: Yes, both Simon Wincer and Patrice Leconte are film directors. Fact B states that Simon Wincer is a director, while Fact E confirms that Patrice Leconte is a French film director.","CITED: B,E\nANSWER: Yes, both Simon Wincer and Patrice Leconte are film directors. Fact B states that Simon Wincer is an Australian film director and film producer, while Fact E indicates that Patrice Leconte is a French film director, actor, comic strip writer, and screenwriter.","CITED: B, E\nANSWER: Yes, both Simon Wincer and Patrice Leconte are film directors. Simon Wincer is an Australian film director and film producer. Patrice Leconte is a French film director, actor, comic strip writer, and screenwriter. Both are clearly identified as directors.

CITED: B, 1\nANSWER: A",2,1,2,2,2,0,1,0,0,0
5aba7995554299232ef4a2e2::active_set_pack_a,5aba7995554299232ef4a2e2,"['D', 'F']","['D', 'F']",True,"['C', 'E']","CITED: D,F
ANSWER: Nakayama Miho no Tokimeki High School included music by Nobuo Uematsu, who is best known for scoring most of the titles in the ""Final Fantasy"" series by Square Enix.","CITED: A,B,E\nANSWER: Nakayama Miho no Tokimeki High School included music by Nobuo Uematsu, who is best known for games by the company Square (now Square Enix).","CITED: A,B,E\nANSWER: Nakayama Miho no Tokimeki High School included music by Nobuo Uematsu, who is best known for games by the company Square (now Square Enix).","CITED: D,F
ANSWER: Nakayama Miho no Tokimeki High School included music by Nobuo Uematsu, who is best known for scoring most of the titles in the ""Final Fantasy"" series by Square Enix.","The music for Nakayama Miho no Tokimeki High School was composed by Nobuo Uematsu, who is best known for scoring most of the titles in the ""Final Fantasy"" series by Square Enix. Therefore, the composer best known for the games by the company in question is Nobuo Uematsu, who composed music for games",2,0,0,2,0,1,3,3,1,0
5a7db8d95542995ed0d16665::active_set_pack_a,5a7db8d95542995ed0d16665,"['C', 'E']","['A', 'D']",False,"['A', 'D']","CITED: E
ANSWER: The 2011 population of the unitary authority area that includes the village Eastoft is not directly stated in the given facts. However, we can infer that Eastoft is located within North Lincolnshire based on Fact E. Fact C states that the population of North Lincolnshire in 2011 was","CITED: B,C,F
ANSWER: The 2011 population of the unitary authority area that includes the village Eastoft is 167,489. This can be determined from the facts that Eastoft is located in North Lincolnshire (Fact F), and the population of North Lincolnshire was 167,489 in 2011 (Fact C).","CITED: E
ANSWER: The 2011 population of the unitary authority area that includes the village Eastoft is not directly stated in the provided facts. However, we can infer that Eastoft is located within the North Lincolnshire unitary authority area, as it is mentioned in Fact E that Eastoft is a villag","CITED: E
ANSWER: The 2011 population of the unitary authority area that includes the village Eastoft is not directly stated in the provided facts. However, we can infer that Eastoft is located within the North Lincolnshire unitary authority area, as it is mentioned in Fact E that Eastoft is a villag","CITED: E,F
ANSWER: The 2011 population of the unitary authority area that includes the village Eastoft is 167,446. This can be determined from Fact C, which states that the population of North Lincolnshire, a unitary authority area, was 167,446 at the 2011 census. Eastoft is located in North Lincoln",2,1,2,2,2,1,3,1,1,2
5ab488f85542990594ba9c58::active_set_pack_a,5ab488f85542990594ba9c58,"['D', 'F']","['E', 'F']",False,"['A', 'B']","CITED: D,F
ANSWER: Robinsons and Pocari Sweat are both sports drink products. Fact D states Robinsons is an English fruit drink brand owned by Britvic, while Fact F states Pocari Sweat is a Japanese sports drink manufactured by Otsuka Pharmaceutical.","CITED: B,D
ANSWER: Robinsons and Pocari Sweat are both drinks. Fact B states Robinsons is a drink, and Fact D specifies it is a fruit drink. Fact E mentions Pocari Sweat is a sports drink, which is a type of beverage.","CITED: D, A
ANSWER: Robinsons and Pocari Sweat are both drink products. Fact D states that Robinsons is an English fruit drink brand, while Fact A mentions that the Pocari Sweat Lady Warriors are a professional women's volleyball team playing in the Premier Volleyball League, which indirectly implie","CITED: D,F
ANSWER: Robinsons and Pocari Sweat are both sports drink products. Fact D states that Robinsons is an English fruit drink brand, while Fact F indicates that Pocari Sweat is a Japanese sports drink.","Robinsons and Pocari Sweat are both sports drink.

The relevant facts are D and F. The Robinsons is an English fruit drink brand owned by Britvic. Pocari Sweat is a Japanese sports drink manufactured by Otsuka Pharmaceutical. Both products are types of drinks, but the question asks specifically abou",2,1,1,2,2,1,3,1,1,0
5a82a59855429940e5e1a909::active_set_pack_a,5a82a59855429940e5e1a909,"['B', 'D']","['D', 'F']",False,"['C', 'E']","CITED: B,F
ANSWER: Rani Silautia is an Indian politician from the Bharatiya Janata Party, which has close ideological and organisational links to the Hindu nationalist Rashtriya Swayamsevak Sangh. The Hindu Sena, founded on 10 August 2011 by Vishnu Gupta, is also based on pro-Hindu ideology and Hind","CITED: A,B,F
ANSWER: Rani Silautia is an Indian politician from the Bharatiya Janata Party (BJP), which has links with the Hindu nationalist organization Rashtriya Swayamsevak Sangh (RSS). The BJP is one of the two major political parties in India, and its ideology includes Hindu nationalism (Hindut","CITED: B,D
ANSWER: Rani Silautia is an Indian politician from a party having links with the Hindu nationalist organization Rashtriya Swayamsevak Sangh.","CITED: B, F
ANSWER: Rani Silautia is an Indian politician from the Bharatiya Janata Party, which has close ideological and organisational links to the Hindu nationalist Rashtriya Swayamsevak Sangh, and its ideology is based on pro-Hindu ideology and Hindu nationalism.","The BJP has close ideological and organizational links to the Hindu nationalist Rashtriya Swayamsevak Sangh (RSS). Rani Silautia is a member of the BJP. Therefore, Rani Silautia is an Indian politician from a party having links with the Hindu nationalist organization RSS.

Fact labels used: B, D",1,1,2,1,2,2,2,1,2,0
5a7e8a9c55429949594199fb::active_set_pack_a,5a7e8a9c55429949594199fb,"['E', 'F']","['C', 'F']",False,"['B', 'D']","CITED: E,F
ANSWER: Mar-a-Lago is a resort and National Historic Landmark in Palm Beach, Florida, built by cereal-company heiress and socialite Marjorie Merriweather Post between 1924 and 1927. Magazines named after Donald Trump, such as Trump Style, were available for free to members of the resort.","CITED: E,F
ANSWER: The resort and National Historic Landmark in Palm Beach, Florida, built by Marjorie Merriweather Post from 1924 to 1927, that has magazines available for free to members of the resort is Mar-a-Lago.","CITED: E,F
ANSWER: Mar-a-Lago is a resort and National Historic Landmark in Palm Beach, Florida, built by cereal-company heiress and socialite Marjorie Merriweather Post between 1924 and 1927. Magazines named after Donald Trump were published between 1997 and 2009, and were available for free to mem","CITED: E,F
ANSWER: Mar-a-Lago is a resort and National Historic Landmark in Palm Beach, Florida, built by cereal-company heiress and socialite Marjorie Merriweather Post from 1924 to 1927. Trump Style magazine, which was launched in February 1997, was available for free to members of Mar-a-Lago club","The answer is Mar-a-Lago. The resort and National Historic Landmark in Palm Beach, Florida, built by Marjorie Merriweather Post, is called Mar-a-Lago. The fact that magazines named after Donald Trump were available for free to members of his Mar-a-Lago club.

ANSWER: The resort and National Historic",2,2,2,2,0,1,1,1,1,0
5a8c94a25542995e66a47628::active_set_pack_a,5a8c94a25542995e66a47628,"['D', 'F']","['C', 'F']",False,"['A', 'C']","CITED: D,E,F
ANSWER: No, the facts do not indicate that both Carl Boese and Franco Zeffirelli directed and produced films. Fact D states that Carl Boese was a German film director, screenwriter and producer who directed 158 films between 1917 and 1957 (Fact E). However, Fact F only mentions that Fra","CITED: E,F

ANSWER: No, both Carl Boese and Franco Zeffirelli did not direct and produce films together. Fact E states that Carl Boese directed 158 films between 1917 and 1957, while Fact F mentions that Franco Zeffirelli is a separate director and producer. There is no evidence suggesting they coll","CITED: D,E
ANSWER: Yes, Carl Boese directed and produced 158 films between 1917 and 1957.","CITED: D,E,F
ANSWER: No, the facts do not indicate that both Carl Boese and Franco Zeffirelli directed and produced films. Fact D states Carl Boese was a German film director, screenwriter and producer who directed 158 films between 1917 and 1957 (Fact E). However, Fact F only states Franco Zeffirel","The facts that support this answer is the fact that Carl Boese directed 158 films between 1917 and 1957. This supports the fact that Zeffirelli is an Italian director and producer of operas, films and television. 

Cited: B, C, D, E

ANSWER: Yes, both Carl Boese and Franco Zeffirelli have directed f",2,1,1,2,1,2,2,2,2,4
5a7cbb6d554299452d57b9d2::active_set_pack_a,5a7cbb6d554299452d57b9d2,"['A', 'D']","['B', 'C']",False,"['C', 'F']","CITED: D
ANSWER: Donald Trump won the election that ran concurrently with the North Dakota gubernatorial election, 2016.","CITED: A,F
ANSWER: The election that ran concurrently with the North Dakota gubernatorial election, 2016 was the United States presidential election. The winner of that election was Donald Trump, who was running as the Republican nominee.","CITED: D
ANSWER: Donald Trump won the election that ran concurrently with the North Dakota gubernatorial election in 2016.","CITED: D
ANSWER: Donald Trump won the election that ran concurrently with the North Dakota gubernatorial election, 2016.","The election that ran concurrently with the North Dakota gubernatorial election, 2016, was the United States presidential election, 2016. The United States presidential election, 2016, was won by the Republican ticket of businessman Donald Trump and Indiana Governor Mike Pence, who defeated the Demo",2,1,2,2,0,0,1,0,0,0
5ac2ac4d554299218029daf1::active_set_pack_a,5ac2ac4d554299218029daf1,"['D', 'E']","['A', 'B']",False,"['B', 'F']","CITED: D,E\nANSWER: The official name for the draft that Thomas E. O'Donnell was a public opponent of is conscription in the United States.","CITED: E
ANSWER: Thomas E. O'Donnell was a public opponent of the draft.","CITED: D,E\nANSWER: The official name for the draft that Thomas E. O'Donnell was a public opponent of is conscription in the United States.","CITED: D,E\nANSWER: The official name for the draft that Thomas E. O'Donnell was a public opponent of is conscription in the United States.","The official name for the draft that Thomas E. O'Donnell was a public opponent of is ""conscription in the United States"" or commonly known as the draft.

The relevant facts are:
E. [Thomas E. O'Donnell] He was a public opponent of the draft, so he was promptly arrested.

The question asks about the ",2,1,2,2,0,0,1,0,0,0
5a832ee355429954d2e2ec4d::active_set_pack_a,5a832ee355429954d2e2ec4d,"['E', 'F']","['B', 'F']",False,"['A', 'B']","CITED: F,C\nANSWER: The creation of Fontana Lake submerged Proctor, North Carolina and Judson, Swain County, North Carolina.","CITED: A,C
ANSWER: The creation of Fontana Lake submerged Proctor, North Carolina and Judson, North Carolina.","CITED: A,C,E
ANSWER: The creation of Fontana Lake submerged Proctor, North Carolina and the town of Judson in Swain County, North Carolina.","CITED: C, F
ANSWER: The creation of Fontana Lake submerged Proctor, North Carolina and Judson.","Fact C and F
The creation of Fontana Lake submerged Judson, Swain County, North Carolina and Proctor, North Carolina.

Fact C: [Judson, Swain County, North Carolina] It was submerged when the Fontana Dam was built, creating the Fontana Lake reservoir.
Fact C and the other towns mentioned in the ques",1,0,1,1,1,1,2,2,2,1
5abf82965542997719eab694::active_set_pack_a,5abf82965542997719eab694,"['D', 'E']","['A', 'D']",False,"['A', 'C']","CITED: D
ANSWER: The company that publishes the journal Magnetic Resonance Imaging, Elsevier, was established in 1880.","CITED: A,B,C,D,E,F
ANSWER: The company that publishes the journal Magnetic Resonance Imaging, Elsevier, was established in 2000.","CITED: A,B,C,D,E,F
ANSWER: The company that publishes the journal Magnetic Resonance Imaging, Elsevier, was established in 2000.","CITED: D
ANSWER: The company that publishes the journal Magnetic Resonance Imaging, Elsevier, was established in 1880.","CITED: D, E
ANSWER: The company that publishes the journal Magnetic Resonance Imaging is Elsevier, which was established in 1880.

CITED: E, D
ANSWER: The company that publishes the journal Magnetic Resonance Imaging is Elsevier, which was established in 1880.

ANSWER: 1880

CITED: E, D",1,2,2,1,2,1,4,4,1,1
5a76c13555429937353601a0::active_set_pack_a,5a76c13555429937353601a0,"['C', 'E']","['D', 'E']",False,"['A', 'F']","CITED: F\nANSWER: Ian Hunter and Stuart Murdoch both have the musical occupation of being singers and songwriters. Fact F states that Ian Hunter is a British singer-songwriter, and Stuart Murdoch is the lead singer and songwriter for the indie pop band Belle and Sebastian.",CITED: F\nANSWER: Ian Hunter and Stuart Murdoch both have the musical occupation of being songwriters. Fact F states that Ian Hunter was a musician and songwriter before joining Mott the Hoople and continued in this vein after leaving the band.,"CITED: F
ANSWER: Ian Hunter and Stuart Murdoch both have the musical occupation of being songwriters. Fact F states that Ian Hunter was a musician and songwriter before joining Mott the Hoople and continued in this vein after leaving the band.","CITED: C,D
ANSWER: Ian Hunter and Stuart Murdoch both have the occupation of being lead singers and songwriters in their respective musical careers. Fact C states that Ian Hunter is a British singer-songwriter, while fact D mentions that Stuart Murdoch is a Scottish musician, writer and filmmaker, a",Ian Hunter and Stuart Murdoch have the musical occupation of being a singer-songwriter in common. The common occupation in common between Ian Hunter and Stuart Murdoch is that they are both singers and songwriter. Ian Hunter is a British singer-songwriter who is best known as the lead singer of Mott,0,0,0,1,0,1,1,2,2,0
5adecc6355429975fa854f9c::active_set_pack_a,5adecc6355429975fa854f9c,"['B', 'F']","['C', 'F']",False,"['C', 'E']","CITED: A,B,F
ANSWER: Signet Jewelers owns the Delaware based retailer Zales, along with Kay Jewelers and Jared.","CITED: A,E
ANSWER: Signet Jewelers owns the Delaware based retailer ShoeMall.com, along with Kay and Jared. This is supported by the facts that ShoeMall.com is a Delaware corporation (Fact A) and is an entirely web-based retailer developed by the Mason Companies in 1999 (Fact E).","CITED: A,E
ANSWER: Signet Jewelers owns the Delaware based retailer ShoeMall.com, along with Kay and Jared. This is supported by the facts that ShoeMall.com is incorporated in Delaware (Fact A) and is a web-based retailer developed by the Mason Companies (Fact E).","CITED: A,B,F
ANSWER: Signet Jewelers owns Zales, along with Kay and Jared. Zales is a Delaware based retailer.","Cited: A, B, F

Signet Jewelers owns Zales, which is a Delaware based retailer, along with Kay Jewelers and Jared. (A: ShoeMall is not relevant, B: Zale Corporation is the Delaware based retailer, F: Signet Jewelers owns Zales, Kay, and Jared)",2,0,0,2,2,1,2,2,1,1
5abb89fc5542993f40c73b19::active_set_pack_a,5abb89fc5542993f40c73b19,"['A', 'D']","['D', 'F']",False,"['E', 'F']","CITED: A,D
ANSWER: Bart Conner is the husband of the first Olympic gymnast to be awarded a perfect score of 10.0. Fact A states that Bart Conner is married to Romanian Olympic gold medalist Nadia Comăneci, who, according to Fact D, was the first gymnast to be awarded a perfect score of 10.0 at the","CITED: A,F
ANSWER: Bart Conner is the husband of the first Olympic gymnast to be awarded a perfect score of 10.0. He is married to Nadia Comăneci, who achieved this feat in the 1976 Olympics.","CITED: A
ANSWER: Bart Conner is the husband of the first Olympic gymnast to be awarded a perfect score of 10.0.","CITED: A,D
ANSWER: Bart Conner is the husband of the first Olympic gymnast to be awarded a perfect score of 10.0. Fact A states that Bart Conner is married to Romanian Olympic gold medalist Nadia Comăneci, who, according to Fact D, was the first gymnast to be awarded a perfect score of 10.0 at the","The husband of the first Olympic gymnast to be awarded a perfect score of 10.0 is Bart Conner. The relevant facts are:

1. A. [Bart Conner] He currently owns and operate the Bart Conner Gymnastics Academy in Norman, Oklahoma, along with his wife, Romanian Olympic gold medalist Nadia Comăneci.
2. D. ",2,1,1,2,0,0,1,0,0,0
5aba8f7b55429901930fa832::active_set_pack_a,5aba8f7b55429901930fa832,"['B', 'E']","['A', 'B']",False,"['A', 'D']","CITED: B,D,F\nANSWER: In Rocky V, Mike Williams acted with real-life boxer Tommy Morrison, who played the role of Tommy Gunn.","CITED: D,F\nANSWER: In Rocky V, Mike Williams acted with real-life boxer Tommy Morrison. This can be inferred from Fact D which states that the Rocky series is based on the fictional character Rocky Balboa, and Fact F which specifies that Rocky V is a 1990 film.","CITED: D,E,F\nANSWER: Mike Williams acted with real-life boxer Tommy Morrison in the 1990 film ""Rocky V"".","CITED: B,E,F
ANSWER: In Rocky V, Mike Williams acted with Tommy Morrison, who played the role of Tommy Gunn.","The other real-life boxer who Mike Williams acted with in Rocky V is Tommy Morrison, who played the character Tommy Gunn, a talented yet raw boxer. The information about the ""Rocky"" series and the Rocky Balboa character in the ""Rocky"" film series. The information about the ""Rocky V"" movie is also re",1,0,1,2,0,2,2,2,2,0
5ab413e55542996a3a969f1b::active_set_pack_a,5ab413e55542996a3a969f1b,"['B', 'F']","['B', 'F']",True,"['A', 'C']","CITED: B,F\nANSWER: Spaceballs features American actor, businessman, and animal welfare advocate Dick Van Patten, who is best known for his role as patriarch Tom Bradford on the ABC television comedy-drama ""Eight Is Enough"".","CITED: A,B,D,F
ANSWER: Dick Van Patten is an American actor, businessman, and animal welfare advocate, best known for his role as patriarch Tom Bradford on the ABC television comedy-drama ""Eight Is Enough"". He also appeared in the 1987 American comic science fiction film Spaceballs directed by Mel B","CITED: A,B,D,F
ANSWER: Dick Van Patten is an American actor, businessman, and animal welfare advocate, best known for his role as patriarch Tom Bradford on the ABC television comedy-drama ""Eight Is Enough"". He also appeared in the 1987 American comic science fiction film Spaceballs directed by Mel B","CITED: B,F
ANSWER: Spaceballs features American actor, businessman, and animal welfare advocate Dick Van Patten, who is best known for his role as patriarch Tom Bradford on the ABC television comedy-drama ""Eight Is Enough"".","The answer is Dick Van Patten
The actor, businessman, and animal welfare advocate featured in Spaceballs is Dick Van Patten, best known for his role as patriarch Tom Bradford on the ""Eight Is Enough"".

ANSWER: The actor, businessman, and animal welfare advocate featured in Spaceballs, is Dick Van Pa",2,2,2,2,0,0,2,2,1,0
5a721dff55429971e9dc928c::active_set_pack_a,5a721dff55429971e9dc928c,"['C', 'D']","['C', 'F']",False,"['E', 'F']","CITED: C,D,E
ANSWER: Richard Bedford collaborated with Armin van Buuren on the album ""Intense"".","CITED: C,D,E
ANSWER: Richard Bedford collaborated with Armin van Buuren on the album ""Intense"".","CITED: C,D,E
ANSWER: Richard Bedford collaborated with Armin van Buuren on the album ""Intense"".","CITED: C,D
ANSWER: Richard Bedford collaborated with Armin van Buuren on the album ""Intense"".","The Dutch DJ Richard Bedford collaborated with Armin van Buuren on the album ""Intense"". The relevant facts are:
- C. Richard Bedford has collaborated with Armin van Buuren on several projects, including Armin's 2013 album ""Intense"".
Dutch DJ, Armin van Buuren
- B. [Intense
- C. [Richard Bedford coll",2,2,2,2,0,2,2,2,1,0
5ab395c4554299233954ff5a::active_set_pack_a,5ab395c4554299233954ff5a,"['B', 'E']","['C', 'E']",False,"['C', 'F']","CITED: E
ANSWER: Advanced Micro Devices is headquartered further west. It is based in Sunnyvale, California, while Level 3 Communications is headquartered in Broomfield, Colorado.","CITED: A,B
ANSWER: Advanced Micro Devices is headquartered further west than Level 3 Communications. Fact A states that AMD is located in California, while Fact B mentions that Level 3 Communications is in Colorado, which is east of California.","CITED: A,D
ANSWER: Advanced Micro Devices is headquartered further west. Fact A states that AMD is located in California, while Fact D mentions that Mark Papermaster, a key figure at AMD, had previously worked at Apple in California. This suggests that AMD is headquartered in a more westerly locatio","CITED: E
ANSWER: Advanced Micro Devices is headquartered in Sunnyvale, California, which is further west than Level 3 Communications' headquarters in Broomfield, Colorado.","Advanced Micro Devices is headquartered further west than Level 3 Communications. 

CITED: E, B
ANSWER: Advanced Micro Devices is headquartered in Sunnyvale, California, while Level 3 Communications is headquartered in Broomfield, Colorado. California is further west than Colorado.",1,1,1,1,2,1,1,2,1,1
5ae33c6b5542992f92d82263::active_set_pack_a,5ae33c6b5542992f92d82263,"['B', 'D']","['B', 'F']",False,"['A', 'C']","CITED: D\nANSWER: Chris Farley, who appeared in Wayne's World, was a member of the Chicago comedy troupe Second City Theatre.","CITED: B,C,D
ANSWER: Wayne's World featured the actor Chris Farley, who was a member of the Chicago comedy troupe known as Saturday Night Live.",CITED: D\nANSWER: Wayne's World featured the actor who was a member of the Chicago comedy troupe Second City Theatre.,"CITED: D
ANSWER: Wayne's World featured the actor Chris Farley, who was a member of the Chicago comedy troupe Second City Theatre.","The answer is: Wayne's World featured the actor who was a member of Chicago's Second City Theatre.

The fact that Chris Farley, who appeared in Wayne's World, was a member of Chicago's Second City Theatre. The fact that the actor who appeared in Wayne's World is not specified, so the actor who appea",1,2,1,1,0,0,2,0,1,0
5ae2aa155542996483e64a23::active_set_pack_a,5ae2aa155542996483e64a23,"['B', 'D']","['A', 'B']",False,"['C', 'E']","CITED: B,D
ANSWER: Tulapur is a village in the second largest city of Maharashtra, Pune. Fact B states Tulapur is a village in Pune district, Maharashtra, India. Fact D establishes Pune as the second largest city in the state of Maharashtra.","CITED: A,B
ANSWER: Tulapur is a village in the second largest city in Maharashtra, Pune. Fact A states that Kadgaon is in Kolhapur District, while Fact B mentions that Tulapur is in the same state but not in Kolhapur. Therefore, the second largest city in Maharashtra where Tulapur is located must be","CITED: D
ANSWER: Tulapur is a village in the second largest city of Maharashtra, Pune.","CITED: B,D
ANSWER: Tulapur is a village in the second largest city of Maharashtra, Pune. Fact B states Tulapur is a village in Pune district, Maharashtra, and Fact D establishes Pune as the second largest city in Maharashtra.","Tulapur is a village in the second largest city in Maharashtra, Pune.

The evidence for this answer is:
- Fact B states that Tulapur is a village in Pune district, Maharashtra, India.
- Fact D states that Pune is the second largest city in the Indian state of Maharashtra.

Therefore, the answer is s",2,1,1,2,2,1,1,1,1,0
5ab8a17955429916710eb09e::active_set_pack_a,5ab8a17955429916710eb09e,"['B', 'E']","['E', 'F']",False,"['C', 'F']","CITED: E
ANSWER: Peter Bakovic played for the Vancouver Canucks in the National Hockey League.","CITED: B
ANSWER: Peter Bakovic played for the Vancouver Canucks.","CITED: B,E
ANSWER: Peter Bakovic played for the Vancouver Canucks.","CITED: E,F\nANSWER: Peter Bakovic played for the Vancouver Canucks.","Peter Bakovic played for the Vancouver Canucks, which is a member of the Pacific Division of the Western Hockey League (NHL).

The relevant labels are:
- E. [Peter Bakovic] Peter George ""Pete"" Bakovic (born January 31, 1965 in Thunder Bay, Ontario) is a retired former professional ice hockey left wi",1,1,2,1,0,1,1,1,1,0
5a7bb84d554299294a54aaa1::active_set_pack_a,5a7bb84d554299294a54aaa1,"['A', 'B']","['B', 'F']",False,"['C', 'F']","CITED: A,B
ANSWER: David Usher is older than Vincent Walker. David Usher was born on April 24, 1966 (Fact A), while Vincent Walker was born on March 2, 1980 (Fact B).","CITED: A,D
ANSWER: David Usher is older than Vincent Walker. Fact A states that David Usher was born, while fact D mentions the release of David Usher's album ""Let It Play"" in 2016, which occurred after Vincent Walker's birth in 1990 as inferred from fact F.","CITED: A,B
ANSWER: David Usher is older than Vincent Walker. Fact A states that David Usher was born on April 24, 1966, while Fact B mentions that Vincent Walker was born on March 2, 1980. This indicates that David Usher is older than Vincent Walker.","CITED: A,B
ANSWER: David Usher is older than Vincent Walker. David Usher was born on April 24, 1966 (Fact A), while Vincent Walker was born on March 2, 1980 (Fact B).","Cited: A, B
ANSWER: David Usher is older than Vincent Walker. The birth date of David Usher is April 24, 1966. The same date of birth is not common, so it is not a coincidence that the date is mentioned in the fact that David Usher is born on April 24, 1966. The date of birth of Vincent Walker",2,1,2,2,2,0,2,0,0,0
5adf97ae5542995534e8c800::active_set_pack_a,5adf97ae5542995534e8c800,"['A', 'F']","['A', 'C']",False,"['B', 'C']","CITED: F\nANSWER: No, Yukio Mishima is not Chilean. Fact F states that Roberto Bolaño was a Chilean novelist, but Yukio Mishima, as mentioned in Fact A, was a Japanese author.","CITED: A
ANSWER: Fact A states that Yukio Mishima is a Japanese author, which means he is not Chilean. The question asks about Yukio Mishima and Roberto Bolaño, but only addresses Mishima's nationality. Therefore, based on the given facts, we can conclude that Yukio Mishima is not Chilean.","CITED: F\nANSWER: No, Yukio Mishima is not Chilean. Fact F states that Roberto Bolaño was a Chilean novelist, but it does not mention Yukio Mishima's nationality.","CITED: F\nANSWER: No, Yukio Mishima is not Chilean. Fact F states that Roberto Bolaño was a Chilean novelist, but Yukio Mishima, as mentioned in Fact A, was a Japanese author.","The question asks about the nationality of Yukio Mishima and Roberto Bolaño. The question asks about nationality, which is a Chilean connection. The question is asking about nationality, so the nationality of Yukio Mishima and Roberto Bolaño are the relevant facts.

The question is asking about nati",2,1,1,2,0,0,0,0,0,0
5ac3231a5542995ef918c11a::active_set_pack_a,5ac3231a5542995ef918c11a,"['D', 'E']","['A', 'B']",False,"['A', 'B']","CITED: D
ANSWER: The telenovela that inspired the TV show ""Miss XV"", on which the band Eme 15 was formed, was ""Quinceañera"" from 1987.","CITED: A
ANSWER: The telenovela that inspired the TV show where the band Eme 15 was formed is ""Quinceanera"".","CITED: D
ANSWER: The telenovela that inspired the TV show ""Miss XV"", on which the band Eme 15 was formed, was ""Quinceañera"" from 1987.","CITED: D
ANSWER: The telenovela that inspired the TV show ""Miss XV"", on which the band Eme 15 was formed, was ""Quinceañera"" from 1987.","The telenovela that inspired the TV show ""Miss XV"" that the band Eme 15 was formed on in 2012.

The band Eme 15 was formed by producer Pedro Damián, the same person who inspired by the 1987 telenovela ""Quinceañera"", an inspired by the 1987 telenovela ""Quinceañera",1,0,1,1,0,1,1,1,1,0
5a760de1554299109176e63c::active_set_pack_a,5a760de1554299109176e63c,"['D', 'F']","['A', 'F']",False,"['A', 'E']","CITED: F,D
ANSWER: Stacey Kent, who is married to Jim Tomlinson, released an album entitled Raconte-moi.","CITED: A,F
ANSWER: Stacey Kent, an American jazz singer, is married to Jim Tomlinson and released an album entitled Raconte-moi.","CITED: A,D
ANSWER: Stacey Kent, who is married to Jim Tomlinson and released an album entitled Raconte-moi, is an American jazz singer.","CITED: F,D
ANSWER: Stacey Kent is married to Jim Tomlinson and released an album entitled Raconte-moi.","CITED: F,D\nANSWER: Stacey Kent is married to saxophonist Jim Tomlinson and released an album titled Raconte-moi... (2010).

CITED: F, D\nANSWER: The person who is married to Jim Tomlinson and released an album entitled Raconte-moi is Stacey Kent.

Cited: A, D\nANSWER:",2,1,1,2,2,1,1,1,1,1
5ab31d43554299233954ff0e::active_set_pack_a,5ab31d43554299233954ff0e,"['C', 'F']","['C', 'F']",True,"['A', 'B']","CITED: B,C
ANSWER: Jack Sock and Raffaella Reggi both played professional tennis. Jack Sock is a top-ranked American men's singles and doubles player, currently ranked world No. 21 by the ATP. Raffaella Reggi is a former professional tennis player from Italy.","CITED: B,C
ANSWER: Jack Sock and Raffaella Reggi both played tennis. Jack Sock is a professional tennis player, and Raffaella Reggi is a former professional tennis player.","CITED: B,C
ANSWER: Jack Sock and Raffaella Reggi both played tennis. Jack Sock is a professional tennis player, and Raffaella Reggi is a former professional tennis player.","CITED: C,D,E,F
ANSWER: Jack Sock and Raffaella Reggi both played professional tennis. Jack Sock is a current professional tennis player, while Raffaella Reggi is a former professional tennis player from Italy.","Jack Sock is a professional tennis player. Raffaella Reggi is also a former professional tennis player.

ANSWER: Jack Sock and Raffaella Reggi played tennis.

Cited:
B. [Jack Sock
C. [Jack Sock
F. [Raffaella Reggi
ANSWER: What sport did Jack Sock and Raffaella",1,1,1,2,0,2,2,2,3,1
5ab4330b55429942dd415edc::active_set_pack_a,5ab4330b55429942dd415edc,"['A', 'C']","['A', 'E']",False,"['B', 'D']","CITED: B,C\nANSWER: The University of Alabama, led to six national championships by Paul ""Bear"" Bryant, had its first ever Heisman Trophy winner Mark Ingram Jr. drafted by the New Orleans Saints.","CITED: B,C\nANSWER: The University of Alabama, led to six national championships by Paul ""Bear"" Bryant, had its first ever Heisman Trophy winner Mark Ingram Jr. drafted by the New Orleans Saints.","CITED: B,C\nANSWER: The University of Alabama, led to six national championships by Paul ""Bear"" Bryant, had its first ever Heisman Trophy winner Mark Ingram Jr. drafted by the New Orleans Saints.","CITED: A,C,D,E,F
ANSWER: The university who was led to six national championships by Paul ""Bear"" Bryant had its first ever Heisman Trophy winner drafted by the NFL team Tampa Bay Buccaneers. This is because Mark Ingram Jr., who won the Heisman Trophy while playing for Alabama, was drafted by the Tam","The university who was led to six national championships by Paul ""Bear"" Bryant is the Alabama Crimson Tide. The first ever Heisman Trophy winner from Alabama is Mark Ingram Jr. Mark Ingram Jr. was drafted by the New Orleans Saints. Therefore, the answer is the New Orleans Saints.

CITED: B, C, A

AN",1,1,1,2,2,1,1,1,3,1
5a7626bd554299109176e678::active_set_pack_a,5a7626bd554299109176e678,"['C', 'E']","['B', 'E']",False,"['A', 'B']","CITED: C,E
ANSWER: Laura Ellen Kirk, an actress born in 1966 in Lecompton, Kansas, which is located in Douglas County, starred in the movie ""Lisa Picard Is Famous.""","CITED: E
ANSWER: Laura Kirk, who starred in ""Lisa Picard Is Famous,"" was born in Douglas County.","CITED: E
ANSWER: Laura Kirk, who starred in ""Lisa Picard Is Famous,"" was born in Douglas County.","CITED: C,E
ANSWER: Laura Ellen Kirk, an actress born in 1966 in Lecompton, Kansas, which is located in Douglas County, starred in the movie ""Lisa Picard Is Famous.""","The fact that Laura Kirk was born in Lecompton, Kansas, supports the question. Fact E supports the question.

ANSWER: The actor starring in ""Lisa Picard Is Famous"" was born in Douglas County, Kansas.

CITED: E

ANSWER: Laura Ellen Kirk, born in 1966 in Lecompton, Kansas, is an American actress and u",2,1,1,2,1,1,1,1,1,1
5a7150665542994082a3e7bb::active_set_pack_a,5a7150665542994082a3e7bb,"['A', 'F']","['A', 'C']",False,"['C', 'D']","CITED: A
ANSWER: Steyr Mannlicher is based in Sankt Ulrich bei Steyr, Austria.","CITED: A
ANSWER: The firearms manufacturer is based in Sankt Ulrich bei Steyr, Austria.","CITED: A
ANSWER: The firearms manufacturer Steyr Mannlicher is based in Sankt Ulrich bei Steyr, Austria.","CITED: A
ANSWER: Steyr Mannlicher is based in Sankt Ulrich bei Steyr, Austria.","The question is asking for the company based in Sankt Ulrich bei Steyr, Austria. The question is asking for the company based in Sankt Ulrich bei Steyr, Austria.

The question is based on the question.

The question is based on the question.

The question is based on the question.

The question is b",1,1,1,1,0,0,0,0,0,0
5abe96e15542993f32c2a172::active_set_pack_a,5abe96e15542993f32c2a172,"['B', 'D']","['B', 'E']",False,"['E', 'F']","CITED: C,D
ANSWER: The regulatory body of over 25,000 football clubs in Germany is called the German Football Association (Deutscher Fußball-Bund, DFB).","CITED: C,D
ANSWER: The regulatory body of over 25,000 football clubs in Germany is called the German Football Association (DFB).","CITED: C,D
ANSWER: The regulatory body of over 25,000 football clubs in Germany is called the German Football Association (DFB).","CITED: C,D
ANSWER: The regulatory body of over 25,000 football clubs in Germany is the German Football Association (Deutscher Fußball-Bund, DFB).","The name for the regulatory body of over 25,000 football clubs in Germany is the German Football Association (Deutscher Fußball-Bund, DFB).

The name of the regulatory body of over 25,000 football clubs in Germany is the German Football Association (Deutscher Fußball-Bund, or DFB). The name of the r",1,1,1,1,0,2,2,2,2,0
5a8b3d1855429949d91db4fe::active_set_pack_a,5a8b3d1855429949d91db4fe,"['B', 'F']","['C', 'F']",False,"['A', 'E']","CITED: B
ANSWER: The company that sold Vodafone its New Zealand operations is based in Atlanta, Georgia. This is stated in Fact B, which mentions that Vodafone New Zealand was formed in 1998 after Vodafone purchased BellSouth's New Zealand operations.","CITED: A,D
ANSWER: Kordia, a New Zealand government-owned broadcast and telecommunications company, operates in New Zealand and Australia. It provides services to various customers including Vodafone New Zealand, which was sold its operations in New Zealand by a company that is not mentioned in the ","CITED: B
ANSWER: The company that sold Vodafone its New Zealand operations is based in Atlanta, Georgia. This is stated in Fact B, which mentions that Vodafone New Zealand was formed in 1998 after Vodafone purchased BellSouth's New Zealand operations.","CITED: B
ANSWER: The company that sold Vodafone its New Zealand operations was based in Atlanta, Georgia. This is supported by Fact B, which states ""Vodafone New Zealand is a telecommunications company operating in New Zealand; it is a subsidiary of the London-listed company Vodafone Plc.""","Fact B supports the answer. The fact that Vodafone New Zealand was formed in 1998 after Vodafone purchased BellSouth's New Zealand operations implies that the company based on the company that sold Vodafone's operations in New Zealand.

Fact: Vodafone New Zealand is a telecommunications company oper",1,0,1,1,1,1,2,1,1,0
5a804d725542995d8a8ddf60::active_set_pack_a,5a804d725542995d8a8ddf60,"['C', 'D']","['C', 'F']",False,"['A', 'F']","CITED: C,D,F
ANSWER: ""The Twentieth Century is Almost Over"" was re-recorded five years later by Cash, Waylon Jennings, Kris Kristofferson, and Willie Nelson, one of the most recognized artists in country music.","CITED: A,F
ANSWER: ""The Twentieth Century is Almost Over"" was re-recorded five years later by Cash, Waylon Jennings, Kris Kristofferson, and Willie Nelson, one of the most recognized artists in country music.","CITED: D,E,F
ANSWER: ""The Twentieth Century is Almost Over"" was re-recorded five years later by Cash, Waylon Jennings, Kris Kristofferson, and Willie Nelson, one of the most recognized artists in country music.","CITED: C,D,E,F
ANSWER: ""The Twentieth Century is Almost Over"" was re-recorded five years later by Cash, Waylon Jennings, Kris Kristofferson, and Willie Nelson, one of the most recognized artists in country music.","The Twentieth Century is Almost Over
The Twentieth Century is Almost Over
The Twentieth Century is Almost Over
The critical success of the album ""Shotgun Willie"" (1973), combined with the critical and
The critical success of album
The Twentieth Century is Almost Over
The Twentieth Century is Almost ",2,0,1,2,0,2,2,3,3,0
5ab30cc755429976abd1bc3a::active_set_pack_a,5ab30cc755429976abd1bc3a,"['E', 'F']","['E', 'F']",True,"['A', 'C']","CITED: B,F\nANSWER: Charles Hutchison and Reginald Barker both have the mutual occupation of film director. Fact B states that Bachelor Mother is a 1932 film directed by Charles Hutchison, while Fact F mentions that Charles Hutchison was an American film director. Similarly, Fact E states that Regin","CITED: B,C
ANSWER: Charles Hutchison and Reginald Barker both directed films. Hutchison directed Bachelor Mother (1932), while Barker directed The Coward (1915).","CITED: B,C
ANSWER: Charles Hutchison and Reginald Barker both directed films. Hutchison directed Bachelor Mother (1932), while Barker directed The Coward (1915).","CITED: F,E
ANSWER: Charles Hutchison and Reginald Barker both have the mutual occupation of being film directors. Fact F states that Charles Hutchison was an American film actor, director and screenwriter, while Fact E mentions that Reginald Barker was a pioneer film director.","Fact C and F support the mutual occupation of Charles Hutchison and Reginald Barker. The Coward (1915 film) is a 1915 American silent historical war drama film directed by Reginald Barker and produced by Thomas H. Ince. Charles Hutchison was an American film actor, director and screenwriter.

ANSWER",2,0,0,2,1,1,3,3,1,1
5a89eca455429946c8d6ea11::active_set_pack_a,5a89eca455429946c8d6ea11,"['A', 'D']","['A', 'D']",True,"['B', 'E']","CITED: A,D
ANSWER: Beyond the Gates of Splendor was released first. Fact A states that Beyond the Gates of Splendor, a documentary film, was released in 2004. Fact D mentions that Jesus Camp, another documentary film, was released in 2006, which is later than the release year of Beyond the Gates of ","CITED: A,E
ANSWER: Beyond the Gates of Splendor was released first. Fact A states that the documentary was released in 2004, while Fact E mentions that Jesus Camp was released later in 2006.","CITED: A,E
ANSWER: Beyond the Gates of Splendor was released first. Fact A states that the documentary was released in 2004, while Fact E mentions that Jesus Camp was released later in 2006.","CITED: A,D
ANSWER: Beyond the Gates of Splendor was released first. Fact A states that Beyond the Gates of Splendor, a documentary film, was released in 2004. Fact D mentions that Jesus Camp, another documentary film, was released in 2006, which is later than the release year of Beyond the Gates of ","Beyond the Gates of Splendor is an older documentary film released in 2004. Beyond the Gates of Splendor is a feature-length documentary film that was released in 2006.

The evidence is:
- A documentary film Beyond the Gates of Splendor released in 2004
- A documentary film Jesus Camp was released i",2,1,1,2,0,0,1,1,0,0
5abaf3385542996cc5e49f2f::active_set_pack_a,5abaf3385542996cc5e49f2f,"['A', 'F']","['B', 'D']",False,"['D', 'E']","CITED: A,B,F
ANSWER: Tura Beach, New South Wales is a suburb of Merimbula, which had a population of 3,544 at the 2016 census.","CITED: A,B
ANSWER: Tura Beach, New South Wales is a suburb of the town Merimbula, which had a population of 3,000 at the 2016 census.","CITED: A,B,F
ANSWER: Tura Beach, New South Wales is a suburb of Merimbula, which had a population of 3,544 at the 2016 census.","CITED: A,B,F
ANSWER: Tura Beach, New South Wales is a suburb of Merimbula, which had a population of 3,544 at the 2016 census.","Fact C states that Tura Beach is a suburb of Merimbula, New South Wales. Fact F provides the population of Merimbula at the 2016 census, which was 3,544.

Therefore, Tura Beach is a suburb of a town with a population of 3,544 at the 2016 census.

Cited: C,F
Answer: Tura Beach is",2,1,2,2,2,1,1,1,1,1
5ae55c2b5542992663a4f1e4::active_set_pack_a,5ae55c2b5542992663a4f1e4,"['D', 'F']","['D', 'F']",True,"['A', 'E']","CITED: D,F
ANSWER: The major shopping centre served by the Garden City bus station, located in Brisbane, Australia, has 440 specialty stores, cafes, restaurants and other services and food vendors.","CITED: D
ANSWER: The Garden City bus station serves the major shopping centre Westfield Garden City, which has 140 stores.","CITED: D
ANSWER: The Garden City bus station serves the major shopping centre Westfield Garden City, which has 140 stores.","CITED: D,F
ANSWER: The major shopping centre served by the Garden City bus station, located in Brisbane, Australia, has 440 specialty stores, cafes, restaurants and other services and food vendors.","Fact F supports the answer. The Garden City bus station serves the Westfield Garden City shopping centre, which currently has 440 specialty stores, cafes, and other stores.

Fact D provides additional context that the Garden City bus station is located in Brisbane, Australia.

ANSWER: The major shop",2,1,1,2,2,1,1,1,1,0
5a8ce61555429941ae14df36::active_set_pack_a,5a8ce61555429941ae14df36,"['D', 'F']","['E', 'F']",False,"['A', 'C']","CITED: D
ANSWER: No, Randal Kleiser and Kyle Schickner are not of the same nationality. Fact D states that Randal Kleiser was born in the United States, making him American. There is no information provided about Kyle Schickner's nationality in the given facts.","CITED: A,C,D,E,F
ANSWER: Randal Kleiser and Kyle Schickner are of the same nationality. Both are American, as indicated by Kleiser's involvement in American films and his directorial work, and Schickner's American film production company and his role in the American film ""Steam.""","CITED: D
ANSWER: No, Randal Kleiser and Kyle Schickner are not of the same nationality. Fact D states that Randal Kleiser was born in the United States, making him American. There is no information provided about Kyle Schickner's nationality in the given facts.","CITED: D
ANSWER: No, Randal Kleiser and Kyle Schickner are not of the same nationality. Fact D states that Randal Kleiser was born in the United States, making him American. There is no information provided about Kyle Schickner's nationality in the given facts.","The nationality of Randal Kleiser and Kyle Schickner are not specified in the given facts. There is no evidence to determine if Randal Kleiser and Kyle Schickner are of the same nationality.

ANSWER: The evidence does not contain sufficient information to determine the nationality of Randal Kleiser ",1,2,1,1,0,1,3,1,1,0
5aba8365554299232ef4a319::active_set_pack_a,5aba8365554299232ef4a319,"['A', 'C']","['A', 'C']",True,"['E', 'F']","CITED: A,C\nANSWER: Barbara Jordan and Mark Knowles are both former professional tennis players from the United States and the Bahamas, respectively.","CITED: A,B,E
ANSWER: Barbara Jordan and Mark Knowles are both professional tennis players. Jordan is known for her singles play, while Knowles has won numerous Grand Slam doubles titles, most notably with partner Daniel Nestor.","CITED: A,B,E
ANSWER: Barbara Jordan and Mark Knowles are both professional tennis players. Jordan is known for her singles play, while Knowles has won numerous Grand Slam doubles titles, most notably with partner Daniel Nestor.","CITED: A,C
ANSWER: Barbara Jordan and Mark Knowles are both former professional tennis players from the United States and the Bahamas, respectively.","CITED: A, C\n
Barbara Jordan and Mark Knowles are both former professional tennis players from the United States and the Bahamas, respectively.",2,1,1,2,2,0,2,2,0,0
5abcff77554299700f9d794f::active_set_pack_a,5abcff77554299700f9d794f,"['B', 'F']","['A', 'E']",False,"['C', 'E']","CITED: F\nANSWER: The president who appointed Thomas C. Mann was a Democrat. Fact F states that Lyndon B. Johnson, who appointed Mann, was a Democrat from Texas and served in various political positions.","CITED: A,D,E\nANSWER: The provided facts do not directly address the political affiliation of the president who appointed Thomas C. Mann. However, Fact A mentions Charles H. Thomas following Charles Murphy to Chicago in 1905, Fact D states Thomas was president of the Chicago Cubs from 1914-1916, and","CITED: F\nANSWER: The president who appointed Thomas C. Mann was a Democrat. Fact F states that Lyndon B. Johnson, who appointed Mann, was a Democrat from Texas and served in various political positions.","CITED: F\nANSWER: The president who appointed Thomas C. Mann was a Democrat. Fact F states that Lyndon B. Johnson, who appointed Mann, was a Democrat from Texas and served in various political positions.","The fact labels that support the answer are F.

Lyndon B. Johnson, the president who appointed Thomas C. Mann, was a Democrat from Texas. He also served as a United States Representative and as the Majority Leader in the United States Senate.",1,0,1,1,0,0,3,0,0,0
5ab56b71554299637185c586::active_set_pack_a,5ab56b71554299637185c586,"['C', 'E']","['E', 'F']",False,"['A', 'B']","CITED: C,D\nANSWER: Walter O'Brien was played by English actor Elyes Gabel. Facts C and E establish that Elyes Gabel portrayed the character of Walter O'Brien in the TV series ""Scorpion"", while Fact E confirms his nationality as English.","CITED: A,B,D,E,F
ANSWER: Elyes Gabel is an English actor who played Walter O'Brien in the TV series.","CITED: C,D\nANSWER: The character Walter O'Brien was played by English actor Elyes Gabel. Facts C and D support this, stating that Elyes Gabel portrayed the character based on Walter O'Brien's real-life exploits in the TV series Scorpion.","CITED: C,D\nANSWER: Walter O'Brien was played by English actor Elyes Gabel. Facts C and E establish that Elyes Gabel portrayed the character Walter O'Brien in the series, while fact E confirms his nationality as English.","CITED: C, E
ANSWER: Walter O'Brien was played by Elyes Gabel, an English actor.
ANSWER: Walter O'Brien was played by Elyes Gabel, who is an English actor.

ANSWER: The actor who played Walter O'Brien is Elyes Gabel, an English actor.",2,1,1,2,2,1,4,1,1,1
5a7ea5125542994959419a40::active_set_pack_a,5a7ea5125542994959419a40,"['A', 'C']","['D', 'E']",False,"['E', 'F']","CITED: A,C
ANSWER: The teen sex comedy film written by Adam Herz and directed by brothers Paul and Chris Weitz, which starred an actor best known for her role as Jessica, is American Pie. Natasha Lyonne is best known for her role as Jessica in the ""American Pie"" film series.","CITED: A,C
ANSWER: The teen sex comedy film written by Adam Herz and directed by brothers Paul and Chris Weitz, which starred an actor best known for her role as Jessica, is American Pie.","CITED: A,C
ANSWER: The teen sex comedy film written by Adam Herz and directed by brothers Paul and Chris Weitz, in which an actor best known for her role as Jessica starred, is American Pie. Natasha Lyonne is best known for her role as Jessica in the ""American Pie"" film series.","CITED: A,C
ANSWER: The teen sex comedy film written by Adam Herz and directed by brothers Paul and Chris Weitz, which starred an actor best known for her role as Jessica, is American Pie. Natasha Lyonne is best known for her role as Jessica in the ""American Pie"" film series.","CITED: A, C

ANSWER: The teen sex comedy film written by Adam Herz and directed by brothers Paul and Chris Weitz, who directed their debut film with American Pie (film), starred Natasha Lyonne, who is best known for her role as Jessica in the ""American Pie"" film series.

CITED: A, C

ANSWER: The tee",2,2,2,2,2,0,0,0,0,0
5ab90c2655429916710eb0ed::active_set_pack_a,5ab90c2655429916710eb0ed,"['C', 'E']","['D', 'E']",False,"['A', 'D']","CITED: C,D,E
ANSWER: The Sia song ""Never Give Up"" is from the soundtrack of the film ""Lion"", which is based on the non-fiction book ""A Long Way Home"" by Saroo Brierley with Larry Buttrose.","CITED: E,F\nANSWER: The Sia song ""Never Give Up"" is from the soundtrack of the film Lion, which is based on the non-fiction book ""A Long Way Home"".","CITED: C,D,E
ANSWER: The Sia song ""Never Give Up"" is from the soundtrack of the film Lion, which is based on the non-fiction book ""A Long Way Home"" by Saroo Brierley with Larry Buttrose.","CITED: C,D,E
ANSWER: The Sia song ""Never Give Up"" is from the soundtrack of the film ""Lion"", which is based on the non-fiction book ""A Long Way Home"" by Saroo Brierley with Larry Buttrose.","The Sia song ""Never Give Up"" is from the soundtrack of the film Lion, which is based on the non-fiction book ""A Long Way Home"" by Saroo Brierley with Larry Buttrose.

The relevant facts:
- E. [Never Give Up (Sia song)] ""Never Give Up"" is a song recorded by Sia, from the soundtrack of the Garth Davis",2,1,2,2,0,2,1,2,2,0
5abc2d7755429959677d6a29::active_set_pack_a,5abc2d7755429959677d6a29,"['E', 'F']","['E', 'F']",True,"['C', 'D']","CITED: B,E\nANSWER: Lee Hong-gi and Dee Snider have the skills of being singers and songwriters in common. Fact B states that Snider came to prominence as the lead singer of Twisted Sister, while fact E describes Snider as a singer-songwriter. Similarly, fact F describes Lee Hong-gi as a singer-song","CITED: A,B
ANSWER: Lee Hong-gi and Dee Snider both have the skill of being lead singers in their respective bands. Fact A states that Dee Snider is the frontman of Twisted Sister, while Fact B mentions that Snider came to prominence in the early 1980s as the lead singer of Twisted Sister.","CITED: A,B
ANSWER: Lee Hong-gi and Dee Snider both have the skill of being lead singers in their respective bands. Fact A states that Dee Snider is the frontman of Twisted Sister, while Fact B mentions that Snider came to prominence in the early 1980s as the lead singer of Twisted Sister.","CITED: B,E\nANSWER: Lee Hong-gi and Dee Snider have the skills of being singers and songwriters in common. Fact B states that Snider came to prominence as the lead singer of Twisted Sister, while fact E describes Snider as a singer-songwriter. Similarly, fact F describes Lee Hong-gi as a singer-song","CITED: B, E, F\n\nANSWER: Lee Hong-gi and Dee Snider have songwriting and acting in common. Both Daniel ""Dee"" Snider and Lee Hong-gi are singer-songwriter, which is a skill that they have in common. Both are also actors, as Dee Snider is also a screenwriter and is both a singer-songwriter and actor",2,0,0,2,2,1,2,2,1,1
5a83143655429954d2e2ec0a::active_set_pack_a,5a83143655429954d2e2ec0a,"['A', 'C']","['A', 'B']",False,"['B', 'E']","CITED: A,C,E
ANSWER: The species of spruce, Picea rubens or red spruce, which can be found in the Rensselaer Plateau, is native to eastern North America, ranging from eastern Quebec to Nova Scotia, and from New England south in the Adirondack Mountains and Appalachians to western North Carolina. The","CITED: A,E
ANSWER: The species of spruce found in the Rensselaer Plateau, Picea rubens, is native to eastern regions of North America. Fact A states that Picea rubens is found in various locations, including Quebec, and Fact E mentions that the Rensselaer Plateau is located in Rensselaer County","CITED: A,C,E
ANSWER: The species of spruce found in the Rensselaer Plateau, known as Picea rubens or red spruce, is native to eastern regions of North America. The vegetation on the plateau is more similar to that found in the Adirondack Mountains to the northwest, where red spruce is also found. Th","CITED: A,C
ANSWER: The species of spruce, Picea rubens or red spruce, is native to eastern North America, ranging from eastern Quebec to Nova Scotia, and from New England south in the Adirondack Mountains and Appalachians to western North Carolina. The Rensselaer Plateau has vegetation more similar ","The species of Spruce which can be found in the Rensselaer Plateau is native to eastern North America, with the Rensselaer Plateau being located in Rensselaer County, New York. The species of Spruce is Picea rubens, commonly known as red spruce. The species of Spruce is a species of spruce native to",2,1,2,2,0,1,1,1,0,0
5ab691c5554299710c8d1ed3::active_set_pack_a,5ab691c5554299710c8d1ed3,"['B', 'E']","['D', 'E']",False,"['A', 'C']","CITED: B,E
ANSWER: United 300 and 300 were both made in the United States. Fact B states that 300 is an American film, and Fact E specifies that United 300 is an American short film.","CITED: A,B
ANSWER: United 300 and 300 were both made in the United States. Fact A states that United 300 won an MTV Movie Spoof Award, which implies it is a film. Fact B specifies that 300 is a film, and it also mentions the country of origin as the United States.","CITED: B,Y
ANSWER: United 300 and 300 were both made in the United States. Fact B states that 300 is an American film, and United 300 is also mentioned in the same context, implying it is from the United States as well.","CITED: B,E
ANSWER: United 300 and 300 were both made in the United States. Fact B states that 300 is an American film, and Fact E specifies that United 300 is an American short film.","The fact that ""United 300"" and 300 were both made in the United States. The evidence for this are the facts that United 300 is an American short film and 300 is an American film. Therefore, the supporting evidence for this answer is a fact that supports the answer. The Biggest Loser is not relevant ",2,1,1,2,0,1,1,0,1,0
5a7528e75542996c70cfaea0::active_set_pack_a,5a7528e75542996c70cfaea0,"['E', 'F']","['B', 'F']",False,"['B', 'C']","CITED: B,E
ANSWER: 1979 is a song by American alternative rock band, the Smashing Pumpkins, and it is the second single from their third studio album, titled ""Mellon Collie and the Infinite Sadness"". The album was released on October 23, 1995 in the UK.","CITED: B,C,D
ANSWER: 1979 is a song by American alternative rock band, the Smashing Pumpkins, the second single from their third studio album, titled ""Mellon Collie and the Infinite Sadness"".","CITED: E
ANSWER: The third studio album by American alternative rock band The Smashing Pumpkins, released on October 23, 1995 in the United Kingdom, is titled ""Mellon Collie and the Infinite Sadness"".","CITED: E,F\nANSWER: 1979 is a song by American alternative rock band, the Smashing Pumpkins, and it is the second single from their third studio album, titled ""Mellon Collie and the Infinite Sadness"". The album was released on October 23, 1995 in the UK.","The song ""Muzzle"" is a song by American alternative rock band The Smashing Pumpkins from their third album, ""Mellon Collie and the Infinite Sadness"". The third studio album by American alternative rock band The Smashing Pumpkins, Mellon Collie and the Infinite Sadness is the third studio album by Am",1,0,1,2,0,2,4,1,0,0
5ab4280b554299233955003a::active_set_pack_a,5ab4280b554299233955003a,"['A', 'C']","['A', 'D']",False,"['E', 'F']","CITED: A,C
ANSWER: Eartha succeeded the Globe of Peace as the world's largest rotating globe. Eartha is located within the headquarters of the DeLorme mapping corporation in Yarmouth, Maine.","CITED: A,C
ANSWER: The globe that succeeded the Globe of Peace as the world's largest rotating globe is located in Yarmouth, Maine. This is indicated by Fact A which states the Globe of Peace is in Italy and Fact C which states the rotating globe Eartha is located in Yarmouth, Maine.","CITED: C
ANSWER: Eartha, the world's largest rotating and revolving globe, is located within the headquarters of the DeLorme mapping corporation in Yarmouth, Maine.","CITED: A,C
ANSWER: Eartha succeeded the Globe of Peace as the world's largest rotating globe. Eartha is located within the headquarters of the DeLorme mapping corporation in Yarmouth, Maine.","The Globe of Peace was the Guinness Book of World Records record holder for the world's largest rotating globe until 1999, when it was the record holder for the world's largest rotating globe. Eartha is the world's largest rotating and revolving globe, located within the headquarters of the DeLorme ",2,2,2,2,0,0,0,0,0,0
5ae3916d5542994393b9e708::active_set_pack_a,5ae3916d5542994393b9e708,"['C', 'D']","['A', 'C']",False,"['A', 'E']","CITED: D,F\nANSWER: Bath Spa University's main campus is located at Newton Park, near Corston, Somerset.","CITED: F
ANSWER: Bath School of Art and Design forms part of Bath Spa University, which has its main campus located at Newton Park.","CITED: D,F
ANSWER: Bath School of Art and Design forms part of Bath Spa University, which has its main campus located at Newton Park.","CITED: D,F
ANSWER: Bath School of Art and Design forms part of Bath Spa University, which has its main campus located at Newton Park.","CITED: D, F\n\nAnswer: Bath School of Art and Design is part of Bath Spa University, which is a public university in Bath, England, with its main campus based at Newton Park on Duchy of Cornwall land.

Cited from: A, F\n\nAnswer: Bath School of Art and Design is part of Bath Spa University, a public",1,0,1,1,1,1,2,2,2,2
5adc32805542994650320cad::active_set_pack_a,5adc32805542994650320cad,"['A', 'E']","['A', 'B']",False,"['B', 'D']","CITED: A,D,E
ANSWER: No, Nasdaq, Inc. and Citrix Systems are not catering to the same customer bases. Nasdaq, Inc. primarily serves customers in the financial sector, owning and operating stock exchanges across the United States and Europe (Fact A). On the other hand, Citrix Systems focuses on provi","CITED: A,D
ANSWER: No, Nasdaq, Inc. and Citrix Systems are not catering to the same customer bases. Nasdaq, Inc. primarily focuses on stock market services and financial products, while Citrix Systems provides software and technology solutions for desktop and application management. Fact A shows tha","CITED: A,D,E
ANSWER: No, Nasdaq, Inc. and Citrix Systems are not catering to the same customer bases. Nasdaq, Inc. primarily focuses on providing stock market services and solutions, targeting financial institutions, investors, and companies looking to list their shares (Fact A). On the other hand, ","CITED: A,E
ANSWER: No, Nasdaq, Inc. and Citrix Systems do not cater to the same customer bases. Nasdaq, Inc. primarily serves customers in the financial sector, owning and operating stock exchanges across the United States and Europe (Fact A). On the other hand, Citrix Systems focuses on providing s","The customer bases of Nasdaq, Inc. and Citrix Systems cater to different customer bases. Nasdaq, Inc. primarily serves customers in the financial markets. Nasdaq, Inc. is an American multinational financial services corporation that owns and operates the NASDAQ stock market and eight European stock ",2,1,2,2,0,1,1,1,0,0
5a7a1bb25542996a35c170d2::active_set_pack_a,5a7a1bb25542996a35c170d2,"['C', 'D']","['C', 'D']",True,"['A', 'B']","CITED: C,D\nANSWER: No, George Avakian and Bobby Managoff are not both record producers. George Avakian is an American record producer and executive (Fact C), while Bobby Managoff was an American professional wrestler (Fact D) and not known for record production.","CITED: A,F\nANSWER: No, George Avakian and Bobby Managoff are not both record producers. Fact A states that Sound City is celebrating its 40th Anniversary in the recording business, and Fact F lists more than 100 Gold and Platinum albums recorded at Sound City over the past 40 years, produced by var","CITED: A,F\nANSWER: No, George Avakian and Bobby Managoff are not both record producers. Fact A states that Sound City is celebrating its 40th Anniversary in the recording business, and Fact F lists more than 100 Gold and Platinum albums recorded at Sound City over the past 40 years, produced by var","CITED: C,D\nANSWER: No, George Avakian and Bobby Managoff are not both record producers. George Avakian is an American record producer and executive known particularly for his work with Columbia Records (Fact C). On the other hand, Bobby Managoff was an American professional wrestler of Armenian des","The information provided does not contain any direct information about George Avakian and Bobby Managoff specifically. There is no direct evidence to determine if George Avakian and Bobby Managoff are both record producers.

ANSWER: No, George Avakian and Bobby Managoff are not both record producers",2,0,0,2,0,0,2,2,0,0
5adc36475542996e685252e1::active_set_pack_a,5adc36475542996e685252e1,"['A', 'D']","['A', 'C']",False,"['B', 'C']","CITED: A
ANSWER: Benji is an upcoming American drama film written, co-produced and directed by Brandon Camp, and is a reboot of the 1974 film of the same name.","CITED: A,X
ANSWER: Benji is an upcoming American drama film written, co-produced and directed by Elizabeth Chomko, and is a reboot of the 1974 film of the same name.","CITED: A,X
ANSWER: Benji is an upcoming American drama film written, co-produced and directed by Elizabeth Chomko, and is a reboot of the 1974 film of the same name.","CITED: A,B,D,E\nANSWER: Benji is an upcoming American drama film written, co-produced and directed by Brandon Camp, and is a reboot of the 1974 film of the same name directed by Joe Camp.","CITED: A, D, E

ANSWER: Benji is an upcoming American drama film written, co-produced and directed by Brandon Camp, and is a reboot of the 1974 film of the same name.",1,1,1,2,2,0,0,0,2,1
5a7af39755429931da12c99d::active_set_pack_a,5a7af39755429931da12c99d,"['B', 'D']","['B', 'D']",True,"['A', 'F']","CITED: D
ANSWER: Tess Asplund fought against the Neo-Nazi movement that existed in Sweden, Finland, and Norway.","CITED: B,D
ANSWER: Tess Asplund fought against the Neo-Nazi movement that existed in Finland, Sweden, and Norway.","CITED: B,D
ANSWER: Tess Asplund fought against the Neo-Nazi movement that existed in Finland, Sweden, and Norway.","CITED: D
ANSWER: Tess Asplund fought against the Neo-Nazi movement that existed in Sweden, Finland, and Norway.","Tess Asplund fought against the Neo-Nazi movement that existed in Sweden, Finland, and Norway.

The Nordic Resistance Movement (NMR) is a Neo-Nazi movement that exists in Sweden, Finland, and Norway. The Nordic Resistance Movement (NMR) is a Neo-Nazi movement that exists in Sweden, Finland, and Norw",1,2,2,1,0,1,1,1,1,0
5ade2af055429939a52fe84b::active_set_pack_a,5ade2af055429939a52fe84b,"['B', 'D']","['B', 'D']",True,"['A', 'F']","CITED: B,D
ANSWER: The Pantanal is a mid-size pickup truck made by the Brazilian off-road vehicle manufacturer Troller Veículos Especiais S/A, a manufacturer of off-road vehicles in Brazil, from 2006 to 2008.","CITED: B,D
ANSWER: The Pantanal is a mid-size pickup truck made by the Brazilian off-road vehicle manufacturer Troller Veículos Especiais S/A, a manufacturer of off-road vehicles in Brazil.","CITED: B,D
ANSWER: The Pantanal is a mid-size pickup truck made by the Brazilian off-road vehicle manufacturer Troller Veículos Especiais S/A, a manufacturer of off-road vehicles in Brazil.","CITED: D,B\nANSWER: The Pantanal is a mid-size pickup truck made by the Brazilian off-road vehicle manufacturer Troller Veículos Especiais S/A, a manufacturer of off-road vehicles in Brazil, from 2006 to 2008.","Cited: D, B

Answer: The Pantanal is a mid-size pickup truck made by the Brazilian off-road vehicle manufacturer Troller Veículos Especiais S/A, a manufacturer of off-road vehicles in Brazil, from 2006 to 2008.",2,2,2,2,2,1,1,1,0,1
5ab907c555429916710eb0e3::active_set_pack_a,5ab907c555429916710eb0e3,"['A', 'D']","['D', 'F']",False,"['B', 'F']","CITED: A,C,D
ANSWER: Kisimul Castle is a small medieval castle located on a small island off Castlebay, Barra, in the Outer Hebrides, Scotland. It gets its name from the Gaelic ""cìosamul"" meaning ""castle island"". Castlebay is the main village on the island of Barra where the castle is situated.","CITED: A,C
ANSWER: Kisimul Castle is a small medieval castle located in Scotland. It gets its name from the Gaelic ""cìosamul"" meaning ""castle island"".","CITED: A,C
ANSWER: Kisimul Castle is a small medieval castle located on a small island off Castlebay, Barra, in the Outer Hebrides, Scotland. It gets its name from the Gaelic ""cìosamul"" meaning ""castle island"".","CITED: A,C,D
ANSWER: Kisimul Castle is a small medieval castle located on a small island off Castlebay, Barra, in the Outer Hebrides, Scotland. It gets its name from the Gaelic ""cìosamul"" meaning ""castle island"". Castlebay is the main village on the island of Barra where the castle is situated.","The answer is:
Medieval Castle Island
The castle island is a small medieval castle located on a small island off Castle Island.

The fact that there is a castle on a small island off Castle Island
The castle gets its name from the Gaelic ""cìosamul"" meaning ""castle island"".
The island of Usedom is an",2,1,1,2,0,1,1,1,1,0
5a73630855429901807db021::active_set_pack_a,5a73630855429901807db021,"['D', 'F']","['B', 'F']",False,"['C', 'E']","CITED: F
ANSWER: Nick Cave was older than Anita Lane. Nick Cave was born on 22 September 1957 (Fact F), while Anita Lane was born around 1959 (Fact D).","CITED: A,D,E,F
ANSWER: Nick Cave was older than Anita Lane. Fact F states that Nick Cave was born in 1957, while Fact D indicates that Anita Lane was born in 1959.","CITED: A,D,F\nANSWER: Nick Cave was older than Anita Lane. Fact A lists the various line-ups of Nick Cave and the Bad Seeds, including Nick Cave himself. Fact D states that Anita Lane was born around 1959. Comparing these two facts, we can conclude that Nick Cave, born in 1957, was older than Anita ","CITED: F
ANSWER: Nick Cave was older than Anita Lane. Nick Cave was born on 22 September 1957 (Fact F), while Anita Lane was born around 1959 (Fact D).","Nick Cave was born on September 22, 1957. Born in 1959, Anita Lane was born on September 22, 1957. Since the question asks which member of the Bad Seeds was older, the older member is Nick Cave.

Fact A, B, D, and E are not relevant to the question. The fact that Nick Cave and the Bad Seeds was form",2,2,2,2,0,1,2,1,1,2
5abae0265542996cc5e49ec3::active_set_pack_a,5abae0265542996cc5e49ec3,"['B', 'F']","['B', 'F']",True,"['A', 'C']","CITED: B,F\nANSWER: John Severin was an American comics artist who had a 45-year stint with the magazine Cracked, which was founded in 1958.","CITED: B,D,E
ANSWER: John Severin was an American comics artist who had a 45-year stint with the magazine Cracked. Cracked was an American humor magazine founded in 1958.","CITED: B,D,E
ANSWER: John Severin was an American comics artist who had a 45-year stint with the magazine Cracked. Cracked was an American humor magazine founded in 1958.","CITED: B,F\nANSWER: John Severin was an American comics artist who had a 45-year stint with the magazine Cracked, which was founded in 1958.","The answer is that Cracked was founded in 1958.

ANSWER: John Severin was an American comics artist who had a 45-year stint with the magazine Cracked that was founded in 1958.

ANSWER: The fact that John Severin had a 45-year stint with ""Cracked"" and the fact that ""Cracked"" was founded in 1958.

ANS",2,1,1,2,0,0,3,3,0,0
5ae061705542993d6555eb26::active_set_pack_a,5ae061705542993d6555eb26,"['B', 'E']","['B', 'E']",True,"['C', 'D']","CITED: B,E\nANSWER: Rags Ragland died 1 year after starring in Meet the People. He was born on August 23, 1905 and died on August 20, 1946. The film Meet the People was released in 1944 (Fact B), so the time between the film and his death is 2 years. However, Fact E states","CITED: E,F\nANSWER: Rags Ragland died 1 year after starring in Meet the People. Fact E states he passed away in 1951, while Fact F mentions the film was released in 1950.","CITED: E,F\nANSWER: Rags Ragland died 1 year after starring in Meet the People. Fact E states he passed away in 1951, while Fact F mentions the film was released in 1950.","CITED: B,E
ANSWER: Rags Ragland died 1 year after starring in Meet the People. He was born on August 23, 1905 and died on August 20, 1946.","Rags Ragland starred in Meet the People, and Rags Ragland died on August 20, 1944. Rags Ragland died how many years after starring in Meet the People.

The relevant facts are:
- B. Meet the People is a film made in 1944.
- Rags Ragland died in 1946.

The Society of Floristry Limited and the informat",2,1,1,2,0,0,1,1,1,0
5a835bb5554299123d8c2102::active_set_pack_a,5a835bb5554299123d8c2102,"['B', 'C']","['B', 'F']",False,"['A', 'E']","CITED: A,E
ANSWER: No, filmmakers Chris Carter and Theo van Gogh do not share the same nationality. Fact A states that Vincent van Gogh, Theo's cousin, was born in the Netherlands, making him Dutch. Fact E mentions that Chris Carter was born in Bellflower, California, indicating he is American. Ther","CITED: A,E
ANSWER: No, filmmakers Chris Carter and Theo van Gogh do not share the same nationality. Fact A states that Vincent van Gogh, Theo's cousin, lived in Brussels, which is in Belgium, before moving to the Netherlands. Fact E mentions that the early works of Vincent van Gogh were created duri","CITED: C,D
ANSWER: No, filmmakers Chris Carter and Theo van Gogh do not share the same nationality. Fact C states that Theo van Gogh was Dutch, while Fact A mentions that Vincent van Gogh, who is related to Chris Carter through his early works, was born in the Netherlands. However, Chris Carter's na","CITED: A,D,E
ANSWER: No, filmmakers Chris Carter and Theo van Gogh do not share the same nationality. Vincent van Gogh, mentioned in facts A, D, and E, was Dutch, while Chris Carter, discussed in facts B and F, is American.","The filmmakers Chris Carter and Theo van Gogh do not share the same nationality.

Theodoor ""Theo van Gogh (C) was a Dutch national. Chris Carter was born in Bellflower, California, and graduated from California State University, Long Beach. Therefore, the answer is:
Nationality, Cited: A, E
Do not s",0,0,1,1,1,2,2,2,4,3
5ae05c3155429924de1b70b0::active_set_pack_a,5ae05c3155429924de1b70b0,"['A', 'D']","['D', 'F']",False,"['C', 'F']","CITED: A,C,D
ANSWER: Brutti di notte is a parody of the film Belle de Jour, which stars Catherine Deneuve.","CITED: A,C
ANSWER: Brutti di notte is a parody of the film starring Catherine Deneuve.","CITED: A,C
ANSWER: Brutti di notte is a parody of the film Belle de Jour, which starred Catherine Deneuve.","CITED: A
ANSWER: Brutti di notte is a parody of the film Belle de Jour, which starred Catherine Deneuve.","The answer is: Catherine Deneuve. The relevant facts are:
C. [Brutti di notte] Brutti di notte (literally ""Ugly by night"") is a 1968 Italian comedy film written and directed by Giovanni Grimaldi and starring the comedy duo Franco Franchi and Ciccio Ingrassia.
D. [Belle de Jour (",2,1,1,1,0,1,1,1,0,0
5ae225fb554299234fd043f8::active_set_pack_a,5ae225fb554299234fd043f8,"['C', 'E']","['A', 'C']",False,"['D', 'F']","CITED: C,D\nANSWER: Rhodochiton and Platystemon are both genuses of flowering plants. Fact C states Platystemon is a monotypic genus of flowering plants in the poppy family, while Fact D specifies Platystemon is native to Oregon, California, Arizona, Utah and Baja California, and is found in open gr","CITED: D,E\nANSWER: Rhodochiton and Platystemon are both genuses of plants. Fact D states Platystemon is a plant, while Fact E states Rhodochiton is a plant genus.","CITED: D,E\nANSWER: Rhodochiton and Platystemon are both genuses of flowering plants.","CITED: C,D\nANSWER: Platystemon is a genus of flowering plants, while Rhodochiton is a genus of flowering plants within the family Plantaginaceae. Both are types of angiosperms, which are the most diverse group of land plants.","CITED: C, D, E, and D
ANSWER: Rhodochiton and Platystemon are both genuses of flowering plants.

CITED: A, B, and F
ANSWER: Chorisodontium aciphyllum is a genus of moss, not plants. The genus Yelovichnus is an ""enigmatic"" genus known from fossils of the Ed",1,1,1,1,2,1,1,1,1,3
5ae513225542993aec5ec12e::active_set_pack_a,5ae513225542993aec5ec12e,"['B', 'C']","['A', 'E']",False,"['A', 'F']","CITED: C,D
ANSWER: James Mulgrew, known professionally as Jimmy Cricket, is the star of the comedy sketch show ""Spoons"".","CITED: A,F
ANSWER: James Mulgrew, known as Jimmy Cricket, is the star of the comedy sketch show ""Spoons"". This show was first broadcast on the United Kingdom's Channel 4 from 30 September 2005.","CITED: C,D
ANSWER: James Mulgrew, known professionally as Jimmy Cricket, is the star of the comedy sketch show ""Spoons"".","CITED: C,D
ANSWER: James Mulgrew, known professionally as Jimmy Cricket, is the star of the comedy sketch show ""Spoons"".","C,D,F\nANSWER: James Mulgrew, known professionally as Jimmy Cricket, is the star of the comedy sketch show ""Spoons"".",1,0,1,1,1,2,2,2,2,1
5abd0749554299700f9d796f::active_set_pack_a,5abd0749554299700f9d796f,"['D', 'F']","['D', 'E']",False,"['B', 'C']","CITED: D
ANSWER: Elkhan Mammadov is the project leader for the bid for the UEFA Euro 2020, which is a quadrennial competition.","CITED: D
ANSWER: Elkhan Mammadov is the project leader for the bid for the UEFA European Championship, commonly known as Euro.","CITED: D
ANSWER: Elkhan Mammadov is the project leader for the bid for the UEFA European Championship, which is a quadrennial competition.","CITED: D
ANSWER: Elkhan Mammadov is the project leader for the bid for the UEFA Euro 2020, which is a quadrennial competition.","The answer is:
Elkhan Mammadov
Project Leader for UEFA EURO 2020 Baku Bid
ANSWER: Elkhan Mammadov is the project leader for the UEFA Euro 2020 bid.

The fact that Elkhan Mammadov is Elkhan Mammadov (F), the General Secretary of Association of Football Federations of Azerbaijan (D) and the Vice-Presi",1,1,1,1,2,1,1,1,1,0
5a8a28505542996c9b8d5e22::active_set_pack_a,5a8a28505542996c9b8d5e22,"['B', 'C']","['A', 'D']",False,"['D', 'F']","CITED: B,C
ANSWER: Adrian Boult conducted at the Royal Opera House, also known as ""Convent Garden,"" in London.","CITED: A,D
ANSWER: Adrian Boult conducted at the Royal Opera House, which is also known as ""Convent Garden."" Fact A states that the Leipzig Convent is near the Leipzig Church built in 1915, and Fact D identifies the Leipzig Convent as located in Saskatchewan, Canada. However, these facts do not dire","CITED: B,C
ANSWER: Adrian Boult conducted at the Royal Opera House, also known as ""Convent Garden.""","CITED: B,C
ANSWER: Adrian Boult conducted at the Royal Opera House, also known as ""Convent Garden.""","The venue that Adrian Boult conducted for is the Royal Opera House, also known as the ""Convent Garden."" The facts supporting this information is the fact that Adrian Boult conducted early conducting work in London for the Royal Opera House.

Cited: B, C, C, C, C, and C

ANSWER: Adrian Boult conducte",2,0,2,2,2,1,2,1,1,1
5a727bb95542991f9a20c48d::active_set_pack_a,5a727bb95542991f9a20c48d,"['A', 'E']","['A', 'C']",False,"['D', 'F']","CITED: A,E
ANSWER: Jess Weixler starred in the comedy-horror film ""Teeth"", directed by Mitchell Lichtenstein.","CITED: A,B\nANSWER: Jess Weixler starred in the comedy-horror film Teeth, directed by Mitchell Lichtenstein.","CITED: A,E
ANSWER: Jess Weixler starred in the comedy-horror film Teeth, directed by Mitchell Lichtenstein.","CITED: A,E
ANSWER: Jess Weixler starred in the comedy-horror film ""Teeth"", directed by Mitchell Lichtenstein.","CITED: B, E\n\nCITED: A, B\n\nCITED: A\n\nCITED: A\n\nCITED: A\n\nCITED: A\n\nCITED: A\n\nCITED: A\n\nCITED: A\n\nCITED: A\n\nCITED: A\n\nCITED: A\n\nCITED: A",2,1,2,2,2,0,1,0,0,1
5ae754725542995703ce8bf2::active_set_pack_a,5ae754725542995703ce8bf2,"['B', 'E']","['B', 'C']",False,"['A', 'D']","CITED: B,E
ANSWER: The 2001 novel ""A Mother's Gift"" by Britney Spears is dedicated to American author and mother Lynne Spears, who is also the mother of film and television producer Bryan Spears and country singer Jamie Lynn Spears.","CITED: A,F
ANSWER: The 2001 novel ""A Mother's Gift"" by Britney Spears is dedicated to an American author and mother of film and television producer Bryan Spears and country singer Jamie Lynn Spears. Facts A and F support this, as Fact A states that ""A Mother's Gift"" was written by Britney Spears and","CITED: E,F
ANSWER: The 2001 novel by Britney Spears dedicated to an American author and mother of film and television producer Bryan Spears and country singer Jamie Lynn Spears is ""A Mother's Gift"". Fact E states Lynne Irene Spears is the mother of Bryan and Britney Spears, and Fact F mentions the b","CITED: E,F
ANSWER: The 2001 novel ""A Mother's Gift"" by Britney Spears is dedicated to American author and mother Lynne Spears, who is also the mother of film and television producer Bryan Spears and country singer Jamie Lynn Spears.","The relevant facts are B and E. The 2001 novel by Britney Spears dedicated to an American author and mother of film and television producer Bryan Spears and country singer Jamie Lynn Spears is ""A Mother's Gift"". The author is Britney Spears and her mother Lynne Spears.",2,0,1,1,2,1,2,2,2,0
5a740aa955429974ef308ba3::active_set_pack_a,5a740aa955429974ef308ba3,"['B', 'C']","['B', 'F']",False,"['A', 'D']","CITED: C,D,F
ANSWER: Rob Jenkins acted in the 2014 science fiction thriller film ""Predestination"".","CITED: C,D,F
ANSWER: Rob Jenkins acted in the 2014 science fiction thriller film ""Predestination"".","CITED: C,D,E
ANSWER: Rob Jenkins acted in the 2014 science fiction thriller film ""Predestination"". Fact C states that ""Predestination"" is a 2014 Australian science fiction thriller film, and Fact D mentions that M. Night Shyamalan, a well-known director, was involved in the film's production.","CITED: C,D,F
ANSWER: Rob Jenkins acted in the 2014 science fiction thriller film ""Predestination"".","CITED: C,D,F
ANSWER: Rob Jenkins acted in the 2014 science fiction thriller film ""Predestination"".",1,1,1,1,1,3,3,3,3,3
5ae331f955429928c423966f::active_set_pack_a,5ae331f955429928c423966f,"['E', 'F']","['E', 'F']",True,"['C', 'D']","CITED: A,E,F
ANSWER: The Centralia Massacre was committed by the pro-Confederate guerrilla leader William T. Anderson, also known as ""Bloody Bill"" Anderson. Fact A mentions Jesse James was among the guerrillas, Fact E states the massacre was carried out by William T. Anderson, and Fact F provides mo","CITED: A,B,D,E,F
ANSWER: The Centralia Massacre was committed by the pro-Confederate guerrilla leader William T. Anderson. Fact E states that the massacre was carried out by guerrillas, and fact F identifies William T. Anderson as the leader of those guerrillas. Additionally, fact A mentions Jesse J","CITED: A,B,D,E,F
ANSWER: The Centralia Massacre was committed by the pro-Confederate guerrilla leader William T. Anderson. Fact E states that the massacre was carried out by guerrillas, and fact F identifies William T. Anderson as the leader of those guerrillas. Additionally, fact A mentions Jesse J","CITED: A,E,F
ANSWER: The Centralia Massacre was committed by the pro-Confederate guerrilla leader William T. Anderson, also known as ""Bloody Bill"" Anderson. Fact A mentions that Jesse James was among the guerrillas in the Centralia Massacre, Fact E states that the massacre was carried out by William","The Centralia Massacre was committed by William T. Anderson, known as ""Bloody Bill"" Anderson. The relevant facts are:
E. [Centralia Massacre (Missouri)] The Centralia Massacre was an incident during the American Civil War in which twenty-four unarmed Union soldiers were captured and executed at Cent",2,2,2,2,0,1,3,3,1,0
5ade4e43554299728e26c6bb::active_set_pack_a,5ade4e43554299728e26c6bb,"['B', 'E']","['A', 'C']",False,"['A', 'D']","CITED: B,C,E
ANSWER: Garth Jennings and Lee Cheol-ha both shared the occupation of film director. Fact B states Garth Jennings is a film director, while Fact E identifies Lee Cheol-ha as a South Korean film director.","CITED: A,C,D,F
ANSWER: Garth Jennings and Lee Cheol-ha both shared the occupation of being film directors. Fact A states that Son of Rambow, written and directed by Garth Jennings, is a 2007 film. Fact C mentions that Garth Jennings is known for directing and writing the 2016 film ""Sing"". Fact F sta","CITED: B,C,E
ANSWER: Garth Jennings and Lee Cheol-ha both shared the occupation of film director. Fact B states Garth Jennings is a film director, while Fact E identifies Lee Cheol-ha as a South Korean film director.","CITED: B,C
ANSWER: Garth Jennings and Lee Cheol-ha both shared the occupation of film director. Fact B states Garth Jennings is a film director, and Fact E identifies Lee Cheol-ha as a South Korean film director.","C: B, E

ANSWER: Garth Jennings and Lee Cheol-ha are both film directors.

CITED: B, E

ANSWER: Garth Jennings and Lee Cheol-ha are both directors. The occupation shared by Garth Jennings and Lee Cheol-ha is that of a film director.

ANSWER: The relevant facts supporting the answer are the occupatio",2,0,2,2,2,2,4,2,2,1
5ac25c4a55429951e9e6857f::active_set_pack_a,5ac25c4a55429951e9e6857f,"['D', 'E']","['D', 'E']",True,"['B', 'F']","CITED: E
ANSWER: Peter Asher, the record producer who produced Love Has Come for You, was born on June 22, 1944.","CITED: E
ANSWER: The record producer that produced Love Has Come for You, Peter Asher, was born in 1944.","CITED: E
ANSWER: The record producer that produced Love Has Come for You, Peter Asher, was born in 1944.","CITED: E
ANSWER: Peter Asher, the record producer who produced Love Has Come for You, was born on June 22, 1944.","The record producer that produced Love Has Come for You is Peter Asher. Peter Asher was born on June 22, 1944. 

Cited: E
Answer: Peter Asher, born June 22, 1944, produced Love Has Come for You.",1,1,1,1,1,1,1,1,1,1
5ae79c2b5542993210983eae::active_set_pack_a,5ae79c2b5542993210983eae,"['C', 'E']","['E', 'F']",False,"['B', 'F']","CITED: E\nANSWER: The lead single from Culture Beat's second studio album, ""Mr. Vain"", spent ten weeks at number one on the ""RPM"" Dance chart in Canada.","CITED: A,D,E
ANSWER: The lead single from Culture Beat's second studio album, ""Mr. Vain"", spent ten weeks at number one on the ""RPM"" Dance chart in Canada.","CITED: A,D,E
ANSWER: The lead single from Culture Beat's second studio album, ""Mr. Vain"", spent ten weeks at number one on the ""RPM"" Dance chart in Canada.","CITED: E\nANSWER: The lead single from Culture Beat's second studio album spent ten weeks at number one on the ""RPM"" Dance chart in Canada.","A,D,E\n\nThe lead single from Culture Beat's second studio album, ""Serenity"", is the single ""Mr. Vans. The lead single from a different artist, Sugababes, released in 2003, ""Hole in the Head"" is a song performed by British girl group Sugababes, released on October 13, 2003 as the",1,1,1,1,0,0,2,2,0,2
5a73e07655429905862fe0ea::active_set_pack_a,5a73e07655429905862fe0ea,"['C', 'E']","['C', 'E']",True,"['A', 'D']","CITED: B,E
ANSWER: The Walloon Legion, a collaborationist volunteer unit from Belgium's French-speaking population, served on the Eastern Front during World War II.","CITED: B,C

ANSWER: The Walloon Legion served on the Eastern Front during World War II.","CITED: B,C

ANSWER: The Walloon Legion served on the Eastern Front during World War II.","CITED: E
ANSWER: The Walloon Legion served on the Eastern Front during World War II.","The Walloon Legion served in World War II.

The Walloon Legion (Légion Wallonie) is a collaborationist volunteer unit that served in the Wehrmacht and later in the Waffen-SS on the Eastern Front. The Eastern Front was the theater of conflict between the European Axis powers and the Soviet Union duri",1,1,1,1,0,2,2,2,1,0
5a8885b4554299206df2b2e4::active_set_pack_a,5a8885b4554299206df2b2e4,"['C', 'F']","['C', 'F']",True,"['B', 'E']","CITED: B,C
ANSWER: Charley and the Angel was released second. Fact B states that Charley and the Angel is a 1973 film, while Fact F mentions that Planes was released in 2013.","CITED: B,D
ANSWER: Charley and the Angel was released second. Fact B states that Charley and the Angel is based on a 1971 novel, and Fact D mentions that ""Kiss an Angel Good Mornin'"", the first single from the album ""Charley Pride Sings Heart Songs"", was released in October 1971. This implies that C","CITED: B,D
ANSWER: Charley and the Angel was released second. Fact B states that Charley and the Angel is based on a 1971 novel, and Fact D mentions that ""Kiss an Angel Good Mornin'"", the first single from the album ""Charley Pride Sings Heart Songs"", was released in October 1971. This implies that C","CITED: C,D
ANSWER: Charley and the Angel was released second. The song ""Kiss an Angel Good Mornin'"" was released in October 1971 (Fact D), and the film Charley and the Angel was released in 1973 (Fact C).","Charley and the Angel was released second. The release of Planes (previously mentioned in the question), a Disney film, was released in 2013, while Charley and the Angel was released in 1973. The film is a Disney production, and the fact that the film is set in the 1930s and was released in 1973 ind",2,0,0,1,0,2,3,3,2,0
5a7d20b055429909bec76973::active_set_pack_a,5a7d20b055429909bec76973,"['A', 'C']","['A', 'C']",True,"['B', 'F']","CITED: A
ANSWER: Silent Möbius is heavily influenced by the movie Blade Runner, which was directed by Ridley Scott.","CITED: A
ANSWER: Silent Möbius is heavily influenced by the movie directed by Ridley Scott.","CITED: A
ANSWER: Silent Möbius is heavily influenced by the movie directed by Ridley Scott.","CITED: A
ANSWER: Silent Möbius is heavily influenced by the movie Blade Runner, which was directed by Ridley Scott.","The Electrics
The Electrics are a Celtic rock band from Dumbarton, Scotland.

The Electrics are a Celtic rock band from Dumbarton, Scotland.

The Electrics are a Celtic rock band from Dumbarton, Scotland.

The Electrics are a Celtic rock band from Dumbarton, Scotland.

The Electrics are a Celtic roc",1,1,1,1,0,0,0,0,0,0
5a793e77554299029c4b5f36::active_set_pack_a,5a793e77554299029c4b5f36,"['C', 'F']","['A', 'C']",False,"['D', 'E']","CITED: C,D\nANSWER: Martin Heidegger was born first. He was born on September 26, 1889, while Lydia Davis was born on July 15, 1947. (Fact C states Heidegger's birth and death years, and Fact D provides his date of birth.)","CITED: A,B,C,D,E
ANSWER: Martin Heidegger was born first. He was born in 1889, while Lydia Davis was born in 1947.","CITED: A,B,C,D,E
ANSWER: Martin Heidegger was born first. He was born in 1889, while Lydia Davis was born in 1947.","CITED: C,D\nANSWER: Martin Heidegger was born first. He was born on September 26, 1889, while Lydia Davis was born on July 15, 1947. (Fact C states Heidegger's birth and death years, and Fact D provides his date of birth.)","Martin Heidegger was born on September 26, 1947, and Lydia Davis was born on July 15, 1947. The birth of Lydia Davis, born in 1947 and born first, Martin Heidegger or Lydia Davis was born first, the support for the question is supported by the information provided in the given facts.

Supporting evi",1,1,1,1,0,1,4,4,1,2
5a8906515542993b751ca8f0::active_set_pack_a,5a8906515542993b751ca8f0,"['B', 'D']","['A', 'C']",False,"['A', 'E']","CITED: B
ANSWER: No, Thums Up and Mott's are not based in the same country. Fact B states that Mott's is an American company, while Thums Up is an Indian brand as mentioned in Fact D.","CITED: A,B
ANSWER: No, Thums Up and Mott's are not based in the same country. Fact A states that Mott's was founded in Bouckville, New York, which is in the United States. Fact B mentions that Mott's is an American company, further confirming its U.S. origin. Thums Up, on the other hand, is","CITED: B
ANSWER: No, Thums Up and Mott's are not based in the same country. Fact B states that Mott's is an American company, while Thums Up is an Indian brand as mentioned in Fact D.","CITED: B
ANSWER: No, Thums Up and Mott's are not based in the same country. Fact B states that Mott's is an American company, while Thums Up is an Indian brand as mentioned in Fact D.","The provided facts do not contain any information about where Mott's is based. There is no direct evidence to answer the question.

ANSWER: No, Thums Up and Mott's based in the same country.

Facts
A, B. [Mott's] The company was founded in 1842 by Samuel R. Mott in Bouckville, New York, who made",2,1,2,2,1,1,1,1,1,1
5adf6abe5542993344016c8c::active_set_pack_a,5adf6abe5542993344016c8c,"['B', 'F']","['B', 'F']",True,"['A', 'E']","CITED: F
ANSWER: The American actress who had her motion picture debut in the film Manfish is Barbara Nichols. She played roles in films during the 1950s and 1960s, often portraying brassy or comic characters.","CITED: A,B,C
ANSWER: The American actress who had her motion picture debut in the film Manfish plays a supporting role in the movie.","CITED: A,B,C
ANSWER: The American actress who had her motion picture debut in the film Manfish plays a supporting role in the movie.","CITED: F
ANSWER: The American actress who had her motion picture debut in the film Manfish is Barbara Nichols. She played roles in films during the 1950s and 1960s, often portraying brassy or comic characters.","The answer is: Barbara Nichols
The relevant facts are:
F. [Manfish] The film also featured the motion picture debut of Barbara Nichols.

Answer: The American actress who had her motion picture debut in the motion picture Manfish is Barbara Nichols.

Cited: A, B, D, E, F

Answer
The American actress ",1,1,1,1,2,1,2,2,1,3
5ab51c455542990594ba9d0a::active_set_pack_a,5ab51c455542990594ba9d0a,"['A', 'E']","['A', 'D']",False,"['D', 'F']","CITED: A,F
ANSWER: Fir genus (Abies) has more species than Chelone genus. Fact A states that Firs (Abies) are a genus of 48–56 species, while Fact F mentions that Cunninghamia (Chelone's genus) has one or two living species.","CITED: A,F
ANSWER: Fir has more species than Chelone. Fact A states that there are 56 species of Fir, while Fact F mentions that there is only one or two living species of Chelone.","CITED: A,F
ANSWER: Fir has more species than Chelone. Fact A states that there are 56 species of Fir, while Fact F mentions that Chelone has only one or two living species.","CITED: A,F
ANSWER: Fir has more species than Chelone. Fact A states that Firs (Abies) have 48–56 species, while Fact F mentions that Chelone has only four species.","Fact A supports this answer. The genus with more species is Fir, which has 48–56 species of evergreen coniferous trees.

Cited: A
ANSWER: Fir trees have more species, with 48–56 species of evergreen coniferous trees.

ANSWER: Fir or Chelone

Which genus has more species, Fir or Chelone?

Cited",1,1,1,1,1,1,1,1,1,0
5ae12f915542997b2ef7d11f::active_set_pack_a,5ae12f915542997b2ef7d11f,"['C', 'E']","['A', 'E']",False,"['D', 'F']","CITED: C,D
ANSWER: Yes, John Kassir and Tom Kenny both voice the character Scooter (talking baseball). Fact C states that the Ice King character is voiced by Tom Kenny, while Fact D mentions that Scooter is voiced by Tom Kenny. Fact E, however, contradicts this, stating that the Ice King character i","CITED: C,D
ANSWER: No, John Kassir and Tom Kenny do not both voice the same character. Fact C mentions that Tom Kenny voices the character Ice King, while Fact D states that Scooter, an animated character used by Fox Sports, is voiced by Tom Kenny. There is no mention of John Kassir voicing any char","CITED: C,D

ANSWER: No, John Kassir and Tom Kenny do not both voice the same character. Fact C states that the Ice King character is voiced by Tom Kenny, while Fact D mentions that Scooter, an animated character used by Fox Sports, is voiced by Tom Kenny. Fact E and F are not relevant to the questio","CITED: C,D
ANSWER: Yes, John Kassir and Tom Kenny both voice the character Scooter (talking baseball) at different times. Fact C states that the Ice King character is voiced by Tom Kenny, while Fact D mentions that Scooter is voiced by Tom Kenny as well.","CITED: C, CITED: C and D

ANSWER: Yes, John Kassir and Tom Kenny have both voiced the character Ice King, with Tom Kenny also voiced Scooter, the talking baseball character.",2,1,2,1,1,2,2,3,2,1
5adbdb8955429944faac2389::active_set_pack_a,5adbdb8955429944faac2389,"['D', 'F']","['D', 'F']",True,"['C', 'E']","CITED: D,F
ANSWER: The high-performance aftermarket tuning company Brabus specializes in Mercedes-Benz, Smart, Tesla and Maybach vehicles. Smart is a German automotive marque and division of Daimler AG.","CITED: B
ANSWER: The German automotive marque that the high-performance aftermarket tuning company Brabus specializes in is Smart.","CITED: B
ANSWER: The German automotive marque that the high-performance aftermarket tuning company Brabus specializes in is Smart.","CITED: B,D
ANSWER: The high-performance aftermarket tuning company Brabus specializes in vehicles from the German automotive marque Smart.","The high-performance aftermarket tuning company Brabus specializes in Mercedes-Benz, Smart, Tesla and Maybach vehicles. The fact that Brabus specializes in Mercedes-Benz, Tesla, and Maybach vehicles.
The high-performance aftermarket tuning company Brabus specializes in Mercedes-Benz, Tesla and Mayba",2,0,0,1,1,1,2,2,2,0
5a74a7bf55429929fddd8494::active_set_pack_a,5a74a7bf55429929fddd8494,"['D', 'F']","['E', 'F']",False,"['B', 'C']","CITED: F
ANSWER: Deadpool 2 is the 20th Century Fox film that cast Zazie Beetz as Domino.","CITED: A
ANSWER: Deadpool 2 is the 20th Century Fox film that cast Zazie Beetz as Domino.","CITED: A
ANSWER: Zazie Beetz was cast as Domino in the 20th Century Fox film Deadpool 2, which is intended to be the twelfth installment in the ""X-Men"" film series.","CITED: F
ANSWER: Deadpool 2 is the 20th Century Fox film that cast Zazie Beetz as Domino.","CITED: F
ANSWER: Deadpool 2 is the 20th Century Fox film that cast Zazie Beetz as Domino.",1,0,0,1,1,1,1,1,1,1
5a89a59555429946c8d6e97e::active_set_pack_a,5a89a59555429946c8d6e97e,"['A', 'B']","['C', 'F']",False,"['D', 'F']","CITED: A, D
ANSWER: No, both Juniper and Indigofera do not belong to the cypress family Cupressaceae. Juniper is a coniferous plant in the genus Juniperus of the cypress family Cupressaceae (Fact A), while Indigofera is a genus of flowering plants belonging to the family Fabaceae (Fact B). These","CITED: A,B
ANSWER: No, both Juniper and Indigofera do not belong to the cypress family Cupressaceae. Fact A states that Juniper belongs to the cypress family Cupressaceae, while Fact B indicates that Indigofera is a different plant genus that does not have any connection to the cypress family.","CITED: A, D
ANSWER: No, both Juniper and Indigofera do not belong to the cypress family Cupressaceae. Fact A states that Junipers are coniferous plants in the genus Juniperus of the cypress family Cupressaceae, while Fact B indicates that Indigofera is a genus of flowering plants belonging to the fa","CITED: A,D
ANSWER: No, both Juniper and Indigofera do not belong to the cypress family Cupressaceae. Fact A states that Junipers are coniferous plants in the genus Juniperus of the cypress family Cupressaceae. However, Fact B indicates that Indigofera is a genus of flowering plants belonging to the ","Cited: A, A, C, D, B, C

ANSWER: No, both Juniper and Indigofera do not belong to the cypress family Cupressaceae.

The evidence shows that Juniper is a coniferous plant in the genus Juniperus of the cypress family Cupressaceae. The number of species of juniper varies, but the fact that",2,2,2,2,2,1,0,1,1,2
5abe37295542993f32c2a090::active_set_pack_a,5abe37295542993f32c2a090,"['A', 'D']","['D', 'E']",False,"['B', 'F']","CITED: A,D
ANSWER: Javier Sotomayor Sanabria is the current world record holder in high jump and uncle of Lorenzo Sotomayor Collazo.","CITED: A,D
ANSWER: The current world record holder in high jump and uncle of Lorenzo Sotomayor Collazo is Javier Sotomayor.","CITED: A,D
ANSWER: Javier Sotomayor is the current world record holder in high jump and uncle of Lorenzo Sotomayor Collazo.","CITED: A,D
ANSWER: Javier Sotomayor Sanabria is the current world record holder in high jump and uncle of Lorenzo Sotomayor Collazo.","The current world record holder in high jump and uncle of Lorenzo Sotomayor Collazo is Javier Sotomayor.

Relevant facts:
D. Lorenzo Sotomayor Collazo is a nephew of the high jumper Javier Sotomayor.
A. Javier Sotomayor Sanabria is a Cuban former track and field athlete who specialized in the high j",2,2,2,2,0,0,0,0,0,0
5adf54605542993a75d264c6::active_set_pack_a,5adf54605542993a75d264c6,"['A', 'F']","['A', 'B']",False,"['C', 'D']","CITED: A,D
ANSWER: Alex Cox is the film director from Great Britain. Miloš Forman is from Czechoslovakia (now the Czech Republic). Fact A states that Alex Cox was born in Bebington, Cheshire, England, while Fact F mentions that Miloš Forman was born in Czechoslovakia.","CITED: A,D
ANSWER: Alex Cox is from Great Britain. Fact A states that Alex Cox is a British film director, while Fact D mentions that he is from the UK. Miloš Forman, on the other hand, is not from Great Britain, as he is Czech.","CITED: A,D
ANSWER: Alex Cox is the film director from Great Britain. Miloš Forman is from Czechoslovakia (now the Czech Republic). Fact A states that Alex Cox is British, while Fact D mentions that he directed films like ""Repo Man"" and ""Sid and Nancy"" before shifting to independent films. Fact F, on","CITED: A
ANSWER: Alex Cox is from Great Britain. He was born in Bebington, Cheshire, and is a British film director, screenwriter, nonfiction author, broadcaster and sometime actor. Miloš Forman, on the other hand, is from the Czech Republic, as he was born there and lived and worked there until 196","The film director from Great Britain is Alex Cox, who is a British film director, screenwriter, nonfiction author, broadcaster and sometime actor. Alex Cox is a British film director, screenwriter, nonfiction author, broadcaster and sometime actor, notable for his idiosyncratic style and approach to",2,1,2,1,0,1,1,1,0,0
5a7792435542995d831811e4::active_set_pack_a,5a7792435542995d831811e4,"['B', 'F']","['E', 'F']",False,"['A', 'C']","CITED: B,F\nANSWER: Hurricane Ivan caused the Swannanoa River to flood. Fact B states that massive rains from the remnants of Hurricane Frances and Hurricane Ivan caused the Swannanoa River to flood in September 2004, leading to major damage. Fact F indicates that Hurricane Ivan reached Category 5 s","CITED: B,E
ANSWER: Hurricane Ivan caused the Swannanoa River to flood. Fact B states that the massive rains from Hurricane Felix and another unnamed hurricane caused flooding in the Swannanoa River, while Fact E identifies Hurricane Ivan as one of the hurricanes that caused widespread damage, implyi","CITED: B
ANSWER: The Swannanoa River flooded in September 2004 due to massive rains from the remnants of Hurricane Frances and Hurricane Ivan. This caused major damage to the Biltmore Village section of Asheville and the communities through which the river flows.","CITED: B,F\nANSWER: Hurricane Ivan caused the Swannanoa River to flood. Fact B states that massive rains from the remnants of Hurricane Frances and Hurricane Ivan caused the Swannanoa River to flood in September 2004, leading to major damage. Fact F indicates that Hurricane Ivan reached Category 5 s","The facts that support this answer is Hurricane Ivan. The relevant facts are:
B. In September 2004, massive rains from the remnants of Hurricane Frances and Hurricane Ivan caused the Swannanoa to flood, causing major damage to the Biltmore Village section of Asheville, and to the other communities t",2,1,1,2,0,0,2,1,0,0
5a8a481a55429930ff3c0d5a::active_set_pack_a,5a8a481a55429930ff3c0d5a,"['D', 'F']","['B', 'C']",False,"['C', 'E']","CITED: D,F
ANSWER: Navarone Garibaldi is the half-brother of Lisa Marie Presley, who has been married four times.","CITED: A,B,C,D,E,F
ANSWER: Navarone Garibaldi is the half-brother of Lisa Marie Presley, who has been married four times.","CITED: D,F
ANSWER: Navarone Garibaldi is the half-brother of Lisa Marie Presley, who has been married four times.","CITED: D,F
ANSWER: Navarone Garibaldi is the half-brother of Lisa Marie Presley, who has been married four times.","To determine the number of times Lisa Marie Presley has been married, we can look at the provided facts. Fact F directly states that ""Presley has been married four times"". 

Therefore, the answer is:
Lisa Marie Presley has been married four times.

Cited: F",2,2,2,2,1,1,4,1,1,0
5ac269a455429951e9e685aa::active_set_pack_a,5ac269a455429951e9e685aa,"['B', 'C']","['B', 'C']",True,"['D', 'E']","CITED: B,C\nANSWER: Samuel Johnson moved to Newton Heath in January 1901. The original name of the football club was Newton Heath LYR Football Club, which later changed its name to Manchester United in 1902.","CITED: A,D,E,F
ANSWER: The original name of the football club Samuel Johnson moved to in 1901 was Coast Stars F.C. It is a Kenyan football club based in Mombasa, founded in 1998, and is a member of the top division in Kenyan football.","CITED: A,D,E,F
ANSWER: The original name of the football club Samuel Johnson moved to in 1901 was Coast Stars F.C. It is a Kenyan football club based in Mombasa, founded in 1998, and is a member of the top division in Kenyan football.","CITED: B,C\nANSWER: Samuel Johnson moved to Newton Heath in January 1901. The original name of the football club was Newton Heath LYR Football Club, which later changed its name to Manchester United in 1902.","The original name of the football club Samuel Johnson moved to in 1901 was Newton Heath LYR Football Club.

The evidence for this is that Samuel Johnson, the English footballer, moved to Newton Heath in January 1901. The club was founded as Newton Heath LYR Football Club in 1878.

ANSWER: Samuel Joh",2,0,0,2,0,0,4,4,0,0
5a7cd27e55429909bec76827::active_set_pack_a,5a7cd27e55429909bec76827,"['A', 'D']","['A', 'B']",False,"['B', 'F']","CITED: A,D
ANSWER: Both the Drever and Finnish Hound are dog breeds that were originally bred for hunting purposes. The Drever, a short-legged scenthound from Sweden, was used for hunting deer and other game (Fact A), while the Finnish Hound, also known as the Finnish Bracke, was bred for hunting ha","CITED: A,B,D
ANSWER: The Drever and Finnish Hound are both bred for hunting purposes. Fact A states that the Drever is used for hunting, while Fact D mentions that the Finnish Hound is used for hunting as well.","CITED: A,D\nANSWER: Both the Drever and Finnish Hound are dog breeds that were originally bred for hunting purposes. The Drever is used for hunting deer and other game, while the Finnish Hound was bred for hunting hare and fox.","CITED: A,D
ANSWER: Both the Drever and Finnish Hound are dog breeds that were originally bred for hunting purposes. The Drever, a short-legged scenthound from Sweden, was used for hunting deer and other game (Fact A), while the Finnish Hound, also known as the Finnish Bracke, was bred for hunting ha","The Drever and Finnish Hound are two dog breeds that are bred for hunting purposes. The Drever is a short-legged scenthound used for hunting deer and other game. The Finnish Hound was originally bred for hunting hare and fox. The Drever is also descended from the Westphalian Dachsbracke, a type of G",2,2,2,2,0,0,1,0,0,0
5adbf5e255429947ff17386c::active_set_pack_a,5adbf5e255429947ff17386c,"['C', 'E']","['A', 'C']",False,"['A', 'F']","CITED: C,E\nANSWER: In the 1990's, Ford Motor Land Development and Petrie Dierman Kughn built one of the three mills landmarks in California, the Great Mall of the Bay Area, which is now owned by Simon Property Group.","CITED: B
ANSWER: In the 1990s, one of the three Mills landmarks in California, the Great Mall of the Bay Area, was built by an unknown entity. Fact B states that the Great Mall of the Bay Area was acquired by Mills Corporation in 2003, but does not mention who built it.","CITED: E

ANSWER: In the 1990's, Simon Property Group built one of the three mills landmarks in California, as they acquired the Great Mall of the Bay Area from Mills Corporation in April 2007.","CITED: C,E

ANSWER: In the 1990's, Ford Motor Land Development and Petrie Dierman Kughn built one of the three mills landmarks in California, the Great Mall of the Bay Area, which is now owned by Simon Property Group.","The Great Mall of the Bay Area is one of the three Mills landmarks in California. The question asks who built one of the three Mills landmarks in the 1990s. The relevant facts are:

Cited: A, C, D, F

The Great Mall of the Bay Area is a large indoor outlet shopping mall in Milpitas, California. Buil",2,0,1,2,1,0,2,1,1,3
5a764341554299109176e6e9::active_set_pack_a,5a764341554299109176e6e9,"['A', 'F']","['D', 'F']",False,"['D', 'E']","CITED: A,E,F
ANSWER: Girard city is located in Crawford County, Kansas, which had a population of 39,134 as of the 2010 census.","CITED: A,E
ANSWER: Girard city is located in Crawford County, Kansas, which has a population of approximately 46,000 inhabitants.","CITED: A,E
ANSWER: Girard city is located in Crawford County, Kansas, which had a population of 39,134 as of the 2010 census.","CITED: A
ANSWER: Girard city is located in Crawford County, Kansas, which had a population of 39,134 as of the 2010 census.","CITED: A, F

ANSWER: Girard city is located in Crawford County, Kansas, which had a population of 39,134 as of the 2010 census.",2,1,1,1,2,1,1,1,0,0
5a7ded525542990b8f503af2::active_set_pack_a,5a7ded525542990b8f503af2,"['C', 'E']","['A', 'D']",False,"['A', 'B']","CITED: C,E
ANSWER: The series ""Anne of Green Gables"" by Lucy Maud Montgomery, which recounts the adventures of Anne Shirley, was published between 1908 and 1917. The books were published by Scholastic Press, a subsidiary of the Scholastic Corporation.","CITED: D,E
ANSWER: The series recounting the adventures of Anne Shirley, published by Scholastic Press, was published between 2001 and 2004.","CITED: C,E
ANSWER: The series recounting the adventures of Anne Shirley, based on the novel ""Anne of Green Gables"" by Lucy Maud Montgomery, was published by Scholastic Press. The first book in the series was published in 1908.","CITED: C,E
ANSWER: The series ""Anne of Green Gables"" by Lucy Maud Montgomery, which recounts the adventures of Anne Shirley, was published between 1908 and 1917. The books were published by Scholastic Press, a subsidiary of the Scholastic Corporation.","The series that recounts the adventures of Anne Shirley, based on the novel ""Anne of Green Gables"" by Lucy Maud Montgomery, was the Anne of Green Gables series by Lucy Maud Montgomery. The relevant labels are:
C. [Anne of Green Gables] Anne of Green Gables is a 1908 novel by Canadian author Lucy Mau",2,1,2,2,0,1,2,1,1,0
5ae3aebf5542992f92d8233d::active_set_pack_a,5ae3aebf5542992f92d8233d,"['A', 'D']","['A', 'D']",True,"['C', 'E']","CITED: A,D
ANSWER: The 1932 German football championship Final was played at the Städtisches Stadion in Nuremberg, which opened in 1928.","CITED: A
ANSWER: The 1932 German football championship Final was played at a stadium that opened in 1928.","CITED: A
ANSWER: The 1932 German football championship Final was played at a stadium that opened in 1928.","CITED: A,D
ANSWER: The 1932 German football championship Final was played at the Städtisches Stadion in Nuremberg, which opened in 1928.","CITED: A, D
ANSWER: The 1932 German football championship Final was played at the Städtisches Stadion in Nuremberg, which opened in 1928.

Cited as per the question
ANSWER: The 1932 German football championship Final was played at a stadium that opened in 1928.

Cited as per the question
ANSWER",2,1,1,2,2,0,0,0,0,0
5a7e15255542997cc2c4751d::active_set_pack_a,5a7e15255542997cc2c4751d,"['B', 'E']","['B', 'F']",False,"['D', 'F']","CITED: B,E\nANSWER: Matka gambling, or satta, is a form of lottery which originally involved betting on the opening and closing rates of cotton transmitted from the New York Cotton Exchange.","CITED: F,E
ANSWER: The title character in the 1975 Hindi thriller movie Dharmatama was based on matka king Ratan Khatri, and matka gambling or satta is a form of lottery originally involving betting on the opening and closing rates of cotton transmitted from India.","CITED: E
ANSWER: Matka gambling, or satta, originally involved betting on the opening and closing rates of cotton transmitted from the New York Cotton Exchange.","CITED: B,E
ANSWER: The title character of Dharmatama was based on matka king Ratan Khatri, and matka gambling or satta is a form of lottery which originally involved betting on the opening and closing rates of cotton transmitted from the New York Cotton Exchange.","CITED: B, E

ANSWER: Matka"" gambling or satta"" is a form of lottery which originally involved betting on the opening and cite the facts
://www.imdb.com/movie/1395
Cited: A, B, D
ANSWER: The title character in the 1975 Hindi thriller movie Dharmatma was based on matka,",2,1,1,2,2,0,2,1,1,1
5a8a07475542992e4fca84dc::active_set_pack_a,5a8a07475542992e4fca84dc,"['C', 'E']","['A', 'C']",False,"['B', 'D']","CITED: C,D,F\nANSWER: John Frankenheimer and Tiffanie DeBartolo both worked as film directors. Fact C states John Frankenheimer was an American film and television director. Fact D indicates he directed ""The Manchurian Candidate"" (1962 film). Fact F lists several films directed by Frankenheimer. Tif","CITED: D,F\nANSWER: John Frankenheimer and Tiffanie DeBartolo both worked in the film industry. John Frankenheimer was a director known for films like ""The Manchurian Candidate"" (1962) and ""Birdman of Alcatraz"" (1962). Tiffanie DeBartolo was an actress and director, known for her role in","CITED: D,F\nANSWER: John Frankenheimer and Tiffanie DeBartolo both directed films. Fact D states that John Frankenheimer directed ""The Manchurian Candidate"" (1962), and Fact F lists several films he directed throughout his career. Fact E mentions that Tiffanie DeBartolo wrote and directed the film ""","CITED: C,F\nANSWER: John Frankenheimer and Tiffanie DeBartolo both worked as film directors. Fact C states that John Frankenheimer was an American film and television director, while Fact F lists several films directed by him. Fact E mentions that Tiffanie DeBartolo wrote and directed the film ""Drea","The occupation shared by both John Frankenheimer and Tiffanie DeBartolo is ""film director"". John Frankenheimer directed films such as ""The Manchurian Candidate"" and ""The Manchurian Candidate is a 1962 American black and white neo-noir Cold War suspense thriller film directed by John Michael Frankenh",1,0,1,2,0,2,2,2,1,0
5a7fea955542994857a7684a::active_set_pack_a,5a7fea955542994857a7684a,"['B', 'F']","['A', 'B']",False,"['C', 'D']","CITED: B,F
ANSWER: The population of the largest city in Iraq, where the 1956–57 Iraq FA Cup Championship was open to teams from the capital, is approximately 8,765,000. This city is Baghdad.","CITED: A,B
ANSWER: The largest city in Iraq is Baghdad, and the 1956–57 Iraq FA Cup Championship, which was open to teams from the capital, was held during the 2nd season of what is now known as the League of the Institutes.","CITED: A,F
ANSWER: The largest city in Iraq is Baghdad, and the 1956–57 Iraq FA Cup Championship, which was open to teams from the capital, took place during that time.","CITED: B,F
ANSWER: The population of the largest city in Iraq, where the 1956–57 Iraq FA Cup Championship was open to teams from the capital, is approximately 8,765,000. This city is Baghdad.","The population of Baghdad, the largest city in Iraq, is approximately 8,765,000. The 1956–57 Iraq FA Cup Championship was the 2nd season of what is now known as the League of the Institutes, the top division of Iraqi football from 1948 to 1974. The text says that the 1956–57 Iraq FA Cup Championship",2,1,1,2,0,1,1,1,1,0
5ab98b2d554299131ca4236e::active_set_pack_a,5ab98b2d554299131ca4236e,"['A', 'C']","['A', 'B']",False,"['B', 'E']","CITED: A,C
ANSWER: The Sulphur Bank Mine in California became one of the most noted mercury producers in the world from 1873 to 1883. Fact A states that the 150 acre Sulphur Bank Mine became one of the most noted mercury producers in the world, and Fact C mentions that during the first quicksilver o","CITED: A,C
ANSWER: The Sulphur Bank Mine in California became one of the most noted mercury producers in the world from 1873 to 1883. Fact A states that the mine is known for producing mercury, while Fact C mentions that the Lower Lake Stone Jail was built during this time period, suggesting the min","CITED: A,C
ANSWER: The Sulphur Bank Mine in California became one of the most noted mercury producers in the world from 1873 to 1883. Fact A states that the Sulphur Bank Mine is the mine in question, and Fact C provides the time frame of its quicksilver operations.","CITED: A,C
ANSWER: The Sulphur Bank Mine in California became one of the most noted mercury producers in the world from 1873 to 1883. Fact A states that the 150 acre Sulphur Bank Mine became one of the most noted mercury producers in the world, and Fact C mentions that during the first quicksilver o","Cited: A, C
ANSWER: The Sulphur Bank Mine in California became one of the most noted mercury producers in the world. The Sulphur Bank Mine is a 150-acre mine that became one of the first quicksilver operations of the Sulphur Bank Mine, lasting from 1873 to 1883. The rapid town growth and the urgent ",2,2,2,2,2,0,0,0,0,0
5ae717ec5542995703ce8bd0::active_set_pack_a,5ae717ec5542995703ce8bd0,"['C', 'F']","['D', 'F']",False,"['D', 'E']","CITED: F
ANSWER: The mother of Edward Stafford, 4th Baron Stafford, was Mary Stanley. She was the daughter of the English nobleman and politician Edward Stanley, 3rd Earl of Derby.","CITED: D,E,F
ANSWER: The mother of Edward Stafford, 4th Baron Stafford, was Mary Stanley. She was the daughter of the English nobleman and politician Edward Stanley, 3rd Earl of Derby.","CITED: D,E,F
ANSWER: The mother of Edward Stafford, 4th Baron Stafford, was Mary Stanley. She was the daughter of Edward Stanley, 3rd Earl of Derby.","CITED: F
ANSWER: The mother of Edward Stafford, 4th Baron Stafford, was Mary Stanley. She was the daughter of the English nobleman and politician Edward Stanley, 3rd Earl of Derby.","Edward Stafford, 3rd Baron Stafford and Mary Stanley, daughter of Edward Stanley, 3rd Earl of Derby and Dorothy Howard.

The information about Edward Stafford, 4th Baron Stafford's mother is stated in fact F. The information about the daughter of Edward Stanley, 3rd Earl of Derby and Dorothy Howard,",1,1,1,1,1,1,3,3,1,0
5a7b5e55554299042af8f755::active_set_pack_a,5a7b5e55554299042af8f755,"['C', 'E']","['B', 'E']",False,"['A', 'D']","CITED: C,D\nANSWER: Lorraine Hansberry was born first. Lorraine Hansberry was born on May 19, 1930 (Fact C), while Sandra Gulland was born on November 3, 1944 (Fact E).","CITED: A,D
ANSWER: Lorraine Hansberry was born first. Lorraine Hansberry Hall, a residence hall at Lincoln University named for author and playwright Lorraine Hansberry, was built in 1973 (Fact D). In contrast, Sandra Gulland is noted to have been born in 1953 (though this is not explicitly stated i","CITED: C,D\nANSWER: Lorraine Hansberry was born first. Lorraine Hansberry was born on May 19, 1930 (Fact C), while Sandra Gulland was born on an unspecified date after 1973, the year Lorraine Hansberry Hall at Lincoln University was built (Fact D).","CITED: A,C,D
ANSWER: Lorraine Hansberry was born first. Lorraine Hansberry was born on May 19, 1930 (Fact C), while Sandra Gulland was born on November 3, 1944 (Fact E).","CITED: C, CITED: C\nANSWER: Lorraine Hansberry was born on May 19, 1930. Lorraine Hansberry Hall, a residence hall at Lincoln University, is named for author and playwright Lorraine Hansberry.

Cited as per the birth and death dates of Lorraine Hansberry who was born in 1930. Lorraine Hansberry was ",2,0,1,2,1,1,2,1,2,0
5a7b96cf554299042af8f789::active_set_pack_a,5a7b96cf554299042af8f789,"['E', 'F']","['E', 'F']",True,"['A', 'B']","CITED: F
ANSWER: The Kaurna name of the river that runs along Mount Torrens in South Australia is Ngangkiparri.","CITED: A,F
ANSWER: The Kaurna name of the river that runs along Mount Torrens in South Australia is ""Onkaparinga"". This is supported by Fact A, which states that Charleston is very close to the source of the River Onkaparinga, and Fact F, which mentions that the river is known as ""Onkaparinga"" in En","CITED: A,F
ANSWER: The Kaurna name of the river that runs along Mount Torrens in South Australia is ""Onkaparinga"". This is supported by Fact A, which states that Charleston is very close to the source of the River Onkaparinga, and Fact F, which mentions that the river is known as ""Onkaparinga"" in En","CITED: F
ANSWER: The Kaurna name of the river that runs along Mount Torrens in South Australia is Ngangkiparri.","The Kaurna name of the Onkaparinga River, which runs along Mount Torrens in South Australia, is Ngangkiparri. The relevant facts are:
- Fact A, B, C, and F.

ANSWER: The Kaurna name of the Onkaparinga River, known as Ngangkiparri, is the Kaurna name of the river that",1,1,1,1,0,1,1,1,1,2
5adca6c05542994d58a2f696::active_set_pack_a,5adca6c05542994d58a2f696,"['A', 'D']","['A', 'D']",True,"['E', 'F']","CITED: D,F\nANSWER: The ""L"" in Samuel L. Jackson's name stands for Leroy. This can be inferred from Fact D which mentions the cast of the film ""Patriot Games"" and includes Samuel L. Jackson, and Fact F which provides his full name, Samuel Leroy Jackson.","CITED: F\nANSWER: The ""L"" in Samuel L. Jackson's name stands for Leroy. This information is found in Fact F, which provides a brief biography of Samuel L. Jackson.","CITED: F\nANSWER: The ""L"" in Samuel L. Jackson's name stands for Leroy. This information is found in Fact F, which provides a brief biography of Samuel L. Jackson.","CITED: D
ANSWER: The ""L"" in Samuel L. Jackson's name stands for Leroy. This information is found in Fact D, which mentions the cast of the film Patriot Games and includes Samuel L. Jackson.","CITING: D, F\nANSWER: The ""L"" in Samuel L. Jackson's name stands for Leroy. This is evident from Fact D which lists his full name as ""Samuel Leroy Jackson"" and Fact F which also mentions his full name in the context of his collaborations with director Quentin Tarantino.",1,0,0,2,1,1,1,1,0,1
5ab2a4165542992953946786::active_set_pack_a,5ab2a4165542992953946786,"['A', 'F']","['C', 'F']",False,"['B', 'D']","CITED: A
ANSWER: Fact A states that Nick Murphy is best known for directing the films ""The Awakening"" (2011) (also writer) and ""Blood"" (2012). This indicates that Nick Murphy co-wrote ""The Awakening"" and directed ""Blood"". Therefore, the movie ""Blood"" was co-written by Nick Murphy.","CITED: A
ANSWER: Fact A states that the person Nick Murphy directed the film ""The Awakening"", which also mentions that it was co-written by him. Therefore, Nick Murphy co-wrote the movie ""The Awakening"".","CITED: A
ANSWER: Fact A states that Nick Murphy is best known for directing the films ""The Awakening"" (2011) and ""Blood"" (2012), and also wrote ""The Awakening"". Therefore, Nick Murphy co-wrote ""Blood"".","CITED: A
ANSWER: Fact A states that Nick Murphy is best known for directing the films ""The Awakening"" (2011) (also writer) and ""Blood"" (2012). This indicates that Nick Murphy co-wrote ""The Awakening"" and directed ""Blood"". Therefore, the movie ""Blood"" was co-written by the person who directed it, Nic","The movie co-written by the person who directed ""Blood"" is ""The Awakening"" (2011).

Relevant facts:
A. Nick Murphy directed ""The Awakening"" (2011) and co-wrote it.
B. Nick Murphy directed ""Blood"" (2012).

ANSWER: Nick Murphy, who directed ""Blood"" (2012), also co-wrote ""The Awakening"" (",1,1,1,1,0,0,0,0,0,0
5ae092fe554299603e418427::active_set_pack_a,5ae092fe554299603e418427,"['E', 'F']","['E', 'F']",True,"['C', 'D']","CITED: F,E\nANSWER: Yes, both Kelly Jones and Martha Reeves are singers. Fact F states Kelly Jones is a singer-songwriter, guitarist and lead singer of the band Stereophonics. Fact E states Martha Reeves is an R&B and pop singer and lead singer of Martha Reeves and the Vandellas.","CITED: A,D,E
ANSWER: Yes, both Kelly Jones and Martha Reeves are singers. Fact A states Martha and the Vandellas recorded singles for Motown's Gordy imprint, Fact D mentions Martha and the Vandellas were an American vocal group, and Fact E specifies Martha Reeves is a singer.","CITED: A,D,E
ANSWER: Yes, both Kelly Jones and Martha Reeves are singers. Fact A states Martha and the Vandellas recorded singles for Motown's Gordy imprint, Fact D mentions Martha and the Vandellas were an American vocal group, and Fact E specifies Martha Reeves is a singer.","CITED: F,E\nANSWER: Yes, both Kelly Jones and Martha Reeves are singers. Fact F states Kelly Jones is a singer-songwriter, guitarist and lead singer of the band Stereophonics. Fact E states Martha Reeves is an R&B and pop singer and the lead singer of Martha Reeves and the Vandellas.","The answer is yes, both Kelly Jones and Martha Reeves are singers. The evidence supporting this is the fact that Kelly Jones is the lead singer of the band Stereophonics and Martha Reeves is the lead singer of Martha Reeves and the Vandellas. The relevant facts are:
- Fact C. [Martha and the Vandell",2,1,1,2,0,0,2,2,0,1
5ac16fca5542994ab5c67d32::active_set_pack_a,5ac16fca5542994ab5c67d32,"['A', 'D']","['A', 'D']",True,"['C', 'E']","CITED: A
ANSWER: The oldest of the Van Dyke family is Dick Van Dyke, as stated in Fact A.","CITED: A
ANSWER: The oldest of the Van Dyke family is Jerry Van Dyke, as stated in Fact A.","CITED: A
ANSWER: The oldest of the Van Dyke family is Jerry Van Dyke, as stated in Fact A.","CITED: A
ANSWER: The oldest of the Van Dyke family is Dick Van Dyke, as stated in Fact A.","The oldest of the Van Dyke family is Dick Van Dyke. The evidence is as follows:

Fact A states that Jerry Van Dyke is the younger brother of Dick Van Dyke, making him the younger sibling. Fact D mentions that Kelly Jean Van Dyke was the daughter of Jerry Van Dyke, which means Dick Van Dyke is an unc",1,1,1,1,2,0,0,0,0,0
5ab29b23554299706120966c::active_set_pack_a,5ab29b23554299706120966c,"['E', 'F']","['B', 'F']",False,"['A', 'C']","CITED: E,F\nANSWER: Choi Min-sik starred alongside Scarlett Johansson in ""Lucy"", a film written and directed by Luc Besson.","CITED: E,F
ANSWER: Choi Min-sik starred alongside Scarlett Johansson in the film Lucy, which was written and directed by Luc Besson.","CITED: E,F
ANSWER: Choi Min-sik starred alongside Scarlett Johansson in ""Lucy"", a film written and directed by Luc Besson.","CITED: E,F\nANSWER: Choi Min-sik starred alongside Scarlett Johansson in ""Lucy"", a film written and directed by Luc Besson.","The supporting facts are labels F and E. The answer is:
Lucy is a 2014 English-language French science fiction action film written and directed by Luc Besson. Choi Min-sik, a South Korean actor, starred alongside Scarlett Johansson in this film.

ANSWER: Choi Min-sik, a South Korean actor, starred a",2,2,2,2,2,0,1,1,0,0
5a8019cb5542992bc0c4a6a6::active_set_pack_a,5a8019cb5542992bc0c4a6a6,"['B', 'F']","['A', 'F']",False,"['D', 'E']","CITED: F,B\nANSWER: Snow White is a Disney media franchise based on a German fairy tale by the Brothers Grimm.","CITED: A,D,F
ANSWER: Snow White is a Disney media franchise based on a German fairy tale by the Brothers Grimm.","CITED: B
ANSWER: Snow White is based on a German fairy tale by the Brothers Grimm.","CITED: F,B\nANSWER: Snow White is a Disney media franchise based on a German fairy tale by the Brothers Grimm.","C: Snow White and the Seven Dwarfs (1937 film) is based on the German fairy tale by the Brothers Grimm.

D: Snow White: A Tale of Terror is a 1997 American dark fantasy horror television film based on the fairy tale ""Snow White"".

F: Snow White is a Disney media franchise that began in 1937 with the",2,1,1,2,0,0,2,1,0,0
5a81f60e55429903bc27ba09::active_set_pack_a,5a81f60e55429903bc27ba09,"['D', 'E']","['A', 'C']",False,"['C', 'F']","CITED: D,E

ANSWER: The private liberal arts college known for its distinctive curriculum centered on reading and discussing the Great Books of Western Civilization, St. John's College, has a connection to EnVISIONing Annapolis through its involvement as one of the important contributors and co-spon","CITED: C,D

ANSWER: The private liberal arts college known for its distinctive curriculum centered on reading and discussing the Great Books of Western Civilization, St. John's College (Annapolis/Santa Fe), has a connection to EnVISIONing Annapolis. Fact C states that St. John's College has a campus","CITED: D,E

ANSWER: The private liberal arts college known for its distinctive curriculum centered on reading and discussing the Great Books of Western Civilization, St. John's College, has a connection to EnVISIONing Annapolis through its involvement as one of the important contributors and co-spon","CITED: D,E

ANSWER: The private liberal arts college known for its distinctive curriculum centered on reading and discussing the Great Books of Western Civilization, St. John's College, has a connection to EnVISIONing Annapolis through its involvement as one of the important contributors and co-spon","CITED: D, E, and E\n\nANSWER: The private liberal arts college known for its distinctive curriculum centered on reading and discussing the Great Books of Western Civilization, St. John's College, is an important contributor and co-sponsor of EnVISIONing Annapolis. This connection to EnVISIONing Anna",2,1,2,2,2,1,2,1,1,1
5a734c425542994cef4bc514::active_set_pack_a,5a734c425542994cef4bc514,"['B', 'F']","['E', 'F']",False,"['C', 'D']","CITED: F, B\nANSWER: The Prancing Horse symbol was used by Francesco Baracca, Italy's top fighter ace of World War I.","CITED: A,E,F
ANSWER: The Prancing Horse logo was used by Count Francesco Baracca, a top Italian fighter ace.","CITED: B,D
ANSWER: Count Francesco Baracca was Italy's top fighter ace, credited with 34 aerial victories during World War I.","CITED: F, B\nANSWER: The Prancing Horse symbol was used by Francesco Baracca, Italy's top fighter ace of World War I.","CITED: A, F\nANSWER: The Prancing Horse logo originated from the symbol used by Count Francesco Baracca, Italy's top fighter ace of World War I. The Scuderia Ferrari Formula One team later adopted the ""Prancing Horse"" nickname, but the original symbol was originally used by Francesco Baracca during ",2,1,1,2,1,0,2,2,0,1
5a7724de5542993569682cf9::active_set_pack_a,5a7724de5542993569682cf9,"['C', 'E']","['A', 'C']",False,"['A', 'D']","CITED: B,C
ANSWER: Paul R. House attended the Southern Baptist Theological Seminary in Louisville, Kentucky, as evidenced by his earning his M.Div. there (Fact B) and the fact that SBTS is located in Louisville (Fact C).","CITED: B,C
ANSWER: Paul R. House attended Southern Baptist Theological Seminary in Louisville, Kentucky, as evidenced by his earning his M.Div. there (Fact B) and the fact that it is located in Louisville (Fact C).","CITED: B,C
ANSWER: Paul R. House attended Southern Baptist Theological Seminary in Louisville, Kentucky, as evidenced by his earning his M.Div. there (Fact B) and the fact that it is located in Louisville (Fact C).","CITED: B,C
ANSWER: Paul R. House attended the Southern Baptist Theological Seminary in Louisville, Kentucky, as evidenced by his earning his M.Div. there (Fact B) and the fact that SBTS is located in Louisville (Fact C).","The answer is: Southern Baptist Theological Seminary
The relevant facts are:
- B. He earned his M.A. from the University of Missouri, and his M.A. from the University of Missouri, and his M.A. from the University of Missouri
C. The Southern Baptist Theological Seminary (SBTS), in Louisville, Kentuck",1,1,1,1,0,2,2,2,2,0
5ae25ac85542996483e64983::active_set_pack_a,5ae25ac85542996483e64983,"['A', 'C']","['A', 'B']",False,"['B', 'F']","CITED: C,D,E\nANSWER: MindGamers is a 2015 Austrian science fiction film directed by Andrew Goth. The film stars Antonia Campbell-Hughes, a Northern Irish actress and former fashion designer, who is best known for appearing in Jack Dee's sitcom ""Lead Balloon"".","CITED: C,D,E\nANSWER: MindGamers is directed by an unnamed individual, but the film stars Antonia Campbell-Hughes and Rasmus Hardiker. Antonia Campbell-Hughes is a Northern Irish actress known for her role in ""Lead Balloon"", while Rasmus Hardiker also appeared in that same sitcom.","CITED: C,D,E\nANSWER: MindGamers is a 2015 Austrian science fiction film directed by Andrew Goth. The film stars Antonia Campbell-Hughes, a Northern Irish actress and former fashion designer, who is best known for appearing in Jack Dee's sitcom ""Lead Balloon"".","CITED: C,D,E\nANSWER: MindGamers is a 2015 Austrian science fiction film directed by Andrew Goth. The film stars Antonia Campbell-Hughes, a Northern Irish actress and former fashion designer, who is best known for appearing in Jack Dee's sitcom ""Lead Balloon"".","CITED: A, C, CITED

ANSWER: MindGamers is a 2015 Austrian science fiction film directed by Andrew Goth. Antonia Campbell-Hughes is a Northern Irish actress best known for appearing in Jack Dee's sitcom ""Lead Balloon"". 

Cited Facts:
- Fact A: Antonia Campbell-Hughes, born 1982
- Fact C:",1,1,1,1,2,2,2,2,2,0
5a747efc55429929fddd8455::active_set_pack_a,5a747efc55429929fddd8455,"['D', 'E']","['E', 'F']",False,"['B', 'F']","CITED: E
ANSWER: Jordan Mintz was not directly publicized as the Enron whistleblower. Fact E only states that he was the former Managing Director for Corporate Tax at Enron Corporation, but does not mention when he started whistleblowing.","CITED: E
ANSWER: Jordan Mintz was not directly publicized as the whistleblower. Fact E only states that he is the person who blew the whistle on Enron, but does not specify when this was publicized.","CITED: E
ANSWER: Jordan Mintz was not directly publicized as part of the Enron scandal. Fact E mentions him, but does not specify when his involvement was publicized.","CITED: E

ANSWER: Jordan Mintz was not directly publicized as the Enron whistleblower. Fact E only states that he was the former Managing Director for Corporate Tax at Enron Corporation, but does not mention when he blew the whistle or when he was publicized.","The question is asking about the publicized date of Jordan Mintz's whistleblowing. The fact that Enron Corporation was publicized in October 2001 is relevant. The publicized date of the Enron scandal, which Mintz was whistleblowing about, is the key to answering the question.

The fact that Jordan M",1,1,1,1,0,1,1,1,1,0
5ae7c7355542993210983f46::active_set_pack_a,5ae7c7355542993210983f46,"['A', 'F']","['A', 'E']",False,"['B', 'C']","CITED: A,F
ANSWER: Gordie Tapp played the onscreen husband of a variety show banjo player. Fact A states that Roni Stoneman played the role of Ida Lee Nagger, the ironing, nagging wife of Laverne Nagger (Gordie Tapp) on the television variety show ""Hee Haw."" Fact F provides Gordie T","CITED: A
ANSWER: The onscreen husband of the variety show banjo player was played by Gordie Tapp. Fact A states that Roni Stoneman, a member of the television show, played the role of a character named Ida Lee, who was married to another character named Laverne, played by Gordie Tapp.","CITED: A,F
ANSWER: Gordie Tapp played the onscreen husband of the variety show banjo player. Fact A states that Roni Stoneman, a banjo player, appeared in a show where her character was married to another character played by Gordie Tapp.","CITED: A,F
ANSWER: Gordie Tapp played the onscreen husband of a variety show banjo player. Fact A states that Roni Stoneman played the role of Ida Lee Nagger, the ironing, nagging wife of Laverne Nagger (Gordie Tapp) on the television variety show ""Hee Haw."" Fact F provides Gordie T","The onscreen husband of a variety show banjo player
played by Gordie Tapp as Laverne Nagger.

The information about Gordie Tapp and Gordie Tapp's relationship with the world's funniest storyteller, Cited as F and Gordie Tapp
The information about Gordie Tapp was introduced to U.S. President Gerald F",2,1,2,2,0,0,0,0,0,0
5adccebc5542992c1e3a240d::active_set_pack_a,5adccebc5542992c1e3a240d,"['A', 'D']","['A', 'B']",False,"['B', 'F']","CITED: B,D
ANSWER: The Mid Wirral Motorway, also known as the M53 motorway, is located in the suburb of Westminster, which is famous for its terraced houses and the Joseph Groome Towers.","CITED: B,D
ANSWER: The Mid Wirral Motorway, also known as the M53, is located in the suburb of Westminster, which is famous for its terraced houses and the Joseph Towers.","CITED: A,D
ANSWER: The motorway referred to as the Mid Wirral Motorway is located in a suburb known for its terraced houses and the Joseph Tower building complex.","CITED: A,D
ANSWER: The motorway referred to as the Mid Wirral Motorway is located in Westminster, a suburb known for its terraced houses and the Joseph Groome Towers, three thirteen-storey tower blocks built as public housing.","Cited: B,D
Answer: The Mid Wirral Motorway, also known as the M53, is located in the suburb of Westminster, which is famous for its terraced houses and the Joseph Groome Towers.",2,2,2,2,2,1,1,0,0,1
5a734fb35542992359bc32f7::active_set_pack_a,5a734fb35542992359bc32f7,"['C', 'F']","['C', 'F']",True,"['A', 'B']","CITED: C,D
ANSWER: The Camp Chapman attack was a suicide attack that occurred inside Forward Operating Base Chapman. This attack took place on December 30, 2009, and was carried out by Humam Khalil Abu-Mulal al-Balawi against the Central Intelligence Agency facility located at the base. FOB Chapman ","CITED: A,B,D,E,F
ANSWER: The suicide attack that occurred inside the Forward Operating Base Chapman was the Camp Chapman attack. This attack took place on December 10, 2009, and involved a young man who had been allowed to live on the base, killing three unarmed US Marines and severely injuring one ","CITED: A,B,D,E,F
ANSWER: The suicide attack that occurred inside the Forward Operating Base Chapman was the Camp Chapman attack. This attack took place on December 10, 2009, and involved a young man who had been allowed to live on the base, killing three unarmed US Marines and severely injuring one ","CITED: C,D
ANSWER: The Camp Chapman attack was a suicide attack that took place inside Forward Operating Base Chapman. This can be inferred from Facts C and D, which state that the Camp Chapman attack was a suicide attack against the CIA facility inside FOB Chapman on December 30, 2009, and that FOB","The suicide attack that was located inside the Forward Operating Base Chapman was the Camp Chapman attack. The Camp Chapman attack was a suicide attack by Humam Khalil Abu-Mulal al-Balawi against the Central Intelligence Agency facility inside Forward Operating Base Chapman on December 30, 2009. The",1,1,1,1,0,2,4,4,2,0
5ae140415542997b2ef7d179::active_set_pack_a,5ae140415542997b2ef7d179,"['E', 'F']","['E', 'F']",True,"['C', 'D']","CITED: F
ANSWER: The birth year of the fifth governor of a British colony in North America that existed from 1632 to 1776 was 1626. This information is found in Fact F, which states that Phillip Calvert, the fifth Governor of Maryland, was born in 1626.","CITED: A,D,E
ANSWER: The fifth governor of a British colony in North America that existed from 1632 to 1776 was born in 1628. This can be inferred from Fact A which mentions the first parliament was elected in 1853, indicating the colony had self-government by that time. Fact D states the Colony of ","CITED: A,D,E
ANSWER: The fifth governor of a British colony in North America that existed from 1632 to 1776 was born in 1628. This can be inferred from Fact A which mentions the first parliament was elected in 1853, indicating the colony had self-government by that time. Fact D states the Colony of ","CITED: F
ANSWER: The birth year of the fifth governor of Maryland, a British colony in North America that existed from 1632 to 1776, was 1626. This information is found in Fact F, which states that Phillip Calvert, the fifth Governor of Maryland, was born in 1626.","The birth year of the fifth governor of the Province of Maryland, a British colony in North America that existed from 1632 until 1776, was born in 1626.

The birth year of Phillip Calvert, the fifth governor of Maryland, is the birth year of the fifth governor of a British colony in North America th",1,1,1,1,0,1,2,2,1,0
5ae3e5f55542996836b02beb::active_set_pack_a,5ae3e5f55542996836b02beb,"['D', 'F']","['D', 'F']",True,"['A', 'C']","CITED: D,C\nANSWER: Hyde United Football Club is a semi-professional football club in Hyde, Greater Manchester, England.","CITED: D,C\nANSWER: A semi-professional football club in Hyde, Greater Manchester, England is Hyde United F.C.","CITED: D,C\nANSWER: A semi-professional football club in Hyde, Greater Manchester, England is Hyde United F.C.","CITED: D
ANSWER: Hyde United Football Club is a semi-professional football club in Hyde, Greater Manchester, England.","CITED: D, C
ANSWER: Hyde United Football Club is a semi-professional football club in Hyde, Greater Manchester, England.

CITED: D, C
ANSWER: The relevant facts are:
- Hyde United Football Club is a semi-professional football club in Hyde, Greater Manchester, England.
- The club was formed in 1919 a",1,1,1,1,1,1,1,1,1,2
5a8f612b5542992414482a99::active_set_pack_a,5a8f612b5542992414482a99,"['D', 'E']","['A', 'C']",False,"['A', 'C']","CITED: D
ANSWER: The pop singer in the lead role in ""Tere Bin Laden"", Ali Zafar, has received five Lux Style Awards.","CITED: D
ANSWER: The pop singer in the lead role in ""Tere Bin Laden"" received two Lux Style Awards.","CITED: D
ANSWER: The pop singer in the lead role in ""Tere Bin Laden"", Ali Zafar, has received five Lux Style Awards.","CITED: D
ANSWER: The pop singer in the lead role in ""Tere Bin Laden"", Ali Zafar, has received five Lux Style Awards.","The pop singer in the lead role in ""Tere Bin Laden"" is Ali Zafar, who has received five Lux Style Awards. The relevant facts are:
- D. [Ali Zafar] He has received five Lux Style Awards and a Filmfare Award nomination.
The answer is:
ANSWER: The pop singer in the relevant pop singer in the lead role ",1,1,1,1,0,1,1,1,1,0
5ae3e6f85542996836b02bee::active_set_pack_a,5ae3e6f85542996836b02bee,"['E', 'F']","['D', 'F']",False,"['A', 'C']","CITED: F
ANSWER: What's Golden was included in the open world racing video game Forza Horizon 3, which was developed by Playground Games and published by Microsoft Studios.","CITED: E,F\nANSWER: What's Golden was included in the open world racing video game Forza Horizon 3, which was developed by Playground Games and published by Microsoft.","CITED: E,F\nANSWER: What's Golden was included in the open world racing video game Forza Horizon 3, which was developed by Playground Games and published by Microsoft.","CITED: F
ANSWER: What's Golden was included in the open world racing video game Forza Horizon 3, which was developed by Playground Games and published by Microsoft Studios.","Cited: F\n\nANSWER: What's Golden was included in Forza Horizon 3, an open world racing video game developed by Playground Games and published by Microsoft Studios.

Relevant facts:
- Fact A, B, C and F\n\nANSWER: What's Golden was included in an open world racing video game that was developed by Pl",1,2,2,1,1,1,0,0,1,3
5adef2be5542993a75d263b1::active_set_pack_a,5adef2be5542993a75d263b1,"['E', 'F']","['C', 'F']",False,"['B', 'D']","CITED: F,E
ANSWER: Queen Medb of Connacht invaded the province of Ulster in the north of the island of Ireland.","CITED: B,C
ANSWER: Queen Medb of Connacht made her invasion in the province of Ulster, as evidenced by the fact that Findabair was her daughter (B) and the Táin Bó Cúailnge, which tells the story of the invasion, is set in Ireland (C).","CITED: B,C
ANSWER: Queen Medb of Connacht made her invasion in the province of Ulster, as mentioned in the Táin illustrations by Louis le Brocquy.","CITED: F,E
ANSWER: Queen Medb of Connacht invaded the province of Ulster in the north of the island of Ireland.","The province in the north of the island of Ireland that Queen Medb of Connacht invaded is Ulster. The relevant facts are:
- Fact E. [Ulster] defines Ulster is a province in the north of the island of Ireland.

ANSWER: The province in the north of the island of Ireland is Ulster. The province of Ulst",2,0,0,2,1,1,3,3,1,0
5ae3e1815542992e3233c49f::active_set_pack_a,5ae3e1815542992e3233c49f,"['A', 'D']","['A', 'B']",False,"['B', 'C']","CITED: A,D
ANSWER: Gabe Turner has collaborated with Kevin Spacey, who won his first Academy Award for Best Supporting Actor in the 1995 crime thriller ""The Usual Suspects"".","CITED: A
ANSWER: Kevin Spacey won his first Academy Award for his role in the 1995 crime thriller ""L.A. Confidential.""","CITED: D,A\nANSWER: Gabe Turner has collaborated with Kevin Spacey, who won his first Academy Award in the 1995 crime thriller ""The Usual Suspects.""","CITED: A,D
ANSWER: Gabe Turner has collaborated with Kevin Spacey, who won his first Academy Award for Best Supporting Actor in the 1995 crime thriller ""The Usual Suspects"".","The actor and film director who won his first Academy Award in the 1995 crime thriller ""The Usual Suspects"" is Kevin Spacey. Gabe Turner has collaborated with Kevin Spacey, as Gabe Turner has worked with many recognized actors and some of the world's most recognized actors and sports stars. Therefor",2,1,2,2,0,0,0,0,0,0
5ac25b125542992f1f2b3872::active_set_pack_a,5ac25b125542992f1f2b3872,"['A', 'B']","['A', 'D']",False,"['C', 'F']","CITED: B,A\nANSWER: Door into the Dark is a poetry collection by Seamus Heaney, who received the Nobel Prize in Literature in 1995.","CITED: A,B\nANSWER: Door into the Dark is a poetry collection by Seamus Heaney, who received the Nobel Prize in Literature in 1989.","CITED: B,C,D,E,F
ANSWER: Door into the Dark is a poetry collection by Seamus Heaney, who received the Nobel Prize in Literature in 1995.","CITED: B,A\nANSWER: Door into the Dark is a poetry collection by Seamus Heaney, who received the Nobel Prize in Literature in 1995.","CITED: A, B, B\nANSWER: Door into the Dark is a poetry collection by Seamus Heaney, who received the Nobel Prize in 1995.

CITED: B, A\nANSWER: The Door into the Dark is a collection of poetry by Seamus Heaney, who won the Nobel Prize in Literature in 1995.

ANSWER: The Nobel Prize",2,2,2,2,2,0,0,4,0,0
5a80c65f55429938b61421d4::active_set_pack_a,5a80c65f55429938b61421d4,"['C', 'F']","['B', 'F']",False,"['B', 'E']","CITED: C,F\nANSWER: Stephen Wolfram, the author of the book ""A New Kind of Science"", designed a computer algebra system at Caltech.","CITED: A,B,C,D,E,F
ANSWER: The author of the book ""A New Kind of Science"", Stephen Wolfram, designed a computer algebra system at the university where he developed the SMP program, which was the University of Oxford.","CITED: C,F
ANSWER: Stephen Wolfram, the author of the book ""A New Kind of Science"", designed a computer algebra system at Caltech (California Institute of Technology).","CITED: C,F\nANSWER: Stephen Wolfram, the author of the book ""A New Kind of Science,"" designed a computer algebra system at Caltech.","The author of the ""A New Kind of Science"" is Stephen Wolfram, and the computer algebra system designed by the author is a computer algebra system designed by Chris A. Cole and Stephen Wolfram at Caltech circa 1979. The university where the computer algebra system was designed is therefore the univer",2,2,2,2,0,0,4,1,0,0
5a813d4a554299260e20a277::active_set_pack_a,5a813d4a554299260e20a277,"['A', 'B']","['A', 'B']",True,"['D', 'E']","CITED: A,F
ANSWER: Mark Rankin and Cedric Bixler-Zavala are associated with rock and progressive rock genres. Fact A states Cedric Bixler-Zavala is known for his work in progressive rock band The Mars Volta and post-hardcore group At the Drive-In. Fact F mentions El Grupo Nuevo de Omar Rodriguez Lop","CITED: A,F
ANSWER: Mark Rankin and Cedric Bixler-Zavala are associated with rock and alternative music genres. Fact A states Cedric Bixler-Zavala is known for his work in progressive rock, while Fact F mentions El Grupo Nuevo de Omar Rodriguez Lopez, a band featuring Cedric Bixler-Zavala, which also","CITED: A,F
ANSWER: Mark Rankin and Cedric Bixler-Zavala are associated with rock and alternative music genres. Fact A states Cedric Bixler-Zavala is known for his work in progressive rock, while Fact F mentions El Grupo Nuevo de Omar Rodriguez Lopez, a band featuring Cedric Bixler-Zavala, which also","CITED: A,F
ANSWER: Mark Rankin and Cedric Bixler-Zavala are associated with rock and progressive rock genres. Fact A states Cedric Bixler-Zavala is known for his work in progressive rock band The Mars Volta and post-hardcore group At the Drive-In. Fact F mentions El Grupo Nuevo de Omar Rodriguez Lop",The genre of Mark Rankin and Cedric Bixler-Zavala is rock music. Cedric Bixler-Zavala is known for his work with the progressive rock band The Mars Volta and as frontman of the post-hardcore group At the Drive-In. Cedric Bixler-Zavala's involvement in the El Grupo Nuevo de Omar Rodriguez Lopez band ,1,1,1,1,0,1,1,1,1,0
