prompt_id,example_id,pca_auc,norm_auc,pca_top2_correct,norm_top2_correct,pca_variance_explained
5aba6de555429955dce3ee1d::working_set_pack_a,5aba6de555429955dce3ee1d,0.875,0.875,False,False,"[0.8564963340759277, 0.07913050800561905, 0.04225433990359306]"
5aba6de555429955dce3ee1d::active_set_pack_a,5aba6de555429955dce3ee1d,0.75,0.875,False,False,"[0.8230952024459839, 0.08819394558668137, 0.03819536045193672]"
5aba6de555429955dce3ee1d::working_set_pack_b,5aba6de555429955dce3ee1d,0.75,0.75,False,False,"[0.849536657333374, 0.0680595338344574, 0.047368474304676056]"
5aba6de555429955dce3ee1d::active_set_pack_b,5aba6de555429955dce3ee1d,0.875,1.0,False,True,"[0.8599497079849243, 0.054933760315179825, 0.0525645986199379]"
5ae0abf655429945ae95940d::working_set_pack_a,5ae0abf655429945ae95940d,1.0,1.0,True,True,"[0.65180903673172, 0.23510496318340302, 0.0532839335501194]"
5ae0abf655429945ae95940d::active_set_pack_a,5ae0abf655429945ae95940d,1.0,1.0,True,True,"[0.7229470014572144, 0.19796614348888397, 0.03809105232357979]"
5ae0abf655429945ae95940d::working_set_pack_b,5ae0abf655429945ae95940d,1.0,1.0,True,True,"[0.8378740549087524, 0.10085489600896835, 0.032594721764326096]"
5ae0abf655429945ae95940d::active_set_pack_b,5ae0abf655429945ae95940d,0.875,1.0,False,True,"[0.8509020209312439, 0.08299025148153305, 0.04245896264910698]"
5a7ba64c5542995eb53be97b::working_set_pack_a,5a7ba64c5542995eb53be97b,1.0,1.0,True,True,"[0.7332001328468323, 0.23247218132019043, 0.020950358361005783]"
5a7ba64c5542995eb53be97b::active_set_pack_a,5a7ba64c5542995eb53be97b,1.0,1.0,True,True,"[0.798572838306427, 0.13282208144664764, 0.04651371017098427]"
5a7ba64c5542995eb53be97b::working_set_pack_b,5a7ba64c5542995eb53be97b,1.0,1.0,True,True,"[0.7995076775550842, 0.17245259881019592, 0.017014125362038612]"
5a7ba64c5542995eb53be97b::active_set_pack_b,5a7ba64c5542995eb53be97b,1.0,1.0,True,True,"[0.7598038911819458, 0.19231478869915009, 0.02767675742506981]"
5a8f20d655429924144829dc::working_set_pack_a,5a8f20d655429924144829dc,0.875,0.875,False,False,"[0.7902871966362, 0.09084489196538925, 0.06524119526147842]"
5a8f20d655429924144829dc::active_set_pack_a,5a8f20d655429924144829dc,1.0,1.0,True,True,"[0.6399183869361877, 0.17525626718997955, 0.11257345974445343]"
5a8f20d655429924144829dc::working_set_pack_b,5a8f20d655429924144829dc,0.875,0.75,False,False,"[0.7138199806213379, 0.14183835685253143, 0.08738622814416885]"
5a8f20d655429924144829dc::active_set_pack_b,5a8f20d655429924144829dc,0.875,0.875,False,False,"[0.7216833829879761, 0.12641695141792297, 0.09463011473417282]"
5ae70f035542991bbc9761b1::working_set_pack_a,5ae70f035542991bbc9761b1,0.875,0.875,False,False,"[0.7350106835365295, 0.14706537127494812, 0.08320019394159317]"
5ae70f035542991bbc9761b1::active_set_pack_a,5ae70f035542991bbc9761b1,1.0,1.0,True,True,"[0.7600160837173462, 0.13375626504421234, 0.08083786070346832]"
5ae70f035542991bbc9761b1::working_set_pack_b,5ae70f035542991bbc9761b1,1.0,1.0,True,True,"[0.8139560222625732, 0.08820345252752304, 0.05386072397232056]"
5ae70f035542991bbc9761b1::active_set_pack_b,5ae70f035542991bbc9761b1,1.0,1.0,True,True,"[0.8836623430252075, 0.06354934722185135, 0.026850681751966476]"
5ae0af9a5542993d6555ec17::working_set_pack_a,5ae0af9a5542993d6555ec17,1.0,0.875,True,False,"[0.7184053659439087, 0.2603150010108948, 0.010365292429924011]"
5ae0af9a5542993d6555ec17::active_set_pack_a,5ae0af9a5542993d6555ec17,1.0,0.875,True,False,"[0.8037958741188049, 0.17217780649662018, 0.01257331483066082]"
5ae0af9a5542993d6555ec17::working_set_pack_b,5ae0af9a5542993d6555ec17,1.0,0.75,True,False,"[0.6263832449913025, 0.34567224979400635, 0.01605239138007164]"
5ae0af9a5542993d6555ec17::active_set_pack_b,5ae0af9a5542993d6555ec17,1.0,0.75,True,False,"[0.6669267416000366, 0.310790479183197, 0.011035564355552197]"
5a76b649554299373536017f::working_set_pack_a,5a76b649554299373536017f,1.0,1.0,True,True,"[0.9050416946411133, 0.04114041104912758, 0.032367803156375885]"
5a76b649554299373536017f::active_set_pack_a,5a76b649554299373536017f,0.875,0.875,False,False,"[0.9326634407043457, 0.025993632152676582, 0.02434811182320118]"
5a76b649554299373536017f::working_set_pack_b,5a76b649554299373536017f,1.0,1.0,True,True,"[0.9132387042045593, 0.05106234550476074, 0.020877007395029068]"
5a76b649554299373536017f::active_set_pack_b,5a76b649554299373536017f,1.0,1.0,True,True,"[0.8312574028968811, 0.14459985494613647, 0.012711410410702229]"
5a778e1b5542995d831811c5::working_set_pack_a,5a778e1b5542995d831811c5,1.0,0.875,True,False,"[0.9100722074508667, 0.03782227635383606, 0.02472277730703354]"
5a778e1b5542995d831811c5::active_set_pack_a,5a778e1b5542995d831811c5,0.875,0.5,False,False,"[0.9395499229431152, 0.03433266282081604, 0.010780752636492252]"
5a778e1b5542995d831811c5::working_set_pack_b,5a778e1b5542995d831811c5,1.0,0.75,True,False,"[0.8465489745140076, 0.07042251527309418, 0.04680127650499344]"
5a778e1b5542995d831811c5::active_set_pack_b,5a778e1b5542995d831811c5,0.875,0.625,False,False,"[0.9336361289024353, 0.03789418935775757, 0.013235799968242645]"
5a7a0d665542990783324e14::working_set_pack_a,5a7a0d665542990783324e14,1.0,1.0,True,True,"[0.9080856442451477, 0.035105038434267044, 0.026631925255060196]"
5a7a0d665542990783324e14::active_set_pack_a,5a7a0d665542990783324e14,1.0,1.0,True,True,"[0.9452352523803711, 0.02233271487057209, 0.01695430465042591]"
5a7a0d665542990783324e14::working_set_pack_b,5a7a0d665542990783324e14,1.0,1.0,True,True,"[0.9210081100463867, 0.03202451393008232, 0.02695608139038086]"
5a7a0d665542990783324e14::active_set_pack_b,5a7a0d665542990783324e14,0.875,0.875,False,False,"[0.9229615926742554, 0.0369187630712986, 0.020943790674209595]"
5a82411055429940e5e1a815::working_set_pack_a,5a82411055429940e5e1a815,0.875,0.75,False,False,"[0.694398820400238, 0.19494538009166718, 0.05347312241792679]"
5a82411055429940e5e1a815::active_set_pack_a,5a82411055429940e5e1a815,1.0,0.75,True,False,"[0.5961096882820129, 0.21786895394325256, 0.11938254535198212]"
5a82411055429940e5e1a815::working_set_pack_b,5a82411055429940e5e1a815,1.0,0.75,True,False,"[0.7341499924659729, 0.16205081343650818, 0.06781788170337677]"
5a82411055429940e5e1a815::active_set_pack_b,5a82411055429940e5e1a815,1.0,0.75,True,False,"[0.5916382670402527, 0.2459937334060669, 0.12599951028823853]"
5a7c7a8f55429907fabeef9c::working_set_pack_a,5a7c7a8f55429907fabeef9c,0.75,0.625,False,False,"[0.9673871994018555, 0.019083615392446518, 0.008831326849758625]"
5a7c7a8f55429907fabeef9c::active_set_pack_a,5a7c7a8f55429907fabeef9c,0.75,0.5,False,False,"[0.9658317565917969, 0.01911710761487484, 0.010573322884738445]"
5a7c7a8f55429907fabeef9c::working_set_pack_b,5a7c7a8f55429907fabeef9c,0.75,0.75,False,False,"[0.9493891000747681, 0.03139772638678551, 0.011436594650149345]"
5a7c7a8f55429907fabeef9c::active_set_pack_b,5a7c7a8f55429907fabeef9c,0.875,0.875,False,False,"[0.9686610102653503, 0.01742631569504738, 0.008110000751912594]"
5a73589d55429901807dafd1::working_set_pack_a,5a73589d55429901807dafd1,1.0,1.0,True,True,"[0.5942574739456177, 0.2849773168563843, 0.07212593406438828]"
5a73589d55429901807dafd1::active_set_pack_a,5a73589d55429901807dafd1,1.0,1.0,True,True,"[0.6137019991874695, 0.29264217615127563, 0.048280712217092514]"
5a73589d55429901807dafd1::working_set_pack_b,5a73589d55429901807dafd1,1.0,1.0,True,True,"[0.6036970019340515, 0.29955121874809265, 0.05855448171496391]"
5a73589d55429901807dafd1::active_set_pack_b,5a73589d55429901807dafd1,1.0,1.0,True,True,"[0.6700820326805115, 0.2539626657962799, 0.05420944094657898]"
5add624c5542992200553adf::working_set_pack_a,5add624c5542992200553adf,0.875,0.875,False,False,"[0.5002657175064087, 0.21291060745716095, 0.14064233005046844]"
5add624c5542992200553adf::active_set_pack_a,5add624c5542992200553adf,0.875,0.875,False,False,"[0.5798733830451965, 0.2226284295320511, 0.14561618864536285]"
5add624c5542992200553adf::working_set_pack_b,5add624c5542992200553adf,0.875,0.75,False,False,"[0.5955742597579956, 0.2322598248720169, 0.09537488222122192]"
5add624c5542992200553adf::active_set_pack_b,5add624c5542992200553adf,1.0,0.75,True,False,"[0.4973216950893402, 0.2825406789779663, 0.14519615471363068]"
5ade14735542990dbb2f7f49::working_set_pack_a,5ade14735542990dbb2f7f49,1.0,1.0,True,True,"[0.9311378002166748, 0.05162007361650467, 0.01280483789741993]"
5ade14735542990dbb2f7f49::active_set_pack_a,5ade14735542990dbb2f7f49,1.0,1.0,True,True,"[0.9230064749717712, 0.05822940170764923, 0.013664920814335346]"
5ade14735542990dbb2f7f49::working_set_pack_b,5ade14735542990dbb2f7f49,0.875,0.875,False,False,"[0.794481635093689, 0.12688048183918, 0.06089286878705025]"
5ade14735542990dbb2f7f49::active_set_pack_b,5ade14735542990dbb2f7f49,1.0,1.0,True,True,"[0.9110360741615295, 0.06994517147541046, 0.010769049637019634]"
5ade18635542997c77aded3e::working_set_pack_a,5ade18635542997c77aded3e,0.75,0.75,False,False,"[0.9344924092292786, 0.0310222115367651, 0.01460229977965355]"
5ade18635542997c77aded3e::active_set_pack_a,5ade18635542997c77aded3e,0.625,0.5,False,False,"[0.930948793888092, 0.03667035698890686, 0.0120382746681571]"
5ade18635542997c77aded3e::working_set_pack_b,5ade18635542997c77aded3e,1.0,1.0,True,True,"[0.9122917056083679, 0.03621840104460716, 0.024935582652688026]"
5ade18635542997c77aded3e::active_set_pack_b,5ade18635542997c77aded3e,0.75,0.75,False,False,"[0.9391963481903076, 0.02392462268471718, 0.017671577632427216]"
5ab1c5cb554299722f9b4c61::working_set_pack_a,5ab1c5cb554299722f9b4c61,0.875,0.875,False,False,"[0.6968281269073486, 0.22709456086158752, 0.05787471681833267]"
5ab1c5cb554299722f9b4c61::active_set_pack_a,5ab1c5cb554299722f9b4c61,0.875,0.875,False,False,"[0.6700262427330017, 0.25322142243385315, 0.05463835597038269]"
5ab1c5cb554299722f9b4c61::working_set_pack_b,5ab1c5cb554299722f9b4c61,0.875,0.875,False,False,"[0.8000455498695374, 0.14321808516979218, 0.038433585315942764]"
5ab1c5cb554299722f9b4c61::active_set_pack_b,5ab1c5cb554299722f9b4c61,1.0,1.0,True,True,"[0.8823049664497375, 0.07103828340768814, 0.02897636406123638]"
5ae73a195542991e8301cbfd::working_set_pack_a,5ae73a195542991e8301cbfd,1.0,1.0,True,True,"[0.5100979804992676, 0.25370171666145325, 0.12429476529359818]"
5ae73a195542991e8301cbfd::active_set_pack_a,5ae73a195542991e8301cbfd,1.0,1.0,True,True,"[0.5731226801872253, 0.2834987938404083, 0.07520655542612076]"
5ae73a195542991e8301cbfd::working_set_pack_b,5ae73a195542991e8301cbfd,0.875,0.875,False,False,"[0.513789713382721, 0.269191175699234, 0.15807409584522247]"
5ae73a195542991e8301cbfd::active_set_pack_b,5ae73a195542991e8301cbfd,0.75,1.0,False,True,"[0.5782088041305542, 0.24511991441249847, 0.13732866942882538]"
5ab55478554299488d4d993d::working_set_pack_a,5ab55478554299488d4d993d,0.875,0.875,False,False,"[0.8352321982383728, 0.09089282900094986, 0.06506748497486115]"
5ab55478554299488d4d993d::active_set_pack_a,5ab55478554299488d4d993d,1.0,1.0,True,True,"[0.8401143550872803, 0.08877436816692352, 0.0624157190322876]"
5ab55478554299488d4d993d::working_set_pack_b,5ab55478554299488d4d993d,1.0,0.875,True,False,"[0.7464990615844727, 0.13570502400398254, 0.11180100589990616]"
5ab55478554299488d4d993d::active_set_pack_b,5ab55478554299488d4d993d,1.0,0.875,True,False,"[0.6778263449668884, 0.1657971441745758, 0.14735008776187897]"
5ab373d6554299233954ff53::working_set_pack_a,5ab373d6554299233954ff53,1.0,0.875,True,False,"[0.798198401927948, 0.09505372494459152, 0.07518072426319122]"
5ab373d6554299233954ff53::active_set_pack_a,5ab373d6554299233954ff53,1.0,1.0,True,True,"[0.8329356908798218, 0.13322173058986664, 0.018496768549084663]"
5ab373d6554299233954ff53::working_set_pack_b,5ab373d6554299233954ff53,1.0,1.0,True,True,"[0.8453012704849243, 0.08571954071521759, 0.03620167449116707]"
5ab373d6554299233954ff53::active_set_pack_b,5ab373d6554299233954ff53,1.0,1.0,True,True,"[0.8440503478050232, 0.07714153081178665, 0.05276186391711235]"
5a7a8dab554299042af8f66a::working_set_pack_a,5a7a8dab554299042af8f66a,0.75,0.75,False,False,"[0.6308506727218628, 0.24111731350421906, 0.06763230264186859]"
5a7a8dab554299042af8f66a::active_set_pack_a,5a7a8dab554299042af8f66a,1.0,0.875,True,False,"[0.547050416469574, 0.31632164120674133, 0.06777510792016983]"
5a7a8dab554299042af8f66a::working_set_pack_b,5a7a8dab554299042af8f66a,0.875,0.875,False,False,"[0.5338683724403381, 0.26214277744293213, 0.12109202146530151]"
5a7a8dab554299042af8f66a::active_set_pack_b,5a7a8dab554299042af8f66a,0.625,0.625,False,False,"[0.7369447946548462, 0.1375138759613037, 0.06318801641464233]"
5ab3020e55429976abd1bc1a::working_set_pack_a,5ab3020e55429976abd1bc1a,1.0,0.75,True,False,"[0.5811752080917358, 0.22335270047187805, 0.1349431872367859]"
5ab3020e55429976abd1bc1a::active_set_pack_a,5ab3020e55429976abd1bc1a,1.0,0.75,True,False,"[0.509914219379425, 0.27806806564331055, 0.15309670567512512]"
5ab3020e55429976abd1bc1a::working_set_pack_b,5ab3020e55429976abd1bc1a,1.0,0.875,True,False,"[0.5578082203865051, 0.30747753381729126, 0.06690922379493713]"
5ab3020e55429976abd1bc1a::active_set_pack_b,5ab3020e55429976abd1bc1a,0.75,1.0,False,True,"[0.6652594804763794, 0.13737626373767853, 0.12220004945993423]"
5ae726a1554299572ea54738::working_set_pack_a,5ae726a1554299572ea54738,1.0,1.0,True,True,"[0.5476092100143433, 0.3872162103652954, 0.03285251557826996]"
5ae726a1554299572ea54738::active_set_pack_a,5ae726a1554299572ea54738,1.0,1.0,True,True,"[0.4982655346393585, 0.4073367118835449, 0.0662999078631401]"
5ae726a1554299572ea54738::working_set_pack_b,5ae726a1554299572ea54738,1.0,1.0,True,True,"[0.5552065968513489, 0.375934362411499, 0.03956741467118263]"
5ae726a1554299572ea54738::active_set_pack_b,5ae726a1554299572ea54738,1.0,1.0,True,True,"[0.5669605135917664, 0.36364537477493286, 0.042702000588178635]"
5a8b10c655429949d91db49c::working_set_pack_a,5a8b10c655429949d91db49c,1.0,1.0,True,True,"[0.6939243674278259, 0.20921488106250763, 0.04333584010601044]"
5a8b10c655429949d91db49c::active_set_pack_a,5a8b10c655429949d91db49c,1.0,1.0,True,True,"[0.6412145495414734, 0.2728155553340912, 0.038206566125154495]"
5a8b10c655429949d91db49c::working_set_pack_b,5a8b10c655429949d91db49c,1.0,1.0,True,True,"[0.6163895130157471, 0.25250759720802307, 0.07001819461584091]"
5a8b10c655429949d91db49c::active_set_pack_b,5a8b10c655429949d91db49c,1.0,1.0,True,True,"[0.7315073013305664, 0.18669401109218597, 0.04759642854332924]"
5ab3f9b95542992ade7c6f09::working_set_pack_a,5ab3f9b95542992ade7c6f09,0.75,0.75,False,False,"[0.8899149894714355, 0.05129970610141754, 0.03463326767086983]"
5ab3f9b95542992ade7c6f09::active_set_pack_a,5ab3f9b95542992ade7c6f09,0.75,0.75,False,False,"[0.8584856390953064, 0.07967923581600189, 0.036191754043102264]"
5ab3f9b95542992ade7c6f09::working_set_pack_b,5ab3f9b95542992ade7c6f09,0.875,0.875,False,False,"[0.8915975689888, 0.04624152183532715, 0.03719856217503548]"
5ab3f9b95542992ade7c6f09::active_set_pack_b,5ab3f9b95542992ade7c6f09,1.0,0.875,True,False,"[0.8657427430152893, 0.0716695711016655, 0.03580627962946892]"
5ade45ed554299728e26c699::working_set_pack_a,5ade45ed554299728e26c699,0.875,0.875,False,False,"[0.778294026851654, 0.11845400184392929, 0.06994988769292831]"
5ade45ed554299728e26c699::active_set_pack_a,5ade45ed554299728e26c699,1.0,1.0,True,True,"[0.7909563779830933, 0.13556063175201416, 0.04653589054942131]"
5ade45ed554299728e26c699::working_set_pack_b,5ade45ed554299728e26c699,0.875,0.875,False,False,"[0.8254797458648682, 0.09927747398614883, 0.057841379195451736]"
5ade45ed554299728e26c699::active_set_pack_b,5ade45ed554299728e26c699,0.875,0.875,False,False,"[0.934883713722229, 0.03014467842876911, 0.02204236388206482]"
5adc432d55429944faac24a1::working_set_pack_a,5adc432d55429944faac24a1,0.875,0.75,False,False,"[0.8346278667449951, 0.057358965277671814, 0.04980413615703583]"
5adc432d55429944faac24a1::active_set_pack_a,5adc432d55429944faac24a1,0.75,0.75,False,False,"[0.8102349638938904, 0.06820426136255264, 0.05780711770057678]"
5adc432d55429944faac24a1::working_set_pack_b,5adc432d55429944faac24a1,1.0,1.0,True,True,"[0.8205333352088928, 0.07226401567459106, 0.05998040735721588]"
5adc432d55429944faac24a1::active_set_pack_b,5adc432d55429944faac24a1,1.0,1.0,True,True,"[0.8646703958511353, 0.0632133036851883, 0.038507793098688126]"
5adcf98255429947343537e9::working_set_pack_a,5adcf98255429947343537e9,0.875,0.875,False,False,"[0.8540477156639099, 0.09008936583995819, 0.0314696729183197]"
5adcf98255429947343537e9::active_set_pack_a,5adcf98255429947343537e9,0.875,0.875,False,False,"[0.8264558911323547, 0.11407091468572617, 0.03176001086831093]"
5adcf98255429947343537e9::working_set_pack_b,5adcf98255429947343537e9,1.0,0.875,True,False,"[0.8360551595687866, 0.10862284153699875, 0.02225654572248459]"
5adcf98255429947343537e9::active_set_pack_b,5adcf98255429947343537e9,0.875,0.75,False,False,"[0.8534538745880127, 0.08428219705820084, 0.026392260566353798]"
5ab285d0554299340b5254fa::working_set_pack_a,5ab285d0554299340b5254fa,0.75,0.625,False,False,"[0.9112270474433899, 0.035187359899282455, 0.027625523507595062]"
5ab285d0554299340b5254fa::active_set_pack_a,5ab285d0554299340b5254fa,0.875,0.75,False,False,"[0.9198452830314636, 0.03539802506566048, 0.022323010489344597]"
5ab285d0554299340b5254fa::working_set_pack_b,5ab285d0554299340b5254fa,0.75,0.875,False,False,"[0.9140925407409668, 0.03527505695819855, 0.024814099073410034]"
5ab285d0554299340b5254fa::active_set_pack_b,5ab285d0554299340b5254fa,1.0,0.875,True,False,"[0.8740184903144836, 0.07177187502384186, 0.026329614222049713]"
5a7317535542994cef4bc450::working_set_pack_a,5a7317535542994cef4bc450,1.0,1.0,True,True,"[0.8029958009719849, 0.146250918507576, 0.031160132959485054]"
5a7317535542994cef4bc450::active_set_pack_a,5a7317535542994cef4bc450,1.0,1.0,True,True,"[0.803939938545227, 0.1391233503818512, 0.027562983334064484]"
5a7317535542994cef4bc450::working_set_pack_b,5a7317535542994cef4bc450,1.0,1.0,True,True,"[0.7514462471008301, 0.17349664866924286, 0.0448475182056427]"
5a7317535542994cef4bc450::active_set_pack_b,5a7317535542994cef4bc450,1.0,1.0,True,True,"[0.7984131574630737, 0.1555439978837967, 0.02731362357735634]"
5a8d15b75542994ba4e3dbea::working_set_pack_a,5a8d15b75542994ba4e3dbea,0.875,0.75,False,False,"[0.8084555864334106, 0.09075818955898285, 0.061735428869724274]"
5a8d15b75542994ba4e3dbea::active_set_pack_a,5a8d15b75542994ba4e3dbea,0.875,0.875,False,False,"[0.8267501592636108, 0.08272098749876022, 0.05241762474179268]"
5a8d15b75542994ba4e3dbea::working_set_pack_b,5a8d15b75542994ba4e3dbea,0.875,0.875,False,False,"[0.8978303670883179, 0.047971051186323166, 0.03124403953552246]"
5a8d15b75542994ba4e3dbea::active_set_pack_b,5a8d15b75542994ba4e3dbea,1.0,1.0,True,True,"[0.8106151819229126, 0.09896483272314072, 0.06005258858203888]"
5a903a4855429933b8a204a9::working_set_pack_a,5a903a4855429933b8a204a9,1.0,1.0,True,True,"[0.6218099594116211, 0.23236913979053497, 0.13510380685329437]"
5a903a4855429933b8a204a9::active_set_pack_a,5a903a4855429933b8a204a9,1.0,1.0,True,True,"[0.5772730708122253, 0.2685118615627289, 0.13335208594799042]"
5a903a4855429933b8a204a9::working_set_pack_b,5a903a4855429933b8a204a9,1.0,1.0,True,True,"[0.4719800651073456, 0.3576677441596985, 0.15330851078033447]"
5a903a4855429933b8a204a9::active_set_pack_b,5a903a4855429933b8a204a9,1.0,1.0,True,True,"[0.5683566331863403, 0.2808173596858978, 0.13215452432632446]"
5abae247554299660624165c::working_set_pack_a,5abae247554299660624165c,1.0,0.875,True,False,"[0.7376684546470642, 0.1370507925748825, 0.08692295849323273]"
5abae247554299660624165c::active_set_pack_a,5abae247554299660624165c,1.0,0.875,True,False,"[0.7556774020195007, 0.1278800070285797, 0.07810936123132706]"
5abae247554299660624165c::working_set_pack_b,5abae247554299660624165c,1.0,1.0,True,True,"[0.5608239769935608, 0.28476011753082275, 0.10767973959445953]"
5abae247554299660624165c::active_set_pack_b,5abae247554299660624165c,1.0,1.0,True,True,"[0.6834729909896851, 0.17492307722568512, 0.10459601879119873]"
5a8113ca55429938b61422ab::working_set_pack_a,5a8113ca55429938b61422ab,0.875,0.875,False,False,"[0.7463273406028748, 0.14459025859832764, 0.0720752701163292]"
5a8113ca55429938b61422ab::active_set_pack_a,5a8113ca55429938b61422ab,1.0,0.875,True,False,"[0.7539525032043457, 0.16921578347682953, 0.04941917583346367]"
5a8113ca55429938b61422ab::working_set_pack_b,5a8113ca55429938b61422ab,0.875,0.75,False,False,"[0.7804573774337769, 0.1567051112651825, 0.030445590615272522]"
5a8113ca55429938b61422ab::active_set_pack_b,5a8113ca55429938b61422ab,0.875,0.875,False,False,"[0.8263256549835205, 0.10959717631340027, 0.04888086020946503]"
5abb1cc55542992ccd8e7f16::working_set_pack_a,5abb1cc55542992ccd8e7f16,1.0,1.0,True,True,"[0.5763018131256104, 0.2624533474445343, 0.06094767898321152]"
5abb1cc55542992ccd8e7f16::active_set_pack_a,5abb1cc55542992ccd8e7f16,1.0,1.0,True,True,"[0.6301760673522949, 0.24250872433185577, 0.05094889551401138]"
5abb1cc55542992ccd8e7f16::working_set_pack_b,5abb1cc55542992ccd8e7f16,0.875,1.0,False,True,"[0.6692927479743958, 0.12925463914871216, 0.09468106925487518]"
5abb1cc55542992ccd8e7f16::active_set_pack_b,5abb1cc55542992ccd8e7f16,1.0,1.0,True,True,"[0.6867461204528809, 0.17959104478359222, 0.0545656681060791]"
5a80df91554299260e20a198::working_set_pack_a,5a80df91554299260e20a198,1.0,0.75,True,False,"[0.509096086025238, 0.23629499971866608, 0.0914141982793808]"
5a80df91554299260e20a198::active_set_pack_a,5a80df91554299260e20a198,0.625,0.75,False,False,"[0.5860095620155334, 0.16537731885910034, 0.10527396202087402]"
5a80df91554299260e20a198::working_set_pack_b,5a80df91554299260e20a198,1.0,0.75,True,False,"[0.4498051106929779, 0.28869014978408813, 0.16562354564666748]"
5a80df91554299260e20a198::active_set_pack_b,5a80df91554299260e20a198,1.0,1.0,True,True,"[0.600380003452301, 0.17956790328025818, 0.09239881485700607]"
5a7d549f5542991319bc93ad::working_set_pack_a,5a7d549f5542991319bc93ad,1.0,1.0,True,True,"[0.7733697295188904, 0.1081903949379921, 0.05366719886660576]"
5a7d549f5542991319bc93ad::active_set_pack_a,5a7d549f5542991319bc93ad,1.0,1.0,True,True,"[0.623279333114624, 0.2667621076107025, 0.05730034410953522]"
5a7d549f5542991319bc93ad::working_set_pack_b,5a7d549f5542991319bc93ad,1.0,1.0,True,True,"[0.7471938133239746, 0.12872937321662903, 0.07529965788125992]"
5a7d549f5542991319bc93ad::active_set_pack_b,5a7d549f5542991319bc93ad,1.0,1.0,True,True,"[0.8992860913276672, 0.050127241760492325, 0.025927718728780746]"
5ae68e9d55429908198fa60e::working_set_pack_a,5ae68e9d55429908198fa60e,1.0,0.875,True,False,"[0.49588942527770996, 0.20202089846134186, 0.1689034253358841]"
5ae68e9d55429908198fa60e::active_set_pack_a,5ae68e9d55429908198fa60e,0.75,0.75,False,False,"[0.6804497241973877, 0.14212916791439056, 0.09222913533449173]"
5ae68e9d55429908198fa60e::working_set_pack_b,5ae68e9d55429908198fa60e,0.875,0.875,False,False,"[0.549391508102417, 0.20994408428668976, 0.15072423219680786]"
5ae68e9d55429908198fa60e::active_set_pack_b,5ae68e9d55429908198fa60e,1.0,0.875,True,False,"[0.45192447304725647, 0.311761736869812, 0.14413237571716309]"
5a8285be55429966c78a6a41::working_set_pack_a,5a8285be55429966c78a6a41,1.0,1.0,True,True,"[0.6458814740180969, 0.28493010997772217, 0.03327760100364685]"
5a8285be55429966c78a6a41::active_set_pack_a,5a8285be55429966c78a6a41,1.0,1.0,True,True,"[0.6157473921775818, 0.29383718967437744, 0.04602118209004402]"
5a8285be55429966c78a6a41::working_set_pack_b,5a8285be55429966c78a6a41,1.0,1.0,True,True,"[0.6238251328468323, 0.2965750992298126, 0.04458954557776451]"
5a8285be55429966c78a6a41::active_set_pack_b,5a8285be55429966c78a6a41,1.0,1.0,True,True,"[0.6248118281364441, 0.2842715382575989, 0.03846259042620659]"
5a8e58cb5542990e94052ae0::working_set_pack_a,5a8e58cb5542990e94052ae0,1.0,1.0,True,True,"[0.41758063435554504, 0.31648874282836914, 0.12137091159820557]"
5a8e58cb5542990e94052ae0::active_set_pack_a,5a8e58cb5542990e94052ae0,1.0,1.0,True,True,"[0.4051760733127594, 0.3079151213169098, 0.1497289091348648]"
5a8e58cb5542990e94052ae0::working_set_pack_b,5a8e58cb5542990e94052ae0,1.0,1.0,True,True,"[0.5119130611419678, 0.22357799112796783, 0.1330801248550415]"
5a8e58cb5542990e94052ae0::active_set_pack_b,5a8e58cb5542990e94052ae0,1.0,1.0,True,True,"[0.39912110567092896, 0.285188764333725, 0.17791931331157684]"
5a72d90d55429901807daf53::working_set_pack_a,5a72d90d55429901807daf53,1.0,1.0,True,True,"[0.7318816184997559, 0.1427912563085556, 0.0724542886018753]"
5a72d90d55429901807daf53::active_set_pack_a,5a72d90d55429901807daf53,1.0,1.0,True,True,"[0.7221314311027527, 0.12687157094478607, 0.08998530358076096]"
5a72d90d55429901807daf53::working_set_pack_b,5a72d90d55429901807daf53,1.0,1.0,True,True,"[0.7653598785400391, 0.09076239913702011, 0.06161578744649887]"
5a72d90d55429901807daf53::active_set_pack_b,5a72d90d55429901807daf53,1.0,1.0,True,True,"[0.8821073770523071, 0.057438816875219345, 0.02906484156847]"
5ab6a327554299110f219a45::working_set_pack_a,5ab6a327554299110f219a45,0.875,0.625,False,False,"[0.6801803708076477, 0.2621583044528961, 0.03339425474405289]"
5ab6a327554299110f219a45::active_set_pack_a,5ab6a327554299110f219a45,1.0,0.625,True,False,"[0.5750556588172913, 0.3642042279243469, 0.03341785818338394]"
5ab6a327554299110f219a45::working_set_pack_b,5ab6a327554299110f219a45,0.875,0.625,False,False,"[0.6509737372398376, 0.293684720993042, 0.028642162680625916]"
5ab6a327554299110f219a45::active_set_pack_b,5ab6a327554299110f219a45,0.875,0.5,False,False,"[0.7179952263832092, 0.21736188232898712, 0.026252930983901024]"
5adc0856554299438c868d0d::working_set_pack_a,5adc0856554299438c868d0d,1.0,1.0,True,True,"[0.6868841648101807, 0.14025378227233887, 0.06952827423810959]"
5adc0856554299438c868d0d::active_set_pack_a,5adc0856554299438c868d0d,1.0,1.0,True,True,"[0.7148886322975159, 0.14142058789730072, 0.08017309755086899]"
5adc0856554299438c868d0d::working_set_pack_b,5adc0856554299438c868d0d,1.0,1.0,True,True,"[0.7826911807060242, 0.09391965717077255, 0.0655789002776146]"
5adc0856554299438c868d0d::active_set_pack_b,5adc0856554299438c868d0d,1.0,1.0,True,True,"[0.8260049223899841, 0.08983363956212997, 0.04494534805417061]"
5a7fb04d55429969796c1b24::working_set_pack_a,5a7fb04d55429969796c1b24,0.75,0.75,False,False,"[0.9217058420181274, 0.044731028378009796, 0.01784752681851387]"
5a7fb04d55429969796c1b24::active_set_pack_a,5a7fb04d55429969796c1b24,0.875,0.875,False,False,"[0.9638984799385071, 0.012653916142880917, 0.010614723898470402]"
5a7fb04d55429969796c1b24::working_set_pack_b,5a7fb04d55429969796c1b24,0.875,0.875,False,False,"[0.9586753249168396, 0.014805464074015617, 0.011463019996881485]"
5a7fb04d55429969796c1b24::active_set_pack_b,5a7fb04d55429969796c1b24,1.0,1.0,True,True,"[0.9477271437644958, 0.018936796113848686, 0.015127277001738548]"
5a790e91554299078472779e::working_set_pack_a,5a790e91554299078472779e,1.0,1.0,True,True,"[0.6993314027786255, 0.1398056298494339, 0.10188598930835724]"
5a790e91554299078472779e::active_set_pack_a,5a790e91554299078472779e,0.75,0.75,False,False,"[0.6727018356323242, 0.15432624518871307, 0.107606902718544]"
5a790e91554299078472779e::working_set_pack_b,5a790e91554299078472779e,0.75,0.75,False,False,"[0.7407734394073486, 0.12872253358364105, 0.08868967741727829]"
5a790e91554299078472779e::active_set_pack_b,5a790e91554299078472779e,1.0,1.0,True,True,"[0.676596999168396, 0.175109401345253, 0.07249297201633453]"
5a759ce25542996c70cfaf0e::working_set_pack_a,5a759ce25542996c70cfaf0e,1.0,0.75,True,False,"[0.9296600818634033, 0.03451802209019661, 0.017319228500127792]"
5a759ce25542996c70cfaf0e::active_set_pack_a,5a759ce25542996c70cfaf0e,0.75,0.5,False,False,"[0.9381764531135559, 0.028596967458724976, 0.016207924112677574]"
5a759ce25542996c70cfaf0e::working_set_pack_b,5a759ce25542996c70cfaf0e,0.875,0.625,False,False,"[0.9563905596733093, 0.017643310129642487, 0.012842369265854359]"
5a759ce25542996c70cfaf0e::active_set_pack_b,5a759ce25542996c70cfaf0e,0.875,0.5,False,False,"[0.9564476609230042, 0.024618159979581833, 0.0118437884375453]"
5ae3e9995542995dadf24247::working_set_pack_a,5ae3e9995542995dadf24247,1.0,1.0,True,True,"[0.9172325730323792, 0.05379872024059296, 0.017341429367661476]"
5ae3e9995542995dadf24247::active_set_pack_a,5ae3e9995542995dadf24247,1.0,1.0,True,True,"[0.9197655320167542, 0.061720192432403564, 0.012176879681646824]"
5ae3e9995542995dadf24247::working_set_pack_b,5ae3e9995542995dadf24247,1.0,1.0,True,True,"[0.9254220724105835, 0.05606331676244736, 0.012583527714014053]"
5ae3e9995542995dadf24247::active_set_pack_b,5ae3e9995542995dadf24247,1.0,1.0,True,True,"[0.9394874572753906, 0.04868130385875702, 0.006766276899725199]"
5a73668e55429901807db02e::working_set_pack_a,5a73668e55429901807db02e,1.0,1.0,True,True,"[0.45367372035980225, 0.29277414083480835, 0.17696306109428406]"
5a73668e55429901807db02e::active_set_pack_a,5a73668e55429901807db02e,0.875,0.875,False,False,"[0.5197142958641052, 0.2499220222234726, 0.17026497423648834]"
5a73668e55429901807db02e::working_set_pack_b,5a73668e55429901807db02e,1.0,1.0,True,True,"[0.7625734806060791, 0.1191282719373703, 0.08393487334251404]"
5a73668e55429901807db02e::active_set_pack_b,5a73668e55429901807db02e,1.0,1.0,True,True,"[0.8248711228370667, 0.09692768007516861, 0.05540952458977699]"
5a8ba093554299240d9c203f::working_set_pack_a,5a8ba093554299240d9c203f,0.625,0.625,False,False,"[0.8358055353164673, 0.0734623372554779, 0.05292915180325508]"
5a8ba093554299240d9c203f::active_set_pack_a,5a8ba093554299240d9c203f,0.625,0.625,False,False,"[0.8607903122901917, 0.07026410847902298, 0.040523502975702286]"
5a8ba093554299240d9c203f::working_set_pack_b,5a8ba093554299240d9c203f,0.75,0.75,False,False,"[0.8848859071731567, 0.04417709633708, 0.03848602995276451]"
5a8ba093554299240d9c203f::active_set_pack_b,5a8ba093554299240d9c203f,0.625,0.625,False,False,"[0.9072324633598328, 0.04267391189932823, 0.0282074473798275]"
5ab6ea2955429954757d33b8::working_set_pack_a,5ab6ea2955429954757d33b8,0.75,0.5,False,False,"[0.895429253578186, 0.08446461707353592, 0.009883123449981213]"
5ab6ea2955429954757d33b8::active_set_pack_a,5ab6ea2955429954757d33b8,0.75,0.5,False,False,"[0.9009615778923035, 0.07976016402244568, 0.008415408432483673]"
5ab6ea2955429954757d33b8::working_set_pack_b,5ab6ea2955429954757d33b8,0.75,0.75,False,False,"[0.8847524523735046, 0.0716482624411583, 0.02591364085674286]"
5ab6ea2955429954757d33b8::active_set_pack_b,5ab6ea2955429954757d33b8,0.875,0.875,False,False,"[0.9103403687477112, 0.057971976697444916, 0.01276962086558342]"
5ac04545554299294b218f6a::working_set_pack_a,5ac04545554299294b218f6a,0.875,0.875,False,False,"[0.811634361743927, 0.12786133587360382, 0.042404986917972565]"
5ac04545554299294b218f6a::active_set_pack_a,5ac04545554299294b218f6a,1.0,0.875,True,False,"[0.8291749954223633, 0.11802518367767334, 0.03515942767262459]"
5ac04545554299294b218f6a::working_set_pack_b,5ac04545554299294b218f6a,1.0,1.0,True,True,"[0.6830962300300598, 0.1812090277671814, 0.1039043515920639]"
5ac04545554299294b218f6a::active_set_pack_b,5ac04545554299294b218f6a,1.0,1.0,True,True,"[0.6273560523986816, 0.24120792746543884, 0.09631168842315674]"
5abba5e75542992ccd8e7f64::working_set_pack_a,5abba5e75542992ccd8e7f64,1.0,1.0,True,True,"[0.8489215970039368, 0.07358258217573166, 0.04847542196512222]"
5abba5e75542992ccd8e7f64::active_set_pack_a,5abba5e75542992ccd8e7f64,0.875,0.875,False,False,"[0.858756422996521, 0.06526337563991547, 0.04565483704209328]"
5abba5e75542992ccd8e7f64::working_set_pack_b,5abba5e75542992ccd8e7f64,0.875,0.875,False,False,"[0.882178544998169, 0.04943959787487984, 0.03286966308951378]"
5abba5e75542992ccd8e7f64::active_set_pack_b,5abba5e75542992ccd8e7f64,1.0,1.0,True,True,"[0.9111526608467102, 0.03978865221142769, 0.02751055359840393]"
5a764234554299109176e6e6::working_set_pack_a,5a764234554299109176e6e6,1.0,1.0,True,True,"[0.8888552784919739, 0.06531397998332977, 0.023217326030135155]"
5a764234554299109176e6e6::active_set_pack_a,5a764234554299109176e6e6,1.0,1.0,True,True,"[0.8458088040351868, 0.09329419583082199, 0.03430298715829849]"
5a764234554299109176e6e6::working_set_pack_b,5a764234554299109176e6e6,1.0,1.0,True,True,"[0.9008550047874451, 0.05869130790233612, 0.024344421923160553]"
5a764234554299109176e6e6::active_set_pack_b,5a764234554299109176e6e6,1.0,1.0,True,True,"[0.8960986137390137, 0.07974234223365784, 0.012430854141712189]"
5a8b21cb55429971feec4647::working_set_pack_a,5a8b21cb55429971feec4647,1.0,1.0,True,True,"[0.6707486510276794, 0.27517107129096985, 0.03819996863603592]"
5a8b21cb55429971feec4647::active_set_pack_a,5a8b21cb55429971feec4647,1.0,1.0,True,True,"[0.54937744140625, 0.3818781077861786, 0.05083312839269638]"
5a8b21cb55429971feec4647::working_set_pack_b,5a8b21cb55429971feec4647,1.0,1.0,True,True,"[0.5533589124679565, 0.3694848418235779, 0.045768603682518005]"
5a8b21cb55429971feec4647::active_set_pack_b,5a8b21cb55429971feec4647,1.0,1.0,True,True,"[0.6507893800735474, 0.2880512773990631, 0.03784477710723877]"
5a8e8fc75542990e94052b57::working_set_pack_a,5a8e8fc75542990e94052b57,0.875,0.5,False,False,"[0.7475470900535583, 0.19402973353862762, 0.03830359876155853]"
5a8e8fc75542990e94052b57::active_set_pack_a,5a8e8fc75542990e94052b57,0.875,0.5,False,False,"[0.7564341425895691, 0.20048724114894867, 0.030708415433764458]"
5a8e8fc75542990e94052b57::working_set_pack_b,5a8e8fc75542990e94052b57,1.0,0.625,True,False,"[0.8092781901359558, 0.14407162368297577, 0.031508300453424454]"
5a8e8fc75542990e94052b57::active_set_pack_b,5a8e8fc75542990e94052b57,0.875,0.5,False,False,"[0.8010340332984924, 0.18135446310043335, 0.007465915288776159]"
5ae1d33a554299492dc91b9d::working_set_pack_a,5ae1d33a554299492dc91b9d,0.875,0.875,False,False,"[0.6728389859199524, 0.17781762778759003, 0.10344186425209045]"
5ae1d33a554299492dc91b9d::active_set_pack_a,5ae1d33a554299492dc91b9d,0.875,0.875,False,False,"[0.7357497811317444, 0.13471484184265137, 0.09574633836746216]"
5ae1d33a554299492dc91b9d::working_set_pack_b,5ae1d33a554299492dc91b9d,0.875,0.875,False,False,"[0.6074962019920349, 0.251302033662796, 0.09906905889511108]"
5ae1d33a554299492dc91b9d::active_set_pack_b,5ae1d33a554299492dc91b9d,0.875,0.875,False,False,"[0.5905929207801819, 0.28717195987701416, 0.08605428785085678]"
5a81e73f554299676cceb14d::working_set_pack_a,5a81e73f554299676cceb14d,1.0,1.0,True,True,"[0.5534375905990601, 0.300689697265625, 0.06740991026163101]"
5a81e73f554299676cceb14d::active_set_pack_a,5a81e73f554299676cceb14d,1.0,1.0,True,True,"[0.5604934096336365, 0.32057151198387146, 0.08220086246728897]"
5a81e73f554299676cceb14d::working_set_pack_b,5a81e73f554299676cceb14d,1.0,1.0,True,True,"[0.6909031271934509, 0.21729566156864166, 0.06015073135495186]"
5a81e73f554299676cceb14d::active_set_pack_b,5a81e73f554299676cceb14d,1.0,1.0,True,True,"[0.7037324905395508, 0.20372723042964935, 0.05343430116772652]"
5ae8256355429952e35eaa59::working_set_pack_a,5ae8256355429952e35eaa59,1.0,0.75,True,False,"[0.8474917411804199, 0.0940985456109047, 0.03617137297987938]"
5ae8256355429952e35eaa59::active_set_pack_a,5ae8256355429952e35eaa59,1.0,0.75,True,False,"[0.876142144203186, 0.06817198544740677, 0.036795929074287415]"
5ae8256355429952e35eaa59::working_set_pack_b,5ae8256355429952e35eaa59,1.0,0.75,True,False,"[0.7907017469406128, 0.10240917652845383, 0.07094332575798035]"
5ae8256355429952e35eaa59::active_set_pack_b,5ae8256355429952e35eaa59,1.0,0.875,True,False,"[0.8209596276283264, 0.0897022932767868, 0.060518790036439896]"
5a827a9f55429940e5e1a8cf::working_set_pack_a,5a827a9f55429940e5e1a8cf,1.0,1.0,True,True,"[0.6994521021842957, 0.1741417795419693, 0.06951864063739777]"
5a827a9f55429940e5e1a8cf::active_set_pack_a,5a827a9f55429940e5e1a8cf,1.0,1.0,True,True,"[0.7745088934898376, 0.12865349650382996, 0.06009797379374504]"
5a827a9f55429940e5e1a8cf::working_set_pack_b,5a827a9f55429940e5e1a8cf,1.0,1.0,True,True,"[0.7996451258659363, 0.11578020453453064, 0.05747843161225319]"
5a827a9f55429940e5e1a8cf::active_set_pack_b,5a827a9f55429940e5e1a8cf,1.0,1.0,True,True,"[0.648169219493866, 0.2515166103839874, 0.06447434425354004]"
5a8d32ae5542994ba4e3dc1d::working_set_pack_a,5a8d32ae5542994ba4e3dc1d,0.875,0.875,False,False,"[0.8945426344871521, 0.04920127987861633, 0.03572719916701317]"
5a8d32ae5542994ba4e3dc1d::active_set_pack_a,5a8d32ae5542994ba4e3dc1d,1.0,1.0,True,True,"[0.9161691665649414, 0.04615352675318718, 0.018781675025820732]"
5a8d32ae5542994ba4e3dc1d::working_set_pack_b,5a8d32ae5542994ba4e3dc1d,1.0,1.0,True,True,"[0.8987236022949219, 0.052715640515089035, 0.02534831501543522]"
5a8d32ae5542994ba4e3dc1d::active_set_pack_b,5a8d32ae5542994ba4e3dc1d,1.0,1.0,True,True,"[0.9400104880332947, 0.028385579586029053, 0.019487416371703148]"
5a8634195542991e771815ba::working_set_pack_a,5a8634195542991e771815ba,0.75,0.75,False,False,"[0.7264597415924072, 0.16027359664440155, 0.06288881599903107]"
5a8634195542991e771815ba::active_set_pack_a,5a8634195542991e771815ba,0.875,0.875,False,False,"[0.7840365767478943, 0.13940848410129547, 0.045935265719890594]"
5a8634195542991e771815ba::working_set_pack_b,5a8634195542991e771815ba,0.875,0.875,False,False,"[0.8131181001663208, 0.12473230063915253, 0.041133057326078415]"
5a8634195542991e771815ba::active_set_pack_b,5a8634195542991e771815ba,0.875,0.875,False,False,"[0.8682615160942078, 0.09002179652452469, 0.021665215492248535]"
5ae1fc135542997283cd2309::working_set_pack_a,5ae1fc135542997283cd2309,0.875,1.0,False,True,"[0.45026159286499023, 0.2566373348236084, 0.16416193544864655]"
5ae1fc135542997283cd2309::active_set_pack_a,5ae1fc135542997283cd2309,0.875,0.875,False,False,"[0.4695848822593689, 0.2855987250804901, 0.180887833237648]"
5ae1fc135542997283cd2309::working_set_pack_b,5ae1fc135542997283cd2309,0.875,0.875,False,False,"[0.6609488725662231, 0.1944240778684616, 0.09424705058336258]"
5ae1fc135542997283cd2309::active_set_pack_b,5ae1fc135542997283cd2309,0.875,0.875,False,False,"[0.7858084440231323, 0.11802589893341064, 0.06981891393661499]"
5a8844135542994846c1ce77::working_set_pack_a,5a8844135542994846c1ce77,0.875,0.625,False,False,"[0.8111934065818787, 0.1318163275718689, 0.03570747748017311]"
5a8844135542994846c1ce77::active_set_pack_a,5a8844135542994846c1ce77,0.75,0.625,False,False,"[0.8018825054168701, 0.11956201493740082, 0.05948476120829582]"
5a8844135542994846c1ce77::working_set_pack_b,5a8844135542994846c1ce77,0.75,0.5,False,False,"[0.8226855993270874, 0.11610715091228485, 0.04721422865986824]"
5a8844135542994846c1ce77::active_set_pack_b,5a8844135542994846c1ce77,0.75,0.5,False,False,"[0.8419612050056458, 0.1192661002278328, 0.019616499543190002]"
5ac0d9e55542992a796ded92::working_set_pack_a,5ac0d9e55542992a796ded92,1.0,1.0,True,True,"[0.4876692295074463, 0.34160730242729187, 0.07172480970621109]"
5ac0d9e55542992a796ded92::active_set_pack_a,5ac0d9e55542992a796ded92,1.0,0.5,True,False,"[0.4650963544845581, 0.31732237339019775, 0.09468487650156021]"
5ac0d9e55542992a796ded92::working_set_pack_b,5ac0d9e55542992a796ded92,1.0,1.0,True,True,"[0.813038170337677, 0.08894913643598557, 0.038983289152383804]"
5ac0d9e55542992a796ded92::active_set_pack_b,5ac0d9e55542992a796ded92,1.0,1.0,True,True,"[0.6719540953636169, 0.23767302930355072, 0.0450756698846817]"
5a8a30ad5542992d82986eec::working_set_pack_a,5a8a30ad5542992d82986eec,1.0,1.0,True,True,"[0.7604630589485168, 0.11569582670927048, 0.08025707304477692]"
5a8a30ad5542992d82986eec::active_set_pack_a,5a8a30ad5542992d82986eec,1.0,1.0,True,True,"[0.6875088810920715, 0.1769123524427414, 0.09443154186010361]"
5a8a30ad5542992d82986eec::working_set_pack_b,5a8a30ad5542992d82986eec,1.0,1.0,True,True,"[0.4993182122707367, 0.33082789182662964, 0.09170959144830704]"
5a8a30ad5542992d82986eec::active_set_pack_b,5a8a30ad5542992d82986eec,1.0,1.0,True,True,"[0.5712394118309021, 0.35385429859161377, 0.04200929403305054]"
5a8deeb455429917b4a5bce2::working_set_pack_a,5a8deeb455429917b4a5bce2,1.0,1.0,True,True,"[0.8201947212219238, 0.10936524718999863, 0.04225693270564079]"
5a8deeb455429917b4a5bce2::active_set_pack_a,5a8deeb455429917b4a5bce2,0.875,0.875,False,False,"[0.8512315154075623, 0.07595651596784592, 0.043597109615802765]"
5a8deeb455429917b4a5bce2::working_set_pack_b,5a8deeb455429917b4a5bce2,1.0,1.0,True,True,"[0.7855459451675415, 0.13793255388736725, 0.04550670459866524]"
5a8deeb455429917b4a5bce2::active_set_pack_b,5a8deeb455429917b4a5bce2,1.0,1.0,True,True,"[0.8389316201210022, 0.12614507973194122, 0.02254771627485752]"
5a73035d5542992359bc31fd::working_set_pack_a,5a73035d5542992359bc31fd,1.0,1.0,True,True,"[0.5038959383964539, 0.18846659362316132, 0.15683770179748535]"
5a73035d5542992359bc31fd::active_set_pack_a,5a73035d5542992359bc31fd,1.0,1.0,True,True,"[0.6024007201194763, 0.19729967415332794, 0.09773355722427368]"
5a73035d5542992359bc31fd::working_set_pack_b,5a73035d5542992359bc31fd,0.875,0.875,False,False,"[0.5862131714820862, 0.16309723258018494, 0.10899735242128372]"
5a73035d5542992359bc31fd::active_set_pack_b,5a73035d5542992359bc31fd,1.0,1.0,True,True,"[0.59930419921875, 0.17239698767662048, 0.12331084161996841]"
5ade4b7f55429939a52fe877::working_set_pack_a,5ade4b7f55429939a52fe877,1.0,1.0,True,True,"[0.7734308838844299, 0.11033754050731659, 0.07412046194076538]"
5ade4b7f55429939a52fe877::active_set_pack_a,5ade4b7f55429939a52fe877,0.875,0.875,False,False,"[0.8623047471046448, 0.059400591999292374, 0.04788219928741455]"
5ade4b7f55429939a52fe877::working_set_pack_b,5ade4b7f55429939a52fe877,0.875,0.875,False,False,"[0.7995639443397522, 0.10304374247789383, 0.06264199316501617]"
5ade4b7f55429939a52fe877::active_set_pack_b,5ade4b7f55429939a52fe877,0.875,0.875,False,False,"[0.8736122250556946, 0.05899730697274208, 0.03453461825847626]"
5a7bc8b1554299294a54aad0::working_set_pack_a,5a7bc8b1554299294a54aad0,0.75,0.5,False,False,"[0.8404367566108704, 0.09987139701843262, 0.031490109860897064]"
5a7bc8b1554299294a54aad0::active_set_pack_a,5a7bc8b1554299294a54aad0,0.75,0.5,False,False,"[0.8349675536155701, 0.103099524974823, 0.033167000859975815]"
5a7bc8b1554299294a54aad0::working_set_pack_b,5a7bc8b1554299294a54aad0,0.875,0.875,False,False,"[0.7648671865463257, 0.1209023967385292, 0.05481080710887909]"
5a7bc8b1554299294a54aad0::active_set_pack_b,5a7bc8b1554299294a54aad0,0.875,0.875,False,False,"[0.7266504764556885, 0.13142381608486176, 0.06836467981338501]"
5abc2e3d554299114383a0f6::working_set_pack_a,5abc2e3d554299114383a0f6,1.0,0.75,True,False,"[0.43274542689323425, 0.2771734595298767, 0.19059625267982483]"
5abc2e3d554299114383a0f6::active_set_pack_a,5abc2e3d554299114383a0f6,1.0,0.75,True,False,"[0.426896870136261, 0.25209397077560425, 0.1541016399860382]"
5abc2e3d554299114383a0f6::working_set_pack_b,5abc2e3d554299114383a0f6,1.0,1.0,True,True,"[0.4330836236476898, 0.3148100972175598, 0.1824168860912323]"
5abc2e3d554299114383a0f6::active_set_pack_b,5abc2e3d554299114383a0f6,1.0,1.0,True,True,"[0.5168169736862183, 0.25345081090927124, 0.14864985644817352]"
5a7929cf554299029c4b5f12::working_set_pack_a,5a7929cf554299029c4b5f12,1.0,1.0,True,True,"[0.8377987742424011, 0.08080342411994934, 0.04753876104950905]"
5a7929cf554299029c4b5f12::active_set_pack_a,5a7929cf554299029c4b5f12,1.0,1.0,True,True,"[0.8075555562973022, 0.11266356706619263, 0.051039520651102066]"
5a7929cf554299029c4b5f12::working_set_pack_b,5a7929cf554299029c4b5f12,0.875,0.875,False,False,"[0.5078096985816956, 0.3397454619407654, 0.12271764874458313]"
5a7929cf554299029c4b5f12::active_set_pack_b,5a7929cf554299029c4b5f12,1.0,1.0,True,True,"[0.6659547090530396, 0.20158368349075317, 0.08874434232711792]"
5ab964ae5542996be20204c0::working_set_pack_a,5ab964ae5542996be20204c0,0.625,0.625,False,False,"[0.5869032144546509, 0.2378813475370407, 0.11181104928255081]"
5ab964ae5542996be20204c0::active_set_pack_a,5ab964ae5542996be20204c0,0.625,0.625,False,False,"[0.6478105187416077, 0.21952508389949799, 0.08190448582172394]"
5ab964ae5542996be20204c0::working_set_pack_b,5ab964ae5542996be20204c0,1.0,0.75,True,False,"[0.736755907535553, 0.14904889464378357, 0.08696842938661575]"
5ab964ae5542996be20204c0::active_set_pack_b,5ab964ae5542996be20204c0,1.0,0.75,True,False,"[0.7121503949165344, 0.17881812155246735, 0.06714437156915665]"
5add44235542995b365faae2::working_set_pack_a,5add44235542995b365faae2,1.0,1.0,True,True,"[0.8194431662559509, 0.11155451089143753, 0.031635552644729614]"
5add44235542995b365faae2::active_set_pack_a,5add44235542995b365faae2,1.0,1.0,True,True,"[0.9117343425750732, 0.029832473024725914, 0.02902424894273281]"
5add44235542995b365faae2::working_set_pack_b,5add44235542995b365faae2,1.0,1.0,True,True,"[0.883645236492157, 0.03996060788631439, 0.034141022711992264]"
5add44235542995b365faae2::active_set_pack_b,5add44235542995b365faae2,1.0,1.0,True,True,"[0.9057741165161133, 0.03173638507723808, 0.027841292321681976]"
5a8a662755429930ff3c0dc5::working_set_pack_a,5a8a662755429930ff3c0dc5,0.75,0.5,False,False,"[0.8927060961723328, 0.05205361917614937, 0.03148198127746582]"
5a8a662755429930ff3c0dc5::active_set_pack_a,5a8a662755429930ff3c0dc5,1.0,0.625,True,False,"[0.8257571458816528, 0.12194579839706421, 0.025550441816449165]"
5a8a662755429930ff3c0dc5::working_set_pack_b,5a8a662755429930ff3c0dc5,0.75,0.625,False,False,"[0.8915457725524902, 0.05921696498990059, 0.02993309684097767]"
5a8a662755429930ff3c0dc5::active_set_pack_b,5a8a662755429930ff3c0dc5,0.75,0.5,False,False,"[0.8699506521224976, 0.0658840760588646, 0.03914650157094002]"
5ae750175542997b22f6a6b6::working_set_pack_a,5ae750175542997b22f6a6b6,0.75,1.0,False,True,"[0.5568594932556152, 0.2172023057937622, 0.130085289478302]"
5ae750175542997b22f6a6b6::active_set_pack_a,5ae750175542997b22f6a6b6,0.875,0.75,False,False,"[0.7664811015129089, 0.11457932740449905, 0.062023062258958817]"
5ae750175542997b22f6a6b6::working_set_pack_b,5ae750175542997b22f6a6b6,1.0,1.0,True,True,"[0.6531329154968262, 0.17127202451229095, 0.08743683993816376]"
5ae750175542997b22f6a6b6::active_set_pack_b,5ae750175542997b22f6a6b6,1.0,1.0,True,True,"[0.5293522477149963, 0.37121787667274475, 0.047997742891311646]"
5a7794525542995d831811f3::working_set_pack_a,5a7794525542995d831811f3,0.875,0.875,False,False,"[0.767516016960144, 0.15201853215694427, 0.06362907588481903]"
5a7794525542995d831811f3::active_set_pack_a,5a7794525542995d831811f3,0.875,0.875,False,False,"[0.698228657245636, 0.19257186353206635, 0.08784575760364532]"
5a7794525542995d831811f3::working_set_pack_b,5a7794525542995d831811f3,0.875,0.875,False,False,"[0.7502611875534058, 0.1651199907064438, 0.06761964410543442]"
5a7794525542995d831811f3::active_set_pack_b,5a7794525542995d831811f3,0.875,0.875,False,False,"[0.8433643579483032, 0.09123744815587997, 0.04583434760570526]"
5ab542875542997d4ad1f0e1::working_set_pack_a,5ab542875542997d4ad1f0e1,1.0,0.625,True,False,"[0.8172586560249329, 0.06627412885427475, 0.05752528831362724]"
5ab542875542997d4ad1f0e1::active_set_pack_a,5ab542875542997d4ad1f0e1,1.0,0.75,True,False,"[0.7391480207443237, 0.0974959060549736, 0.07564419507980347]"
5ab542875542997d4ad1f0e1::working_set_pack_b,5ab542875542997d4ad1f0e1,1.0,1.0,True,True,"[0.6244559288024902, 0.13943889737129211, 0.12296231091022491]"
5ab542875542997d4ad1f0e1::active_set_pack_b,5ab542875542997d4ad1f0e1,1.0,0.875,True,False,"[0.7253459692001343, 0.11257987469434738, 0.09504150599241257]"
5ae1c9ea5542997f29b3c103::working_set_pack_a,5ae1c9ea5542997f29b3c103,0.875,1.0,False,True,"[0.6449543237686157, 0.2297886162996292, 0.07769982516765594]"
5ae1c9ea5542997f29b3c103::active_set_pack_a,5ae1c9ea5542997f29b3c103,1.0,1.0,True,True,"[0.8372459411621094, 0.08814126253128052, 0.036904528737068176]"
5ae1c9ea5542997f29b3c103::working_set_pack_b,5ae1c9ea5542997f29b3c103,1.0,1.0,True,True,"[0.7766636610031128, 0.14914964139461517, 0.03855321556329727]"
5ae1c9ea5542997f29b3c103::active_set_pack_b,5ae1c9ea5542997f29b3c103,1.0,1.0,True,True,"[0.7045719027519226, 0.18881496787071228, 0.0618584044277668]"
5ab61c7f554299710c8d1e64::working_set_pack_a,5ab61c7f554299710c8d1e64,1.0,0.75,True,False,"[0.6328538060188293, 0.13299192488193512, 0.12942440807819366]"
5ab61c7f554299710c8d1e64::active_set_pack_a,5ab61c7f554299710c8d1e64,0.75,0.75,False,False,"[0.6754371523857117, 0.13513660430908203, 0.10116776078939438]"
5ab61c7f554299710c8d1e64::working_set_pack_b,5ab61c7f554299710c8d1e64,0.75,0.75,False,False,"[0.7584574818611145, 0.14201666414737701, 0.05802255868911743]"
5ab61c7f554299710c8d1e64::active_set_pack_b,5ab61c7f554299710c8d1e64,0.75,0.625,False,False,"[0.7735033631324768, 0.13470736145973206, 0.0625673457980156]"
5a88b8e755429946c8d6e899::working_set_pack_a,5a88b8e755429946c8d6e899,0.875,0.625,False,False,"[0.6411001682281494, 0.15492361783981323, 0.10453774780035019]"
5a88b8e755429946c8d6e899::active_set_pack_a,5a88b8e755429946c8d6e899,0.75,0.625,False,False,"[0.6318941712379456, 0.17589552700519562, 0.10140585154294968]"
5a88b8e755429946c8d6e899::working_set_pack_b,5a88b8e755429946c8d6e899,0.75,0.625,False,False,"[0.5930547714233398, 0.1948731392621994, 0.09349279850721359]"
5a88b8e755429946c8d6e899::active_set_pack_b,5a88b8e755429946c8d6e899,0.875,0.75,False,False,"[0.6440892219543457, 0.14779463410377502, 0.09453629702329636]"
5ac3de5c5542995c82c4ac68::working_set_pack_a,5ac3de5c5542995c82c4ac68,1.0,0.875,True,False,"[0.7028545141220093, 0.16358943283557892, 0.08502818644046783]"
5ac3de5c5542995c82c4ac68::active_set_pack_a,5ac3de5c5542995c82c4ac68,1.0,1.0,True,True,"[0.7460436820983887, 0.1324489712715149, 0.07782295346260071]"
5ac3de5c5542995c82c4ac68::working_set_pack_b,5ac3de5c5542995c82c4ac68,0.875,0.875,False,False,"[0.8872115612030029, 0.04991130530834198, 0.034635525196790695]"
5ac3de5c5542995c82c4ac68::active_set_pack_b,5ac3de5c5542995c82c4ac68,1.0,1.0,True,True,"[0.8337335586547852, 0.08745735883712769, 0.055829569697380066]"
5aba7995554299232ef4a2e2::working_set_pack_a,5aba7995554299232ef4a2e2,0.875,0.875,False,False,"[0.7930907607078552, 0.14457376301288605, 0.04993101954460144]"
5aba7995554299232ef4a2e2::active_set_pack_a,5aba7995554299232ef4a2e2,1.0,1.0,True,True,"[0.781302273273468, 0.12003866583108902, 0.08220549672842026]"
5aba7995554299232ef4a2e2::working_set_pack_b,5aba7995554299232ef4a2e2,1.0,0.875,True,False,"[0.9380805492401123, 0.03372218832373619, 0.023285118862986565]"
5aba7995554299232ef4a2e2::active_set_pack_b,5aba7995554299232ef4a2e2,1.0,1.0,True,True,"[0.8518116474151611, 0.09275919944047928, 0.04522291570901871]"
5a7db8d95542995ed0d16665::working_set_pack_a,5a7db8d95542995ed0d16665,1.0,1.0,True,True,"[0.6510075926780701, 0.3039909899234772, 0.025064542889595032]"
5a7db8d95542995ed0d16665::active_set_pack_a,5a7db8d95542995ed0d16665,1.0,1.0,True,True,"[0.6807622909545898, 0.27819979190826416, 0.02260902151465416]"
5a7db8d95542995ed0d16665::working_set_pack_b,5a7db8d95542995ed0d16665,1.0,1.0,True,True,"[0.7147587537765503, 0.25392457842826843, 0.015529893338680267]"
5a7db8d95542995ed0d16665::active_set_pack_b,5a7db8d95542995ed0d16665,1.0,1.0,True,True,"[0.6330118179321289, 0.2804500162601471, 0.06634147465229034]"
5ab488f85542990594ba9c58::working_set_pack_a,5ab488f85542990594ba9c58,0.875,0.875,False,False,"[0.9276697635650635, 0.037062544375658035, 0.02492952160537243]"
5ab488f85542990594ba9c58::active_set_pack_a,5ab488f85542990594ba9c58,1.0,1.0,True,True,"[0.9377525448799133, 0.0399162620306015, 0.011380411684513092]"
5ab488f85542990594ba9c58::working_set_pack_b,5ab488f85542990594ba9c58,1.0,1.0,True,True,"[0.9008037447929382, 0.06003081426024437, 0.018222671002149582]"
5ab488f85542990594ba9c58::active_set_pack_b,5ab488f85542990594ba9c58,0.875,0.875,False,False,"[0.8829481601715088, 0.07215966284275055, 0.028122976422309875]"
5a82a59855429940e5e1a909::working_set_pack_a,5a82a59855429940e5e1a909,1.0,1.0,True,True,"[0.6531195640563965, 0.27287939190864563, 0.031986303627491]"
5a82a59855429940e5e1a909::active_set_pack_a,5a82a59855429940e5e1a909,1.0,1.0,True,True,"[0.7569280862808228, 0.18232744932174683, 0.026687853038311005]"
5a82a59855429940e5e1a909::working_set_pack_b,5a82a59855429940e5e1a909,0.875,0.875,False,False,"[0.7998213768005371, 0.10482931137084961, 0.06332598626613617]"
5a82a59855429940e5e1a909::active_set_pack_b,5a82a59855429940e5e1a909,1.0,1.0,True,True,"[0.752448320388794, 0.19362209737300873, 0.03260841593146324]"
5a7e8a9c55429949594199fb::working_set_pack_a,5a7e8a9c55429949594199fb,0.875,0.875,False,False,"[0.9554007053375244, 0.018251152709126472, 0.011855065822601318]"
5a7e8a9c55429949594199fb::active_set_pack_a,5a7e8a9c55429949594199fb,0.875,0.875,False,False,"[0.9597088098526001, 0.016544008627533913, 0.011456497944891453]"
5a7e8a9c55429949594199fb::working_set_pack_b,5a7e8a9c55429949594199fb,1.0,0.875,True,False,"[0.9497369527816772, 0.019792163744568825, 0.012947672978043556]"
5a7e8a9c55429949594199fb::active_set_pack_b,5a7e8a9c55429949594199fb,1.0,1.0,True,True,"[0.899946928024292, 0.06465371698141098, 0.02340778149664402]"
5a8c94a25542995e66a47628::working_set_pack_a,5a8c94a25542995e66a47628,1.0,1.0,True,True,"[0.8234456181526184, 0.1244954913854599, 0.027836471796035767]"
5a8c94a25542995e66a47628::active_set_pack_a,5a8c94a25542995e66a47628,0.875,1.0,False,True,"[0.8740447759628296, 0.06464023143053055, 0.03187880292534828]"
5a8c94a25542995e66a47628::working_set_pack_b,5a8c94a25542995e66a47628,0.875,0.875,False,False,"[0.8682946562767029, 0.0572696179151535, 0.04497101530432701]"
5a8c94a25542995e66a47628::active_set_pack_b,5a8c94a25542995e66a47628,0.875,0.875,False,False,"[0.9116063714027405, 0.03882760554552078, 0.03090636432170868]"
5a7cbb6d554299452d57b9d2::working_set_pack_a,5a7cbb6d554299452d57b9d2,0.875,0.875,False,False,"[0.7264381647109985, 0.11211181432008743, 0.08423219621181488]"
5a7cbb6d554299452d57b9d2::active_set_pack_a,5a7cbb6d554299452d57b9d2,1.0,1.0,True,True,"[0.8163514137268066, 0.09679761528968811, 0.03546154871582985]"
5a7cbb6d554299452d57b9d2::working_set_pack_b,5a7cbb6d554299452d57b9d2,1.0,1.0,True,True,"[0.7402834296226501, 0.13169331848621368, 0.06854593753814697]"
5a7cbb6d554299452d57b9d2::active_set_pack_b,5a7cbb6d554299452d57b9d2,1.0,1.0,True,True,"[0.606714129447937, 0.3423033058643341, 0.029301196336746216]"
5ac2ac4d554299218029daf1::working_set_pack_a,5ac2ac4d554299218029daf1,1.0,1.0,True,True,"[0.5947210192680359, 0.28617990016937256, 0.07780970633029938]"
5ac2ac4d554299218029daf1::active_set_pack_a,5ac2ac4d554299218029daf1,1.0,1.0,True,True,"[0.49065420031547546, 0.28403955698013306, 0.202392578125]"
5ac2ac4d554299218029daf1::working_set_pack_b,5ac2ac4d554299218029daf1,0.875,0.875,False,False,"[0.7603513598442078, 0.14113323390483856, 0.06282404065132141]"
5ac2ac4d554299218029daf1::active_set_pack_b,5ac2ac4d554299218029daf1,0.75,0.75,False,False,"[0.8545343279838562, 0.07030683755874634, 0.03614385798573494]"
5a832ee355429954d2e2ec4d::working_set_pack_a,5a832ee355429954d2e2ec4d,1.0,1.0,True,True,"[0.6477006673812866, 0.3109027147293091, 0.025460204109549522]"
5a832ee355429954d2e2ec4d::active_set_pack_a,5a832ee355429954d2e2ec4d,1.0,1.0,True,True,"[0.6286313533782959, 0.3257574737071991, 0.028667746111750603]"
5a832ee355429954d2e2ec4d::working_set_pack_b,5a832ee355429954d2e2ec4d,1.0,1.0,True,True,"[0.5363150835037231, 0.38284197449684143, 0.06073451787233353]"
5a832ee355429954d2e2ec4d::active_set_pack_b,5a832ee355429954d2e2ec4d,1.0,1.0,True,True,"[0.6993017792701721, 0.2549196481704712, 0.026859765872359276]"
5abf82965542997719eab694::working_set_pack_a,5abf82965542997719eab694,1.0,1.0,True,True,"[0.5417235493659973, 0.29137593507766724, 0.08128543198108673]"
5abf82965542997719eab694::active_set_pack_a,5abf82965542997719eab694,1.0,1.0,True,True,"[0.6076094508171082, 0.2341274470090866, 0.07155311852693558]"
5abf82965542997719eab694::working_set_pack_b,5abf82965542997719eab694,1.0,1.0,True,True,"[0.47014832496643066, 0.312938392162323, 0.11280152946710587]"
5abf82965542997719eab694::active_set_pack_b,5abf82965542997719eab694,1.0,1.0,True,True,"[0.5675321817398071, 0.23388825356960297, 0.08544624596834183]"
5a76c13555429937353601a0::working_set_pack_a,5a76c13555429937353601a0,1.0,0.75,True,False,"[0.7274541854858398, 0.13438326120376587, 0.08573907613754272]"
5a76c13555429937353601a0::active_set_pack_a,5a76c13555429937353601a0,1.0,0.75,True,False,"[0.8193450570106506, 0.09191013872623444, 0.05966716632246971]"
5a76c13555429937353601a0::working_set_pack_b,5a76c13555429937353601a0,1.0,0.75,True,False,"[0.7522350549697876, 0.12112312018871307, 0.07815016806125641]"
5a76c13555429937353601a0::active_set_pack_b,5a76c13555429937353601a0,1.0,0.75,True,False,"[0.6426340937614441, 0.19956713914871216, 0.11531805247068405]"
5adecc6355429975fa854f9c::working_set_pack_a,5adecc6355429975fa854f9c,1.0,1.0,True,True,"[0.7790471911430359, 0.08941423147916794, 0.08500953763723373]"
5adecc6355429975fa854f9c::active_set_pack_a,5adecc6355429975fa854f9c,0.75,0.875,False,False,"[0.8480614423751831, 0.06709228456020355, 0.05301825329661369]"
5adecc6355429975fa854f9c::working_set_pack_b,5adecc6355429975fa854f9c,1.0,1.0,True,True,"[0.672583281993866, 0.14133328199386597, 0.09117518365383148]"
5adecc6355429975fa854f9c::active_set_pack_b,5adecc6355429975fa854f9c,1.0,1.0,True,True,"[0.8266034126281738, 0.08751621097326279, 0.05306491628289223]"
5abb89fc5542993f40c73b19::working_set_pack_a,5abb89fc5542993f40c73b19,0.875,0.75,False,False,"[0.9014421701431274, 0.03916360065340996, 0.02718338742852211]"
5abb89fc5542993f40c73b19::active_set_pack_a,5abb89fc5542993f40c73b19,0.75,0.75,False,False,"[0.7916747331619263, 0.1084451898932457, 0.055743876844644547]"
5abb89fc5542993f40c73b19::working_set_pack_b,5abb89fc5542993f40c73b19,1.0,0.75,True,False,"[0.7272880673408508, 0.16109488904476166, 0.06380091607570648]"
5abb89fc5542993f40c73b19::active_set_pack_b,5abb89fc5542993f40c73b19,1.0,0.875,True,False,"[0.6462745070457458, 0.2376166731119156, 0.05769552290439606]"
5aba8f7b55429901930fa832::working_set_pack_a,5aba8f7b55429901930fa832,1.0,1.0,True,True,"[0.7836556434631348, 0.12847532331943512, 0.03927203267812729]"
5aba8f7b55429901930fa832::active_set_pack_a,5aba8f7b55429901930fa832,1.0,1.0,True,True,"[0.6983163356781006, 0.2048628032207489, 0.04091038182377815]"
5aba8f7b55429901930fa832::working_set_pack_b,5aba8f7b55429901930fa832,1.0,1.0,True,True,"[0.6816442012786865, 0.22807225584983826, 0.05458049476146698]"
5aba8f7b55429901930fa832::active_set_pack_b,5aba8f7b55429901930fa832,1.0,1.0,True,True,"[0.7650269865989685, 0.17863361537456512, 0.025367435067892075]"
5ab413e55542996a3a969f1b::working_set_pack_a,5ab413e55542996a3a969f1b,0.75,0.625,False,False,"[0.975624144077301, 0.010625236667692661, 0.006316150538623333]"
5ab413e55542996a3a969f1b::active_set_pack_a,5ab413e55542996a3a969f1b,0.75,0.75,False,False,"[0.977806568145752, 0.011031458154320717, 0.006809860467910767]"
5ab413e55542996a3a969f1b::working_set_pack_b,5ab413e55542996a3a969f1b,0.75,0.875,False,False,"[0.9730310440063477, 0.010614349506795406, 0.007865947671234608]"
5ab413e55542996a3a969f1b::active_set_pack_b,5ab413e55542996a3a969f1b,0.875,1.0,False,True,"[0.9745888710021973, 0.008987962268292904, 0.00870086532086134]"
5a721dff55429971e9dc928c::working_set_pack_a,5a721dff55429971e9dc928c,1.0,1.0,True,True,"[0.5230454802513123, 0.3544975221157074, 0.08376508951187134]"
5a721dff55429971e9dc928c::active_set_pack_a,5a721dff55429971e9dc928c,1.0,1.0,True,True,"[0.5430293083190918, 0.3645305037498474, 0.05329224467277527]"
5a721dff55429971e9dc928c::working_set_pack_b,5a721dff55429971e9dc928c,1.0,1.0,True,True,"[0.5952714681625366, 0.2956755757331848, 0.07931674271821976]"
5a721dff55429971e9dc928c::active_set_pack_b,5a721dff55429971e9dc928c,1.0,1.0,True,True,"[0.559099555015564, 0.3403105139732361, 0.08293386548757553]"
5ab395c4554299233954ff5a::working_set_pack_a,5ab395c4554299233954ff5a,0.875,0.5,False,False,"[0.915581226348877, 0.04302224889397621, 0.022719327360391617]"
5ab395c4554299233954ff5a::active_set_pack_a,5ab395c4554299233954ff5a,0.875,0.5,False,False,"[0.9331144690513611, 0.04052635654807091, 0.018509268760681152]"
5ab395c4554299233954ff5a::working_set_pack_b,5ab395c4554299233954ff5a,0.875,0.5,False,False,"[0.9310644865036011, 0.043982233852148056, 0.018659884110093117]"
5ab395c4554299233954ff5a::active_set_pack_b,5ab395c4554299233954ff5a,0.75,0.625,False,False,"[0.9684147834777832, 0.016706988215446472, 0.008897230960428715]"
5ae33c6b5542992f92d82263::working_set_pack_a,5ae33c6b5542992f92d82263,1.0,1.0,True,True,"[0.9448811411857605, 0.019456125795841217, 0.017832495272159576]"
5ae33c6b5542992f92d82263::active_set_pack_a,5ae33c6b5542992f92d82263,0.75,0.75,False,False,"[0.9655010104179382, 0.012029902078211308, 0.00983933825045824]"
5ae33c6b5542992f92d82263::working_set_pack_b,5ae33c6b5542992f92d82263,0.875,0.875,False,False,"[0.9450283050537109, 0.02683831751346588, 0.016436779871582985]"
5ae33c6b5542992f92d82263::active_set_pack_b,5ae33c6b5542992f92d82263,1.0,1.0,True,True,"[0.9506268501281738, 0.019123708829283714, 0.01347687654197216]"
5ae2aa155542996483e64a23::working_set_pack_a,5ae2aa155542996483e64a23,1.0,1.0,True,True,"[0.5722912549972534, 0.3973251283168793, 0.01703134924173355]"
5ae2aa155542996483e64a23::active_set_pack_a,5ae2aa155542996483e64a23,1.0,1.0,True,True,"[0.6257781386375427, 0.34503087401390076, 0.018788401037454605]"
5ae2aa155542996483e64a23::working_set_pack_b,5ae2aa155542996483e64a23,1.0,1.0,True,True,"[0.681618869304657, 0.3059752285480499, 0.006079136859625578]"
5ae2aa155542996483e64a23::active_set_pack_b,5ae2aa155542996483e64a23,1.0,1.0,True,True,"[0.6137099862098694, 0.37525883316993713, 0.005184823647141457]"
5ab8a17955429916710eb09e::working_set_pack_a,5ab8a17955429916710eb09e,0.75,0.625,False,False,"[0.7614585161209106, 0.20989835262298584, 0.017159568145871162]"
5ab8a17955429916710eb09e::active_set_pack_a,5ab8a17955429916710eb09e,0.75,0.75,False,False,"[0.8126721382141113, 0.1567307412624359, 0.01978844590485096]"
5ab8a17955429916710eb09e::working_set_pack_b,5ab8a17955429916710eb09e,0.625,0.625,False,False,"[0.8640637397766113, 0.08177819103002548, 0.036163609474897385]"
5ab8a17955429916710eb09e::active_set_pack_b,5ab8a17955429916710eb09e,0.75,0.75,False,False,"[0.9021095633506775, 0.048494286835193634, 0.03196031227707863]"
5a7bb84d554299294a54aaa1::working_set_pack_a,5a7bb84d554299294a54aaa1,1.0,1.0,True,True,"[0.8010111451148987, 0.13243933022022247, 0.032517749816179276]"
5a7bb84d554299294a54aaa1::active_set_pack_a,5a7bb84d554299294a54aaa1,0.875,0.875,False,False,"[0.6766791343688965, 0.1493481695652008, 0.1233525425195694]"
5a7bb84d554299294a54aaa1::working_set_pack_b,5a7bb84d554299294a54aaa1,1.0,1.0,True,True,"[0.7937421202659607, 0.14014656841754913, 0.03075624629855156]"
5a7bb84d554299294a54aaa1::active_set_pack_b,5a7bb84d554299294a54aaa1,1.0,1.0,True,True,"[0.8650761246681213, 0.06823181360960007, 0.03005480021238327]"
5adf97ae5542995534e8c800::working_set_pack_a,5adf97ae5542995534e8c800,0.875,0.875,False,False,"[0.934410035610199, 0.0242210291326046, 0.016765926033258438]"
5adf97ae5542995534e8c800::active_set_pack_a,5adf97ae5542995534e8c800,1.0,0.875,True,False,"[0.9010183215141296, 0.05477588251233101, 0.017935842275619507]"
5adf97ae5542995534e8c800::working_set_pack_b,5adf97ae5542995534e8c800,0.75,0.75,False,False,"[0.906336784362793, 0.030860567465424538, 0.025625532492995262]"
5adf97ae5542995534e8c800::active_set_pack_b,5adf97ae5542995534e8c800,1.0,0.875,True,False,"[0.920783281326294, 0.029055146500468254, 0.021782027557492256]"
5ac3231a5542995ef918c11a::working_set_pack_a,5ac3231a5542995ef918c11a,1.0,1.0,True,True,"[0.723647952079773, 0.19271421432495117, 0.03884735703468323]"
5ac3231a5542995ef918c11a::active_set_pack_a,5ac3231a5542995ef918c11a,1.0,1.0,True,True,"[0.7304802536964417, 0.2232465296983719, 0.02363594062626362]"
5ac3231a5542995ef918c11a::working_set_pack_b,5ac3231a5542995ef918c11a,1.0,1.0,True,True,"[0.5565343499183655, 0.3557940423488617, 0.054541923105716705]"
5ac3231a5542995ef918c11a::active_set_pack_b,5ac3231a5542995ef918c11a,1.0,1.0,True,True,"[0.8011628985404968, 0.15741373598575592, 0.027331698685884476]"
5a760de1554299109176e63c::working_set_pack_a,5a760de1554299109176e63c,1.0,1.0,True,True,"[0.8916821479797363, 0.09732717275619507, 0.004369731992483139]"
5a760de1554299109176e63c::active_set_pack_a,5a760de1554299109176e63c,1.0,1.0,True,True,"[0.9747523069381714, 0.015166693367064, 0.00421090517193079]"
5a760de1554299109176e63c::working_set_pack_b,5a760de1554299109176e63c,1.0,1.0,True,True,"[0.9183344841003418, 0.05766380578279495, 0.014630775898694992]"
5a760de1554299109176e63c::active_set_pack_b,5a760de1554299109176e63c,1.0,1.0,True,True,"[0.9201492071151733, 0.06146326661109924, 0.011196102015674114]"
5ab31d43554299233954ff0e::working_set_pack_a,5ab31d43554299233954ff0e,1.0,0.75,True,False,"[0.6653948426246643, 0.20745804905891418, 0.09444162994623184]"
5ab31d43554299233954ff0e::active_set_pack_a,5ab31d43554299233954ff0e,1.0,0.75,True,False,"[0.7272581458091736, 0.19295403361320496, 0.051075663417577744]"
5ab31d43554299233954ff0e::working_set_pack_b,5ab31d43554299233954ff0e,0.875,0.875,False,False,"[0.6348651647567749, 0.21041910350322723, 0.08460264652967453]"
5ab31d43554299233954ff0e::active_set_pack_b,5ab31d43554299233954ff0e,0.75,0.75,False,False,"[0.7405126690864563, 0.1588045060634613, 0.0568624809384346]"
5ab4330b55429942dd415edc::working_set_pack_a,5ab4330b55429942dd415edc,0.75,0.625,False,False,"[0.8085313439369202, 0.08827964216470718, 0.045401204377412796]"
5ab4330b55429942dd415edc::active_set_pack_a,5ab4330b55429942dd415edc,0.75,0.625,False,False,"[0.8205142617225647, 0.07650993764400482, 0.04517249017953873]"
5ab4330b55429942dd415edc::working_set_pack_b,5ab4330b55429942dd415edc,0.75,0.5,False,False,"[0.7510107755661011, 0.1593499332666397, 0.04320375621318817]"
5ab4330b55429942dd415edc::active_set_pack_b,5ab4330b55429942dd415edc,0.625,0.625,False,False,"[0.6930562257766724, 0.22753050923347473, 0.037630844861269]"
5a7626bd554299109176e678::working_set_pack_a,5a7626bd554299109176e678,0.75,0.75,False,False,"[0.8718575239181519, 0.09240120649337769, 0.019639458507299423]"
5a7626bd554299109176e678::active_set_pack_a,5a7626bd554299109176e678,0.625,0.625,False,False,"[0.895641028881073, 0.06194012984633446, 0.02381722815334797]"
5a7626bd554299109176e678::working_set_pack_b,5a7626bd554299109176e678,0.75,0.625,False,False,"[0.9355257153511047, 0.03481488302350044, 0.016315000131726265]"
5a7626bd554299109176e678::active_set_pack_b,5a7626bd554299109176e678,0.625,0.625,False,False,"[0.9515860676765442, 0.021729489788413048, 0.012955239973962307]"
5a7150665542994082a3e7bb::working_set_pack_a,5a7150665542994082a3e7bb,1.0,0.875,True,False,"[0.9156528115272522, 0.03225323557853699, 0.020231371745467186]"
5a7150665542994082a3e7bb::active_set_pack_a,5a7150665542994082a3e7bb,1.0,0.875,True,False,"[0.9216806888580322, 0.02956337109208107, 0.021106993779540062]"
5a7150665542994082a3e7bb::working_set_pack_b,5a7150665542994082a3e7bb,0.875,0.875,False,False,"[0.8348119854927063, 0.0925721749663353, 0.028406227007508278]"
5a7150665542994082a3e7bb::active_set_pack_b,5a7150665542994082a3e7bb,0.875,0.875,False,False,"[0.8980405330657959, 0.06692986935377121, 0.014186780899763107]"
5abe96e15542993f32c2a172::working_set_pack_a,5abe96e15542993f32c2a172,0.875,0.875,False,False,"[0.8321434855461121, 0.06936783343553543, 0.053173549473285675]"
5abe96e15542993f32c2a172::active_set_pack_a,5abe96e15542993f32c2a172,0.875,0.875,False,False,"[0.8505265712738037, 0.066714808344841, 0.045935358852148056]"
5abe96e15542993f32c2a172::working_set_pack_b,5abe96e15542993f32c2a172,1.0,0.75,True,False,"[0.7571065425872803, 0.1754004955291748, 0.03857888653874397]"
5abe96e15542993f32c2a172::active_set_pack_b,5abe96e15542993f32c2a172,0.875,0.75,False,False,"[0.7997172474861145, 0.14685070514678955, 0.030774304643273354]"
5a8b3d1855429949d91db4fe::working_set_pack_a,5a8b3d1855429949d91db4fe,0.875,0.75,False,False,"[0.917445957660675, 0.04281245172023773, 0.024310842156410217]"
5a8b3d1855429949d91db4fe::active_set_pack_a,5a8b3d1855429949d91db4fe,0.75,0.75,False,False,"[0.8961248397827148, 0.05279316380620003, 0.03160029649734497]"
5a8b3d1855429949d91db4fe::working_set_pack_b,5a8b3d1855429949d91db4fe,0.75,0.625,False,False,"[0.8542206287384033, 0.0830521360039711, 0.05534248426556587]"
5a8b3d1855429949d91db4fe::active_set_pack_b,5a8b3d1855429949d91db4fe,1.0,0.75,True,False,"[0.8726564049720764, 0.0896821990609169, 0.027778055518865585]"
5a804d725542995d8a8ddf60::working_set_pack_a,5a804d725542995d8a8ddf60,1.0,1.0,True,True,"[0.7183092832565308, 0.21387965977191925, 0.048373427242040634]"
5a804d725542995d8a8ddf60::active_set_pack_a,5a804d725542995d8a8ddf60,1.0,1.0,True,True,"[0.8484395742416382, 0.11565933376550674, 0.014891327358782291]"
5a804d725542995d8a8ddf60::working_set_pack_b,5a804d725542995d8a8ddf60,1.0,1.0,True,True,"[0.9134065508842468, 0.046217095106840134, 0.020026180893182755]"
5a804d725542995d8a8ddf60::active_set_pack_b,5a804d725542995d8a8ddf60,1.0,1.0,True,True,"[0.9271601438522339, 0.04297548905014992, 0.017445938661694527]"
5ab30cc755429976abd1bc3a::working_set_pack_a,5ab30cc755429976abd1bc3a,1.0,1.0,True,True,"[0.7676430940628052, 0.1155204102396965, 0.055620454251766205]"
5ab30cc755429976abd1bc3a::active_set_pack_a,5ab30cc755429976abd1bc3a,1.0,1.0,True,True,"[0.7573224902153015, 0.09808770567178726, 0.06239709630608559]"
5ab30cc755429976abd1bc3a::working_set_pack_b,5ab30cc755429976abd1bc3a,0.875,0.625,False,False,"[0.47050920128822327, 0.2957242429256439, 0.11018405854701996]"
5ab30cc755429976abd1bc3a::active_set_pack_b,5ab30cc755429976abd1bc3a,1.0,0.875,True,False,"[0.5991007685661316, 0.17760105431079865, 0.12217355519533157]"
5a89eca455429946c8d6ea11::working_set_pack_a,5a89eca455429946c8d6ea11,1.0,1.0,True,True,"[0.5163812637329102, 0.39765557646751404, 0.04457644373178482]"
5a89eca455429946c8d6ea11::active_set_pack_a,5a89eca455429946c8d6ea11,1.0,1.0,True,True,"[0.5360604524612427, 0.39005300402641296, 0.0379544235765934]"
5a89eca455429946c8d6ea11::working_set_pack_b,5a89eca455429946c8d6ea11,1.0,1.0,True,True,"[0.581587016582489, 0.3367632329463959, 0.04114917665719986]"
5a89eca455429946c8d6ea11::active_set_pack_b,5a89eca455429946c8d6ea11,1.0,1.0,True,True,"[0.48819032311439514, 0.3572763204574585, 0.08677718788385391]"
5abaf3385542996cc5e49f2f::working_set_pack_a,5abaf3385542996cc5e49f2f,0.875,0.875,False,False,"[0.9186554551124573, 0.05997483804821968, 0.014868893660604954]"
5abaf3385542996cc5e49f2f::active_set_pack_a,5abaf3385542996cc5e49f2f,1.0,0.875,True,False,"[0.9235042333602905, 0.06059785932302475, 0.008494514040648937]"
5abaf3385542996cc5e49f2f::working_set_pack_b,5abaf3385542996cc5e49f2f,0.875,0.875,False,False,"[0.9179492592811584, 0.05546186864376068, 0.01712818443775177]"
5abaf3385542996cc5e49f2f::active_set_pack_b,5abaf3385542996cc5e49f2f,0.875,0.875,False,False,"[0.9253663420677185, 0.04687782749533653, 0.014749914407730103]"
5ae55c2b5542992663a4f1e4::working_set_pack_a,5ae55c2b5542992663a4f1e4,0.875,0.875,False,False,"[0.8769773244857788, 0.0749647244811058, 0.034316424280405045]"
5ae55c2b5542992663a4f1e4::active_set_pack_a,5ae55c2b5542992663a4f1e4,1.0,0.875,True,False,"[0.9053815603256226, 0.06539469212293625, 0.018489738926291466]"
5ae55c2b5542992663a4f1e4::working_set_pack_b,5ae55c2b5542992663a4f1e4,0.875,0.875,False,False,"[0.9161148071289062, 0.045085590332746506, 0.0291926097124815]"
5ae55c2b5542992663a4f1e4::active_set_pack_b,5ae55c2b5542992663a4f1e4,1.0,1.0,True,True,"[0.9199033975601196, 0.03734926879405975, 0.027325427159667015]"
5a8ce61555429941ae14df36::working_set_pack_a,5a8ce61555429941ae14df36,1.0,1.0,True,True,"[0.9629136323928833, 0.015571611002087593, 0.008452498354017735]"
5a8ce61555429941ae14df36::active_set_pack_a,5a8ce61555429941ae14df36,0.875,1.0,False,True,"[0.968528687953949, 0.011301562190055847, 0.008890250697731972]"
5a8ce61555429941ae14df36::working_set_pack_b,5a8ce61555429941ae14df36,1.0,0.625,True,False,"[0.9700843691825867, 0.009757248684763908, 0.008684822358191013]"
5a8ce61555429941ae14df36::active_set_pack_b,5a8ce61555429941ae14df36,1.0,1.0,True,True,"[0.9678730964660645, 0.019485188648104668, 0.005257049575448036]"
5aba8365554299232ef4a319::working_set_pack_a,5aba8365554299232ef4a319,0.875,0.875,False,False,"[0.9290140867233276, 0.037328045815229416, 0.0228910930454731]"
5aba8365554299232ef4a319::active_set_pack_a,5aba8365554299232ef4a319,0.625,0.75,False,False,"[0.8621655106544495, 0.09081793576478958, 0.02533615380525589]"
5aba8365554299232ef4a319::working_set_pack_b,5aba8365554299232ef4a319,0.875,0.875,False,False,"[0.9281207919120789, 0.044386886060237885, 0.016851384192705154]"
5aba8365554299232ef4a319::active_set_pack_b,5aba8365554299232ef4a319,1.0,1.0,True,True,"[0.9223924279212952, 0.04200614616274834, 0.026938699185848236]"
5abcff77554299700f9d794f::working_set_pack_a,5abcff77554299700f9d794f,1.0,1.0,True,True,"[0.6483151912689209, 0.23689934611320496, 0.10788989067077637]"
5abcff77554299700f9d794f::active_set_pack_a,5abcff77554299700f9d794f,1.0,1.0,True,True,"[0.7091271877288818, 0.18247179687023163, 0.10003547370433807]"
5abcff77554299700f9d794f::working_set_pack_b,5abcff77554299700f9d794f,1.0,1.0,True,True,"[0.7311625480651855, 0.1683557778596878, 0.09521391242742538]"
5abcff77554299700f9d794f::active_set_pack_b,5abcff77554299700f9d794f,1.0,1.0,True,True,"[0.6986209750175476, 0.21936598420143127, 0.07491821050643921]"
5ab56b71554299637185c586::working_set_pack_a,5ab56b71554299637185c586,1.0,1.0,True,True,"[0.7412206530570984, 0.16972510516643524, 0.07481690496206284]"
5ab56b71554299637185c586::active_set_pack_a,5ab56b71554299637185c586,1.0,1.0,True,True,"[0.7891916036605835, 0.16519711911678314, 0.027189817279577255]"
5ab56b71554299637185c586::working_set_pack_b,5ab56b71554299637185c586,1.0,1.0,True,True,"[0.8307632207870483, 0.1295604109764099, 0.019014472141861916]"
5ab56b71554299637185c586::active_set_pack_b,5ab56b71554299637185c586,1.0,1.0,True,True,"[0.8330630660057068, 0.13850630819797516, 0.013014632277190685]"
5a7ea5125542994959419a40::working_set_pack_a,5a7ea5125542994959419a40,1.0,1.0,True,True,"[0.398655503988266, 0.32607758045196533, 0.1883297562599182]"
5a7ea5125542994959419a40::active_set_pack_a,5a7ea5125542994959419a40,0.875,0.875,False,False,"[0.41057077050209045, 0.29419606924057007, 0.19197240471839905]"
5a7ea5125542994959419a40::working_set_pack_b,5a7ea5125542994959419a40,1.0,0.75,True,False,"[0.5707308053970337, 0.18838459253311157, 0.14220313727855682]"
5a7ea5125542994959419a40::active_set_pack_b,5a7ea5125542994959419a40,1.0,1.0,True,True,"[0.49107494950294495, 0.2926230728626251, 0.16239997744560242]"
5ab90c2655429916710eb0ed::working_set_pack_a,5ab90c2655429916710eb0ed,0.875,0.75,False,False,"[0.9105370044708252, 0.04676097631454468, 0.01739785447716713]"
5ab90c2655429916710eb0ed::active_set_pack_a,5ab90c2655429916710eb0ed,0.875,0.5,False,False,"[0.9125512838363647, 0.036737676709890366, 0.028101393952965736]"
5ab90c2655429916710eb0ed::working_set_pack_b,5ab90c2655429916710eb0ed,1.0,0.625,True,False,"[0.9222573041915894, 0.03726755827665329, 0.022274678573012352]"
5ab90c2655429916710eb0ed::active_set_pack_b,5ab90c2655429916710eb0ed,1.0,0.625,True,False,"[0.946132481098175, 0.029549531638622284, 0.01265494991093874]"
5abc2d7755429959677d6a29::working_set_pack_a,5abc2d7755429959677d6a29,1.0,1.0,True,True,"[0.43889278173446655, 0.3318391442298889, 0.1414216309785843]"
5abc2d7755429959677d6a29::active_set_pack_a,5abc2d7755429959677d6a29,1.0,1.0,True,True,"[0.5166485905647278, 0.29885488748550415, 0.16607080399990082]"
5abc2d7755429959677d6a29::working_set_pack_b,5abc2d7755429959677d6a29,1.0,1.0,True,True,"[0.4225023090839386, 0.33122000098228455, 0.1656956970691681]"
5abc2d7755429959677d6a29::active_set_pack_b,5abc2d7755429959677d6a29,1.0,1.0,True,True,"[0.4004707932472229, 0.35160011053085327, 0.18961113691329956]"
5a83143655429954d2e2ec0a::working_set_pack_a,5a83143655429954d2e2ec0a,1.0,1.0,True,True,"[0.8409621715545654, 0.09633815288543701, 0.04264885187149048]"
5a83143655429954d2e2ec0a::active_set_pack_a,5a83143655429954d2e2ec0a,1.0,1.0,True,True,"[0.8276839852333069, 0.09383443742990494, 0.056130848824977875]"
5a83143655429954d2e2ec0a::working_set_pack_b,5a83143655429954d2e2ec0a,1.0,1.0,True,True,"[0.8272508978843689, 0.12003397941589355, 0.03348397836089134]"
5a83143655429954d2e2ec0a::active_set_pack_b,5a83143655429954d2e2ec0a,1.0,1.0,True,True,"[0.8751317858695984, 0.09350617974996567, 0.01739889197051525]"
5ab691c5554299710c8d1ed3::working_set_pack_a,5ab691c5554299710c8d1ed3,1.0,1.0,True,True,"[0.9038795828819275, 0.049803726375103, 0.02296370081603527]"
5ab691c5554299710c8d1ed3::active_set_pack_a,5ab691c5554299710c8d1ed3,1.0,1.0,True,True,"[0.8876429796218872, 0.061075031757354736, 0.024762384593486786]"
5ab691c5554299710c8d1ed3::working_set_pack_b,5ab691c5554299710c8d1ed3,1.0,1.0,True,True,"[0.7974859476089478, 0.1272142380475998, 0.034598782658576965]"
5ab691c5554299710c8d1ed3::active_set_pack_b,5ab691c5554299710c8d1ed3,0.875,0.875,False,False,"[0.6798372268676758, 0.15103337168693542, 0.10876122862100601]"
5a7528e75542996c70cfaea0::working_set_pack_a,5a7528e75542996c70cfaea0,1.0,0.875,True,False,"[0.8565733432769775, 0.08661477267742157, 0.039829086512327194]"
5a7528e75542996c70cfaea0::active_set_pack_a,5a7528e75542996c70cfaea0,1.0,0.75,True,False,"[0.9171392321586609, 0.04133279621601105, 0.027606932446360588]"
5a7528e75542996c70cfaea0::working_set_pack_b,5a7528e75542996c70cfaea0,1.0,0.875,True,False,"[0.7339192628860474, 0.16719478368759155, 0.06398545950651169]"
5a7528e75542996c70cfaea0::active_set_pack_b,5a7528e75542996c70cfaea0,1.0,0.875,True,False,"[0.6809502243995667, 0.2086276113986969, 0.07122433185577393]"
5ab4280b554299233955003a::working_set_pack_a,5ab4280b554299233955003a,1.0,1.0,True,True,"[0.7622590661048889, 0.11961326748132706, 0.08119965344667435]"
5ab4280b554299233955003a::active_set_pack_a,5ab4280b554299233955003a,1.0,1.0,True,True,"[0.8534993529319763, 0.10316186398267746, 0.017313888296484947]"
5ab4280b554299233955003a::working_set_pack_b,5ab4280b554299233955003a,1.0,1.0,True,True,"[0.8328586220741272, 0.12011764198541641, 0.021983806043863297]"
5ab4280b554299233955003a::active_set_pack_b,5ab4280b554299233955003a,1.0,1.0,True,True,"[0.8265291452407837, 0.11338742077350616, 0.045926839113235474]"
5ae3916d5542994393b9e708::working_set_pack_a,5ae3916d5542994393b9e708,1.0,0.625,True,False,"[0.7847506999969482, 0.11179560422897339, 0.06715097278356552]"
5ae3916d5542994393b9e708::active_set_pack_a,5ae3916d5542994393b9e708,1.0,0.625,True,False,"[0.7775596976280212, 0.11650695651769638, 0.07467625290155411]"
5ae3916d5542994393b9e708::working_set_pack_b,5ae3916d5542994393b9e708,1.0,0.75,True,False,"[0.6916854381561279, 0.1702820360660553, 0.10562330484390259]"
5ae3916d5542994393b9e708::active_set_pack_b,5ae3916d5542994393b9e708,1.0,0.625,True,False,"[0.6984354853630066, 0.1495303213596344, 0.10520239919424057]"
5adc32805542994650320cad::working_set_pack_a,5adc32805542994650320cad,0.75,0.75,False,False,"[0.7455000877380371, 0.1678708791732788, 0.032220058143138885]"
5adc32805542994650320cad::active_set_pack_a,5adc32805542994650320cad,0.75,0.75,False,False,"[0.7878301739692688, 0.15206022560596466, 0.022771449759602547]"
5adc32805542994650320cad::working_set_pack_b,5adc32805542994650320cad,0.625,0.625,False,False,"[0.7110950946807861, 0.1785573959350586, 0.06915915012359619]"
5adc32805542994650320cad::active_set_pack_b,5adc32805542994650320cad,1.0,0.875,True,False,"[0.8026084303855896, 0.1496608555316925, 0.022155670449137688]"
5a7a1bb25542996a35c170d2::working_set_pack_a,5a7a1bb25542996a35c170d2,1.0,0.75,True,False,"[0.871843695640564, 0.06063493713736534, 0.040439389646053314]"
5a7a1bb25542996a35c170d2::active_set_pack_a,5a7a1bb25542996a35c170d2,1.0,0.75,True,False,"[0.8640548586845398, 0.0608503520488739, 0.045831747353076935]"
5a7a1bb25542996a35c170d2::working_set_pack_b,5a7a1bb25542996a35c170d2,0.875,0.875,False,False,"[0.9137242436408997, 0.03380126878619194, 0.02643751911818981]"
5a7a1bb25542996a35c170d2::active_set_pack_b,5a7a1bb25542996a35c170d2,0.875,0.875,False,False,"[0.9297139048576355, 0.029004480689764023, 0.0230134055018425]"
5adc36475542996e685252e1::working_set_pack_a,5adc36475542996e685252e1,0.75,0.75,False,False,"[0.6844007968902588, 0.1688104122877121, 0.06665687263011932]"
5adc36475542996e685252e1::active_set_pack_a,5adc36475542996e685252e1,0.75,0.875,False,False,"[0.6224441528320312, 0.2628825902938843, 0.04696661978960037]"
5adc36475542996e685252e1::working_set_pack_b,5adc36475542996e685252e1,1.0,0.625,True,False,"[0.7394052147865295, 0.14747029542922974, 0.05187343433499336]"
5adc36475542996e685252e1::active_set_pack_b,5adc36475542996e685252e1,0.625,0.75,False,False,"[0.7000564336776733, 0.19689524173736572, 0.043246790766716]"
5a7af39755429931da12c99d::working_set_pack_a,5a7af39755429931da12c99d,0.625,0.625,False,False,"[0.8630085587501526, 0.10236645489931107, 0.014981565997004509]"
5a7af39755429931da12c99d::active_set_pack_a,5a7af39755429931da12c99d,0.875,0.875,False,False,"[0.970802366733551, 0.010202082805335522, 0.009064513258635998]"
5a7af39755429931da12c99d::working_set_pack_b,5a7af39755429931da12c99d,0.875,0.75,False,False,"[0.9659842848777771, 0.013660852797329426, 0.01051025465130806]"
5a7af39755429931da12c99d::active_set_pack_b,5a7af39755429931da12c99d,0.75,0.625,False,False,"[0.9744792580604553, 0.010507223196327686, 0.006855464074760675]"
5ade2af055429939a52fe84b::working_set_pack_a,5ade2af055429939a52fe84b,1.0,1.0,True,True,"[0.6181103587150574, 0.3025040030479431, 0.037221454083919525]"
5ade2af055429939a52fe84b::active_set_pack_a,5ade2af055429939a52fe84b,1.0,1.0,True,True,"[0.6795968413352966, 0.2331705540418625, 0.04489573836326599]"
5ade2af055429939a52fe84b::working_set_pack_b,5ade2af055429939a52fe84b,1.0,1.0,True,True,"[0.7527810335159302, 0.1967015564441681, 0.026504769921302795]"
5ade2af055429939a52fe84b::active_set_pack_b,5ade2af055429939a52fe84b,1.0,1.0,True,True,"[0.6749521493911743, 0.2456846386194229, 0.04013006389141083]"
5ab907c555429916710eb0e3::working_set_pack_a,5ab907c555429916710eb0e3,1.0,0.75,True,False,"[0.54510897397995, 0.3328896760940552, 0.08025874197483063]"
5ab907c555429916710eb0e3::active_set_pack_a,5ab907c555429916710eb0e3,0.875,0.625,False,False,"[0.6963462829589844, 0.22286924719810486, 0.0515470914542675]"
5ab907c555429916710eb0e3::working_set_pack_b,5ab907c555429916710eb0e3,0.75,0.5,False,False,"[0.6013038158416748, 0.3269168436527252, 0.037202246487140656]"
5ab907c555429916710eb0e3::active_set_pack_b,5ab907c555429916710eb0e3,1.0,0.625,True,False,"[0.5850943326950073, 0.36164310574531555, 0.026930781081318855]"
5a73630855429901807db021::working_set_pack_a,5a73630855429901807db021,1.0,1.0,True,True,"[0.4097391366958618, 0.30785584449768066, 0.14917971193790436]"
5a73630855429901807db021::active_set_pack_a,5a73630855429901807db021,1.0,1.0,True,True,"[0.4067901372909546, 0.3131064176559448, 0.13455814123153687]"
5a73630855429901807db021::working_set_pack_b,5a73630855429901807db021,1.0,1.0,True,True,"[0.6374221444129944, 0.21720640361309052, 0.12688066065311432]"
5a73630855429901807db021::active_set_pack_b,5a73630855429901807db021,1.0,1.0,True,True,"[0.7707880139350891, 0.12599889934062958, 0.07845690101385117]"
5abae0265542996cc5e49ec3::working_set_pack_a,5abae0265542996cc5e49ec3,1.0,1.0,True,True,"[0.411504864692688, 0.269917756319046, 0.19542554020881653]"
5abae0265542996cc5e49ec3::active_set_pack_a,5abae0265542996cc5e49ec3,1.0,0.875,True,False,"[0.3598560392856598, 0.262104868888855, 0.22690963745117188]"
5abae0265542996cc5e49ec3::working_set_pack_b,5abae0265542996cc5e49ec3,1.0,0.875,True,False,"[0.5855156183242798, 0.17101112008094788, 0.15071581304073334]"
5abae0265542996cc5e49ec3::active_set_pack_b,5abae0265542996cc5e49ec3,1.0,1.0,True,True,"[0.5747402310371399, 0.22162728011608124, 0.12503279745578766]"
5ae061705542993d6555eb26::working_set_pack_a,5ae061705542993d6555eb26,1.0,1.0,True,True,"[0.8561692833900452, 0.05781693756580353, 0.03916472569108009]"
5ae061705542993d6555eb26::active_set_pack_a,5ae061705542993d6555eb26,1.0,1.0,True,True,"[0.8956863880157471, 0.037378523498773575, 0.027837280184030533]"
5ae061705542993d6555eb26::working_set_pack_b,5ae061705542993d6555eb26,1.0,1.0,True,True,"[0.8940860033035278, 0.042642742395401, 0.036283232271671295]"
5ae061705542993d6555eb26::active_set_pack_b,5ae061705542993d6555eb26,1.0,1.0,True,True,"[0.8719538450241089, 0.07567494362592697, 0.026064557954669]"
5a835bb5554299123d8c2102::working_set_pack_a,5a835bb5554299123d8c2102,1.0,1.0,True,True,"[0.9568209648132324, 0.031530991196632385, 0.005554709583520889]"
5a835bb5554299123d8c2102::active_set_pack_a,5a835bb5554299123d8c2102,1.0,1.0,True,True,"[0.9211644530296326, 0.06416527926921844, 0.0065110819414258]"
5a835bb5554299123d8c2102::working_set_pack_b,5a835bb5554299123d8c2102,1.0,1.0,True,True,"[0.8668087124824524, 0.09937766939401627, 0.016199611127376556]"
5a835bb5554299123d8c2102::active_set_pack_b,5a835bb5554299123d8c2102,1.0,1.0,True,True,"[0.8180469870567322, 0.162312850356102, 0.009928719140589237]"
5ae05c3155429924de1b70b0::working_set_pack_a,5ae05c3155429924de1b70b0,1.0,1.0,True,True,"[0.6537860631942749, 0.18377108871936798, 0.07363956421613693]"
5ae05c3155429924de1b70b0::active_set_pack_a,5ae05c3155429924de1b70b0,1.0,1.0,True,True,"[0.8157023191452026, 0.08053391426801682, 0.06332936882972717]"
5ae05c3155429924de1b70b0::working_set_pack_b,5ae05c3155429924de1b70b0,1.0,1.0,True,True,"[0.786207377910614, 0.12449605762958527, 0.04251996800303459]"
5ae05c3155429924de1b70b0::active_set_pack_b,5ae05c3155429924de1b70b0,1.0,1.0,True,True,"[0.7058970928192139, 0.17068363726139069, 0.06658951938152313]"
5ae225fb554299234fd043f8::working_set_pack_a,5ae225fb554299234fd043f8,0.875,0.875,False,False,"[0.8508909344673157, 0.12456780672073364, 0.016263682395219803]"
5ae225fb554299234fd043f8::active_set_pack_a,5ae225fb554299234fd043f8,0.875,0.875,False,False,"[0.8846322894096375, 0.08935774862766266, 0.01964888907968998]"
5ae225fb554299234fd043f8::working_set_pack_b,5ae225fb554299234fd043f8,0.875,0.875,False,False,"[0.8229719400405884, 0.12225347012281418, 0.04055524989962578]"
5ae225fb554299234fd043f8::active_set_pack_b,5ae225fb554299234fd043f8,0.875,0.875,False,False,"[0.8674343228340149, 0.06963459402322769, 0.05187465250492096]"
5ae513225542993aec5ec12e::working_set_pack_a,5ae513225542993aec5ec12e,1.0,1.0,True,True,"[0.7940617203712463, 0.12916865944862366, 0.04558005928993225]"
5ae513225542993aec5ec12e::active_set_pack_a,5ae513225542993aec5ec12e,1.0,1.0,True,True,"[0.6753313541412354, 0.24785317480564117, 0.04472053050994873]"
5ae513225542993aec5ec12e::working_set_pack_b,5ae513225542993aec5ec12e,1.0,1.0,True,True,"[0.8498844504356384, 0.08811349421739578, 0.03890324383974075]"
5ae513225542993aec5ec12e::active_set_pack_b,5ae513225542993aec5ec12e,1.0,1.0,True,True,"[0.5761315226554871, 0.2685064971446991, 0.12096808850765228]"
5abd0749554299700f9d796f::working_set_pack_a,5abd0749554299700f9d796f,1.0,1.0,True,True,"[0.8895936012268066, 0.06017662584781647, 0.034175943583250046]"
5abd0749554299700f9d796f::active_set_pack_a,5abd0749554299700f9d796f,1.0,1.0,True,True,"[0.8750194311141968, 0.07739070057868958, 0.027032097801566124]"
5abd0749554299700f9d796f::working_set_pack_b,5abd0749554299700f9d796f,1.0,1.0,True,True,"[0.7313507795333862, 0.14898723363876343, 0.09624197334051132]"
5abd0749554299700f9d796f::active_set_pack_b,5abd0749554299700f9d796f,0.875,0.875,False,False,"[0.8140330910682678, 0.09749572724103928, 0.06599145382642746]"
5a8a28505542996c9b8d5e22::working_set_pack_a,5a8a28505542996c9b8d5e22,0.625,0.625,False,False,"[0.9331039190292358, 0.03990478068590164, 0.018010172992944717]"
5a8a28505542996c9b8d5e22::active_set_pack_a,5a8a28505542996c9b8d5e22,0.625,0.625,False,False,"[0.9257069230079651, 0.04127386584877968, 0.02185506746172905]"
5a8a28505542996c9b8d5e22::working_set_pack_b,5a8a28505542996c9b8d5e22,0.75,0.625,False,False,"[0.9291805028915405, 0.03411293402314186, 0.024700982496142387]"
5a8a28505542996c9b8d5e22::active_set_pack_b,5a8a28505542996c9b8d5e22,0.625,0.625,False,False,"[0.9240732192993164, 0.03834584727883339, 0.02141282521188259]"
5a727bb95542991f9a20c48d::working_set_pack_a,5a727bb95542991f9a20c48d,0.75,0.75,False,False,"[0.856975257396698, 0.062183208763599396, 0.042843908071517944]"
5a727bb95542991f9a20c48d::active_set_pack_a,5a727bb95542991f9a20c48d,0.75,0.75,False,False,"[0.8805062770843506, 0.05086798220872879, 0.0331113375723362]"
5a727bb95542991f9a20c48d::working_set_pack_b,5a727bb95542991f9a20c48d,0.875,0.875,False,False,"[0.852192759513855, 0.06991928070783615, 0.042665570974349976]"
5a727bb95542991f9a20c48d::active_set_pack_b,5a727bb95542991f9a20c48d,0.75,0.875,False,False,"[0.8773704767227173, 0.06502015143632889, 0.024261049926280975]"
5ae754725542995703ce8bf2::working_set_pack_a,5ae754725542995703ce8bf2,0.75,0.875,False,False,"[0.8160076141357422, 0.07909773290157318, 0.04613594710826874]"
5ae754725542995703ce8bf2::active_set_pack_a,5ae754725542995703ce8bf2,0.875,0.875,False,False,"[0.6978203654289246, 0.16962870955467224, 0.07660689204931259]"
5ae754725542995703ce8bf2::working_set_pack_b,5ae754725542995703ce8bf2,1.0,0.875,True,False,"[0.6037483811378479, 0.2828561067581177, 0.05656774714589119]"
5ae754725542995703ce8bf2::active_set_pack_b,5ae754725542995703ce8bf2,0.875,0.875,False,False,"[0.6265723705291748, 0.2155178338289261, 0.1030031070113182]"
5a740aa955429974ef308ba3::working_set_pack_a,5a740aa955429974ef308ba3,0.875,0.5,False,False,"[0.8822824358940125, 0.042736977338790894, 0.03361363708972931]"
5a740aa955429974ef308ba3::active_set_pack_a,5a740aa955429974ef308ba3,1.0,0.5,True,False,"[0.866041898727417, 0.05853961780667305, 0.04027852788567543]"
5a740aa955429974ef308ba3::working_set_pack_b,5a740aa955429974ef308ba3,1.0,0.5,True,False,"[0.8988189697265625, 0.045206211507320404, 0.031854577362537384]"
5a740aa955429974ef308ba3::active_set_pack_b,5a740aa955429974ef308ba3,0.875,0.5,False,False,"[0.9194422364234924, 0.03671790659427643, 0.026612091809511185]"
5ae331f955429928c423966f::working_set_pack_a,5ae331f955429928c423966f,1.0,0.875,True,False,"[0.7708336114883423, 0.14390476047992706, 0.06181285157799721]"
5ae331f955429928c423966f::active_set_pack_a,5ae331f955429928c423966f,1.0,0.875,True,False,"[0.705314576625824, 0.18463492393493652, 0.07927170395851135]"
5ae331f955429928c423966f::working_set_pack_b,5ae331f955429928c423966f,1.0,0.875,True,False,"[0.8234798908233643, 0.11248210072517395, 0.038230836391448975]"
5ae331f955429928c423966f::active_set_pack_b,5ae331f955429928c423966f,1.0,0.875,True,False,"[0.7731396555900574, 0.17086412012577057, 0.03557358682155609]"
5ade4e43554299728e26c6bb::working_set_pack_a,5ade4e43554299728e26c6bb,1.0,1.0,True,True,"[0.5808112621307373, 0.3768145740032196, 0.03063678741455078]"
5ade4e43554299728e26c6bb::active_set_pack_a,5ade4e43554299728e26c6bb,1.0,1.0,True,True,"[0.6026312708854675, 0.34626978635787964, 0.024942588061094284]"
5ade4e43554299728e26c6bb::working_set_pack_b,5ade4e43554299728e26c6bb,1.0,1.0,True,True,"[0.747914731502533, 0.19621607661247253, 0.02754184976220131]"
5ade4e43554299728e26c6bb::active_set_pack_b,5ade4e43554299728e26c6bb,1.0,1.0,True,True,"[0.6344684958457947, 0.28910940885543823, 0.04115837812423706]"
5ac25c4a55429951e9e6857f::working_set_pack_a,5ac25c4a55429951e9e6857f,1.0,1.0,True,True,"[0.8769775032997131, 0.059242408722639084, 0.03722769394516945]"
5ac25c4a55429951e9e6857f::active_set_pack_a,5ac25c4a55429951e9e6857f,1.0,1.0,True,True,"[0.9195950627326965, 0.0454987958073616, 0.01590331457555294]"
5ac25c4a55429951e9e6857f::working_set_pack_b,5ac25c4a55429951e9e6857f,1.0,1.0,True,True,"[0.8228936195373535, 0.08837859332561493, 0.05669255182147026]"
5ac25c4a55429951e9e6857f::active_set_pack_b,5ac25c4a55429951e9e6857f,1.0,1.0,True,True,"[0.833775520324707, 0.0710015743970871, 0.058486904948949814]"
5ae79c2b5542993210983eae::working_set_pack_a,5ae79c2b5542993210983eae,1.0,0.75,True,False,"[0.5374337434768677, 0.22050276398658752, 0.14014212787151337]"
5ae79c2b5542993210983eae::active_set_pack_a,5ae79c2b5542993210983eae,0.75,0.625,False,False,"[0.549631655216217, 0.1785694807767868, 0.1386483907699585]"
5ae79c2b5542993210983eae::working_set_pack_b,5ae79c2b5542993210983eae,1.0,0.875,True,False,"[0.4589046835899353, 0.30414527654647827, 0.09419453144073486]"
5ae79c2b5542993210983eae::active_set_pack_b,5ae79c2b5542993210983eae,1.0,0.875,True,False,"[0.6550722122192383, 0.13443200290203094, 0.09919893741607666]"
5a73e07655429905862fe0ea::working_set_pack_a,5a73e07655429905862fe0ea,0.875,0.875,False,False,"[0.7866183519363403, 0.12586624920368195, 0.0446770153939724]"
5a73e07655429905862fe0ea::active_set_pack_a,5a73e07655429905862fe0ea,0.875,0.625,False,False,"[0.7656543850898743, 0.13705335557460785, 0.055220041424036026]"
5a73e07655429905862fe0ea::working_set_pack_b,5a73e07655429905862fe0ea,0.875,0.875,False,False,"[0.7510578036308289, 0.12421144545078278, 0.0740436315536499]"
5a73e07655429905862fe0ea::active_set_pack_b,5a73e07655429905862fe0ea,0.875,0.875,False,False,"[0.6782621145248413, 0.19323182106018066, 0.08035772293806076]"
5a8885b4554299206df2b2e4::working_set_pack_a,5a8885b4554299206df2b2e4,0.75,0.75,False,False,"[0.4412398636341095, 0.3219348192214966, 0.17779771983623505]"
5a8885b4554299206df2b2e4::active_set_pack_a,5a8885b4554299206df2b2e4,0.75,0.75,False,False,"[0.5125722289085388, 0.282575786113739, 0.16072554886341095]"
5a8885b4554299206df2b2e4::working_set_pack_b,5a8885b4554299206df2b2e4,0.75,0.75,False,False,"[0.5558803677558899, 0.26595911383628845, 0.11879969388246536]"
5a8885b4554299206df2b2e4::active_set_pack_b,5a8885b4554299206df2b2e4,0.75,0.75,False,False,"[0.5870587825775146, 0.27035844326019287, 0.09009198844432831]"
5a7d20b055429909bec76973::working_set_pack_a,5a7d20b055429909bec76973,1.0,1.0,True,True,"[0.789301335811615, 0.08454989641904831, 0.0649368017911911]"
5a7d20b055429909bec76973::active_set_pack_a,5a7d20b055429909bec76973,1.0,1.0,True,True,"[0.7158838510513306, 0.14594440162181854, 0.09059073030948639]"
5a7d20b055429909bec76973::working_set_pack_b,5a7d20b055429909bec76973,1.0,1.0,True,True,"[0.8788498044013977, 0.06048448383808136, 0.02539573609828949]"
5a7d20b055429909bec76973::active_set_pack_b,5a7d20b055429909bec76973,1.0,1.0,True,True,"[0.6706192493438721, 0.21186323463916779, 0.05383254587650299]"
5a793e77554299029c4b5f36::working_set_pack_a,5a793e77554299029c4b5f36,1.0,1.0,True,True,"[0.5552719235420227, 0.3795614540576935, 0.03528628498315811]"
5a793e77554299029c4b5f36::active_set_pack_a,5a793e77554299029c4b5f36,1.0,1.0,True,True,"[0.4924635887145996, 0.3060353994369507, 0.17033427953720093]"
5a793e77554299029c4b5f36::working_set_pack_b,5a793e77554299029c4b5f36,1.0,1.0,True,True,"[0.6949745416641235, 0.16792689263820648, 0.09217346459627151]"
5a793e77554299029c4b5f36::active_set_pack_b,5a793e77554299029c4b5f36,1.0,1.0,True,True,"[0.6833213567733765, 0.2744181156158447, 0.01802813448011875]"
5a8906515542993b751ca8f0::working_set_pack_a,5a8906515542993b751ca8f0,1.0,1.0,True,True,"[0.6892493963241577, 0.2531350553035736, 0.03144266828894615]"
5a8906515542993b751ca8f0::active_set_pack_a,5a8906515542993b751ca8f0,1.0,1.0,True,True,"[0.6012789011001587, 0.3420526683330536, 0.036977995187044144]"
5a8906515542993b751ca8f0::working_set_pack_b,5a8906515542993b751ca8f0,1.0,1.0,True,True,"[0.5641157031059265, 0.3685413897037506, 0.045362088829278946]"
5a8906515542993b751ca8f0::active_set_pack_b,5a8906515542993b751ca8f0,1.0,1.0,True,True,"[0.6865135431289673, 0.24076895415782928, 0.04943836107850075]"
5adf6abe5542993344016c8c::working_set_pack_a,5adf6abe5542993344016c8c,0.75,0.5,False,False,"[0.8961775898933411, 0.051956646144390106, 0.024218136444687843]"
5adf6abe5542993344016c8c::active_set_pack_a,5adf6abe5542993344016c8c,0.75,0.5,False,False,"[0.9280619025230408, 0.02572716400027275, 0.021587802097201347]"
5adf6abe5542993344016c8c::working_set_pack_b,5adf6abe5542993344016c8c,0.75,0.5,False,False,"[0.8524818420410156, 0.05126383155584335, 0.04510051757097244]"
5adf6abe5542993344016c8c::active_set_pack_b,5adf6abe5542993344016c8c,0.75,0.625,False,False,"[0.8592849969863892, 0.09979013353586197, 0.016470924019813538]"
5ab51c455542990594ba9d0a::working_set_pack_a,5ab51c455542990594ba9d0a,1.0,1.0,True,True,"[0.6707546710968018, 0.14063119888305664, 0.09820134937763214]"
5ab51c455542990594ba9d0a::active_set_pack_a,5ab51c455542990594ba9d0a,1.0,1.0,True,True,"[0.7116392254829407, 0.12795361876487732, 0.09080129861831665]"
5ab51c455542990594ba9d0a::working_set_pack_b,5ab51c455542990594ba9d0a,1.0,1.0,True,True,"[0.34650442004203796, 0.2761170566082001, 0.20675840973854065]"
5ab51c455542990594ba9d0a::active_set_pack_b,5ab51c455542990594ba9d0a,1.0,1.0,True,True,"[0.6566563844680786, 0.16158613562583923, 0.08465004712343216]"
5ae12f915542997b2ef7d11f::working_set_pack_a,5ae12f915542997b2ef7d11f,0.875,0.875,False,False,"[0.5526313185691833, 0.197173073887825, 0.13186438381671906]"
5ae12f915542997b2ef7d11f::active_set_pack_a,5ae12f915542997b2ef7d11f,1.0,1.0,True,True,"[0.6243441104888916, 0.20132800936698914, 0.09976006299257278]"
5ae12f915542997b2ef7d11f::working_set_pack_b,5ae12f915542997b2ef7d11f,1.0,1.0,True,True,"[0.6004905104637146, 0.1780085414648056, 0.12225092947483063]"
5ae12f915542997b2ef7d11f::active_set_pack_b,5ae12f915542997b2ef7d11f,0.875,0.875,False,False,"[0.8020666837692261, 0.0898481160402298, 0.06450755149126053]"
5adbdb8955429944faac2389::working_set_pack_a,5adbdb8955429944faac2389,1.0,1.0,True,True,"[0.7263592481613159, 0.13305072486400604, 0.08149997144937515]"
5adbdb8955429944faac2389::active_set_pack_a,5adbdb8955429944faac2389,1.0,1.0,True,True,"[0.660070538520813, 0.18998022377490997, 0.0957113727927208]"
5adbdb8955429944faac2389::working_set_pack_b,5adbdb8955429944faac2389,1.0,1.0,True,True,"[0.6815674901008606, 0.15022414922714233, 0.0739859864115715]"
5adbdb8955429944faac2389::active_set_pack_b,5adbdb8955429944faac2389,1.0,1.0,True,True,"[0.7627614140510559, 0.08632466197013855, 0.06191393733024597]"
5a74a7bf55429929fddd8494::working_set_pack_a,5a74a7bf55429929fddd8494,0.75,0.625,False,False,"[0.6061156988143921, 0.2574523985385895, 0.10006111115217209]"
5a74a7bf55429929fddd8494::active_set_pack_a,5a74a7bf55429929fddd8494,1.0,0.5,True,False,"[0.708209753036499, 0.24625498056411743, 0.021619446575641632]"
5a74a7bf55429929fddd8494::working_set_pack_b,5a74a7bf55429929fddd8494,1.0,0.625,True,False,"[0.5567833781242371, 0.3471880257129669, 0.05895061418414116]"
5a74a7bf55429929fddd8494::active_set_pack_b,5a74a7bf55429929fddd8494,0.875,0.5,False,False,"[0.5602131485939026, 0.2857835590839386, 0.08762753754854202]"
5a89a59555429946c8d6e97e::working_set_pack_a,5a89a59555429946c8d6e97e,1.0,1.0,True,True,"[0.5510261654853821, 0.3252609074115753, 0.06051605939865112]"
5a89a59555429946c8d6e97e::active_set_pack_a,5a89a59555429946c8d6e97e,1.0,1.0,True,True,"[0.5923388004302979, 0.2568882405757904, 0.09710351377725601]"
5a89a59555429946c8d6e97e::working_set_pack_b,5a89a59555429946c8d6e97e,0.75,0.5,False,False,"[0.6074992418289185, 0.2298482358455658, 0.08508716523647308]"
5a89a59555429946c8d6e97e::active_set_pack_b,5a89a59555429946c8d6e97e,0.875,1.0,False,True,"[0.5960705876350403, 0.1400647610425949, 0.11879117786884308]"
5abe37295542993f32c2a090::working_set_pack_a,5abe37295542993f32c2a090,1.0,1.0,True,True,"[0.5443418025970459, 0.2508963942527771, 0.12672998011112213]"
5abe37295542993f32c2a090::active_set_pack_a,5abe37295542993f32c2a090,1.0,1.0,True,True,"[0.4654218554496765, 0.3004142940044403, 0.1570693403482437]"
5abe37295542993f32c2a090::working_set_pack_b,5abe37295542993f32c2a090,1.0,1.0,True,True,"[0.5658358335494995, 0.30549442768096924, 0.0817069560289383]"
5abe37295542993f32c2a090::active_set_pack_b,5abe37295542993f32c2a090,1.0,1.0,True,True,"[0.49846503138542175, 0.36568379402160645, 0.10972317308187485]"
5adf54605542993a75d264c6::working_set_pack_a,5adf54605542993a75d264c6,0.75,1.0,False,True,"[0.3664162755012512, 0.3134450316429138, 0.19708037376403809]"
5adf54605542993a75d264c6::active_set_pack_a,5adf54605542993a75d264c6,1.0,0.875,True,False,"[0.40394511818885803, 0.3013620972633362, 0.17215748131275177]"
5adf54605542993a75d264c6::working_set_pack_b,5adf54605542993a75d264c6,1.0,1.0,True,True,"[0.41576138138771057, 0.29057595133781433, 0.14697903394699097]"
5adf54605542993a75d264c6::active_set_pack_b,5adf54605542993a75d264c6,1.0,1.0,True,True,"[0.34595516324043274, 0.33795222640037537, 0.19576121866703033]"
5a7792435542995d831811e4::working_set_pack_a,5a7792435542995d831811e4,0.75,0.625,False,False,"[0.9214609861373901, 0.043901585042476654, 0.021778162568807602]"
5a7792435542995d831811e4::active_set_pack_a,5a7792435542995d831811e4,0.75,0.625,False,False,"[0.9174765348434448, 0.05290456488728523, 0.01831689104437828]"
5a7792435542995d831811e4::working_set_pack_b,5a7792435542995d831811e4,0.75,0.5,False,False,"[0.8756674528121948, 0.060945603996515274, 0.037524670362472534]"
5a7792435542995d831811e4::active_set_pack_b,5a7792435542995d831811e4,0.625,0.5,False,False,"[0.9113485217094421, 0.05130331218242645, 0.01921876147389412]"
5a8a481a55429930ff3c0d5a::working_set_pack_a,5a8a481a55429930ff3c0d5a,1.0,0.875,True,False,"[0.6601220369338989, 0.25823256373405457, 0.05905487760901451]"
5a8a481a55429930ff3c0d5a::active_set_pack_a,5a8a481a55429930ff3c0d5a,1.0,0.875,True,False,"[0.5711140632629395, 0.31139057874679565, 0.09021187573671341]"
5a8a481a55429930ff3c0d5a::working_set_pack_b,5a8a481a55429930ff3c0d5a,0.875,0.875,False,False,"[0.7440356016159058, 0.18043877184391022, 0.05354133993387222]"
5a8a481a55429930ff3c0d5a::active_set_pack_b,5a8a481a55429930ff3c0d5a,1.0,0.875,True,False,"[0.7027935981750488, 0.20419275760650635, 0.06831064820289612]"
5ac269a455429951e9e685aa::working_set_pack_a,5ac269a455429951e9e685aa,1.0,0.875,True,False,"[0.6856091618537903, 0.1854427307844162, 0.07162792980670929]"
5ac269a455429951e9e685aa::active_set_pack_a,5ac269a455429951e9e685aa,1.0,0.75,True,False,"[0.5144708752632141, 0.32949286699295044, 0.0966741219162941]"
5ac269a455429951e9e685aa::working_set_pack_b,5ac269a455429951e9e685aa,0.875,0.875,False,False,"[0.5265837907791138, 0.3067561089992523, 0.129974365234375]"
5ac269a455429951e9e685aa::active_set_pack_b,5ac269a455429951e9e685aa,1.0,1.0,True,True,"[0.7666906714439392, 0.12689699232578278, 0.08203514665365219]"
5a7cd27e55429909bec76827::working_set_pack_a,5a7cd27e55429909bec76827,1.0,1.0,True,True,"[0.774730384349823, 0.13002796471118927, 0.04056519269943237]"
5a7cd27e55429909bec76827::active_set_pack_a,5a7cd27e55429909bec76827,0.875,0.875,False,False,"[0.5040818452835083, 0.2751457095146179, 0.17624330520629883]"
5a7cd27e55429909bec76827::working_set_pack_b,5a7cd27e55429909bec76827,1.0,1.0,True,True,"[0.6968289613723755, 0.2051931768655777, 0.03725624084472656]"
5a7cd27e55429909bec76827::active_set_pack_b,5a7cd27e55429909bec76827,1.0,1.0,True,True,"[0.5507063269615173, 0.276644766330719, 0.07717854529619217]"
5adbf5e255429947ff17386c::working_set_pack_a,5adbf5e255429947ff17386c,1.0,1.0,True,True,"[0.8407278060913086, 0.09075859934091568, 0.04492432624101639]"
5adbf5e255429947ff17386c::active_set_pack_a,5adbf5e255429947ff17386c,1.0,1.0,True,True,"[0.8591626882553101, 0.07424195855855942, 0.039038605988025665]"
5adbf5e255429947ff17386c::working_set_pack_b,5adbf5e255429947ff17386c,1.0,1.0,True,True,"[0.9058867692947388, 0.04402351751923561, 0.030474020168185234]"
5adbf5e255429947ff17386c::active_set_pack_b,5adbf5e255429947ff17386c,1.0,1.0,True,True,"[0.9052801728248596, 0.0520780012011528, 0.031346797943115234]"
5a764341554299109176e6e9::working_set_pack_a,5a764341554299109176e6e9,0.75,0.5,False,False,"[0.86239093542099, 0.08472627401351929, 0.035927072167396545]"
5a764341554299109176e6e9::active_set_pack_a,5a764341554299109176e6e9,0.75,0.5,False,False,"[0.8346924185752869, 0.09288065135478973, 0.05098578333854675]"
5a764341554299109176e6e9::working_set_pack_b,5a764341554299109176e6e9,0.75,0.625,False,False,"[0.8232380747795105, 0.10953355580568314, 0.04025169089436531]"
5a764341554299109176e6e9::active_set_pack_b,5a764341554299109176e6e9,0.75,0.5,False,False,"[0.8506038784980774, 0.09016592800617218, 0.03749552369117737]"
5a7ded525542990b8f503af2::working_set_pack_a,5a7ded525542990b8f503af2,0.875,0.875,False,False,"[0.4968184530735016, 0.2532923221588135, 0.15734335780143738]"
5a7ded525542990b8f503af2::active_set_pack_a,5a7ded525542990b8f503af2,0.75,0.75,False,False,"[0.45946767926216125, 0.3126536011695862, 0.14146500825881958]"
5a7ded525542990b8f503af2::working_set_pack_b,5a7ded525542990b8f503af2,0.875,1.0,False,True,"[0.46989378333091736, 0.2903597354888916, 0.15214663743972778]"
5a7ded525542990b8f503af2::active_set_pack_b,5a7ded525542990b8f503af2,1.0,1.0,True,True,"[0.43638530373573303, 0.2822399437427521, 0.1721602976322174]"
5ae3aebf5542992f92d8233d::working_set_pack_a,5ae3aebf5542992f92d8233d,0.75,0.5,False,False,"[0.9368540644645691, 0.031892795115709305, 0.020869620144367218]"
5ae3aebf5542992f92d8233d::active_set_pack_a,5ae3aebf5542992f92d8233d,0.75,0.5,False,False,"[0.9272832274436951, 0.03275541961193085, 0.023136081174016]"
5ae3aebf5542992f92d8233d::working_set_pack_b,5ae3aebf5542992f92d8233d,0.875,0.5,False,False,"[0.9501199126243591, 0.026110172271728516, 0.011273247189819813]"
5ae3aebf5542992f92d8233d::active_set_pack_b,5ae3aebf5542992f92d8233d,0.875,0.625,False,False,"[0.9267758131027222, 0.023309597745537758, 0.02165735885500908]"
5a7e15255542997cc2c4751d::working_set_pack_a,5a7e15255542997cc2c4751d,0.875,0.875,False,False,"[0.7629291415214539, 0.10889069736003876, 0.059187401086091995]"
5a7e15255542997cc2c4751d::active_set_pack_a,5a7e15255542997cc2c4751d,0.75,0.625,False,False,"[0.759448230266571, 0.12142428010702133, 0.056568410247564316]"
5a7e15255542997cc2c4751d::working_set_pack_b,5a7e15255542997cc2c4751d,0.75,0.625,False,False,"[0.8012152314186096, 0.08142614364624023, 0.0620650090277195]"
5a7e15255542997cc2c4751d::active_set_pack_b,5a7e15255542997cc2c4751d,0.75,0.5,False,False,"[0.7505456209182739, 0.13401071727275848, 0.05152711644768715]"
5a8a07475542992e4fca84dc::working_set_pack_a,5a8a07475542992e4fca84dc,0.875,0.5,False,False,"[0.4597770571708679, 0.3134143054485321, 0.1279388964176178]"
5a8a07475542992e4fca84dc::active_set_pack_a,5a8a07475542992e4fca84dc,0.75,0.625,False,False,"[0.5068551301956177, 0.22794610261917114, 0.15378551185131073]"
5a8a07475542992e4fca84dc::working_set_pack_b,5a8a07475542992e4fca84dc,0.875,0.5,False,False,"[0.5741873383522034, 0.22684738039970398, 0.1335151493549347]"
5a8a07475542992e4fca84dc::active_set_pack_b,5a8a07475542992e4fca84dc,1.0,0.5,True,False,"[0.5048311948776245, 0.2745542824268341, 0.16013263165950775]"
5a7fea955542994857a7684a::working_set_pack_a,5a7fea955542994857a7684a,1.0,1.0,True,True,"[0.7407325506210327, 0.1793513298034668, 0.043938346207141876]"
5a7fea955542994857a7684a::active_set_pack_a,5a7fea955542994857a7684a,1.0,1.0,True,True,"[0.7814675569534302, 0.14172953367233276, 0.039214275777339935]"
5a7fea955542994857a7684a::working_set_pack_b,5a7fea955542994857a7684a,1.0,1.0,True,True,"[0.5232794284820557, 0.3859797418117523, 0.05328987538814545]"
5a7fea955542994857a7684a::active_set_pack_b,5a7fea955542994857a7684a,1.0,1.0,True,True,"[0.5626482367515564, 0.33934634923934937, 0.052196603268384933]"
5ab98b2d554299131ca4236e::working_set_pack_a,5ab98b2d554299131ca4236e,1.0,1.0,True,True,"[0.4856441020965576, 0.2883763611316681, 0.09372691065073013]"
5ab98b2d554299131ca4236e::active_set_pack_a,5ab98b2d554299131ca4236e,1.0,1.0,True,True,"[0.5000489950180054, 0.27092280983924866, 0.09626838564872742]"
5ab98b2d554299131ca4236e::working_set_pack_b,5ab98b2d554299131ca4236e,0.875,0.875,False,False,"[0.5240170359611511, 0.1679668128490448, 0.12850651144981384]"
5ab98b2d554299131ca4236e::active_set_pack_b,5ab98b2d554299131ca4236e,1.0,1.0,True,True,"[0.5873661637306213, 0.17370043694972992, 0.10539863258600235]"
5ae717ec5542995703ce8bd0::working_set_pack_a,5ae717ec5542995703ce8bd0,0.75,0.75,False,False,"[0.958970844745636, 0.022907637059688568, 0.010455467738211155]"
5ae717ec5542995703ce8bd0::active_set_pack_a,5ae717ec5542995703ce8bd0,0.625,0.625,False,False,"[0.9565896987915039, 0.0219709575176239, 0.010236112400889397]"
5ae717ec5542995703ce8bd0::working_set_pack_b,5ae717ec5542995703ce8bd0,1.0,0.75,True,False,"[0.9508432149887085, 0.02110094204545021, 0.017124148085713387]"
5ae717ec5542995703ce8bd0::active_set_pack_b,5ae717ec5542995703ce8bd0,1.0,0.875,True,False,"[0.960288405418396, 0.01734781824052334, 0.013979186303913593]"
5a7b5e55554299042af8f755::working_set_pack_a,5a7b5e55554299042af8f755,1.0,1.0,True,True,"[0.6180523633956909, 0.27934780716896057, 0.0723440870642662]"
5a7b5e55554299042af8f755::active_set_pack_a,5a7b5e55554299042af8f755,1.0,1.0,True,True,"[0.5961247682571411, 0.2899657189846039, 0.08075670897960663]"
5a7b5e55554299042af8f755::working_set_pack_b,5a7b5e55554299042af8f755,1.0,1.0,True,True,"[0.8053748607635498, 0.14235879480838776, 0.03468634560704231]"
5a7b5e55554299042af8f755::active_set_pack_b,5a7b5e55554299042af8f755,1.0,1.0,True,True,"[0.6662207841873169, 0.22311244904994965, 0.08708729594945908]"
5a7b96cf554299042af8f789::working_set_pack_a,5a7b96cf554299042af8f789,1.0,1.0,True,True,"[0.9065773487091064, 0.04946187883615494, 0.02604653872549534]"
5a7b96cf554299042af8f789::active_set_pack_a,5a7b96cf554299042af8f789,1.0,1.0,True,True,"[0.8943471908569336, 0.06324461102485657, 0.022290069609880447]"
5a7b96cf554299042af8f789::working_set_pack_b,5a7b96cf554299042af8f789,1.0,1.0,True,True,"[0.9268419742584229, 0.04309562221169472, 0.019388321787118912]"
5a7b96cf554299042af8f789::active_set_pack_b,5a7b96cf554299042af8f789,1.0,1.0,True,True,"[0.9431447982788086, 0.02766503021121025, 0.018766211345791817]"
5adca6c05542994d58a2f696::working_set_pack_a,5adca6c05542994d58a2f696,1.0,0.75,True,False,"[0.3963417410850525, 0.30564725399017334, 0.17913882434368134]"
5adca6c05542994d58a2f696::active_set_pack_a,5adca6c05542994d58a2f696,0.875,0.875,False,False,"[0.47661519050598145, 0.2453698217868805, 0.1662053018808365]"
5adca6c05542994d58a2f696::working_set_pack_b,5adca6c05542994d58a2f696,0.875,0.75,False,False,"[0.5208978056907654, 0.20914192497730255, 0.160633385181427]"
5adca6c05542994d58a2f696::active_set_pack_b,5adca6c05542994d58a2f696,1.0,1.0,True,True,"[0.5986725091934204, 0.18436425924301147, 0.12843383848667145]"
5ab2a4165542992953946786::working_set_pack_a,5ab2a4165542992953946786,0.75,0.625,False,False,"[0.7666260004043579, 0.13992023468017578, 0.05958228558301926]"
5ab2a4165542992953946786::active_set_pack_a,5ab2a4165542992953946786,0.75,0.625,False,False,"[0.8202912211418152, 0.10562723129987717, 0.04187112674117088]"
5ab2a4165542992953946786::working_set_pack_b,5ab2a4165542992953946786,1.0,0.625,True,False,"[0.8901097178459167, 0.03970449045300484, 0.03450806811451912]"
5ab2a4165542992953946786::active_set_pack_b,5ab2a4165542992953946786,0.875,1.0,False,True,"[0.9263436794281006, 0.026899367570877075, 0.02006514184176922]"
5ae092fe554299603e418427::working_set_pack_a,5ae092fe554299603e418427,1.0,1.0,True,True,"[0.4745153784751892, 0.4366317093372345, 0.041076820343732834]"
5ae092fe554299603e418427::active_set_pack_a,5ae092fe554299603e418427,1.0,1.0,True,True,"[0.6475602388381958, 0.27598604559898376, 0.03562286123633385]"
5ae092fe554299603e418427::working_set_pack_b,5ae092fe554299603e418427,1.0,1.0,True,True,"[0.7040312886238098, 0.18433286249637604, 0.05665833503007889]"
5ae092fe554299603e418427::active_set_pack_b,5ae092fe554299603e418427,1.0,1.0,True,True,"[0.7090768218040466, 0.2450162023305893, 0.021816404536366463]"
5ac16fca5542994ab5c67d32::working_set_pack_a,5ac16fca5542994ab5c67d32,1.0,1.0,True,True,"[0.5827812552452087, 0.17691083252429962, 0.1472199410200119]"
5ac16fca5542994ab5c67d32::active_set_pack_a,5ac16fca5542994ab5c67d32,1.0,1.0,True,True,"[0.637427568435669, 0.18952111899852753, 0.11804643273353577]"
5ac16fca5542994ab5c67d32::working_set_pack_b,5ac16fca5542994ab5c67d32,1.0,1.0,True,True,"[0.5006805062294006, 0.2958570122718811, 0.10753795504570007]"
5ac16fca5542994ab5c67d32::active_set_pack_b,5ac16fca5542994ab5c67d32,1.0,1.0,True,True,"[0.4654702842235565, 0.27732861042022705, 0.13809780776500702]"
5ab29b23554299706120966c::working_set_pack_a,5ab29b23554299706120966c,1.0,1.0,True,True,"[0.5159995555877686, 0.41033580899238586, 0.036140359938144684]"
5ab29b23554299706120966c::active_set_pack_a,5ab29b23554299706120966c,1.0,1.0,True,True,"[0.846190333366394, 0.09103741496801376, 0.03369666635990143]"
5ab29b23554299706120966c::working_set_pack_b,5ab29b23554299706120966c,1.0,1.0,True,True,"[0.6434687376022339, 0.30875858664512634, 0.024348590523004532]"
5ab29b23554299706120966c::active_set_pack_b,5ab29b23554299706120966c,1.0,1.0,True,True,"[0.5421721935272217, 0.3897572457790375, 0.0462118536233902]"
5a8019cb5542992bc0c4a6a6::working_set_pack_a,5a8019cb5542992bc0c4a6a6,1.0,1.0,True,True,"[0.8354272842407227, 0.0774296298623085, 0.05586855113506317]"
5a8019cb5542992bc0c4a6a6::active_set_pack_a,5a8019cb5542992bc0c4a6a6,0.875,0.875,False,False,"[0.8847717642784119, 0.055851731449365616, 0.036261819303035736]"
5a8019cb5542992bc0c4a6a6::working_set_pack_b,5a8019cb5542992bc0c4a6a6,1.0,1.0,True,True,"[0.8164650797843933, 0.10985947400331497, 0.050825487822294235]"
5a8019cb5542992bc0c4a6a6::active_set_pack_b,5a8019cb5542992bc0c4a6a6,1.0,1.0,True,True,"[0.845047652721405, 0.08022068440914154, 0.04730946570634842]"
5a81f60e55429903bc27ba09::working_set_pack_a,5a81f60e55429903bc27ba09,0.75,0.75,False,False,"[0.93976891040802, 0.044867318123579025, 0.010824685916304588]"
5a81f60e55429903bc27ba09::active_set_pack_a,5a81f60e55429903bc27ba09,0.875,0.75,False,False,"[0.9579222202301025, 0.025180703029036522, 0.011414071545004845]"
5a81f60e55429903bc27ba09::working_set_pack_b,5a81f60e55429903bc27ba09,0.75,0.75,False,False,"[0.9152109026908875, 0.04733734205365181, 0.023656150326132774]"
5a81f60e55429903bc27ba09::active_set_pack_b,5a81f60e55429903bc27ba09,0.875,0.75,False,False,"[0.964745283126831, 0.016720831394195557, 0.011769343167543411]"
5a734c425542994cef4bc514::working_set_pack_a,5a734c425542994cef4bc514,1.0,1.0,True,True,"[0.6693301200866699, 0.2225641906261444, 0.073018878698349]"
5a734c425542994cef4bc514::active_set_pack_a,5a734c425542994cef4bc514,1.0,1.0,True,True,"[0.656795859336853, 0.19512638449668884, 0.1139034852385521]"
5a734c425542994cef4bc514::working_set_pack_b,5a734c425542994cef4bc514,1.0,1.0,True,True,"[0.6807050704956055, 0.17868861556053162, 0.1046556606888771]"
5a734c425542994cef4bc514::active_set_pack_b,5a734c425542994cef4bc514,1.0,1.0,True,True,"[0.524694561958313, 0.383971244096756, 0.058864861726760864]"
5a7724de5542993569682cf9::working_set_pack_a,5a7724de5542993569682cf9,1.0,1.0,True,True,"[0.8432665467262268, 0.10980115830898285, 0.01916668564081192]"
5a7724de5542993569682cf9::active_set_pack_a,5a7724de5542993569682cf9,1.0,1.0,True,True,"[0.8445610404014587, 0.0957614853978157, 0.02593076415359974]"
5a7724de5542993569682cf9::working_set_pack_b,5a7724de5542993569682cf9,0.875,0.875,False,False,"[0.7900686264038086, 0.11574505269527435, 0.05713660642504692]"
5a7724de5542993569682cf9::active_set_pack_b,5a7724de5542993569682cf9,0.875,0.875,False,False,"[0.7496996521949768, 0.13083317875862122, 0.08200713992118835]"
5ae25ac85542996483e64983::working_set_pack_a,5ae25ac85542996483e64983,0.75,0.625,False,False,"[0.8427424430847168, 0.059789516031742096, 0.043480124324560165]"
5ae25ac85542996483e64983::active_set_pack_a,5ae25ac85542996483e64983,0.875,0.625,False,False,"[0.9007174372673035, 0.043043799698352814, 0.027767373248934746]"
5ae25ac85542996483e64983::working_set_pack_b,5ae25ac85542996483e64983,0.75,0.5,False,False,"[0.9306229948997498, 0.025746215134859085, 0.022280016914010048]"
5ae25ac85542996483e64983::active_set_pack_b,5ae25ac85542996483e64983,0.75,0.625,False,False,"[0.9079623818397522, 0.05445912480354309, 0.017008626833558083]"
5a747efc55429929fddd8455::working_set_pack_a,5a747efc55429929fddd8455,1.0,0.75,True,False,"[0.7426995635032654, 0.12500812113285065, 0.08830854296684265]"
5a747efc55429929fddd8455::active_set_pack_a,5a747efc55429929fddd8455,1.0,0.75,True,False,"[0.7130571603775024, 0.13163524866104126, 0.08707092702388763]"
5a747efc55429929fddd8455::working_set_pack_b,5a747efc55429929fddd8455,1.0,0.5,True,False,"[0.671593189239502, 0.1695489138364792, 0.09663797914981842]"
5a747efc55429929fddd8455::active_set_pack_b,5a747efc55429929fddd8455,1.0,0.75,True,False,"[0.8838651180267334, 0.06160617992281914, 0.026508323848247528]"
5ae7c7355542993210983f46::working_set_pack_a,5ae7c7355542993210983f46,0.875,0.875,False,False,"[0.9354099631309509, 0.029268670827150345, 0.021969230845570564]"
5ae7c7355542993210983f46::active_set_pack_a,5ae7c7355542993210983f46,0.875,1.0,False,True,"[0.9292837977409363, 0.029999079182744026, 0.024687286466360092]"
5ae7c7355542993210983f46::working_set_pack_b,5ae7c7355542993210983f46,1.0,1.0,True,True,"[0.8303056955337524, 0.11964449286460876, 0.026093538850545883]"
5ae7c7355542993210983f46::active_set_pack_b,5ae7c7355542993210983f46,0.875,1.0,False,True,"[0.807459831237793, 0.1464838683605194, 0.025855187326669693]"
5adccebc5542992c1e3a240d::working_set_pack_a,5adccebc5542992c1e3a240d,0.875,0.875,False,False,"[0.5988489985466003, 0.2511741518974304, 0.0824122279882431]"
5adccebc5542992c1e3a240d::active_set_pack_a,5adccebc5542992c1e3a240d,0.875,0.875,False,False,"[0.7056500315666199, 0.17796045541763306, 0.056181855499744415]"
5adccebc5542992c1e3a240d::working_set_pack_b,5adccebc5542992c1e3a240d,0.875,0.875,False,False,"[0.7934013605117798, 0.11955802142620087, 0.044768109917640686]"
5adccebc5542992c1e3a240d::active_set_pack_b,5adccebc5542992c1e3a240d,1.0,1.0,True,True,"[0.6504023671150208, 0.18431569635868073, 0.10991233587265015]"
5a734fb35542992359bc32f7::working_set_pack_a,5a734fb35542992359bc32f7,0.875,1.0,False,True,"[0.6434054374694824, 0.2129257619380951, 0.10232965648174286]"
5a734fb35542992359bc32f7::active_set_pack_a,5a734fb35542992359bc32f7,1.0,1.0,True,True,"[0.5640438199043274, 0.32114478945732117, 0.06360021978616714]"
5a734fb35542992359bc32f7::working_set_pack_b,5a734fb35542992359bc32f7,1.0,1.0,True,True,"[0.5322416424751282, 0.2988579273223877, 0.13778957724571228]"
5a734fb35542992359bc32f7::active_set_pack_b,5a734fb35542992359bc32f7,1.0,1.0,True,True,"[0.7016218304634094, 0.19231396913528442, 0.07089599967002869]"
5ae140415542997b2ef7d179::working_set_pack_a,5ae140415542997b2ef7d179,1.0,1.0,True,True,"[0.9062553644180298, 0.06390372663736343, 0.015301940031349659]"
5ae140415542997b2ef7d179::active_set_pack_a,5ae140415542997b2ef7d179,1.0,1.0,True,True,"[0.9097508788108826, 0.05516737699508667, 0.01940108649432659]"
5ae140415542997b2ef7d179::working_set_pack_b,5ae140415542997b2ef7d179,1.0,1.0,True,True,"[0.7961036562919617, 0.18004846572875977, 0.011976269073784351]"
5ae140415542997b2ef7d179::active_set_pack_b,5ae140415542997b2ef7d179,1.0,1.0,True,True,"[0.8474558591842651, 0.11310470104217529, 0.015928039327263832]"
5ae3e5f55542996836b02beb::working_set_pack_a,5ae3e5f55542996836b02beb,0.875,0.75,False,False,"[0.9643919467926025, 0.020868465304374695, 0.006678699981421232]"
5ae3e5f55542996836b02beb::active_set_pack_a,5ae3e5f55542996836b02beb,0.75,0.75,False,False,"[0.9729880690574646, 0.01387285627424717, 0.00615385826677084]"
5ae3e5f55542996836b02beb::working_set_pack_b,5ae3e5f55542996836b02beb,0.875,0.875,False,False,"[0.9731376767158508, 0.013330631889402866, 0.005550157278776169]"
5ae3e5f55542996836b02beb::active_set_pack_b,5ae3e5f55542996836b02beb,0.75,0.75,False,False,"[0.9603462219238281, 0.015559605322778225, 0.01099901832640171]"
5a8f612b5542992414482a99::working_set_pack_a,5a8f612b5542992414482a99,1.0,1.0,True,True,"[0.8198314309120178, 0.16083090007305145, 0.011341060511767864]"
5a8f612b5542992414482a99::active_set_pack_a,5a8f612b5542992414482a99,1.0,1.0,True,True,"[0.8176262378692627, 0.16348838806152344, 0.011202806606888771]"
5a8f612b5542992414482a99::working_set_pack_b,5a8f612b5542992414482a99,0.875,1.0,False,True,"[0.7693413496017456, 0.18512293696403503, 0.03860878571867943]"
5a8f612b5542992414482a99::active_set_pack_b,5a8f612b5542992414482a99,1.0,1.0,True,True,"[0.872654914855957, 0.11595134437084198, 0.006587530020624399]"
5ae3e6f85542996836b02bee::working_set_pack_a,5ae3e6f85542996836b02bee,1.0,0.875,True,False,"[0.8676173090934753, 0.09669078141450882, 0.014480503275990486]"
5ae3e6f85542996836b02bee::active_set_pack_a,5ae3e6f85542996836b02bee,1.0,0.875,True,False,"[0.8696557283401489, 0.09985177963972092, 0.01138395443558693]"
5ae3e6f85542996836b02bee::working_set_pack_b,5ae3e6f85542996836b02bee,1.0,0.875,True,False,"[0.6837939620018005, 0.18476465344429016, 0.09294679015874863]"
5ae3e6f85542996836b02bee::active_set_pack_b,5ae3e6f85542996836b02bee,0.875,0.875,False,False,"[0.6287682056427002, 0.17610792815685272, 0.10138613730669022]"
5adef2be5542993a75d263b1::working_set_pack_a,5adef2be5542993a75d263b1,1.0,1.0,True,True,"[0.9197109937667847, 0.031029043719172478, 0.028760705143213272]"
5adef2be5542993a75d263b1::active_set_pack_a,5adef2be5542993a75d263b1,1.0,0.875,True,False,"[0.9228008985519409, 0.030062124133110046, 0.02726071886718273]"
5adef2be5542993a75d263b1::working_set_pack_b,5adef2be5542993a75d263b1,1.0,1.0,True,True,"[0.8949970602989197, 0.04713623970746994, 0.025706574320793152]"
5adef2be5542993a75d263b1::active_set_pack_b,5adef2be5542993a75d263b1,1.0,1.0,True,True,"[0.9222461581230164, 0.029230980202555656, 0.022875485941767693]"
5ae3e1815542992e3233c49f::working_set_pack_a,5ae3e1815542992e3233c49f,1.0,1.0,True,True,"[0.5044407248497009, 0.32899799942970276, 0.09921909868717194]"
5ae3e1815542992e3233c49f::active_set_pack_a,5ae3e1815542992e3233c49f,1.0,1.0,True,True,"[0.5666332840919495, 0.29726430773735046, 0.08825692534446716]"
5ae3e1815542992e3233c49f::working_set_pack_b,5ae3e1815542992e3233c49f,1.0,1.0,True,True,"[0.7168384194374084, 0.15982495248317719, 0.063006192445755]"
5ae3e1815542992e3233c49f::active_set_pack_b,5ae3e1815542992e3233c49f,1.0,1.0,True,True,"[0.7408285140991211, 0.17486229538917542, 0.047848790884017944]"
5ac25b125542992f1f2b3872::working_set_pack_a,5ac25b125542992f1f2b3872,1.0,1.0,True,True,"[0.9105150699615479, 0.040551964193582535, 0.025988208130002022]"
5ac25b125542992f1f2b3872::active_set_pack_a,5ac25b125542992f1f2b3872,1.0,0.875,True,False,"[0.8757820129394531, 0.05478506535291672, 0.042927853763103485]"
5ac25b125542992f1f2b3872::working_set_pack_b,5ac25b125542992f1f2b3872,1.0,1.0,True,True,"[0.8735092878341675, 0.08001020550727844, 0.029348164796829224]"
5ac25b125542992f1f2b3872::active_set_pack_b,5ac25b125542992f1f2b3872,1.0,1.0,True,True,"[0.8796093463897705, 0.07090017944574356, 0.022700676694512367]"
5a80c65f55429938b61421d4::working_set_pack_a,5a80c65f55429938b61421d4,1.0,1.0,True,True,"[0.7877551317214966, 0.11858437210321426, 0.055048663169145584]"
5a80c65f55429938b61421d4::active_set_pack_a,5a80c65f55429938b61421d4,1.0,1.0,True,True,"[0.805636465549469, 0.11582693457603455, 0.04081764072179794]"
5a80c65f55429938b61421d4::working_set_pack_b,5a80c65f55429938b61421d4,1.0,1.0,True,True,"[0.8935595154762268, 0.06862077862024307, 0.02246277965605259]"
5a80c65f55429938b61421d4::active_set_pack_b,5a80c65f55429938b61421d4,1.0,1.0,True,True,"[0.8611618280410767, 0.10270054638385773, 0.021102571859955788]"
5a813d4a554299260e20a277::working_set_pack_a,5a813d4a554299260e20a277,1.0,0.75,True,False,"[0.3554069697856903, 0.3001768887042999, 0.221895232796669]"
5a813d4a554299260e20a277::active_set_pack_a,5a813d4a554299260e20a277,0.875,0.875,False,False,"[0.5657431483268738, 0.17296373844146729, 0.11984609067440033]"
5a813d4a554299260e20a277::working_set_pack_b,5a813d4a554299260e20a277,1.0,1.0,True,True,"[0.3913103938102722, 0.33331671357154846, 0.16356579959392548]"
5a813d4a554299260e20a277::active_set_pack_b,5a813d4a554299260e20a277,1.0,1.0,True,True,"[0.8614538311958313, 0.07546809315681458, 0.03230598568916321]"
