prompt_id,example_id,labels_present,is_gold,gold_oriented_scores,h1_oriented_scores,raw_scores,gold_sign,h1_sign,model_correct,model_preds,gold_labels
5a8b57f25542995d1e6f1371::working_set_pack_a,5a8b57f25542995d1e6f1371,"['A', 'B', 'C', 'D', 'E', 'F']","[0, 0, 0, 1, 0, 1]","[-0.9694466590881348, -0.9976416826248169, -0.9656457304954529, 4.287117958068848, -1.3583276271820068, 0.003943215124309063]","[-0.9694466590881348, -0.9976416826248169, -0.9656457304954529, 4.287117958068848, -1.3583276271820068, 0.003943215124309063]","[0.9694466590881348, 0.9976416826248169, 0.9656457304954529, -4.287117958068848, 1.3583276271820068, -0.003943215124309063]",-1,-1,True,"['D', 'F']","['D', 'F']"
5a8b57f25542995d1e6f1371::active_set_pack_a,5a8b57f25542995d1e6f1371,"['A', 'B', 'C', 'D', 'E', 'F']","[0, 0, 0, 1, 0, 1]","[-1.0825998783111572, -1.1077401638031006, -1.081160545349121, 4.990072727203369, -1.5035700798034668, -0.21500246226787567]","[-1.0825998783111572, -1.1077401638031006, -1.081160545349121, 4.990072727203369, -1.5035700798034668, -0.21500246226787567]","[1.0825998783111572, 1.1077401638031006, 1.081160545349121, -4.990072727203369, 1.5035700798034668, 0.21500246226787567]",-1,-1,True,"['D', 'F']","['D', 'F']"
5a8b57f25542995d1e6f1371::working_set_pack_b,5a8b57f25542995d1e6f1371,"['A', 'B', 'C', 'D', 'E', 'F']","[0, 0, 0, 1, 0, 1]","[-1.2193599939346313, -1.243411660194397, -1.23000967502594, 6.0108489990234375, -1.6514540910720825, -0.6666135787963867]","[-1.2193599939346313, -1.243411660194397, -1.23000967502594, 6.0108489990234375, -1.6514540910720825, -0.6666135787963867]","[1.2193599939346313, 1.243411660194397, 1.23000967502594, -6.0108489990234375, 1.6514540910720825, 0.6666135787963867]",-1,-1,True,"['D', 'F']","['D', 'F']"
5a8b57f25542995d1e6f1371::active_set_pack_b,5a8b57f25542995d1e6f1371,"['A', 'B', 'C', 'D', 'E', 'F']","[0, 0, 0, 1, 0, 1]","[-0.9703258872032166, -0.9980474710464478, -0.9737632870674133, 4.748894214630127, -1.3782681226730347, -0.42848944664001465]","[-0.9703258872032166, -0.9980474710464478, -0.9737632870674133, 4.748894214630127, -1.3782681226730347, -0.42848944664001465]","[0.9703258872032166, 0.9980474710464478, 0.9737632870674133, -4.748894214630127, 1.3782681226730347, 0.42848944664001465]",-1,-1,True,"['D', 'F']","['D', 'F']"
5adbf0a255429947ff17385a::working_set_pack_a,5adbf0a255429947ff17385a,"['A', 'B', 'C', 'D', 'E', 'F']","[1, 0, 0, 0, 0, 1]","[-0.6858808994293213, -0.7331758141517639, -0.7391805648803711, -0.7122712731361389, -0.7296760082244873, 3.600184917449951]","[-0.6858808994293213, -0.7331758141517639, -0.7391805648803711, -0.7122712731361389, -0.7296760082244873, 3.600184917449951]","[-0.6858808994293213, -0.7331758141517639, -0.7391805648803711, -0.7122712731361389, -0.7296760082244873, 3.600184917449951]",1,1,True,"['A', 'F']","['A', 'F']"
5adbf0a255429947ff17385a::active_set_pack_a,5adbf0a255429947ff17385a,"['A', 'B', 'C', 'D', 'E', 'F']","[1, 0, 0, 0, 0, 1]","[-0.732330858707428, -0.7769080400466919, -0.7945696711540222, -0.7704741954803467, -0.7932793498039246, 3.8675620555877686]","[-0.732330858707428, -0.7769080400466919, -0.7945696711540222, -0.7704741954803467, -0.7932793498039246, 3.8675620555877686]","[-0.732330858707428, -0.7769080400466919, -0.7945696711540222, -0.7704741954803467, -0.7932793498039246, 3.8675620555877686]",1,1,False,"['E', 'F']","['A', 'F']"
5adbf0a255429947ff17385a::working_set_pack_b,5adbf0a255429947ff17385a,"['A', 'B', 'C', 'D', 'E', 'F']","[1, 0, 0, 0, 0, 1]","[-0.7421040534973145, -0.7903870940208435, -0.8002108931541443, -0.7593237161636353, -0.7809462547302246, 3.872972249984741]","[-0.7421040534973145, -0.7903870940208435, -0.8002108931541443, -0.7593237161636353, -0.7809462547302246, 3.872972249984741]","[-0.7421040534973145, -0.7903870940208435, -0.8002108931541443, -0.7593237161636353, -0.7809462547302246, 3.872972249984741]",1,1,True,"['A', 'F']","['A', 'F']"
5adbf0a255429947ff17385a::active_set_pack_b,5adbf0a255429947ff17385a,"['A', 'B', 'C', 'D', 'E', 'F']","[1, 0, 0, 0, 0, 1]","[-0.6843472123146057, -0.7546918392181396, -0.7640443444252014, -0.7349643707275391, -0.7636407017707825, 3.7016875743865967]","[-0.6843472123146057, -0.7546918392181396, -0.7640443444252014, -0.7349643707275391, -0.7636407017707825, 3.7016875743865967]","[-0.6843472123146057, -0.7546918392181396, -0.7640443444252014, -0.7349643707275391, -0.7636407017707825, 3.7016875743865967]",1,1,True,"['A', 'F']","['A', 'F']"
5a8e3ea95542995a26add48d::working_set_pack_a,5a8e3ea95542995a26add48d,"['A', 'B', 'C', 'D', 'E', 'F']","[0, 1, 0, 0, 0, 1]","[-1.1192830801010132, -0.7860167026519775, -1.13656747341156, -1.1078325510025024, -1.0666694641113281, 5.216367244720459]","[-1.1192830801010132, -0.7860167026519775, -1.13656747341156, -1.1078325510025024, -1.0666694641113281, 5.216367244720459]","[-1.1192830801010132, -0.7860167026519775, -1.13656747341156, -1.1078325510025024, -1.0666694641113281, 5.216367244720459]",1,1,True,"['B', 'F']","['B', 'F']"
5a8e3ea95542995a26add48d::active_set_pack_a,5a8e3ea95542995a26add48d,"['A', 'B', 'C', 'D', 'E', 'F']","[0, 1, 0, 0, 0, 1]","[-1.0843302011489868, -0.7302727699279785, -1.1044119596481323, -1.073853850364685, -1.0744476318359375, 5.067317008972168]","[-1.0843302011489868, -0.7302727699279785, -1.1044119596481323, -1.073853850364685, -1.0744476318359375, 5.067317008972168]","[-1.0843302011489868, -0.7302727699279785, -1.1044119596481323, -1.073853850364685, -1.0744476318359375, 5.067317008972168]",1,1,True,"['B', 'F']","['B', 'F']"
5a8e3ea95542995a26add48d::working_set_pack_b,5a8e3ea95542995a26add48d,"['A', 'B', 'C', 'D', 'E', 'F']","[0, 1, 0, 0, 0, 1]","[-1.009097695350647, -0.677924394607544, -1.0506632328033447, -1.0100324153900146, -0.9663055539131165, 4.714022636413574]","[-1.009097695350647, -0.677924394607544, -1.0506632328033447, -1.0100324153900146, -0.9663055539131165, 4.714022636413574]","[-1.009097695350647, -0.677924394607544, -1.0506632328033447, -1.0100324153900146, -0.9663055539131165, 4.714022636413574]",1,1,True,"['B', 'F']","['B', 'F']"
5a8e3ea95542995a26add48d::active_set_pack_b,5a8e3ea95542995a26add48d,"['A', 'B', 'C', 'D', 'E', 'F']","[0, 1, 0, 0, 0, 1]","[-0.9857481122016907, -0.6911217570304871, -1.0174819231033325, -0.9802078604698181, -0.9618633985519409, 4.636423587799072]","[-0.9857481122016907, -0.6911217570304871, -1.0174819231033325, -0.9802078604698181, -0.9618633985519409, 4.636423587799072]","[-0.9857481122016907, -0.6911217570304871, -1.0174819231033325, -0.9802078604698181, -0.9618633985519409, 4.636423587799072]",1,1,True,"['B', 'F']","['B', 'F']"
5abd94525542992ac4f382d2::working_set_pack_a,5abd94525542992ac4f382d2,"['A', 'B', 'C', 'D', 'E', 'F']","[1, 0, 0, 0, 1, 0]","[-0.32782334089279175, -0.48187243938446045, -0.2782732844352722, -0.5657159090042114, 2.6570804119110107, -1.003395676612854]","[-0.32782334089279175, -0.48187243938446045, -0.2782732844352722, -0.5657159090042114, 2.6570804119110107, -1.003395676612854]","[0.32782334089279175, 0.48187243938446045, 0.2782732844352722, 0.5657159090042114, -2.6570804119110107, 1.003395676612854]",-1,-1,True,"['A', 'E']","['A', 'E']"
5abd94525542992ac4f382d2::active_set_pack_a,5abd94525542992ac4f382d2,"['A', 'B', 'C', 'D', 'E', 'F']","[1, 0, 0, 0, 1, 0]","[-0.3383854925632477, -0.510817289352417, -0.2857593894004822, -0.5925076603889465, 2.767613172531128, -1.0401424169540405]","[-0.3383854925632477, -0.510817289352417, -0.2857593894004822, -0.5925076603889465, 2.767613172531128, -1.0401424169540405]","[0.3383854925632477, 0.510817289352417, 0.2857593894004822, 0.5925076603889465, -2.767613172531128, 1.0401424169540405]",-1,-1,False,"['C', 'E']","['A', 'E']"
5abd94525542992ac4f382d2::working_set_pack_b,5abd94525542992ac4f382d2,"['A', 'B', 'C', 'D', 'E', 'F']","[1, 0, 0, 0, 1, 0]","[-0.32862624526023865, -0.48529353737831116, -0.2682189345359802, -0.5372729301452637, 2.6925511360168457, -1.073140263557434]","[-0.32862624526023865, -0.48529353737831116, -0.2682189345359802, -0.5372729301452637, 2.6925511360168457, -1.073140263557434]","[0.32862624526023865, 0.48529353737831116, 0.2682189345359802, 0.5372729301452637, -2.6925511360168457, 1.073140263557434]",-1,-1,True,"['A', 'E']","['A', 'E']"
5abd94525542992ac4f382d2::active_set_pack_b,5abd94525542992ac4f382d2,"['A', 'B', 'C', 'D', 'E', 'F']","[1, 0, 0, 0, 1, 0]","[-0.43897131085395813, -0.555469810962677, -0.375088632106781, -0.614388644695282, 3.0711777210235596, -1.0872595310211182]","[-0.43897131085395813, -0.555469810962677, -0.375088632106781, -0.614388644695282, 3.0711777210235596, -1.0872595310211182]","[0.43897131085395813, 0.555469810962677, 0.375088632106781, 0.614388644695282, -3.0711777210235596, 1.0872595310211182]",-1,-1,True,"['A', 'E']","['A', 'E']"
5a85b2d95542997b5ce40028::working_set_pack_a,5a85b2d95542997b5ce40028,"['A', 'B', 'C', 'D', 'E', 'F']","[0, 0, 0, 0, 1, 1]","[-0.8961448669433594, -0.9414491653442383, -0.8888981938362122, -0.8763440847396851, -0.8992565274238586, 4.50209379196167]","[0.8961448669433594, 0.9414491653442383, 0.8888981938362122, 0.8763440847396851, 0.8992565274238586, -4.50209379196167]","[-0.8961448669433594, -0.9414491653442383, -0.8888981938362122, -0.8763440847396851, -0.8992565274238586, 4.50209379196167]",1,-1,False,"['D', 'E']","['E', 'F']"
5a85b2d95542997b5ce40028::active_set_pack_a,5a85b2d95542997b5ce40028,"['A', 'B', 'C', 'D', 'E', 'F']","[0, 0, 0, 0, 1, 1]","[-0.9028337001800537, -0.9371492862701416, -0.8943248391151428, -0.8664685487747192, -0.9147090315818787, 4.515486240386963]","[0.9028337001800537, 0.9371492862701416, 0.8943248391151428, 0.8664685487747192, 0.9147090315818787, -4.515486240386963]","[-0.9028337001800537, -0.9371492862701416, -0.8943248391151428, -0.8664685487747192, -0.9147090315818787, 4.515486240386963]",1,-1,False,"['D', 'E']","['E', 'F']"
5a85b2d95542997b5ce40028::working_set_pack_b,5a85b2d95542997b5ce40028,"['A', 'B', 'C', 'D', 'E', 'F']","[0, 0, 0, 0, 1, 1]","[-0.7979163527488708, -0.79676753282547, -0.8149046301841736, -0.7670531868934631, -0.7974947690963745, 3.9741365909576416]","[-0.7979163527488708, -0.79676753282547, -0.8149046301841736, -0.7670531868934631, -0.7974947690963745, 3.9741365909576416]","[-0.7979163527488708, -0.79676753282547, -0.8149046301841736, -0.7670531868934631, -0.7974947690963745, 3.9741365909576416]",1,1,False,"['B', 'F']","['E', 'F']"
5a85b2d95542997b5ce40028::active_set_pack_b,5a85b2d95542997b5ce40028,"['A', 'B', 'C', 'D', 'E', 'F']","[0, 0, 0, 0, 1, 1]","[-1.1017330884933472, -1.0842576026916504, -1.1077250242233276, -1.0727657079696655, -1.1164263486862183, 5.482908248901367]","[-1.1017330884933472, -1.0842576026916504, -1.1077250242233276, -1.0727657079696655, -1.1164263486862183, 5.482908248901367]","[-1.1017330884933472, -1.0842576026916504, -1.1077250242233276, -1.0727657079696655, -1.1164263486862183, 5.482908248901367]",1,1,False,"['B', 'F']","['E', 'F']"
5a87ab905542996e4f3088c1::working_set_pack_a,5a87ab905542996e4f3088c1,"['A', 'B', 'C', 'D', 'E', 'F']","[0, 0, 0, 0, 1, 1]","[-0.9165986776351929, -0.8986995220184326, -0.9101774096488953, -0.9319646954536438, 4.175586223602295, -0.5181444883346558]","[-0.9165986776351929, -0.8986995220184326, -0.9101774096488953, -0.9319646954536438, 4.175586223602295, -0.5181444883346558]","[0.9165986776351929, 0.8986995220184326, 0.9101774096488953, 0.9319646954536438, -4.175586223602295, 0.5181444883346558]",-1,-1,True,"['E', 'F']","['E', 'F']"
5a87ab905542996e4f3088c1::active_set_pack_a,5a87ab905542996e4f3088c1,"['A', 'B', 'C', 'D', 'E', 'F']","[0, 0, 0, 0, 1, 1]","[-0.8890705704689026, -0.8769415020942688, -0.8853673934936523, -0.9165961146354675, 4.058106422424316, -0.4901300072669983]","[-0.8890705704689026, -0.8769415020942688, -0.8853673934936523, -0.9165961146354675, 4.058106422424316, -0.4901300072669983]","[0.8890705704689026, 0.8769415020942688, 0.8853673934936523, 0.9165961146354675, -4.058106422424316, 0.4901300072669983]",-1,-1,True,"['E', 'F']","['E', 'F']"
5a87ab905542996e4f3088c1::working_set_pack_b,5a87ab905542996e4f3088c1,"['A', 'B', 'C', 'D', 'E', 'F']","[0, 0, 0, 0, 1, 1]","[-0.9249479174613953, -0.908994734287262, -0.9221807718276978, -0.9685813188552856, 4.222446918487549, -0.49774253368377686]","[-0.9249479174613953, -0.908994734287262, -0.9221807718276978, -0.9685813188552856, 4.222446918487549, -0.49774253368377686]","[0.9249479174613953, 0.908994734287262, 0.9221807718276978, 0.9685813188552856, -4.222446918487549, 0.49774253368377686]",-1,-1,True,"['E', 'F']","['E', 'F']"
5a87ab905542996e4f3088c1::active_set_pack_b,5a87ab905542996e4f3088c1,"['A', 'B', 'C', 'D', 'E', 'F']","[0, 0, 0, 0, 1, 1]","[-0.8553391695022583, -0.8410379886627197, -0.8472411632537842, -0.8942933678627014, 3.9672484397888184, -0.5293363928794861]","[-0.8553391695022583, -0.8410379886627197, -0.8472411632537842, -0.8942933678627014, 3.9672484397888184, -0.5293363928794861]","[0.8553391695022583, 0.8410379886627197, 0.8472411632537842, 0.8942933678627014, -3.9672484397888184, 0.5293363928794861]",-1,-1,True,"['E', 'F']","['E', 'F']"
5a8db19d5542994ba4e3dd00::working_set_pack_a,5a8db19d5542994ba4e3dd00,"['A', 'B', 'C', 'D', 'E', 'F']","[1, 0, 0, 1, 0, 0]","[-0.23829226195812225, -0.4960383474826813, -0.484588086605072, 2.6734871864318848, -0.5991904139518738, -0.855377733707428]","[-0.23829226195812225, -0.4960383474826813, -0.484588086605072, 2.6734871864318848, -0.5991904139518738, -0.855377733707428]","[-0.23829226195812225, -0.4960383474826813, -0.484588086605072, 2.6734871864318848, -0.5991904139518738, -0.855377733707428]",1,1,True,"['A', 'D']","['A', 'D']"
5a8db19d5542994ba4e3dd00::active_set_pack_a,5a8db19d5542994ba4e3dd00,"['A', 'B', 'C', 'D', 'E', 'F']","[1, 0, 0, 1, 0, 0]","[-0.24561801552772522, -0.5008923411369324, -0.4966581165790558, 2.7446799278259277, -0.6355004906654358, -0.8660123944282532]","[-0.24561801552772522, -0.5008923411369324, -0.4966581165790558, 2.7446799278259277, -0.6355004906654358, -0.8660123944282532]","[-0.24561801552772522, -0.5008923411369324, -0.4966581165790558, 2.7446799278259277, -0.6355004906654358, -0.8660123944282532]",1,1,True,"['A', 'D']","['A', 'D']"
5a8db19d5542994ba4e3dd00::working_set_pack_b,5a8db19d5542994ba4e3dd00,"['A', 'B', 'C', 'D', 'E', 'F']","[1, 0, 0, 1, 0, 0]","[-0.1862974613904953, -0.5084347724914551, -0.450803279876709, 2.7221357822418213, -0.5368847250938416, -1.0397168397903442]","[-0.1862974613904953, -0.5084347724914551, -0.450803279876709, 2.7221357822418213, -0.5368847250938416, -1.0397168397903442]","[-0.1862974613904953, -0.5084347724914551, -0.450803279876709, 2.7221357822418213, -0.5368847250938416, -1.0397168397903442]",1,1,True,"['A', 'D']","['A', 'D']"
5a8db19d5542994ba4e3dd00::active_set_pack_b,5a8db19d5542994ba4e3dd00,"['A', 'B', 'C', 'D', 'E', 'F']","[1, 0, 0, 1, 0, 0]","[-0.2577016353607178, -0.5129379034042358, -0.471699982881546, 2.694427728652954, -0.5464810729026794, -0.9056075811386108]","[-0.2577016353607178, -0.5129379034042358, -0.471699982881546, 2.694427728652954, -0.5464810729026794, -0.9056075811386108]","[-0.2577016353607178, -0.5129379034042358, -0.471699982881546, 2.694427728652954, -0.5464810729026794, -0.9056075811386108]",1,1,True,"['A', 'D']","['A', 'D']"
5ab56e32554299637185c594::working_set_pack_a,5ab56e32554299637185c594,"['A', 'B', 'C', 'D', 'E', 'F']","[1, 0, 0, 0, 0, 1]","[-0.4707193970680237, -0.5511916279792786, -0.4777812361717224, -0.5084022879600525, -0.24369043111801147, 2.251784563064575]","[-0.4707193970680237, -0.5511916279792786, -0.4777812361717224, -0.5084022879600525, -0.24369043111801147, 2.251784563064575]","[-0.4707193970680237, -0.5511916279792786, -0.4777812361717224, -0.5084022879600525, -0.24369043111801147, 2.251784563064575]",1,1,False,"['E', 'F']","['A', 'F']"
5ab56e32554299637185c594::active_set_pack_a,5ab56e32554299637185c594,"['A', 'B', 'C', 'D', 'E', 'F']","[1, 0, 0, 0, 0, 1]","[-0.49867579340934753, -0.5902947783470154, -0.5059140920639038, -0.5341774225234985, -0.27086329460144043, 2.399925708770752]","[-0.49867579340934753, -0.5902947783470154, -0.5059140920639038, -0.5341774225234985, -0.27086329460144043, 2.399925708770752]","[-0.49867579340934753, -0.5902947783470154, -0.5059140920639038, -0.5341774225234985, -0.27086329460144043, 2.399925708770752]",1,1,False,"['E', 'F']","['A', 'F']"
5ab56e32554299637185c594::working_set_pack_b,5ab56e32554299637185c594,"['A', 'B', 'C', 'D', 'E', 'F']","[1, 0, 0, 0, 0, 1]","[-0.4821828007698059, -0.5912957191467285, -0.48900917172431946, -0.5373669266700745, -0.34037378430366516, 2.440227746963501]","[-0.4821828007698059, -0.5912957191467285, -0.48900917172431946, -0.5373669266700745, -0.34037378430366516, 2.440227746963501]","[0.4821828007698059, 0.5912957191467285, 0.48900917172431946, 0.5373669266700745, 0.34037378430366516, -2.440227746963501]",-1,-1,True,"['A', 'F']","['A', 'F']"
5ab56e32554299637185c594::active_set_pack_b,5ab56e32554299637185c594,"['A', 'B', 'C', 'D', 'E', 'F']","[1, 0, 0, 0, 0, 1]","[-0.5862944722175598, -0.7127736210823059, -0.5917828679084778, -0.6425791382789612, -0.45042237639427185, 2.9838531017303467]","[-0.5862944722175598, -0.7127736210823059, -0.5917828679084778, -0.6425791382789612, -0.45042237639427185, 2.9838531017303467]","[-0.5862944722175598, -0.7127736210823059, -0.5917828679084778, -0.6425791382789612, -0.45042237639427185, 2.9838531017303467]",1,1,False,"['E', 'F']","['A', 'F']"
5a75e05c55429976ec32bc5f::working_set_pack_a,5a75e05c55429976ec32bc5f,"['A', 'B', 'C', 'D', 'E', 'F']","[0, 1, 0, 0, 1, 0]","[-0.5057404041290283, 2.6866073608398438, -0.5279635190963745, -0.4344189167022705, -0.6482317447662354, -0.570252537727356]","[-0.5057404041290283, 2.6866073608398438, -0.5279635190963745, -0.4344189167022705, -0.6482317447662354, -0.570252537727356]","[-0.5057404041290283, 2.6866073608398438, -0.5279635190963745, -0.4344189167022705, -0.6482317447662354, -0.570252537727356]",1,1,True,"['B', 'E']","['B', 'E']"
5a75e05c55429976ec32bc5f::active_set_pack_a,5a75e05c55429976ec32bc5f,"['A', 'B', 'C', 'D', 'E', 'F']","[0, 1, 0, 0, 1, 0]","[-0.14720463752746582, 2.156721830368042, -0.15535631775856018, -0.13305741548538208, -1.5362502336502075, -0.1848532259464264]","[0.14720463752746582, -2.156721830368042, 0.15535631775856018, 0.13305741548538208, 1.5362502336502075, 0.1848532259464264]","[-0.14720463752746582, 2.156721830368042, -0.15535631775856018, -0.13305741548538208, -1.5362502336502075, -0.1848532259464264]",1,-1,False,"['E', 'F']","['B', 'E']"
5a75e05c55429976ec32bc5f::working_set_pack_b,5a75e05c55429976ec32bc5f,"['A', 'B', 'C', 'D', 'E', 'F']","[0, 1, 0, 0, 1, 0]","[-0.4214949905872345, 2.7939541339874268, -0.4426717162132263, -0.385769784450531, -1.050067663192749, -0.49394938349723816]","[-0.4214949905872345, 2.7939541339874268, -0.4426717162132263, -0.385769784450531, -1.050067663192749, -0.49394938349723816]","[-0.4214949905872345, 2.7939541339874268, -0.4426717162132263, -0.385769784450531, -1.050067663192749, -0.49394938349723816]",1,1,True,"['B', 'E']","['B', 'E']"
5a75e05c55429976ec32bc5f::active_set_pack_b,5a75e05c55429976ec32bc5f,"['A', 'B', 'C', 'D', 'E', 'F']","[0, 1, 0, 0, 1, 0]","[-0.5289401412010193, -0.7529281973838806, -0.5458515882492065, -0.48197031021118164, 2.8627309799194336, -0.5530394911766052]","[-0.5289401412010193, -0.7529281973838806, -0.5458515882492065, -0.48197031021118164, 2.8627309799194336, -0.5530394911766052]","[0.5289401412010193, 0.7529281973838806, 0.5458515882492065, 0.48197031021118164, -2.8627309799194336, 0.5530394911766052]",-1,-1,True,"['B', 'E']","['B', 'E']"
5ab29c24554299449642c932::working_set_pack_a,5ab29c24554299449642c932,"['A', 'B', 'C', 'D', 'E', 'F']","[0, 1, 0, 1, 0, 0]","[-0.8744888305664062, 3.6469314098358154, -0.8635514974594116, -0.5142683982849121, -0.8232229351997375, -0.57140052318573]","[-0.8744888305664062, 3.6469314098358154, -0.8635514974594116, -0.5142683982849121, -0.8232229351997375, -0.57140052318573]","[-0.8744888305664062, 3.6469314098358154, -0.8635514974594116, -0.5142683982849121, -0.8232229351997375, -0.57140052318573]",1,1,True,"['B', 'D']","['B', 'D']"
5ab29c24554299449642c932::active_set_pack_a,5ab29c24554299449642c932,"['A', 'B', 'C', 'D', 'E', 'F']","[0, 1, 0, 1, 0, 0]","[-0.8490053415298462, 3.5645368099212646, -0.8338932991027832, -0.3148351013660431, -0.8031648397445679, -0.7636369466781616]","[-0.8490053415298462, 3.5645368099212646, -0.8338932991027832, -0.3148351013660431, -0.8031648397445679, -0.7636369466781616]","[-0.8490053415298462, 3.5645368099212646, -0.8338932991027832, -0.3148351013660431, -0.8031648397445679, -0.7636369466781616]",1,1,True,"['B', 'D']","['B', 'D']"
5ab29c24554299449642c932::working_set_pack_b,5ab29c24554299449642c932,"['A', 'B', 'C', 'D', 'E', 'F']","[0, 1, 0, 1, 0, 0]","[-0.9827525615692139, 4.332529067993164, -0.9976788759231567, -0.4924200475215912, -0.9321138858795166, -0.9275637865066528]","[-0.9827525615692139, 4.332529067993164, -0.9976788759231567, -0.4924200475215912, -0.9321138858795166, -0.9275637865066528]","[-0.9827525615692139, 4.332529067993164, -0.9976788759231567, -0.4924200475215912, -0.9321138858795166, -0.9275637865066528]",1,1,True,"['B', 'D']","['B', 'D']"
5ab29c24554299449642c932::active_set_pack_b,5ab29c24554299449642c932,"['A', 'B', 'C', 'D', 'E', 'F']","[0, 1, 0, 1, 0, 0]","[-0.865574300289154, 3.860785961151123, -0.8746424317359924, -0.48067405819892883, -0.8216045498847961, -0.8182901740074158]","[-0.865574300289154, 3.860785961151123, -0.8746424317359924, -0.48067405819892883, -0.8216045498847961, -0.8182901740074158]","[-0.865574300289154, 3.860785961151123, -0.8746424317359924, -0.48067405819892883, -0.8216045498847961, -0.8182901740074158]",1,1,True,"['B', 'D']","['B', 'D']"
5ae0d4c9554299603e418468::working_set_pack_a,5ae0d4c9554299603e418468,"['A', 'B', 'C', 'D', 'E', 'F']","[0, 1, 0, 0, 1, 0]","[-0.23665887117385864, 2.068702220916748, -0.274170458316803, -0.2682560384273529, -0.9585660696029663, -0.3310501277446747]","[-0.23665887117385864, 2.068702220916748, -0.274170458316803, -0.2682560384273529, -0.9585660696029663, -0.3310501277446747]","[-0.23665887117385864, 2.068702220916748, -0.274170458316803, -0.2682560384273529, -0.9585660696029663, -0.3310501277446747]",1,1,True,"['B', 'E']","['B', 'E']"
5ae0d4c9554299603e418468::active_set_pack_a,5ae0d4c9554299603e418468,"['A', 'B', 'C', 'D', 'E', 'F']","[0, 1, 0, 0, 1, 0]","[-0.34435024857521057, 2.2400503158569336, -0.3730301558971405, -0.39447954297065735, -0.6777174472808838, -0.4504726231098175]","[-0.34435024857521057, 2.2400503158569336, -0.3730301558971405, -0.39447954297065735, -0.6777174472808838, -0.4504726231098175]","[-0.34435024857521057, 2.2400503158569336, -0.3730301558971405, -0.39447954297065735, -0.6777174472808838, -0.4504726231098175]",1,1,True,"['B', 'E']","['B', 'E']"
5ae0d4c9554299603e418468::working_set_pack_b,5ae0d4c9554299603e418468,"['A', 'B', 'C', 'D', 'E', 'F']","[0, 1, 0, 0, 1, 0]","[-0.5890861749649048, 3.144359588623047, -0.5838153958320618, -0.6225141882896423, -0.6776617169380188, -0.6712832450866699]","[-0.5890861749649048, 3.144359588623047, -0.5838153958320618, -0.6225141882896423, -0.6776617169380188, -0.6712832450866699]","[-0.5890861749649048, 3.144359588623047, -0.5838153958320618, -0.6225141882896423, -0.6776617169380188, -0.6712832450866699]",1,1,True,"['B', 'E']","['B', 'E']"
5ae0d4c9554299603e418468::active_set_pack_b,5ae0d4c9554299603e418468,"['A', 'B', 'C', 'D', 'E', 'F']","[0, 1, 0, 0, 1, 0]","[-0.5334641933441162, 2.908036947250366, -0.5341453552246094, -0.5821743011474609, -0.6159905195236206, -0.6422628164291382]","[-0.5334641933441162, 2.908036947250366, -0.5341453552246094, -0.5821743011474609, -0.6159905195236206, -0.6422628164291382]","[-0.5334641933441162, 2.908036947250366, -0.5341453552246094, -0.5821743011474609, -0.6159905195236206, -0.6422628164291382]",1,1,True,"['B', 'E']","['B', 'E']"
5a8133725542995ce29dcbdb::working_set_pack_a,5a8133725542995ce29dcbdb,"['A', 'B', 'C', 'D', 'E', 'F']","[0, 1, 1, 0, 0, 0]","[0.6981449723243713, 0.6786109209060669, 0.669576108455658, 0.8133600354194641, -3.729271650314331, 0.8695796132087708]","[-0.6981449723243713, -0.6786109209060669, -0.669576108455658, -0.8133600354194641, 3.729271650314331, -0.8695796132087708]","[0.6981449723243713, 0.6786109209060669, 0.669576108455658, 0.8133600354194641, -3.729271650314331, 0.8695796132087708]",1,-1,False,"['C', 'E']","['B', 'C']"
5a8133725542995ce29dcbdb::active_set_pack_a,5a8133725542995ce29dcbdb,"['A', 'B', 'C', 'D', 'E', 'F']","[0, 1, 1, 0, 0, 0]","[0.7281621098518372, 0.6983003616333008, 0.637495219707489, 0.8597723841667175, -3.8286292552948, 0.904900312423706]","[-0.7281621098518372, -0.6983003616333008, -0.637495219707489, -0.8597723841667175, 3.8286292552948, -0.904900312423706]","[0.7281621098518372, 0.6983003616333008, 0.637495219707489, 0.8597723841667175, -3.8286292552948, 0.904900312423706]",1,-1,False,"['C', 'E']","['B', 'C']"
5a8133725542995ce29dcbdb::working_set_pack_b,5a8133725542995ce29dcbdb,"['A', 'B', 'C', 'D', 'E', 'F']","[0, 1, 1, 0, 0, 0]","[0.8358039855957031, 0.7986635565757751, 0.7464590668678284, 0.9411496520042419, -4.28400182723999, 0.9619261622428894]","[-0.8358039855957031, -0.7986635565757751, -0.7464590668678284, -0.9411496520042419, 4.28400182723999, -0.9619261622428894]","[0.8358039855957031, 0.7986635565757751, 0.7464590668678284, 0.9411496520042419, -4.28400182723999, 0.9619261622428894]",1,-1,False,"['C', 'E']","['B', 'C']"
5a8133725542995ce29dcbdb::active_set_pack_b,5a8133725542995ce29dcbdb,"['A', 'B', 'C', 'D', 'E', 'F']","[0, 1, 1, 0, 0, 0]","[0.8045141100883484, 0.7540214657783508, 0.7697378993034363, 0.9468267560005188, -4.186431884765625, 0.9113312363624573]","[-0.8045141100883484, -0.7540214657783508, -0.7697378993034363, -0.9468267560005188, 4.186431884765625, -0.9113312363624573]","[0.8045141100883484, 0.7540214657783508, 0.7697378993034363, 0.9468267560005188, -4.186431884765625, 0.9113312363624573]",1,-1,False,"['C', 'E']","['B', 'C']"
5ae6050f55429929b0807a5e::working_set_pack_a,5ae6050f55429929b0807a5e,"['A', 'B', 'C', 'D', 'E', 'F']","[0, 0, 0, 1, 1, 0]","[-0.16278474032878876, -0.13278917968273163, -0.13649959862232208, -0.1655159592628479, 0.941957950592041, -0.34436845779418945]","[-0.16278474032878876, -0.13278917968273163, -0.13649959862232208, -0.1655159592628479, 0.941957950592041, -0.34436845779418945]","[0.16278474032878876, 0.13278917968273163, 0.13649959862232208, 0.1655159592628479, -0.941957950592041, 0.34436845779418945]",-1,-1,False,"['B', 'E']","['D', 'E']"
5ae6050f55429929b0807a5e::active_set_pack_a,5ae6050f55429929b0807a5e,"['A', 'B', 'C', 'D', 'E', 'F']","[0, 0, 0, 1, 1, 0]","[-0.1517806351184845, -0.09742722660303116, -0.12376462668180466, -0.16216476261615753, 0.9456852078437805, -0.41054752469062805]","[-0.1517806351184845, -0.09742722660303116, -0.12376462668180466, -0.16216476261615753, 0.9456852078437805, -0.41054752469062805]","[0.1517806351184845, 0.09742722660303116, 0.12376462668180466, 0.16216476261615753, -0.9456852078437805, 0.41054752469062805]",-1,-1,True,"['D', 'E']","['D', 'E']"
5ae6050f55429929b0807a5e::working_set_pack_b,5ae6050f55429929b0807a5e,"['A', 'B', 'C', 'D', 'E', 'F']","[0, 0, 0, 1, 1, 0]","[-0.15809176862239838, -0.07696384936571121, -0.1510629504919052, -0.17127060890197754, 0.9642506837844849, -0.40686145424842834]","[-0.15809176862239838, -0.07696384936571121, -0.1510629504919052, -0.17127060890197754, 0.9642506837844849, -0.40686145424842834]","[0.15809176862239838, 0.07696384936571121, 0.1510629504919052, 0.17127060890197754, -0.9642506837844849, 0.40686145424842834]",-1,-1,False,"['B', 'E']","['D', 'E']"
5ae6050f55429929b0807a5e::active_set_pack_b,5ae6050f55429929b0807a5e,"['A', 'B', 'C', 'D', 'E', 'F']","[0, 0, 0, 1, 1, 0]","[-0.20888204872608185, -0.188573956489563, -0.21726250648498535, -0.19252945482730865, 1.2505989074707031, -0.443351149559021]","[-0.20888204872608185, -0.188573956489563, -0.21726250648498535, -0.19252945482730865, 1.2505989074707031, -0.443351149559021]","[0.20888204872608185, 0.188573956489563, 0.21726250648498535, 0.19252945482730865, -1.2505989074707031, 0.443351149559021]",-1,-1,False,"['B', 'E']","['D', 'E']"
5ae2070a5542994d89d5b313::working_set_pack_a,5ae2070a5542994d89d5b313,"['A', 'B', 'C', 'D', 'E', 'F']","[0, 0, 1, 1, 0, 0]","[-0.35349738597869873, -0.3281280994415283, -0.25744035840034485, 1.5668065547943115, -0.250438928604126, -0.3773016035556793]","[-0.35349738597869873, -0.3281280994415283, -0.25744035840034485, 1.5668065547943115, -0.250438928604126, -0.3773016035556793]","[0.35349738597869873, 0.3281280994415283, 0.25744035840034485, -1.5668065547943115, 0.250438928604126, 0.3773016035556793]",-1,-1,True,"['C', 'D']","['C', 'D']"
5ae2070a5542994d89d5b313::active_set_pack_a,5ae2070a5542994d89d5b313,"['A', 'B', 'C', 'D', 'E', 'F']","[0, 0, 1, 1, 0, 0]","[-0.33089929819107056, -0.2958885133266449, -0.23020437359809875, 1.4611046314239502, -0.2381974756717682, -0.36591434478759766]","[-0.33089929819107056, -0.2958885133266449, -0.23020437359809875, 1.4611046314239502, -0.2381974756717682, -0.36591434478759766]","[0.33089929819107056, 0.2958885133266449, 0.23020437359809875, -1.4611046314239502, 0.2381974756717682, 0.36591434478759766]",-1,-1,True,"['C', 'D']","['C', 'D']"
5ae2070a5542994d89d5b313::working_set_pack_b,5ae2070a5542994d89d5b313,"['A', 'B', 'C', 'D', 'E', 'F']","[0, 0, 1, 1, 0, 0]","[-0.3779905438423157, -0.3945242762565613, -0.24163216352462769, 1.649935245513916, -0.2515728175640106, -0.3842155635356903]","[-0.3779905438423157, -0.3945242762565613, -0.24163216352462769, 1.649935245513916, -0.2515728175640106, -0.3842155635356903]","[0.3779905438423157, 0.3945242762565613, 0.24163216352462769, -1.649935245513916, 0.2515728175640106, 0.3842155635356903]",-1,-1,False,"['A', 'D']","['C', 'D']"
5ae2070a5542994d89d5b313::active_set_pack_b,5ae2070a5542994d89d5b313,"['A', 'B', 'C', 'D', 'E', 'F']","[0, 0, 1, 1, 0, 0]","[-0.3842332661151886, -0.40328699350357056, -0.3377823829650879, 1.8361181020736694, -0.3316565155982971, -0.3791591227054596]","[-0.3842332661151886, -0.40328699350357056, -0.3377823829650879, 1.8361181020736694, -0.3316565155982971, -0.3791591227054596]","[-0.3842332661151886, -0.40328699350357056, -0.3377823829650879, 1.8361181020736694, -0.3316565155982971, -0.3791591227054596]",1,1,True,"['C', 'D']","['C', 'D']"
5a722b8655429971e9dc9329::working_set_pack_a,5a722b8655429971e9dc9329,"['A', 'B', 'C', 'D', 'E', 'F']","[1, 0, 1, 0, 0, 0]","[0.3581452965736389, 0.24709926545619965, 0.48940977454185486, 0.3911087214946747, 0.480317085981369, -1.9660805463790894]","[-0.3581452965736389, -0.24709926545619965, -0.48940977454185486, -0.3911087214946747, -0.480317085981369, 1.9660805463790894]","[0.3581452965736389, 0.24709926545619965, 0.48940977454185486, 0.3911087214946747, 0.480317085981369, -1.9660805463790894]",1,-1,False,"['A', 'F']","['A', 'C']"
5a722b8655429971e9dc9329::active_set_pack_a,5a722b8655429971e9dc9329,"['A', 'B', 'C', 'D', 'E', 'F']","[1, 0, 1, 0, 0, 0]","[0.35517024993896484, 0.242649108171463, 0.5552394390106201, 0.38853326439857483, 0.4920082986354828, -2.033600091934204]","[0.35517024993896484, 0.242649108171463, 0.5552394390106201, 0.38853326439857483, 0.4920082986354828, -2.033600091934204]","[0.35517024993896484, 0.242649108171463, 0.5552394390106201, 0.38853326439857483, 0.4920082986354828, -2.033600091934204]",1,1,False,"['A', 'B']","['A', 'C']"
5a722b8655429971e9dc9329::working_set_pack_b,5a722b8655429971e9dc9329,"['A', 'B', 'C', 'D', 'E', 'F']","[1, 0, 1, 0, 0, 0]","[0.37578675150871277, 0.23474523425102234, 0.5322456955909729, 0.44830095767974854, 0.549834668636322, -2.140913248062134]","[0.37578675150871277, 0.23474523425102234, 0.5322456955909729, 0.44830095767974854, 0.549834668636322, -2.140913248062134]","[0.37578675150871277, 0.23474523425102234, 0.5322456955909729, 0.44830095767974854, 0.549834668636322, -2.140913248062134]",1,1,False,"['A', 'B']","['A', 'C']"
5a722b8655429971e9dc9329::active_set_pack_b,5a722b8655429971e9dc9329,"['A', 'B', 'C', 'D', 'E', 'F']","[1, 0, 1, 0, 0, 0]","[0.18856288492679596, -1.5487589836120605, 0.9826900362968445, 0.3383089005947113, 0.39026373624801636, -0.351066917181015]","[-0.18856288492679596, 1.5487589836120605, -0.9826900362968445, -0.3383089005947113, -0.39026373624801636, 0.351066917181015]","[-0.18856288492679596, 1.5487589836120605, -0.9826900362968445, -0.3383089005947113, -0.39026373624801636, 0.351066917181015]",-1,1,False,"['B', 'F']","['A', 'C']"
5adf37a95542995ec70e8f97::working_set_pack_a,5adf37a95542995ec70e8f97,"['A', 'B', 'C', 'D', 'E', 'F']","[1, 0, 0, 1, 0, 0]","[2.263768196105957, -0.3536912202835083, -0.40376409888267517, -0.5050954818725586, -0.47995316982269287, -0.5212640762329102]","[2.263768196105957, -0.3536912202835083, -0.40376409888267517, -0.5050954818725586, -0.47995316982269287, -0.5212640762329102]","[2.263768196105957, -0.3536912202835083, -0.40376409888267517, -0.5050954818725586, -0.47995316982269287, -0.5212640762329102]",1,1,False,"['A', 'B']","['A', 'D']"
5adf37a95542995ec70e8f97::active_set_pack_a,5adf37a95542995ec70e8f97,"['A', 'B', 'C', 'D', 'E', 'F']","[1, 0, 0, 1, 0, 0]","[2.5218379497528076, -0.4459415078163147, -0.43570759892463684, -0.5492335557937622, -0.5260842442512512, -0.5648703575134277]","[2.5218379497528076, -0.4459415078163147, -0.43570759892463684, -0.5492335557937622, -0.5260842442512512, -0.5648703575134277]","[2.5218379497528076, -0.4459415078163147, -0.43570759892463684, -0.5492335557937622, -0.5260842442512512, -0.5648703575134277]",1,1,False,"['A', 'B']","['A', 'D']"
5adf37a95542995ec70e8f97::working_set_pack_b,5adf37a95542995ec70e8f97,"['A', 'B', 'C', 'D', 'E', 'F']","[1, 0, 0, 1, 0, 0]","[1.9292069673538208, -0.2994879186153412, -0.36187753081321716, -0.410386323928833, -0.4056360125541687, -0.45181918144226074]","[1.9292069673538208, -0.2994879186153412, -0.36187753081321716, -0.410386323928833, -0.4056360125541687, -0.45181918144226074]","[-1.9292069673538208, 0.2994879186153412, 0.36187753081321716, 0.410386323928833, 0.4056360125541687, 0.45181918144226074]",-1,-1,False,"['A', 'B']","['A', 'D']"
5adf37a95542995ec70e8f97::active_set_pack_b,5adf37a95542995ec70e8f97,"['A', 'B', 'C', 'D', 'E', 'F']","[1, 0, 0, 1, 0, 0]","[2.1238527297973633, -0.31745976209640503, -0.4278726875782013, -0.45050346851348877, -0.4420095384120941, -0.48600807785987854]","[2.1238527297973633, -0.31745976209640503, -0.4278726875782013, -0.45050346851348877, -0.4420095384120941, -0.48600807785987854]","[2.1238527297973633, -0.31745976209640503, -0.4278726875782013, -0.45050346851348877, -0.4420095384120941, -0.48600807785987854]",1,1,False,"['A', 'B']","['A', 'D']"
5abd259d55429924427fcf1a::working_set_pack_a,5abd259d55429924427fcf1a,"['A', 'B', 'C', 'D', 'E', 'F']","[1, 1, 0, 0, 0, 0]","[0.49589788913726807, 0.05836015194654465, -0.1554076075553894, -0.10388363152742386, -0.19010059535503387, -0.1048661544919014]","[0.49589788913726807, 0.05836015194654465, -0.1554076075553894, -0.10388363152742386, -0.19010059535503387, -0.1048661544919014]","[-0.49589788913726807, -0.05836015194654465, 0.1554076075553894, 0.10388363152742386, 0.19010059535503387, 0.1048661544919014]",-1,-1,True,"['A', 'B']","['A', 'B']"
5abd259d55429924427fcf1a::active_set_pack_a,5abd259d55429924427fcf1a,"['A', 'B', 'C', 'D', 'E', 'F']","[1, 1, 0, 0, 0, 0]","[0.48307064175605774, 0.1360805481672287, -0.18390554189682007, -0.13161098957061768, -0.198897123336792, -0.10473757982254028]","[0.48307064175605774, 0.1360805481672287, -0.18390554189682007, -0.13161098957061768, -0.198897123336792, -0.10473757982254028]","[-0.48307064175605774, -0.1360805481672287, 0.18390554189682007, 0.13161098957061768, 0.198897123336792, 0.10473757982254028]",-1,-1,True,"['A', 'B']","['A', 'B']"
5abd259d55429924427fcf1a::working_set_pack_b,5abd259d55429924427fcf1a,"['A', 'B', 'C', 'D', 'E', 'F']","[1, 1, 0, 0, 0, 0]","[0.4040098190307617, 0.06270983070135117, -0.17551428079605103, -0.06939496845006943, -0.15574751794338226, -0.06606297940015793]","[0.4040098190307617, 0.06270983070135117, -0.17551428079605103, -0.06939496845006943, -0.15574751794338226, -0.06606297940015793]","[0.4040098190307617, 0.06270983070135117, -0.17551428079605103, -0.06939496845006943, -0.15574751794338226, -0.06606297940015793]",1,1,True,"['A', 'B']","['A', 'B']"
5abd259d55429924427fcf1a::active_set_pack_b,5abd259d55429924427fcf1a,"['A', 'B', 'C', 'D', 'E', 'F']","[1, 1, 0, 0, 0, 0]","[0.49663046002388, 0.1788875162601471, -0.2553967833518982, -0.10728595405817032, -0.19884783029556274, -0.11398741602897644]","[0.49663046002388, 0.1788875162601471, -0.2553967833518982, -0.10728595405817032, -0.19884783029556274, -0.11398741602897644]","[-0.49663046002388, -0.1788875162601471, 0.2553967833518982, 0.10728595405817032, 0.19884783029556274, 0.11398741602897644]",-1,-1,True,"['A', 'B']","['A', 'B']"
5a8a3e745542996c9b8d5e70::working_set_pack_a,5a8a3e745542996c9b8d5e70,"['A', 'B', 'C', 'D', 'E', 'F']","[0, 1, 0, 0, 1, 0]","[-0.9087515473365784, -0.6551265716552734, -0.9332547783851624, -0.9019839763641357, 4.285075664520264, -0.8859587907791138]","[-0.9087515473365784, -0.6551265716552734, -0.9332547783851624, -0.9019839763641357, 4.285075664520264, -0.8859587907791138]","[0.9087515473365784, 0.6551265716552734, 0.9332547783851624, 0.9019839763641357, -4.285075664520264, 0.8859587907791138]",-1,-1,False,"['E', 'F']","['B', 'E']"
5a8a3e745542996c9b8d5e70::active_set_pack_a,5a8a3e745542996c9b8d5e70,"['A', 'B', 'C', 'D', 'E', 'F']","[0, 1, 0, 0, 1, 0]","[-0.8725166916847229, -0.5516010522842407, -0.8851784467697144, -0.8649789690971375, 4.037933349609375, -0.8636581897735596]","[-0.8725166916847229, -0.5516010522842407, -0.8851784467697144, -0.8649789690971375, 4.037933349609375, -0.8636581897735596]","[0.8725166916847229, 0.5516010522842407, 0.8851784467697144, 0.8649789690971375, -4.037933349609375, 0.8636581897735596]",-1,-1,False,"['E', 'F']","['B', 'E']"
5a8a3e745542996c9b8d5e70::working_set_pack_b,5a8a3e745542996c9b8d5e70,"['A', 'B', 'C', 'D', 'E', 'F']","[0, 1, 0, 0, 1, 0]","[-1.02545964717865, -0.8300944566726685, -1.0633894205093384, -1.0045548677444458, 4.926212310791016, -1.0027134418487549]","[-1.02545964717865, -0.8300944566726685, -1.0633894205093384, -1.0045548677444458, 4.926212310791016, -1.0027134418487549]","[1.02545964717865, 0.8300944566726685, 1.0633894205093384, 1.0045548677444458, -4.926212310791016, 1.0027134418487549]",-1,-1,False,"['E', 'F']","['B', 'E']"
5a8a3e745542996c9b8d5e70::active_set_pack_b,5a8a3e745542996c9b8d5e70,"['A', 'B', 'C', 'D', 'E', 'F']","[0, 1, 0, 0, 1, 0]","[-0.8601779937744141, -0.6494287252426147, -0.8757770657539368, -0.8572850227355957, 4.076644420623779, -0.8339764475822449]","[-0.8601779937744141, -0.6494287252426147, -0.8757770657539368, -0.8572850227355957, 4.076644420623779, -0.8339764475822449]","[0.8601779937744141, 0.6494287252426147, 0.8757770657539368, 0.8572850227355957, -4.076644420623779, 0.8339764475822449]",-1,-1,False,"['E', 'F']","['B', 'E']"
5ac23ff0554299636651994d::working_set_pack_a,5ac23ff0554299636651994d,"['A', 'B', 'C', 'D', 'E', 'F']","[0, 0, 0, 1, 0, 1]","[-0.9327390193939209, -0.946416437625885, -0.9536897540092468, -0.8539643883705139, -1.0637868642807007, 4.750595569610596]","[-0.9327390193939209, -0.946416437625885, -0.9536897540092468, -0.8539643883705139, -1.0637868642807007, 4.750595569610596]","[-0.9327390193939209, -0.946416437625885, -0.9536897540092468, -0.8539643883705139, -1.0637868642807007, 4.750595569610596]",1,1,True,"['D', 'F']","['D', 'F']"
5ac23ff0554299636651994d::active_set_pack_a,5ac23ff0554299636651994d,"['A', 'B', 'C', 'D', 'E', 'F']","[0, 0, 0, 1, 0, 1]","[-0.9572178721427917, -0.975537896156311, -0.981268584728241, -0.8867384791374207, -1.0914936065673828, 4.892257213592529]","[-0.9572178721427917, -0.975537896156311, -0.981268584728241, -0.8867384791374207, -1.0914936065673828, 4.892257213592529]","[-0.9572178721427917, -0.975537896156311, -0.981268584728241, -0.8867384791374207, -1.0914936065673828, 4.892257213592529]",1,1,True,"['D', 'F']","['D', 'F']"
5ac23ff0554299636651994d::working_set_pack_b,5ac23ff0554299636651994d,"['A', 'B', 'C', 'D', 'E', 'F']","[0, 0, 0, 1, 0, 1]","[-0.9811400175094604, -1.0140894651412964, -1.002477765083313, -0.8903518915176392, -1.1261835098266602, 5.014244556427002]","[-0.9811400175094604, -1.0140894651412964, -1.002477765083313, -0.8903518915176392, -1.1261835098266602, 5.014244556427002]","[-0.9811400175094604, -1.0140894651412964, -1.002477765083313, -0.8903518915176392, -1.1261835098266602, 5.014244556427002]",1,1,True,"['D', 'F']","['D', 'F']"
5ac23ff0554299636651994d::active_set_pack_b,5ac23ff0554299636651994d,"['A', 'B', 'C', 'D', 'E', 'F']","[0, 0, 0, 1, 0, 1]","[-0.8454976081848145, -0.9085628390312195, -0.8912628889083862, -0.8087462186813354, -0.9939096570014954, 4.447979927062988]","[-0.8454976081848145, -0.9085628390312195, -0.8912628889083862, -0.8087462186813354, -0.9939096570014954, 4.447979927062988]","[-0.8454976081848145, -0.9085628390312195, -0.8912628889083862, -0.8087462186813354, -0.9939096570014954, 4.447979927062988]",1,1,True,"['D', 'F']","['D', 'F']"
5ae4a3265542995ad6573de5::working_set_pack_a,5ae4a3265542995ad6573de5,"['A', 'B', 'C', 'D', 'E', 'F']","[0, 0, 1, 0, 1, 0]","[-1.4488235712051392, -1.5106580257415771, 7.413145065307617, -1.4973193407058716, -1.496238350868225, -1.4601051807403564]","[-1.4488235712051392, -1.5106580257415771, 7.413145065307617, -1.4973193407058716, -1.496238350868225, -1.4601051807403564]","[-1.4488235712051392, -1.5106580257415771, 7.413145065307617, -1.4973193407058716, -1.496238350868225, -1.4601051807403564]",1,1,False,"['C', 'D']","['C', 'E']"
5ae4a3265542995ad6573de5::active_set_pack_a,5ae4a3265542995ad6573de5,"['A', 'B', 'C', 'D', 'E', 'F']","[0, 0, 1, 0, 1, 0]","[-1.5278788805007935, -1.5805892944335938, 7.788508892059326, -1.5717135667800903, -1.574000597000122, -1.5343276262283325]","[-1.5278788805007935, -1.5805892944335938, 7.788508892059326, -1.5717135667800903, -1.574000597000122, -1.5343276262283325]","[-1.5278788805007935, -1.5805892944335938, 7.788508892059326, -1.5717135667800903, -1.574000597000122, -1.5343276262283325]",1,1,False,"['C', 'F']","['C', 'E']"
5ae4a3265542995ad6573de5::working_set_pack_b,5ae4a3265542995ad6573de5,"['A', 'B', 'C', 'D', 'E', 'F']","[0, 0, 1, 0, 1, 0]","[-1.7038151025772095, -1.7555283308029175, 8.601349830627441, -1.7422572374343872, -1.7046946287155151, -1.6950554847717285]","[-1.7038151025772095, -1.7555283308029175, 8.601349830627441, -1.7422572374343872, -1.7046946287155151, -1.6950554847717285]","[-1.7038151025772095, -1.7555283308029175, 8.601349830627441, -1.7422572374343872, -1.7046946287155151, -1.6950554847717285]",1,1,False,"['C', 'D']","['C', 'E']"
5ae4a3265542995ad6573de5::active_set_pack_b,5ae4a3265542995ad6573de5,"['A', 'B', 'C', 'D', 'E', 'F']","[0, 0, 1, 0, 1, 0]","[-1.6921924352645874, -1.7139215469360352, 8.492388725280762, -1.7030342817306519, -1.6991081237792969, -1.6841342449188232]","[-1.6921924352645874, -1.7139215469360352, 8.492388725280762, -1.7030342817306519, -1.6991081237792969, -1.6841342449188232]","[-1.6921924352645874, -1.7139215469360352, 8.492388725280762, -1.7030342817306519, -1.6991081237792969, -1.6841342449188232]",1,1,False,"['C', 'D']","['C', 'E']"
5a7a06935542990198eaf050::working_set_pack_a,5a7a06935542990198eaf050,"['A', 'B', 'C', 'D', 'E', 'F']","[0, 1, 0, 0, 0, 1]","[-0.6478745937347412, 3.1316280364990234, -0.699442446231842, -0.5401442646980286, -0.6261546611785889, -0.6180124282836914]","[-0.6478745937347412, 3.1316280364990234, -0.699442446231842, -0.5401442646980286, -0.6261546611785889, -0.6180124282836914]","[-0.6478745937347412, 3.1316280364990234, -0.699442446231842, -0.5401442646980286, -0.6261546611785889, -0.6180124282836914]",1,1,False,"['B', 'E']","['B', 'F']"
5a7a06935542990198eaf050::active_set_pack_a,5a7a06935542990198eaf050,"['A', 'B', 'C', 'D', 'E', 'F']","[0, 1, 0, 0, 0, 1]","[-0.6689251065254211, 3.2460012435913086, -0.7125009894371033, -0.5782555341720581, -0.6424214839935303, -0.6438983082771301]","[-0.6689251065254211, 3.2460012435913086, -0.7125009894371033, -0.5782555341720581, -0.6424214839935303, -0.6438983082771301]","[-0.6689251065254211, 3.2460012435913086, -0.7125009894371033, -0.5782555341720581, -0.6424214839935303, -0.6438983082771301]",1,1,False,"['B', 'E']","['B', 'F']"
5a7a06935542990198eaf050::working_set_pack_b,5a7a06935542990198eaf050,"['A', 'B', 'C', 'D', 'E', 'F']","[0, 1, 0, 0, 0, 1]","[-0.8088428378105164, 3.863330364227295, -0.8426364064216614, -0.6056406497955322, -0.7919056415557861, -0.814304530620575]","[-0.8088428378105164, 3.863330364227295, -0.8426364064216614, -0.6056406497955322, -0.7919056415557861, -0.814304530620575]","[-0.8088428378105164, 3.863330364227295, -0.8426364064216614, -0.6056406497955322, -0.7919056415557861, -0.814304530620575]",1,1,False,"['B', 'E']","['B', 'F']"
5a7a06935542990198eaf050::active_set_pack_b,5a7a06935542990198eaf050,"['A', 'B', 'C', 'D', 'E', 'F']","[0, 1, 0, 0, 0, 1]","[-0.7496185302734375, 3.703789472579956, -0.7982619404792786, -0.6935347318649292, -0.7289594411849976, -0.7334150075912476]","[-0.7496185302734375, 3.703789472579956, -0.7982619404792786, -0.6935347318649292, -0.7289594411849976, -0.7334150075912476]","[-0.7496185302734375, 3.703789472579956, -0.7982619404792786, -0.6935347318649292, -0.7289594411849976, -0.7334150075912476]",1,1,False,"['B', 'E']","['B', 'F']"
5a879ab05542996e4f30887e::working_set_pack_a,5a879ab05542996e4f30887e,"['A', 'B', 'C', 'D', 'E', 'F']","[1, 0, 0, 0, 0, 1]","[-0.7665024995803833, -0.937690794467926, -0.7289987802505493, -0.8525767922401428, -0.8556556701660156, 4.14142370223999]","[-0.7665024995803833, -0.937690794467926, -0.7289987802505493, -0.8525767922401428, -0.8556556701660156, 4.14142370223999]","[-0.7665024995803833, -0.937690794467926, -0.7289987802505493, -0.8525767922401428, -0.8556556701660156, 4.14142370223999]",1,1,True,"['A', 'F']","['A', 'F']"
5a879ab05542996e4f30887e::active_set_pack_a,5a879ab05542996e4f30887e,"['A', 'B', 'C', 'D', 'E', 'F']","[1, 0, 0, 0, 0, 1]","[-0.8087929487228394, -0.9885068535804749, -0.7803241014480591, -0.9135708808898926, -0.9077600836753845, 4.398955345153809]","[-0.8087929487228394, -0.9885068535804749, -0.7803241014480591, -0.9135708808898926, -0.9077600836753845, 4.398955345153809]","[-0.8087929487228394, -0.9885068535804749, -0.7803241014480591, -0.9135708808898926, -0.9077600836753845, 4.398955345153809]",1,1,True,"['A', 'F']","['A', 'F']"
5a879ab05542996e4f30887e::working_set_pack_b,5a879ab05542996e4f30887e,"['A', 'B', 'C', 'D', 'E', 'F']","[1, 0, 0, 0, 0, 1]","[-0.8046154379844666, -0.9836394190788269, -0.7621673941612244, -0.9174951314926147, -0.9032098054885864, 4.371127128601074]","[-0.8046154379844666, -0.9836394190788269, -0.7621673941612244, -0.9174951314926147, -0.9032098054885864, 4.371127128601074]","[-0.8046154379844666, -0.9836394190788269, -0.7621673941612244, -0.9174951314926147, -0.9032098054885864, 4.371127128601074]",1,1,True,"['A', 'F']","['A', 'F']"
5a879ab05542996e4f30887e::active_set_pack_b,5a879ab05542996e4f30887e,"['A', 'B', 'C', 'D', 'E', 'F']","[1, 0, 0, 0, 0, 1]","[-0.6195796132087708, -0.8220043778419495, -0.6358516812324524, -0.7428901195526123, -0.7307119965553284, 3.5510380268096924]","[-0.6195796132087708, -0.8220043778419495, -0.6358516812324524, -0.7428901195526123, -0.7307119965553284, 3.5510380268096924]","[-0.6195796132087708, -0.8220043778419495, -0.6358516812324524, -0.7428901195526123, -0.7307119965553284, 3.5510380268096924]",1,1,False,"['C', 'F']","['A', 'F']"
5a84dd955542997b5ce3ff79::working_set_pack_a,5a84dd955542997b5ce3ff79,"['A', 'B', 'C', 'D', 'E', 'F']","[0, 1, 0, 1, 0, 0]","[-0.6994590759277344, 2.984421491622925, -0.5813161134719849, -0.6434221863746643, -0.5653197765350342, -0.4949047267436981]","[-0.6994590759277344, 2.984421491622925, -0.5813161134719849, -0.6434221863746643, -0.5653197765350342, -0.4949047267436981]","[-0.6994590759277344, 2.984421491622925, -0.5813161134719849, -0.6434221863746643, -0.5653197765350342, -0.4949047267436981]",1,1,False,"['B', 'E']","['B', 'D']"
5a84dd955542997b5ce3ff79::active_set_pack_a,5a84dd955542997b5ce3ff79,"['A', 'B', 'C', 'D', 'E', 'F']","[0, 1, 0, 1, 0, 0]","[-0.7124968767166138, 3.0432331562042236, -0.6040771007537842, -0.6591652631759644, -0.5757983922958374, -0.4916965365409851]","[-0.7124968767166138, 3.0432331562042236, -0.6040771007537842, -0.6591652631759644, -0.5757983922958374, -0.4916965365409851]","[-0.7124968767166138, 3.0432331562042236, -0.6040771007537842, -0.6591652631759644, -0.5757983922958374, -0.4916965365409851]",1,1,False,"['B', 'E']","['B', 'D']"
5a84dd955542997b5ce3ff79::working_set_pack_b,5a84dd955542997b5ce3ff79,"['A', 'B', 'C', 'D', 'E', 'F']","[0, 1, 0, 1, 0, 0]","[-0.6567116379737854, 2.8746378421783447, -0.5820797085762024, -0.6246483325958252, -0.5314857363700867, -0.4797123670578003]","[-0.6567116379737854, 2.8746378421783447, -0.5820797085762024, -0.6246483325958252, -0.5314857363700867, -0.4797123670578003]","[-0.6567116379737854, 2.8746378421783447, -0.5820797085762024, -0.6246483325958252, -0.5314857363700867, -0.4797123670578003]",1,1,False,"['B', 'E']","['B', 'D']"
5a84dd955542997b5ce3ff79::active_set_pack_b,5a84dd955542997b5ce3ff79,"['A', 'B', 'C', 'D', 'E', 'F']","[0, 1, 0, 1, 0, 0]","[-0.7319878339767456, 3.2515368461608887, -0.6715940833091736, -0.6973475813865662, -0.6158969402313232, -0.5347095727920532]","[-0.7319878339767456, 3.2515368461608887, -0.6715940833091736, -0.6973475813865662, -0.6158969402313232, -0.5347095727920532]","[-0.7319878339767456, 3.2515368461608887, -0.6715940833091736, -0.6973475813865662, -0.6158969402313232, -0.5347095727920532]",1,1,False,"['B', 'E']","['B', 'D']"
5a7d0db955429909bec76924::working_set_pack_a,5a7d0db955429909bec76924,"['A', 'B', 'C', 'D', 'E', 'F']","[0, 0, 0, 0, 1, 1]","[-0.9196962714195251, -0.9457871913909912, -0.765308141708374, -1.0976595878601074, 4.185413360595703, -0.4569615423679352]","[-0.9196962714195251, -0.9457871913909912, -0.765308141708374, -1.0976595878601074, 4.185413360595703, -0.4569615423679352]","[0.9196962714195251, 0.9457871913909912, 0.765308141708374, 1.0976595878601074, -4.185413360595703, 0.4569615423679352]",-1,-1,True,"['E', 'F']","['E', 'F']"
5a7d0db955429909bec76924::active_set_pack_a,5a7d0db955429909bec76924,"['A', 'B', 'C', 'D', 'E', 'F']","[0, 0, 0, 0, 1, 1]","[-0.9697158336639404, -0.9946118593215942, -0.7977973222732544, -1.1654454469680786, 4.403127193450928, -0.47555580735206604]","[-0.9697158336639404, -0.9946118593215942, -0.7977973222732544, -1.1654454469680786, 4.403127193450928, -0.47555580735206604]","[0.9697158336639404, 0.9946118593215942, 0.7977973222732544, 1.1654454469680786, -4.403127193450928, 0.47555580735206604]",-1,-1,True,"['E', 'F']","['E', 'F']"
5a7d0db955429909bec76924::working_set_pack_b,5a7d0db955429909bec76924,"['A', 'B', 'C', 'D', 'E', 'F']","[0, 0, 0, 0, 1, 1]","[-0.8896771669387817, -0.9044981598854065, -0.767736554145813, -1.1130743026733398, 3.9322004318237305, -0.2572143077850342]","[-0.8896771669387817, -0.9044981598854065, -0.767736554145813, -1.1130743026733398, 3.9322004318237305, -0.2572143077850342]","[0.8896771669387817, 0.9044981598854065, 0.767736554145813, 1.1130743026733398, -3.9322004318237305, 0.2572143077850342]",-1,-1,True,"['E', 'F']","['E', 'F']"
5a7d0db955429909bec76924::active_set_pack_b,5a7d0db955429909bec76924,"['A', 'B', 'C', 'D', 'E', 'F']","[0, 0, 0, 0, 1, 1]","[-0.8546282052993774, -0.8685929775238037, -0.6917303204536438, -1.0647820234298706, 3.8107149600982666, -0.3309817910194397]","[-0.8546282052993774, -0.8685929775238037, -0.6917303204536438, -1.0647820234298706, 3.8107149600982666, -0.3309817910194397]","[0.8546282052993774, 0.8685929775238037, 0.6917303204536438, 1.0647820234298706, -3.8107149600982666, 0.3309817910194397]",-1,-1,True,"['E', 'F']","['E', 'F']"
5abd90545542996e802b47d7::working_set_pack_a,5abd90545542996e802b47d7,"['A', 'B', 'C', 'D', 'E', 'F']","[0, 0, 0, 1, 0, 1]","[-0.9008454084396362, -1.0348674058914185, -0.8827260732650757, -0.6297042965888977, -0.8863511085510254, 4.334494590759277]","[-0.9008454084396362, -1.0348674058914185, -0.8827260732650757, -0.6297042965888977, -0.8863511085510254, 4.334494590759277]","[0.9008454084396362, 1.0348674058914185, 0.8827260732650757, 0.6297042965888977, 0.8863511085510254, -4.334494590759277]",-1,-1,True,"['D', 'F']","['D', 'F']"
5abd90545542996e802b47d7::active_set_pack_a,5abd90545542996e802b47d7,"['A', 'B', 'C', 'D', 'E', 'F']","[0, 0, 0, 1, 0, 1]","[-0.9324642419815063, -1.0661622285842896, -0.918438732624054, -0.6411854028701782, -0.9352956414222717, 4.493546962738037]","[-0.9324642419815063, -1.0661622285842896, -0.918438732624054, -0.6411854028701782, -0.9352956414222717, 4.493546962738037]","[0.9324642419815063, 1.0661622285842896, 0.918438732624054, 0.6411854028701782, 0.9352956414222717, -4.493546962738037]",-1,-1,True,"['D', 'F']","['D', 'F']"
5abd90545542996e802b47d7::working_set_pack_b,5abd90545542996e802b47d7,"['A', 'B', 'C', 'D', 'E', 'F']","[0, 0, 0, 1, 0, 1]","[-0.9771410822868347, -1.14262855052948, -0.9312191605567932, -0.6581839323043823, -0.972885251045227, 4.682057857513428]","[-0.9771410822868347, -1.14262855052948, -0.9312191605567932, -0.6581839323043823, -0.972885251045227, 4.682057857513428]","[0.9771410822868347, 1.14262855052948, 0.9312191605567932, 0.6581839323043823, 0.972885251045227, -4.682057857513428]",-1,-1,True,"['D', 'F']","['D', 'F']"
5abd90545542996e802b47d7::active_set_pack_b,5abd90545542996e802b47d7,"['A', 'B', 'C', 'D', 'E', 'F']","[0, 0, 0, 1, 0, 1]","[-0.9744662642478943, -1.0944606065750122, -0.9393017292022705, -0.6156924366950989, -0.9608578681945801, 4.584778785705566]","[-0.9744662642478943, -1.0944606065750122, -0.9393017292022705, -0.6156924366950989, -0.9608578681945801, 4.584778785705566]","[0.9744662642478943, 1.0944606065750122, 0.9393017292022705, 0.6156924366950989, 0.9608578681945801, -4.584778785705566]",-1,-1,True,"['D', 'F']","['D', 'F']"
5a7722d655429966f1a36c99::working_set_pack_a,5a7722d655429966f1a36c99,"['A', 'B', 'C', 'D', 'E', 'F']","[1, 0, 0, 0, 1, 0]","[-0.6150279641151428, -0.5530524253845215, -0.6221746802330017, -0.7474151849746704, 3.344524621963501, -0.8068535327911377]","[-0.6150279641151428, -0.5530524253845215, -0.6221746802330017, -0.7474151849746704, 3.344524621963501, -0.8068535327911377]","[0.6150279641151428, 0.5530524253845215, 0.6221746802330017, 0.7474151849746704, -3.344524621963501, 0.8068535327911377]",-1,-1,False,"['B', 'E']","['A', 'E']"
5a7722d655429966f1a36c99::active_set_pack_a,5a7722d655429966f1a36c99,"['A', 'B', 'C', 'D', 'E', 'F']","[1, 0, 0, 0, 1, 0]","[-0.544104278087616, -0.4805712401866913, -0.5612757802009583, -0.6926547884941101, 3.03576397895813, -0.7571582198143005]","[-0.544104278087616, -0.4805712401866913, -0.5612757802009583, -0.6926547884941101, 3.03576397895813, -0.7571582198143005]","[0.544104278087616, 0.4805712401866913, 0.5612757802009583, 0.6926547884941101, -3.03576397895813, 0.7571582198143005]",-1,-1,False,"['B', 'E']","['A', 'E']"
5a7722d655429966f1a36c99::working_set_pack_b,5a7722d655429966f1a36c99,"['A', 'B', 'C', 'D', 'E', 'F']","[1, 0, 0, 0, 1, 0]","[-0.3900216221809387, -0.9559332132339478, -0.4223312437534332, -0.5128580331802368, 2.805294990539551, -0.5241512656211853]","[-0.3900216221809387, -0.9559332132339478, -0.4223312437534332, -0.5128580331802368, 2.805294990539551, -0.5241512656211853]","[0.3900216221809387, 0.9559332132339478, 0.4223312437534332, 0.5128580331802368, -2.805294990539551, 0.5241512656211853]",-1,-1,False,"['B', 'E']","['A', 'E']"
5a7722d655429966f1a36c99::active_set_pack_b,5a7722d655429966f1a36c99,"['A', 'B', 'C', 'D', 'E', 'F']","[1, 0, 0, 0, 1, 0]","[-0.3635493516921997, -0.894221842288971, -0.399929016828537, -0.46429160237312317, 2.6156415939331055, -0.49365031719207764]","[-0.3635493516921997, -0.894221842288971, -0.399929016828537, -0.46429160237312317, 2.6156415939331055, -0.49365031719207764]","[0.3635493516921997, 0.894221842288971, 0.399929016828537, 0.46429160237312317, -2.6156415939331055, 0.49365031719207764]",-1,-1,False,"['B', 'E']","['A', 'E']"
5ade025e5542997dc790711e::working_set_pack_a,5ade025e5542997dc790711e,"['A', 'B', 'C', 'D', 'E', 'F']","[0, 0, 1, 0, 0, 1]","[-0.2918190062046051, -0.25245699286460876, -1.7374359369277954, -0.18594549596309662, -0.39003831148147583, 2.857696771621704]","[-0.2918190062046051, -0.25245699286460876, -1.7374359369277954, -0.18594549596309662, -0.39003831148147583, 2.857696771621704]","[0.2918190062046051, 0.25245699286460876, 1.7374359369277954, 0.18594549596309662, 0.39003831148147583, -2.857696771621704]",-1,-1,True,"['C', 'F']","['C', 'F']"
5ade025e5542997dc790711e::active_set_pack_a,5ade025e5542997dc790711e,"['A', 'B', 'C', 'D', 'E', 'F']","[0, 0, 1, 0, 0, 1]","[-0.2014620453119278, -0.2011946439743042, 2.6804494857788086, -0.15416176617145538, -0.17689232528209686, -1.9467387199401855]","[-0.2014620453119278, -0.2011946439743042, 2.6804494857788086, -0.15416176617145538, -0.17689232528209686, -1.9467387199401855]","[-0.2014620453119278, -0.2011946439743042, 2.6804494857788086, -0.15416176617145538, -0.17689232528209686, -1.9467387199401855]",1,1,True,"['C', 'F']","['C', 'F']"
5ade025e5542997dc790711e::working_set_pack_b,5ade025e5542997dc790711e,"['A', 'B', 'C', 'D', 'E', 'F']","[0, 0, 1, 0, 0, 1]","[-0.40811029076576233, -0.39729905128479004, 3.034264087677002, -0.27889299392700195, -0.4033357799053192, -1.5466259717941284]","[-0.40811029076576233, -0.39729905128479004, 3.034264087677002, -0.27889299392700195, -0.4033357799053192, -1.5466259717941284]","[-0.40811029076576233, -0.39729905128479004, 3.034264087677002, -0.27889299392700195, -0.4033357799053192, -1.5466259717941284]",1,1,True,"['C', 'F']","['C', 'F']"
5ade025e5542997dc790711e::active_set_pack_b,5ade025e5542997dc790711e,"['A', 'B', 'C', 'D', 'E', 'F']","[0, 0, 1, 0, 0, 1]","[-0.7337411642074585, -0.7191133499145508, 3.9074594974517822, -0.5175007581710815, -0.7581141591072083, -1.1789908409118652]","[-0.7337411642074585, -0.7191133499145508, 3.9074594974517822, -0.5175007581710815, -0.7581141591072083, -1.1789908409118652]","[-0.7337411642074585, -0.7191133499145508, 3.9074594974517822, -0.5175007581710815, -0.7581141591072083, -1.1789908409118652]",1,1,True,"['C', 'F']","['C', 'F']"
5ab381b155429969a97a816b::working_set_pack_a,5ab381b155429969a97a816b,"['A', 'B', 'C', 'D', 'E', 'F']","[0, 0, 0, 0, 1, 1]","[-0.5406582355499268, -0.4449617862701416, -0.37025853991508484, -0.5194258689880371, 0.796095609664917, 1.079208493232727]","[-0.5406582355499268, -0.4449617862701416, -0.37025853991508484, -0.5194258689880371, 0.796095609664917, 1.079208493232727]","[-0.5406582355499268, -0.4449617862701416, -0.37025853991508484, -0.5194258689880371, 0.796095609664917, 1.079208493232727]",1,1,True,"['E', 'F']","['E', 'F']"
5ab381b155429969a97a816b::active_set_pack_a,5ab381b155429969a97a816b,"['A', 'B', 'C', 'D', 'E', 'F']","[0, 0, 0, 0, 1, 1]","[-0.5431731343269348, -0.4478134214878082, -0.3787335157394409, -0.5592130422592163, 0.8903210759162903, 1.0386117696762085]","[-0.5431731343269348, -0.4478134214878082, -0.3787335157394409, -0.5592130422592163, 0.8903210759162903, 1.0386117696762085]","[-0.5431731343269348, -0.4478134214878082, -0.3787335157394409, -0.5592130422592163, 0.8903210759162903, 1.0386117696762085]",1,1,True,"['E', 'F']","['E', 'F']"
5ab381b155429969a97a816b::working_set_pack_b,5ab381b155429969a97a816b,"['A', 'B', 'C', 'D', 'E', 'F']","[0, 0, 0, 0, 1, 1]","[-0.45787888765335083, -0.35489195585250854, -0.27447038888931274, -0.491170197725296, 1.5684623718261719, 0.009949097409844398]","[-0.45787888765335083, -0.35489195585250854, -0.27447038888931274, -0.491170197725296, 1.5684623718261719, 0.009949097409844398]","[0.45787888765335083, 0.35489195585250854, 0.27447038888931274, 0.491170197725296, -1.5684623718261719, -0.009949097409844398]",-1,-1,True,"['E', 'F']","['E', 'F']"
5ab381b155429969a97a816b::active_set_pack_b,5ab381b155429969a97a816b,"['A', 'B', 'C', 'D', 'E', 'F']","[0, 0, 0, 0, 1, 1]","[-0.5164936780929565, -0.45801830291748047, -0.40072116255760193, -0.5863518118858337, 2.016688585281372, -0.05510371923446655]","[-0.5164936780929565, -0.45801830291748047, -0.40072116255760193, -0.5863518118858337, 2.016688585281372, -0.05510371923446655]","[0.5164936780929565, 0.45801830291748047, 0.40072116255760193, 0.5863518118858337, -2.016688585281372, 0.05510371923446655]",-1,-1,True,"['E', 'F']","['E', 'F']"
5ac2a5d455429921a00ab01b::working_set_pack_a,5ac2a5d455429921a00ab01b,"['A', 'B', 'C', 'D', 'E', 'F']","[0, 1, 0, 0, 1, 0]","[-0.5579610466957092, -0.48567327857017517, -0.509629487991333, -0.4842880666255951, 2.4341013431549072, -0.3965490758419037]","[-0.5579610466957092, -0.48567327857017517, -0.509629487991333, -0.4842880666255951, 2.4341013431549072, -0.3965490758419037]","[0.5579610466957092, 0.48567327857017517, 0.509629487991333, 0.4842880666255951, -2.4341013431549072, 0.3965490758419037]",-1,-1,True,"['B', 'E']","['B', 'E']"
5ac2a5d455429921a00ab01b::active_set_pack_a,5ac2a5d455429921a00ab01b,"['A', 'B', 'C', 'D', 'E', 'F']","[0, 1, 0, 0, 1, 0]","[-0.5685149431228638, -0.490464985370636, -0.5242893099784851, -0.511870801448822, 2.4925765991210938, -0.3974364399909973]","[-0.5685149431228638, -0.490464985370636, -0.5242893099784851, -0.511870801448822, 2.4925765991210938, -0.3974364399909973]","[0.5685149431228638, 0.490464985370636, 0.5242893099784851, 0.511870801448822, -2.4925765991210938, 0.3974364399909973]",-1,-1,True,"['B', 'E']","['B', 'E']"
5ac2a5d455429921a00ab01b::working_set_pack_b,5ac2a5d455429921a00ab01b,"['A', 'B', 'C', 'D', 'E', 'F']","[0, 1, 0, 0, 1, 0]","[-0.42541638016700745, -0.35564854741096497, -0.3938732445240021, -0.3709532916545868, 1.9810960292816162, -0.4352043867111206]","[-0.42541638016700745, -0.35564854741096497, -0.3938732445240021, -0.3709532916545868, 1.9810960292816162, -0.4352043867111206]","[0.42541638016700745, 0.35564854741096497, 0.3938732445240021, 0.3709532916545868, -1.9810960292816162, 0.4352043867111206]",-1,-1,True,"['B', 'E']","['B', 'E']"
5ac2a5d455429921a00ab01b::active_set_pack_b,5ac2a5d455429921a00ab01b,"['A', 'B', 'C', 'D', 'E', 'F']","[0, 1, 0, 0, 1, 0]","[-0.5546668767929077, -0.450800359249115, -0.5297320485115051, -0.5335338115692139, 2.6295042037963867, -0.5607708096504211]","[-0.5546668767929077, -0.450800359249115, -0.5297320485115051, -0.5335338115692139, 2.6295042037963867, -0.5607708096504211]","[0.5546668767929077, 0.450800359249115, 0.5297320485115051, 0.5335338115692139, -2.6295042037963867, 0.5607708096504211]",-1,-1,True,"['B', 'E']","['B', 'E']"
5adc1309554299438c868d3b::working_set_pack_a,5adc1309554299438c868d3b,"['A', 'B', 'C', 'D', 'E', 'F']","[0, 0, 0, 1, 0, 1]","[-0.7052419185638428, -0.7273802161216736, -0.7359086275100708, 3.3663852214813232, -0.6671896576881409, -0.530665397644043]","[-0.7052419185638428, -0.7273802161216736, -0.7359086275100708, 3.3663852214813232, -0.6671896576881409, -0.530665397644043]","[-0.7052419185638428, -0.7273802161216736, -0.7359086275100708, 3.3663852214813232, -0.6671896576881409, -0.530665397644043]",1,1,True,"['D', 'F']","['D', 'F']"
5adc1309554299438c868d3b::active_set_pack_a,5adc1309554299438c868d3b,"['A', 'B', 'C', 'D', 'E', 'F']","[0, 0, 0, 1, 0, 1]","[-0.6910402178764343, -0.7110004425048828, -0.7243180274963379, 3.2705938816070557, -0.6608564257621765, -0.48337897658348083]","[-0.6910402178764343, -0.7110004425048828, -0.7243180274963379, 3.2705938816070557, -0.6608564257621765, -0.48337897658348083]","[-0.6910402178764343, -0.7110004425048828, -0.7243180274963379, 3.2705938816070557, -0.6608564257621765, -0.48337897658348083]",1,1,True,"['D', 'F']","['D', 'F']"
5adc1309554299438c868d3b::working_set_pack_b,5adc1309554299438c868d3b,"['A', 'B', 'C', 'D', 'E', 'F']","[0, 0, 0, 1, 0, 1]","[-0.7496494650840759, -0.7818242907524109, -0.7414839267730713, 3.6756012439727783, -0.7197538614273071, -0.6828895211219788]","[-0.7496494650840759, -0.7818242907524109, -0.7414839267730713, 3.6756012439727783, -0.7197538614273071, -0.6828895211219788]","[-0.7496494650840759, -0.7818242907524109, -0.7414839267730713, 3.6756012439727783, -0.7197538614273071, -0.6828895211219788]",1,1,True,"['D', 'F']","['D', 'F']"
5adc1309554299438c868d3b::active_set_pack_b,5adc1309554299438c868d3b,"['A', 'B', 'C', 'D', 'E', 'F']","[0, 0, 0, 1, 0, 1]","[-0.7968961596488953, -0.8367977142333984, -0.8167897462844849, 3.91322660446167, -0.7568480372428894, -0.705894947052002]","[-0.7968961596488953, -0.8367977142333984, -0.8167897462844849, 3.91322660446167, -0.7568480372428894, -0.705894947052002]","[-0.7968961596488953, -0.8367977142333984, -0.8167897462844849, 3.91322660446167, -0.7568480372428894, -0.705894947052002]",1,1,True,"['D', 'F']","['D', 'F']"
5a83168855429966c78a6b2e::working_set_pack_a,5a83168855429966c78a6b2e,"['A', 'B', 'C', 'D', 'E', 'F']","[0, 0, 0, 1, 1, 0]","[-0.7493402361869812, -0.8125501871109009, -0.5911610126495361, 2.369957685470581, 0.6315767168998718, -0.8484826683998108]","[-0.7493402361869812, -0.8125501871109009, -0.5911610126495361, 2.369957685470581, 0.6315767168998718, -0.8484826683998108]","[0.7493402361869812, 0.8125501871109009, 0.5911610126495361, -2.369957685470581, -0.6315767168998718, 0.8484826683998108]",-1,-1,False,"['C', 'E']","['D', 'E']"
5a83168855429966c78a6b2e::active_set_pack_a,5a83168855429966c78a6b2e,"['A', 'B', 'C', 'D', 'E', 'F']","[0, 0, 0, 1, 1, 0]","[-0.7548881769180298, -0.8349593281745911, -0.6071097254753113, 2.593994617462158, 0.45545822381973267, -0.8524951934814453]","[0.7548881769180298, 0.8349593281745911, 0.6071097254753113, -2.593994617462158, -0.45545822381973267, 0.8524951934814453]","[0.7548881769180298, 0.8349593281745911, 0.6071097254753113, -2.593994617462158, -0.45545822381973267, 0.8524951934814453]",-1,1,False,"['C', 'E']","['D', 'E']"
5a83168855429966c78a6b2e::working_set_pack_b,5a83168855429966c78a6b2e,"['A', 'B', 'C', 'D', 'E', 'F']","[0, 0, 0, 1, 1, 0]","[-0.6209697127342224, -0.6498342156410217, -0.5822086930274963, 0.13174839317798615, 2.4714157581329346, -0.7501513957977295]","[-0.6209697127342224, -0.6498342156410217, -0.5822086930274963, 0.13174839317798615, 2.4714157581329346, -0.7501513957977295]","[0.6209697127342224, 0.6498342156410217, 0.5822086930274963, -0.13174839317798615, -2.4714157581329346, 0.7501513957977295]",-1,-1,False,"['C', 'E']","['D', 'E']"
5a83168855429966c78a6b2e::active_set_pack_b,5a83168855429966c78a6b2e,"['A', 'B', 'C', 'D', 'E', 'F']","[0, 0, 0, 1, 1, 0]","[-0.1511407047510147, -0.2272522896528244, -1.9825749397277832, 1.1039081811904907, 1.5132172107696533, -0.25615718960762024]","[0.1511407047510147, 0.2272522896528244, 1.9825749397277832, -1.1039081811904907, -1.5132172107696533, 0.25615718960762024]","[0.1511407047510147, 0.2272522896528244, 1.9825749397277832, -1.1039081811904907, -1.5132172107696533, 0.25615718960762024]",-1,1,False,"['C', 'E']","['D', 'E']"
5ab345db55429969a97a8122::working_set_pack_a,5ab345db55429969a97a8122,"['A', 'B', 'C', 'D', 'E', 'F']","[0, 1, 1, 0, 0, 0]","[-0.3686453700065613, -0.38478511571884155, 1.9353656768798828, -0.39277854561805725, -0.3446624279022217, -0.4444945156574249]","[-0.3686453700065613, -0.38478511571884155, 1.9353656768798828, -0.39277854561805725, -0.3446624279022217, -0.4444945156574249]","[-0.3686453700065613, -0.38478511571884155, 1.9353656768798828, -0.39277854561805725, -0.3446624279022217, -0.4444945156574249]",1,1,False,"['C', 'E']","['B', 'C']"
5ab345db55429969a97a8122::active_set_pack_a,5ab345db55429969a97a8122,"['A', 'B', 'C', 'D', 'E', 'F']","[0, 1, 1, 0, 0, 0]","[-0.4126659035682678, -0.42636966705322266, 2.16308331489563, -0.4527314603328705, -0.3852997422218323, -0.4860162138938904]","[-0.4126659035682678, -0.42636966705322266, 2.16308331489563, -0.4527314603328705, -0.3852997422218323, -0.4860162138938904]","[-0.4126659035682678, -0.42636966705322266, 2.16308331489563, -0.4527314603328705, -0.3852997422218323, -0.4860162138938904]",1,1,False,"['C', 'E']","['B', 'C']"
5ab345db55429969a97a8122::working_set_pack_b,5ab345db55429969a97a8122,"['A', 'B', 'C', 'D', 'E', 'F']","[0, 1, 1, 0, 0, 0]","[-0.5166540145874023, -0.5491405725479126, 2.7317514419555664, -0.5373737215995789, -0.5277612805366516, -0.6008213758468628]","[-0.5166540145874023, -0.5491405725479126, 2.7317514419555664, -0.5373737215995789, -0.5277612805366516, -0.6008213758468628]","[-0.5166540145874023, -0.5491405725479126, 2.7317514419555664, -0.5373737215995789, -0.5277612805366516, -0.6008213758468628]",1,1,False,"['C', 'E']","['B', 'C']"
5ab345db55429969a97a8122::active_set_pack_b,5ab345db55429969a97a8122,"['A', 'B', 'C', 'D', 'E', 'F']","[0, 1, 1, 0, 0, 0]","[-0.5892434120178223, -0.627698540687561, 3.11370849609375, -0.6487265825271606, -0.607124388217926, -0.6409159302711487]","[-0.5892434120178223, -0.627698540687561, 3.11370849609375, -0.6487265825271606, -0.607124388217926, -0.6409159302711487]","[-0.5892434120178223, -0.627698540687561, 3.11370849609375, -0.6487265825271606, -0.607124388217926, -0.6409159302711487]",1,1,False,"['C', 'E']","['B', 'C']"
5adf732a5542993a75d264e9::working_set_pack_a,5adf732a5542993a75d264e9,"['A', 'B', 'C', 'D', 'E', 'F']","[1, 1, 0, 0, 0, 0]","[-0.4614237844944, 2.343343734741211, -0.5252540111541748, -0.20383600890636444, -0.5857061743736267, -0.5671236515045166]","[-0.4614237844944, 2.343343734741211, -0.5252540111541748, -0.20383600890636444, -0.5857061743736267, -0.5671236515045166]","[-0.4614237844944, 2.343343734741211, -0.5252540111541748, -0.20383600890636444, -0.5857061743736267, -0.5671236515045166]",1,1,False,"['B', 'D']","['A', 'B']"
5adf732a5542993a75d264e9::active_set_pack_a,5adf732a5542993a75d264e9,"['A', 'B', 'C', 'D', 'E', 'F']","[1, 1, 0, 0, 0, 0]","[-0.5462198257446289, 2.817857027053833, -0.6121772527694702, -0.32809188961982727, -0.6741940975189209, -0.6571745872497559]","[-0.5462198257446289, 2.817857027053833, -0.6121772527694702, -0.32809188961982727, -0.6741940975189209, -0.6571745872497559]","[-0.5462198257446289, 2.817857027053833, -0.6121772527694702, -0.32809188961982727, -0.6741940975189209, -0.6571745872497559]",1,1,False,"['B', 'D']","['A', 'B']"
5adf732a5542993a75d264e9::working_set_pack_b,5adf732a5542993a75d264e9,"['A', 'B', 'C', 'D', 'E', 'F']","[1, 1, 0, 0, 0, 0]","[-0.451210081577301, 2.452824115753174, -0.522759735584259, -0.3623436391353607, -0.5717564225196838, -0.5447543859481812]","[-0.451210081577301, 2.452824115753174, -0.522759735584259, -0.3623436391353607, -0.5717564225196838, -0.5447543859481812]","[-0.451210081577301, 2.452824115753174, -0.522759735584259, -0.3623436391353607, -0.5717564225196838, -0.5447543859481812]",1,1,False,"['B', 'D']","['A', 'B']"
5adf732a5542993a75d264e9::active_set_pack_b,5adf732a5542993a75d264e9,"['A', 'B', 'C', 'D', 'E', 'F']","[1, 1, 0, 0, 0, 0]","[-0.4696204662322998, 2.5811550617218018, -0.5605159997940063, -0.3846423625946045, -0.5982919335365295, -0.568084180355072]","[-0.4696204662322998, 2.5811550617218018, -0.5605159997940063, -0.3846423625946045, -0.5982919335365295, -0.568084180355072]","[0.4696204662322998, -2.5811550617218018, 0.5605159997940063, 0.3846423625946045, 0.5982919335365295, 0.568084180355072]",-1,-1,False,"['B', 'D']","['A', 'B']"
5a7272eb5542997f827839d7::working_set_pack_a,5a7272eb5542997f827839d7,"['A', 'B', 'C', 'D', 'E', 'F']","[0, 0, 0, 0, 1, 1]","[0.4831616282463074, 0.5850571393966675, 0.5328049063682556, -2.0712976455688477, 0.13899557292461395, 0.33127889037132263]","[-0.4831616282463074, -0.5850571393966675, -0.5328049063682556, 2.0712976455688477, -0.13899557292461395, -0.33127889037132263]","[0.4831616282463074, 0.5850571393966675, 0.5328049063682556, -2.0712976455688477, 0.13899557292461395, 0.33127889037132263]",1,-1,False,"['D', 'F']","['E', 'F']"
5a7272eb5542997f827839d7::active_set_pack_a,5a7272eb5542997f827839d7,"['A', 'B', 'C', 'D', 'E', 'F']","[0, 0, 0, 0, 1, 1]","[0.45202234387397766, 0.5761409997940063, 0.5095456838607788, -1.925253987312317, 0.09111569076776505, 0.29642942547798157]","[-0.45202234387397766, -0.5761409997940063, -0.5095456838607788, 1.925253987312317, -0.09111569076776505, -0.29642942547798157]","[0.45202234387397766, 0.5761409997940063, 0.5095456838607788, -1.925253987312317, 0.09111569076776505, 0.29642942547798157]",1,-1,False,"['D', 'E']","['E', 'F']"
5a7272eb5542997f827839d7::working_set_pack_b,5a7272eb5542997f827839d7,"['A', 'B', 'C', 'D', 'E', 'F']","[0, 0, 0, 0, 1, 1]","[0.6134118437767029, 0.7734019160270691, 0.6823036670684814, -2.8521523475646973, 0.413962185382843, 0.3690725564956665]","[-0.6134118437767029, -0.7734019160270691, -0.6823036670684814, 2.8521523475646973, -0.413962185382843, -0.3690725564956665]","[0.6134118437767029, 0.7734019160270691, 0.6823036670684814, -2.8521523475646973, 0.413962185382843, 0.3690725564956665]",1,-1,False,"['D', 'E']","['E', 'F']"
5a7272eb5542997f827839d7::active_set_pack_b,5a7272eb5542997f827839d7,"['A', 'B', 'C', 'D', 'E', 'F']","[0, 0, 0, 0, 1, 1]","[0.49772921204566956, 0.6980915665626526, 0.5875558257102966, -2.446866989135742, 0.2811489403247833, 0.38234207034111023]","[-0.49772921204566956, -0.6980915665626526, -0.5875558257102966, 2.446866989135742, -0.2811489403247833, -0.38234207034111023]","[0.49772921204566956, 0.6980915665626526, 0.5875558257102966, -2.446866989135742, 0.2811489403247833, 0.38234207034111023]",1,-1,False,"['D', 'F']","['E', 'F']"
5ac2c3545542990b17b1548b::working_set_pack_a,5ac2c3545542990b17b1548b,"['A', 'B', 'C', 'D', 'E', 'F']","[1, 0, 0, 1, 0, 0]","[-1.066588044166565, -1.1573309898376465, -1.1705658435821533, 5.758086204528809, -1.2429713010787964, -1.1206294298171997]","[-1.066588044166565, -1.1573309898376465, -1.1705658435821533, 5.758086204528809, -1.2429713010787964, -1.1206294298171997]","[1.066588044166565, 1.1573309898376465, 1.1705658435821533, -5.758086204528809, 1.2429713010787964, 1.1206294298171997]",-1,-1,False,"['D', 'F']","['A', 'D']"
5ac2c3545542990b17b1548b::active_set_pack_a,5ac2c3545542990b17b1548b,"['A', 'B', 'C', 'D', 'E', 'F']","[1, 0, 0, 1, 0, 0]","[-0.9979156851768494, -1.0723448991775513, -1.103162407875061, 5.418085098266602, -1.1882696151733398, -1.056394338607788]","[-0.9979156851768494, -1.0723448991775513, -1.103162407875061, 5.418085098266602, -1.1882696151733398, -1.056394338607788]","[0.9979156851768494, 1.0723448991775513, 1.103162407875061, -5.418085098266602, 1.1882696151733398, 1.056394338607788]",-1,-1,False,"['D', 'F']","['A', 'D']"
5ac2c3545542990b17b1548b::working_set_pack_b,5ac2c3545542990b17b1548b,"['A', 'B', 'C', 'D', 'E', 'F']","[1, 0, 0, 1, 0, 0]","[-1.1694347858428955, -1.262576699256897, -1.227353572845459, 6.181390285491943, -1.2841098308563232, -1.2379144430160522]","[-1.1694347858428955, -1.262576699256897, -1.227353572845459, 6.181390285491943, -1.2841098308563232, -1.2379144430160522]","[1.1694347858428955, 1.262576699256897, 1.227353572845459, -6.181390285491943, 1.2841098308563232, 1.2379144430160522]",-1,-1,False,"['D', 'F']","['A', 'D']"
5ac2c3545542990b17b1548b::active_set_pack_b,5ac2c3545542990b17b1548b,"['A', 'B', 'C', 'D', 'E', 'F']","[1, 0, 0, 1, 0, 0]","[-1.1044795513153076, -1.1738907098770142, -1.1567866802215576, 5.855979919433594, -1.2595921754837036, -1.1612305641174316]","[-1.1044795513153076, -1.1738907098770142, -1.1567866802215576, 5.855979919433594, -1.2595921754837036, -1.1612305641174316]","[1.1044795513153076, 1.1738907098770142, 1.1567866802215576, -5.855979919433594, 1.2595921754837036, 1.1612305641174316]",-1,-1,False,"['D', 'F']","['A', 'D']"
5a76a401554299373536012b::working_set_pack_a,5a76a401554299373536012b,"['A', 'B', 'C', 'D', 'E', 'F']","[0, 1, 1, 0, 0, 0]","[-0.4517519176006317, -0.360333651304245, 2.1195685863494873, -0.4204418361186981, -0.4779758155345917, -0.40906524658203125]","[-0.4517519176006317, -0.360333651304245, 2.1195685863494873, -0.4204418361186981, -0.4779758155345917, -0.40906524658203125]","[-0.4517519176006317, -0.360333651304245, 2.1195685863494873, -0.4204418361186981, -0.4779758155345917, -0.40906524658203125]",1,1,False,"['C', 'E']","['B', 'C']"
5a76a401554299373536012b::active_set_pack_a,5a76a401554299373536012b,"['A', 'B', 'C', 'D', 'E', 'F']","[0, 1, 1, 0, 0, 0]","[-0.4334414303302765, -0.30692124366760254, 1.9922412633895874, -0.4009835422039032, -0.44185349345207214, -0.4090413749217987]","[-0.4334414303302765, -0.30692124366760254, 1.9922412633895874, -0.4009835422039032, -0.44185349345207214, -0.4090413749217987]","[-0.4334414303302765, -0.30692124366760254, 1.9922412633895874, -0.4009835422039032, -0.44185349345207214, -0.4090413749217987]",1,1,False,"['C', 'E']","['B', 'C']"
5a76a401554299373536012b::working_set_pack_b,5a76a401554299373536012b,"['A', 'B', 'C', 'D', 'E', 'F']","[0, 1, 1, 0, 0, 0]","[-0.46759530901908875, -0.31553319096565247, 2.313267946243286, -0.4503282308578491, -0.5720258355140686, -0.507784903049469]","[-0.46759530901908875, -0.31553319096565247, 2.313267946243286, -0.4503282308578491, -0.5720258355140686, -0.507784903049469]","[-0.46759530901908875, -0.31553319096565247, 2.313267946243286, -0.4503282308578491, -0.5720258355140686, -0.507784903049469]",1,1,False,"['C', 'E']","['B', 'C']"
5a76a401554299373536012b::active_set_pack_b,5a76a401554299373536012b,"['A', 'B', 'C', 'D', 'E', 'F']","[0, 1, 1, 0, 0, 0]","[-0.6186150312423706, -0.4723658859729767, 2.9391305446624756, -0.5953525900840759, -0.5897338390350342, -0.6630629897117615]","[-0.6186150312423706, -0.4723658859729767, 2.9391305446624756, -0.5953525900840759, -0.5897338390350342, -0.6630629897117615]","[-0.6186150312423706, -0.4723658859729767, 2.9391305446624756, -0.5953525900840759, -0.5897338390350342, -0.6630629897117615]",1,1,False,"['C', 'E']","['B', 'C']"
5ae3918b5542994393b9e709::working_set_pack_a,5ae3918b5542994393b9e709,"['A', 'B', 'C', 'D', 'E', 'F']","[0, 0, 1, 0, 1, 0]","[0.1704942286014557, -1.398214340209961, 0.1907191127538681, 0.10345759987831116, 0.6586995124816895, 0.2748441696166992]","[-0.1704942286014557, 1.398214340209961, -0.1907191127538681, -0.10345759987831116, -0.6586995124816895, -0.2748441696166992]","[-0.1704942286014557, 1.398214340209961, -0.1907191127538681, -0.10345759987831116, -0.6586995124816895, -0.2748441696166992]",-1,1,False,"['B', 'E']","['C', 'E']"
5ae3918b5542994393b9e709::active_set_pack_a,5ae3918b5542994393b9e709,"['A', 'B', 'C', 'D', 'E', 'F']","[0, 0, 1, 0, 1, 0]","[0.22612100839614868, -1.5488790273666382, 0.24210454523563385, 0.15405228734016418, 0.611240029335022, 0.3153613209724426]","[-0.22612100839614868, 1.5488790273666382, -0.24210454523563385, -0.15405228734016418, -0.611240029335022, -0.3153613209724426]","[-0.22612100839614868, 1.5488790273666382, -0.24210454523563385, -0.15405228734016418, -0.611240029335022, -0.3153613209724426]",-1,1,False,"['B', 'E']","['C', 'E']"
5ae3918b5542994393b9e709::working_set_pack_b,5ae3918b5542994393b9e709,"['A', 'B', 'C', 'D', 'E', 'F']","[0, 0, 1, 0, 1, 0]","[0.43764013051986694, -2.223902702331543, 0.42808306217193604, 0.3336227238178253, 0.40893542766571045, 0.6156213283538818]","[-0.43764013051986694, 2.223902702331543, -0.42808306217193604, -0.3336227238178253, -0.40893542766571045, -0.6156213283538818]","[-0.43764013051986694, 2.223902702331543, -0.42808306217193604, -0.3336227238178253, -0.40893542766571045, -0.6156213283538818]",-1,1,False,"['B', 'E']","['C', 'E']"
5ae3918b5542994393b9e709::active_set_pack_b,5ae3918b5542994393b9e709,"['A', 'B', 'C', 'D', 'E', 'F']","[0, 0, 1, 0, 1, 0]","[0.5243420600891113, -2.603675603866577, 0.5165247321128845, 0.4030797481536865, 0.524133026599884, 0.6355963349342346]","[-0.5243420600891113, 2.603675603866577, -0.5165247321128845, -0.4030797481536865, -0.524133026599884, -0.6355963349342346]","[-0.5243420600891113, 2.603675603866577, -0.5165247321128845, -0.4030797481536865, -0.524133026599884, -0.6355963349342346]",-1,1,False,"['B', 'E']","['C', 'E']"
5a8efd3c55429918e830d179::working_set_pack_a,5a8efd3c55429918e830d179,"['A', 'B', 'C', 'D', 'E', 'F']","[0, 0, 0, 1, 1, 0]","[-0.6563482880592346, -0.5766366720199585, -0.6016870737075806, -0.07894120365381241, 2.647874355316162, -0.7342613935470581]","[-0.6563482880592346, -0.5766366720199585, -0.6016870737075806, -0.07894120365381241, 2.647874355316162, -0.7342613935470581]","[0.6563482880592346, 0.5766366720199585, 0.6016870737075806, 0.07894120365381241, -2.647874355316162, 0.7342613935470581]",-1,-1,True,"['D', 'E']","['D', 'E']"
5a8efd3c55429918e830d179::active_set_pack_a,5a8efd3c55429918e830d179,"['A', 'B', 'C', 'D', 'E', 'F']","[0, 0, 0, 1, 1, 0]","[-0.7651431560516357, -0.705833911895752, -0.7245694994926453, -0.19134953618049622, 3.2535240650177, -0.8666278719902039]","[-0.7651431560516357, -0.705833911895752, -0.7245694994926453, -0.19134953618049622, 3.2535240650177, -0.8666278719902039]","[0.7651431560516357, 0.705833911895752, 0.7245694994926453, 0.19134953618049622, -3.2535240650177, 0.8666278719902039]",-1,-1,True,"['D', 'E']","['D', 'E']"
5a8efd3c55429918e830d179::working_set_pack_b,5a8efd3c55429918e830d179,"['A', 'B', 'C', 'D', 'E', 'F']","[0, 0, 0, 1, 1, 0]","[-0.9158143401145935, -0.8644531965255737, -0.8477055430412292, -0.12953588366508484, 3.7834408283233643, -1.025931715965271]","[-0.9158143401145935, -0.8644531965255737, -0.8477055430412292, -0.12953588366508484, 3.7834408283233643, -1.025931715965271]","[0.9158143401145935, 0.8644531965255737, 0.8477055430412292, 0.12953588366508484, -3.7834408283233643, 1.025931715965271]",-1,-1,True,"['D', 'E']","['D', 'E']"
5a8efd3c55429918e830d179::active_set_pack_b,5a8efd3c55429918e830d179,"['A', 'B', 'C', 'D', 'E', 'F']","[0, 0, 0, 1, 1, 0]","[-0.9842329025268555, -0.9470980763435364, -0.9500351548194885, -0.5540624260902405, 4.502070903778076, -1.066641926765442]","[-0.9842329025268555, -0.9470980763435364, -0.9500351548194885, -0.5540624260902405, 4.502070903778076, -1.066641926765442]","[0.9842329025268555, 0.9470980763435364, 0.9500351548194885, 0.5540624260902405, -4.502070903778076, 1.066641926765442]",-1,-1,True,"['D', 'E']","['D', 'E']"
5a8b63755542997f31a41cfe::working_set_pack_a,5a8b63755542997f31a41cfe,"['A', 'B', 'C', 'D', 'E', 'F']","[1, 0, 0, 0, 0, 1]","[-0.598261296749115, -0.7194661498069763, -0.7013067603111267, -0.7121058702468872, -0.6765258312225342, 3.407665491104126]","[-0.598261296749115, -0.7194661498069763, -0.7013067603111267, -0.7121058702468872, -0.6765258312225342, 3.407665491104126]","[-0.598261296749115, -0.7194661498069763, -0.7013067603111267, -0.7121058702468872, -0.6765258312225342, 3.407665491104126]",1,1,True,"['A', 'F']","['A', 'F']"
5a8b63755542997f31a41cfe::active_set_pack_a,5a8b63755542997f31a41cfe,"['A', 'B', 'C', 'D', 'E', 'F']","[1, 0, 0, 0, 0, 1]","[-0.6995020508766174, -0.8108306527137756, -0.791364848613739, -0.804533839225769, -0.7653437852859497, 3.871575117111206]","[-0.6995020508766174, -0.8108306527137756, -0.791364848613739, -0.804533839225769, -0.7653437852859497, 3.871575117111206]","[-0.6995020508766174, -0.8108306527137756, -0.791364848613739, -0.804533839225769, -0.7653437852859497, 3.871575117111206]",1,1,False,"['E', 'F']","['A', 'F']"
5a8b63755542997f31a41cfe::working_set_pack_b,5a8b63755542997f31a41cfe,"['A', 'B', 'C', 'D', 'E', 'F']","[1, 0, 0, 0, 0, 1]","[-0.6753677129745483, -0.7537944912910461, -0.7195917963981628, -0.7526167035102844, -0.719679594039917, 3.621049642562866]","[-0.6753677129745483, -0.7537944912910461, -0.7195917963981628, -0.7526167035102844, -0.719679594039917, 3.621049642562866]","[-0.6753677129745483, -0.7537944912910461, -0.7195917963981628, -0.7526167035102844, -0.719679594039917, 3.621049642562866]",1,1,True,"['A', 'F']","['A', 'F']"
5a8b63755542997f31a41cfe::active_set_pack_b,5a8b63755542997f31a41cfe,"['A', 'B', 'C', 'D', 'E', 'F']","[1, 0, 0, 0, 0, 1]","[-0.7342084050178528, -0.8348996043205261, -0.7917227745056152, -0.818511426448822, -0.7779991626739502, 3.957341194152832]","[-0.7342084050178528, -0.8348996043205261, -0.7917227745056152, -0.818511426448822, -0.7779991626739502, 3.957341194152832]","[-0.7342084050178528, -0.8348996043205261, -0.7917227745056152, -0.818511426448822, -0.7779991626739502, 3.957341194152832]",1,1,True,"['A', 'F']","['A', 'F']"
5a7a02235542996c55b2dcd3::working_set_pack_a,5a7a02235542996c55b2dcd3,"['A', 'B', 'C', 'D', 'E', 'F']","[0, 1, 0, 0, 1, 0]","[-0.7951226234436035, -0.6967080235481262, -0.8135210275650024, -0.9287044405937195, 4.1932268142700195, -0.9591719508171082]","[-0.7951226234436035, -0.6967080235481262, -0.8135210275650024, -0.9287044405937195, 4.1932268142700195, -0.9591719508171082]","[0.7951226234436035, 0.6967080235481262, 0.8135210275650024, 0.9287044405937195, -4.1932268142700195, 0.9591719508171082]",-1,-1,True,"['B', 'E']","['B', 'E']"
5a7a02235542996c55b2dcd3::active_set_pack_a,5a7a02235542996c55b2dcd3,"['A', 'B', 'C', 'D', 'E', 'F']","[0, 1, 0, 0, 1, 0]","[-0.8278252482414246, -0.7287010550498962, -0.8546164035797119, -0.9654055833816528, 4.379029750823975, -1.0024815797805786]","[-0.8278252482414246, -0.7287010550498962, -0.8546164035797119, -0.9654055833816528, 4.379029750823975, -1.0024815797805786]","[0.8278252482414246, 0.7287010550498962, 0.8546164035797119, 0.9654055833816528, -4.379029750823975, 1.0024815797805786]",-1,-1,True,"['B', 'E']","['B', 'E']"
5a7a02235542996c55b2dcd3::working_set_pack_b,5a7a02235542996c55b2dcd3,"['A', 'B', 'C', 'D', 'E', 'F']","[0, 1, 0, 0, 1, 0]","[-0.7855818867683411, -0.6476162672042847, -0.7930688261985779, -0.899794340133667, 4.102601051330566, -0.9765400886535645]","[-0.7855818867683411, -0.6476162672042847, -0.7930688261985779, -0.899794340133667, 4.102601051330566, -0.9765400886535645]","[0.7855818867683411, 0.6476162672042847, 0.7930688261985779, 0.899794340133667, -4.102601051330566, 0.9765400886535645]",-1,-1,True,"['B', 'E']","['B', 'E']"
5a7a02235542996c55b2dcd3::active_set_pack_b,5a7a02235542996c55b2dcd3,"['A', 'B', 'C', 'D', 'E', 'F']","[0, 1, 0, 0, 1, 0]","[-0.8523550629615784, -0.7435915470123291, -0.8643474578857422, -0.9961188435554504, 4.470870018005371, -1.0144569873809814]","[-0.8523550629615784, -0.7435915470123291, -0.8643474578857422, -0.9961188435554504, 4.470870018005371, -1.0144569873809814]","[0.8523550629615784, 0.7435915470123291, 0.8643474578857422, 0.9961188435554504, -4.470870018005371, 1.0144569873809814]",-1,-1,True,"['B', 'E']","['B', 'E']"
5ac061ab554299294b218fac::working_set_pack_a,5ac061ab554299294b218fac,"['A', 'B', 'C', 'D', 'E', 'F']","[0, 1, 0, 1, 0, 0]","[-0.4852527976036072, -0.34465858340263367, -0.5264707207679749, 2.7716500759124756, -0.7885854244232178, -0.6266821026802063]","[-0.4852527976036072, -0.34465858340263367, -0.5264707207679749, 2.7716500759124756, -0.7885854244232178, -0.6266821026802063]","[0.4852527976036072, 0.34465858340263367, 0.5264707207679749, -2.7716500759124756, 0.7885854244232178, 0.6266821026802063]",-1,-1,True,"['B', 'D']","['B', 'D']"
5ac061ab554299294b218fac::active_set_pack_a,5ac061ab554299294b218fac,"['A', 'B', 'C', 'D', 'E', 'F']","[0, 1, 0, 1, 0, 0]","[-0.48208117485046387, -0.32411864399909973, -0.5290728211402893, 2.7449333667755127, -0.8042231202125549, -0.6054372787475586]","[-0.48208117485046387, -0.32411864399909973, -0.5290728211402893, 2.7449333667755127, -0.8042231202125549, -0.6054372787475586]","[0.48208117485046387, 0.32411864399909973, 0.5290728211402893, -2.7449333667755127, 0.8042231202125549, 0.6054372787475586]",-1,-1,True,"['B', 'D']","['B', 'D']"
5ac061ab554299294b218fac::working_set_pack_b,5ac061ab554299294b218fac,"['A', 'B', 'C', 'D', 'E', 'F']","[0, 1, 0, 1, 0, 0]","[-0.666103720664978, -0.48762041330337524, -0.7263998985290527, 3.563474655151367, -0.9268410801887512, -0.7565092444419861]","[-0.666103720664978, -0.48762041330337524, -0.7263998985290527, 3.563474655151367, -0.9268410801887512, -0.7565092444419861]","[0.666103720664978, 0.48762041330337524, 0.7263998985290527, -3.563474655151367, 0.9268410801887512, 0.7565092444419861]",-1,-1,True,"['B', 'D']","['B', 'D']"
5ac061ab554299294b218fac::active_set_pack_b,5ac061ab554299294b218fac,"['A', 'B', 'C', 'D', 'E', 'F']","[0, 1, 0, 1, 0, 0]","[-0.6902210116386414, -0.5445343255996704, -0.7568400502204895, 3.7378876209259033, -0.9515951871871948, -0.7946974635124207]","[-0.6902210116386414, -0.5445343255996704, -0.7568400502204895, 3.7378876209259033, -0.9515951871871948, -0.7946974635124207]","[-0.6902210116386414, -0.5445343255996704, -0.7568400502204895, 3.7378876209259033, -0.9515951871871948, -0.7946974635124207]",1,1,True,"['B', 'D']","['B', 'D']"
5ab5a2f85542997d4ad1f197::working_set_pack_a,5ab5a2f85542997d4ad1f197,"['A', 'B', 'C', 'D', 'E', 'F']","[0, 0, 1, 0, 0, 1]","[0.5291469097137451, 0.4135740399360657, 0.491478830575943, 0.6922087669372559, -2.5733819007873535, 0.4469725489616394]","[-0.5291469097137451, -0.4135740399360657, -0.491478830575943, -0.6922087669372559, 2.5733819007873535, -0.4469725489616394]","[0.5291469097137451, 0.4135740399360657, 0.491478830575943, 0.6922087669372559, -2.5733819007873535, 0.4469725489616394]",1,-1,False,"['B', 'E']","['C', 'F']"
5ab5a2f85542997d4ad1f197::active_set_pack_a,5ab5a2f85542997d4ad1f197,"['A', 'B', 'C', 'D', 'E', 'F']","[0, 0, 1, 0, 0, 1]","[0.5481824278831482, 0.4310545027256012, 0.5150678753852844, 0.7226806282997131, -2.6706113815307617, 0.4536246061325073]","[-0.5481824278831482, -0.4310545027256012, -0.5150678753852844, -0.7226806282997131, 2.6706113815307617, -0.4536246061325073]","[0.5481824278831482, 0.4310545027256012, 0.5150678753852844, 0.7226806282997131, -2.6706113815307617, 0.4536246061325073]",1,-1,False,"['B', 'E']","['C', 'F']"
5ab5a2f85542997d4ad1f197::working_set_pack_b,5ab5a2f85542997d4ad1f197,"['A', 'B', 'C', 'D', 'E', 'F']","[0, 0, 1, 0, 0, 1]","[0.7840352058410645, 0.6272590756416321, 0.7479495406150818, 0.9880927205085754, -3.866180896759033, 0.7188443541526794]","[-0.7840352058410645, -0.6272590756416321, -0.7479495406150818, -0.9880927205085754, 3.866180896759033, -0.7188443541526794]","[0.7840352058410645, 0.6272590756416321, 0.7479495406150818, 0.9880927205085754, -3.866180896759033, 0.7188443541526794]",1,-1,False,"['E', 'F']","['C', 'F']"
5ab5a2f85542997d4ad1f197::active_set_pack_b,5ab5a2f85542997d4ad1f197,"['A', 'B', 'C', 'D', 'E', 'F']","[0, 0, 1, 0, 0, 1]","[0.7241561412811279, 0.6253019571304321, 0.7158880829811096, 0.9267993569374084, -3.6619060039520264, 0.6697596311569214]","[-0.7241561412811279, -0.6253019571304321, -0.7158880829811096, -0.9267993569374084, 3.6619060039520264, -0.6697596311569214]","[0.7241561412811279, 0.6253019571304321, 0.7158880829811096, 0.9267993569374084, -3.6619060039520264, 0.6697596311569214]",1,-1,False,"['E', 'F']","['C', 'F']"
5abd7ca05542993062266cab::working_set_pack_a,5abd7ca05542993062266cab,"['A', 'B', 'C', 'D', 'E', 'F']","[1, 0, 1, 0, 0, 0]","[-0.5221045017242432, -0.5697500705718994, 2.688657283782959, -0.6226121783256531, -0.5557960271835327, -0.41839590668678284]","[-0.5221045017242432, -0.5697500705718994, 2.688657283782959, -0.6226121783256531, -0.5557960271835327, -0.41839590668678284]","[-0.5221045017242432, -0.5697500705718994, 2.688657283782959, -0.6226121783256531, -0.5557960271835327, -0.41839590668678284]",1,1,False,"['C', 'F']","['A', 'C']"
5abd7ca05542993062266cab::active_set_pack_a,5abd7ca05542993062266cab,"['A', 'B', 'C', 'D', 'E', 'F']","[1, 0, 1, 0, 0, 0]","[-0.5453766584396362, -0.6006063222885132, 2.7968006134033203, -0.6321549415588379, -0.5821736454963684, -0.436488538980484]","[-0.5453766584396362, -0.6006063222885132, 2.7968006134033203, -0.6321549415588379, -0.5821736454963684, -0.436488538980484]","[0.5453766584396362, 0.6006063222885132, -2.7968006134033203, 0.6321549415588379, 0.5821736454963684, 0.436488538980484]",-1,-1,False,"['C', 'F']","['A', 'C']"
5abd7ca05542993062266cab::working_set_pack_b,5abd7ca05542993062266cab,"['A', 'B', 'C', 'D', 'E', 'F']","[1, 0, 1, 0, 0, 0]","[-0.5982497930526733, -0.6757025122642517, 3.2063374519348145, -0.712006688117981, -0.6650598645210266, -0.5553179383277893]","[-0.5982497930526733, -0.6757025122642517, 3.2063374519348145, -0.712006688117981, -0.6650598645210266, -0.5553179383277893]","[-0.5982497930526733, -0.6757025122642517, 3.2063374519348145, -0.712006688117981, -0.6650598645210266, -0.5553179383277893]",1,1,False,"['C', 'F']","['A', 'C']"
5abd7ca05542993062266cab::active_set_pack_b,5abd7ca05542993062266cab,"['A', 'B', 'C', 'D', 'E', 'F']","[1, 0, 1, 0, 0, 0]","[-0.7578614354133606, -0.8405776023864746, 3.9196858406066895, -0.8397000432014465, -0.8042770028114319, -0.6772696375846863]","[-0.7578614354133606, -0.8405776023864746, 3.9196858406066895, -0.8397000432014465, -0.8042770028114319, -0.6772696375846863]","[-0.7578614354133606, -0.8405776023864746, 3.9196858406066895, -0.8397000432014465, -0.8042770028114319, -0.6772696375846863]",1,1,False,"['C', 'F']","['A', 'C']"
5ae732685542991e8301cbc3::working_set_pack_a,5ae732685542991e8301cbc3,"['A', 'B', 'C', 'D', 'E', 'F']","[1, 0, 1, 0, 0, 0]","[-0.3486388325691223, -0.6109172105789185, 3.0572779178619385, -0.7157715559005737, -0.7187183499336243, -0.6632328629493713]","[-0.3486388325691223, -0.6109172105789185, 3.0572779178619385, -0.7157715559005737, -0.7187183499336243, -0.6632328629493713]","[-0.3486388325691223, -0.6109172105789185, 3.0572779178619385, -0.7157715559005737, -0.7187183499336243, -0.6632328629493713]",1,1,True,"['A', 'C']","['A', 'C']"
5ae732685542991e8301cbc3::active_set_pack_a,5ae732685542991e8301cbc3,"['A', 'B', 'C', 'D', 'E', 'F']","[1, 0, 1, 0, 0, 0]","[-0.23109444975852966, -0.5879825353622437, 2.815338373184204, -0.6847304701805115, -0.6834354400634766, -0.6280959844589233]","[-0.23109444975852966, -0.5879825353622437, 2.815338373184204, -0.6847304701805115, -0.6834354400634766, -0.6280959844589233]","[-0.23109444975852966, -0.5879825353622437, 2.815338373184204, -0.6847304701805115, -0.6834354400634766, -0.6280959844589233]",1,1,True,"['A', 'C']","['A', 'C']"
5ae732685542991e8301cbc3::working_set_pack_b,5ae732685542991e8301cbc3,"['A', 'B', 'C', 'D', 'E', 'F']","[1, 0, 1, 0, 0, 0]","[-0.3876734673976898, -0.5723046660423279, 3.040921688079834, -0.702781081199646, -0.7285116910934448, -0.6496492624282837]","[-0.3876734673976898, -0.5723046660423279, 3.040921688079834, -0.702781081199646, -0.7285116910934448, -0.6496492624282837]","[-0.3876734673976898, -0.5723046660423279, 3.040921688079834, -0.702781081199646, -0.7285116910934448, -0.6496492624282837]",1,1,True,"['A', 'C']","['A', 'C']"
5ae732685542991e8301cbc3::active_set_pack_b,5ae732685542991e8301cbc3,"['A', 'B', 'C', 'D', 'E', 'F']","[1, 0, 1, 0, 0, 0]","[-0.2928584814071655, -0.49621832370758057, 2.609886884689331, -0.6075954437255859, -0.6619404554367065, -0.5512750744819641]","[-0.2928584814071655, -0.49621832370758057, 2.609886884689331, -0.6075954437255859, -0.6619404554367065, -0.5512750744819641]","[-0.2928584814071655, -0.49621832370758057, 2.609886884689331, -0.6075954437255859, -0.6619404554367065, -0.5512750744819641]",1,1,False,"['B', 'C']","['A', 'C']"
5a8a2ebc5542996c9b8d5e33::working_set_pack_a,5a8a2ebc5542996c9b8d5e33,"['A', 'B', 'C', 'D', 'E', 'F']","[0, 0, 1, 0, 1, 0]","[-1.1420562267303467, -1.2260053157806396, 5.814907550811768, -1.2571758031845093, -0.9958869218826294, -1.1937826871871948]","[-1.1420562267303467, -1.2260053157806396, 5.814907550811768, -1.2571758031845093, -0.9958869218826294, -1.1937826871871948]","[-1.1420562267303467, -1.2260053157806396, 5.814907550811768, -1.2571758031845093, -0.9958869218826294, -1.1937826871871948]",1,1,True,"['C', 'E']","['C', 'E']"
5a8a2ebc5542996c9b8d5e33::active_set_pack_a,5a8a2ebc5542996c9b8d5e33,"['A', 'B', 'C', 'D', 'E', 'F']","[0, 0, 1, 0, 1, 0]","[-1.1300121545791626, -1.2162095308303833, 5.744528293609619, -1.2443068027496338, -0.9746965169906616, -1.1793053150177002]","[-1.1300121545791626, -1.2162095308303833, 5.744528293609619, -1.2443068027496338, -0.9746965169906616, -1.1793053150177002]","[-1.1300121545791626, -1.2162095308303833, 5.744528293609619, -1.2443068027496338, -0.9746965169906616, -1.1793053150177002]",1,1,True,"['C', 'E']","['C', 'E']"
5a8a2ebc5542996c9b8d5e33::working_set_pack_b,5a8a2ebc5542996c9b8d5e33,"['A', 'B', 'C', 'D', 'E', 'F']","[0, 0, 1, 0, 1, 0]","[-1.3537445068359375, -1.4317734241485596, 6.843297481536865, -1.447432518005371, -1.2298365831375122, -1.3805102109909058]","[-1.3537445068359375, -1.4317734241485596, 6.843297481536865, -1.447432518005371, -1.2298365831375122, -1.3805102109909058]","[-1.3537445068359375, -1.4317734241485596, 6.843297481536865, -1.447432518005371, -1.2298365831375122, -1.3805102109909058]",1,1,True,"['C', 'E']","['C', 'E']"
5a8a2ebc5542996c9b8d5e33::active_set_pack_b,5a8a2ebc5542996c9b8d5e33,"['A', 'B', 'C', 'D', 'E', 'F']","[0, 0, 1, 0, 1, 0]","[-1.1280654668807983, -1.1883165836334229, 5.708003997802734, -1.2124677896499634, -1.0307841300964355, -1.1483711004257202]","[-1.1280654668807983, -1.1883165836334229, 5.708003997802734, -1.2124677896499634, -1.0307841300964355, -1.1483711004257202]","[-1.1280654668807983, -1.1883165836334229, 5.708003997802734, -1.2124677896499634, -1.0307841300964355, -1.1483711004257202]",1,1,True,"['C', 'E']","['C', 'E']"
5add28c85542992ae4cec4be::working_set_pack_a,5add28c85542992ae4cec4be,"['A', 'B', 'C', 'D', 'E', 'F']","[0, 0, 1, 0, 0, 1]","[-0.7812554836273193, -0.7957688570022583, 4.057628154754639, -0.7831642627716064, -0.7565423846244812, -0.9408971071243286]","[-0.7812554836273193, -0.7957688570022583, 4.057628154754639, -0.7831642627716064, -0.7565423846244812, -0.9408971071243286]","[-0.7812554836273193, -0.7957688570022583, 4.057628154754639, -0.7831642627716064, -0.7565423846244812, -0.9408971071243286]",1,1,True,"['C', 'F']","['C', 'F']"
5add28c85542992ae4cec4be::active_set_pack_a,5add28c85542992ae4cec4be,"['A', 'B', 'C', 'D', 'E', 'F']","[0, 0, 1, 0, 0, 1]","[-0.8900011777877808, -0.9022150039672852, 4.445615291595459, -0.9061166048049927, -0.8744484782218933, -0.8728330731391907]","[-0.8900011777877808, -0.9022150039672852, 4.445615291595459, -0.9061166048049927, -0.8744484782218933, -0.8728330731391907]","[-0.8900011777877808, -0.9022150039672852, 4.445615291595459, -0.9061166048049927, -0.8744484782218933, -0.8728330731391907]",1,1,True,"['C', 'F']","['C', 'F']"
5add28c85542992ae4cec4be::working_set_pack_b,5add28c85542992ae4cec4be,"['A', 'B', 'C', 'D', 'E', 'F']","[0, 0, 1, 0, 0, 1]","[-0.9717482328414917, -0.9803659915924072, 4.913052082061768, -0.9740724563598633, -0.9573268890380859, -1.0295376777648926]","[-0.9717482328414917, -0.9803659915924072, 4.913052082061768, -0.9740724563598633, -0.9573268890380859, -1.0295376777648926]","[-0.9717482328414917, -0.9803659915924072, 4.913052082061768, -0.9740724563598633, -0.9573268890380859, -1.0295376777648926]",1,1,True,"['C', 'F']","['C', 'F']"
5add28c85542992ae4cec4be::active_set_pack_b,5add28c85542992ae4cec4be,"['A', 'B', 'C', 'D', 'E', 'F']","[0, 0, 1, 0, 0, 1]","[-1.053957223892212, -1.0642359256744385, 5.316389083862305, -1.0707037448883057, -1.0274535417556763, -1.1000386476516724]","[-1.053957223892212, -1.0642359256744385, 5.316389083862305, -1.0707037448883057, -1.0274535417556763, -1.1000386476516724]","[-1.053957223892212, -1.0642359256744385, 5.316389083862305, -1.0707037448883057, -1.0274535417556763, -1.1000386476516724]",1,1,True,"['C', 'F']","['C', 'F']"
5ae78ec5554299540e5a5605::working_set_pack_a,5ae78ec5554299540e5a5605,"['A', 'B', 'C', 'D', 'E', 'F']","[0, 0, 1, 1, 0, 0]","[-1.0037147998809814, -1.0570024251937866, -0.8896539807319641, 4.960793495178223, -1.1834845542907715, -0.8269370794296265]","[-1.0037147998809814, -1.0570024251937866, -0.8896539807319641, 4.960793495178223, -1.1834845542907715, -0.8269370794296265]","[-1.0037147998809814, -1.0570024251937866, -0.8896539807319641, 4.960793495178223, -1.1834845542907715, -0.8269370794296265]",1,1,True,"['C', 'D']","['C', 'D']"
5ae78ec5554299540e5a5605::active_set_pack_a,5ae78ec5554299540e5a5605,"['A', 'B', 'C', 'D', 'E', 'F']","[0, 0, 1, 1, 0, 0]","[-0.9706584215164185, -1.0066521167755127, -0.8246237635612488, 4.74741268157959, -1.1432783603668213, -0.802200436592102]","[-0.9706584215164185, -1.0066521167755127, -0.8246237635612488, 4.74741268157959, -1.1432783603668213, -0.802200436592102]","[-0.9706584215164185, -1.0066521167755127, -0.8246237635612488, 4.74741268157959, -1.1432783603668213, -0.802200436592102]",1,1,True,"['C', 'D']","['C', 'D']"
5ae78ec5554299540e5a5605::working_set_pack_b,5ae78ec5554299540e5a5605,"['A', 'B', 'C', 'D', 'E', 'F']","[0, 0, 1, 1, 0, 0]","[-1.0015112161636353, -1.0893324613571167, -0.891452431678772, 5.057014465332031, -1.1521886587142944, -0.9225307703018188]","[-1.0015112161636353, -1.0893324613571167, -0.891452431678772, 5.057014465332031, -1.1521886587142944, -0.9225307703018188]","[-1.0015112161636353, -1.0893324613571167, -0.891452431678772, 5.057014465332031, -1.1521886587142944, -0.9225307703018188]",1,1,True,"['C', 'D']","['C', 'D']"
5ae78ec5554299540e5a5605::active_set_pack_b,5ae78ec5554299540e5a5605,"['A', 'B', 'C', 'D', 'E', 'F']","[0, 0, 1, 1, 0, 0]","[-0.9059891700744629, -0.9749255180358887, -0.745884358882904, 4.598136901855469, -1.1042786836624146, -0.8670580387115479]","[-0.9059891700744629, -0.9749255180358887, -0.745884358882904, 4.598136901855469, -1.1042786836624146, -0.8670580387115479]","[-0.9059891700744629, -0.9749255180358887, -0.745884358882904, 4.598136901855469, -1.1042786836624146, -0.8670580387115479]",1,1,True,"['C', 'D']","['C', 'D']"
5a7a52745542996c55b2dd4f::working_set_pack_a,5a7a52745542996c55b2dd4f,"['A', 'B', 'C', 'D', 'E', 'F']","[1, 0, 0, 1, 0, 0]","[-0.7248308062553406, -0.7081949710845947, -0.7778738141059875, 3.478879690170288, -0.7809460163116455, -0.4870338439941406]","[-0.7248308062553406, -0.7081949710845947, -0.7778738141059875, 3.478879690170288, -0.7809460163116455, -0.4870338439941406]","[0.7248308062553406, 0.7081949710845947, 0.7778738141059875, -3.478879690170288, 0.7809460163116455, 0.4870338439941406]",-1,-1,False,"['B', 'D']","['A', 'D']"
5a7a52745542996c55b2dd4f::active_set_pack_a,5a7a52745542996c55b2dd4f,"['A', 'B', 'C', 'D', 'E', 'F']","[1, 0, 0, 1, 0, 0]","[-0.7871437072753906, -0.7765390276908875, -0.8449800610542297, 3.7792763710021973, -0.8646805286407471, -0.5059330463409424]","[-0.7871437072753906, -0.7765390276908875, -0.8449800610542297, 3.7792763710021973, -0.8646805286407471, -0.5059330463409424]","[0.7871437072753906, 0.7765390276908875, 0.8449800610542297, -3.7792763710021973, 0.8646805286407471, 0.5059330463409424]",-1,-1,False,"['B', 'D']","['A', 'D']"
5a7a52745542996c55b2dd4f::working_set_pack_b,5a7a52745542996c55b2dd4f,"['A', 'B', 'C', 'D', 'E', 'F']","[1, 0, 0, 1, 0, 0]","[-0.877927839756012, -0.8006277084350586, -0.9138626456260681, 4.334289073944092, -0.8987323045730591, -0.8431386351585388]","[-0.877927839756012, -0.8006277084350586, -0.9138626456260681, 4.334289073944092, -0.8987323045730591, -0.8431386351585388]","[0.877927839756012, 0.8006277084350586, 0.9138626456260681, -4.334289073944092, 0.8987323045730591, 0.8431386351585388]",-1,-1,False,"['B', 'D']","['A', 'D']"
5a7a52745542996c55b2dd4f::active_set_pack_b,5a7a52745542996c55b2dd4f,"['A', 'B', 'C', 'D', 'E', 'F']","[1, 0, 0, 1, 0, 0]","[-0.9819595217704773, -0.9053499698638916, -1.0100263357162476, 4.865126609802246, -1.074927806854248, -0.8928632736206055]","[-0.9819595217704773, -0.9053499698638916, -1.0100263357162476, 4.865126609802246, -1.074927806854248, -0.8928632736206055]","[0.9819595217704773, 0.9053499698638916, 1.0100263357162476, -4.865126609802246, 1.074927806854248, 0.8928632736206055]",-1,-1,False,"['B', 'D']","['A', 'D']"
5a74248855429929fddd83e5::working_set_pack_a,5a74248855429929fddd83e5,"['A', 'B', 'C', 'D', 'E', 'F']","[0, 0, 0, 0, 1, 1]","[-0.5060977339744568, -0.5205352306365967, -0.433435320854187, -0.5245786309242249, 1.8323733806610107, 0.1522735208272934]","[-0.5060977339744568, -0.5205352306365967, -0.433435320854187, -0.5245786309242249, 1.8323733806610107, 0.1522735208272934]","[0.5060977339744568, 0.5205352306365967, 0.433435320854187, 0.5245786309242249, -1.8323733806610107, -0.1522735208272934]",-1,-1,True,"['E', 'F']","['E', 'F']"
5a74248855429929fddd83e5::active_set_pack_a,5a74248855429929fddd83e5,"['A', 'B', 'C', 'D', 'E', 'F']","[0, 0, 0, 0, 1, 1]","[-0.5211442708969116, -0.5306450128555298, -0.42560186982154846, -0.5425578355789185, 1.86495840549469, 0.15499058365821838]","[-0.5211442708969116, -0.5306450128555298, -0.42560186982154846, -0.5425578355789185, 1.86495840549469, 0.15499058365821838]","[0.5211442708969116, 0.5306450128555298, 0.42560186982154846, 0.5425578355789185, -1.86495840549469, -0.15499058365821838]",-1,-1,True,"['E', 'F']","['E', 'F']"
5a74248855429929fddd83e5::working_set_pack_b,5a74248855429929fddd83e5,"['A', 'B', 'C', 'D', 'E', 'F']","[0, 0, 0, 0, 1, 1]","[-0.4599865674972534, -0.466939240694046, -0.43366357684135437, -0.4907696843147278, 1.9493768215179443, -0.09801816195249557]","[-0.4599865674972534, -0.466939240694046, -0.43366357684135437, -0.4907696843147278, 1.9493768215179443, -0.09801816195249557]","[0.4599865674972534, 0.466939240694046, 0.43366357684135437, 0.4907696843147278, -1.9493768215179443, 0.09801816195249557]",-1,-1,True,"['E', 'F']","['E', 'F']"
5a74248855429929fddd83e5::active_set_pack_b,5a74248855429929fddd83e5,"['A', 'B', 'C', 'D', 'E', 'F']","[0, 0, 0, 0, 1, 1]","[-0.5630049109458923, -0.607882022857666, -0.5216324329376221, -0.600445568561554, 1.8833377361297607, 0.40962719917297363]","[-0.5630049109458923, -0.607882022857666, -0.5216324329376221, -0.600445568561554, 1.8833377361297607, 0.40962719917297363]","[0.5630049109458923, 0.607882022857666, 0.5216324329376221, 0.600445568561554, -1.8833377361297607, -0.40962719917297363]",-1,-1,True,"['E', 'F']","['E', 'F']"
5abd04f15542996e802b467e::working_set_pack_a,5abd04f15542996e802b467e,"['A', 'B', 'C', 'D', 'E', 'F']","[0, 0, 0, 0, 1, 1]","[-0.812943696975708, -0.8485468626022339, -0.7381418943405151, -0.8178480863571167, -0.8414748311042786, 4.058955192565918]","[-0.812943696975708, -0.8485468626022339, -0.7381418943405151, -0.8178480863571167, -0.8414748311042786, 4.058955192565918]","[-0.812943696975708, -0.8485468626022339, -0.7381418943405151, -0.8178480863571167, -0.8414748311042786, 4.058955192565918]",1,1,False,"['C', 'F']","['E', 'F']"
5abd04f15542996e802b467e::active_set_pack_a,5abd04f15542996e802b467e,"['A', 'B', 'C', 'D', 'E', 'F']","[0, 0, 0, 0, 1, 1]","[-0.8223382830619812, -0.8571533560752869, -0.74782794713974, -0.8185134530067444, -0.8495717644691467, 4.095405578613281]","[-0.8223382830619812, -0.8571533560752869, -0.74782794713974, -0.8185134530067444, -0.8495717644691467, 4.095405578613281]","[-0.8223382830619812, -0.8571533560752869, -0.74782794713974, -0.8185134530067444, -0.8495717644691467, 4.095405578613281]",1,1,False,"['C', 'F']","['E', 'F']"
5abd04f15542996e802b467e::working_set_pack_b,5abd04f15542996e802b467e,"['A', 'B', 'C', 'D', 'E', 'F']","[0, 0, 0, 0, 1, 1]","[-0.9190817475318909, -0.9597381353378296, -0.8916646838188171, -0.8978157043457031, -0.9189333319664001, 4.587234020233154]","[-0.9190817475318909, -0.9597381353378296, -0.8916646838188171, -0.8978157043457031, -0.9189333319664001, 4.587234020233154]","[0.9190817475318909, 0.9597381353378296, 0.8916646838188171, 0.8978157043457031, 0.9189333319664001, -4.587234020233154]",-1,-1,False,"['C', 'F']","['E', 'F']"
5abd04f15542996e802b467e::active_set_pack_b,5abd04f15542996e802b467e,"['A', 'B', 'C', 'D', 'E', 'F']","[0, 0, 0, 0, 1, 1]","[-0.787600040435791, -0.8442143201828003, -1.0238516330718994, -0.7729182243347168, -0.7924318313598633, 4.2210164070129395]","[-0.787600040435791, -0.8442143201828003, -1.0238516330718994, -0.7729182243347168, -0.7924318313598633, 4.2210164070129395]","[0.787600040435791, 0.8442143201828003, 1.0238516330718994, 0.7729182243347168, 0.7924318313598633, -4.2210164070129395]",-1,-1,False,"['C', 'F']","['E', 'F']"
5ac3ad225542995ef918c1da::working_set_pack_a,5ac3ad225542995ef918c1da,"['A', 'B', 'C', 'D', 'E', 'F']","[0, 1, 1, 0, 0, 0]","[-0.28262558579444885, 1.4638385772705078, -0.11147365719079971, -0.3967961072921753, -0.3232041895389557, -0.3497391939163208]","[-0.28262558579444885, 1.4638385772705078, -0.11147365719079971, -0.3967961072921753, -0.3232041895389557, -0.3497391939163208]","[-0.28262558579444885, 1.4638385772705078, -0.11147365719079971, -0.3967961072921753, -0.3232041895389557, -0.3497391939163208]",1,1,True,"['B', 'C']","['B', 'C']"
5ac3ad225542995ef918c1da::active_set_pack_a,5ac3ad225542995ef918c1da,"['A', 'B', 'C', 'D', 'E', 'F']","[0, 1, 1, 0, 0, 0]","[-0.27308693528175354, 1.4857515096664429, -0.1633143126964569, -0.3871373236179352, -0.32794299721717834, -0.3342696726322174]","[-0.27308693528175354, 1.4857515096664429, -0.1633143126964569, -0.3871373236179352, -0.32794299721717834, -0.3342696726322174]","[-0.27308693528175354, 1.4857515096664429, -0.1633143126964569, -0.3871373236179352, -0.32794299721717834, -0.3342696726322174]",1,1,True,"['B', 'C']","['B', 'C']"
5ac3ad225542995ef918c1da::working_set_pack_b,5ac3ad225542995ef918c1da,"['A', 'B', 'C', 'D', 'E', 'F']","[0, 1, 1, 0, 0, 0]","[-0.4282877743244171, 2.3126330375671387, -0.3410400152206421, -0.508001983165741, -0.4897840619087219, -0.5455193519592285]","[-0.4282877743244171, 2.3126330375671387, -0.3410400152206421, -0.508001983165741, -0.4897840619087219, -0.5455193519592285]","[-0.4282877743244171, 2.3126330375671387, -0.3410400152206421, -0.508001983165741, -0.4897840619087219, -0.5455193519592285]",1,1,True,"['B', 'C']","['B', 'C']"
5ac3ad225542995ef918c1da::active_set_pack_b,5ac3ad225542995ef918c1da,"['A', 'B', 'C', 'D', 'E', 'F']","[0, 1, 1, 0, 0, 0]","[-0.4441547095775604, 2.520258903503418, -0.4138791561126709, -0.5821496248245239, -0.562435507774353, -0.5176404714584351]","[-0.4441547095775604, 2.520258903503418, -0.4138791561126709, -0.5821496248245239, -0.562435507774353, -0.5176404714584351]","[-0.4441547095775604, 2.520258903503418, -0.4138791561126709, -0.5821496248245239, -0.562435507774353, -0.5176404714584351]",1,1,True,"['B', 'C']","['B', 'C']"
5a736bfa5542991f29ee2e03::working_set_pack_a,5a736bfa5542991f29ee2e03,"['A', 'B', 'C', 'D', 'E', 'F']","[1, 0, 1, 0, 0, 0]","[0.39644521474838257, 0.44301071763038635, 0.358053594827652, 0.44951385259628296, 0.35674944519996643, -2.0037732124328613]","[-0.39644521474838257, -0.44301071763038635, -0.358053594827652, -0.44951385259628296, -0.35674944519996643, 2.0037732124328613]","[-0.39644521474838257, -0.44301071763038635, -0.358053594827652, -0.44951385259628296, -0.35674944519996643, 2.0037732124328613]",-1,1,False,"['C', 'F']","['A', 'C']"
5a736bfa5542991f29ee2e03::active_set_pack_a,5a736bfa5542991f29ee2e03,"['A', 'B', 'C', 'D', 'E', 'F']","[1, 0, 1, 0, 0, 0]","[0.3869170546531677, 0.4517369568347931, 0.35801398754119873, 0.44661518931388855, 0.35509026050567627, -1.9983729124069214]","[-0.3869170546531677, -0.4517369568347931, -0.35801398754119873, -0.44661518931388855, -0.35509026050567627, 1.9983729124069214]","[-0.3869170546531677, -0.4517369568347931, -0.35801398754119873, -0.44661518931388855, -0.35509026050567627, 1.9983729124069214]",-1,1,False,"['C', 'F']","['A', 'C']"
5a736bfa5542991f29ee2e03::working_set_pack_b,5a736bfa5542991f29ee2e03,"['A', 'B', 'C', 'D', 'E', 'F']","[1, 0, 1, 0, 0, 0]","[0.3871946632862091, 0.4400857090950012, 0.33428677916526794, 0.439826101064682, 0.35954368114471436, -1.9609370231628418]","[0.3871946632862091, 0.4400857090950012, 0.33428677916526794, 0.439826101064682, 0.35954368114471436, -1.9609370231628418]","[-0.3871946632862091, -0.4400857090950012, -0.33428677916526794, -0.439826101064682, -0.35954368114471436, 1.9609370231628418]",-1,-1,False,"['C', 'E']","['A', 'C']"
5a736bfa5542991f29ee2e03::active_set_pack_b,5a736bfa5542991f29ee2e03,"['A', 'B', 'C', 'D', 'E', 'F']","[1, 0, 1, 0, 0, 0]","[0.28035232424736023, 0.32772359251976013, 0.23676373064517975, 0.3389579951763153, 0.25834178924560547, -1.4421393871307373]","[0.28035232424736023, 0.32772359251976013, 0.23676373064517975, 0.3389579951763153, 0.25834178924560547, -1.4421393871307373]","[-0.28035232424736023, -0.32772359251976013, -0.23676373064517975, -0.3389579951763153, -0.25834178924560547, 1.4421393871307373]",-1,-1,False,"['C', 'E']","['A', 'C']"
5a7a0a965542996c55b2dce7::working_set_pack_a,5a7a0a965542996c55b2dce7,"['A', 'B', 'C', 'D', 'E', 'F']","[0, 1, 0, 0, 1, 0]","[-0.3413311839103699, -0.4118730127811432, -0.45019614696502686, -0.4554179906845093, 2.1547627449035645, -0.49594447016716003]","[-0.3413311839103699, -0.4118730127811432, -0.45019614696502686, -0.4554179906845093, 2.1547627449035645, -0.49594447016716003]","[0.3413311839103699, 0.4118730127811432, 0.45019614696502686, 0.4554179906845093, -2.1547627449035645, 0.49594447016716003]",-1,-1,True,"['B', 'E']","['B', 'E']"
5a7a0a965542996c55b2dce7::active_set_pack_a,5a7a0a965542996c55b2dce7,"['A', 'B', 'C', 'D', 'E', 'F']","[0, 1, 0, 0, 1, 0]","[-0.407636821269989, -0.4515056908130646, -0.534118115901947, -0.5415641665458679, 2.513960599899292, -0.5791361331939697]","[-0.407636821269989, -0.4515056908130646, -0.534118115901947, -0.5415641665458679, 2.513960599899292, -0.5791361331939697]","[0.407636821269989, 0.4515056908130646, 0.534118115901947, 0.5415641665458679, -2.513960599899292, 0.5791361331939697]",-1,-1,True,"['B', 'E']","['B', 'E']"
5a7a0a965542996c55b2dce7::working_set_pack_b,5a7a0a965542996c55b2dce7,"['A', 'B', 'C', 'D', 'E', 'F']","[0, 1, 0, 0, 1, 0]","[-0.45314303040504456, -0.46822917461395264, -0.552611231803894, -0.5624290108680725, 2.6258389949798584, -0.5894262790679932]","[-0.45314303040504456, -0.46822917461395264, -0.552611231803894, -0.5624290108680725, 2.6258389949798584, -0.5894262790679932]","[0.45314303040504456, 0.46822917461395264, 0.552611231803894, 0.5624290108680725, -2.6258389949798584, 0.5894262790679932]",-1,-1,True,"['B', 'E']","['B', 'E']"
5a7a0a965542996c55b2dce7::active_set_pack_b,5a7a0a965542996c55b2dce7,"['A', 'B', 'C', 'D', 'E', 'F']","[0, 1, 0, 0, 1, 0]","[-0.49476951360702515, -0.5128705501556396, -0.5817139744758606, -0.5926445126533508, 2.831220865249634, -0.6492226719856262]","[-0.49476951360702515, -0.5128705501556396, -0.5817139744758606, -0.5926445126533508, 2.831220865249634, -0.6492226719856262]","[0.49476951360702515, 0.5128705501556396, 0.5817139744758606, 0.5926445126533508, -2.831220865249634, 0.6492226719856262]",-1,-1,True,"['B', 'E']","['B', 'E']"
5a8ae49155429951533613a3::working_set_pack_a,5a8ae49155429951533613a3,"['A', 'B', 'C', 'D', 'E', 'F']","[1, 0, 1, 0, 0, 0]","[-0.13655860722064972, -0.22732192277908325, 1.208815574645996, -0.34958189725875854, -0.27734798192977905, -0.21800518035888672]","[-0.13655860722064972, -0.22732192277908325, 1.208815574645996, -0.34958189725875854, -0.27734798192977905, -0.21800518035888672]","[-0.13655860722064972, -0.22732192277908325, 1.208815574645996, -0.34958189725875854, -0.27734798192977905, -0.21800518035888672]",1,1,True,"['A', 'C']","['A', 'C']"
5a8ae49155429951533613a3::active_set_pack_a,5a8ae49155429951533613a3,"['A', 'B', 'C', 'D', 'E', 'F']","[1, 0, 1, 0, 0, 0]","[-0.1081371158361435, -0.2282753437757492, 1.1881176233291626, -0.3683394491672516, -0.27241212129592896, -0.21095338463783264]","[-0.1081371158361435, -0.2282753437757492, 1.1881176233291626, -0.3683394491672516, -0.27241212129592896, -0.21095338463783264]","[-0.1081371158361435, -0.2282753437757492, 1.1881176233291626, -0.3683394491672516, -0.27241212129592896, -0.21095338463783264]",1,1,True,"['A', 'C']","['A', 'C']"
5a8ae49155429951533613a3::working_set_pack_b,5a8ae49155429951533613a3,"['A', 'B', 'C', 'D', 'E', 'F']","[1, 0, 1, 0, 0, 0]","[-0.15993408858776093, -0.224685937166214, 1.1129711866378784, -0.2645985782146454, -0.26992669701576233, -0.19382581114768982]","[-0.15993408858776093, -0.224685937166214, 1.1129711866378784, -0.2645985782146454, -0.26992669701576233, -0.19382581114768982]","[-0.15993408858776093, -0.224685937166214, 1.1129711866378784, -0.2645985782146454, -0.26992669701576233, -0.19382581114768982]",1,1,True,"['A', 'C']","['A', 'C']"
5a8ae49155429951533613a3::active_set_pack_b,5a8ae49155429951533613a3,"['A', 'B', 'C', 'D', 'E', 'F']","[1, 0, 1, 0, 0, 0]","[-0.14889667928218842, -0.2645249664783478, 1.3560848236083984, -0.4084838628768921, -0.30632904171943665, -0.22785060107707977]","[-0.14889667928218842, -0.2645249664783478, 1.3560848236083984, -0.4084838628768921, -0.30632904171943665, -0.22785060107707977]","[-0.14889667928218842, -0.2645249664783478, 1.3560848236083984, -0.4084838628768921, -0.30632904171943665, -0.22785060107707977]",1,1,True,"['A', 'C']","['A', 'C']"
5ab99943554299131ca42391::working_set_pack_a,5ab99943554299131ca42391,"['A', 'B', 'C', 'D', 'E', 'F']","[1, 0, 0, 0, 0, 1]","[-0.8198357820510864, -0.8269160389900208, -0.7769827842712402, -0.8175479173660278, -0.3932432532310486, 3.634526014328003]","[-0.8198357820510864, -0.8269160389900208, -0.7769827842712402, -0.8175479173660278, -0.3932432532310486, 3.634526014328003]","[-0.8198357820510864, -0.8269160389900208, -0.7769827842712402, -0.8175479173660278, -0.3932432532310486, 3.634526014328003]",1,1,False,"['E', 'F']","['A', 'F']"
5ab99943554299131ca42391::active_set_pack_a,5ab99943554299131ca42391,"['A', 'B', 'C', 'D', 'E', 'F']","[1, 0, 0, 0, 0, 1]","[-0.8479241728782654, -0.8606771230697632, -0.8083781003952026, -0.8459451794624329, -0.4147963523864746, 3.777721405029297]","[-0.8479241728782654, -0.8606771230697632, -0.8083781003952026, -0.8459451794624329, -0.4147963523864746, 3.777721405029297]","[-0.8479241728782654, -0.8606771230697632, -0.8083781003952026, -0.8459451794624329, -0.4147963523864746, 3.777721405029297]",1,1,False,"['E', 'F']","['A', 'F']"
5ab99943554299131ca42391::working_set_pack_b,5ab99943554299131ca42391,"['A', 'B', 'C', 'D', 'E', 'F']","[1, 0, 0, 0, 0, 1]","[-0.8767574429512024, -0.9478347897529602, -0.8104354739189148, -0.8731831908226013, -0.5563445687294006, 4.06455659866333]","[-0.8767574429512024, -0.9478347897529602, -0.8104354739189148, -0.8731831908226013, -0.5563445687294006, 4.06455659866333]","[-0.8767574429512024, -0.9478347897529602, -0.8104354739189148, -0.8731831908226013, -0.5563445687294006, 4.06455659866333]",1,1,False,"['C', 'F']","['A', 'F']"
5ab99943554299131ca42391::active_set_pack_b,5ab99943554299131ca42391,"['A', 'B', 'C', 'D', 'E', 'F']","[1, 0, 0, 0, 0, 1]","[-0.9424237012863159, -1.0266032218933105, -0.8969867825508118, -0.9413846731185913, -0.5797788500785828, 4.387178897857666]","[-0.9424237012863159, -1.0266032218933105, -0.8969867825508118, -0.9413846731185913, -0.5797788500785828, 4.387178897857666]","[-0.9424237012863159, -1.0266032218933105, -0.8969867825508118, -0.9413846731185913, -0.5797788500785828, 4.387178897857666]",1,1,False,"['E', 'F']","['A', 'F']"
5ab70446554299110f219a94::working_set_pack_a,5ab70446554299110f219a94,"['A', 'B', 'C', 'D', 'E', 'F']","[0, 0, 1, 0, 0, 1]","[-0.7125071883201599, -0.7236851453781128, -0.5313454270362854, -0.7876313924789429, -0.36509665846824646, 3.1202664375305176]","[-0.7125071883201599, -0.7236851453781128, -0.5313454270362854, -0.7876313924789429, -0.36509665846824646, 3.1202664375305176]","[-0.7125071883201599, -0.7236851453781128, -0.5313454270362854, -0.7876313924789429, -0.36509665846824646, 3.1202664375305176]",1,1,True,"['C', 'F']","['C', 'F']"
5ab70446554299110f219a94::active_set_pack_a,5ab70446554299110f219a94,"['A', 'B', 'C', 'D', 'E', 'F']","[0, 0, 1, 0, 0, 1]","[-0.7449672222137451, -0.7649667859077454, -0.5317174792289734, -0.8263911008834839, -0.4369005858898163, 3.3049426078796387]","[-0.7449672222137451, -0.7649667859077454, -0.5317174792289734, -0.8263911008834839, -0.4369005858898163, 3.3049426078796387]","[-0.7449672222137451, -0.7649667859077454, -0.5317174792289734, -0.8263911008834839, -0.4369005858898163, 3.3049426078796387]",1,1,True,"['C', 'F']","['C', 'F']"
5ab70446554299110f219a94::working_set_pack_b,5ab70446554299110f219a94,"['A', 'B', 'C', 'D', 'E', 'F']","[0, 0, 1, 0, 0, 1]","[-0.8751876950263977, -0.9117308855056763, -0.6476002931594849, -0.9804593324661255, -0.600239098072052, 4.0152177810668945]","[-0.8751876950263977, -0.9117308855056763, -0.6476002931594849, -0.9804593324661255, -0.600239098072052, 4.0152177810668945]","[-0.8751876950263977, -0.9117308855056763, -0.6476002931594849, -0.9804593324661255, -0.600239098072052, 4.0152177810668945]",1,1,True,"['C', 'F']","['C', 'F']"
5ab70446554299110f219a94::active_set_pack_b,5ab70446554299110f219a94,"['A', 'B', 'C', 'D', 'E', 'F']","[0, 0, 1, 0, 0, 1]","[-0.9496970176696777, -0.9992154240608215, -0.7779601812362671, -1.036134958267212, -0.733188807964325, 4.496196746826172]","[-0.9496970176696777, -0.9992154240608215, -0.7779601812362671, -1.036134958267212, -0.733188807964325, 4.496196746826172]","[-0.9496970176696777, -0.9992154240608215, -0.7779601812362671, -1.036134958267212, -0.733188807964325, 4.496196746826172]",1,1,True,"['C', 'F']","['C', 'F']"
5ae6038155429929b0807a55::working_set_pack_a,5ae6038155429929b0807a55,"['A', 'B', 'C', 'D', 'E', 'F']","[0, 0, 1, 1, 0, 0]","[-0.45102977752685547, -0.3696838319301605, 2.156729221343994, -0.4373185336589813, -0.49211668968200684, -0.40658000111579895]","[-0.45102977752685547, -0.3696838319301605, 2.156729221343994, -0.4373185336589813, -0.49211668968200684, -0.40658000111579895]","[-0.45102977752685547, -0.3696838319301605, 2.156729221343994, -0.4373185336589813, -0.49211668968200684, -0.40658000111579895]",1,1,True,"['C', 'D']","['C', 'D']"
5ae6038155429929b0807a55::active_set_pack_a,5ae6038155429929b0807a55,"['A', 'B', 'C', 'D', 'E', 'F']","[0, 0, 1, 1, 0, 0]","[-0.42548811435699463, -0.3561277687549591, 2.025383472442627, -0.41063740849494934, -0.4606676995754242, -0.3724617660045624]","[-0.42548811435699463, -0.3561277687549591, 2.025383472442627, -0.41063740849494934, -0.4606676995754242, -0.3724617660045624]","[-0.42548811435699463, -0.3561277687549591, 2.025383472442627, -0.41063740849494934, -0.4606676995754242, -0.3724617660045624]",1,1,True,"['C', 'D']","['C', 'D']"
5ae6038155429929b0807a55::working_set_pack_b,5ae6038155429929b0807a55,"['A', 'B', 'C', 'D', 'E', 'F']","[0, 0, 1, 1, 0, 0]","[-0.26680779457092285, -0.23234206438064575, 1.3569560050964355, -0.27827754616737366, -0.3378438949584961, -0.24168437719345093]","[0.26680779457092285, 0.23234206438064575, -1.3569560050964355, 0.27827754616737366, 0.3378438949584961, 0.24168437719345093]","[-0.26680779457092285, -0.23234206438064575, 1.3569560050964355, -0.27827754616737366, -0.3378438949584961, -0.24168437719345093]",1,-1,False,"['B', 'F']","['C', 'D']"
5ae6038155429929b0807a55::active_set_pack_b,5ae6038155429929b0807a55,"['A', 'B', 'C', 'D', 'E', 'F']","[0, 0, 1, 1, 0, 0]","[-0.30530115962028503, -0.24482402205467224, 1.5713881254196167, -0.29875779151916504, -0.4029647409915924, -0.319540411233902]","[0.30530115962028503, 0.24482402205467224, -1.5713881254196167, 0.29875779151916504, 0.4029647409915924, 0.319540411233902]","[-0.30530115962028503, -0.24482402205467224, 1.5713881254196167, -0.29875779151916504, -0.4029647409915924, -0.319540411233902]",1,-1,False,"['B', 'F']","['C', 'D']"
5a71458e5542994082a3e738::working_set_pack_a,5a71458e5542994082a3e738,"['A', 'B', 'C', 'D', 'E', 'F']","[0, 0, 0, 1, 0, 1]","[-1.1044981479644775, -1.1137866973876953, -1.1046968698501587, -1.0152699947357178, -1.1266194581985474, 5.464870452880859]","[-1.1044981479644775, -1.1137866973876953, -1.1046968698501587, -1.0152699947357178, -1.1266194581985474, 5.464870452880859]","[-1.1044981479644775, -1.1137866973876953, -1.1046968698501587, -1.0152699947357178, -1.1266194581985474, 5.464870452880859]",1,1,False,"['E', 'F']","['D', 'F']"
5a71458e5542994082a3e738::active_set_pack_a,5a71458e5542994082a3e738,"['A', 'B', 'C', 'D', 'E', 'F']","[0, 0, 0, 1, 0, 1]","[-1.1421931982040405, -1.1537786722183228, -1.1331897974014282, -1.0520418882369995, -1.1775996685028076, 5.658803939819336]","[-1.1421931982040405, -1.1537786722183228, -1.1331897974014282, -1.0520418882369995, -1.1775996685028076, 5.658803939819336]","[-1.1421931982040405, -1.1537786722183228, -1.1331897974014282, -1.0520418882369995, -1.1775996685028076, 5.658803939819336]",1,1,False,"['E', 'F']","['D', 'F']"
5a71458e5542994082a3e738::working_set_pack_b,5a71458e5542994082a3e738,"['A', 'B', 'C', 'D', 'E', 'F']","[0, 0, 0, 1, 0, 1]","[-1.1113426685333252, -1.145959496498108, -1.1241964101791382, -1.0303839445114136, -1.1432925462722778, 5.555174350738525]","[-1.1113426685333252, -1.145959496498108, -1.1241964101791382, -1.0303839445114136, -1.1432925462722778, 5.555174350738525]","[1.1113426685333252, 1.145959496498108, 1.1241964101791382, 1.0303839445114136, 1.1432925462722778, -5.555174350738525]",-1,-1,False,"['E', 'F']","['D', 'F']"
5a71458e5542994082a3e738::active_set_pack_b,5a71458e5542994082a3e738,"['A', 'B', 'C', 'D', 'E', 'F']","[0, 0, 0, 1, 0, 1]","[-1.0071831941604614, -1.0323562622070312, -1.002673625946045, -0.895959734916687, -1.01093590259552, 4.949108123779297]","[-1.0071831941604614, -1.0323562622070312, -1.002673625946045, -0.895959734916687, -1.01093590259552, 4.949108123779297]","[-1.0071831941604614, -1.0323562622070312, -1.002673625946045, -0.895959734916687, -1.01093590259552, 4.949108123779297]",1,1,False,"['E', 'F']","['D', 'F']"
5ae500fd55429908b63264d8::working_set_pack_a,5ae500fd55429908b63264d8,"['A', 'B', 'C', 'D', 'E', 'F']","[1, 0, 0, 1, 0, 0]","[-0.25347062945365906, -0.4952666759490967, -0.30955207347869873, 2.0314242839813232, -0.5846773982048035, -0.38845738768577576]","[-0.25347062945365906, -0.4952666759490967, -0.30955207347869873, 2.0314242839813232, -0.5846773982048035, -0.38845738768577576]","[0.25347062945365906, 0.4952666759490967, 0.30955207347869873, -2.0314242839813232, 0.5846773982048035, 0.38845738768577576]",-1,-1,True,"['A', 'D']","['A', 'D']"
5ae500fd55429908b63264d8::active_set_pack_a,5ae500fd55429908b63264d8,"['A', 'B', 'C', 'D', 'E', 'F']","[1, 0, 0, 1, 0, 0]","[-0.2802923023700714, -0.5399340987205505, -0.34619390964508057, 2.2629246711730957, -0.6678259968757629, -0.42867815494537354]","[-0.2802923023700714, -0.5399340987205505, -0.34619390964508057, 2.2629246711730957, -0.6678259968757629, -0.42867815494537354]","[0.2802923023700714, 0.5399340987205505, 0.34619390964508057, -2.2629246711730957, 0.6678259968757629, 0.42867815494537354]",-1,-1,False,"['C', 'D']","['A', 'D']"
5ae500fd55429908b63264d8::working_set_pack_b,5ae500fd55429908b63264d8,"['A', 'B', 'C', 'D', 'E', 'F']","[1, 0, 0, 1, 0, 0]","[-0.2530674338340759, -0.6261694431304932, -0.30476948618888855, 2.1910834312438965, -0.6120631694793701, -0.39501410722732544]","[-0.2530674338340759, -0.6261694431304932, -0.30476948618888855, 2.1910834312438965, -0.6120631694793701, -0.39501410722732544]","[0.2530674338340759, 0.6261694431304932, 0.30476948618888855, -2.1910834312438965, 0.6120631694793701, 0.39501410722732544]",-1,-1,True,"['A', 'D']","['A', 'D']"
5ae500fd55429908b63264d8::active_set_pack_b,5ae500fd55429908b63264d8,"['A', 'B', 'C', 'D', 'E', 'F']","[1, 0, 0, 1, 0, 0]","[-0.4105074107646942, -0.7895911335945129, -0.4491666555404663, 2.8350746631622314, -0.6643315553665161, -0.5214781761169434]","[-0.4105074107646942, -0.7895911335945129, -0.4491666555404663, 2.8350746631622314, -0.6643315553665161, -0.5214781761169434]","[0.4105074107646942, 0.7895911335945129, 0.4491666555404663, -2.8350746631622314, 0.6643315553665161, 0.5214781761169434]",-1,-1,True,"['A', 'D']","['A', 'D']"
5a8514545542992a431d1ad2::working_set_pack_a,5a8514545542992a431d1ad2,"['A', 'B', 'C', 'D', 'E', 'F']","[0, 0, 0, 1, 1, 0]","[-1.0268867015838623, -0.977167546749115, -1.0395687818527222, 3.2698118686676025, 0.81850665807724, -1.0446958541870117]","[-1.0268867015838623, -0.977167546749115, -1.0395687818527222, 3.2698118686676025, 0.81850665807724, -1.0446958541870117]","[1.0268867015838623, 0.977167546749115, 1.0395687818527222, -3.2698118686676025, -0.81850665807724, 1.0446958541870117]",-1,-1,True,"['D', 'E']","['D', 'E']"
5a8514545542992a431d1ad2::active_set_pack_a,5a8514545542992a431d1ad2,"['A', 'B', 'C', 'D', 'E', 'F']","[0, 0, 0, 1, 1, 0]","[-1.0933098793029785, -1.0201729536056519, -1.0990819931030273, 1.9346643686294556, 2.373499631881714, -1.09559965133667]","[-1.0933098793029785, -1.0201729536056519, -1.0990819931030273, 1.9346643686294556, 2.373499631881714, -1.09559965133667]","[1.0933098793029785, 1.0201729536056519, 1.0990819931030273, -1.9346643686294556, -2.373499631881714, 1.09559965133667]",-1,-1,True,"['D', 'E']","['D', 'E']"
5a8514545542992a431d1ad2::working_set_pack_b,5a8514545542992a431d1ad2,"['A', 'B', 'C', 'D', 'E', 'F']","[0, 0, 0, 1, 1, 0]","[-0.964377760887146, -0.9185641407966614, -0.9847241044044495, 3.4912867546081543, 0.37010571360588074, -0.9937268495559692]","[-0.964377760887146, -0.9185641407966614, -0.9847241044044495, 3.4912867546081543, 0.37010571360588074, -0.9937268495559692]","[0.964377760887146, 0.9185641407966614, 0.9847241044044495, -3.4912867546081543, -0.37010571360588074, 0.9937268495559692]",-1,-1,True,"['D', 'E']","['D', 'E']"
5a8514545542992a431d1ad2::active_set_pack_b,5a8514545542992a431d1ad2,"['A', 'B', 'C', 'D', 'E', 'F']","[0, 0, 0, 1, 1, 0]","[-1.0221772193908691, -0.9864258766174316, -1.0368804931640625, 2.4876153469085693, 1.5897691249847412, -1.0319018363952637]","[-1.0221772193908691, -0.9864258766174316, -1.0368804931640625, 2.4876153469085693, 1.5897691249847412, -1.0319018363952637]","[1.0221772193908691, 0.9864258766174316, 1.0368804931640625, -2.4876153469085693, -1.5897691249847412, 1.0319018363952637]",-1,-1,True,"['D', 'E']","['D', 'E']"
5ae3345f55429928c4239682::working_set_pack_a,5ae3345f55429928c4239682,"['A', 'B', 'C', 'D', 'E', 'F']","[1, 1, 0, 0, 0, 0]","[0.6737025380134583, 0.4249523878097534, -0.19376124441623688, -0.320222407579422, -0.18647050857543945, -0.3982005715370178]","[0.6737025380134583, 0.4249523878097534, -0.19376124441623688, -0.320222407579422, -0.18647050857543945, -0.3982005715370178]","[-0.6737025380134583, -0.4249523878097534, 0.19376124441623688, 0.320222407579422, 0.18647050857543945, 0.3982005715370178]",-1,-1,True,"['A', 'B']","['A', 'B']"
5ae3345f55429928c4239682::active_set_pack_a,5ae3345f55429928c4239682,"['A', 'B', 'C', 'D', 'E', 'F']","[1, 1, 0, 0, 0, 0]","[0.7361950874328613, 0.43447622656822205, -0.2157602608203888, -0.42718079686164856, -0.21024419367313385, -0.3174859881401062]","[0.7361950874328613, 0.43447622656822205, -0.2157602608203888, -0.42718079686164856, -0.21024419367313385, -0.3174859881401062]","[-0.7361950874328613, -0.43447622656822205, 0.2157602608203888, 0.42718079686164856, 0.21024419367313385, 0.3174859881401062]",-1,-1,True,"['A', 'B']","['A', 'B']"
5ae3345f55429928c4239682::working_set_pack_b,5ae3345f55429928c4239682,"['A', 'B', 'C', 'D', 'E', 'F']","[1, 1, 0, 0, 0, 0]","[0.7304060459136963, 0.01487087644636631, -0.09769514203071594, -0.09671469777822495, -0.09325481951236725, -0.4576123356819153]","[0.7304060459136963, 0.01487087644636631, -0.09769514203071594, -0.09671469777822495, -0.09325481951236725, -0.4576123356819153]","[-0.7304060459136963, -0.01487087644636631, 0.09769514203071594, 0.09671469777822495, 0.09325481951236725, 0.4576123356819153]",-1,-1,True,"['A', 'B']","['A', 'B']"
5ae3345f55429928c4239682::active_set_pack_b,5ae3345f55429928c4239682,"['A', 'B', 'C', 'D', 'E', 'F']","[1, 1, 0, 0, 0, 0]","[-0.1772942990064621, 0.31034761667251587, -0.09928563982248306, -0.6217828392982483, -0.11341530829668045, 0.7014303207397461]","[-0.1772942990064621, 0.31034761667251587, -0.09928563982248306, -0.6217828392982483, -0.11341530829668045, 0.7014303207397461]","[-0.1772942990064621, 0.31034761667251587, -0.09928563982248306, -0.6217828392982483, -0.11341530829668045, 0.7014303207397461]",1,1,True,"['A', 'B']","['A', 'B']"
5ac1b48f55429963665198f3::working_set_pack_a,5ac1b48f55429963665198f3,"['A', 'B', 'C', 'D', 'E', 'F']","[0, 0, 1, 1, 0, 0]","[-0.6668875217437744, -0.6191143989562988, -0.6264985799789429, 2.897094964981079, -0.3840210437774658, -0.6005738377571106]","[-0.6668875217437744, -0.6191143989562988, -0.6264985799789429, 2.897094964981079, -0.3840210437774658, -0.6005738377571106]","[0.6668875217437744, 0.6191143989562988, 0.6264985799789429, -2.897094964981079, 0.3840210437774658, 0.6005738377571106]",-1,-1,True,"['C', 'D']","['C', 'D']"
5ac1b48f55429963665198f3::active_set_pack_a,5ac1b48f55429963665198f3,"['A', 'B', 'C', 'D', 'E', 'F']","[0, 0, 1, 1, 0, 0]","[-0.6768561601638794, -0.6239635944366455, -0.6271856427192688, 2.951982259750366, -0.4257391095161438, -0.5982381105422974]","[-0.6768561601638794, -0.6239635944366455, -0.6271856427192688, 2.951982259750366, -0.4257391095161438, -0.5982381105422974]","[0.6768561601638794, 0.6239635944366455, 0.6271856427192688, -2.951982259750366, 0.4257391095161438, 0.5982381105422974]",-1,-1,True,"['C', 'D']","['C', 'D']"
5ac1b48f55429963665198f3::working_set_pack_b,5ac1b48f55429963665198f3,"['A', 'B', 'C', 'D', 'E', 'F']","[0, 0, 1, 1, 0, 0]","[-0.6480672359466553, -0.5939426422119141, -0.6737096309661865, 3.010589599609375, -0.5205458998680115, -0.5743245482444763]","[0.6480672359466553, 0.5939426422119141, 0.6737096309661865, -3.010589599609375, 0.5205458998680115, 0.5743245482444763]","[0.6480672359466553, 0.5939426422119141, 0.6737096309661865, -3.010589599609375, 0.5205458998680115, 0.5743245482444763]",-1,1,False,"['C', 'F']","['C', 'D']"
5ac1b48f55429963665198f3::active_set_pack_b,5ac1b48f55429963665198f3,"['A', 'B', 'C', 'D', 'E', 'F']","[0, 0, 1, 1, 0, 0]","[-0.8926554322242737, -0.8465995788574219, -0.841163694858551, 4.251957893371582, -0.7915131449699402, -0.8800260424613953]","[-0.8926554322242737, -0.8465995788574219, -0.841163694858551, 4.251957893371582, -0.7915131449699402, -0.8800260424613953]","[0.8926554322242737, 0.8465995788574219, 0.841163694858551, -4.251957893371582, 0.7915131449699402, 0.8800260424613953]",-1,-1,True,"['C', 'D']","['C', 'D']"
5ab9d58855429939ce03dc3a::working_set_pack_a,5ab9d58855429939ce03dc3a,"['A', 'B', 'C', 'D', 'E', 'F']","[1, 0, 1, 0, 0, 0]","[-0.3978881537914276, -0.3069307804107666, 1.8559340238571167, -0.5058134198188782, -0.3129407465457916, -0.33236128091812134]","[-0.3978881537914276, -0.3069307804107666, 1.8559340238571167, -0.5058134198188782, -0.3129407465457916, -0.33236128091812134]","[-0.3978881537914276, -0.3069307804107666, 1.8559340238571167, -0.5058134198188782, -0.3129407465457916, -0.33236128091812134]",1,1,True,"['A', 'C']","['A', 'C']"
5ab9d58855429939ce03dc3a::active_set_pack_a,5ab9d58855429939ce03dc3a,"['A', 'B', 'C', 'D', 'E', 'F']","[1, 0, 1, 0, 0, 0]","[-0.40166789293289185, -0.30190762877464294, 1.8180471658706665, -0.50567227602005, -0.2921512722969055, -0.31664782762527466]","[-0.40166789293289185, -0.30190762877464294, 1.8180471658706665, -0.50567227602005, -0.2921512722969055, -0.31664782762527466]","[-0.40166789293289185, -0.30190762877464294, 1.8180471658706665, -0.50567227602005, -0.2921512722969055, -0.31664782762527466]",1,1,True,"['A', 'C']","['A', 'C']"
5ab9d58855429939ce03dc3a::working_set_pack_b,5ab9d58855429939ce03dc3a,"['A', 'B', 'C', 'D', 'E', 'F']","[1, 0, 1, 0, 0, 0]","[-0.5294654369354248, -0.48269107937812805, 2.678563356399536, -0.644066333770752, -0.5052322745323181, -0.5171090960502625]","[-0.5294654369354248, -0.48269107937812805, 2.678563356399536, -0.644066333770752, -0.5052322745323181, -0.5171090960502625]","[-0.5294654369354248, -0.48269107937812805, 2.678563356399536, -0.644066333770752, -0.5052322745323181, -0.5171090960502625]",1,1,True,"['A', 'C']","['A', 'C']"
5ab9d58855429939ce03dc3a::active_set_pack_b,5ab9d58855429939ce03dc3a,"['A', 'B', 'C', 'D', 'E', 'F']","[1, 0, 1, 0, 0, 0]","[-0.5643587708473206, -0.5356518626213074, 2.8761966228485107, -0.6579816937446594, -0.5609402060508728, -0.5572630763053894]","[-0.5643587708473206, -0.5356518626213074, 2.8761966228485107, -0.6579816937446594, -0.5609402060508728, -0.5572630763053894]","[-0.5643587708473206, -0.5356518626213074, 2.8761966228485107, -0.6579816937446594, -0.5609402060508728, -0.5572630763053894]",1,1,True,"['A', 'C']","['A', 'C']"
5ab9121555429919ba4e238a::working_set_pack_a,5ab9121555429919ba4e238a,"['A', 'B', 'C', 'D', 'E', 'F']","[0, 1, 0, 0, 1, 0]","[-0.4215545356273651, 2.18568754196167, -0.4176526665687561, -0.4767202138900757, -0.6045833230018616, -0.2651771903038025]","[-0.4215545356273651, 2.18568754196167, -0.4176526665687561, -0.4767202138900757, -0.6045833230018616, -0.2651771903038025]","[0.4215545356273651, -2.18568754196167, 0.4176526665687561, 0.4767202138900757, 0.6045833230018616, 0.2651771903038025]",-1,-1,True,"['B', 'E']","['B', 'E']"
5ab9121555429919ba4e238a::active_set_pack_a,5ab9121555429919ba4e238a,"['A', 'B', 'C', 'D', 'E', 'F']","[0, 1, 0, 0, 1, 0]","[-0.31609809398651123, 2.1797173023223877, -0.3143171966075897, -0.3182738423347473, -1.014813780784607, -0.21621404588222504]","[-0.31609809398651123, 2.1797173023223877, -0.3143171966075897, -0.3182738423347473, -1.014813780784607, -0.21621404588222504]","[0.31609809398651123, -2.1797173023223877, 0.3143171966075897, 0.3182738423347473, 1.014813780784607, 0.21621404588222504]",-1,-1,True,"['B', 'E']","['B', 'E']"
5ab9121555429919ba4e238a::working_set_pack_b,5ab9121555429919ba4e238a,"['A', 'B', 'C', 'D', 'E', 'F']","[0, 1, 0, 0, 1, 0]","[-0.24555490911006927, -0.8180245161056519, -0.2399926483631134, -0.3493433892726898, 1.7973401546478271, -0.14442312717437744]","[-0.24555490911006927, -0.8180245161056519, -0.2399926483631134, -0.3493433892726898, 1.7973401546478271, -0.14442312717437744]","[0.24555490911006927, 0.8180245161056519, 0.2399926483631134, 0.3493433892726898, -1.7973401546478271, 0.14442312717437744]",-1,-1,True,"['B', 'E']","['B', 'E']"
5ab9121555429919ba4e238a::active_set_pack_b,5ab9121555429919ba4e238a,"['A', 'B', 'C', 'D', 'E', 'F']","[0, 1, 0, 0, 1, 0]","[-0.3456811010837555, 2.1026384830474854, -0.34627270698547363, -0.36817437410354614, -0.8026050329208374, -0.23990510404109955]","[-0.3456811010837555, 2.1026384830474854, -0.34627270698547363, -0.36817437410354614, -0.8026050329208374, -0.23990510404109955]","[-0.3456811010837555, 2.1026384830474854, -0.34627270698547363, -0.36817437410354614, -0.8026050329208374, -0.23990510404109955]",1,1,True,"['B', 'E']","['B', 'E']"
5abf037a5542993fe9a41dbe::working_set_pack_a,5abf037a5542993fe9a41dbe,"['A', 'B', 'C', 'D', 'E', 'F']","[0, 0, 0, 1, 1, 0]","[0.7831856608390808, 0.7955652475357056, 0.7613669037818909, 0.6789964437484741, 0.5874788761138916, -3.606593608856201]","[0.7831856608390808, 0.7955652475357056, 0.7613669037818909, 0.6789964437484741, 0.5874788761138916, -3.606593608856201]","[-0.7831856608390808, -0.7955652475357056, -0.7613669037818909, -0.6789964437484741, -0.5874788761138916, 3.606593608856201]",-1,-1,True,"['D', 'E']","['D', 'E']"
5abf037a5542993fe9a41dbe::active_set_pack_a,5abf037a5542993fe9a41dbe,"['A', 'B', 'C', 'D', 'E', 'F']","[0, 0, 0, 1, 1, 0]","[0.6985487937927246, 0.7070420384407043, 0.6664543151855469, 0.6275022029876709, 0.5078788995742798, -3.207425594329834]","[0.6985487937927246, 0.7070420384407043, 0.6664543151855469, 0.6275022029876709, 0.5078788995742798, -3.207425594329834]","[-0.6985487937927246, -0.7070420384407043, -0.6664543151855469, -0.6275022029876709, -0.5078788995742798, 3.207425594329834]",-1,-1,True,"['D', 'E']","['D', 'E']"
5abf037a5542993fe9a41dbe::working_set_pack_b,5abf037a5542993fe9a41dbe,"['A', 'B', 'C', 'D', 'E', 'F']","[0, 0, 0, 1, 1, 0]","[0.9081741571426392, 0.9282666444778442, 0.8807703256607056, 0.7271955013275146, 0.6944684386253357, -4.138875484466553]","[-0.9081741571426392, -0.9282666444778442, -0.8807703256607056, -0.7271955013275146, -0.6944684386253357, 4.138875484466553]","[-0.9081741571426392, -0.9282666444778442, -0.8807703256607056, -0.7271955013275146, -0.6944684386253357, 4.138875484466553]",-1,1,False,"['D', 'F']","['D', 'E']"
5abf037a5542993fe9a41dbe::active_set_pack_b,5abf037a5542993fe9a41dbe,"['A', 'B', 'C', 'D', 'E', 'F']","[0, 0, 0, 1, 1, 0]","[0.675576388835907, 0.7067731022834778, 0.640130341053009, 0.7208659052848816, 0.499644011259079, -3.2429893016815186]","[0.675576388835907, 0.7067731022834778, 0.640130341053009, 0.7208659052848816, 0.499644011259079, -3.2429893016815186]","[-0.675576388835907, -0.7067731022834778, -0.640130341053009, -0.7208659052848816, -0.499644011259079, 3.2429893016815186]",-1,-1,True,"['D', 'E']","['D', 'E']"
5a74f2ff5542993748c89748::working_set_pack_a,5a74f2ff5542993748c89748,"['A', 'B', 'C', 'D', 'E', 'F']","[1, 0, 0, 0, 1, 0]","[0.5168823599815369, -0.6521884799003601, -0.18578661978244781, -0.4222685992717743, 0.7133118510246277, 0.03004949912428856]","[0.5168823599815369, -0.6521884799003601, -0.18578661978244781, -0.4222685992717743, 0.7133118510246277, 0.03004949912428856]","[0.5168823599815369, -0.6521884799003601, -0.18578661978244781, -0.4222685992717743, 0.7133118510246277, 0.03004949912428856]",1,1,True,"['A', 'E']","['A', 'E']"
5a74f2ff5542993748c89748::active_set_pack_a,5a74f2ff5542993748c89748,"['A', 'B', 'C', 'D', 'E', 'F']","[1, 0, 0, 0, 1, 0]","[0.7140529751777649, -0.6320260763168335, -0.1529516726732254, -0.4825933277606964, 0.5603728294372559, -0.006854768842458725]","[0.7140529751777649, -0.6320260763168335, -0.1529516726732254, -0.4825933277606964, 0.5603728294372559, -0.006854768842458725]","[0.7140529751777649, -0.6320260763168335, -0.1529516726732254, -0.4825933277606964, 0.5603728294372559, -0.006854768842458725]",1,1,False,"['E', 'F']","['A', 'E']"
5a74f2ff5542993748c89748::working_set_pack_b,5a74f2ff5542993748c89748,"['A', 'B', 'C', 'D', 'E', 'F']","[1, 0, 0, 0, 1, 0]","[0.22267527878284454, -0.6257569789886475, -0.06042129546403885, -0.48429158329963684, 0.9201352596282959, 0.02765914425253868]","[0.22267527878284454, -0.6257569789886475, -0.06042129546403885, -0.48429158329963684, 0.9201352596282959, 0.02765914425253868]","[-0.22267527878284454, 0.6257569789886475, 0.06042129546403885, 0.48429158329963684, -0.9201352596282959, -0.02765914425253868]",-1,-1,True,"['A', 'E']","['A', 'E']"
5a74f2ff5542993748c89748::active_set_pack_b,5a74f2ff5542993748c89748,"['A', 'B', 'C', 'D', 'E', 'F']","[1, 0, 0, 0, 1, 0]","[-0.050049539655447006, -0.544577419757843, -0.18076129257678986, -0.5851777195930481, 1.2915802001953125, 0.06898592412471771]","[-0.050049539655447006, -0.544577419757843, -0.18076129257678986, -0.5851777195930481, 1.2915802001953125, 0.06898592412471771]","[0.050049539655447006, 0.544577419757843, 0.18076129257678986, 0.5851777195930481, -1.2915802001953125, -0.06898592412471771]",-1,-1,True,"['A', 'E']","['A', 'E']"
5ac52b495542994611c8b3de::working_set_pack_a,5ac52b495542994611c8b3de,"['A', 'B', 'C', 'D', 'E', 'F']","[1, 0, 1, 0, 0, 0]","[-0.8598382472991943, -0.9678359627723694, 4.268271446228027, -0.9761725068092346, -0.6374542117118835, -0.8269708156585693]","[-0.8598382472991943, -0.9678359627723694, 4.268271446228027, -0.9761725068092346, -0.6374542117118835, -0.8269708156585693]","[-0.8598382472991943, -0.9678359627723694, 4.268271446228027, -0.9761725068092346, -0.6374542117118835, -0.8269708156585693]",1,1,True,"['A', 'C']","['A', 'C']"
5ac52b495542994611c8b3de::active_set_pack_a,5ac52b495542994611c8b3de,"['A', 'B', 'C', 'D', 'E', 'F']","[1, 0, 1, 0, 0, 0]","[-0.9032564759254456, -1.0216107368469238, 4.462880611419678, -1.030456781387329, -0.6505740284919739, -0.8569825291633606]","[-0.9032564759254456, -1.0216107368469238, 4.462880611419678, -1.030456781387329, -0.6505740284919739, -0.8569825291633606]","[-0.9032564759254456, -1.0216107368469238, 4.462880611419678, -1.030456781387329, -0.6505740284919739, -0.8569825291633606]",1,1,True,"['A', 'C']","['A', 'C']"
5ac52b495542994611c8b3de::working_set_pack_b,5ac52b495542994611c8b3de,"['A', 'B', 'C', 'D', 'E', 'F']","[1, 0, 1, 0, 0, 0]","[-1.209471583366394, -1.294093132019043, 5.930635929107666, -1.2969145774841309, -0.9764514565467834, -1.1537048816680908]","[-1.209471583366394, -1.294093132019043, 5.930635929107666, -1.2969145774841309, -0.9764514565467834, -1.1537048816680908]","[-1.209471583366394, -1.294093132019043, 5.930635929107666, -1.2969145774841309, -0.9764514565467834, -1.1537048816680908]",1,1,True,"['A', 'C']","['A', 'C']"
5ac52b495542994611c8b3de::active_set_pack_b,5ac52b495542994611c8b3de,"['A', 'B', 'C', 'D', 'E', 'F']","[1, 0, 1, 0, 0, 0]","[-1.0900819301605225, -1.1694586277008057, 5.509369373321533, -1.1558749675750732, -1.0591403245925903, -1.034813642501831]","[-1.0900819301605225, -1.1694586277008057, 5.509369373321533, -1.1558749675750732, -1.0591403245925903, -1.034813642501831]","[-1.0900819301605225, -1.1694586277008057, 5.509369373321533, -1.1558749675750732, -1.0591403245925903, -1.034813642501831]",1,1,True,"['A', 'C']","['A', 'C']"
5a72b1c25542992359bc3172::working_set_pack_a,5a72b1c25542992359bc3172,"['A', 'B', 'C', 'D', 'E', 'F']","[1, 0, 0, 1, 0, 0]","[-0.6668131947517395, -0.8604692220687866, -0.8136971592903137, 4.044445037841797, -0.907390832901001, -0.7960749268531799]","[-0.6668131947517395, -0.8604692220687866, -0.8136971592903137, 4.044445037841797, -0.907390832901001, -0.7960749268531799]","[-0.6668131947517395, -0.8604692220687866, -0.8136971592903137, 4.044445037841797, -0.907390832901001, -0.7960749268531799]",1,1,False,"['D', 'F']","['A', 'D']"
5a72b1c25542992359bc3172::active_set_pack_a,5a72b1c25542992359bc3172,"['A', 'B', 'C', 'D', 'E', 'F']","[1, 0, 0, 1, 0, 0]","[-0.5671154260635376, -0.7795906662940979, -0.6960921883583069, 3.5803422927856445, -0.8256768584251404, -0.7118666768074036]","[-0.5671154260635376, -0.7795906662940979, -0.6960921883583069, 3.5803422927856445, -0.8256768584251404, -0.7118666768074036]","[-0.5671154260635376, -0.7795906662940979, -0.6960921883583069, 3.5803422927856445, -0.8256768584251404, -0.7118666768074036]",1,1,False,"['D', 'F']","['A', 'D']"
5a72b1c25542992359bc3172::working_set_pack_b,5a72b1c25542992359bc3172,"['A', 'B', 'C', 'D', 'E', 'F']","[1, 0, 0, 1, 0, 0]","[-0.7522772550582886, -0.8869761228561401, -0.797214686870575, 4.154867649078369, -0.9129778742790222, -0.8054221272468567]","[-0.7522772550582886, -0.8869761228561401, -0.797214686870575, 4.154867649078369, -0.9129778742790222, -0.8054221272468567]","[0.7522772550582886, 0.8869761228561401, 0.797214686870575, -4.154867649078369, 0.9129778742790222, 0.8054221272468567]",-1,-1,False,"['D', 'F']","['A', 'D']"
5a72b1c25542992359bc3172::active_set_pack_b,5a72b1c25542992359bc3172,"['A', 'B', 'C', 'D', 'E', 'F']","[1, 0, 0, 1, 0, 0]","[-0.6588028073310852, -0.8392964005470276, -0.7654211521148682, 3.9510533809661865, -0.8949947953224182, -0.792539119720459]","[-0.6588028073310852, -0.8392964005470276, -0.7654211521148682, 3.9510533809661865, -0.8949947953224182, -0.792539119720459]","[0.6588028073310852, 0.8392964005470276, 0.7654211521148682, -3.9510533809661865, 0.8949947953224182, 0.792539119720459]",-1,-1,False,"['D', 'F']","['A', 'D']"
5ab39701554299233954ff5e::working_set_pack_a,5ab39701554299233954ff5e,"['A', 'B', 'C', 'D', 'E', 'F']","[0, 0, 1, 1, 0, 0]","[-0.9023865461349487, -0.8896178007125854, -0.5629059672355652, 4.117459774017334, -0.855019748210907, -0.9075310230255127]","[-0.9023865461349487, -0.8896178007125854, -0.5629059672355652, 4.117459774017334, -0.855019748210907, -0.9075310230255127]","[-0.9023865461349487, -0.8896178007125854, -0.5629059672355652, 4.117459774017334, -0.855019748210907, -0.9075310230255127]",1,1,True,"['C', 'D']","['C', 'D']"
5ab39701554299233954ff5e::active_set_pack_a,5ab39701554299233954ff5e,"['A', 'B', 'C', 'D', 'E', 'F']","[0, 0, 1, 1, 0, 0]","[-0.8904656171798706, -0.8819958567619324, -0.5736891627311707, 4.116392135620117, -0.8783463835716248, -0.8918961882591248]","[-0.8904656171798706, -0.8819958567619324, -0.5736891627311707, 4.116392135620117, -0.8783463835716248, -0.8918961882591248]","[0.8904656171798706, 0.8819958567619324, 0.5736891627311707, -4.116392135620117, 0.8783463835716248, 0.8918961882591248]",-1,-1,True,"['C', 'D']","['C', 'D']"
5ab39701554299233954ff5e::working_set_pack_b,5ab39701554299233954ff5e,"['A', 'B', 'C', 'D', 'E', 'F']","[0, 0, 1, 1, 0, 0]","[-0.938635528087616, -0.9379003047943115, -0.621086061000824, 4.083585739135742, -0.6190364360809326, -0.966928243637085]","[-0.938635528087616, -0.9379003047943115, -0.621086061000824, 4.083585739135742, -0.6190364360809326, -0.966928243637085]","[-0.938635528087616, -0.9379003047943115, -0.621086061000824, 4.083585739135742, -0.6190364360809326, -0.966928243637085]",1,1,True,"['C', 'D']","['C', 'D']"
5ab39701554299233954ff5e::active_set_pack_b,5ab39701554299233954ff5e,"['A', 'B', 'C', 'D', 'E', 'F']","[0, 0, 1, 1, 0, 0]","[-0.9612070322036743, -0.9608628749847412, -0.7221381664276123, 4.395454406738281, -0.761994481086731, -0.9892523288726807]","[-0.9612070322036743, -0.9608628749847412, -0.7221381664276123, 4.395454406738281, -0.761994481086731, -0.9892523288726807]","[-0.9612070322036743, -0.9608628749847412, -0.7221381664276123, 4.395454406738281, -0.761994481086731, -0.9892523288726807]",1,1,True,"['C', 'D']","['C', 'D']"
5adf8d5b5542995534e8c7e1::working_set_pack_a,5adf8d5b5542995534e8c7e1,"['A', 'B', 'C', 'D', 'E', 'F']","[0, 0, 0, 1, 1, 0]","[0.5309602618217468, -2.39007568359375, 0.37106436491012573, 0.32226571440696716, 0.41908299922943115, 0.7467020750045776]","[-0.5309602618217468, 2.39007568359375, -0.37106436491012573, -0.32226571440696716, -0.41908299922943115, -0.7467020750045776]","[0.5309602618217468, -2.39007568359375, 0.37106436491012573, 0.32226571440696716, 0.41908299922943115, 0.7467020750045776]",1,-1,False,"['B', 'E']","['D', 'E']"
5adf8d5b5542995534e8c7e1::active_set_pack_a,5adf8d5b5542995534e8c7e1,"['A', 'B', 'C', 'D', 'E', 'F']","[0, 0, 0, 1, 1, 0]","[0.5448901653289795, -2.410536766052246, 0.3736478090286255, 0.2871636152267456, 0.3780032992362976, 0.8268316388130188]","[-0.5448901653289795, 2.410536766052246, -0.3736478090286255, -0.2871636152267456, -0.3780032992362976, -0.8268316388130188]","[-0.5448901653289795, 2.410536766052246, -0.3736478090286255, -0.2871636152267456, -0.3780032992362976, -0.8268316388130188]",-1,1,False,"['B', 'E']","['D', 'E']"
5adf8d5b5542995534e8c7e1::working_set_pack_b,5adf8d5b5542995534e8c7e1,"['A', 'B', 'C', 'D', 'E', 'F']","[0, 0, 0, 1, 1, 0]","[0.5903082489967346, -2.537700891494751, 0.3791949152946472, 0.2788933217525482, 0.3759801387786865, 0.9133248925209045]","[-0.5903082489967346, 2.537700891494751, -0.3791949152946472, -0.2788933217525482, -0.3759801387786865, -0.9133248925209045]","[0.5903082489967346, -2.537700891494751, 0.3791949152946472, 0.2788933217525482, 0.3759801387786865, 0.9133248925209045]",1,-1,False,"['B', 'E']","['D', 'E']"
5adf8d5b5542995534e8c7e1::active_set_pack_b,5adf8d5b5542995534e8c7e1,"['A', 'B', 'C', 'D', 'E', 'F']","[0, 0, 0, 1, 1, 0]","[0.49074333906173706, -2.2094812393188477, 0.3449055552482605, 0.12308842688798904, 0.309164822101593, 0.9415789246559143]","[-0.49074333906173706, 2.2094812393188477, -0.3449055552482605, -0.12308842688798904, -0.309164822101593, -0.9415789246559143]","[-0.49074333906173706, 2.2094812393188477, -0.3449055552482605, -0.12308842688798904, -0.309164822101593, -0.9415789246559143]",-1,1,False,"['B', 'E']","['D', 'E']"
5ae5b3df5542992663a4f20b::working_set_pack_a,5ae5b3df5542992663a4f20b,"['A', 'B', 'C', 'D', 'E', 'F']","[0, 0, 1, 1, 0, 0]","[-0.7224531769752502, -0.40786004066467285, -0.27139467000961304, 3.307131052017212, -1.0378427505493164, -0.867579996585846]","[-0.7224531769752502, -0.40786004066467285, -0.27139467000961304, 3.307131052017212, -1.0378427505493164, -0.867579996585846]","[0.7224531769752502, 0.40786004066467285, 0.27139467000961304, -3.307131052017212, 1.0378427505493164, 0.867579996585846]",-1,-1,False,"['B', 'D']","['C', 'D']"
5ae5b3df5542992663a4f20b::active_set_pack_a,5ae5b3df5542992663a4f20b,"['A', 'B', 'C', 'D', 'E', 'F']","[0, 0, 1, 1, 0, 0]","[-0.7454442381858826, -0.4607664942741394, -0.326100617647171, 3.4704203605651855, -1.0688198804855347, -0.8692895770072937]","[-0.7454442381858826, -0.4607664942741394, -0.326100617647171, 3.4704203605651855, -1.0688198804855347, -0.8692895770072937]","[0.7454442381858826, 0.4607664942741394, 0.326100617647171, -3.4704203605651855, 1.0688198804855347, 0.8692895770072937]",-1,-1,True,"['C', 'D']","['C', 'D']"
5ae5b3df5542992663a4f20b::working_set_pack_b,5ae5b3df5542992663a4f20b,"['A', 'B', 'C', 'D', 'E', 'F']","[0, 0, 1, 1, 0, 0]","[-0.7151004076004028, -0.21567152440547943, -0.31601378321647644, 3.1948955059051514, -1.1102854013442993, -0.837823748588562]","[-0.7151004076004028, -0.21567152440547943, -0.31601378321647644, 3.1948955059051514, -1.1102854013442993, -0.837823748588562]","[0.7151004076004028, 0.21567152440547943, 0.31601378321647644, -3.1948955059051514, 1.1102854013442993, 0.837823748588562]",-1,-1,False,"['B', 'D']","['C', 'D']"
5ae5b3df5542992663a4f20b::active_set_pack_b,5ae5b3df5542992663a4f20b,"['A', 'B', 'C', 'D', 'E', 'F']","[0, 0, 1, 1, 0, 0]","[-0.6941596269607544, 0.09803342074155807, -0.37313157320022583, 3.0180087089538574, -1.210400938987732, -0.8383507132530212]","[-0.6941596269607544, 0.09803342074155807, -0.37313157320022583, 3.0180087089538574, -1.210400938987732, -0.8383507132530212]","[0.6941596269607544, -0.09803342074155807, 0.37313157320022583, -3.0180087089538574, 1.210400938987732, 0.8383507132530212]",-1,-1,False,"['B', 'D']","['C', 'D']"
5ac2423755429951e9e684ff::working_set_pack_a,5ac2423755429951e9e684ff,"['A', 'B', 'C', 'D', 'E', 'F']","[1, 0, 0, 0, 0, 1]","[-0.8715176582336426, -0.9041146039962769, -0.870903730392456, -0.8117603063583374, -0.9244683980941772, 4.38276481628418]","[-0.8715176582336426, -0.9041146039962769, -0.870903730392456, -0.8117603063583374, -0.9244683980941772, 4.38276481628418]","[-0.8715176582336426, -0.9041146039962769, -0.870903730392456, -0.8117603063583374, -0.9244683980941772, 4.38276481628418]",1,1,True,"['A', 'F']","['A', 'F']"
5ac2423755429951e9e684ff::active_set_pack_a,5ac2423755429951e9e684ff,"['A', 'B', 'C', 'D', 'E', 'F']","[1, 0, 0, 0, 0, 1]","[-0.8476669788360596, -0.8967730402946472, -0.8695531487464905, -0.8081887364387512, -0.9240686893463135, 4.346251010894775]","[-0.8476669788360596, -0.8967730402946472, -0.8695531487464905, -0.8081887364387512, -0.9240686893463135, 4.346251010894775]","[-0.8476669788360596, -0.8967730402946472, -0.8695531487464905, -0.8081887364387512, -0.9240686893463135, 4.346251010894775]",1,1,True,"['A', 'F']","['A', 'F']"
5ac2423755429951e9e684ff::working_set_pack_b,5ac2423755429951e9e684ff,"['A', 'B', 'C', 'D', 'E', 'F']","[1, 0, 0, 0, 0, 1]","[-0.8380824327468872, -0.8791059851646423, -0.8393476009368896, -0.7909513711929321, -0.9196066856384277, 4.267095565795898]","[-0.8380824327468872, -0.8791059851646423, -0.8393476009368896, -0.7909513711929321, -0.9196066856384277, 4.267095565795898]","[-0.8380824327468872, -0.8791059851646423, -0.8393476009368896, -0.7909513711929321, -0.9196066856384277, 4.267095565795898]",1,1,True,"['A', 'F']","['A', 'F']"
5ac2423755429951e9e684ff::active_set_pack_b,5ac2423755429951e9e684ff,"['A', 'B', 'C', 'D', 'E', 'F']","[1, 0, 0, 0, 0, 1]","[-0.8301150798797607, -0.8683592677116394, -0.8355552554130554, -0.782588005065918, -0.8948004245758057, 4.211417198181152]","[-0.8301150798797607, -0.8683592677116394, -0.8355552554130554, -0.782588005065918, -0.8948004245758057, 4.211417198181152]","[-0.8301150798797607, -0.8683592677116394, -0.8355552554130554, -0.782588005065918, -0.8948004245758057, 4.211417198181152]",1,1,True,"['A', 'F']","['A', 'F']"
5a822d4655429926c1cdae45::working_set_pack_a,5a822d4655429926c1cdae45,"['A', 'B', 'C', 'D', 'E', 'F']","[0, 1, 0, 0, 0, 1]","[-0.44249510765075684, -0.4228544235229492, -0.4245350658893585, -0.4585869312286377, -0.5330022573471069, 2.281473398208618]","[-0.44249510765075684, -0.4228544235229492, -0.4245350658893585, -0.4585869312286377, -0.5330022573471069, 2.281473398208618]","[0.44249510765075684, 0.4228544235229492, 0.4245350658893585, 0.4585869312286377, 0.5330022573471069, -2.281473398208618]",-1,-1,True,"['B', 'F']","['B', 'F']"
5a822d4655429926c1cdae45::active_set_pack_a,5a822d4655429926c1cdae45,"['A', 'B', 'C', 'D', 'E', 'F']","[0, 1, 0, 0, 0, 1]","[-0.5761967897415161, -0.4155171513557434, -0.5474731922149658, -0.5947355628013611, -0.5955786108970642, 2.7295007705688477]","[-0.5761967897415161, -0.4155171513557434, -0.5474731922149658, -0.5947355628013611, -0.5955786108970642, 2.7295007705688477]","[0.5761967897415161, 0.4155171513557434, 0.5474731922149658, 0.5947355628013611, 0.5955786108970642, -2.7295007705688477]",-1,-1,True,"['B', 'F']","['B', 'F']"
5a822d4655429926c1cdae45::working_set_pack_b,5a822d4655429926c1cdae45,"['A', 'B', 'C', 'D', 'E', 'F']","[0, 1, 0, 0, 0, 1]","[-0.7243557572364807, -0.5790528655052185, -0.7083510160446167, -0.7271893620491028, -0.7739004492759705, 3.512849807739258]","[-0.7243557572364807, -0.5790528655052185, -0.7083510160446167, -0.7271893620491028, -0.7739004492759705, 3.512849807739258]","[0.7243557572364807, 0.5790528655052185, 0.7083510160446167, 0.7271893620491028, 0.7739004492759705, -3.512849807739258]",-1,-1,True,"['B', 'F']","['B', 'F']"
5a822d4655429926c1cdae45::active_set_pack_b,5a822d4655429926c1cdae45,"['A', 'B', 'C', 'D', 'E', 'F']","[0, 1, 0, 0, 0, 1]","[-0.5891063809394836, -0.37894418835639954, -0.5692902207374573, -0.5837947726249695, -0.588334858417511, 2.70947003364563]","[-0.5891063809394836, -0.37894418835639954, -0.5692902207374573, -0.5837947726249695, -0.588334858417511, 2.70947003364563]","[0.5891063809394836, 0.37894418835639954, 0.5692902207374573, 0.5837947726249695, 0.588334858417511, -2.70947003364563]",-1,-1,True,"['B', 'F']","['B', 'F']"
5ab9672655429970cfb8eabd::working_set_pack_a,5ab9672655429970cfb8eabd,"['A', 'B', 'C', 'D', 'E', 'F']","[0, 0, 1, 1, 0, 0]","[-0.7248764634132385, -0.47064414620399475, -0.5422620177268982, 3.0269460678100586, -0.5718502998352051, -0.7173125147819519]","[-0.7248764634132385, -0.47064414620399475, -0.5422620177268982, 3.0269460678100586, -0.5718502998352051, -0.7173125147819519]","[0.7248764634132385, 0.47064414620399475, 0.5422620177268982, -3.0269460678100586, 0.5718502998352051, 0.7173125147819519]",-1,-1,True,"['C', 'D']","['C', 'D']"
5ab9672655429970cfb8eabd::active_set_pack_a,5ab9672655429970cfb8eabd,"['A', 'B', 'C', 'D', 'E', 'F']","[0, 0, 1, 1, 0, 0]","[-0.7120124101638794, -0.4683322012424469, -0.5644291639328003, 3.0322980880737305, -0.5928633809089661, -0.6946617960929871]","[-0.7120124101638794, -0.4683322012424469, -0.5644291639328003, 3.0322980880737305, -0.5928633809089661, -0.6946617960929871]","[0.7120124101638794, 0.4683322012424469, 0.5644291639328003, -3.0322980880737305, 0.5928633809089661, 0.6946617960929871]",-1,-1,True,"['C', 'D']","['C', 'D']"
5ab9672655429970cfb8eabd::working_set_pack_b,5ab9672655429970cfb8eabd,"['A', 'B', 'C', 'D', 'E', 'F']","[0, 0, 1, 1, 0, 0]","[-0.7802160978317261, -0.5666031837463379, -0.6052113175392151, 3.376260280609131, -0.6459418535232544, -0.7782877683639526]","[-0.7802160978317261, -0.5666031837463379, -0.6052113175392151, 3.376260280609131, -0.6459418535232544, -0.7782877683639526]","[0.7802160978317261, 0.5666031837463379, 0.6052113175392151, -3.376260280609131, 0.6459418535232544, 0.7782877683639526]",-1,-1,True,"['C', 'D']","['C', 'D']"
5ab9672655429970cfb8eabd::active_set_pack_b,5ab9672655429970cfb8eabd,"['A', 'B', 'C', 'D', 'E', 'F']","[0, 0, 1, 1, 0, 0]","[-0.8799762725830078, -0.7070873975753784, -0.770861029624939, 3.986893892288208, -0.733017086982727, -0.8959523439407349]","[-0.8799762725830078, -0.7070873975753784, -0.770861029624939, 3.986893892288208, -0.733017086982727, -0.8959523439407349]","[0.8799762725830078, 0.7070873975753784, 0.770861029624939, -3.986893892288208, 0.733017086982727, 0.8959523439407349]",-1,-1,False,"['D', 'E']","['C', 'D']"
5abb1f745542996cc5e49fb5::working_set_pack_a,5abb1f745542996cc5e49fb5,"['A', 'B', 'C', 'D', 'E', 'F']","[1, 0, 0, 0, 0, 1]","[-0.6671629548072815, -0.8291916251182556, -0.7355757355690002, -0.7156185507774353, -0.7143083214759827, 3.6618576049804688]","[-0.6671629548072815, -0.8291916251182556, -0.7355757355690002, -0.7156185507774353, -0.7143083214759827, 3.6618576049804688]","[-0.6671629548072815, -0.8291916251182556, -0.7355757355690002, -0.7156185507774353, -0.7143083214759827, 3.6618576049804688]",1,1,True,"['A', 'F']","['A', 'F']"
5abb1f745542996cc5e49fb5::active_set_pack_a,5abb1f745542996cc5e49fb5,"['A', 'B', 'C', 'D', 'E', 'F']","[1, 0, 0, 0, 0, 1]","[-0.7009433507919312, -0.8825764656066895, -0.7764598727226257, -0.7538327574729919, -0.7661171555519104, 3.879929542541504]","[-0.7009433507919312, -0.8825764656066895, -0.7764598727226257, -0.7538327574729919, -0.7661171555519104, 3.879929542541504]","[-0.7009433507919312, -0.8825764656066895, -0.7764598727226257, -0.7538327574729919, -0.7661171555519104, 3.879929542541504]",1,1,True,"['A', 'F']","['A', 'F']"
5abb1f745542996cc5e49fb5::working_set_pack_b,5abb1f745542996cc5e49fb5,"['A', 'B', 'C', 'D', 'E', 'F']","[1, 0, 0, 0, 0, 1]","[-0.7449566125869751, -0.9209129810333252, -0.8175457715988159, -0.7904791831970215, -0.7822902202606201, 4.056184768676758]","[-0.7449566125869751, -0.9209129810333252, -0.8175457715988159, -0.7904791831970215, -0.7822902202606201, 4.056184768676758]","[-0.7449566125869751, -0.9209129810333252, -0.8175457715988159, -0.7904791831970215, -0.7822902202606201, 4.056184768676758]",1,1,True,"['A', 'F']","['A', 'F']"
5abb1f745542996cc5e49fb5::active_set_pack_b,5abb1f745542996cc5e49fb5,"['A', 'B', 'C', 'D', 'E', 'F']","[1, 0, 0, 0, 0, 1]","[-0.733894944190979, -0.926862359046936, -0.7790990471839905, -0.7601314187049866, -0.7187917232513428, 3.9187793731689453]","[-0.733894944190979, -0.926862359046936, -0.7790990471839905, -0.7601314187049866, -0.7187917232513428, 3.9187793731689453]","[-0.733894944190979, -0.926862359046936, -0.7790990471839905, -0.7601314187049866, -0.7187917232513428, 3.9187793731689453]",1,1,True,"['A', 'F']","['A', 'F']"
5abbbd0f55429931dba144d5::working_set_pack_a,5abbbd0f55429931dba144d5,"['A', 'B', 'C', 'D', 'E', 'F']","[0, 1, 0, 1, 0, 0]","[-1.1274619102478027, -0.8750451803207397, -1.1763406991958618, 5.828100681304932, -1.5403138399124146, -1.1089401245117188]","[-1.1274619102478027, -0.8750451803207397, -1.1763406991958618, 5.828100681304932, -1.5403138399124146, -1.1089401245117188]","[1.1274619102478027, 0.8750451803207397, 1.1763406991958618, -5.828100681304932, 1.5403138399124146, 1.1089401245117188]",-1,-1,True,"['B', 'D']","['B', 'D']"
5abbbd0f55429931dba144d5::active_set_pack_a,5abbbd0f55429931dba144d5,"['A', 'B', 'C', 'D', 'E', 'F']","[0, 1, 0, 1, 0, 0]","[-1.1110711097717285, -0.7682939767837524, -1.1653703451156616, 5.718962669372559, -1.5802234411239624, -1.0940032005310059]","[-1.1110711097717285, -0.7682939767837524, -1.1653703451156616, 5.718962669372559, -1.5802234411239624, -1.0940032005310059]","[1.1110711097717285, 0.7682939767837524, 1.1653703451156616, -5.718962669372559, 1.5802234411239624, 1.0940032005310059]",-1,-1,True,"['B', 'D']","['B', 'D']"
5abbbd0f55429931dba144d5::working_set_pack_b,5abbbd0f55429931dba144d5,"['A', 'B', 'C', 'D', 'E', 'F']","[0, 1, 0, 1, 0, 0]","[-1.1853303909301758, -0.9778568148612976, -1.2561091184616089, 6.169219017028809, -1.5576030015945435, -1.192320704460144]","[-1.1853303909301758, -0.9778568148612976, -1.2561091184616089, 6.169219017028809, -1.5576030015945435, -1.192320704460144]","[1.1853303909301758, 0.9778568148612976, 1.2561091184616089, -6.169219017028809, 1.5576030015945435, 1.192320704460144]",-1,-1,False,"['D', 'E']","['B', 'D']"
5abbbd0f55429931dba144d5::active_set_pack_b,5abbbd0f55429931dba144d5,"['A', 'B', 'C', 'D', 'E', 'F']","[0, 1, 0, 1, 0, 0]","[-0.9567643404006958, -0.5760857462882996, -1.0316239595413208, 4.896012783050537, -1.380256175994873, -0.9512827396392822]","[-0.9567643404006958, -0.5760857462882996, -1.0316239595413208, 4.896012783050537, -1.380256175994873, -0.9512827396392822]","[0.9567643404006958, 0.5760857462882996, 1.0316239595413208, -4.896012783050537, 1.380256175994873, 0.9512827396392822]",-1,-1,True,"['B', 'D']","['B', 'D']"
5ac3e8c65542997ea680c993::working_set_pack_a,5ac3e8c65542997ea680c993,"['A', 'B', 'C', 'D', 'E', 'F']","[0, 0, 0, 0, 1, 1]","[-0.42077022790908813, -0.4985523521900177, -0.44061872363090515, -0.3776044547557831, -0.45167627930641174, 2.1892213821411133]","[-0.42077022790908813, -0.4985523521900177, -0.44061872363090515, -0.3776044547557831, -0.45167627930641174, 2.1892213821411133]","[-0.42077022790908813, -0.4985523521900177, -0.44061872363090515, -0.3776044547557831, -0.45167627930641174, 2.1892213821411133]",1,1,True,"['E', 'F']","['E', 'F']"
5ac3e8c65542997ea680c993::active_set_pack_a,5ac3e8c65542997ea680c993,"['A', 'B', 'C', 'D', 'E', 'F']","[0, 0, 0, 0, 1, 1]","[-0.4160883128643036, -0.48956477642059326, -0.43494004011154175, -0.3651990592479706, -0.462444543838501, 2.168236255645752]","[-0.4160883128643036, -0.48956477642059326, -0.43494004011154175, -0.3651990592479706, -0.462444543838501, 2.168236255645752]","[-0.4160883128643036, -0.48956477642059326, -0.43494004011154175, -0.3651990592479706, -0.462444543838501, 2.168236255645752]",1,1,True,"['E', 'F']","['E', 'F']"
5ac3e8c65542997ea680c993::working_set_pack_b,5ac3e8c65542997ea680c993,"['A', 'B', 'C', 'D', 'E', 'F']","[0, 0, 0, 0, 1, 1]","[-0.3779839277267456, -0.4663017988204956, -0.39856961369514465, -0.34565478563308716, -0.4345627427101135, 2.0230724811553955]","[-0.3779839277267456, -0.4663017988204956, -0.39856961369514465, -0.34565478563308716, -0.4345627427101135, 2.0230724811553955]","[-0.3779839277267456, -0.4663017988204956, -0.39856961369514465, -0.34565478563308716, -0.4345627427101135, 2.0230724811553955]",1,1,False,"['A', 'F']","['E', 'F']"
5ac3e8c65542997ea680c993::active_set_pack_b,5ac3e8c65542997ea680c993,"['A', 'B', 'C', 'D', 'E', 'F']","[0, 0, 0, 0, 1, 1]","[-0.445842981338501, -0.5638328790664673, -0.4896402359008789, -0.4336763918399811, -0.5101816654205322, 2.44317364692688]","[-0.445842981338501, -0.5638328790664673, -0.4896402359008789, -0.4336763918399811, -0.5101816654205322, 2.44317364692688]","[-0.445842981338501, -0.5638328790664673, -0.4896402359008789, -0.4336763918399811, -0.5101816654205322, 2.44317364692688]",1,1,True,"['E', 'F']","['E', 'F']"
5a87390555429960ec39b769::working_set_pack_a,5a87390555429960ec39b769,"['A', 'B', 'C', 'D', 'E', 'F']","[1, 0, 0, 0, 1, 0]","[-0.3343864381313324, -0.442583829164505, -0.39742806553840637, -0.4065857529640198, 2.0856540203094482, -0.5046699047088623]","[-0.3343864381313324, -0.442583829164505, -0.39742806553840637, -0.4065857529640198, 2.0856540203094482, -0.5046699047088623]","[0.3343864381313324, 0.442583829164505, 0.39742806553840637, 0.4065857529640198, -2.0856540203094482, 0.5046699047088623]",-1,-1,True,"['A', 'E']","['A', 'E']"
5a87390555429960ec39b769::active_set_pack_a,5a87390555429960ec39b769,"['A', 'B', 'C', 'D', 'E', 'F']","[1, 0, 0, 0, 1, 0]","[-0.2237168401479721, -0.4003726840019226, -0.35999706387519836, -0.33105453848838806, 1.7929149866104126, -0.477774977684021]","[-0.2237168401479721, -0.4003726840019226, -0.35999706387519836, -0.33105453848838806, 1.7929149866104126, -0.477774977684021]","[0.2237168401479721, 0.4003726840019226, 0.35999706387519836, 0.33105453848838806, -1.7929149866104126, 0.477774977684021]",-1,-1,True,"['A', 'E']","['A', 'E']"
5a87390555429960ec39b769::working_set_pack_b,5a87390555429960ec39b769,"['A', 'B', 'C', 'D', 'E', 'F']","[1, 0, 0, 0, 1, 0]","[-0.36368104815483093, -0.4615897834300995, -0.3500838875770569, -0.5224673748016357, 2.2194697856903076, -0.5216478705406189]","[-0.36368104815483093, -0.4615897834300995, -0.3500838875770569, -0.5224673748016357, 2.2194697856903076, -0.5216478705406189]","[0.36368104815483093, 0.4615897834300995, 0.3500838875770569, 0.5224673748016357, -2.2194697856903076, 0.5216478705406189]",-1,-1,True,"['A', 'E']","['A', 'E']"
5a87390555429960ec39b769::active_set_pack_b,5a87390555429960ec39b769,"['A', 'B', 'C', 'D', 'E', 'F']","[1, 0, 0, 0, 1, 0]","[-0.39929649233818054, -0.46233269572257996, -0.3914351463317871, -0.49177247285842896, 2.271296739578247, -0.5264600515365601]","[-0.39929649233818054, -0.46233269572257996, -0.3914351463317871, -0.49177247285842896, 2.271296739578247, -0.5264600515365601]","[0.39929649233818054, 0.46233269572257996, 0.3914351463317871, 0.49177247285842896, -2.271296739578247, 0.5264600515365601]",-1,-1,True,"['A', 'E']","['A', 'E']"
5a8766cb5542996e4f3087d6::working_set_pack_a,5a8766cb5542996e4f3087d6,"['A', 'B', 'C', 'D', 'E', 'F']","[0, 0, 0, 1, 1, 0]","[-0.7498525381088257, -0.6573063135147095, -0.7511736750602722, 3.313523292541504, -0.35024091601371765, -0.8049495220184326]","[-0.7498525381088257, -0.6573063135147095, -0.7511736750602722, 3.313523292541504, -0.35024091601371765, -0.8049495220184326]","[0.7498525381088257, 0.6573063135147095, 0.7511736750602722, -3.313523292541504, 0.35024091601371765, 0.8049495220184326]",-1,-1,True,"['D', 'E']","['D', 'E']"
5a8766cb5542996e4f3087d6::active_set_pack_a,5a8766cb5542996e4f3087d6,"['A', 'B', 'C', 'D', 'E', 'F']","[0, 0, 0, 1, 1, 0]","[-0.7391274571418762, -0.6583390831947327, -0.7597755789756775, 3.2836415767669678, -0.31703388690948486, -0.8093655705451965]","[-0.7391274571418762, -0.6583390831947327, -0.7597755789756775, 3.2836415767669678, -0.31703388690948486, -0.8093655705451965]","[0.7391274571418762, 0.6583390831947327, 0.7597755789756775, -3.2836415767669678, 0.31703388690948486, 0.8093655705451965]",-1,-1,True,"['D', 'E']","['D', 'E']"
5a8766cb5542996e4f3087d6::working_set_pack_b,5a8766cb5542996e4f3087d6,"['A', 'B', 'C', 'D', 'E', 'F']","[0, 0, 0, 1, 1, 0]","[-0.8998560905456543, -0.777189314365387, -0.8955299854278564, 3.9087281227111816, -0.40577593445777893, -0.9303774833679199]","[-0.8998560905456543, -0.777189314365387, -0.8955299854278564, 3.9087281227111816, -0.40577593445777893, -0.9303774833679199]","[0.8998560905456543, 0.777189314365387, 0.8955299854278564, -3.9087281227111816, 0.40577593445777893, 0.9303774833679199]",-1,-1,True,"['D', 'E']","['D', 'E']"
5a8766cb5542996e4f3087d6::active_set_pack_b,5a8766cb5542996e4f3087d6,"['A', 'B', 'C', 'D', 'E', 'F']","[0, 0, 0, 1, 1, 0]","[-0.802598237991333, -0.6918189525604248, -0.8406928777694702, 3.4976935386657715, -0.2963728606700897, -0.8662104606628418]","[-0.802598237991333, -0.6918189525604248, -0.8406928777694702, 3.4976935386657715, -0.2963728606700897, -0.8662104606628418]","[0.802598237991333, 0.6918189525604248, 0.8406928777694702, -3.4976935386657715, 0.2963728606700897, 0.8662104606628418]",-1,-1,True,"['D', 'E']","['D', 'E']"
5a7ca54c55429935c91b527f::working_set_pack_a,5a7ca54c55429935c91b527f,"['A', 'B', 'C', 'D', 'E', 'F']","[0, 1, 0, 0, 1, 0]","[-0.12952689826488495, -0.2519895136356354, -0.2786777913570404, -0.42549240589141846, 1.5574325323104858, -0.4717462360858917]","[-0.12952689826488495, -0.2519895136356354, -0.2786777913570404, -0.42549240589141846, 1.5574325323104858, -0.4717462360858917]","[0.12952689826488495, 0.2519895136356354, 0.2786777913570404, 0.42549240589141846, -1.5574325323104858, 0.4717462360858917]",-1,-1,False,"['A', 'E']","['B', 'E']"
5a7ca54c55429935c91b527f::active_set_pack_a,5a7ca54c55429935c91b527f,"['A', 'B', 'C', 'D', 'E', 'F']","[0, 1, 0, 0, 1, 0]","[-0.12857817113399506, -0.2628651559352875, -0.3046082556247711, -0.45931002497673035, 1.6528956890106201, -0.4975346326828003]","[-0.12857817113399506, -0.2628651559352875, -0.3046082556247711, -0.45931002497673035, 1.6528956890106201, -0.4975346326828003]","[0.12857817113399506, 0.2628651559352875, 0.3046082556247711, 0.45931002497673035, -1.6528956890106201, 0.4975346326828003]",-1,-1,False,"['A', 'E']","['B', 'E']"
5a7ca54c55429935c91b527f::working_set_pack_b,5a7ca54c55429935c91b527f,"['A', 'B', 'C', 'D', 'E', 'F']","[0, 1, 0, 0, 1, 0]","[-0.05962740257382393, -0.2120862603187561, -0.2726222276687622, -0.4143246114253998, 1.4215757846832275, -0.46291518211364746]","[-0.05962740257382393, -0.2120862603187561, -0.2726222276687622, -0.4143246114253998, 1.4215757846832275, -0.46291518211364746]","[0.05962740257382393, 0.2120862603187561, 0.2726222276687622, 0.4143246114253998, -1.4215757846832275, 0.46291518211364746]",-1,-1,False,"['A', 'E']","['B', 'E']"
5a7ca54c55429935c91b527f::active_set_pack_b,5a7ca54c55429935c91b527f,"['A', 'B', 'C', 'D', 'E', 'F']","[0, 1, 0, 0, 1, 0]","[-0.11768708378076553, -0.27932047843933105, -0.34006357192993164, -0.49501779675483704, 1.719902753829956, -0.48781439661979675]","[-0.11768708378076553, -0.27932047843933105, -0.34006357192993164, -0.49501779675483704, 1.719902753829956, -0.48781439661979675]","[0.11768708378076553, 0.27932047843933105, 0.34006357192993164, 0.49501779675483704, -1.719902753829956, 0.48781439661979675]",-1,-1,False,"['A', 'E']","['B', 'E']"
5a90c2b35542995651fb51df::working_set_pack_a,5a90c2b35542995651fb51df,"['A', 'B', 'C', 'D', 'E', 'F']","[0, 1, 0, 1, 0, 0]","[-0.8756872415542603, -0.966516375541687, -0.4416574537754059, 4.082542419433594, -0.991543173789978, -0.807138979434967]","[-0.8756872415542603, -0.966516375541687, -0.4416574537754059, 4.082542419433594, -0.991543173789978, -0.807138979434967]","[0.8756872415542603, 0.966516375541687, 0.4416574537754059, -4.082542419433594, 0.991543173789978, 0.807138979434967]",-1,-1,False,"['C', 'D']","['B', 'D']"
5a90c2b35542995651fb51df::active_set_pack_a,5a90c2b35542995651fb51df,"['A', 'B', 'C', 'D', 'E', 'F']","[0, 1, 0, 1, 0, 0]","[-0.9557449221611023, -1.0288292169570923, -0.5881040096282959, 4.496737480163574, -1.080580711364746, -0.8434785008430481]","[-0.9557449221611023, -1.0288292169570923, -0.5881040096282959, 4.496737480163574, -1.080580711364746, -0.8434785008430481]","[0.9557449221611023, 1.0288292169570923, 0.5881040096282959, -4.496737480163574, 1.080580711364746, 0.8434785008430481]",-1,-1,False,"['C', 'D']","['B', 'D']"
5a90c2b35542995651fb51df::working_set_pack_b,5a90c2b35542995651fb51df,"['A', 'B', 'C', 'D', 'E', 'F']","[0, 1, 0, 1, 0, 0]","[-0.9174264073371887, -1.0463827848434448, -0.5012540221214294, 4.403616905212402, -1.0626964569091797, -0.8758577108383179]","[-0.9174264073371887, -1.0463827848434448, -0.5012540221214294, 4.403616905212402, -1.0626964569091797, -0.8758577108383179]","[-0.9174264073371887, -1.0463827848434448, -0.5012540221214294, 4.403616905212402, -1.0626964569091797, -0.8758577108383179]",1,1,False,"['C', 'D']","['B', 'D']"
5a90c2b35542995651fb51df::active_set_pack_b,5a90c2b35542995651fb51df,"['A', 'B', 'C', 'D', 'E', 'F']","[0, 1, 0, 1, 0, 0]","[-0.8950470089912415, -1.0097897052764893, -0.6459740400314331, 4.413200378417969, -1.0088621377944946, -0.8535272479057312]","[-0.8950470089912415, -1.0097897052764893, -0.6459740400314331, 4.413200378417969, -1.0088621377944946, -0.8535272479057312]","[-0.8950470089912415, -1.0097897052764893, -0.6459740400314331, 4.413200378417969, -1.0088621377944946, -0.8535272479057312]",1,1,False,"['C', 'D']","['B', 'D']"
5a74a3bd55429979e28829da::working_set_pack_a,5a74a3bd55429979e28829da,"['A', 'B', 'C', 'D', 'E', 'F']","[0, 1, 0, 0, 1, 0]","[0.11303272098302841, 0.12648136913776398, 0.6006215810775757, 0.10306037217378616, 0.07565373182296753, -1.0188498497009277]","[0.11303272098302841, 0.12648136913776398, 0.6006215810775757, 0.10306037217378616, 0.07565373182296753, -1.0188498497009277]","[0.11303272098302841, 0.12648136913776398, 0.6006215810775757, 0.10306037217378616, 0.07565373182296753, -1.0188498497009277]",1,1,False,"['C', 'E']","['B', 'E']"
5a74a3bd55429979e28829da::active_set_pack_a,5a74a3bd55429979e28829da,"['A', 'B', 'C', 'D', 'E', 'F']","[0, 1, 0, 0, 1, 0]","[0.1915983408689499, 0.2017623484134674, 0.3539084494113922, 0.16574592888355255, 0.13521869480609894, -1.0482332706451416]","[0.1915983408689499, 0.2017623484134674, 0.3539084494113922, 0.16574592888355255, 0.13521869480609894, -1.0482332706451416]","[0.1915983408689499, 0.2017623484134674, 0.3539084494113922, 0.16574592888355255, 0.13521869480609894, -1.0482332706451416]",1,1,False,"['C', 'E']","['B', 'E']"
5a74a3bd55429979e28829da::working_set_pack_b,5a74a3bd55429979e28829da,"['A', 'B', 'C', 'D', 'E', 'F']","[0, 1, 0, 0, 1, 0]","[0.14592115581035614, 0.14878691732883453, -0.9611556529998779, 0.12077358365058899, 0.18989846110343933, 0.3557754456996918]","[0.14592115581035614, 0.14878691732883453, -0.9611556529998779, 0.12077358365058899, 0.18989846110343933, 0.3557754456996918]","[-0.14592115581035614, -0.14878691732883453, 0.9611556529998779, -0.12077358365058899, -0.18989846110343933, -0.3557754456996918]",-1,-1,True,"['B', 'E']","['B', 'E']"
5a74a3bd55429979e28829da::active_set_pack_b,5a74a3bd55429979e28829da,"['A', 'B', 'C', 'D', 'E', 'F']","[0, 1, 0, 0, 1, 0]","[0.1566135585308075, 0.15460337698459625, -0.9526347517967224, 0.15220561623573303, 0.30470284819602966, 0.18450912833213806]","[0.1566135585308075, 0.15460337698459625, -0.9526347517967224, 0.15220561623573303, 0.30470284819602966, 0.18450912833213806]","[-0.1566135585308075, -0.15460337698459625, 0.9526347517967224, -0.15220561623573303, -0.30470284819602966, -0.18450912833213806]",-1,-1,True,"['B', 'E']","['B', 'E']"
5add3b665542997545bbbcd2::working_set_pack_a,5add3b665542997545bbbcd2,"['A', 'B', 'C', 'D', 'E', 'F']","[1, 1, 0, 0, 0, 0]","[-0.514876663684845, 2.876490592956543, -0.6628719568252563, -0.37463799118995667, -0.6832622289657593, -0.6408423185348511]","[-0.514876663684845, 2.876490592956543, -0.6628719568252563, -0.37463799118995667, -0.6832622289657593, -0.6408423185348511]","[-0.514876663684845, 2.876490592956543, -0.6628719568252563, -0.37463799118995667, -0.6832622289657593, -0.6408423185348511]",1,1,False,"['B', 'D']","['A', 'B']"
5add3b665542997545bbbcd2::active_set_pack_a,5add3b665542997545bbbcd2,"['A', 'B', 'C', 'D', 'E', 'F']","[1, 1, 0, 0, 0, 0]","[-0.5660999417304993, 3.180492877960205, -0.7338275909423828, -0.44986584782600403, -0.7381429672241211, -0.6925577521324158]","[-0.5660999417304993, 3.180492877960205, -0.7338275909423828, -0.44986584782600403, -0.7381429672241211, -0.6925577521324158]","[-0.5660999417304993, 3.180492877960205, -0.7338275909423828, -0.44986584782600403, -0.7381429672241211, -0.6925577521324158]",1,1,False,"['B', 'D']","['A', 'B']"
5add3b665542997545bbbcd2::working_set_pack_b,5add3b665542997545bbbcd2,"['A', 'B', 'C', 'D', 'E', 'F']","[1, 1, 0, 0, 0, 0]","[-0.6272190809249878, 3.5600485801696777, -0.7929421067237854, -0.5714499354362488, -0.8179998397827148, -0.7504381537437439]","[-0.6272190809249878, 3.5600485801696777, -0.7929421067237854, -0.5714499354362488, -0.8179998397827148, -0.7504381537437439]","[-0.6272190809249878, 3.5600485801696777, -0.7929421067237854, -0.5714499354362488, -0.8179998397827148, -0.7504381537437439]",1,1,False,"['B', 'D']","['A', 'B']"
5add3b665542997545bbbcd2::active_set_pack_b,5add3b665542997545bbbcd2,"['A', 'B', 'C', 'D', 'E', 'F']","[1, 1, 0, 0, 0, 0]","[-0.47282689809799194, 2.7945897579193115, -0.6625856161117554, -0.3527132570743561, -0.6841923594474792, -0.6222724318504333]","[-0.47282689809799194, 2.7945897579193115, -0.6625856161117554, -0.3527132570743561, -0.6841923594474792, -0.6222724318504333]","[-0.47282689809799194, 2.7945897579193115, -0.6625856161117554, -0.3527132570743561, -0.6841923594474792, -0.6222724318504333]",1,1,False,"['B', 'D']","['A', 'B']"
5ab728e45542992aa3b8c7b4::working_set_pack_a,5ab728e45542992aa3b8c7b4,"['A', 'B', 'C', 'D', 'E', 'F']","[0, 0, 0, 1, 0, 1]","[-1.200036644935608, -1.136860728263855, -1.2050530910491943, -1.2618803977966309, -1.0538650751113892, 5.857697010040283]","[-1.200036644935608, -1.136860728263855, -1.2050530910491943, -1.2618803977966309, -1.0538650751113892, 5.857697010040283]","[-1.200036644935608, -1.136860728263855, -1.2050530910491943, -1.2618803977966309, -1.0538650751113892, 5.857697010040283]",1,1,False,"['E', 'F']","['D', 'F']"
5ab728e45542992aa3b8c7b4::active_set_pack_a,5ab728e45542992aa3b8c7b4,"['A', 'B', 'C', 'D', 'E', 'F']","[0, 0, 0, 1, 0, 1]","[-1.2823539972305298, -1.205806851387024, -1.284638524055481, -1.353981614112854, -1.1554465293884277, 6.2822265625]","[-1.2823539972305298, -1.205806851387024, -1.284638524055481, -1.353981614112854, -1.1554465293884277, 6.2822265625]","[-1.2823539972305298, -1.205806851387024, -1.284638524055481, -1.353981614112854, -1.1554465293884277, 6.2822265625]",1,1,False,"['E', 'F']","['D', 'F']"
5ab728e45542992aa3b8c7b4::working_set_pack_b,5ab728e45542992aa3b8c7b4,"['A', 'B', 'C', 'D', 'E', 'F']","[0, 0, 0, 1, 0, 1]","[-1.324317216873169, -1.2725752592086792, -1.3451793193817139, -1.3712772130966187, -1.2658618688583374, 6.57921028137207]","[-1.324317216873169, -1.2725752592086792, -1.3451793193817139, -1.3712772130966187, -1.2658618688583374, 6.57921028137207]","[1.324317216873169, 1.2725752592086792, 1.3451793193817139, 1.3712772130966187, 1.2658618688583374, -6.57921028137207]",-1,-1,False,"['E', 'F']","['D', 'F']"
5ab728e45542992aa3b8c7b4::active_set_pack_b,5ab728e45542992aa3b8c7b4,"['A', 'B', 'C', 'D', 'E', 'F']","[0, 0, 0, 1, 0, 1]","[-1.2661362886428833, -1.1981462240219116, -1.2759559154510498, -1.2839993238449097, -1.1083810329437256, 6.132620811462402]","[-1.2661362886428833, -1.1981462240219116, -1.2759559154510498, -1.2839993238449097, -1.1083810329437256, 6.132620811462402]","[-1.2661362886428833, -1.1981462240219116, -1.2759559154510498, -1.2839993238449097, -1.1083810329437256, 6.132620811462402]",1,1,False,"['E', 'F']","['D', 'F']"
5a74fbe55542996c70cfae63::working_set_pack_a,5a74fbe55542996c70cfae63,"['A', 'B', 'C', 'D', 'E', 'F']","[1, 0, 1, 0, 0, 0]","[-0.5681929588317871, -0.5631909966468811, 2.936361074447632, -0.6341505646705627, -0.5743732452392578, -0.596453070640564]","[-0.5681929588317871, -0.5631909966468811, 2.936361074447632, -0.6341505646705627, -0.5743732452392578, -0.596453070640564]","[-0.5681929588317871, -0.5631909966468811, 2.936361074447632, -0.6341505646705627, -0.5743732452392578, -0.596453070640564]",1,1,False,"['C', 'E']","['A', 'C']"
5a74fbe55542996c70cfae63::active_set_pack_a,5a74fbe55542996c70cfae63,"['A', 'B', 'C', 'D', 'E', 'F']","[1, 0, 1, 0, 0, 0]","[-0.5945698022842407, -0.5891501307487488, 3.0673887729644775, -0.6706562638282776, -0.5888991951942444, -0.6241133213043213]","[-0.5945698022842407, -0.5891501307487488, 3.0673887729644775, -0.6706562638282776, -0.5888991951942444, -0.6241133213043213]","[-0.5945698022842407, -0.5891501307487488, 3.0673887729644775, -0.6706562638282776, -0.5888991951942444, -0.6241133213043213]",1,1,False,"['C', 'E']","['A', 'C']"
5a74fbe55542996c70cfae63::working_set_pack_b,5a74fbe55542996c70cfae63,"['A', 'B', 'C', 'D', 'E', 'F']","[1, 0, 1, 0, 0, 0]","[-0.6609611511230469, -0.6742830276489258, 3.429082155227661, -0.7255571484565735, -0.6917394995689392, -0.6765421628952026]","[-0.6609611511230469, -0.6742830276489258, 3.429082155227661, -0.7255571484565735, -0.6917394995689392, -0.6765421628952026]","[-0.6609611511230469, -0.6742830276489258, 3.429082155227661, -0.7255571484565735, -0.6917394995689392, -0.6765421628952026]",1,1,False,"['C', 'E']","['A', 'C']"
5a74fbe55542996c70cfae63::active_set_pack_b,5a74fbe55542996c70cfae63,"['A', 'B', 'C', 'D', 'E', 'F']","[1, 0, 1, 0, 0, 0]","[-0.6870754361152649, -0.6894319653511047, 3.5073039531707764, -0.7307674884796143, -0.6990416049957275, -0.7009872794151306]","[-0.6870754361152649, -0.6894319653511047, 3.5073039531707764, -0.7307674884796143, -0.6990416049957275, -0.7009872794151306]","[-0.6870754361152649, -0.6894319653511047, 3.5073039531707764, -0.7307674884796143, -0.6990416049957275, -0.7009872794151306]",1,1,False,"['C', 'E']","['A', 'C']"
5ab30bbb55429976abd1bc39::working_set_pack_a,5ab30bbb55429976abd1bc39,"['A', 'B', 'C', 'D', 'E', 'F']","[1, 0, 0, 1, 0, 0]","[-0.3427458107471466, -0.4714760482311249, -0.422999769449234, 2.190814256668091, -0.5243774652481079, -0.4292144477367401]","[-0.3427458107471466, -0.4714760482311249, -0.422999769449234, 2.190814256668091, -0.5243774652481079, -0.4292144477367401]","[0.3427458107471466, 0.4714760482311249, 0.422999769449234, -2.190814256668091, 0.5243774652481079, 0.4292144477367401]",-1,-1,True,"['A', 'D']","['A', 'D']"
5ab30bbb55429976abd1bc39::active_set_pack_a,5ab30bbb55429976abd1bc39,"['A', 'B', 'C', 'D', 'E', 'F']","[1, 0, 0, 1, 0, 0]","[-0.322530061006546, -0.459945410490036, -0.4206499457359314, 2.1700685024261475, -0.53092360496521, -0.43601980805397034]","[-0.322530061006546, -0.459945410490036, -0.4206499457359314, 2.1700685024261475, -0.53092360496521, -0.43601980805397034]","[0.322530061006546, 0.459945410490036, 0.4206499457359314, -2.1700685024261475, 0.53092360496521, 0.43601980805397034]",-1,-1,True,"['A', 'D']","['A', 'D']"
5ab30bbb55429976abd1bc39::working_set_pack_b,5ab30bbb55429976abd1bc39,"['A', 'B', 'C', 'D', 'E', 'F']","[1, 0, 0, 1, 0, 0]","[-0.417059987783432, -0.5590763688087463, -0.4591316282749176, 2.506584644317627, -0.5513021349906921, -0.520013689994812]","[-0.417059987783432, -0.5590763688087463, -0.4591316282749176, 2.506584644317627, -0.5513021349906921, -0.520013689994812]","[0.417059987783432, 0.5590763688087463, 0.4591316282749176, -2.506584644317627, 0.5513021349906921, 0.520013689994812]",-1,-1,True,"['A', 'D']","['A', 'D']"
5ab30bbb55429976abd1bc39::active_set_pack_b,5ab30bbb55429976abd1bc39,"['A', 'B', 'C', 'D', 'E', 'F']","[1, 0, 0, 1, 0, 0]","[-0.37221336364746094, -0.5192754864692688, -0.43761157989501953, 2.307668447494507, -0.533295750617981, -0.4452721178531647]","[-0.37221336364746094, -0.5192754864692688, -0.43761157989501953, 2.307668447494507, -0.533295750617981, -0.4452721178531647]","[0.37221336364746094, 0.5192754864692688, 0.43761157989501953, -2.307668447494507, 0.533295750617981, 0.4452721178531647]",-1,-1,True,"['A', 'D']","['A', 'D']"
5abdbeed5542993062266cdd::working_set_pack_a,5abdbeed5542993062266cdd,"['A', 'B', 'C', 'D', 'E', 'F']","[0, 0, 1, 0, 1, 0]","[0.7543097734451294, 0.7724202871322632, 0.7056723833084106, -3.4226315021514893, 0.40951743721961975, 0.7807114720344543]","[0.7543097734451294, 0.7724202871322632, 0.7056723833084106, -3.4226315021514893, 0.40951743721961975, 0.7807114720344543]","[-0.7543097734451294, -0.7724202871322632, -0.7056723833084106, 3.4226315021514893, -0.40951743721961975, -0.7807114720344543]",-1,-1,True,"['C', 'E']","['C', 'E']"
5abdbeed5542993062266cdd::active_set_pack_a,5abdbeed5542993062266cdd,"['A', 'B', 'C', 'D', 'E', 'F']","[0, 0, 1, 0, 1, 0]","[0.8131954669952393, 0.8252211809158325, 0.771380603313446, -3.6511311531066895, 0.40335458517074585, 0.8379800915718079]","[0.8131954669952393, 0.8252211809158325, 0.771380603313446, -3.6511311531066895, 0.40335458517074585, 0.8379800915718079]","[-0.8131954669952393, -0.8252211809158325, -0.771380603313446, 3.6511311531066895, -0.40335458517074585, -0.8379800915718079]",-1,-1,True,"['C', 'E']","['C', 'E']"
5abdbeed5542993062266cdd::working_set_pack_b,5abdbeed5542993062266cdd,"['A', 'B', 'C', 'D', 'E', 'F']","[0, 0, 1, 0, 1, 0]","[0.8195332288742065, 0.8868893384933472, 0.84259033203125, -3.783046007156372, 0.3665733337402344, 0.8674593567848206]","[0.8195332288742065, 0.8868893384933472, 0.84259033203125, -3.783046007156372, 0.3665733337402344, 0.8674593567848206]","[-0.8195332288742065, -0.8868893384933472, -0.84259033203125, 3.783046007156372, -0.3665733337402344, -0.8674593567848206]",-1,-1,True,"['C', 'E']","['C', 'E']"
5abdbeed5542993062266cdd::active_set_pack_b,5abdbeed5542993062266cdd,"['A', 'B', 'C', 'D', 'E', 'F']","[0, 0, 1, 0, 1, 0]","[0.33150535821914673, 0.41119080781936646, 1.8931952714920044, -2.894076347351074, -0.09125889092683792, 0.34944355487823486]","[0.33150535821914673, 0.41119080781936646, 1.8931952714920044, -2.894076347351074, -0.09125889092683792, 0.34944355487823486]","[-0.33150535821914673, -0.41119080781936646, -1.8931952714920044, 2.894076347351074, 0.09125889092683792, -0.34944355487823486]",-1,-1,True,"['C', 'E']","['C', 'E']"
5ab6e84a554299710c8d1fab::working_set_pack_a,5ab6e84a554299710c8d1fab,"['A', 'B', 'C', 'D', 'E', 'F']","[1, 1, 0, 0, 0, 0]","[-0.11710213869810104, 1.9348291158676147, -0.44439321756362915, -0.5108248591423035, -0.3478670120239258, -0.514641284942627]","[-0.11710213869810104, 1.9348291158676147, -0.44439321756362915, -0.5108248591423035, -0.3478670120239258, -0.514641284942627]","[-0.11710213869810104, 1.9348291158676147, -0.44439321756362915, -0.5108248591423035, -0.3478670120239258, -0.514641284942627]",1,1,True,"['A', 'B']","['A', 'B']"
5ab6e84a554299710c8d1fab::active_set_pack_a,5ab6e84a554299710c8d1fab,"['A', 'B', 'C', 'D', 'E', 'F']","[1, 1, 0, 0, 0, 0]","[-0.18233884871006012, 2.2282299995422363, -0.504540741443634, -0.5493492484092712, -0.40952029824256897, -0.5824810862541199]","[-0.18233884871006012, 2.2282299995422363, -0.504540741443634, -0.5493492484092712, -0.40952029824256897, -0.5824810862541199]","[-0.18233884871006012, 2.2282299995422363, -0.504540741443634, -0.5493492484092712, -0.40952029824256897, -0.5824810862541199]",1,1,True,"['A', 'B']","['A', 'B']"
5ab6e84a554299710c8d1fab::working_set_pack_b,5ab6e84a554299710c8d1fab,"['A', 'B', 'C', 'D', 'E', 'F']","[1, 1, 0, 0, 0, 0]","[-0.14452406764030457, 2.1261584758758545, -0.48361870646476746, -0.5177578926086426, -0.3821580708026886, -0.5981003642082214]","[-0.14452406764030457, 2.1261584758758545, -0.48361870646476746, -0.5177578926086426, -0.3821580708026886, -0.5981003642082214]","[-0.14452406764030457, 2.1261584758758545, -0.48361870646476746, -0.5177578926086426, -0.3821580708026886, -0.5981003642082214]",1,1,True,"['A', 'B']","['A', 'B']"
5ab6e84a554299710c8d1fab::active_set_pack_b,5ab6e84a554299710c8d1fab,"['A', 'B', 'C', 'D', 'E', 'F']","[1, 1, 0, 0, 0, 0]","[-0.20187917351722717, 2.4732823371887207, -0.5377746224403381, -0.5983107686042786, -0.4411276876926422, -0.6941896080970764]","[-0.20187917351722717, 2.4732823371887207, -0.5377746224403381, -0.5983107686042786, -0.4411276876926422, -0.6941896080970764]","[-0.20187917351722717, 2.4732823371887207, -0.5377746224403381, -0.5983107686042786, -0.4411276876926422, -0.6941896080970764]",1,1,True,"['A', 'B']","['A', 'B']"
5a90454855429933b8a204bb::working_set_pack_a,5a90454855429933b8a204bb,"['A', 'B', 'C', 'D', 'E', 'F']","[0, 1, 0, 0, 1, 0]","[-0.822615921497345, 4.104237079620361, -0.880549430847168, -0.6361614465713501, -0.7910043597221375, -0.9739056825637817]","[-0.822615921497345, 4.104237079620361, -0.880549430847168, -0.6361614465713501, -0.7910043597221375, -0.9739056825637817]","[-0.822615921497345, 4.104237079620361, -0.880549430847168, -0.6361614465713501, -0.7910043597221375, -0.9739056825637817]",1,1,True,"['B', 'E']","['B', 'E']"
5a90454855429933b8a204bb::active_set_pack_a,5a90454855429933b8a204bb,"['A', 'B', 'C', 'D', 'E', 'F']","[0, 1, 0, 0, 1, 0]","[-0.8833223581314087, 4.403045654296875, -0.9268903732299805, -0.7055090069770813, -0.8394222855567932, -1.0479013919830322]","[-0.8833223581314087, 4.403045654296875, -0.9268903732299805, -0.7055090069770813, -0.8394222855567932, -1.0479013919830322]","[-0.8833223581314087, 4.403045654296875, -0.9268903732299805, -0.7055090069770813, -0.8394222855567932, -1.0479013919830322]",1,1,True,"['B', 'E']","['B', 'E']"
5a90454855429933b8a204bb::working_set_pack_b,5a90454855429933b8a204bb,"['A', 'B', 'C', 'D', 'E', 'F']","[0, 1, 0, 0, 1, 0]","[-0.9071937203407288, 4.6218953132629395, -0.9679286479949951, -0.7681761980056763, -0.8942151665687561, -1.0843816995620728]","[-0.9071937203407288, 4.6218953132629395, -0.9679286479949951, -0.7681761980056763, -0.8942151665687561, -1.0843816995620728]","[-0.9071937203407288, 4.6218953132629395, -0.9679286479949951, -0.7681761980056763, -0.8942151665687561, -1.0843816995620728]",1,1,True,"['B', 'E']","['B', 'E']"
5a90454855429933b8a204bb::active_set_pack_b,5a90454855429933b8a204bb,"['A', 'B', 'C', 'D', 'E', 'F']","[0, 1, 0, 0, 1, 0]","[-0.8649494647979736, 4.254894733428955, -0.894538938999176, -0.6718186736106873, -0.8089562654495239, -1.0146311521530151]","[-0.8649494647979736, 4.254894733428955, -0.894538938999176, -0.6718186736106873, -0.8089562654495239, -1.0146311521530151]","[-0.8649494647979736, 4.254894733428955, -0.894538938999176, -0.6718186736106873, -0.8089562654495239, -1.0146311521530151]",1,1,True,"['B', 'E']","['B', 'E']"
5abeed7e5542993fe9a41da0::working_set_pack_a,5abeed7e5542993fe9a41da0,"['A', 'B', 'C', 'D', 'E', 'F']","[1, 0, 1, 0, 0, 0]","[-1.3395473957061768, -1.35326087474823, 7.011362552642822, -1.573064923286438, -1.4512908458709717, -1.2941985130310059]","[-1.3395473957061768, -1.35326087474823, 7.011362552642822, -1.573064923286438, -1.4512908458709717, -1.2941985130310059]","[-1.3395473957061768, -1.35326087474823, 7.011362552642822, -1.573064923286438, -1.4512908458709717, -1.2941985130310059]",1,1,False,"['C', 'F']","['A', 'C']"
5abeed7e5542993fe9a41da0::active_set_pack_a,5abeed7e5542993fe9a41da0,"['A', 'B', 'C', 'D', 'E', 'F']","[1, 0, 1, 0, 0, 0]","[-1.470140814781189, -1.473950982093811, 7.5896477699279785, -1.6968390941619873, -1.5702756643295288, -1.3784409761428833]","[-1.470140814781189, -1.473950982093811, 7.5896477699279785, -1.6968390941619873, -1.5702756643295288, -1.3784409761428833]","[-1.470140814781189, -1.473950982093811, 7.5896477699279785, -1.6968390941619873, -1.5702756643295288, -1.3784409761428833]",1,1,False,"['C', 'F']","['A', 'C']"
5abeed7e5542993fe9a41da0::working_set_pack_b,5abeed7e5542993fe9a41da0,"['A', 'B', 'C', 'D', 'E', 'F']","[1, 0, 1, 0, 0, 0]","[-1.548520565032959, -1.5706640481948853, 8.095892906188965, -1.775146245956421, -1.6730678081512451, -1.528493881225586]","[-1.548520565032959, -1.5706640481948853, 8.095892906188965, -1.775146245956421, -1.6730678081512451, -1.528493881225586]","[-1.548520565032959, -1.5706640481948853, 8.095892906188965, -1.775146245956421, -1.6730678081512451, -1.528493881225586]",1,1,False,"['C', 'F']","['A', 'C']"
5abeed7e5542993fe9a41da0::active_set_pack_b,5abeed7e5542993fe9a41da0,"['A', 'B', 'C', 'D', 'E', 'F']","[1, 0, 1, 0, 0, 0]","[-1.4959173202514648, -1.5234688520431519, 7.801141738891602, -1.6706448793411255, -1.605958342552185, -1.505150556564331]","[-1.4959173202514648, -1.5234688520431519, 7.801141738891602, -1.6706448793411255, -1.605958342552185, -1.505150556564331]","[-1.4959173202514648, -1.5234688520431519, 7.801141738891602, -1.6706448793411255, -1.605958342552185, -1.505150556564331]",1,1,False,"['C', 'F']","['A', 'C']"
5ab5141a5542991779162d70::working_set_pack_a,5ab5141a5542991779162d70,"['A', 'B', 'C', 'D', 'E', 'F']","[0, 0, 0, 1, 1, 0]","[-0.46990886330604553, -0.5749992728233337, -0.47040319442749023, 0.9459613561630249, 1.0988749265670776, -0.5295251607894897]","[-0.46990886330604553, -0.5749992728233337, -0.47040319442749023, 0.9459613561630249, 1.0988749265670776, -0.5295251607894897]","[0.46990886330604553, 0.5749992728233337, 0.47040319442749023, -0.9459613561630249, -1.0988749265670776, 0.5295251607894897]",-1,-1,True,"['D', 'E']","['D', 'E']"
5ab5141a5542991779162d70::active_set_pack_a,5ab5141a5542991779162d70,"['A', 'B', 'C', 'D', 'E', 'F']","[0, 0, 0, 1, 1, 0]","[-0.39697110652923584, -0.5074960589408875, -0.38637879490852356, 0.5635653734207153, 1.1972318887710571, -0.46995171904563904]","[-0.39697110652923584, -0.5074960589408875, -0.38637879490852356, 0.5635653734207153, 1.1972318887710571, -0.46995171904563904]","[0.39697110652923584, 0.5074960589408875, 0.38637879490852356, -0.5635653734207153, -1.1972318887710571, 0.46995171904563904]",-1,-1,True,"['D', 'E']","['D', 'E']"
5ab5141a5542991779162d70::working_set_pack_b,5ab5141a5542991779162d70,"['A', 'B', 'C', 'D', 'E', 'F']","[0, 0, 0, 1, 1, 0]","[-0.3856859803199768, -0.4746171236038208, -0.39944541454315186, 0.19150282442569733, 1.5950413942337036, -0.526795506477356]","[-0.3856859803199768, -0.4746171236038208, -0.39944541454315186, 0.19150282442569733, 1.5950413942337036, -0.526795506477356]","[0.3856859803199768, 0.4746171236038208, 0.39944541454315186, -0.19150282442569733, -1.5950413942337036, 0.526795506477356]",-1,-1,False,"['A', 'E']","['D', 'E']"
5ab5141a5542991779162d70::active_set_pack_b,5ab5141a5542991779162d70,"['A', 'B', 'C', 'D', 'E', 'F']","[0, 0, 0, 1, 1, 0]","[-0.38261479139328003, -0.4283641576766968, -0.39185571670532227, 0.03476453945040703, 1.6591525077819824, -0.49108219146728516]","[-0.38261479139328003, -0.4283641576766968, -0.39185571670532227, 0.03476453945040703, 1.6591525077819824, -0.49108219146728516]","[0.38261479139328003, 0.4283641576766968, 0.39185571670532227, -0.03476453945040703, -1.6591525077819824, 0.49108219146728516]",-1,-1,False,"['A', 'E']","['D', 'E']"
5a7a0d455542990783324e13::working_set_pack_a,5a7a0d455542990783324e13,"['A', 'B', 'C', 'D', 'E', 'F']","[0, 1, 0, 0, 0, 1]","[-0.9547690153121948, -0.6745888590812683, -0.9728500843048096, -0.9758009910583496, -0.9125748872756958, 4.490583896636963]","[-0.9547690153121948, -0.6745888590812683, -0.9728500843048096, -0.9758009910583496, -0.9125748872756958, 4.490583896636963]","[-0.9547690153121948, -0.6745888590812683, -0.9728500843048096, -0.9758009910583496, -0.9125748872756958, 4.490583896636963]",1,1,True,"['B', 'F']","['B', 'F']"
5a7a0d455542990783324e13::active_set_pack_a,5a7a0d455542990783324e13,"['A', 'B', 'C', 'D', 'E', 'F']","[0, 1, 0, 0, 0, 1]","[-0.8515889048576355, -0.5482556223869324, -0.8615976572036743, -0.8818113207817078, -0.8383992910385132, 3.981652021408081]","[-0.8515889048576355, -0.5482556223869324, -0.8615976572036743, -0.8818113207817078, -0.8383992910385132, 3.981652021408081]","[-0.8515889048576355, -0.5482556223869324, -0.8615976572036743, -0.8818113207817078, -0.8383992910385132, 3.981652021408081]",1,1,True,"['B', 'F']","['B', 'F']"
5a7a0d455542990783324e13::working_set_pack_b,5a7a0d455542990783324e13,"['A', 'B', 'C', 'D', 'E', 'F']","[0, 1, 0, 0, 0, 1]","[-0.8765445947647095, -0.6252561807632446, -0.920670211315155, -0.894187331199646, -0.8601839542388916, 4.176842212677002]","[-0.8765445947647095, -0.6252561807632446, -0.920670211315155, -0.894187331199646, -0.8601839542388916, 4.176842212677002]","[-0.8765445947647095, -0.6252561807632446, -0.920670211315155, -0.894187331199646, -0.8601839542388916, 4.176842212677002]",1,1,True,"['B', 'F']","['B', 'F']"
5a7a0d455542990783324e13::active_set_pack_b,5a7a0d455542990783324e13,"['A', 'B', 'C', 'D', 'E', 'F']","[0, 1, 0, 0, 0, 1]","[-1.0982524156570435, -0.8372393250465393, -1.1153850555419922, -1.1055564880371094, -1.060253381729126, 5.2166876792907715]","[-1.0982524156570435, -0.8372393250465393, -1.1153850555419922, -1.1055564880371094, -1.060253381729126, 5.2166876792907715]","[-1.0982524156570435, -0.8372393250465393, -1.1153850555419922, -1.1055564880371094, -1.060253381729126, 5.2166876792907715]",1,1,True,"['B', 'F']","['B', 'F']"
5ab42ebd5542992339550047::working_set_pack_a,5ab42ebd5542992339550047,"['A', 'B', 'C', 'D', 'E', 'F']","[0, 1, 0, 0, 0, 1]","[-0.6768588423728943, 3.4071197509765625, -0.7333834171295166, -0.5322209596633911, -0.8750233054161072, -0.5896334052085876]","[-0.6768588423728943, 3.4071197509765625, -0.7333834171295166, -0.5322209596633911, -0.8750233054161072, -0.5896334052085876]","[-0.6768588423728943, 3.4071197509765625, -0.7333834171295166, -0.5322209596633911, -0.8750233054161072, -0.5896334052085876]",1,1,False,"['B', 'E']","['B', 'F']"
5ab42ebd5542992339550047::active_set_pack_a,5ab42ebd5542992339550047,"['A', 'B', 'C', 'D', 'E', 'F']","[0, 1, 0, 0, 0, 1]","[-0.7089003324508667, 3.585423469543457, -0.7704532146453857, -0.538555383682251, -0.9201526641845703, -0.6473623514175415]","[-0.7089003324508667, 3.585423469543457, -0.7704532146453857, -0.538555383682251, -0.9201526641845703, -0.6473623514175415]","[-0.7089003324508667, 3.585423469543457, -0.7704532146453857, -0.538555383682251, -0.9201526641845703, -0.6473623514175415]",1,1,False,"['B', 'E']","['B', 'F']"
5ab42ebd5542992339550047::working_set_pack_b,5ab42ebd5542992339550047,"['A', 'B', 'C', 'D', 'E', 'F']","[0, 1, 0, 0, 0, 1]","[-0.7004740834236145, 3.516745090484619, -0.7628574967384338, -0.5631523132324219, -1.0817334651947021, -0.4085269570350647]","[-0.7004740834236145, 3.516745090484619, -0.7628574967384338, -0.5631523132324219, -1.0817334651947021, -0.4085269570350647]","[-0.7004740834236145, 3.516745090484619, -0.7628574967384338, -0.5631523132324219, -1.0817334651947021, -0.4085269570350647]",1,1,False,"['B', 'E']","['B', 'F']"
5ab42ebd5542992339550047::active_set_pack_b,5ab42ebd5542992339550047,"['A', 'B', 'C', 'D', 'E', 'F']","[0, 1, 0, 0, 0, 1]","[-0.8860032558441162, 4.176214218139648, -0.9310985803604126, -0.7453298568725586, -1.022192120552063, -0.5915915966033936]","[-0.8860032558441162, 4.176214218139648, -0.9310985803604126, -0.7453298568725586, -1.022192120552063, -0.5915915966033936]","[-0.8860032558441162, 4.176214218139648, -0.9310985803604126, -0.7453298568725586, -1.022192120552063, -0.5915915966033936]",1,1,True,"['B', 'F']","['B', 'F']"
5a804fc45542992bc0c4a6f0::working_set_pack_a,5a804fc45542992bc0c4a6f0,"['A', 'B', 'C', 'D', 'E', 'F']","[0, 1, 0, 0, 1, 0]","[-0.6842690110206604, 3.2098960876464844, -0.5129981637001038, -0.8608047366142273, -0.33628925681114197, -0.8155349493026733]","[-0.6842690110206604, 3.2098960876464844, -0.5129981637001038, -0.8608047366142273, -0.33628925681114197, -0.8155349493026733]","[-0.6842690110206604, 3.2098960876464844, -0.5129981637001038, -0.8608047366142273, -0.33628925681114197, -0.8155349493026733]",1,1,True,"['B', 'E']","['B', 'E']"
5a804fc45542992bc0c4a6f0::active_set_pack_a,5a804fc45542992bc0c4a6f0,"['A', 'B', 'C', 'D', 'E', 'F']","[0, 1, 0, 0, 1, 0]","[-0.7155836224555969, 3.3811817169189453, -0.5599316358566284, -0.8753855228424072, -0.3776901960372925, -0.8525916337966919]","[-0.7155836224555969, 3.3811817169189453, -0.5599316358566284, -0.8753855228424072, -0.3776901960372925, -0.8525916337966919]","[-0.7155836224555969, 3.3811817169189453, -0.5599316358566284, -0.8753855228424072, -0.3776901960372925, -0.8525916337966919]",1,1,True,"['B', 'E']","['B', 'E']"
5a804fc45542992bc0c4a6f0::working_set_pack_b,5a804fc45542992bc0c4a6f0,"['A', 'B', 'C', 'D', 'E', 'F']","[0, 1, 0, 0, 1, 0]","[-0.8390790820121765, 4.008385181427002, -0.6689175367355347, -0.9777123332023621, -0.5767766833305359, -0.9458989500999451]","[-0.8390790820121765, 4.008385181427002, -0.6689175367355347, -0.9777123332023621, -0.5767766833305359, -0.9458989500999451]","[-0.8390790820121765, 4.008385181427002, -0.6689175367355347, -0.9777123332023621, -0.5767766833305359, -0.9458989500999451]",1,1,True,"['B', 'E']","['B', 'E']"
5a804fc45542992bc0c4a6f0::active_set_pack_b,5a804fc45542992bc0c4a6f0,"['A', 'B', 'C', 'D', 'E', 'F']","[0, 1, 0, 0, 1, 0]","[-0.7975800633430481, 3.8068597316741943, -0.6509943008422852, -0.9300006628036499, -0.49011802673339844, -0.9381667375564575]","[-0.7975800633430481, 3.8068597316741943, -0.6509943008422852, -0.9300006628036499, -0.49011802673339844, -0.9381667375564575]","[-0.7975800633430481, 3.8068597316741943, -0.6509943008422852, -0.9300006628036499, -0.49011802673339844, -0.9381667375564575]",1,1,True,"['B', 'E']","['B', 'E']"
5add85b65542997545bbbd61::working_set_pack_a,5add85b65542997545bbbd61,"['A', 'B', 'C', 'D', 'E', 'F']","[0, 1, 0, 0, 0, 1]","[-0.9164682626724243, 4.33101224899292, -0.7948899269104004, -0.8270801305770874, -1.0165412425994873, -0.776032567024231]","[-0.9164682626724243, 4.33101224899292, -0.7948899269104004, -0.8270801305770874, -1.0165412425994873, -0.776032567024231]","[-0.9164682626724243, 4.33101224899292, -0.7948899269104004, -0.8270801305770874, -1.0165412425994873, -0.776032567024231]",1,1,True,"['B', 'F']","['B', 'F']"
5add85b65542997545bbbd61::active_set_pack_a,5add85b65542997545bbbd61,"['A', 'B', 'C', 'D', 'E', 'F']","[0, 1, 0, 0, 0, 1]","[-0.9278882145881653, 4.493170261383057, -0.8168545961380005, -0.9178675413131714, -1.0386484861373901, -0.7919117212295532]","[-0.9278882145881653, 4.493170261383057, -0.8168545961380005, -0.9178675413131714, -1.0386484861373901, -0.7919117212295532]","[-0.9278882145881653, 4.493170261383057, -0.8168545961380005, -0.9178675413131714, -1.0386484861373901, -0.7919117212295532]",1,1,True,"['B', 'F']","['B', 'F']"
5add85b65542997545bbbd61::working_set_pack_b,5add85b65542997545bbbd61,"['A', 'B', 'C', 'D', 'E', 'F']","[0, 1, 0, 0, 0, 1]","[-0.8873719573020935, 4.268965244293213, -0.760054349899292, -0.833699107170105, -1.0266450643539429, -0.7611945271492004]","[-0.8873719573020935, 4.268965244293213, -0.760054349899292, -0.833699107170105, -1.0266450643539429, -0.7611945271492004]","[-0.8873719573020935, 4.268965244293213, -0.760054349899292, -0.833699107170105, -1.0266450643539429, -0.7611945271492004]",1,1,True,"['B', 'F']","['B', 'F']"
5add85b65542997545bbbd61::active_set_pack_b,5add85b65542997545bbbd61,"['A', 'B', 'C', 'D', 'E', 'F']","[0, 1, 0, 0, 0, 1]","[-0.8568238615989685, 4.074957847595215, -0.7297130823135376, -0.73464035987854, -1.0126737356185913, -0.7411063313484192]","[-0.8568238615989685, 4.074957847595215, -0.7297130823135376, -0.73464035987854, -1.0126737356185913, -0.7411063313484192]","[-0.8568238615989685, 4.074957847595215, -0.7297130823135376, -0.73464035987854, -1.0126737356185913, -0.7411063313484192]",1,1,True,"['B', 'F']","['B', 'F']"
5ac068d25542996f0d89cba2::working_set_pack_a,5ac068d25542996f0d89cba2,"['A', 'B', 'C', 'D', 'E', 'F']","[1, 0, 0, 1, 0, 0]","[-0.19596260786056519, -0.026744753122329712, -0.49739059805870056, 1.7793893814086914, -0.5483235120773315, -0.5109688639640808]","[-0.19596260786056519, -0.026744753122329712, -0.49739059805870056, 1.7793893814086914, -0.5483235120773315, -0.5109688639640808]","[-0.19596260786056519, -0.026744753122329712, -0.49739059805870056, 1.7793893814086914, -0.5483235120773315, -0.5109688639640808]",1,1,False,"['B', 'D']","['A', 'D']"
5ac068d25542996f0d89cba2::active_set_pack_a,5ac068d25542996f0d89cba2,"['A', 'B', 'C', 'D', 'E', 'F']","[1, 0, 0, 1, 0, 0]","[-0.2132171392440796, 0.00958937220275402, -0.5499739050865173, 1.9319682121276855, -0.5929852724075317, -0.5853814482688904]","[-0.2132171392440796, 0.00958937220275402, -0.5499739050865173, 1.9319682121276855, -0.5929852724075317, -0.5853814482688904]","[-0.2132171392440796, 0.00958937220275402, -0.5499739050865173, 1.9319682121276855, -0.5929852724075317, -0.5853814482688904]",1,1,False,"['B', 'D']","['A', 'D']"
5ac068d25542996f0d89cba2::working_set_pack_b,5ac068d25542996f0d89cba2,"['A', 'B', 'C', 'D', 'E', 'F']","[1, 0, 0, 1, 0, 0]","[-0.27148547768592834, -0.10633255541324615, -0.5576997399330139, 2.066195487976074, -0.5686529874801636, -0.5620248913764954]","[0.27148547768592834, 0.10633255541324615, 0.5576997399330139, -2.066195487976074, 0.5686529874801636, 0.5620248913764954]","[0.27148547768592834, 0.10633255541324615, 0.5576997399330139, -2.066195487976074, 0.5686529874801636, 0.5620248913764954]",-1,1,False,"['A', 'B']","['A', 'D']"
5ac068d25542996f0d89cba2::active_set_pack_b,5ac068d25542996f0d89cba2,"['A', 'B', 'C', 'D', 'E', 'F']","[1, 0, 0, 1, 0, 0]","[-0.2779991328716278, -0.10486186295747757, -0.6094816327095032, 2.2057127952575684, -0.5910204648971558, -0.6223496198654175]","[-0.2779991328716278, -0.10486186295747757, -0.6094816327095032, 2.2057127952575684, -0.5910204648971558, -0.6223496198654175]","[0.2779991328716278, 0.10486186295747757, 0.6094816327095032, -2.2057127952575684, 0.5910204648971558, 0.6223496198654175]",-1,-1,False,"['B', 'D']","['A', 'D']"
5ade8f5e55429975fa854f11::working_set_pack_a,5ade8f5e55429975fa854f11,"['A', 'B', 'C', 'D', 'E', 'F']","[0, 1, 0, 0, 0, 1]","[-1.1331709623336792, -0.8912138938903809, -1.1513890027999878, -1.0683704614639282, -1.196810007095337, 5.440952777862549]","[-1.1331709623336792, -0.8912138938903809, -1.1513890027999878, -1.0683704614639282, -1.196810007095337, 5.440952777862549]","[-1.1331709623336792, -0.8912138938903809, -1.1513890027999878, -1.0683704614639282, -1.196810007095337, 5.440952777862549]",1,1,True,"['B', 'F']","['B', 'F']"
5ade8f5e55429975fa854f11::active_set_pack_a,5ade8f5e55429975fa854f11,"['A', 'B', 'C', 'D', 'E', 'F']","[0, 1, 0, 0, 0, 1]","[-1.079586386680603, -0.8317272067070007, -1.0981286764144897, -0.9935039281845093, -1.158813714981079, 5.161761283874512]","[-1.079586386680603, -0.8317272067070007, -1.0981286764144897, -0.9935039281845093, -1.158813714981079, 5.161761283874512]","[-1.079586386680603, -0.8317272067070007, -1.0981286764144897, -0.9935039281845093, -1.158813714981079, 5.161761283874512]",1,1,True,"['B', 'F']","['B', 'F']"
5ade8f5e55429975fa854f11::working_set_pack_b,5ade8f5e55429975fa854f11,"['A', 'B', 'C', 'D', 'E', 'F']","[0, 1, 0, 0, 0, 1]","[-1.100498914718628, -0.8325017690658569, -1.1213765144348145, -1.0142340660095215, -1.1853469610214233, 5.253957748413086]","[-1.100498914718628, -0.8325017690658569, -1.1213765144348145, -1.0142340660095215, -1.1853469610214233, 5.253957748413086]","[-1.100498914718628, -0.8325017690658569, -1.1213765144348145, -1.0142340660095215, -1.1853469610214233, 5.253957748413086]",1,1,True,"['B', 'F']","['B', 'F']"
5ade8f5e55429975fa854f11::active_set_pack_b,5ade8f5e55429975fa854f11,"['A', 'B', 'C', 'D', 'E', 'F']","[0, 1, 0, 0, 0, 1]","[-1.0972980260849, -0.780005156993866, -1.1083347797393799, -1.0042566061019897, -1.1673316955566406, 5.157227993011475]","[-1.0972980260849, -0.780005156993866, -1.1083347797393799, -1.0042566061019897, -1.1673316955566406, 5.157227993011475]","[-1.0972980260849, -0.780005156993866, -1.1083347797393799, -1.0042566061019897, -1.1673316955566406, 5.157227993011475]",1,1,True,"['B', 'F']","['B', 'F']"
5ac1b7495542994ab5c67dd9::working_set_pack_a,5ac1b7495542994ab5c67dd9,"['A', 'B', 'C', 'D', 'E', 'F']","[0, 0, 1, 1, 0, 0]","[-0.8678368330001831, -0.8123552203178406, 4.175531387329102, -0.715929388999939, -0.883276641368866, -0.8961336016654968]","[-0.8678368330001831, -0.8123552203178406, 4.175531387329102, -0.715929388999939, -0.883276641368866, -0.8961336016654968]","[-0.8678368330001831, -0.8123552203178406, 4.175531387329102, -0.715929388999939, -0.883276641368866, -0.8961336016654968]",1,1,True,"['C', 'D']","['C', 'D']"
5ac1b7495542994ab5c67dd9::active_set_pack_a,5ac1b7495542994ab5c67dd9,"['A', 'B', 'C', 'D', 'E', 'F']","[0, 0, 1, 1, 0, 0]","[-0.7061407566070557, -0.6330191493034363, 3.3762691020965576, -0.5662451386451721, -0.7288356423377991, -0.7420276999473572]","[-0.7061407566070557, -0.6330191493034363, 3.3762691020965576, -0.5662451386451721, -0.7288356423377991, -0.7420276999473572]","[-0.7061407566070557, -0.6330191493034363, 3.3762691020965576, -0.5662451386451721, -0.7288356423377991, -0.7420276999473572]",1,1,True,"['C', 'D']","['C', 'D']"
5ac1b7495542994ab5c67dd9::working_set_pack_b,5ac1b7495542994ab5c67dd9,"['A', 'B', 'C', 'D', 'E', 'F']","[0, 0, 1, 1, 0, 0]","[-0.8907335996627808, -0.8216910362243652, 4.290982246398926, -0.7542346715927124, -0.8984827995300293, -0.9258412718772888]","[-0.8907335996627808, -0.8216910362243652, 4.290982246398926, -0.7542346715927124, -0.8984827995300293, -0.9258412718772888]","[-0.8907335996627808, -0.8216910362243652, 4.290982246398926, -0.7542346715927124, -0.8984827995300293, -0.9258412718772888]",1,1,True,"['C', 'D']","['C', 'D']"
5ac1b7495542994ab5c67dd9::active_set_pack_b,5ac1b7495542994ab5c67dd9,"['A', 'B', 'C', 'D', 'E', 'F']","[0, 0, 1, 1, 0, 0]","[-0.9390667676925659, -0.8739011287689209, 4.576824188232422, -0.8018267154693604, -0.9834551215171814, -0.978573739528656]","[-0.9390667676925659, -0.8739011287689209, 4.576824188232422, -0.8018267154693604, -0.9834551215171814, -0.978573739528656]","[-0.9390667676925659, -0.8739011287689209, 4.576824188232422, -0.8018267154693604, -0.9834551215171814, -0.978573739528656]",1,1,True,"['C', 'D']","['C', 'D']"
5ae4b3da55429913cc2044d6::working_set_pack_a,5ae4b3da55429913cc2044d6,"['A', 'B', 'C', 'D', 'E', 'F']","[0, 0, 1, 0, 0, 1]","[-0.5824511647224426, -0.584143340587616, 2.906074047088623, -0.6013726592063904, -0.7054862380027771, -0.43262073397636414]","[-0.5824511647224426, -0.584143340587616, 2.906074047088623, -0.6013726592063904, -0.7054862380027771, -0.43262073397636414]","[-0.5824511647224426, -0.584143340587616, 2.906074047088623, -0.6013726592063904, -0.7054862380027771, -0.43262073397636414]",1,1,True,"['C', 'F']","['C', 'F']"
5ae4b3da55429913cc2044d6::active_set_pack_a,5ae4b3da55429913cc2044d6,"['A', 'B', 'C', 'D', 'E', 'F']","[0, 0, 1, 0, 0, 1]","[-0.56559818983078, -0.563503623008728, 2.880676031112671, -0.5882496237754822, -0.7186344265937805, -0.4446898400783539]","[-0.56559818983078, -0.563503623008728, 2.880676031112671, -0.5882496237754822, -0.7186344265937805, -0.4446898400783539]","[-0.56559818983078, -0.563503623008728, 2.880676031112671, -0.5882496237754822, -0.7186344265937805, -0.4446898400783539]",1,1,True,"['C', 'F']","['C', 'F']"
5ae4b3da55429913cc2044d6::working_set_pack_b,5ae4b3da55429913cc2044d6,"['A', 'B', 'C', 'D', 'E', 'F']","[0, 0, 1, 0, 0, 1]","[-0.6965128779411316, -0.7043671011924744, 3.5034801959991455, -0.7255151867866516, -0.8467065095901489, -0.5303791165351868]","[-0.6965128779411316, -0.7043671011924744, 3.5034801959991455, -0.7255151867866516, -0.8467065095901489, -0.5303791165351868]","[-0.6965128779411316, -0.7043671011924744, 3.5034801959991455, -0.7255151867866516, -0.8467065095901489, -0.5303791165351868]",1,1,True,"['C', 'F']","['C', 'F']"
5ae4b3da55429913cc2044d6::active_set_pack_b,5ae4b3da55429913cc2044d6,"['A', 'B', 'C', 'D', 'E', 'F']","[0, 0, 1, 0, 0, 1]","[-0.545319676399231, -0.5596949458122253, 2.982367753982544, -0.5675956010818481, -0.6586890816688538, -0.6510685086250305]","[-0.545319676399231, -0.5596949458122253, 2.982367753982544, -0.5675956010818481, -0.6586890816688538, -0.6510685086250305]","[-0.545319676399231, -0.5596949458122253, 2.982367753982544, -0.5675956010818481, -0.6586890816688538, -0.6510685086250305]",1,1,True,"['C', 'F']","['C', 'F']"
5ab93287554299753720f78f::working_set_pack_a,5ab93287554299753720f78f,"['A', 'B', 'C', 'D', 'E', 'F']","[0, 0, 1, 0, 1, 0]","[0.6516624689102173, -3.202324151992798, 0.5368460416793823, 0.6946754455566406, 0.6235323548316956, 0.6956073641777039]","[-0.6516624689102173, 3.202324151992798, -0.5368460416793823, -0.6946754455566406, -0.6235323548316956, -0.6956073641777039]","[-0.6516624689102173, 3.202324151992798, -0.5368460416793823, -0.6946754455566406, -0.6235323548316956, -0.6956073641777039]",-1,1,False,"['B', 'E']","['C', 'E']"
5ab93287554299753720f78f::active_set_pack_a,5ab93287554299753720f78f,"['A', 'B', 'C', 'D', 'E', 'F']","[0, 0, 1, 0, 1, 0]","[0.7255762815475464, -3.5909266471862793, 0.6271504759788513, 0.7689706683158875, 0.6960533857345581, 0.7731758952140808]","[-0.7255762815475464, 3.5909266471862793, -0.6271504759788513, -0.7689706683158875, -0.6960533857345581, -0.7731758952140808]","[-0.7255762815475464, 3.5909266471862793, -0.6271504759788513, -0.7689706683158875, -0.6960533857345581, -0.7731758952140808]",-1,1,False,"['B', 'E']","['C', 'E']"
5ab93287554299753720f78f::working_set_pack_b,5ab93287554299753720f78f,"['A', 'B', 'C', 'D', 'E', 'F']","[0, 0, 1, 0, 1, 0]","[0.6782875657081604, -3.3046977519989014, 0.548350989818573, 0.7143160104751587, 0.6463735103607178, 0.7173691987991333]","[-0.6782875657081604, 3.3046977519989014, -0.548350989818573, -0.7143160104751587, -0.6463735103607178, -0.7173691987991333]","[-0.6782875657081604, 3.3046977519989014, -0.548350989818573, -0.7143160104751587, -0.6463735103607178, -0.7173691987991333]",-1,1,False,"['B', 'E']","['C', 'E']"
5ab93287554299753720f78f::active_set_pack_b,5ab93287554299753720f78f,"['A', 'B', 'C', 'D', 'E', 'F']","[0, 0, 1, 0, 1, 0]","[0.7607259154319763, -3.7420802116394043, 0.6366066336631775, 0.8069496154785156, 0.730814516544342, 0.8069843053817749]","[-0.7607259154319763, 3.7420802116394043, -0.6366066336631775, -0.8069496154785156, -0.730814516544342, -0.8069843053817749]","[-0.7607259154319763, 3.7420802116394043, -0.6366066336631775, -0.8069496154785156, -0.730814516544342, -0.8069843053817749]",-1,1,False,"['B', 'E']","['C', 'E']"
5ae64cbf5542992ae0d162c1::working_set_pack_a,5ae64cbf5542992ae0d162c1,"['A', 'B', 'C', 'D', 'E', 'F']","[1, 0, 0, 1, 0, 0]","[-0.7164543271064758, -0.7617879509925842, -0.7711521983146667, 3.8254075050354004, -0.9938070774078369, -0.5822066068649292]","[-0.7164543271064758, -0.7617879509925842, -0.7711521983146667, 3.8254075050354004, -0.9938070774078369, -0.5822066068649292]","[0.7164543271064758, 0.7617879509925842, 0.7711521983146667, -3.8254075050354004, 0.9938070774078369, 0.5822066068649292]",-1,-1,False,"['D', 'F']","['A', 'D']"
5ae64cbf5542992ae0d162c1::active_set_pack_a,5ae64cbf5542992ae0d162c1,"['A', 'B', 'C', 'D', 'E', 'F']","[1, 0, 0, 1, 0, 0]","[-0.6895401477813721, -0.732961893081665, -0.7451324462890625, 3.7039377689361572, -0.9914309978485107, -0.5448722839355469]","[-0.6895401477813721, -0.732961893081665, -0.7451324462890625, 3.7039377689361572, -0.9914309978485107, -0.5448722839355469]","[0.6895401477813721, 0.732961893081665, 0.7451324462890625, -3.7039377689361572, 0.9914309978485107, 0.5448722839355469]",-1,-1,False,"['D', 'F']","['A', 'D']"
5ae64cbf5542992ae0d162c1::working_set_pack_b,5ae64cbf5542992ae0d162c1,"['A', 'B', 'C', 'D', 'E', 'F']","[1, 0, 0, 1, 0, 0]","[-0.748487651348114, -0.7814551591873169, -0.8077146410942078, 4.032949447631836, -1.0752735137939453, -0.620017945766449]","[-0.748487651348114, -0.7814551591873169, -0.8077146410942078, 4.032949447631836, -1.0752735137939453, -0.620017945766449]","[0.748487651348114, 0.7814551591873169, 0.8077146410942078, -4.032949447631836, 1.0752735137939453, 0.620017945766449]",-1,-1,False,"['D', 'F']","['A', 'D']"
5ae64cbf5542992ae0d162c1::active_set_pack_b,5ae64cbf5542992ae0d162c1,"['A', 'B', 'C', 'D', 'E', 'F']","[1, 0, 0, 1, 0, 0]","[-0.7033173441886902, -0.7650198936462402, -0.7530316710472107, 3.9066765308380127, -1.1072118282318115, -0.5780965685844421]","[-0.7033173441886902, -0.7650198936462402, -0.7530316710472107, 3.9066765308380127, -1.1072118282318115, -0.5780965685844421]","[-0.7033173441886902, -0.7650198936462402, -0.7530316710472107, 3.9066765308380127, -1.1072118282318115, -0.5780965685844421]",1,1,False,"['D', 'F']","['A', 'D']"
5abae52a5542996cc5e49eea::working_set_pack_a,5abae52a5542996cc5e49eea,"['A', 'B', 'C', 'D', 'E', 'F']","[0, 1, 0, 0, 0, 1]","[-0.5363516211509705, 2.865422487258911, -0.582825779914856, -0.6420592069625854, -0.6498151421546936, -0.4543711841106415]","[-0.5363516211509705, 2.865422487258911, -0.582825779914856, -0.6420592069625854, -0.6498151421546936, -0.4543711841106415]","[-0.5363516211509705, 2.865422487258911, -0.582825779914856, -0.6420592069625854, -0.6498151421546936, -0.4543711841106415]",1,1,True,"['B', 'F']","['B', 'F']"
5abae52a5542996cc5e49eea::active_set_pack_a,5abae52a5542996cc5e49eea,"['A', 'B', 'C', 'D', 'E', 'F']","[0, 1, 0, 0, 0, 1]","[-0.581217348575592, -0.3509124219417572, -0.5882488489151001, -0.6631882786750793, -0.6778368353843689, 2.861403465270996]","[-0.581217348575592, -0.3509124219417572, -0.5882488489151001, -0.6631882786750793, -0.6778368353843689, 2.861403465270996]","[-0.581217348575592, -0.3509124219417572, -0.5882488489151001, -0.6631882786750793, -0.6778368353843689, 2.861403465270996]",1,1,True,"['B', 'F']","['B', 'F']"
5abae52a5542996cc5e49eea::working_set_pack_b,5abae52a5542996cc5e49eea,"['A', 'B', 'C', 'D', 'E', 'F']","[0, 1, 0, 0, 0, 1]","[-0.6370222568511963, 3.2481675148010254, -0.6725561022758484, -0.7102773785591125, -0.7664740085601807, -0.46183741092681885]","[-0.6370222568511963, 3.2481675148010254, -0.6725561022758484, -0.7102773785591125, -0.7664740085601807, -0.46183741092681885]","[-0.6370222568511963, 3.2481675148010254, -0.6725561022758484, -0.7102773785591125, -0.7664740085601807, -0.46183741092681885]",1,1,True,"['B', 'F']","['B', 'F']"
5abae52a5542996cc5e49eea::active_set_pack_b,5abae52a5542996cc5e49eea,"['A', 'B', 'C', 'D', 'E', 'F']","[0, 1, 0, 0, 0, 1]","[-0.6969423294067383, 3.443448781967163, -0.6976343989372253, -0.7753142714500427, -0.7866637706756592, -0.48689407110214233]","[-0.6969423294067383, 3.443448781967163, -0.6976343989372253, -0.7753142714500427, -0.7866637706756592, -0.48689407110214233]","[-0.6969423294067383, 3.443448781967163, -0.6976343989372253, -0.7753142714500427, -0.7866637706756592, -0.48689407110214233]",1,1,True,"['B', 'F']","['B', 'F']"
5ae2e27155429928c423952a::working_set_pack_a,5ae2e27155429928c423952a,"['A', 'B', 'C', 'D', 'E', 'F']","[0, 0, 0, 0, 1, 1]","[-0.5558437705039978, -0.7272361516952515, -0.4975983202457428, -0.6462204456329346, -0.5569735169410706, 2.983872413635254]","[-0.5558437705039978, -0.7272361516952515, -0.4975983202457428, -0.6462204456329346, -0.5569735169410706, 2.983872413635254]","[-0.5558437705039978, -0.7272361516952515, -0.4975983202457428, -0.6462204456329346, -0.5569735169410706, 2.983872413635254]",1,1,False,"['A', 'F']","['E', 'F']"
5ae2e27155429928c423952a::active_set_pack_a,5ae2e27155429928c423952a,"['A', 'B', 'C', 'D', 'E', 'F']","[0, 0, 0, 0, 1, 1]","[-0.5251064300537109, -0.7266323566436768, -0.48575717210769653, -0.6564952731132507, -0.5547376275062561, 2.9487290382385254]","[-0.5251064300537109, -0.7266323566436768, -0.48575717210769653, -0.6564952731132507, -0.5547376275062561, 2.9487290382385254]","[-0.5251064300537109, -0.7266323566436768, -0.48575717210769653, -0.6564952731132507, -0.5547376275062561, 2.9487290382385254]",1,1,False,"['A', 'F']","['E', 'F']"
5ae2e27155429928c423952a::working_set_pack_b,5ae2e27155429928c423952a,"['A', 'B', 'C', 'D', 'E', 'F']","[0, 0, 0, 0, 1, 1]","[-0.9384576082229614, -1.1039620637893677, -0.9345768094062805, -1.026277780532837, -0.9037536382675171, 4.907027721405029]","[-0.9384576082229614, -1.1039620637893677, -0.9345768094062805, -1.026277780532837, -0.9037536382675171, 4.907027721405029]","[-0.9384576082229614, -1.1039620637893677, -0.9345768094062805, -1.026277780532837, -0.9037536382675171, 4.907027721405029]",1,1,True,"['E', 'F']","['E', 'F']"
5ae2e27155429928c423952a::active_set_pack_b,5ae2e27155429928c423952a,"['A', 'B', 'C', 'D', 'E', 'F']","[0, 0, 0, 0, 1, 1]","[-0.8920552134513855, -1.0563403367996216, -0.8802557587623596, -0.971369743347168, -0.8579934239387512, 4.658015727996826]","[-0.8920552134513855, -1.0563403367996216, -0.8802557587623596, -0.971369743347168, -0.8579934239387512, 4.658015727996826]","[-0.8920552134513855, -1.0563403367996216, -0.8802557587623596, -0.971369743347168, -0.8579934239387512, 4.658015727996826]",1,1,True,"['E', 'F']","['E', 'F']"
5a80d30655429938b61421fe::working_set_pack_a,5a80d30655429938b61421fe,"['A', 'B', 'C', 'D', 'E', 'F']","[0, 0, 1, 0, 1, 0]","[-0.38459640741348267, -0.39083239436149597, -0.3338828384876251, -0.3838375508785248, 1.7685821056365967, -0.2754333019256592]","[-0.38459640741348267, -0.39083239436149597, -0.3338828384876251, -0.3838375508785248, 1.7685821056365967, -0.2754333019256592]","[0.38459640741348267, 0.39083239436149597, 0.3338828384876251, 0.3838375508785248, -1.7685821056365967, 0.2754333019256592]",-1,-1,True,"['C', 'E']","['C', 'E']"
5a80d30655429938b61421fe::active_set_pack_a,5a80d30655429938b61421fe,"['A', 'B', 'C', 'D', 'E', 'F']","[0, 0, 1, 0, 1, 0]","[-0.34709033370018005, -0.3766871690750122, -0.3060801029205322, -0.33813345432281494, 1.6063956022262573, -0.23840436339378357]","[-0.34709033370018005, -0.3766871690750122, -0.3060801029205322, -0.33813345432281494, 1.6063956022262573, -0.23840436339378357]","[0.34709033370018005, 0.3766871690750122, 0.3060801029205322, 0.33813345432281494, -1.6063956022262573, 0.23840436339378357]",-1,-1,True,"['C', 'E']","['C', 'E']"
5a80d30655429938b61421fe::working_set_pack_b,5a80d30655429938b61421fe,"['A', 'B', 'C', 'D', 'E', 'F']","[0, 0, 1, 0, 1, 0]","[-0.30033817887306213, -0.36337733268737793, -0.27100813388824463, -0.2554323375225067, 1.3804775476455688, -0.19032135605812073]","[-0.30033817887306213, -0.36337733268737793, -0.27100813388824463, -0.2554323375225067, 1.3804775476455688, -0.19032135605812073]","[0.30033817887306213, 0.36337733268737793, 0.27100813388824463, 0.2554323375225067, -1.3804775476455688, 0.19032135605812073]",-1,-1,True,"['C', 'E']","['C', 'E']"
5a80d30655429938b61421fe::active_set_pack_b,5a80d30655429938b61421fe,"['A', 'B', 'C', 'D', 'E', 'F']","[0, 0, 1, 0, 1, 0]","[-0.5672867894172668, -0.6015429496765137, -0.5191398859024048, -0.5615562200546265, 2.7678561210632324, -0.5183296203613281]","[-0.5672867894172668, -0.6015429496765137, -0.5191398859024048, -0.5615562200546265, 2.7678561210632324, -0.5183296203613281]","[0.5672867894172668, 0.6015429496765137, 0.5191398859024048, 0.5615562200546265, -2.7678561210632324, 0.5183296203613281]",-1,-1,True,"['C', 'E']","['C', 'E']"
5a77bd595542995d83181291::working_set_pack_a,5a77bd595542995d83181291,"['A', 'B', 'C', 'D', 'E', 'F']","[1, 1, 0, 0, 0, 0]","[0.1571761965751648, 1.2209770679473877, -0.44562873244285583, -0.30203843116760254, -0.3214167356491089, -0.3090696632862091]","[0.1571761965751648, 1.2209770679473877, -0.44562873244285583, -0.30203843116760254, -0.3214167356491089, -0.3090696632862091]","[-0.1571761965751648, -1.2209770679473877, 0.44562873244285583, 0.30203843116760254, 0.3214167356491089, 0.3090696632862091]",-1,-1,True,"['A', 'B']","['A', 'B']"
5a77bd595542995d83181291::active_set_pack_a,5a77bd595542995d83181291,"['A', 'B', 'C', 'D', 'E', 'F']","[1, 1, 0, 0, 0, 0]","[0.06851367652416229, 1.2634844779968262, -0.4294326901435852, -0.29271456599235535, -0.3123925030231476, -0.29745838046073914]","[0.06851367652416229, 1.2634844779968262, -0.4294326901435852, -0.29271456599235535, -0.3123925030231476, -0.29745838046073914]","[-0.06851367652416229, -1.2634844779968262, 0.4294326901435852, 0.29271456599235535, 0.3123925030231476, 0.29745838046073914]",-1,-1,True,"['A', 'B']","['A', 'B']"
5a77bd595542995d83181291::working_set_pack_b,5a77bd595542995d83181291,"['A', 'B', 'C', 'D', 'E', 'F']","[1, 1, 0, 0, 0, 0]","[0.15343299508094788, 0.9786770939826965, -0.4139401614665985, -0.22274644672870636, -0.2714141309261322, -0.22400915622711182]","[0.15343299508094788, 0.9786770939826965, -0.4139401614665985, -0.22274644672870636, -0.2714141309261322, -0.22400915622711182]","[-0.15343299508094788, -0.9786770939826965, 0.4139401614665985, 0.22274644672870636, 0.2714141309261322, 0.22400915622711182]",-1,-1,True,"['A', 'B']","['A', 'B']"
5a77bd595542995d83181291::active_set_pack_b,5a77bd595542995d83181291,"['A', 'B', 'C', 'D', 'E', 'F']","[1, 1, 0, 0, 0, 0]","[0.15015152096748352, 1.2310402393341064, -0.45423969626426697, -0.27993494272232056, -0.3574015200138092, -0.2896155118942261]","[0.15015152096748352, 1.2310402393341064, -0.45423969626426697, -0.27993494272232056, -0.3574015200138092, -0.2896155118942261]","[-0.15015152096748352, -1.2310402393341064, 0.45423969626426697, 0.27993494272232056, 0.3574015200138092, 0.2896155118942261]",-1,-1,True,"['A', 'B']","['A', 'B']"
5abffc58554299012d1db552::working_set_pack_a,5abffc58554299012d1db552,"['A', 'B', 'C', 'D', 'E', 'F']","[0, 0, 1, 0, 1, 0]","[-0.49619585275650024, -0.5489024519920349, 2.609654188156128, -0.5870555639266968, -0.453145295381546, -0.5243545174598694]","[-0.49619585275650024, -0.5489024519920349, 2.609654188156128, -0.5870555639266968, -0.453145295381546, -0.5243545174598694]","[-0.49619585275650024, -0.5489024519920349, 2.609654188156128, -0.5870555639266968, -0.453145295381546, -0.5243545174598694]",1,1,True,"['C', 'E']","['C', 'E']"
5abffc58554299012d1db552::active_set_pack_a,5abffc58554299012d1db552,"['A', 'B', 'C', 'D', 'E', 'F']","[0, 0, 1, 0, 1, 0]","[-0.4358290433883667, -0.4899007976055145, 2.382202625274658, -0.5370644330978394, -0.43395212292671204, -0.48545587062835693]","[-0.4358290433883667, -0.4899007976055145, 2.382202625274658, -0.5370644330978394, -0.43395212292671204, -0.48545587062835693]","[-0.4358290433883667, -0.4899007976055145, 2.382202625274658, -0.5370644330978394, -0.43395212292671204, -0.48545587062835693]",1,1,True,"['C', 'E']","['C', 'E']"
5abffc58554299012d1db552::working_set_pack_b,5abffc58554299012d1db552,"['A', 'B', 'C', 'D', 'E', 'F']","[0, 0, 1, 0, 1, 0]","[-0.6856855154037476, -0.7325356006622314, 3.483710527420044, -0.7925243973731995, -0.5786776542663574, -0.6942892074584961]","[-0.6856855154037476, -0.7325356006622314, 3.483710527420044, -0.7925243973731995, -0.5786776542663574, -0.6942892074584961]","[-0.6856855154037476, -0.7325356006622314, 3.483710527420044, -0.7925243973731995, -0.5786776542663574, -0.6942892074584961]",1,1,True,"['C', 'E']","['C', 'E']"
5abffc58554299012d1db552::active_set_pack_b,5abffc58554299012d1db552,"['A', 'B', 'C', 'D', 'E', 'F']","[0, 0, 1, 0, 1, 0]","[-0.5153261423110962, -0.5584197640419006, 2.8383731842041016, -0.5688513517379761, -0.5958441495895386, -0.5999323129653931]","[-0.5153261423110962, -0.5584197640419006, 2.8383731842041016, -0.5688513517379761, -0.5958441495895386, -0.5999323129653931]","[-0.5153261423110962, -0.5584197640419006, 2.8383731842041016, -0.5688513517379761, -0.5958441495895386, -0.5999323129653931]",1,1,True,"['C', 'E']","['C', 'E']"
5ac12fda5542994d76dccdb0::working_set_pack_a,5ac12fda5542994d76dccdb0,"['A', 'B', 'C', 'D', 'E', 'F']","[0, 1, 0, 0, 1, 0]","[-0.019767656922340393, 2.0774879455566406, -0.01718398928642273, 0.0020185874309390783, -2.0204224586486816, -0.02213195152580738]","[-0.019767656922340393, 2.0774879455566406, -0.01718398928642273, 0.0020185874309390783, -2.0204224586486816, -0.02213195152580738]","[-0.019767656922340393, 2.0774879455566406, -0.01718398928642273, 0.0020185874309390783, -2.0204224586486816, -0.02213195152580738]",1,1,True,"['B', 'E']","['B', 'E']"
5ac12fda5542994d76dccdb0::active_set_pack_a,5ac12fda5542994d76dccdb0,"['A', 'B', 'C', 'D', 'E', 'F']","[0, 1, 0, 0, 1, 0]","[-0.5122135281562805, 2.9918694496154785, -0.5597043633460999, -0.5068774223327637, -0.7975934743881226, -0.6154801845550537]","[-0.5122135281562805, 2.9918694496154785, -0.5597043633460999, -0.5068774223327637, -0.7975934743881226, -0.6154801845550537]","[-0.5122135281562805, 2.9918694496154785, -0.5597043633460999, -0.5068774223327637, -0.7975934743881226, -0.6154801845550537]",1,1,True,"['B', 'E']","['B', 'E']"
5ac12fda5542994d76dccdb0::working_set_pack_b,5ac12fda5542994d76dccdb0,"['A', 'B', 'C', 'D', 'E', 'F']","[0, 1, 0, 0, 1, 0]","[-0.41567227244377136, -0.9025554656982422, -0.475411593914032, -0.4573717415332794, 2.728703260421753, -0.47769197821617126]","[-0.41567227244377136, -0.9025554656982422, -0.475411593914032, -0.4573717415332794, 2.728703260421753, -0.47769197821617126]","[0.41567227244377136, 0.9025554656982422, 0.475411593914032, 0.4573717415332794, -2.728703260421753, 0.47769197821617126]",-1,-1,True,"['B', 'E']","['B', 'E']"
5ac12fda5542994d76dccdb0::active_set_pack_b,5ac12fda5542994d76dccdb0,"['A', 'B', 'C', 'D', 'E', 'F']","[0, 1, 0, 0, 1, 0]","[-0.4422707259654999, -0.5967510938644409, -0.4985670745372772, -0.5025447010993958, 2.545628309249878, -0.5054939389228821]","[-0.4422707259654999, -0.5967510938644409, -0.4985670745372772, -0.5025447010993958, 2.545628309249878, -0.5054939389228821]","[0.4422707259654999, 0.5967510938644409, 0.4985670745372772, 0.5025447010993958, -2.545628309249878, 0.5054939389228821]",-1,-1,True,"['B', 'E']","['B', 'E']"
5a8e171b554299068b959e5a::working_set_pack_a,5a8e171b554299068b959e5a,"['A', 'B', 'C', 'D', 'E', 'F']","[1, 0, 0, 0, 0, 1]","[-1.055467963218689, -1.189958930015564, -1.1073697805404663, -1.2055902481079102, -1.1973317861557007, 5.755717754364014]","[-1.055467963218689, -1.189958930015564, -1.1073697805404663, -1.2055902481079102, -1.1973317861557007, 5.755717754364014]","[1.055467963218689, 1.189958930015564, 1.1073697805404663, 1.2055902481079102, 1.1973317861557007, -5.755717754364014]",-1,-1,True,"['A', 'F']","['A', 'F']"
5a8e171b554299068b959e5a::active_set_pack_a,5a8e171b554299068b959e5a,"['A', 'B', 'C', 'D', 'E', 'F']","[1, 0, 0, 0, 0, 1]","[-1.0808902978897095, -1.2112202644348145, -1.1287407875061035, -1.2354936599731445, -1.2231578826904297, 5.87950325012207]","[-1.0808902978897095, -1.2112202644348145, -1.1287407875061035, -1.2354936599731445, -1.2231578826904297, 5.87950325012207]","[-1.0808902978897095, -1.2112202644348145, -1.1287407875061035, -1.2354936599731445, -1.2231578826904297, 5.87950325012207]",1,1,True,"['A', 'F']","['A', 'F']"
5a8e171b554299068b959e5a::working_set_pack_b,5a8e171b554299068b959e5a,"['A', 'B', 'C', 'D', 'E', 'F']","[1, 0, 0, 0, 0, 1]","[-0.9694242477416992, -1.07162606716156, -0.9991286993026733, -1.1842604875564575, -1.0978116989135742, 5.322250843048096]","[-0.9694242477416992, -1.07162606716156, -0.9991286993026733, -1.1842604875564575, -1.0978116989135742, 5.322250843048096]","[-0.9694242477416992, -1.07162606716156, -0.9991286993026733, -1.1842604875564575, -1.0978116989135742, 5.322250843048096]",1,1,True,"['A', 'F']","['A', 'F']"
5a8e171b554299068b959e5a::active_set_pack_b,5a8e171b554299068b959e5a,"['A', 'B', 'C', 'D', 'E', 'F']","[1, 0, 0, 0, 0, 1]","[-0.9214828610420227, -1.0532405376434326, -0.9540129899978638, -1.119380235671997, -1.0414454936981201, 5.089561939239502]","[-0.9214828610420227, -1.0532405376434326, -0.9540129899978638, -1.119380235671997, -1.0414454936981201, 5.089561939239502]","[-0.9214828610420227, -1.0532405376434326, -0.9540129899978638, -1.119380235671997, -1.0414454936981201, 5.089561939239502]",1,1,True,"['A', 'F']","['A', 'F']"
5ae377a35542994393b9e6db::working_set_pack_a,5ae377a35542994393b9e6db,"['A', 'B', 'C', 'D', 'E', 'F']","[0, 1, 0, 1, 0, 0]","[-0.6397983431816101, -0.25256526470184326, -0.7670209407806396, 3.134037971496582, -0.7200151085853577, -0.7546389102935791]","[-0.6397983431816101, -0.25256526470184326, -0.7670209407806396, 3.134037971496582, -0.7200151085853577, -0.7546389102935791]","[0.6397983431816101, 0.25256526470184326, 0.7670209407806396, -3.134037971496582, 0.7200151085853577, 0.7546389102935791]",-1,-1,True,"['B', 'D']","['B', 'D']"
5ae377a35542994393b9e6db::active_set_pack_a,5ae377a35542994393b9e6db,"['A', 'B', 'C', 'D', 'E', 'F']","[0, 1, 0, 1, 0, 0]","[-0.7177232503890991, 3.161320447921753, -0.8472277522087097, 0.17033565044403076, -0.7634363174438477, -1.0032696723937988]","[-0.7177232503890991, 3.161320447921753, -0.8472277522087097, 0.17033565044403076, -0.7634363174438477, -1.0032696723937988]","[-0.7177232503890991, 3.161320447921753, -0.8472277522087097, 0.17033565044403076, -0.7634363174438477, -1.0032696723937988]",1,1,True,"['B', 'D']","['B', 'D']"
5ae377a35542994393b9e6db::working_set_pack_b,5ae377a35542994393b9e6db,"['A', 'B', 'C', 'D', 'E', 'F']","[0, 1, 0, 1, 0, 0]","[-0.6671475172042847, 3.5595099925994873, -0.7516367435455322, -0.4794937074184418, -0.7257549166679382, -0.935478150844574]","[-0.6671475172042847, 3.5595099925994873, -0.7516367435455322, -0.4794937074184418, -0.7257549166679382, -0.935478150844574]","[-0.6671475172042847, 3.5595099925994873, -0.7516367435455322, -0.4794937074184418, -0.7257549166679382, -0.935478150844574]",1,1,True,"['B', 'D']","['B', 'D']"
5ae377a35542994393b9e6db::active_set_pack_b,5ae377a35542994393b9e6db,"['A', 'B', 'C', 'D', 'E', 'F']","[0, 1, 0, 1, 0, 0]","[-0.3844612240791321, 3.1402618885040283, -0.4287588894367218, -1.3794132471084595, -0.39317452907562256, -0.5544546842575073]","[-0.3844612240791321, 3.1402618885040283, -0.4287588894367218, -1.3794132471084595, -0.39317452907562256, -0.5544546842575073]","[-0.3844612240791321, 3.1402618885040283, -0.4287588894367218, -1.3794132471084595, -0.39317452907562256, -0.5544546842575073]",1,1,True,"['B', 'D']","['B', 'D']"
5a7906f55542990784727792::working_set_pack_a,5a7906f55542990784727792,"['A', 'B', 'C', 'D', 'E', 'F']","[0, 0, 0, 0, 1, 1]","[-0.8672325015068054, -1.0302268266677856, -0.9662106037139893, -0.9293962121009827, -0.7267225980758667, 4.5197882652282715]","[-0.8672325015068054, -1.0302268266677856, -0.9662106037139893, -0.9293962121009827, -0.7267225980758667, 4.5197882652282715]","[0.8672325015068054, 1.0302268266677856, 0.9662106037139893, 0.9293962121009827, 0.7267225980758667, -4.5197882652282715]",-1,-1,False,"['D', 'F']","['E', 'F']"
5a7906f55542990784727792::active_set_pack_a,5a7906f55542990784727792,"['A', 'B', 'C', 'D', 'E', 'F']","[0, 0, 0, 0, 1, 1]","[-0.6969549655914307, -0.8900408148765564, -0.817705512046814, -0.7722358107566833, -0.5937461256980896, 3.7706828117370605]","[-0.6969549655914307, -0.8900408148765564, -0.817705512046814, -0.7722358107566833, -0.5937461256980896, 3.7706828117370605]","[0.6969549655914307, 0.8900408148765564, 0.817705512046814, 0.7722358107566833, 0.5937461256980896, -3.7706828117370605]",-1,-1,False,"['D', 'F']","['E', 'F']"
5a7906f55542990784727792::working_set_pack_b,5a7906f55542990784727792,"['A', 'B', 'C', 'D', 'E', 'F']","[0, 0, 0, 0, 1, 1]","[-0.9843592643737793, -1.149645209312439, -1.0550625324249268, -1.050939917564392, -0.7842521667480469, 5.024259567260742]","[-0.9843592643737793, -1.149645209312439, -1.0550625324249268, -1.050939917564392, -0.7842521667480469, 5.024259567260742]","[0.9843592643737793, 1.149645209312439, 1.0550625324249268, 1.050939917564392, 0.7842521667480469, -5.024259567260742]",-1,-1,False,"['D', 'F']","['E', 'F']"
5a7906f55542990784727792::active_set_pack_b,5a7906f55542990784727792,"['A', 'B', 'C', 'D', 'E', 'F']","[0, 0, 0, 0, 1, 1]","[-0.7551227807998657, -0.9598999619483948, -0.8488247990608215, -0.8346204161643982, -0.6371176838874817, 4.035585403442383]","[0.7551227807998657, 0.9598999619483948, 0.8488247990608215, 0.8346204161643982, 0.6371176838874817, -4.035585403442383]","[0.7551227807998657, 0.9598999619483948, 0.8488247990608215, 0.8346204161643982, 0.6371176838874817, -4.035585403442383]",-1,1,False,"['A', 'E']","['E', 'F']"
5ab74412554299110f219ae8::working_set_pack_a,5ab74412554299110f219ae8,"['A', 'B', 'C', 'D', 'E', 'F']","[1, 1, 0, 0, 0, 0]","[-0.42928579449653625, 3.257972002029419, -0.689537525177002, -0.6723887324333191, -0.6281631588935852, -0.8385970592498779]","[-0.42928579449653625, 3.257972002029419, -0.689537525177002, -0.6723887324333191, -0.6281631588935852, -0.8385970592498779]","[-0.42928579449653625, 3.257972002029419, -0.689537525177002, -0.6723887324333191, -0.6281631588935852, -0.8385970592498779]",1,1,False,"['B', 'E']","['A', 'B']"
5ab74412554299110f219ae8::active_set_pack_a,5ab74412554299110f219ae8,"['A', 'B', 'C', 'D', 'E', 'F']","[1, 1, 0, 0, 0, 0]","[-0.4767102003097534, 3.3642423152923584, -0.7037348747253418, -0.6818504333496094, -0.6308855414390564, -0.8710606694221497]","[-0.4767102003097534, 3.3642423152923584, -0.7037348747253418, -0.6818504333496094, -0.6308855414390564, -0.8710606694221497]","[-0.4767102003097534, 3.3642423152923584, -0.7037348747253418, -0.6818504333496094, -0.6308855414390564, -0.8710606694221497]",1,1,False,"['B', 'E']","['A', 'B']"
5ab74412554299110f219ae8::working_set_pack_b,5ab74412554299110f219ae8,"['A', 'B', 'C', 'D', 'E', 'F']","[1, 1, 0, 0, 0, 0]","[-0.5773493647575378, 3.621396064758301, -0.7262089252471924, -0.7073003053665161, -0.6530210375785828, -0.9575167894363403]","[-0.5773493647575378, 3.621396064758301, -0.7262089252471924, -0.7073003053665161, -0.6530210375785828, -0.9575167894363403]","[-0.5773493647575378, 3.621396064758301, -0.7262089252471924, -0.7073003053665161, -0.6530210375785828, -0.9575167894363403]",1,1,False,"['B', 'E']","['A', 'B']"
5ab74412554299110f219ae8::active_set_pack_b,5ab74412554299110f219ae8,"['A', 'B', 'C', 'D', 'E', 'F']","[1, 1, 0, 0, 0, 0]","[-0.6138508319854736, 3.8114097118377686, -0.754152774810791, -0.7534523010253906, -0.6938645839691162, -0.9960891604423523]","[-0.6138508319854736, 3.8114097118377686, -0.754152774810791, -0.7534523010253906, -0.6938645839691162, -0.9960891604423523]","[-0.6138508319854736, 3.8114097118377686, -0.754152774810791, -0.7534523010253906, -0.6938645839691162, -0.9960891604423523]",1,1,False,"['B', 'E']","['A', 'B']"
5ac4bfd05542997ea680caab::working_set_pack_a,5ac4bfd05542997ea680caab,"['A', 'B', 'C', 'D', 'E', 'F']","[1, 0, 0, 1, 0, 0]","[0.8057159781455994, 0.8694811463356018, -3.6518120765686035, 0.778422474861145, 0.5730170607566833, 0.6251757144927979]","[-0.8057159781455994, -0.8694811463356018, 3.6518120765686035, -0.778422474861145, -0.5730170607566833, -0.6251757144927979]","[-0.8057159781455994, -0.8694811463356018, 3.6518120765686035, -0.778422474861145, -0.5730170607566833, -0.6251757144927979]",-1,1,False,"['C', 'D']","['A', 'D']"
5ac4bfd05542997ea680caab::active_set_pack_a,5ac4bfd05542997ea680caab,"['A', 'B', 'C', 'D', 'E', 'F']","[1, 0, 0, 1, 0, 0]","[0.9118131995201111, 0.9732287526130676, -4.244589805603027, 0.8819466829299927, 0.7615130543708801, 0.7160881757736206]","[-0.9118131995201111, -0.9732287526130676, 4.244589805603027, -0.8819466829299927, -0.7615130543708801, -0.7160881757736206]","[-0.9118131995201111, -0.9732287526130676, 4.244589805603027, -0.8819466829299927, -0.7615130543708801, -0.7160881757736206]",-1,1,False,"['C', 'D']","['A', 'D']"
5ac4bfd05542997ea680caab::working_set_pack_b,5ac4bfd05542997ea680caab,"['A', 'B', 'C', 'D', 'E', 'F']","[1, 0, 0, 1, 0, 0]","[0.9017112255096436, 0.9537700414657593, -4.221717357635498, 0.8571370840072632, 0.9683176279067993, 0.5407823920249939]","[-0.9017112255096436, -0.9537700414657593, 4.221717357635498, -0.8571370840072632, -0.9683176279067993, -0.5407823920249939]","[-0.9017112255096436, -0.9537700414657593, 4.221717357635498, -0.8571370840072632, -0.9683176279067993, -0.5407823920249939]",-1,1,False,"['C', 'D']","['A', 'D']"
5ac4bfd05542997ea680caab::active_set_pack_b,5ac4bfd05542997ea680caab,"['A', 'B', 'C', 'D', 'E', 'F']","[1, 0, 0, 1, 0, 0]","[1.0751290321350098, 1.115378737449646, -5.27847146987915, 1.0630296468734741, 1.1136587858200073, 0.9112754464149475]","[-1.0751290321350098, -1.115378737449646, 5.27847146987915, -1.0630296468734741, -1.1136587858200073, -0.9112754464149475]","[-1.0751290321350098, -1.115378737449646, 5.27847146987915, -1.0630296468734741, -1.1136587858200073, -0.9112754464149475]",-1,1,False,"['C', 'E']","['A', 'D']"
5ab72adb5542993667793f5d::working_set_pack_a,5ab72adb5542993667793f5d,"['A', 'B', 'C', 'D', 'E', 'F']","[1, 0, 0, 0, 0, 1]","[0.4629509747028351, -2.508990526199341, 0.6429110765457153, 0.6044029593467712, 0.5861802101135254, 0.2125454545021057]","[-0.4629509747028351, 2.508990526199341, -0.6429110765457153, -0.6044029593467712, -0.5861802101135254, -0.2125454545021057]","[0.4629509747028351, -2.508990526199341, 0.6429110765457153, 0.6044029593467712, 0.5861802101135254, 0.2125454545021057]",1,-1,False,"['B', 'F']","['A', 'F']"
5ab72adb5542993667793f5d::active_set_pack_a,5ab72adb5542993667793f5d,"['A', 'B', 'C', 'D', 'E', 'F']","[1, 0, 0, 0, 0, 1]","[0.49612244963645935, -2.5126748085021973, 0.6637143492698669, 0.622550904750824, 0.6057834625244141, 0.12450417876243591]","[-0.49612244963645935, 2.5126748085021973, -0.6637143492698669, -0.622550904750824, -0.6057834625244141, -0.12450417876243591]","[0.49612244963645935, -2.5126748085021973, 0.6637143492698669, 0.622550904750824, 0.6057834625244141, 0.12450417876243591]",1,-1,False,"['B', 'F']","['A', 'F']"
5ab72adb5542993667793f5d::working_set_pack_b,5ab72adb5542993667793f5d,"['A', 'B', 'C', 'D', 'E', 'F']","[1, 0, 0, 0, 0, 1]","[0.5169568657875061, -2.442390203475952, 0.674954354763031, 0.6257750391960144, 0.6089538931846619, 0.015750793740153313]","[-0.5169568657875061, 2.442390203475952, -0.674954354763031, -0.6257750391960144, -0.6089538931846619, -0.015750793740153313]","[-0.5169568657875061, 2.442390203475952, -0.674954354763031, -0.6257750391960144, -0.6089538931846619, -0.015750793740153313]",-1,1,False,"['B', 'F']","['A', 'F']"
5ab72adb5542993667793f5d::active_set_pack_b,5ab72adb5542993667793f5d,"['A', 'B', 'C', 'D', 'E', 'F']","[1, 0, 0, 0, 0, 1]","[0.4729881286621094, -2.3548085689544678, 0.6222437620162964, 0.5889415144920349, 0.5707021951675415, 0.09993339329957962]","[-0.4729881286621094, 2.3548085689544678, -0.6222437620162964, -0.5889415144920349, -0.5707021951675415, -0.09993339329957962]","[-0.4729881286621094, 2.3548085689544678, -0.6222437620162964, -0.5889415144920349, -0.5707021951675415, -0.09993339329957962]",-1,1,False,"['B', 'F']","['A', 'F']"
5abb06bc554299232ef4a3bb::working_set_pack_a,5abb06bc554299232ef4a3bb,"['A', 'B', 'C', 'D', 'E', 'F']","[0, 0, 0, 1, 0, 1]","[-0.5659879446029663, -0.5106537342071533, -0.5594565868377686, -0.5569955110549927, -0.5213411450386047, 2.71443510055542]","[-0.5659879446029663, -0.5106537342071533, -0.5594565868377686, -0.5569955110549927, -0.5213411450386047, 2.71443510055542]","[-0.5659879446029663, -0.5106537342071533, -0.5594565868377686, -0.5569955110549927, -0.5213411450386047, 2.71443510055542]",1,1,False,"['C', 'F']","['D', 'F']"
5abb06bc554299232ef4a3bb::active_set_pack_a,5abb06bc554299232ef4a3bb,"['A', 'B', 'C', 'D', 'E', 'F']","[0, 0, 0, 1, 0, 1]","[-0.21265600621700287, -0.16378480195999146, -1.4643138647079468, -0.20650073885917664, -0.18266822397708893, 2.229924201965332]","[-0.21265600621700287, -0.16378480195999146, -1.4643138647079468, -0.20650073885917664, -0.18266822397708893, 2.229924201965332]","[-0.21265600621700287, -0.16378480195999146, -1.4643138647079468, -0.20650073885917664, -0.18266822397708893, 2.229924201965332]",1,1,False,"['C', 'F']","['D', 'F']"
5abb06bc554299232ef4a3bb::working_set_pack_b,5abb06bc554299232ef4a3bb,"['A', 'B', 'C', 'D', 'E', 'F']","[0, 0, 0, 1, 0, 1]","[-0.5742931962013245, -0.5013289451599121, -0.6866485476493835, -0.5776578187942505, -0.5865492224693298, 2.926478147506714]","[-0.5742931962013245, -0.5013289451599121, -0.6866485476493835, -0.5776578187942505, -0.5865492224693298, 2.926478147506714]","[-0.5742931962013245, -0.5013289451599121, -0.6866485476493835, -0.5776578187942505, -0.5865492224693298, 2.926478147506714]",1,1,False,"['C', 'F']","['D', 'F']"
5abb06bc554299232ef4a3bb::active_set_pack_b,5abb06bc554299232ef4a3bb,"['A', 'B', 'C', 'D', 'E', 'F']","[0, 0, 0, 1, 0, 1]","[-0.7416234016418457, -0.6816588640213013, -0.7457547783851624, -0.7509356737136841, -0.7058776021003723, 3.625849962234497]","[-0.7416234016418457, -0.6816588640213013, -0.7457547783851624, -0.7509356737136841, -0.7058776021003723, 3.625849962234497]","[-0.7416234016418457, -0.6816588640213013, -0.7457547783851624, -0.7509356737136841, -0.7058776021003723, 3.625849962234497]",1,1,False,"['C', 'F']","['D', 'F']"
5ae3cf7e5542990afbd1e1e2::working_set_pack_a,5ae3cf7e5542990afbd1e1e2,"['A', 'B', 'C', 'D', 'E', 'F']","[1, 0, 1, 0, 0, 0]","[-0.48184934258461, -0.5484360456466675, 2.919300079345703, -0.6555958390235901, -0.6089539527893066, -0.6244646310806274]","[-0.48184934258461, -0.5484360456466675, 2.919300079345703, -0.6555958390235901, -0.6089539527893066, -0.6244646310806274]","[-0.48184934258461, -0.5484360456466675, 2.919300079345703, -0.6555958390235901, -0.6089539527893066, -0.6244646310806274]",1,1,True,"['A', 'C']","['A', 'C']"
5ae3cf7e5542990afbd1e1e2::active_set_pack_a,5ae3cf7e5542990afbd1e1e2,"['A', 'B', 'C', 'D', 'E', 'F']","[1, 0, 1, 0, 0, 0]","[-0.6498103737831116, -0.7404718399047852, 3.833188533782959, -0.8361468315124512, -0.79697585105896, -0.8097838163375854]","[-0.6498103737831116, -0.7404718399047852, 3.833188533782959, -0.8361468315124512, -0.79697585105896, -0.8097838163375854]","[-0.6498103737831116, -0.7404718399047852, 3.833188533782959, -0.8361468315124512, -0.79697585105896, -0.8097838163375854]",1,1,True,"['A', 'C']","['A', 'C']"
5ae3cf7e5542990afbd1e1e2::working_set_pack_b,5ae3cf7e5542990afbd1e1e2,"['A', 'B', 'C', 'D', 'E', 'F']","[1, 0, 1, 0, 0, 0]","[-0.6673508882522583, -0.7065707445144653, 3.7184548377990723, -0.8054090142250061, -0.767062783241272, -0.7720615863800049]","[-0.6673508882522583, -0.7065707445144653, 3.7184548377990723, -0.8054090142250061, -0.767062783241272, -0.7720615863800049]","[-0.6673508882522583, -0.7065707445144653, 3.7184548377990723, -0.8054090142250061, -0.767062783241272, -0.7720615863800049]",1,1,True,"['A', 'C']","['A', 'C']"
5ae3cf7e5542990afbd1e1e2::active_set_pack_b,5ae3cf7e5542990afbd1e1e2,"['A', 'B', 'C', 'D', 'E', 'F']","[1, 0, 1, 0, 0, 0]","[-0.9268406629562378, -0.9716172218322754, 4.9667558670043945, -1.0251152515411377, -1.0142425298690796, -1.0289404392242432]","[-0.9268406629562378, -0.9716172218322754, 4.9667558670043945, -1.0251152515411377, -1.0142425298690796, -1.0289404392242432]","[-0.9268406629562378, -0.9716172218322754, 4.9667558670043945, -1.0251152515411377, -1.0142425298690796, -1.0289404392242432]",1,1,True,"['A', 'C']","['A', 'C']"
5a7315015542994cef4bc448::working_set_pack_a,5a7315015542994cef4bc448,"['A', 'B', 'C', 'D', 'E', 'F']","[1, 0, 0, 0, 1, 0]","[-0.6394267082214355, -0.7342816591262817, -0.582810640335083, -0.6966055035591125, 3.579418182373047, -0.9262933731079102]","[-0.6394267082214355, -0.7342816591262817, -0.582810640335083, -0.6966055035591125, 3.579418182373047, -0.9262933731079102]","[0.6394267082214355, 0.7342816591262817, 0.582810640335083, 0.6966055035591125, -3.579418182373047, 0.9262933731079102]",-1,-1,False,"['E', 'F']","['A', 'E']"
5a7315015542994cef4bc448::active_set_pack_a,5a7315015542994cef4bc448,"['A', 'B', 'C', 'D', 'E', 'F']","[1, 0, 0, 0, 1, 0]","[-0.6282550096511841, -0.7236602902412415, -0.5697928071022034, -0.6937090158462524, 3.581326484680176, -0.9659103751182556]","[-0.6282550096511841, -0.7236602902412415, -0.5697928071022034, -0.6937090158462524, 3.581326484680176, -0.9659103751182556]","[0.6282550096511841, 0.7236602902412415, 0.5697928071022034, 0.6937090158462524, -3.581326484680176, 0.9659103751182556]",-1,-1,False,"['E', 'F']","['A', 'E']"
5a7315015542994cef4bc448::working_set_pack_b,5a7315015542994cef4bc448,"['A', 'B', 'C', 'D', 'E', 'F']","[1, 0, 0, 0, 1, 0]","[-0.6468847990036011, -0.7829736471176147, -0.5568931698799133, -0.7034485340118408, 3.645028591156006, -0.954828679561615]","[-0.6468847990036011, -0.7829736471176147, -0.5568931698799133, -0.7034485340118408, 3.645028591156006, -0.954828679561615]","[0.6468847990036011, 0.7829736471176147, 0.5568931698799133, 0.7034485340118408, -3.645028591156006, 0.954828679561615]",-1,-1,False,"['E', 'F']","['A', 'E']"
5a7315015542994cef4bc448::active_set_pack_b,5a7315015542994cef4bc448,"['A', 'B', 'C', 'D', 'E', 'F']","[1, 0, 0, 0, 1, 0]","[-0.7357195019721985, -0.8184389472007751, -0.682007908821106, -0.8161978721618652, 4.044925212860107, -0.9925608038902283]","[-0.7357195019721985, -0.8184389472007751, -0.682007908821106, -0.8161978721618652, 4.044925212860107, -0.9925608038902283]","[0.7357195019721985, 0.8184389472007751, 0.682007908821106, 0.8161978721618652, -4.044925212860107, 0.9925608038902283]",-1,-1,False,"['E', 'F']","['A', 'E']"
5ab1ce395542997061209579::working_set_pack_a,5ab1ce395542997061209579,"['A', 'B', 'C', 'D', 'E', 'F']","[1, 1, 0, 0, 0, 0]","[2.0239312648773193, -0.2069268524646759, -0.5263031721115112, -0.4409520924091339, -0.5191721320152283, -0.33057621121406555]","[2.0239312648773193, -0.2069268524646759, -0.5263031721115112, -0.4409520924091339, -0.5191721320152283, -0.33057621121406555]","[-2.0239312648773193, 0.2069268524646759, 0.5263031721115112, 0.4409520924091339, 0.5191721320152283, 0.33057621121406555]",-1,-1,False,"['A', 'F']","['A', 'B']"
5ab1ce395542997061209579::active_set_pack_a,5ab1ce395542997061209579,"['A', 'B', 'C', 'D', 'E', 'F']","[1, 1, 0, 0, 0, 0]","[2.0902721881866455, -0.24137306213378906, -0.5284860134124756, -0.44823020696640015, -0.5302533507347107, -0.34193024039268494]","[2.0902721881866455, -0.24137306213378906, -0.5284860134124756, -0.44823020696640015, -0.5302533507347107, -0.34193024039268494]","[-2.0902721881866455, 0.24137306213378906, 0.5284860134124756, 0.44823020696640015, 0.5302533507347107, 0.34193024039268494]",-1,-1,True,"['A', 'B']","['A', 'B']"
5ab1ce395542997061209579::working_set_pack_b,5ab1ce395542997061209579,"['A', 'B', 'C', 'D', 'E', 'F']","[1, 1, 0, 0, 0, 0]","[1.48630952835083, -0.10375702381134033, -0.33152514696121216, -0.34117528796195984, -0.49017977714538574, -0.2196723222732544]","[1.48630952835083, -0.10375702381134033, -0.33152514696121216, -0.34117528796195984, -0.49017977714538574, -0.2196723222732544]","[-1.48630952835083, 0.10375702381134033, 0.33152514696121216, 0.34117528796195984, 0.49017977714538574, 0.2196723222732544]",-1,-1,False,"['A', 'F']","['A', 'B']"
5ab1ce395542997061209579::active_set_pack_b,5ab1ce395542997061209579,"['A', 'B', 'C', 'D', 'E', 'F']","[1, 1, 0, 0, 0, 0]","[1.5994603633880615, -0.08595957607030869, -0.3897991478443146, -0.3870224952697754, -0.5528019666671753, -0.18387678265571594]","[1.5994603633880615, -0.08595957607030869, -0.3897991478443146, -0.3870224952697754, -0.5528019666671753, -0.18387678265571594]","[-1.5994603633880615, 0.08595957607030869, 0.3897991478443146, 0.3870224952697754, 0.5528019666671753, 0.18387678265571594]",-1,-1,True,"['A', 'B']","['A', 'B']"
5a8afba155429949d91db458::working_set_pack_a,5a8afba155429949d91db458,"['A', 'B', 'C', 'D', 'E', 'F']","[0, 0, 0, 1, 1, 0]","[0.2465161830186844, 0.28142568469047546, -1.1796393394470215, -0.216986283659935, 0.28607162833213806, 0.5826122164726257]","[-0.2465161830186844, -0.28142568469047546, 1.1796393394470215, 0.216986283659935, -0.28607162833213806, -0.5826122164726257]","[-0.2465161830186844, -0.28142568469047546, 1.1796393394470215, 0.216986283659935, -0.28607162833213806, -0.5826122164726257]",-1,1,False,"['C', 'E']","['D', 'E']"
5a8afba155429949d91db458::active_set_pack_a,5a8afba155429949d91db458,"['A', 'B', 'C', 'D', 'E', 'F']","[0, 0, 0, 1, 1, 0]","[-0.39968356490135193, -0.4116612374782562, 0.15156392753124237, 1.5300856828689575, -0.14662007987499237, -0.7236846685409546]","[-0.39968356490135193, -0.4116612374782562, 0.15156392753124237, 1.5300856828689575, -0.14662007987499237, -0.7236846685409546]","[-0.39968356490135193, -0.4116612374782562, 0.15156392753124237, 1.5300856828689575, -0.14662007987499237, -0.7236846685409546]",1,1,False,"['C', 'E']","['D', 'E']"
5a8afba155429949d91db458::working_set_pack_b,5a8afba155429949d91db458,"['A', 'B', 'C', 'D', 'E', 'F']","[0, 0, 0, 1, 1, 0]","[-0.3797878921031952, -0.40766334533691406, 1.3710658550262451, 0.47706475853919983, -0.32523414492607117, -0.7354448437690735]","[-0.3797878921031952, -0.40766334533691406, 1.3710658550262451, 0.47706475853919983, -0.32523414492607117, -0.7354448437690735]","[-0.3797878921031952, -0.40766334533691406, 1.3710658550262451, 0.47706475853919983, -0.32523414492607117, -0.7354448437690735]",1,1,False,"['C', 'E']","['D', 'E']"
5a8afba155429949d91db458::active_set_pack_b,5a8afba155429949d91db458,"['A', 'B', 'C', 'D', 'E', 'F']","[0, 0, 0, 1, 1, 0]","[0.42307615280151367, 0.4528169333934784, -2.325286388397217, 0.43665236234664917, 0.4861699342727661, 0.5265713334083557]","[-0.42307615280151367, -0.4528169333934784, 2.325286388397217, -0.43665236234664917, -0.4861699342727661, -0.5265713334083557]","[-0.42307615280151367, -0.4528169333934784, 2.325286388397217, -0.43665236234664917, -0.4861699342727661, -0.5265713334083557]",-1,1,False,"['C', 'E']","['D', 'E']"
5ade5a245542997c77adee0c::working_set_pack_a,5ade5a245542997c77adee0c,"['A', 'B', 'C', 'D', 'E', 'F']","[0, 0, 1, 0, 1, 0]","[-0.8173465728759766, -0.8733523488044739, 4.345509052276611, -1.0462617874145508, -0.8105879426002502, -0.7979613542556763]","[-0.8173465728759766, -0.8733523488044739, 4.345509052276611, -1.0462617874145508, -0.8105879426002502, -0.7979613542556763]","[-0.8173465728759766, -0.8733523488044739, 4.345509052276611, -1.0462617874145508, -0.8105879426002502, -0.7979613542556763]",1,1,True,"['C', 'E']","['C', 'E']"
5ade5a245542997c77adee0c::active_set_pack_a,5ade5a245542997c77adee0c,"['A', 'B', 'C', 'D', 'E', 'F']","[0, 0, 1, 0, 1, 0]","[-0.8557552695274353, -0.9035559892654419, 4.510215759277344, -1.061728596687317, -0.8391776084899902, -0.849997878074646]","[-0.8557552695274353, -0.9035559892654419, 4.510215759277344, -1.061728596687317, -0.8391776084899902, -0.849997878074646]","[-0.8557552695274353, -0.9035559892654419, 4.510215759277344, -1.061728596687317, -0.8391776084899902, -0.849997878074646]",1,1,True,"['C', 'E']","['C', 'E']"
5ade5a245542997c77adee0c::working_set_pack_b,5ade5a245542997c77adee0c,"['A', 'B', 'C', 'D', 'E', 'F']","[0, 0, 1, 0, 1, 0]","[-0.9910479187965393, -1.0384609699249268, 5.101792335510254, -1.175249695777893, -0.9655024409294128, -0.9315313100814819]","[-0.9910479187965393, -1.0384609699249268, 5.101792335510254, -1.175249695777893, -0.9655024409294128, -0.9315313100814819]","[-0.9910479187965393, -1.0384609699249268, 5.101792335510254, -1.175249695777893, -0.9655024409294128, -0.9315313100814819]",1,1,True,"['C', 'E']","['C', 'E']"
5ade5a245542997c77adee0c::active_set_pack_b,5ade5a245542997c77adee0c,"['A', 'B', 'C', 'D', 'E', 'F']","[0, 0, 1, 0, 1, 0]","[-0.9172806143760681, -0.9642605781555176, 4.728336334228516, -1.0717313289642334, -0.8956021666526794, -0.8794613480567932]","[-0.9172806143760681, -0.9642605781555176, 4.728336334228516, -1.0717313289642334, -0.8956021666526794, -0.8794613480567932]","[-0.9172806143760681, -0.9642605781555176, 4.728336334228516, -1.0717313289642334, -0.8956021666526794, -0.8794613480567932]",1,1,True,"['C', 'E']","['C', 'E']"
5ae65d055542996d980e7b14::working_set_pack_a,5ae65d055542996d980e7b14,"['A', 'B', 'C', 'D', 'E', 'F']","[0, 0, 1, 1, 0, 0]","[-0.7876425981521606, -0.7448930144309998, 3.5255022048950195, -0.3274034857749939, -0.7695477604866028, -0.8960155248641968]","[-0.7876425981521606, -0.7448930144309998, 3.5255022048950195, -0.3274034857749939, -0.7695477604866028, -0.8960155248641968]","[-0.7876425981521606, -0.7448930144309998, 3.5255022048950195, -0.3274034857749939, -0.7695477604866028, -0.8960155248641968]",1,1,True,"['C', 'D']","['C', 'D']"
5ae65d055542996d980e7b14::active_set_pack_a,5ae65d055542996d980e7b14,"['A', 'B', 'C', 'D', 'E', 'F']","[0, 0, 1, 1, 0, 0]","[-0.6897556185722351, -0.5811017155647278, 2.729221820831299, 0.11548730731010437, -0.7322937250137329, -0.8415579199790955]","[-0.6897556185722351, -0.5811017155647278, 2.729221820831299, 0.11548730731010437, -0.7322937250137329, -0.8415579199790955]","[-0.6897556185722351, -0.5811017155647278, 2.729221820831299, 0.11548730731010437, -0.7322937250137329, -0.8415579199790955]",1,1,True,"['C', 'D']","['C', 'D']"
5ae65d055542996d980e7b14::working_set_pack_b,5ae65d055542996d980e7b14,"['A', 'B', 'C', 'D', 'E', 'F']","[0, 0, 1, 1, 0, 0]","[-0.8803520798683167, -0.7952744960784912, 3.9103455543518066, -0.44301837682724, -0.8183643221855164, -0.9733363389968872]","[-0.8803520798683167, -0.7952744960784912, 3.9103455543518066, -0.44301837682724, -0.8183643221855164, -0.9733363389968872]","[-0.8803520798683167, -0.7952744960784912, 3.9103455543518066, -0.44301837682724, -0.8183643221855164, -0.9733363389968872]",1,1,True,"['C', 'D']","['C', 'D']"
5ae65d055542996d980e7b14::active_set_pack_b,5ae65d055542996d980e7b14,"['A', 'B', 'C', 'D', 'E', 'F']","[0, 0, 1, 1, 0, 0]","[-1.0148651599884033, -0.9026399254798889, 4.795057773590088, -0.7399097681045532, -1.0441234111785889, -1.0935192108154297]","[-1.0148651599884033, -0.9026399254798889, 4.795057773590088, -0.7399097681045532, -1.0441234111785889, -1.0935192108154297]","[-1.0148651599884033, -0.9026399254798889, 4.795057773590088, -0.7399097681045532, -1.0441234111785889, -1.0935192108154297]",1,1,True,"['C', 'D']","['C', 'D']"
5a8a698255429930ff3c0dcf::working_set_pack_a,5a8a698255429930ff3c0dcf,"['A', 'B', 'C', 'D', 'E', 'F']","[0, 1, 0, 1, 0, 0]","[-0.9317337870597839, -0.708080530166626, -1.013047218322754, 4.83223295211792, -1.1550192832946777, -1.024351954460144]","[-0.9317337870597839, -0.708080530166626, -1.013047218322754, 4.83223295211792, -1.1550192832946777, -1.024351954460144]","[0.9317337870597839, 0.708080530166626, 1.013047218322754, -4.83223295211792, 1.1550192832946777, 1.024351954460144]",-1,-1,True,"['B', 'D']","['B', 'D']"
5a8a698255429930ff3c0dcf::active_set_pack_a,5a8a698255429930ff3c0dcf,"['A', 'B', 'C', 'D', 'E', 'F']","[0, 1, 0, 1, 0, 0]","[-0.9686756730079651, -0.7277607917785645, -1.0498617887496948, 5.058457374572754, -1.2195411920547485, -1.0926183462142944]","[-0.9686756730079651, -0.7277607917785645, -1.0498617887496948, 5.058457374572754, -1.2195411920547485, -1.0926183462142944]","[0.9686756730079651, 0.7277607917785645, 1.0498617887496948, -5.058457374572754, 1.2195411920547485, 1.0926183462142944]",-1,-1,True,"['B', 'D']","['B', 'D']"
5a8a698255429930ff3c0dcf::working_set_pack_b,5a8a698255429930ff3c0dcf,"['A', 'B', 'C', 'D', 'E', 'F']","[0, 1, 0, 1, 0, 0]","[-0.9901909828186035, -0.8140172362327576, -1.1003327369689941, 5.29234504699707, -1.2806724309921265, -1.1071317195892334]","[-0.9901909828186035, -0.8140172362327576, -1.1003327369689941, 5.29234504699707, -1.2806724309921265, -1.1071317195892334]","[0.9901909828186035, 0.8140172362327576, 1.1003327369689941, -5.29234504699707, 1.2806724309921265, 1.1071317195892334]",-1,-1,True,"['B', 'D']","['B', 'D']"
5a8a698255429930ff3c0dcf::active_set_pack_b,5a8a698255429930ff3c0dcf,"['A', 'B', 'C', 'D', 'E', 'F']","[0, 1, 0, 1, 0, 0]","[-1.0171555280685425, -0.8690966367721558, -1.0687739849090576, 5.441452980041504, -1.3513141870498657, -1.1351128816604614]","[-1.0171555280685425, -0.8690966367721558, -1.0687739849090576, 5.441452980041504, -1.3513141870498657, -1.1351128816604614]","[1.0171555280685425, 0.8690966367721558, 1.0687739849090576, -5.441452980041504, 1.3513141870498657, 1.1351128816604614]",-1,-1,True,"['B', 'D']","['B', 'D']"
5ac4f4255542996feb3fe99d::working_set_pack_a,5ac4f4255542996feb3fe99d,"['A', 'B', 'C', 'D', 'E', 'F']","[0, 1, 0, 0, 0, 1]","[-0.449808806180954, -0.35470259189605713, -0.557305097579956, -0.5007472038269043, -0.6145787239074707, 2.477142095565796]","[-0.449808806180954, -0.35470259189605713, -0.557305097579956, -0.5007472038269043, -0.6145787239074707, 2.477142095565796]","[0.449808806180954, 0.35470259189605713, 0.557305097579956, 0.5007472038269043, 0.6145787239074707, -2.477142095565796]",-1,-1,True,"['B', 'F']","['B', 'F']"
5ac4f4255542996feb3fe99d::active_set_pack_a,5ac4f4255542996feb3fe99d,"['A', 'B', 'C', 'D', 'E', 'F']","[0, 1, 0, 0, 0, 1]","[-0.5354889035224915, -0.39803773164749146, -0.632899820804596, -0.5737020969390869, -0.6882679462432861, 2.828396797180176]","[-0.5354889035224915, -0.39803773164749146, -0.632899820804596, -0.5737020969390869, -0.6882679462432861, 2.828396797180176]","[0.5354889035224915, 0.39803773164749146, 0.632899820804596, 0.5737020969390869, 0.6882679462432861, -2.828396797180176]",-1,-1,True,"['B', 'F']","['B', 'F']"
5ac4f4255542996feb3fe99d::working_set_pack_b,5ac4f4255542996feb3fe99d,"['A', 'B', 'C', 'D', 'E', 'F']","[0, 1, 0, 0, 0, 1]","[-0.5559532046318054, -0.43174833059310913, -0.6643951535224915, -0.6023411750793457, -0.7534494996070862, 3.0078868865966797]","[-0.5559532046318054, -0.43174833059310913, -0.6643951535224915, -0.6023411750793457, -0.7534494996070862, 3.0078868865966797]","[0.5559532046318054, 0.43174833059310913, 0.6643951535224915, 0.6023411750793457, 0.7534494996070862, -3.0078868865966797]",-1,-1,True,"['B', 'F']","['B', 'F']"
5ac4f4255542996feb3fe99d::active_set_pack_b,5ac4f4255542996feb3fe99d,"['A', 'B', 'C', 'D', 'E', 'F']","[0, 1, 0, 0, 0, 1]","[-0.6926252841949463, -0.584324836730957, -0.7787219285964966, -0.7293534874916077, -0.843284010887146, 3.628309965133667]","[-0.6926252841949463, -0.584324836730957, -0.7787219285964966, -0.7293534874916077, -0.843284010887146, 3.628309965133667]","[0.6926252841949463, 0.584324836730957, 0.7787219285964966, 0.7293534874916077, 0.843284010887146, -3.628309965133667]",-1,-1,True,"['B', 'F']","['B', 'F']"
5a85d5ba5542997175ce205a::working_set_pack_a,5a85d5ba5542997175ce205a,"['A', 'B', 'C', 'D', 'E', 'F']","[0, 0, 1, 0, 1, 0]","[0.410459041595459, -2.08941650390625, 0.360114723443985, 0.37559789419174194, 0.4631071984767914, 0.4801371693611145]","[-0.410459041595459, 2.08941650390625, -0.360114723443985, -0.37559789419174194, -0.4631071984767914, -0.4801371693611145]","[-0.410459041595459, 2.08941650390625, -0.360114723443985, -0.37559789419174194, -0.4631071984767914, -0.4801371693611145]",-1,1,False,"['B', 'E']","['C', 'E']"
5a85d5ba5542997175ce205a::active_set_pack_a,5a85d5ba5542997175ce205a,"['A', 'B', 'C', 'D', 'E', 'F']","[0, 0, 1, 0, 1, 0]","[0.4476025700569153, -2.2176225185394287, 0.4054539203643799, 0.4101809859275818, 0.43079131841659546, 0.5235937833786011]","[-0.4476025700569153, 2.2176225185394287, -0.4054539203643799, -0.4101809859275818, -0.43079131841659546, -0.5235937833786011]","[-0.4476025700569153, 2.2176225185394287, -0.4054539203643799, -0.4101809859275818, -0.43079131841659546, -0.5235937833786011]",-1,1,False,"['B', 'E']","['C', 'E']"
5a85d5ba5542997175ce205a::working_set_pack_b,5a85d5ba5542997175ce205a,"['A', 'B', 'C', 'D', 'E', 'F']","[0, 0, 1, 0, 1, 0]","[0.5459923148155212, -2.668083667755127, 0.501802921295166, 0.5033203959465027, 0.5161005854606628, 0.6008678674697876]","[-0.5459923148155212, 2.668083667755127, -0.501802921295166, -0.5033203959465027, -0.5161005854606628, -0.6008678674697876]","[-0.5459923148155212, 2.668083667755127, -0.501802921295166, -0.5033203959465027, -0.5161005854606628, -0.6008678674697876]",-1,1,False,"['B', 'E']","['C', 'E']"
5a85d5ba5542997175ce205a::active_set_pack_b,5a85d5ba5542997175ce205a,"['A', 'B', 'C', 'D', 'E', 'F']","[0, 0, 1, 0, 1, 0]","[0.5619128346443176, -2.6996612548828125, 0.5243000984191895, 0.4913945496082306, 0.5137618780136108, 0.6082921028137207]","[-0.5619128346443176, 2.6996612548828125, -0.5243000984191895, -0.4913945496082306, -0.5137618780136108, -0.6082921028137207]","[-0.5619128346443176, 2.6996612548828125, -0.5243000984191895, -0.4913945496082306, -0.5137618780136108, -0.6082921028137207]",-1,1,False,"['B', 'E']","['C', 'E']"
5a8a1eb755429970aeb70261::working_set_pack_a,5a8a1eb755429970aeb70261,"['A', 'B', 'C', 'D', 'E', 'F']","[0, 0, 1, 0, 0, 1]","[-0.8530226945877075, -0.8936622142791748, 4.184543609619141, -0.9279586672782898, -0.6593915224075317, -0.8505087494850159]","[-0.8530226945877075, -0.8936622142791748, 4.184543609619141, -0.9279586672782898, -0.6593915224075317, -0.8505087494850159]","[-0.8530226945877075, -0.8936622142791748, 4.184543609619141, -0.9279586672782898, -0.6593915224075317, -0.8505087494850159]",1,1,True,"['C', 'F']","['C', 'F']"
5a8a1eb755429970aeb70261::active_set_pack_a,5a8a1eb755429970aeb70261,"['A', 'B', 'C', 'D', 'E', 'F']","[0, 0, 1, 0, 0, 1]","[-0.8968854546546936, -0.934630811214447, 4.373385906219482, -0.9671943187713623, -0.6788831353187561, -0.8957924246788025]","[-0.8968854546546936, -0.934630811214447, 4.373385906219482, -0.9671943187713623, -0.6788831353187561, -0.8957924246788025]","[-0.8968854546546936, -0.934630811214447, 4.373385906219482, -0.9671943187713623, -0.6788831353187561, -0.8957924246788025]",1,1,False,"['C', 'E']","['C', 'F']"
5a8a1eb755429970aeb70261::working_set_pack_b,5a8a1eb755429970aeb70261,"['A', 'B', 'C', 'D', 'E', 'F']","[0, 0, 1, 0, 0, 1]","[-0.9469967484474182, -0.9606413841247559, 4.631133556365967, -1.0262690782546997, -0.7611595988273621, -0.9360678791999817]","[-0.9469967484474182, -0.9606413841247559, 4.631133556365967, -1.0262690782546997, -0.7611595988273621, -0.9360678791999817]","[-0.9469967484474182, -0.9606413841247559, 4.631133556365967, -1.0262690782546997, -0.7611595988273621, -0.9360678791999817]",1,1,True,"['C', 'F']","['C', 'F']"
5a8a1eb755429970aeb70261::active_set_pack_b,5a8a1eb755429970aeb70261,"['A', 'B', 'C', 'D', 'E', 'F']","[0, 0, 1, 0, 0, 1]","[-0.9366425275802612, -0.9433245062828064, 4.580114841461182, -0.9712632894515991, -0.7697631120681763, -0.9591206908226013]","[-0.9366425275802612, -0.9433245062828064, 4.580114841461182, -0.9712632894515991, -0.7697631120681763, -0.9591206908226013]","[-0.9366425275802612, -0.9433245062828064, 4.580114841461182, -0.9712632894515991, -0.7697631120681763, -0.9591206908226013]",1,1,False,"['C', 'E']","['C', 'F']"
5ac3bb805542993915413909::working_set_pack_a,5ac3bb805542993915413909,"['A', 'B', 'C', 'D', 'E', 'F']","[0, 1, 1, 0, 0, 0]","[-0.6291396021842957, 2.7041966915130615, -0.19178813695907593, -0.6660915017127991, -0.5631844997406006, -0.6539926528930664]","[-0.6291396021842957, 2.7041966915130615, -0.19178813695907593, -0.6660915017127991, -0.5631844997406006, -0.6539926528930664]","[-0.6291396021842957, 2.7041966915130615, -0.19178813695907593, -0.6660915017127991, -0.5631844997406006, -0.6539926528930664]",1,1,True,"['B', 'C']","['B', 'C']"
5ac3bb805542993915413909::active_set_pack_a,5ac3bb805542993915413909,"['A', 'B', 'C', 'D', 'E', 'F']","[0, 1, 1, 0, 0, 0]","[-0.6869863271713257, 2.9581449031829834, -0.23581671714782715, -0.6933452486991882, -0.6244939565658569, -0.7175030708312988]","[-0.6869863271713257, 2.9581449031829834, -0.23581671714782715, -0.6933452486991882, -0.6244939565658569, -0.7175030708312988]","[-0.6869863271713257, 2.9581449031829834, -0.23581671714782715, -0.6933452486991882, -0.6244939565658569, -0.7175030708312988]",1,1,True,"['B', 'C']","['B', 'C']"
5ac3bb805542993915413909::working_set_pack_b,5ac3bb805542993915413909,"['A', 'B', 'C', 'D', 'E', 'F']","[0, 1, 1, 0, 0, 0]","[-0.5438122749328613, 1.6187891960144043, 0.7018963098526001, -0.5891314744949341, -0.5236831903457642, -0.6640588045120239]","[-0.5438122749328613, 1.6187891960144043, 0.7018963098526001, -0.5891314744949341, -0.5236831903457642, -0.6640588045120239]","[0.5438122749328613, -1.6187891960144043, -0.7018963098526001, 0.5891314744949341, 0.5236831903457642, 0.6640588045120239]",-1,-1,True,"['B', 'C']","['B', 'C']"
5ac3bb805542993915413909::active_set_pack_b,5ac3bb805542993915413909,"['A', 'B', 'C', 'D', 'E', 'F']","[0, 1, 1, 0, 0, 0]","[-0.6656873226165771, 2.4583492279052734, 0.33783531188964844, -0.7500014305114746, -0.6295551657676697, -0.75094074010849]","[-0.6656873226165771, 2.4583492279052734, 0.33783531188964844, -0.7500014305114746, -0.6295551657676697, -0.75094074010849]","[-0.6656873226165771, 2.4583492279052734, 0.33783531188964844, -0.7500014305114746, -0.6295551657676697, -0.75094074010849]",1,1,True,"['B', 'C']","['B', 'C']"
5a81102b554299260e20a22a::working_set_pack_a,5a81102b554299260e20a22a,"['A', 'B', 'C', 'D', 'E', 'F']","[1, 0, 1, 0, 0, 0]","[-0.022878345102071762, -0.11723162233829498, 0.926426351070404, -0.1090039536356926, -0.3503739535808563, -0.3269386291503906]","[0.022878345102071762, 0.11723162233829498, -0.926426351070404, 0.1090039536356926, 0.3503739535808563, 0.3269386291503906]","[-0.022878345102071762, -0.11723162233829498, 0.926426351070404, -0.1090039536356926, -0.3503739535808563, -0.3269386291503906]",1,-1,False,"['A', 'E']","['A', 'C']"
5a81102b554299260e20a22a::active_set_pack_a,5a81102b554299260e20a22a,"['A', 'B', 'C', 'D', 'E', 'F']","[1, 0, 1, 0, 0, 0]","[-0.027999423444271088, -0.1297670304775238, 0.9150769710540771, -0.1237630695104599, -0.27207332849502563, -0.3614739775657654]","[0.027999423444271088, 0.1297670304775238, -0.9150769710540771, 0.1237630695104599, 0.27207332849502563, 0.3614739775657654]","[-0.027999423444271088, -0.1297670304775238, 0.9150769710540771, -0.1237630695104599, -0.27207332849502563, -0.3614739775657654]",1,-1,False,"['A', 'E']","['A', 'C']"
5a81102b554299260e20a22a::working_set_pack_b,5a81102b554299260e20a22a,"['A', 'B', 'C', 'D', 'E', 'F']","[1, 0, 1, 0, 0, 0]","[-0.09366024285554886, -0.14444474875926971, 0.9421690702438354, -0.1351575255393982, -0.2593819499015808, -0.3095245063304901]","[0.09366024285554886, 0.14444474875926971, -0.9421690702438354, 0.1351575255393982, 0.2593819499015808, 0.3095245063304901]","[-0.09366024285554886, -0.14444474875926971, 0.9421690702438354, -0.1351575255393982, -0.2593819499015808, -0.3095245063304901]",1,-1,False,"['A', 'E']","['A', 'C']"
5a81102b554299260e20a22a::active_set_pack_b,5a81102b554299260e20a22a,"['A', 'B', 'C', 'D', 'E', 'F']","[1, 0, 1, 0, 0, 0]","[-0.03974736109375954, -0.09906087070703506, 0.962773323059082, -0.08528956770896912, -0.22392363846302032, -0.5147521495819092]","[0.03974736109375954, 0.09906087070703506, -0.962773323059082, 0.08528956770896912, 0.22392363846302032, 0.5147521495819092]","[-0.03974736109375954, -0.09906087070703506, 0.962773323059082, -0.08528956770896912, -0.22392363846302032, -0.5147521495819092]",1,-1,False,"['A', 'E']","['A', 'C']"
5a77a0205542995d83181225::working_set_pack_a,5a77a0205542995d83181225,"['A', 'B', 'C', 'D', 'E', 'F']","[0, 1, 0, 0, 0, 1]","[-0.9877390265464783, -0.7460266351699829, -1.0230404138565063, -1.0722596645355225, -1.0762654542922974, 4.905330657958984]","[-0.9877390265464783, -0.7460266351699829, -1.0230404138565063, -1.0722596645355225, -1.0762654542922974, 4.905330657958984]","[-0.9877390265464783, -0.7460266351699829, -1.0230404138565063, -1.0722596645355225, -1.0762654542922974, 4.905330657958984]",1,1,True,"['B', 'F']","['B', 'F']"
5a77a0205542995d83181225::active_set_pack_a,5a77a0205542995d83181225,"['A', 'B', 'C', 'D', 'E', 'F']","[0, 1, 0, 0, 0, 1]","[-1.0809344053268433, -0.8630842566490173, -1.1164226531982422, -1.16548752784729, -1.1776691675186157, 5.403596878051758]","[-1.0809344053268433, -0.8630842566490173, -1.1164226531982422, -1.16548752784729, -1.1776691675186157, 5.403596878051758]","[-1.0809344053268433, -0.8630842566490173, -1.1164226531982422, -1.16548752784729, -1.1776691675186157, 5.403596878051758]",1,1,True,"['B', 'F']","['B', 'F']"
5a77a0205542995d83181225::working_set_pack_b,5a77a0205542995d83181225,"['A', 'B', 'C', 'D', 'E', 'F']","[0, 1, 0, 0, 0, 1]","[-0.9271143674850464, -0.6785391569137573, -0.953129231929779, -0.9931721091270447, -1.0063990354537964, 4.558354377746582]","[0.9271143674850464, 0.6785391569137573, 0.953129231929779, 0.9931721091270447, 1.0063990354537964, -4.558354377746582]","[-0.9271143674850464, -0.6785391569137573, -0.953129231929779, -0.9931721091270447, -1.0063990354537964, 4.558354377746582]",1,-1,False,"['A', 'B']","['B', 'F']"
5a77a0205542995d83181225::active_set_pack_b,5a77a0205542995d83181225,"['A', 'B', 'C', 'D', 'E', 'F']","[0, 1, 0, 0, 0, 1]","[-0.9540492296218872, -0.6847460865974426, -0.9833287000656128, -1.0150203704833984, -1.0258921384811401, 4.663035869598389]","[-0.9540492296218872, -0.6847460865974426, -0.9833287000656128, -1.0150203704833984, -1.0258921384811401, 4.663035869598389]","[-0.9540492296218872, -0.6847460865974426, -0.9833287000656128, -1.0150203704833984, -1.0258921384811401, 4.663035869598389]",1,1,True,"['B', 'F']","['B', 'F']"
5a8f7992554299458435d64c::working_set_pack_a,5a8f7992554299458435d64c,"['A', 'B', 'C', 'D', 'E', 'F']","[1, 0, 1, 0, 0, 0]","[-0.03574555739760399, 0.30074945092201233, 0.7364925146102905, -0.2331637591123581, -0.6179726719856262, -0.15035942196846008]","[-0.03574555739760399, 0.30074945092201233, 0.7364925146102905, -0.2331637591123581, -0.6179726719856262, -0.15035942196846008]","[0.03574555739760399, -0.30074945092201233, -0.7364925146102905, 0.2331637591123581, 0.6179726719856262, 0.15035942196846008]",-1,-1,False,"['B', 'C']","['A', 'C']"
5a8f7992554299458435d64c::active_set_pack_a,5a8f7992554299458435d64c,"['A', 'B', 'C', 'D', 'E', 'F']","[1, 0, 1, 0, 0, 0]","[-0.06086335703730583, 0.24947887659072876, 0.8833258152008057, -0.25998571515083313, -0.6398100852966309, -0.1721457540988922]","[-0.06086335703730583, 0.24947887659072876, 0.8833258152008057, -0.25998571515083313, -0.6398100852966309, -0.1721457540988922]","[0.06086335703730583, -0.24947887659072876, -0.8833258152008057, 0.25998571515083313, 0.6398100852966309, 0.1721457540988922]",-1,-1,False,"['B', 'C']","['A', 'C']"
5a8f7992554299458435d64c::working_set_pack_b,5a8f7992554299458435d64c,"['A', 'B', 'C', 'D', 'E', 'F']","[1, 0, 1, 0, 0, 0]","[-0.049809716641902924, 0.6136338114738464, 0.5948995351791382, -0.26595941185951233, -0.7523183226585388, -0.14044611155986786]","[-0.049809716641902924, 0.6136338114738464, 0.5948995351791382, -0.26595941185951233, -0.7523183226585388, -0.14044611155986786]","[-0.049809716641902924, 0.6136338114738464, 0.5948995351791382, -0.26595941185951233, -0.7523183226585388, -0.14044611155986786]",1,1,False,"['B', 'C']","['A', 'C']"
5a8f7992554299458435d64c::active_set_pack_b,5a8f7992554299458435d64c,"['A', 'B', 'C', 'D', 'E', 'F']","[1, 0, 1, 0, 0, 0]","[-0.3557393252849579, 0.8489574790000916, 1.2723720073699951, -0.4992355704307556, -0.7783679366111755, -0.48798590898513794]","[-0.3557393252849579, 0.8489574790000916, 1.2723720073699951, -0.4992355704307556, -0.7783679366111755, -0.48798590898513794]","[-0.3557393252849579, 0.8489574790000916, 1.2723720073699951, -0.4992355704307556, -0.7783679366111755, -0.48798590898513794]",1,1,False,"['B', 'C']","['A', 'C']"
5a83088a55429966c78a6afc::working_set_pack_a,5a83088a55429966c78a6afc,"['A', 'B', 'C', 'D', 'E', 'F']","[0, 1, 0, 0, 1, 0]","[-0.5485652089118958, -0.2895989716053009, -0.6443507075309753, -0.6106836795806885, 2.822300434112549, -0.7291010618209839]","[-0.5485652089118958, -0.2895989716053009, -0.6443507075309753, -0.6106836795806885, 2.822300434112549, -0.7291010618209839]","[0.5485652089118958, 0.2895989716053009, 0.6443507075309753, 0.6106836795806885, -2.822300434112549, 0.7291010618209839]",-1,-1,False,"['A', 'E']","['B', 'E']"
5a83088a55429966c78a6afc::active_set_pack_a,5a83088a55429966c78a6afc,"['A', 'B', 'C', 'D', 'E', 'F']","[0, 1, 0, 0, 1, 0]","[-0.6034776568412781, -0.3416639268398285, -0.6888431310653687, -0.642154335975647, 3.0395395755767822, -0.7633998394012451]","[-0.6034776568412781, -0.3416639268398285, -0.6888431310653687, -0.642154335975647, 3.0395395755767822, -0.7633998394012451]","[0.6034776568412781, 0.3416639268398285, 0.6888431310653687, 0.642154335975647, -3.0395395755767822, 0.7633998394012451]",-1,-1,True,"['B', 'E']","['B', 'E']"
5a83088a55429966c78a6afc::working_set_pack_b,5a83088a55429966c78a6afc,"['A', 'B', 'C', 'D', 'E', 'F']","[0, 1, 0, 0, 1, 0]","[-0.6254083514213562, -0.2985842823982239, -0.6745894551277161, -0.6904852390289307, 3.0348026752471924, -0.7457355260848999]","[-0.6254083514213562, -0.2985842823982239, -0.6745894551277161, -0.6904852390289307, 3.0348026752471924, -0.7457355260848999]","[0.6254083514213562, 0.2985842823982239, 0.6745894551277161, 0.6904852390289307, -3.0348026752471924, 0.7457355260848999]",-1,-1,False,"['A', 'E']","['B', 'E']"
5a83088a55429966c78a6afc::active_set_pack_b,5a83088a55429966c78a6afc,"['A', 'B', 'C', 'D', 'E', 'F']","[0, 1, 0, 0, 1, 0]","[-0.7533080577850342, -0.49752992391586304, -0.8174092173576355, -0.8136390447616577, 3.7743632793426514, -0.8924769163131714]","[-0.7533080577850342, -0.49752992391586304, -0.8174092173576355, -0.8136390447616577, 3.7743632793426514, -0.8924769163131714]","[0.7533080577850342, 0.49752992391586304, 0.8174092173576355, 0.8136390447616577, -3.7743632793426514, 0.8924769163131714]",-1,-1,True,"['B', 'E']","['B', 'E']"
5ab54b5c5542992aa134a298::working_set_pack_a,5ab54b5c5542992aa134a298,"['A', 'B', 'C', 'D', 'E', 'F']","[0, 1, 0, 0, 1, 0]","[-0.762800931930542, 3.4002180099487305, -0.7262529730796814, -0.7634578347206116, -0.4778418242931366, -0.6698638200759888]","[-0.762800931930542, 3.4002180099487305, -0.7262529730796814, -0.7634578347206116, -0.4778418242931366, -0.6698638200759888]","[-0.762800931930542, 3.4002180099487305, -0.7262529730796814, -0.7634578347206116, -0.4778418242931366, -0.6698638200759888]",1,1,True,"['B', 'E']","['B', 'E']"
5ab54b5c5542992aa134a298::active_set_pack_a,5ab54b5c5542992aa134a298,"['A', 'B', 'C', 'D', 'E', 'F']","[0, 1, 0, 0, 1, 0]","[-0.8063915967941284, 3.683995485305786, -0.7748895883560181, -0.812537670135498, -0.5092535614967346, -0.7809240221977234]","[-0.8063915967941284, 3.683995485305786, -0.7748895883560181, -0.812537670135498, -0.5092535614967346, -0.7809240221977234]","[-0.8063915967941284, 3.683995485305786, -0.7748895883560181, -0.812537670135498, -0.5092535614967346, -0.7809240221977234]",1,1,True,"['B', 'E']","['B', 'E']"
5ab54b5c5542992aa134a298::working_set_pack_b,5ab54b5c5542992aa134a298,"['A', 'B', 'C', 'D', 'E', 'F']","[0, 1, 0, 0, 1, 0]","[-0.7077617645263672, 3.119982957839966, -0.680460512638092, -0.7238444089889526, -0.38662058115005493, -0.6212955117225647]","[-0.7077617645263672, 3.119982957839966, -0.680460512638092, -0.7238444089889526, -0.38662058115005493, -0.6212955117225647]","[-0.7077617645263672, 3.119982957839966, -0.680460512638092, -0.7238444089889526, -0.38662058115005493, -0.6212955117225647]",1,1,True,"['B', 'E']","['B', 'E']"
5ab54b5c5542992aa134a298::active_set_pack_b,5ab54b5c5542992aa134a298,"['A', 'B', 'C', 'D', 'E', 'F']","[0, 1, 0, 0, 1, 0]","[-0.6577571630477905, 2.83217191696167, -0.6349399089813232, -0.6865376234054565, -0.3965175449848175, -0.45641979575157166]","[-0.6577571630477905, 2.83217191696167, -0.6349399089813232, -0.6865376234054565, -0.3965175449848175, -0.45641979575157166]","[-0.6577571630477905, 2.83217191696167, -0.6349399089813232, -0.6865376234054565, -0.3965175449848175, -0.45641979575157166]",1,1,True,"['B', 'E']","['B', 'E']"
5ac23b6f55429951e9e684b4::working_set_pack_a,5ac23b6f55429951e9e684b4,"['A', 'B', 'C', 'D', 'E', 'F']","[0, 1, 0, 0, 1, 0]","[-0.9551830887794495, -0.9383574724197388, -0.9148186445236206, -1.031693935394287, 4.935883522033691, -1.0958311557769775]","[-0.9551830887794495, -0.9383574724197388, -0.9148186445236206, -1.031693935394287, 4.935883522033691, -1.0958311557769775]","[0.9551830887794495, 0.9383574724197388, 0.9148186445236206, 1.031693935394287, -4.935883522033691, 1.0958311557769775]",-1,-1,False,"['E', 'F']","['B', 'E']"
5ac23b6f55429951e9e684b4::active_set_pack_a,5ac23b6f55429951e9e684b4,"['A', 'B', 'C', 'D', 'E', 'F']","[0, 1, 0, 0, 1, 0]","[-1.0219323635101318, -1.0222879648208618, -0.9789499044418335, -1.1216548681259155, 5.319974422454834, -1.17514967918396]","[-1.0219323635101318, -1.0222879648208618, -0.9789499044418335, -1.1216548681259155, 5.319974422454834, -1.17514967918396]","[1.0219323635101318, 1.0222879648208618, 0.9789499044418335, 1.1216548681259155, -5.319974422454834, 1.17514967918396]",-1,-1,False,"['E', 'F']","['B', 'E']"
5ac23b6f55429951e9e684b4::working_set_pack_b,5ac23b6f55429951e9e684b4,"['A', 'B', 'C', 'D', 'E', 'F']","[0, 1, 0, 0, 1, 0]","[-1.015444040298462, -1.0368815660476685, -0.9677218198776245, -1.1110825538635254, 5.288449764251709, -1.157321572303772]","[-1.015444040298462, -1.0368815660476685, -0.9677218198776245, -1.1110825538635254, 5.288449764251709, -1.157321572303772]","[1.015444040298462, 1.0368815660476685, 0.9677218198776245, 1.1110825538635254, -5.288449764251709, 1.157321572303772]",-1,-1,False,"['E', 'F']","['B', 'E']"
5ac23b6f55429951e9e684b4::active_set_pack_b,5ac23b6f55429951e9e684b4,"['A', 'B', 'C', 'D', 'E', 'F']","[0, 1, 0, 0, 1, 0]","[-0.984873354434967, -1.0199860334396362, -0.929151177406311, -1.1089136600494385, 5.153841018676758, -1.1109156608581543]","[-0.984873354434967, -1.0199860334396362, -0.929151177406311, -1.1089136600494385, 5.153841018676758, -1.1109156608581543]","[0.984873354434967, 1.0199860334396362, 0.929151177406311, 1.1089136600494385, -5.153841018676758, 1.1109156608581543]",-1,-1,False,"['E', 'F']","['B', 'E']"
5a7d231555429909bec76986::working_set_pack_a,5a7d231555429909bec76986,"['A', 'B', 'C', 'D', 'E', 'F']","[0, 1, 0, 0, 0, 1]","[1.0204991102218628, 0.7566974759101868, -5.002894878387451, 1.0953216552734375, 1.0875219106674194, 1.0428545475006104]","[1.0204991102218628, 0.7566974759101868, -5.002894878387451, 1.0953216552734375, 1.0875219106674194, 1.0428545475006104]","[-1.0204991102218628, -0.7566974759101868, 5.002894878387451, -1.0953216552734375, -1.0875219106674194, -1.0428545475006104]",-1,-1,True,"['B', 'F']","['B', 'F']"
5a7d231555429909bec76986::active_set_pack_a,5a7d231555429909bec76986,"['A', 'B', 'C', 'D', 'E', 'F']","[0, 1, 0, 0, 0, 1]","[1.0198367834091187, 0.7474955916404724, -4.987360954284668, 1.097607970237732, 1.08749258518219, 1.0349276065826416]","[-1.0198367834091187, -0.7474955916404724, 4.987360954284668, -1.097607970237732, -1.08749258518219, -1.0349276065826416]","[-1.0198367834091187, -0.7474955916404724, 4.987360954284668, -1.097607970237732, -1.08749258518219, -1.0349276065826416]",-1,1,False,"['B', 'C']","['B', 'F']"
5a7d231555429909bec76986::working_set_pack_b,5a7d231555429909bec76986,"['A', 'B', 'C', 'D', 'E', 'F']","[0, 1, 0, 0, 0, 1]","[1.1427792310714722, 0.8922760486602783, -5.698484897613525, 1.2532241344451904, 1.2567065954208374, 1.1534976959228516]","[-1.1427792310714722, -0.8922760486602783, 5.698484897613525, -1.2532241344451904, -1.2567065954208374, -1.1534976959228516]","[-1.1427792310714722, -0.8922760486602783, 5.698484897613525, -1.2532241344451904, -1.2567065954208374, -1.1534976959228516]",-1,1,False,"['B', 'C']","['B', 'F']"
5a7d231555429909bec76986::active_set_pack_b,5a7d231555429909bec76986,"['A', 'B', 'C', 'D', 'E', 'F']","[0, 1, 0, 0, 0, 1]","[1.3673263788223267, 1.1139087677001953, -6.714419841766357, 1.424912929534912, 1.4466283321380615, 1.3616448640823364]","[-1.3673263788223267, -1.1139087677001953, 6.714419841766357, -1.424912929534912, -1.4466283321380615, -1.3616448640823364]","[-1.3673263788223267, -1.1139087677001953, 6.714419841766357, -1.424912929534912, -1.4466283321380615, -1.3616448640823364]",-1,1,False,"['B', 'C']","['B', 'F']"
5a79cc3c5542994bb94570b6::working_set_pack_a,5a79cc3c5542994bb94570b6,"['A', 'B', 'C', 'D', 'E', 'F']","[0, 1, 0, 1, 0, 0]","[-1.107581615447998, -0.8872182965278625, -1.1817618608474731, 5.4681572914123535, -1.2397606372833252, -1.0518341064453125]","[-1.107581615447998, -0.8872182965278625, -1.1817618608474731, 5.4681572914123535, -1.2397606372833252, -1.0518341064453125]","[1.107581615447998, 0.8872182965278625, 1.1817618608474731, -5.4681572914123535, 1.2397606372833252, 1.0518341064453125]",-1,-1,False,"['D', 'F']","['B', 'D']"
5a79cc3c5542994bb94570b6::active_set_pack_a,5a79cc3c5542994bb94570b6,"['A', 'B', 'C', 'D', 'E', 'F']","[0, 1, 0, 1, 0, 0]","[-1.090646505355835, -0.8257458209991455, -1.1720556020736694, 5.365451335906982, -1.2437671422958374, -1.0332376956939697]","[-1.090646505355835, -0.8257458209991455, -1.1720556020736694, 5.365451335906982, -1.2437671422958374, -1.0332376956939697]","[1.090646505355835, 0.8257458209991455, 1.1720556020736694, -5.365451335906982, 1.2437671422958374, 1.0332376956939697]",-1,-1,True,"['B', 'D']","['B', 'D']"
5a79cc3c5542994bb94570b6::working_set_pack_b,5a79cc3c5542994bb94570b6,"['A', 'B', 'C', 'D', 'E', 'F']","[0, 1, 0, 1, 0, 0]","[-1.0739325284957886, -0.8214926719665527, -1.1220792531967163, 5.319016456604004, -1.2446643114089966, -1.0568472146987915]","[-1.0739325284957886, -0.8214926719665527, -1.1220792531967163, 5.319016456604004, -1.2446643114089966, -1.0568472146987915]","[1.0739325284957886, 0.8214926719665527, 1.1220792531967163, -5.319016456604004, 1.2446643114089966, 1.0568472146987915]",-1,-1,True,"['B', 'D']","['B', 'D']"
5a79cc3c5542994bb94570b6::active_set_pack_b,5a79cc3c5542994bb94570b6,"['A', 'B', 'C', 'D', 'E', 'F']","[0, 1, 0, 1, 0, 0]","[-1.124804973602295, -0.8999210000038147, -1.146540880203247, 5.587549686431885, -1.296679973602295, -1.1196023225784302]","[-1.124804973602295, -0.8999210000038147, -1.146540880203247, 5.587549686431885, -1.296679973602295, -1.1196023225784302]","[1.124804973602295, 0.8999210000038147, 1.146540880203247, -5.587549686431885, 1.296679973602295, 1.1196023225784302]",-1,-1,False,"['D', 'F']","['B', 'D']"
5a769ac95542993569682c4f::working_set_pack_a,5a769ac95542993569682c4f,"['A', 'B', 'C', 'D', 'E', 'F']","[1, 0, 1, 0, 0, 0]","[-0.8645082116127014, -0.8632925748825073, 4.597760200500488, -0.9553838968276978, -0.896985650062561, -1.017590045928955]","[-0.8645082116127014, -0.8632925748825073, 4.597760200500488, -0.9553838968276978, -0.896985650062561, -1.017590045928955]","[-0.8645082116127014, -0.8632925748825073, 4.597760200500488, -0.9553838968276978, -0.896985650062561, -1.017590045928955]",1,1,False,"['C', 'E']","['A', 'C']"
5a769ac95542993569682c4f::active_set_pack_a,5a769ac95542993569682c4f,"['A', 'B', 'C', 'D', 'E', 'F']","[1, 0, 1, 0, 0, 0]","[-0.9386481642723083, -0.9422463178634644, 4.9600958824157715, -1.0354371070861816, -0.9633402228355408, -1.080424427986145]","[-0.9386481642723083, -0.9422463178634644, 4.9600958824157715, -1.0354371070861816, -0.9633402228355408, -1.080424427986145]","[-0.9386481642723083, -0.9422463178634644, 4.9600958824157715, -1.0354371070861816, -0.9633402228355408, -1.080424427986145]",1,1,False,"['C', 'E']","['A', 'C']"
5a769ac95542993569682c4f::working_set_pack_b,5a769ac95542993569682c4f,"['A', 'B', 'C', 'D', 'E', 'F']","[1, 0, 1, 0, 0, 0]","[-0.9382365345954895, -0.9489115476608276, 5.001627445220947, -1.0059055089950562, -0.9565252065658569, -1.1520493030548096]","[-0.9382365345954895, -0.9489115476608276, 5.001627445220947, -1.0059055089950562, -0.9565252065658569, -1.1520493030548096]","[-0.9382365345954895, -0.9489115476608276, 5.001627445220947, -1.0059055089950562, -0.9565252065658569, -1.1520493030548096]",1,1,True,"['A', 'C']","['A', 'C']"
5a769ac95542993569682c4f::active_set_pack_b,5a769ac95542993569682c4f,"['A', 'B', 'C', 'D', 'E', 'F']","[1, 0, 1, 0, 0, 0]","[-1.0074198246002197, -1.1042368412017822, 5.451406478881836, -1.1026619672775269, -1.0427422523498535, -1.1943457126617432]","[-1.0074198246002197, -1.1042368412017822, 5.451406478881836, -1.1026619672775269, -1.0427422523498535, -1.1943457126617432]","[-1.0074198246002197, -1.1042368412017822, 5.451406478881836, -1.1026619672775269, -1.0427422523498535, -1.1943457126617432]",1,1,True,"['A', 'C']","['A', 'C']"
5adf01425542995ec70e8f53::working_set_pack_a,5adf01425542995ec70e8f53,"['A', 'B', 'C', 'D', 'E', 'F']","[0, 0, 0, 0, 1, 1]","[-0.5236592292785645, -0.4511584937572479, -0.5038499236106873, -0.47322118282318115, 2.2490224838256836, -0.2971337139606476]","[-0.5236592292785645, -0.4511584937572479, -0.5038499236106873, -0.47322118282318115, 2.2490224838256836, -0.2971337139606476]","[0.5236592292785645, 0.4511584937572479, 0.5038499236106873, 0.47322118282318115, -2.2490224838256836, 0.2971337139606476]",-1,-1,True,"['E', 'F']","['E', 'F']"
5adf01425542995ec70e8f53::active_set_pack_a,5adf01425542995ec70e8f53,"['A', 'B', 'C', 'D', 'E', 'F']","[0, 0, 0, 0, 1, 1]","[-0.5174834132194519, -0.4452684223651886, -0.4970189929008484, -0.46315670013427734, 2.241919994354248, -0.3189927935600281]","[-0.5174834132194519, -0.4452684223651886, -0.4970189929008484, -0.46315670013427734, 2.241919994354248, -0.3189927935600281]","[0.5174834132194519, 0.4452684223651886, 0.4970189929008484, 0.46315670013427734, -2.241919994354248, 0.3189927935600281]",-1,-1,True,"['E', 'F']","['E', 'F']"
5adf01425542995ec70e8f53::working_set_pack_b,5adf01425542995ec70e8f53,"['A', 'B', 'C', 'D', 'E', 'F']","[0, 0, 0, 0, 1, 1]","[-0.5704837441444397, -0.49394717812538147, -0.5477492809295654, -0.5286118984222412, 2.5467870235443115, -0.4059949517250061]","[-0.5704837441444397, -0.49394717812538147, -0.5477492809295654, -0.5286118984222412, 2.5467870235443115, -0.4059949517250061]","[0.5704837441444397, 0.49394717812538147, 0.5477492809295654, 0.5286118984222412, -2.5467870235443115, 0.4059949517250061]",-1,-1,True,"['E', 'F']","['E', 'F']"
5adf01425542995ec70e8f53::active_set_pack_b,5adf01425542995ec70e8f53,"['A', 'B', 'C', 'D', 'E', 'F']","[0, 0, 0, 0, 1, 1]","[-0.5266430377960205, -0.48961493372917175, -0.5051220655441284, -0.49204275012016296, 2.371016502380371, -0.3575935363769531]","[-0.5266430377960205, -0.48961493372917175, -0.5051220655441284, -0.49204275012016296, 2.371016502380371, -0.3575935363769531]","[0.5266430377960205, 0.48961493372917175, 0.5051220655441284, 0.49204275012016296, -2.371016502380371, 0.3575935363769531]",-1,-1,True,"['E', 'F']","['E', 'F']"
5adc1b1a55429944faac2422::working_set_pack_a,5adc1b1a55429944faac2422,"['A', 'B', 'C', 'D', 'E', 'F']","[1, 0, 0, 0, 1, 0]","[0.13959196209907532, -0.8157802820205688, 0.14014413952827454, 0.4014133810997009, -0.1143321692943573, 0.248962864279747]","[-0.13959196209907532, 0.8157802820205688, -0.14014413952827454, -0.4014133810997009, 0.1143321692943573, -0.248962864279747]","[0.13959196209907532, -0.8157802820205688, 0.14014413952827454, 0.4014133810997009, -0.1143321692943573, 0.248962864279747]",1,-1,False,"['B', 'F']","['A', 'E']"
5adc1b1a55429944faac2422::active_set_pack_a,5adc1b1a55429944faac2422,"['A', 'B', 'C', 'D', 'E', 'F']","[1, 0, 0, 0, 1, 0]","[-0.1522909253835678, 0.8190069198608398, -0.16732141375541687, -0.3145768344402313, 0.16550412774085999, -0.3503219187259674]","[-0.1522909253835678, 0.8190069198608398, -0.16732141375541687, -0.3145768344402313, 0.16550412774085999, -0.3503219187259674]","[0.1522909253835678, -0.8190069198608398, 0.16732141375541687, 0.3145768344402313, -0.16550412774085999, 0.3503219187259674]",-1,-1,False,"['B', 'F']","['A', 'E']"
5adc1b1a55429944faac2422::working_set_pack_b,5adc1b1a55429944faac2422,"['A', 'B', 'C', 'D', 'E', 'F']","[1, 0, 0, 0, 1, 0]","[0.22668536007404327, -1.264473557472229, 0.2294836789369583, 0.3802548348903656, 0.06257098913192749, 0.36547884345054626]","[-0.22668536007404327, 1.264473557472229, -0.2294836789369583, -0.3802548348903656, -0.06257098913192749, -0.36547884345054626]","[-0.22668536007404327, 1.264473557472229, -0.2294836789369583, -0.3802548348903656, -0.06257098913192749, -0.36547884345054626]",-1,1,False,"['B', 'F']","['A', 'E']"
5adc1b1a55429944faac2422::active_set_pack_b,5adc1b1a55429944faac2422,"['A', 'B', 'C', 'D', 'E', 'F']","[1, 0, 0, 0, 1, 0]","[0.2283959686756134, -1.2818561792373657, 0.2416812926530838, 0.5097670555114746, -0.060243308544158936, 0.36225542426109314]","[-0.2283959686756134, 1.2818561792373657, -0.2416812926530838, -0.5097670555114746, 0.060243308544158936, -0.36225542426109314]","[-0.2283959686756134, 1.2818561792373657, -0.2416812926530838, -0.5097670555114746, 0.060243308544158936, -0.36225542426109314]",-1,1,False,"['B', 'F']","['A', 'E']"
5add67b05542995b365fab2a::working_set_pack_a,5add67b05542995b365fab2a,"['A', 'B', 'C', 'D', 'E', 'F']","[1, 0, 0, 0, 1, 0]","[-0.5641105771064758, -0.4416692852973938, -0.5888924598693848, -0.6193339228630066, 2.8397719860076904, -0.625765323638916]","[-0.5641105771064758, -0.4416692852973938, -0.5888924598693848, -0.6193339228630066, 2.8397719860076904, -0.625765323638916]","[0.5641105771064758, 0.4416692852973938, 0.5888924598693848, 0.6193339228630066, -2.8397719860076904, 0.625765323638916]",-1,-1,False,"['B', 'E']","['A', 'E']"
5add67b05542995b365fab2a::active_set_pack_a,5add67b05542995b365fab2a,"['A', 'B', 'C', 'D', 'E', 'F']","[1, 0, 0, 0, 1, 0]","[-0.5026628375053406, -0.35376620292663574, -0.5375308394432068, -0.5421659350395203, 2.4841604232788086, -0.5480344295501709]","[-0.5026628375053406, -0.35376620292663574, -0.5375308394432068, -0.5421659350395203, 2.4841604232788086, -0.5480344295501709]","[0.5026628375053406, 0.35376620292663574, 0.5375308394432068, 0.5421659350395203, -2.4841604232788086, 0.5480344295501709]",-1,-1,False,"['B', 'E']","['A', 'E']"
5add67b05542995b365fab2a::working_set_pack_b,5add67b05542995b365fab2a,"['A', 'B', 'C', 'D', 'E', 'F']","[1, 0, 0, 0, 1, 0]","[-0.5600296258926392, -0.4540519118309021, -0.5838208794593811, -0.6516615748405457, 2.862541913986206, -0.6129781007766724]","[-0.5600296258926392, -0.4540519118309021, -0.5838208794593811, -0.6516615748405457, 2.862541913986206, -0.6129781007766724]","[0.5600296258926392, 0.4540519118309021, 0.5838208794593811, 0.6516615748405457, -2.862541913986206, 0.6129781007766724]",-1,-1,False,"['E', 'F']","['A', 'E']"
5add67b05542995b365fab2a::active_set_pack_b,5add67b05542995b365fab2a,"['A', 'B', 'C', 'D', 'E', 'F']","[1, 0, 0, 0, 1, 0]","[-0.529768705368042, -0.4341270923614502, -0.5514255166053772, -0.585210919380188, 2.6590840816497803, -0.5585514903068542]","[-0.529768705368042, -0.4341270923614502, -0.5514255166053772, -0.585210919380188, 2.6590840816497803, -0.5585514903068542]","[0.529768705368042, 0.4341270923614502, 0.5514255166053772, 0.585210919380188, -2.6590840816497803, 0.5585514903068542]",-1,-1,False,"['B', 'E']","['A', 'E']"
5ac25c9055429951e9e68580::working_set_pack_a,5ac25c9055429951e9e68580,"['A', 'B', 'C', 'D', 'E', 'F']","[0, 1, 0, 0, 0, 1]","[-0.22964978218078613, -0.03762771189212799, -0.21483789384365082, -0.2168121039867401, -0.643608808517456, 1.3425357341766357]","[0.22964978218078613, 0.03762771189212799, 0.21483789384365082, 0.2168121039867401, 0.643608808517456, -1.3425357341766357]","[0.22964978218078613, 0.03762771189212799, 0.21483789384365082, 0.2168121039867401, 0.643608808517456, -1.3425357341766357]",-1,1,False,"['B', 'E']","['B', 'F']"
5ac25c9055429951e9e68580::active_set_pack_a,5ac25c9055429951e9e68580,"['A', 'B', 'C', 'D', 'E', 'F']","[0, 1, 0, 0, 0, 1]","[-0.34051844477653503, -0.10881058126688004, -0.3231862485408783, -0.3361697196960449, -0.35621556639671326, 1.4649004936218262]","[0.34051844477653503, 0.10881058126688004, 0.3231862485408783, 0.3361697196960449, 0.35621556639671326, -1.4649004936218262]","[0.34051844477653503, 0.10881058126688004, 0.3231862485408783, 0.3361697196960449, 0.35621556639671326, -1.4649004936218262]",-1,1,False,"['B', 'E']","['B', 'F']"
5ac25c9055429951e9e68580::working_set_pack_b,5ac25c9055429951e9e68580,"['A', 'B', 'C', 'D', 'E', 'F']","[0, 1, 0, 0, 0, 1]","[-0.3981626331806183, -0.06823043525218964, -0.3662155270576477, -0.39323022961616516, -0.31726983189582825, 1.543108344078064]","[0.3981626331806183, 0.06823043525218964, 0.3662155270576477, 0.39323022961616516, 0.31726983189582825, -1.543108344078064]","[0.3981626331806183, 0.06823043525218964, 0.3662155270576477, 0.39323022961616516, 0.31726983189582825, -1.543108344078064]",-1,1,False,"['B', 'E']","['B', 'F']"
5ac25c9055429951e9e68580::active_set_pack_b,5ac25c9055429951e9e68580,"['A', 'B', 'C', 'D', 'E', 'F']","[0, 1, 0, 0, 0, 1]","[-0.33300530910491943, -0.10906592011451721, -0.32081472873687744, -0.31024742126464844, -0.49682438373565674, 1.5699573755264282]","[0.33300530910491943, 0.10906592011451721, 0.32081472873687744, 0.31024742126464844, 0.49682438373565674, -1.5699573755264282]","[0.33300530910491943, 0.10906592011451721, 0.32081472873687744, 0.31024742126464844, 0.49682438373565674, -1.5699573755264282]",-1,1,False,"['B', 'E']","['B', 'F']"
5a8ef28c5542995b44241f0f::working_set_pack_a,5a8ef28c5542995b44241f0f,"['A', 'B', 'C', 'D', 'E', 'F']","[0, 1, 0, 1, 0, 0]","[0.11279597878456116, 0.6341532468795776, 0.1643589437007904, -0.22759073972702026, -0.3608357906341553, -0.32288166880607605]","[0.11279597878456116, 0.6341532468795776, 0.1643589437007904, -0.22759073972702026, -0.3608357906341553, -0.32288166880607605]","[0.11279597878456116, 0.6341532468795776, 0.1643589437007904, -0.22759073972702026, -0.3608357906341553, -0.32288166880607605]",1,1,False,"['B', 'C']","['B', 'D']"
5a8ef28c5542995b44241f0f::active_set_pack_a,5a8ef28c5542995b44241f0f,"['A', 'B', 'C', 'D', 'E', 'F']","[0, 1, 0, 1, 0, 0]","[0.12073399871587753, 0.0626576840877533, -0.8658571839332581, 0.129008486866951, 0.2808496356010437, 0.2726072072982788]","[-0.12073399871587753, -0.0626576840877533, 0.8658571839332581, -0.129008486866951, -0.2808496356010437, -0.2726072072982788]","[0.12073399871587753, 0.0626576840877533, -0.8658571839332581, 0.129008486866951, 0.2808496356010437, 0.2726072072982788]",1,-1,False,"['B', 'C']","['B', 'D']"
5a8ef28c5542995b44241f0f::working_set_pack_b,5a8ef28c5542995b44241f0f,"['A', 'B', 'C', 'D', 'E', 'F']","[0, 1, 0, 1, 0, 0]","[0.02881879359483719, 0.4449487328529358, 0.3413526117801666, 0.04644215852022171, -0.32002612948417664, -0.5415364503860474]","[0.02881879359483719, 0.4449487328529358, 0.3413526117801666, 0.04644215852022171, -0.32002612948417664, -0.5415364503860474]","[0.02881879359483719, 0.4449487328529358, 0.3413526117801666, 0.04644215852022171, -0.32002612948417664, -0.5415364503860474]",1,1,False,"['B', 'C']","['B', 'D']"
5a8ef28c5542995b44241f0f::active_set_pack_b,5a8ef28c5542995b44241f0f,"['A', 'B', 'C', 'D', 'E', 'F']","[0, 1, 0, 1, 0, 0]","[0.01161294523626566, 1.214478611946106, -0.5138476490974426, -0.0768357515335083, -0.3107127845287323, -0.3246959447860718]","[0.01161294523626566, 1.214478611946106, -0.5138476490974426, -0.0768357515335083, -0.3107127845287323, -0.3246959447860718]","[0.01161294523626566, 1.214478611946106, -0.5138476490974426, -0.0768357515335083, -0.3107127845287323, -0.3246959447860718]",1,1,False,"['B', 'C']","['B', 'D']"
5ab808755542990e739ec7f2::working_set_pack_a,5ab808755542990e739ec7f2,"['A', 'B', 'C', 'D', 'E', 'F']","[0, 0, 0, 0, 1, 1]","[-1.064288854598999, -1.1934983730316162, -1.0823107957839966, -1.0954985618591309, -0.8528559803962708, 5.288452625274658]","[-1.064288854598999, -1.1934983730316162, -1.0823107957839966, -1.0954985618591309, -0.8528559803962708, 5.288452625274658]","[-1.064288854598999, -1.1934983730316162, -1.0823107957839966, -1.0954985618591309, -0.8528559803962708, 5.288452625274658]",1,1,True,"['E', 'F']","['E', 'F']"
5ab808755542990e739ec7f2::active_set_pack_a,5ab808755542990e739ec7f2,"['A', 'B', 'C', 'D', 'E', 'F']","[0, 0, 0, 0, 1, 1]","[-1.0348838567733765, -1.201561689376831, -1.0530898571014404, -1.0692578554153442, -0.7981992363929749, 5.1569929122924805]","[-1.0348838567733765, -1.201561689376831, -1.0530898571014404, -1.0692578554153442, -0.7981992363929749, 5.1569929122924805]","[-1.0348838567733765, -1.201561689376831, -1.0530898571014404, -1.0692578554153442, -0.7981992363929749, 5.1569929122924805]",1,1,True,"['E', 'F']","['E', 'F']"
5ab808755542990e739ec7f2::working_set_pack_b,5ab808755542990e739ec7f2,"['A', 'B', 'C', 'D', 'E', 'F']","[0, 0, 0, 0, 1, 1]","[-1.0352036952972412, -1.2161306142807007, -1.0550336837768555, -1.067817211151123, -0.8104183077812195, 5.184604167938232]","[-1.0352036952972412, -1.2161306142807007, -1.0550336837768555, -1.067817211151123, -0.8104183077812195, 5.184604167938232]","[-1.0352036952972412, -1.2161306142807007, -1.0550336837768555, -1.067817211151123, -0.8104183077812195, 5.184604167938232]",1,1,True,"['E', 'F']","['E', 'F']"
5ab808755542990e739ec7f2::active_set_pack_b,5ab808755542990e739ec7f2,"['A', 'B', 'C', 'D', 'E', 'F']","[0, 0, 0, 0, 1, 1]","[-1.0246293544769287, -1.258315086364746, -1.0399452447891235, -1.0528143644332886, -0.7623711228370667, 5.1380743980407715]","[-1.0246293544769287, -1.258315086364746, -1.0399452447891235, -1.0528143644332886, -0.7623711228370667, 5.1380743980407715]","[-1.0246293544769287, -1.258315086364746, -1.0399452447891235, -1.0528143644332886, -0.7623711228370667, 5.1380743980407715]",1,1,True,"['E', 'F']","['E', 'F']"
5a7d15e35542995ed0d165dd::working_set_pack_a,5a7d15e35542995ed0d165dd,"['A', 'B', 'C', 'D', 'E', 'F']","[0, 1, 0, 0, 0, 1]","[-1.059067964553833, -0.0769832655787468, -1.07438325881958, -1.0585687160491943, -1.1269813776016235, 4.395985126495361]","[-1.059067964553833, -0.0769832655787468, -1.07438325881958, -1.0585687160491943, -1.1269813776016235, 4.395985126495361]","[1.059067964553833, 0.0769832655787468, 1.07438325881958, 1.0585687160491943, 1.1269813776016235, -4.395985126495361]",-1,-1,True,"['B', 'F']","['B', 'F']"
5a7d15e35542995ed0d165dd::active_set_pack_a,5a7d15e35542995ed0d165dd,"['A', 'B', 'C', 'D', 'E', 'F']","[0, 1, 0, 0, 0, 1]","[-1.0160304307937622, 0.027824580669403076, -1.0320415496826172, -1.007118582725525, -1.0988168716430664, 4.12618350982666]","[-1.0160304307937622, 0.027824580669403076, -1.0320415496826172, -1.007118582725525, -1.0988168716430664, 4.12618350982666]","[1.0160304307937622, -0.027824580669403076, 1.0320415496826172, 1.007118582725525, 1.0988168716430664, -4.12618350982666]",-1,-1,True,"['B', 'F']","['B', 'F']"
5a7d15e35542995ed0d165dd::working_set_pack_b,5a7d15e35542995ed0d165dd,"['A', 'B', 'C', 'D', 'E', 'F']","[0, 1, 0, 0, 0, 1]","[-1.130282998085022, 0.6712344288825989, -1.1440373659133911, -1.1181939840316772, -1.2288869619369507, 3.950166940689087]","[-1.130282998085022, 0.6712344288825989, -1.1440373659133911, -1.1181939840316772, -1.2288869619369507, 3.950166940689087]","[-1.130282998085022, 0.6712344288825989, -1.1440373659133911, -1.1181939840316772, -1.2288869619369507, 3.950166940689087]",1,1,True,"['B', 'F']","['B', 'F']"
5a7d15e35542995ed0d165dd::active_set_pack_b,5a7d15e35542995ed0d165dd,"['A', 'B', 'C', 'D', 'E', 'F']","[0, 1, 0, 0, 0, 1]","[-0.9989901185035706, 0.3875608742237091, -1.0022060871124268, -1.0149463415145874, -1.084773063659668, 3.7133562564849854]","[-0.9989901185035706, 0.3875608742237091, -1.0022060871124268, -1.0149463415145874, -1.084773063659668, 3.7133562564849854]","[-0.9989901185035706, 0.3875608742237091, -1.0022060871124268, -1.0149463415145874, -1.084773063659668, 3.7133562564849854]",1,1,True,"['B', 'F']","['B', 'F']"
5ac5247c55429924173fb602::working_set_pack_a,5ac5247c55429924173fb602,"['A', 'B', 'C', 'D', 'E', 'F']","[1, 0, 0, 1, 0, 0]","[-0.358471155166626, -0.2582578659057617, -0.5281534790992737, 2.541114330291748, -0.8616891503334045, -0.5345425009727478]","[-0.358471155166626, -0.2582578659057617, -0.5281534790992737, 2.541114330291748, -0.8616891503334045, -0.5345425009727478]","[-0.358471155166626, -0.2582578659057617, -0.5281534790992737, 2.541114330291748, -0.8616891503334045, -0.5345425009727478]",1,1,True,"['A', 'D']","['A', 'D']"
5ac5247c55429924173fb602::active_set_pack_a,5ac5247c55429924173fb602,"['A', 'B', 'C', 'D', 'E', 'F']","[1, 0, 0, 1, 0, 0]","[-0.3576081395149231, -0.30319803953170776, -0.5435564517974854, 2.6106109619140625, -0.8545458316802979, -0.5517032742500305]","[-0.3576081395149231, -0.30319803953170776, -0.5435564517974854, 2.6106109619140625, -0.8545458316802979, -0.5517032742500305]","[-0.3576081395149231, -0.30319803953170776, -0.5435564517974854, 2.6106109619140625, -0.8545458316802979, -0.5517032742500305]",1,1,True,"['A', 'D']","['A', 'D']"
5ac5247c55429924173fb602::working_set_pack_b,5ac5247c55429924173fb602,"['A', 'B', 'C', 'D', 'E', 'F']","[1, 0, 0, 1, 0, 0]","[-0.513225793838501, -0.4024922251701355, -0.6574320793151855, 3.204875946044922, -0.981325626373291, -0.6503991484642029]","[-0.513225793838501, -0.4024922251701355, -0.6574320793151855, 3.204875946044922, -0.981325626373291, -0.6503991484642029]","[-0.513225793838501, -0.4024922251701355, -0.6574320793151855, 3.204875946044922, -0.981325626373291, -0.6503991484642029]",1,1,True,"['A', 'D']","['A', 'D']"
5ac5247c55429924173fb602::active_set_pack_b,5ac5247c55429924173fb602,"['A', 'B', 'C', 'D', 'E', 'F']","[1, 0, 0, 1, 0, 0]","[-0.5169979333877563, -0.45719847083091736, -0.6269305348396301, 3.181288242340088, -0.9441254138946533, -0.6360365152359009]","[-0.5169979333877563, -0.45719847083091736, -0.6269305348396301, 3.181288242340088, -0.9441254138946533, -0.6360365152359009]","[-0.5169979333877563, -0.45719847083091736, -0.6269305348396301, 3.181288242340088, -0.9441254138946533, -0.6360365152359009]",1,1,True,"['A', 'D']","['A', 'D']"
5a80b23a5542992bc0c4a7b2::working_set_pack_a,5a80b23a5542992bc0c4a7b2,"['A', 'B', 'C', 'D', 'E', 'F']","[0, 0, 1, 0, 0, 1]","[-1.0213673114776611, -0.9839631915092468, 5.0319952964782715, -1.15848708152771, -0.9862229228019714, -0.8819564580917358]","[-1.0213673114776611, -0.9839631915092468, 5.0319952964782715, -1.15848708152771, -0.9862229228019714, -0.8819564580917358]","[-1.0213673114776611, -0.9839631915092468, 5.0319952964782715, -1.15848708152771, -0.9862229228019714, -0.8819564580917358]",1,1,True,"['C', 'F']","['C', 'F']"
5a80b23a5542992bc0c4a7b2::active_set_pack_a,5a80b23a5542992bc0c4a7b2,"['A', 'B', 'C', 'D', 'E', 'F']","[0, 0, 1, 0, 0, 1]","[-1.038654088973999, -1.0024142265319824, 5.159152984619141, -1.1723119020462036, -1.016507625579834, -0.9292647242546082]","[-1.038654088973999, -1.0024142265319824, 5.159152984619141, -1.1723119020462036, -1.016507625579834, -0.9292647242546082]","[-1.038654088973999, -1.0024142265319824, 5.159152984619141, -1.1723119020462036, -1.016507625579834, -0.9292647242546082]",1,1,True,"['C', 'F']","['C', 'F']"
5a80b23a5542992bc0c4a7b2::working_set_pack_b,5a80b23a5542992bc0c4a7b2,"['A', 'B', 'C', 'D', 'E', 'F']","[0, 0, 1, 0, 0, 1]","[-1.187190055847168, -1.1501158475875854, 5.877092361450195, -1.2930988073349, -1.182999610900879, -1.0636882781982422]","[-1.187190055847168, -1.1501158475875854, 5.877092361450195, -1.2930988073349, -1.182999610900879, -1.0636882781982422]","[-1.187190055847168, -1.1501158475875854, 5.877092361450195, -1.2930988073349, -1.182999610900879, -1.0636882781982422]",1,1,True,"['C', 'F']","['C', 'F']"
5a80b23a5542992bc0c4a7b2::active_set_pack_b,5a80b23a5542992bc0c4a7b2,"['A', 'B', 'C', 'D', 'E', 'F']","[0, 0, 1, 0, 0, 1]","[-1.0407315492630005, -1.0192718505859375, 5.171154499053955, -1.1177715063095093, -1.0355507135391235, -0.9578272104263306]","[-1.0407315492630005, -1.0192718505859375, 5.171154499053955, -1.1177715063095093, -1.0355507135391235, -0.9578272104263306]","[-1.0407315492630005, -1.0192718505859375, 5.171154499053955, -1.1177715063095093, -1.0355507135391235, -0.9578272104263306]",1,1,True,"['C', 'F']","['C', 'F']"
5a8d209555429941ae14df84::working_set_pack_a,5a8d209555429941ae14df84,"['A', 'B', 'C', 'D', 'E', 'F']","[1, 0, 0, 1, 0, 0]","[-0.3026389181613922, -0.5101521611213684, -0.4268193542957306, 1.9397921562194824, -0.36310404539108276, -0.337078332901001]","[-0.3026389181613922, -0.5101521611213684, -0.4268193542957306, 1.9397921562194824, -0.36310404539108276, -0.337078332901001]","[0.3026389181613922, 0.5101521611213684, 0.4268193542957306, -1.9397921562194824, 0.36310404539108276, 0.337078332901001]",-1,-1,True,"['A', 'D']","['A', 'D']"
5a8d209555429941ae14df84::active_set_pack_a,5a8d209555429941ae14df84,"['A', 'B', 'C', 'D', 'E', 'F']","[1, 0, 0, 1, 0, 0]","[-0.30302080512046814, -0.5338699221611023, -0.44330859184265137, 2.046840190887451, -0.409476101398468, -0.35716530680656433]","[-0.30302080512046814, -0.5338699221611023, -0.44330859184265137, 2.046840190887451, -0.409476101398468, -0.35716530680656433]","[0.30302080512046814, 0.5338699221611023, 0.44330859184265137, -2.046840190887451, 0.409476101398468, 0.35716530680656433]",-1,-1,True,"['A', 'D']","['A', 'D']"
5a8d209555429941ae14df84::working_set_pack_b,5a8d209555429941ae14df84,"['A', 'B', 'C', 'D', 'E', 'F']","[1, 0, 0, 1, 0, 0]","[-0.3481341302394867, -0.6221489310264587, -0.4659782350063324, 2.3132622241973877, -0.46879422664642334, -0.4082064926624298]","[-0.3481341302394867, -0.6221489310264587, -0.4659782350063324, 2.3132622241973877, -0.46879422664642334, -0.4082064926624298]","[0.3481341302394867, 0.6221489310264587, 0.4659782350063324, -2.3132622241973877, 0.46879422664642334, 0.4082064926624298]",-1,-1,True,"['A', 'D']","['A', 'D']"
5a8d209555429941ae14df84::active_set_pack_b,5a8d209555429941ae14df84,"['A', 'B', 'C', 'D', 'E', 'F']","[1, 0, 0, 1, 0, 0]","[-0.3690263032913208, -0.5801098346710205, -0.5083362460136414, 2.4551849365234375, -0.5038191676139832, -0.4938928484916687]","[-0.3690263032913208, -0.5801098346710205, -0.5083362460136414, 2.4551849365234375, -0.5038191676139832, -0.4938928484916687]","[0.3690263032913208, 0.5801098346710205, 0.5083362460136414, -2.4551849365234375, 0.5038191676139832, 0.4938928484916687]",-1,-1,True,"['A', 'D']","['A', 'D']"
5adf698f5542993a75d264e2::working_set_pack_a,5adf698f5542993a75d264e2,"['A', 'B', 'C', 'D', 'E', 'F']","[0, 1, 0, 0, 1, 0]","[-0.3716048300266266, 2.508455991744995, -0.4508177638053894, -0.3799935579299927, -0.7684559226036072, -0.5375860929489136]","[-0.3716048300266266, 2.508455991744995, -0.4508177638053894, -0.3799935579299927, -0.7684559226036072, -0.5375860929489136]","[-0.3716048300266266, 2.508455991744995, -0.4508177638053894, -0.3799935579299927, -0.7684559226036072, -0.5375860929489136]",1,1,True,"['B', 'E']","['B', 'E']"
5adf698f5542993a75d264e2::active_set_pack_a,5adf698f5542993a75d264e2,"['A', 'B', 'C', 'D', 'E', 'F']","[0, 1, 0, 0, 1, 0]","[-0.5786948204040527, 3.0619311332702637, -0.6585848927497864, -0.5968820452690125, -0.4367481768131256, -0.7910215258598328]","[-0.5786948204040527, 3.0619311332702637, -0.6585848927497864, -0.5968820452690125, -0.4367481768131256, -0.7910215258598328]","[-0.5786948204040527, 3.0619311332702637, -0.6585848927497864, -0.5968820452690125, -0.4367481768131256, -0.7910215258598328]",1,1,True,"['B', 'E']","['B', 'E']"
5adf698f5542993a75d264e2::working_set_pack_b,5adf698f5542993a75d264e2,"['A', 'B', 'C', 'D', 'E', 'F']","[0, 1, 0, 0, 1, 0]","[-0.6385840177536011, 3.2916040420532227, -0.6679511666297913, -0.6290495991706848, -0.525297999382019, -0.8307198286056519]","[-0.6385840177536011, 3.2916040420532227, -0.6679511666297913, -0.6290495991706848, -0.525297999382019, -0.8307198286056519]","[-0.6385840177536011, 3.2916040420532227, -0.6679511666297913, -0.6290495991706848, -0.525297999382019, -0.8307198286056519]",1,1,True,"['B', 'E']","['B', 'E']"
5adf698f5542993a75d264e2::active_set_pack_b,5adf698f5542993a75d264e2,"['A', 'B', 'C', 'D', 'E', 'F']","[0, 1, 0, 0, 1, 0]","[-0.6667404174804688, 3.3934929370880127, -0.6731359362602234, -0.6383697986602783, -0.556456446647644, -0.8587896227836609]","[-0.6667404174804688, 3.3934929370880127, -0.6731359362602234, -0.6383697986602783, -0.556456446647644, -0.8587896227836609]","[-0.6667404174804688, 3.3934929370880127, -0.6731359362602234, -0.6383697986602783, -0.556456446647644, -0.8587896227836609]",1,1,True,"['B', 'E']","['B', 'E']"
5a8e506d5542990e94052ac8::working_set_pack_a,5a8e506d5542990e94052ac8,"['A', 'B', 'C', 'D', 'E', 'F']","[0, 1, 0, 1, 0, 0]","[-0.8107064366340637, 3.782904863357544, -0.8515719175338745, -0.4009315073490143, -0.791456937789917, -0.928238034248352]","[-0.8107064366340637, 3.782904863357544, -0.8515719175338745, -0.4009315073490143, -0.791456937789917, -0.928238034248352]","[-0.8107064366340637, 3.782904863357544, -0.8515719175338745, -0.4009315073490143, -0.791456937789917, -0.928238034248352]",1,1,True,"['B', 'D']","['B', 'D']"
5a8e506d5542990e94052ac8::active_set_pack_a,5a8e506d5542990e94052ac8,"['A', 'B', 'C', 'D', 'E', 'F']","[0, 1, 0, 1, 0, 0]","[-0.8491955399513245, 3.9529001712799072, -0.8874387145042419, -0.3923046290874481, -0.8373533487319946, -0.9866079688072205]","[-0.8491955399513245, 3.9529001712799072, -0.8874387145042419, -0.3923046290874481, -0.8373533487319946, -0.9866079688072205]","[-0.8491955399513245, 3.9529001712799072, -0.8874387145042419, -0.3923046290874481, -0.8373533487319946, -0.9866079688072205]",1,1,True,"['B', 'D']","['B', 'D']"
5a8e506d5542990e94052ac8::working_set_pack_b,5a8e506d5542990e94052ac8,"['A', 'B', 'C', 'D', 'E', 'F']","[0, 1, 0, 1, 0, 0]","[-1.1071879863739014, 5.408089637756348, -1.1433916091918945, -0.8289015293121338, -1.0993603467941284, -1.2292479276657104]","[-1.1071879863739014, 5.408089637756348, -1.1433916091918945, -0.8289015293121338, -1.0993603467941284, -1.2292479276657104]","[-1.1071879863739014, 5.408089637756348, -1.1433916091918945, -0.8289015293121338, -1.0993603467941284, -1.2292479276657104]",1,1,True,"['B', 'D']","['B', 'D']"
5a8e506d5542990e94052ac8::active_set_pack_b,5a8e506d5542990e94052ac8,"['A', 'B', 'C', 'D', 'E', 'F']","[0, 1, 0, 1, 0, 0]","[-1.0969138145446777, 5.315217971801758, -1.0812374353408813, -0.8247485160827637, -1.0903294086456299, -1.221988558769226]","[-1.0969138145446777, 5.315217971801758, -1.0812374353408813, -0.8247485160827637, -1.0903294086456299, -1.221988558769226]","[-1.0969138145446777, 5.315217971801758, -1.0812374353408813, -0.8247485160827637, -1.0903294086456299, -1.221988558769226]",1,1,True,"['B', 'D']","['B', 'D']"
5ac3983a554299657fa290f5::working_set_pack_a,5ac3983a554299657fa290f5,"['A', 'B', 'C', 'D', 'E', 'F']","[1, 0, 1, 0, 0, 0]","[-0.4395512342453003, -0.6797928810119629, 2.905092477798462, -0.6289042234420776, -0.5567262172698975, -0.6001174449920654]","[-0.4395512342453003, -0.6797928810119629, 2.905092477798462, -0.6289042234420776, -0.5567262172698975, -0.6001174449920654]","[-0.4395512342453003, -0.6797928810119629, 2.905092477798462, -0.6289042234420776, -0.5567262172698975, -0.6001174449920654]",1,1,False,"['C', 'F']","['A', 'C']"
5ac3983a554299657fa290f5::active_set_pack_a,5ac3983a554299657fa290f5,"['A', 'B', 'C', 'D', 'E', 'F']","[1, 0, 1, 0, 0, 0]","[-0.42704257369041443, -0.6752661466598511, 2.876119375228882, -0.6518428921699524, -0.5222442150115967, -0.5997246503829956]","[-0.42704257369041443, -0.6752661466598511, 2.876119375228882, -0.6518428921699524, -0.5222442150115967, -0.5997246503829956]","[-0.42704257369041443, -0.6752661466598511, 2.876119375228882, -0.6518428921699524, -0.5222442150115967, -0.5997246503829956]",1,1,False,"['C', 'F']","['A', 'C']"
5ac3983a554299657fa290f5::working_set_pack_b,5ac3983a554299657fa290f5,"['A', 'B', 'C', 'D', 'E', 'F']","[1, 0, 1, 0, 0, 0]","[-0.5076563358306885, -0.7614504098892212, 3.1122186183929443, -0.683434247970581, -0.5164778828620911, -0.6431998014450073]","[-0.5076563358306885, -0.7614504098892212, 3.1122186183929443, -0.683434247970581, -0.5164778828620911, -0.6431998014450073]","[-0.5076563358306885, -0.7614504098892212, 3.1122186183929443, -0.683434247970581, -0.5164778828620911, -0.6431998014450073]",1,1,False,"['C', 'F']","['A', 'C']"
5ac3983a554299657fa290f5::active_set_pack_b,5ac3983a554299657fa290f5,"['A', 'B', 'C', 'D', 'E', 'F']","[1, 0, 1, 0, 0, 0]","[-0.6860709190368652, -0.8559010028839111, 3.7629141807556152, -0.8274359703063965, -0.6255171895027161, -0.7679892778396606]","[-0.6860709190368652, -0.8559010028839111, 3.7629141807556152, -0.8274359703063965, -0.6255171895027161, -0.7679892778396606]","[-0.6860709190368652, -0.8559010028839111, 3.7629141807556152, -0.8274359703063965, -0.6255171895027161, -0.7679892778396606]",1,1,False,"['C', 'F']","['A', 'C']"
5ac1bfd85542994ab5c67dfb::working_set_pack_a,5ac1bfd85542994ab5c67dfb,"['A', 'B', 'C', 'D', 'E', 'F']","[0, 1, 0, 1, 0, 0]","[-0.4765479266643524, 2.509359359741211, -0.27671387791633606, -0.24394401907920837, -0.5375919342041016, -0.9745618104934692]","[-0.4765479266643524, 2.509359359741211, -0.27671387791633606, -0.24394401907920837, -0.5375919342041016, -0.9745618104934692]","[-0.4765479266643524, 2.509359359741211, -0.27671387791633606, -0.24394401907920837, -0.5375919342041016, -0.9745618104934692]",1,1,True,"['B', 'D']","['B', 'D']"
5ac1bfd85542994ab5c67dfb::active_set_pack_a,5ac1bfd85542994ab5c67dfb,"['A', 'B', 'C', 'D', 'E', 'F']","[0, 1, 0, 1, 0, 0]","[-0.5453066229820251, 2.854130268096924, -0.36118704080581665, -0.32308897376060486, -0.6371142268180847, -0.9874334335327148]","[-0.5453066229820251, 2.854130268096924, -0.36118704080581665, -0.32308897376060486, -0.6371142268180847, -0.9874334335327148]","[-0.5453066229820251, 2.854130268096924, -0.36118704080581665, -0.32308897376060486, -0.6371142268180847, -0.9874334335327148]",1,1,True,"['B', 'D']","['B', 'D']"
5ac1bfd85542994ab5c67dfb::working_set_pack_b,5ac1bfd85542994ab5c67dfb,"['A', 'B', 'C', 'D', 'E', 'F']","[0, 1, 0, 1, 0, 0]","[-0.5940194725990295, 3.340325117111206, -0.40897515416145325, -0.38000166416168213, -0.7327174544334412, -1.2246108055114746]","[-0.5940194725990295, 3.340325117111206, -0.40897515416145325, -0.38000166416168213, -0.7327174544334412, -1.2246108055114746]","[-0.5940194725990295, 3.340325117111206, -0.40897515416145325, -0.38000166416168213, -0.7327174544334412, -1.2246108055114746]",1,1,True,"['B', 'D']","['B', 'D']"
5ac1bfd85542994ab5c67dfb::active_set_pack_b,5ac1bfd85542994ab5c67dfb,"['A', 'B', 'C', 'D', 'E', 'F']","[0, 1, 0, 1, 0, 0]","[-0.6667338013648987, 3.736199378967285, -0.5323460102081299, -0.5064364671707153, -0.8139044642448425, -1.216779351234436]","[-0.6667338013648987, 3.736199378967285, -0.5323460102081299, -0.5064364671707153, -0.8139044642448425, -1.216779351234436]","[-0.6667338013648987, 3.736199378967285, -0.5323460102081299, -0.5064364671707153, -0.8139044642448425, -1.216779351234436]",1,1,True,"['B', 'D']","['B', 'D']"
5a77251055429966f1a36ca5::working_set_pack_a,5a77251055429966f1a36ca5,"['A', 'B', 'C', 'D', 'E', 'F']","[1, 0, 0, 0, 0, 1]","[-0.6516315937042236, -0.6936371326446533, -0.6826090812683105, -0.703069806098938, -0.6908623576164246, 3.4218103885650635]","[-0.6516315937042236, -0.6936371326446533, -0.6826090812683105, -0.703069806098938, -0.6908623576164246, 3.4218103885650635]","[-0.6516315937042236, -0.6936371326446533, -0.6826090812683105, -0.703069806098938, -0.6908623576164246, 3.4218103885650635]",1,1,False,"['E', 'F']","['A', 'F']"
5a77251055429966f1a36ca5::active_set_pack_a,5a77251055429966f1a36ca5,"['A', 'B', 'C', 'D', 'E', 'F']","[1, 0, 0, 0, 0, 1]","[-0.7222188711166382, -0.7841596603393555, -0.752792477607727, -0.7882772088050842, -0.7676442861557007, 3.8150925636291504]","[-0.7222188711166382, -0.7841596603393555, -0.752792477607727, -0.7882772088050842, -0.7676442861557007, 3.8150925636291504]","[-0.7222188711166382, -0.7841596603393555, -0.752792477607727, -0.7882772088050842, -0.7676442861557007, 3.8150925636291504]",1,1,False,"['E', 'F']","['A', 'F']"
5a77251055429966f1a36ca5::working_set_pack_b,5a77251055429966f1a36ca5,"['A', 'B', 'C', 'D', 'E', 'F']","[1, 0, 0, 0, 0, 1]","[-0.7778788208961487, -0.8830780386924744, -0.8136435747146606, -0.7921671271324158, -0.8108161091804504, 4.077583312988281]","[-0.7778788208961487, -0.8830780386924744, -0.8136435747146606, -0.7921671271324158, -0.8108161091804504, 4.077583312988281]","[-0.7778788208961487, -0.8830780386924744, -0.8136435747146606, -0.7921671271324158, -0.8108161091804504, 4.077583312988281]",1,1,False,"['E', 'F']","['A', 'F']"
5a77251055429966f1a36ca5::active_set_pack_b,5a77251055429966f1a36ca5,"['A', 'B', 'C', 'D', 'E', 'F']","[1, 0, 0, 0, 0, 1]","[-0.5627216100692749, -0.7270744442939758, -0.6034798622131348, -0.5997194051742554, -0.6035000681877136, 3.0964951515197754]","[-0.5627216100692749, -0.7270744442939758, -0.6034798622131348, -0.5997194051742554, -0.6035000681877136, 3.0964951515197754]","[-0.5627216100692749, -0.7270744442939758, -0.6034798622131348, -0.5997194051742554, -0.6035000681877136, 3.0964951515197754]",1,1,False,"['E', 'F']","['A', 'F']"
5ac3bf5e5542995ef918c20f::working_set_pack_a,5ac3bf5e5542995ef918c20f,"['A', 'B', 'C', 'D', 'E', 'F']","[0, 0, 1, 0, 1, 0]","[-0.04343773424625397, -0.06547815352678299, 2.1859896183013916, -0.1626010239124298, -1.7507869005203247, -0.1636853963136673]","[-0.04343773424625397, -0.06547815352678299, 2.1859896183013916, -0.1626010239124298, -1.7507869005203247, -0.1636853963136673]","[-0.04343773424625397, -0.06547815352678299, 2.1859896183013916, -0.1626010239124298, -1.7507869005203247, -0.1636853963136673]",1,1,True,"['C', 'E']","['C', 'E']"
5ac3bf5e5542995ef918c20f::active_set_pack_a,5ac3bf5e5542995ef918c20f,"['A', 'B', 'C', 'D', 'E', 'F']","[0, 0, 1, 0, 1, 0]","[-0.09055837988853455, -0.11126521229743958, 2.402710199356079, -0.2116604745388031, -1.7781457901000977, -0.21107974648475647]","[-0.09055837988853455, -0.11126521229743958, 2.402710199356079, -0.2116604745388031, -1.7781457901000977, -0.21107974648475647]","[0.09055837988853455, 0.11126521229743958, -2.402710199356079, 0.2116604745388031, 1.7781457901000977, 0.21107974648475647]",-1,-1,True,"['C', 'E']","['C', 'E']"
5ac3bf5e5542995ef918c20f::working_set_pack_b,5ac3bf5e5542995ef918c20f,"['A', 'B', 'C', 'D', 'E', 'F']","[0, 0, 1, 0, 1, 0]","[-0.515932023525238, -0.527890682220459, -1.054237961769104, -0.6373922824859619, 3.1297149658203125, -0.3942612409591675]","[-0.515932023525238, -0.527890682220459, -1.054237961769104, -0.6373922824859619, 3.1297149658203125, -0.3942612409591675]","[0.515932023525238, 0.527890682220459, 1.054237961769104, 0.6373922824859619, -3.1297149658203125, 0.3942612409591675]",-1,-1,False,"['E', 'F']","['C', 'E']"
5ac3bf5e5542995ef918c20f::active_set_pack_b,5ac3bf5e5542995ef918c20f,"['A', 'B', 'C', 'D', 'E', 'F']","[0, 0, 1, 0, 1, 0]","[-0.3354623019695282, -0.3361741900444031, -1.4305559396743774, -0.43812838196754456, 2.726710319519043, -0.18639050424098969]","[-0.3354623019695282, -0.3361741900444031, -1.4305559396743774, -0.43812838196754456, 2.726710319519043, -0.18639050424098969]","[0.3354623019695282, 0.3361741900444031, 1.4305559396743774, 0.43812838196754456, -2.726710319519043, 0.18639050424098969]",-1,-1,True,"['C', 'E']","['C', 'E']"
5a81fab9554299676cceb1b1::working_set_pack_a,5a81fab9554299676cceb1b1,"['A', 'B', 'C', 'D', 'E', 'F']","[1, 0, 0, 0, 0, 1]","[-1.0008771419525146, -1.1074731349945068, -1.008739948272705, -0.7958646416664124, -1.0527034997940063, 4.9656596183776855]","[-1.0008771419525146, -1.1074731349945068, -1.008739948272705, -0.7958646416664124, -1.0527034997940063, 4.9656596183776855]","[1.0008771419525146, 1.1074731349945068, 1.008739948272705, 0.7958646416664124, 1.0527034997940063, -4.9656596183776855]",-1,-1,False,"['D', 'F']","['A', 'F']"
5a81fab9554299676cceb1b1::active_set_pack_a,5a81fab9554299676cceb1b1,"['A', 'B', 'C', 'D', 'E', 'F']","[1, 0, 0, 0, 0, 1]","[-0.965175449848175, -1.070787787437439, -0.9745338559150696, -0.7733510136604309, -1.019959807395935, 4.803809642791748]","[-0.965175449848175, -1.070787787437439, -0.9745338559150696, -0.7733510136604309, -1.019959807395935, 4.803809642791748]","[0.965175449848175, 1.070787787437439, 0.9745338559150696, 0.7733510136604309, 1.019959807395935, -4.803809642791748]",-1,-1,False,"['D', 'F']","['A', 'F']"
5a81fab9554299676cceb1b1::working_set_pack_b,5a81fab9554299676cceb1b1,"['A', 'B', 'C', 'D', 'E', 'F']","[1, 0, 0, 0, 0, 1]","[-1.0595134496688843, -1.1847379207611084, -1.0712318420410156, -0.8691166043281555, -1.1470937728881836, 5.331692695617676]","[-1.0595134496688843, -1.1847379207611084, -1.0712318420410156, -0.8691166043281555, -1.1470937728881836, 5.331692695617676]","[1.0595134496688843, 1.1847379207611084, 1.0712318420410156, 0.8691166043281555, 1.1470937728881836, -5.331692695617676]",-1,-1,False,"['D', 'F']","['A', 'F']"
5a81fab9554299676cceb1b1::active_set_pack_b,5a81fab9554299676cceb1b1,"['A', 'B', 'C', 'D', 'E', 'F']","[1, 0, 0, 0, 0, 1]","[-0.9789079427719116, -1.0948070287704468, -0.9849114418029785, -0.7375355362892151, -1.0502595901489258, 4.84642219543457]","[-0.9789079427719116, -1.0948070287704468, -0.9849114418029785, -0.7375355362892151, -1.0502595901489258, 4.84642219543457]","[0.9789079427719116, 1.0948070287704468, 0.9849114418029785, 0.7375355362892151, 1.0502595901489258, -4.84642219543457]",-1,-1,False,"['D', 'F']","['A', 'F']"
5ac141dd5542991316484a9b::working_set_pack_a,5ac141dd5542991316484a9b,"['A', 'B', 'C', 'D', 'E', 'F']","[0, 0, 0, 1, 0, 1]","[-0.8540831804275513, -0.8704043626785278, -0.8472263216972351, -0.7653032541275024, -0.6311765909194946, 3.968193769454956]","[0.8540831804275513, 0.8704043626785278, 0.8472263216972351, 0.7653032541275024, 0.6311765909194946, -3.968193769454956]","[0.8540831804275513, 0.8704043626785278, 0.8472263216972351, 0.7653032541275024, 0.6311765909194946, -3.968193769454956]",-1,1,False,"['D', 'E']","['D', 'F']"
5ac141dd5542991316484a9b::active_set_pack_a,5ac141dd5542991316484a9b,"['A', 'B', 'C', 'D', 'E', 'F']","[0, 0, 0, 1, 0, 1]","[-0.7671298384666443, -0.7816260457038879, -0.762916624546051, -0.7562935948371887, -0.5612854361534119, 3.62925124168396]","[0.7671298384666443, 0.7816260457038879, 0.762916624546051, 0.7562935948371887, 0.5612854361534119, -3.62925124168396]","[-0.7671298384666443, -0.7816260457038879, -0.762916624546051, -0.7562935948371887, -0.5612854361534119, 3.62925124168396]",1,-1,False,"['D', 'E']","['D', 'F']"
5ac141dd5542991316484a9b::working_set_pack_b,5ac141dd5542991316484a9b,"['A', 'B', 'C', 'D', 'E', 'F']","[0, 0, 0, 1, 0, 1]","[-0.3919200003147125, -0.3941585123538971, -0.4011682868003845, 2.931504011154175, -0.17233557999134064, -1.57192063331604]","[-0.3919200003147125, -0.3941585123538971, -0.4011682868003845, 2.931504011154175, -0.17233557999134064, -1.57192063331604]","[-0.3919200003147125, -0.3941585123538971, -0.4011682868003845, 2.931504011154175, -0.17233557999134064, -1.57192063331604]",1,1,False,"['D', 'E']","['D', 'F']"
5ac141dd5542991316484a9b::active_set_pack_b,5ac141dd5542991316484a9b,"['A', 'B', 'C', 'D', 'E', 'F']","[0, 0, 0, 1, 0, 1]","[-0.31115227937698364, -0.3294515311717987, -0.32582157850265503, -1.6989915370941162, -0.18797776103019714, 2.8533952236175537]","[0.31115227937698364, 0.3294515311717987, 0.32582157850265503, 1.6989915370941162, 0.18797776103019714, -2.8533952236175537]","[-0.31115227937698364, -0.3294515311717987, -0.32582157850265503, -1.6989915370941162, -0.18797776103019714, 2.8533952236175537]",1,-1,False,"['D', 'E']","['D', 'F']"
5ab6ef2f554299710c8d1fc5::working_set_pack_a,5ab6ef2f554299710c8d1fc5,"['A', 'B', 'C', 'D', 'E', 'F']","[0, 0, 0, 1, 0, 1]","[-0.4815027415752411, -0.45802226662635803, -0.47956210374832153, -1.3428478240966797, -0.4899193048477173, 3.251854419708252]","[-0.4815027415752411, -0.45802226662635803, -0.47956210374832153, -1.3428478240966797, -0.4899193048477173, 3.251854419708252]","[-0.4815027415752411, -0.45802226662635803, -0.47956210374832153, -1.3428478240966797, -0.4899193048477173, 3.251854419708252]",1,1,True,"['D', 'F']","['D', 'F']"
5ab6ef2f554299710c8d1fc5::active_set_pack_a,5ab6ef2f554299710c8d1fc5,"['A', 'B', 'C', 'D', 'E', 'F']","[0, 0, 0, 1, 0, 1]","[-0.41508573293685913, -0.3913152813911438, -0.41486623883247375, -1.7136874198913574, -0.41874340176582336, 3.353698492050171]","[-0.41508573293685913, -0.3913152813911438, -0.41486623883247375, -1.7136874198913574, -0.41874340176582336, 3.353698492050171]","[-0.41508573293685913, -0.3913152813911438, -0.41486623883247375, -1.7136874198913574, -0.41874340176582336, 3.353698492050171]",1,1,True,"['D', 'F']","['D', 'F']"
5ab6ef2f554299710c8d1fc5::working_set_pack_b,5ab6ef2f554299710c8d1fc5,"['A', 'B', 'C', 'D', 'E', 'F']","[0, 0, 0, 1, 0, 1]","[-0.6695383191108704, -0.5918123722076416, -0.6686903238296509, 3.44382905960083, -0.7230700254440308, -0.7907187938690186]","[-0.6695383191108704, -0.5918123722076416, -0.6686903238296509, 3.44382905960083, -0.7230700254440308, -0.7907187938690186]","[-0.6695383191108704, -0.5918123722076416, -0.6686903238296509, 3.44382905960083, -0.7230700254440308, -0.7907187938690186]",1,1,True,"['D', 'F']","['D', 'F']"
5ab6ef2f554299710c8d1fc5::active_set_pack_b,5ab6ef2f554299710c8d1fc5,"['A', 'B', 'C', 'D', 'E', 'F']","[0, 0, 0, 1, 0, 1]","[-0.6435198783874512, -0.5594608783721924, -0.6479578018188477, 3.472060203552246, -0.7301795482635498, -0.8909433484077454]","[-0.6435198783874512, -0.5594608783721924, -0.6479578018188477, 3.472060203552246, -0.7301795482635498, -0.8909433484077454]","[-0.6435198783874512, -0.5594608783721924, -0.6479578018188477, 3.472060203552246, -0.7301795482635498, -0.8909433484077454]",1,1,True,"['D', 'F']","['D', 'F']"
5ae546be5542990ba0bbb251::working_set_pack_a,5ae546be5542990ba0bbb251,"['A', 'B', 'C', 'D', 'E', 'F']","[0, 1, 0, 0, 0, 1]","[-1.0606236457824707, -0.9825687408447266, -1.0674667358398438, -1.0351736545562744, -1.0960363149642944, 5.241867542266846]","[-1.0606236457824707, -0.9825687408447266, -1.0674667358398438, -1.0351736545562744, -1.0960363149642944, 5.241867542266846]","[1.0606236457824707, 0.9825687408447266, 1.0674667358398438, 1.0351736545562744, 1.0960363149642944, -5.241867542266846]",-1,-1,False,"['E', 'F']","['B', 'F']"
5ae546be5542990ba0bbb251::active_set_pack_a,5ae546be5542990ba0bbb251,"['A', 'B', 'C', 'D', 'E', 'F']","[0, 1, 0, 0, 0, 1]","[-1.027970314025879, -0.9554047584533691, -1.0383994579315186, -1.0088249444961548, -1.0643136501312256, 5.094913005828857]","[-1.027970314025879, -0.9554047584533691, -1.0383994579315186, -1.0088249444961548, -1.0643136501312256, 5.094913005828857]","[1.027970314025879, 0.9554047584533691, 1.0383994579315186, 1.0088249444961548, 1.0643136501312256, -5.094913005828857]",-1,-1,True,"['B', 'F']","['B', 'F']"
5ae546be5542990ba0bbb251::working_set_pack_b,5ae546be5542990ba0bbb251,"['A', 'B', 'C', 'D', 'E', 'F']","[0, 1, 0, 0, 0, 1]","[-1.049043893814087, -0.960558295249939, -1.058975100517273, -1.010146975517273, -1.0932468175888062, 5.171970367431641]","[-1.049043893814087, -0.960558295249939, -1.058975100517273, -1.010146975517273, -1.0932468175888062, 5.171970367431641]","[1.049043893814087, 0.960558295249939, 1.058975100517273, 1.010146975517273, 1.0932468175888062, -5.171970367431641]",-1,-1,False,"['E', 'F']","['B', 'F']"
5ae546be5542990ba0bbb251::active_set_pack_b,5ae546be5542990ba0bbb251,"['A', 'B', 'C', 'D', 'E', 'F']","[0, 1, 0, 0, 0, 1]","[-1.012026309967041, -0.9362947344779968, -1.0177953243255615, -0.9756353497505188, -1.0599666833877563, 5.001716613769531]","[-1.012026309967041, -0.9362947344779968, -1.0177953243255615, -0.9756353497505188, -1.0599666833877563, 5.001716613769531]","[1.012026309967041, 0.9362947344779968, 1.0177953243255615, 0.9756353497505188, 1.0599666833877563, -5.001716613769531]",-1,-1,False,"['E', 'F']","['B', 'F']"
5a73f2265542993a88ae2ea9::working_set_pack_a,5a73f2265542993a88ae2ea9,"['A', 'B', 'C', 'D', 'E', 'F']","[0, 0, 0, 1, 1, 0]","[0.20148786902427673, 0.3365991413593292, -1.4002901315689087, 0.11142861098051071, 0.332305371761322, 0.4184693992137909]","[-0.20148786902427673, -0.3365991413593292, 1.4002901315689087, -0.11142861098051071, -0.332305371761322, -0.4184693992137909]","[-0.20148786902427673, -0.3365991413593292, 1.4002901315689087, -0.11142861098051071, -0.332305371761322, -0.4184693992137909]",-1,1,False,"['C', 'E']","['D', 'E']"
5a73f2265542993a88ae2ea9::active_set_pack_a,5a73f2265542993a88ae2ea9,"['A', 'B', 'C', 'D', 'E', 'F']","[0, 0, 0, 1, 1, 0]","[0.24489419162273407, 0.39363035559654236, -1.5668672323226929, 0.14352908730506897, 0.30985257029533386, 0.4749614894390106]","[-0.24489419162273407, -0.39363035559654236, 1.5668672323226929, -0.14352908730506897, -0.30985257029533386, -0.4749614894390106]","[-0.24489419162273407, -0.39363035559654236, 1.5668672323226929, -0.14352908730506897, -0.30985257029533386, -0.4749614894390106]",-1,1,False,"['C', 'E']","['D', 'E']"
5a73f2265542993a88ae2ea9::working_set_pack_b,5a73f2265542993a88ae2ea9,"['A', 'B', 'C', 'D', 'E', 'F']","[0, 0, 0, 1, 1, 0]","[0.4162198007106781, 0.5623791813850403, -2.2290589809417725, 0.28552839159965515, 0.43098586797714233, 0.5339456796646118]","[-0.4162198007106781, -0.5623791813850403, 2.2290589809417725, -0.28552839159965515, -0.43098586797714233, -0.5339456796646118]","[-0.4162198007106781, -0.5623791813850403, 2.2290589809417725, -0.28552839159965515, -0.43098586797714233, -0.5339456796646118]",-1,1,False,"['C', 'E']","['D', 'E']"
5a73f2265542993a88ae2ea9::active_set_pack_b,5a73f2265542993a88ae2ea9,"['A', 'B', 'C', 'D', 'E', 'F']","[0, 0, 0, 1, 1, 0]","[-0.38629937171936035, -0.7792078852653503, -0.35188496112823486, 2.186805486679077, -0.2089366912841797, -0.460476815700531]","[-0.38629937171936035, -0.7792078852653503, -0.35188496112823486, 2.186805486679077, -0.2089366912841797, -0.460476815700531]","[-0.38629937171936035, -0.7792078852653503, -0.35188496112823486, 2.186805486679077, -0.2089366912841797, -0.460476815700531]",1,1,False,"['C', 'D']","['D', 'E']"
5a7cbd7c554299452d57b9e6::working_set_pack_a,5a7cbd7c554299452d57b9e6,"['A', 'B', 'C', 'D', 'E', 'F']","[0, 0, 0, 1, 0, 1]","[-0.8337278962135315, -0.8354345560073853, -0.8356282114982605, 3.7461140155792236, -0.815663754940033, -0.4256596267223358]","[-0.8337278962135315, -0.8354345560073853, -0.8356282114982605, 3.7461140155792236, -0.815663754940033, -0.4256596267223358]","[0.8337278962135315, 0.8354345560073853, 0.8356282114982605, -3.7461140155792236, 0.815663754940033, 0.4256596267223358]",-1,-1,True,"['D', 'F']","['D', 'F']"
5a7cbd7c554299452d57b9e6::active_set_pack_a,5a7cbd7c554299452d57b9e6,"['A', 'B', 'C', 'D', 'E', 'F']","[0, 0, 0, 1, 0, 1]","[-0.7971128821372986, -0.7853115797042847, -0.8049342036247253, 3.465778112411499, -0.7832384705543518, -0.29518142342567444]","[-0.7971128821372986, -0.7853115797042847, -0.8049342036247253, 3.465778112411499, -0.7832384705543518, -0.29518142342567444]","[0.7971128821372986, 0.7853115797042847, 0.8049342036247253, -3.465778112411499, 0.7832384705543518, 0.29518142342567444]",-1,-1,True,"['D', 'F']","['D', 'F']"
5a7cbd7c554299452d57b9e6::working_set_pack_b,5a7cbd7c554299452d57b9e6,"['A', 'B', 'C', 'D', 'E', 'F']","[0, 0, 0, 1, 0, 1]","[-1.0663591623306274, -1.137412667274475, -1.1273283958435059, 5.0859694480896, -1.0385711193084717, -0.716298520565033]","[-1.0663591623306274, -1.137412667274475, -1.1273283958435059, 5.0859694480896, -1.0385711193084717, -0.716298520565033]","[1.0663591623306274, 1.137412667274475, 1.1273283958435059, -5.0859694480896, 1.0385711193084717, 0.716298520565033]",-1,-1,True,"['D', 'F']","['D', 'F']"
5a7cbd7c554299452d57b9e6::active_set_pack_b,5a7cbd7c554299452d57b9e6,"['A', 'B', 'C', 'D', 'E', 'F']","[0, 0, 0, 1, 0, 1]","[-0.8515943288803101, -0.9386920928955078, -0.896573543548584, 3.8699588775634766, -0.892315685749054, -0.29078376293182373]","[-0.8515943288803101, -0.9386920928955078, -0.896573543548584, 3.8699588775634766, -0.892315685749054, -0.29078376293182373]","[-0.8515943288803101, -0.9386920928955078, -0.896573543548584, 3.8699588775634766, -0.892315685749054, -0.29078376293182373]",1,1,True,"['D', 'F']","['D', 'F']"
5adf9e7e5542992d7e9f93be::working_set_pack_a,5adf9e7e5542992d7e9f93be,"['A', 'B', 'C', 'D', 'E', 'F']","[0, 1, 1, 0, 0, 0]","[-0.5143492221832275, -0.4170375466346741, 2.980302095413208, -0.5412194728851318, -0.9301961660385132, -0.5775002241134644]","[-0.5143492221832275, -0.4170375466346741, 2.980302095413208, -0.5412194728851318, -0.9301961660385132, -0.5775002241134644]","[-0.5143492221832275, -0.4170375466346741, 2.980302095413208, -0.5412194728851318, -0.9301961660385132, -0.5775002241134644]",1,1,True,"['B', 'C']","['B', 'C']"
5adf9e7e5542992d7e9f93be::active_set_pack_a,5adf9e7e5542992d7e9f93be,"['A', 'B', 'C', 'D', 'E', 'F']","[0, 1, 1, 0, 0, 0]","[-0.5195542573928833, -0.41687631607055664, 3.0541305541992188, -0.545394778251648, -0.9822603464126587, -0.590045690536499]","[-0.5195542573928833, -0.41687631607055664, 3.0541305541992188, -0.545394778251648, -0.9822603464126587, -0.590045690536499]","[-0.5195542573928833, -0.41687631607055664, 3.0541305541992188, -0.545394778251648, -0.9822603464126587, -0.590045690536499]",1,1,True,"['B', 'C']","['B', 'C']"
5adf9e7e5542992d7e9f93be::working_set_pack_b,5adf9e7e5542992d7e9f93be,"['A', 'B', 'C', 'D', 'E', 'F']","[0, 1, 1, 0, 0, 0]","[-0.46847808361053467, -0.37142717838287354, 3.112238883972168, -0.502924382686615, -1.1748396158218384, -0.5945689678192139]","[-0.46847808361053467, -0.37142717838287354, 3.112238883972168, -0.502924382686615, -1.1748396158218384, -0.5945689678192139]","[-0.46847808361053467, -0.37142717838287354, 3.112238883972168, -0.502924382686615, -1.1748396158218384, -0.5945689678192139]",1,1,True,"['B', 'C']","['B', 'C']"
5adf9e7e5542992d7e9f93be::active_set_pack_b,5adf9e7e5542992d7e9f93be,"['A', 'B', 'C', 'D', 'E', 'F']","[0, 1, 1, 0, 0, 0]","[-0.588128387928009, -0.5333867073059082, 3.545119524002075, -0.6341406106948853, -1.0919445753097534, -0.6975196003913879]","[-0.588128387928009, -0.5333867073059082, 3.545119524002075, -0.6341406106948853, -1.0919445753097534, -0.6975196003913879]","[-0.588128387928009, -0.5333867073059082, 3.545119524002075, -0.6341406106948853, -1.0919445753097534, -0.6975196003913879]",1,1,True,"['B', 'C']","['B', 'C']"
5a7b970c554299294a54aa0b::working_set_pack_a,5a7b970c554299294a54aa0b,"['A', 'B', 'C', 'D', 'E', 'F']","[0, 1, 1, 0, 0, 0]","[-0.43059036135673523, -0.26336368918418884, 2.202378749847412, -0.5047242641448975, -0.5083572864532471, -0.49534329771995544]","[-0.43059036135673523, -0.26336368918418884, 2.202378749847412, -0.5047242641448975, -0.5083572864532471, -0.49534329771995544]","[-0.43059036135673523, -0.26336368918418884, 2.202378749847412, -0.5047242641448975, -0.5083572864532471, -0.49534329771995544]",1,1,True,"['B', 'C']","['B', 'C']"
5a7b970c554299294a54aa0b::active_set_pack_a,5a7b970c554299294a54aa0b,"['A', 'B', 'C', 'D', 'E', 'F']","[0, 1, 1, 0, 0, 0]","[-0.4604792594909668, -0.26771438121795654, 2.3537566661834717, -0.5509640574455261, -0.5513421893119812, -0.523256778717041]","[-0.4604792594909668, -0.26771438121795654, 2.3537566661834717, -0.5509640574455261, -0.5513421893119812, -0.523256778717041]","[-0.4604792594909668, -0.26771438121795654, 2.3537566661834717, -0.5509640574455261, -0.5513421893119812, -0.523256778717041]",1,1,True,"['B', 'C']","['B', 'C']"
5a7b970c554299294a54aa0b::working_set_pack_b,5a7b970c554299294a54aa0b,"['A', 'B', 'C', 'D', 'E', 'F']","[0, 1, 1, 0, 0, 0]","[-0.5286062955856323, -0.4187656342983246, 2.851027250289917, -0.661488950252533, -0.6417927742004395, -0.6003738045692444]","[-0.5286062955856323, -0.4187656342983246, 2.851027250289917, -0.661488950252533, -0.6417927742004395, -0.6003738045692444]","[-0.5286062955856323, -0.4187656342983246, 2.851027250289917, -0.661488950252533, -0.6417927742004395, -0.6003738045692444]",1,1,True,"['B', 'C']","['B', 'C']"
5a7b970c554299294a54aa0b::active_set_pack_b,5a7b970c554299294a54aa0b,"['A', 'B', 'C', 'D', 'E', 'F']","[0, 1, 1, 0, 0, 0]","[-0.6638937592506409, -0.5612747073173523, 3.516261339187622, -0.7915881872177124, -0.7723938822746277, -0.72711181640625]","[-0.6638937592506409, -0.5612747073173523, 3.516261339187622, -0.7915881872177124, -0.7723938822746277, -0.72711181640625]","[-0.6638937592506409, -0.5612747073173523, 3.516261339187622, -0.7915881872177124, -0.7723938822746277, -0.72711181640625]",1,1,True,"['B', 'C']","['B', 'C']"
5ab8f24f55429934fafe6e20::working_set_pack_a,5ab8f24f55429934fafe6e20,"['A', 'B', 'C', 'D', 'E', 'F']","[1, 0, 0, 1, 0, 0]","[0.20209605991840363, 0.3638271987438202, 0.3022136688232422, 0.2749859094619751, -1.5495187044143677, 0.40639540553092957]","[-0.20209605991840363, -0.3638271987438202, -0.3022136688232422, -0.2749859094619751, 1.5495187044143677, -0.40639540553092957]","[0.20209605991840363, 0.3638271987438202, 0.3022136688232422, 0.2749859094619751, -1.5495187044143677, 0.40639540553092957]",1,-1,False,"['E', 'F']","['A', 'D']"
5ab8f24f55429934fafe6e20::active_set_pack_a,5ab8f24f55429934fafe6e20,"['A', 'B', 'C', 'D', 'E', 'F']","[1, 0, 0, 1, 0, 0]","[0.189262256026268, 0.3898867070674896, 0.35590797662734985, 0.3251582384109497, -1.729150652885437, 0.46893563866615295]","[-0.189262256026268, -0.3898867070674896, -0.35590797662734985, -0.3251582384109497, 1.729150652885437, -0.46893563866615295]","[0.189262256026268, 0.3898867070674896, 0.35590797662734985, 0.3251582384109497, -1.729150652885437, 0.46893563866615295]",1,-1,False,"['E', 'F']","['A', 'D']"
5ab8f24f55429934fafe6e20::working_set_pack_b,5ab8f24f55429934fafe6e20,"['A', 'B', 'C', 'D', 'E', 'F']","[1, 0, 0, 1, 0, 0]","[0.15029799938201904, 0.40706533193588257, 0.3784395456314087, 0.32407015562057495, -1.7275526523590088, 0.46767961978912354]","[-0.15029799938201904, -0.40706533193588257, -0.3784395456314087, -0.32407015562057495, 1.7275526523590088, -0.46767961978912354]","[0.15029799938201904, 0.40706533193588257, 0.3784395456314087, 0.32407015562057495, -1.7275526523590088, 0.46767961978912354]",1,-1,False,"['E', 'F']","['A', 'D']"
5ab8f24f55429934fafe6e20::active_set_pack_b,5ab8f24f55429934fafe6e20,"['A', 'B', 'C', 'D', 'E', 'F']","[1, 0, 0, 1, 0, 0]","[0.3486934304237366, 0.5580855011940002, 0.5193911790847778, 0.474685937166214, -2.5559661388397217, 0.6551096439361572]","[-0.3486934304237366, -0.5580855011940002, -0.5193911790847778, -0.474685937166214, 2.5559661388397217, -0.6551096439361572]","[0.3486934304237366, 0.5580855011940002, 0.5193911790847778, 0.474685937166214, -2.5559661388397217, 0.6551096439361572]",1,-1,False,"['E', 'F']","['A', 'D']"
5a83cf395542996488c2e4e0::working_set_pack_a,5a83cf395542996488c2e4e0,"['A', 'B', 'C', 'D', 'E', 'F']","[0, 0, 1, 0, 0, 1]","[0.1803576648235321, 0.15174251794815063, 0.8920103311538696, -1.025296688079834, -0.2512355148792267, 0.05242175981402397]","[-0.1803576648235321, -0.15174251794815063, -0.8920103311538696, 1.025296688079834, 0.2512355148792267, -0.05242175981402397]","[0.1803576648235321, 0.15174251794815063, 0.8920103311538696, -1.025296688079834, -0.2512355148792267, 0.05242175981402397]",1,-1,False,"['C', 'D']","['C', 'F']"
5a83cf395542996488c2e4e0::active_set_pack_a,5a83cf395542996488c2e4e0,"['A', 'B', 'C', 'D', 'E', 'F']","[0, 0, 1, 0, 0, 1]","[0.22394323348999023, 0.1936774104833603, 0.8215083479881287, -1.1018527746200562, -0.24217046797275543, 0.10489408671855927]","[-0.22394323348999023, -0.1936774104833603, -0.8215083479881287, 1.1018527746200562, 0.24217046797275543, -0.10489408671855927]","[0.22394323348999023, 0.1936774104833603, 0.8215083479881287, -1.1018527746200562, -0.24217046797275543, 0.10489408671855927]",1,-1,False,"['C', 'D']","['C', 'F']"
5a83cf395542996488c2e4e0::working_set_pack_b,5a83cf395542996488c2e4e0,"['A', 'B', 'C', 'D', 'E', 'F']","[0, 0, 1, 0, 0, 1]","[-0.11568889021873474, -0.14594462513923645, 1.4628549814224243, -0.33714133501052856, -0.5385794639587402, -0.3255005478858948]","[-0.11568889021873474, -0.14594462513923645, 1.4628549814224243, -0.33714133501052856, -0.5385794639587402, -0.3255005478858948]","[-0.11568889021873474, -0.14594462513923645, 1.4628549814224243, -0.33714133501052856, -0.5385794639587402, -0.3255005478858948]",1,1,False,"['C', 'D']","['C', 'F']"
5a83cf395542996488c2e4e0::active_set_pack_b,5a83cf395542996488c2e4e0,"['A', 'B', 'C', 'D', 'E', 'F']","[0, 0, 1, 0, 0, 1]","[-0.3023340702056885, -0.33848837018013, 2.0250136852264404, -0.4669475257396698, -0.47677385807037354, -0.44047030806541443]","[-0.3023340702056885, -0.33848837018013, 2.0250136852264404, -0.4669475257396698, -0.47677385807037354, -0.44047030806541443]","[-0.3023340702056885, -0.33848837018013, 2.0250136852264404, -0.4669475257396698, -0.47677385807037354, -0.44047030806541443]",1,1,False,"['B', 'C']","['C', 'F']"
5ab265de5542993be8fa9901::working_set_pack_a,5ab265de5542993be8fa9901,"['A', 'B', 'C', 'D', 'E', 'F']","[0, 0, 0, 0, 1, 1]","[-1.4045604467391968, -1.3961297273635864, -1.2792941331863403, -1.4273288249969482, -1.1029187440872192, 6.610232830047607]","[-1.4045604467391968, -1.3961297273635864, -1.2792941331863403, -1.4273288249969482, -1.1029187440872192, 6.610232830047607]","[-1.4045604467391968, -1.3961297273635864, -1.2792941331863403, -1.4273288249969482, -1.1029187440872192, 6.610232830047607]",1,1,True,"['E', 'F']","['E', 'F']"
5ab265de5542993be8fa9901::active_set_pack_a,5ab265de5542993be8fa9901,"['A', 'B', 'C', 'D', 'E', 'F']","[0, 0, 0, 0, 1, 1]","[-1.460253357887268, -1.448732614517212, -1.3262004852294922, -1.4631438255310059, -1.1453344821929932, 6.843664169311523]","[-1.460253357887268, -1.448732614517212, -1.3262004852294922, -1.4631438255310059, -1.1453344821929932, 6.843664169311523]","[-1.460253357887268, -1.448732614517212, -1.3262004852294922, -1.4631438255310059, -1.1453344821929932, 6.843664169311523]",1,1,True,"['E', 'F']","['E', 'F']"
5ab265de5542993be8fa9901::working_set_pack_b,5ab265de5542993be8fa9901,"['A', 'B', 'C', 'D', 'E', 'F']","[0, 0, 0, 0, 1, 1]","[-1.4250398874282837, -1.4318195581436157, -1.3103326559066772, -1.4793529510498047, -1.1405972242355347, 6.787143230438232]","[-1.4250398874282837, -1.4318195581436157, -1.3103326559066772, -1.4793529510498047, -1.1405972242355347, 6.787143230438232]","[-1.4250398874282837, -1.4318195581436157, -1.3103326559066772, -1.4793529510498047, -1.1405972242355347, 6.787143230438232]",1,1,True,"['E', 'F']","['E', 'F']"
5ab265de5542993be8fa9901::active_set_pack_b,5ab265de5542993be8fa9901,"['A', 'B', 'C', 'D', 'E', 'F']","[0, 0, 0, 0, 1, 1]","[-1.2406798601150513, -1.2251628637313843, -1.1407623291015625, -1.2446262836456299, -0.8744115829467773, 5.72564172744751]","[-1.2406798601150513, -1.2251628637313843, -1.1407623291015625, -1.2446262836456299, -0.8744115829467773, 5.72564172744751]","[-1.2406798601150513, -1.2251628637313843, -1.1407623291015625, -1.2446262836456299, -0.8744115829467773, 5.72564172744751]",1,1,True,"['E', 'F']","['E', 'F']"
5abc0e30554299700f9d77c5::working_set_pack_a,5abc0e30554299700f9d77c5,"['A', 'B', 'C', 'D', 'E', 'F']","[0, 1, 0, 0, 1, 0]","[-0.5232672691345215, 2.905836582183838, -0.5004345178604126, -0.5244843363761902, -0.7941768169403076, -0.5634737610816956]","[-0.5232672691345215, 2.905836582183838, -0.5004345178604126, -0.5244843363761902, -0.7941768169403076, -0.5634737610816956]","[-0.5232672691345215, 2.905836582183838, -0.5004345178604126, -0.5244843363761902, -0.7941768169403076, -0.5634737610816956]",1,1,True,"['B', 'E']","['B', 'E']"
5abc0e30554299700f9d77c5::active_set_pack_a,5abc0e30554299700f9d77c5,"['A', 'B', 'C', 'D', 'E', 'F']","[0, 1, 0, 0, 1, 0]","[-0.6219168901443481, 3.2252931594848633, -0.5824870467185974, -0.618095338344574, -0.7464933395385742, -0.6563010215759277]","[-0.6219168901443481, 3.2252931594848633, -0.5824870467185974, -0.618095338344574, -0.7464933395385742, -0.6563010215759277]","[-0.6219168901443481, 3.2252931594848633, -0.5824870467185974, -0.618095338344574, -0.7464933395385742, -0.6563010215759277]",1,1,True,"['B', 'E']","['B', 'E']"
5abc0e30554299700f9d77c5::working_set_pack_b,5abc0e30554299700f9d77c5,"['A', 'B', 'C', 'D', 'E', 'F']","[0, 1, 0, 0, 1, 0]","[-0.292561799287796, 2.5800418853759766, -0.2670897841453552, -0.2793915271759033, -1.3917316198349, -0.34926700592041016]","[-0.292561799287796, 2.5800418853759766, -0.2670897841453552, -0.2793915271759033, -1.3917316198349, -0.34926700592041016]","[-0.292561799287796, 2.5800418853759766, -0.2670897841453552, -0.2793915271759033, -1.3917316198349, -0.34926700592041016]",1,1,True,"['B', 'E']","['B', 'E']"
5abc0e30554299700f9d77c5::active_set_pack_b,5abc0e30554299700f9d77c5,"['A', 'B', 'C', 'D', 'E', 'F']","[0, 1, 0, 0, 1, 0]","[-0.47962599992752075, 2.908768892288208, -0.5473006963729858, -0.5078134536743164, -0.7837358117103577, -0.5902929306030273]","[-0.47962599992752075, 2.908768892288208, -0.5473006963729858, -0.5078134536743164, -0.7837358117103577, -0.5902929306030273]","[-0.47962599992752075, 2.908768892288208, -0.5473006963729858, -0.5078134536743164, -0.7837358117103577, -0.5902929306030273]",1,1,True,"['B', 'E']","['B', 'E']"
5ae3417e5542990afbd1e0f7::working_set_pack_a,5ae3417e5542990afbd1e0f7,"['A', 'B', 'C', 'D', 'E', 'F']","[1, 0, 1, 0, 0, 0]","[0.09187090396881104, 0.4290280044078827, -0.03376207873225212, -0.16362367570400238, -0.2759677469730377, -0.04754529520869255]","[-0.09187090396881104, -0.4290280044078827, 0.03376207873225212, 0.16362367570400238, 0.2759677469730377, 0.04754529520869255]","[0.09187090396881104, 0.4290280044078827, -0.03376207873225212, -0.16362367570400238, -0.2759677469730377, -0.04754529520869255]",1,-1,False,"['A', 'E']","['A', 'C']"
5ae3417e5542990afbd1e0f7::active_set_pack_a,5ae3417e5542990afbd1e0f7,"['A', 'B', 'C', 'D', 'E', 'F']","[1, 0, 1, 0, 0, 0]","[0.1236267015337944, 0.44577255845069885, -0.03746466338634491, -0.21040241420269012, -0.27677303552627563, -0.044759321957826614]","[-0.1236267015337944, -0.44577255845069885, 0.03746466338634491, 0.21040241420269012, 0.27677303552627563, 0.044759321957826614]","[0.1236267015337944, 0.44577255845069885, -0.03746466338634491, -0.21040241420269012, -0.27677303552627563, -0.044759321957826614]",1,-1,False,"['A', 'E']","['A', 'C']"
5ae3417e5542990afbd1e0f7::working_set_pack_b,5ae3417e5542990afbd1e0f7,"['A', 'B', 'C', 'D', 'E', 'F']","[1, 0, 1, 0, 0, 0]","[0.025761472061276436, -0.6612438559532166, 0.11454923450946808, 0.24769122898578644, 0.18957123160362244, 0.08367063105106354]","[0.025761472061276436, -0.6612438559532166, 0.11454923450946808, 0.24769122898578644, 0.18957123160362244, 0.08367063105106354]","[-0.025761472061276436, 0.6612438559532166, -0.11454923450946808, -0.24769122898578644, -0.18957123160362244, -0.08367063105106354]",-1,-1,False,"['A', 'E']","['A', 'C']"
5ae3417e5542990afbd1e0f7::active_set_pack_b,5ae3417e5542990afbd1e0f7,"['A', 'B', 'C', 'D', 'E', 'F']","[1, 0, 1, 0, 0, 0]","[-0.07881542295217514, -0.5280407071113586, 0.09785570204257965, 0.2399926781654358, 0.1943701058626175, 0.07463742792606354]","[-0.07881542295217514, -0.5280407071113586, 0.09785570204257965, 0.2399926781654358, 0.1943701058626175, 0.07463742792606354]","[0.07881542295217514, 0.5280407071113586, -0.09785570204257965, -0.2399926781654358, -0.1943701058626175, -0.07463742792606354]",-1,-1,False,"['A', 'E']","['A', 'C']"
5ae334345542991a06ce9951::working_set_pack_a,5ae334345542991a06ce9951,"['A', 'B', 'C', 'D', 'E', 'F']","[1, 0, 1, 0, 0, 0]","[-0.8667309284210205, -0.891357421875, 4.656620979309082, -0.9807071089744568, -0.9906908869743347, -0.9271354079246521]","[-0.8667309284210205, -0.891357421875, 4.656620979309082, -0.9807071089744568, -0.9906908869743347, -0.9271354079246521]","[-0.8667309284210205, -0.891357421875, 4.656620979309082, -0.9807071089744568, -0.9906908869743347, -0.9271354079246521]",1,1,True,"['A', 'C']","['A', 'C']"
5ae334345542991a06ce9951::active_set_pack_a,5ae334345542991a06ce9951,"['A', 'B', 'C', 'D', 'E', 'F']","[1, 0, 1, 0, 0, 0]","[-0.8581573367118835, -0.889024555683136, 4.6395111083984375, -0.9775854349136353, -0.9956445097923279, -0.9190980195999146]","[-0.8581573367118835, -0.889024555683136, 4.6395111083984375, -0.9775854349136353, -0.9956445097923279, -0.9190980195999146]","[-0.8581573367118835, -0.889024555683136, 4.6395111083984375, -0.9775854349136353, -0.9956445097923279, -0.9190980195999146]",1,1,True,"['A', 'C']","['A', 'C']"
5ae334345542991a06ce9951::working_set_pack_b,5ae334345542991a06ce9951,"['A', 'B', 'C', 'D', 'E', 'F']","[1, 0, 1, 0, 0, 0]","[-1.1659586429595947, -1.150202989578247, 6.054854869842529, -1.2677531242370605, -1.2819461822509766, -1.1889952421188354]","[-1.1659586429595947, -1.150202989578247, 6.054854869842529, -1.2677531242370605, -1.2819461822509766, -1.1889952421188354]","[-1.1659586429595947, -1.150202989578247, 6.054854869842529, -1.2677531242370605, -1.2819461822509766, -1.1889952421188354]",1,1,True,"['A', 'C']","['A', 'C']"
5ae334345542991a06ce9951::active_set_pack_b,5ae334345542991a06ce9951,"['A', 'B', 'C', 'D', 'E', 'F']","[1, 0, 1, 0, 0, 0]","[-1.1780544519424438, -1.1700550317764282, 6.093094825744629, -1.2649004459381104, -1.2822448015213013, -1.1978390216827393]","[-1.1780544519424438, -1.1700550317764282, 6.093094825744629, -1.2649004459381104, -1.2822448015213013, -1.1978390216827393]","[-1.1780544519424438, -1.1700550317764282, 6.093094825744629, -1.2649004459381104, -1.2822448015213013, -1.1978390216827393]",1,1,True,"['A', 'C']","['A', 'C']"
5abeb68d5542994516f453f9::working_set_pack_a,5abeb68d5542994516f453f9,"['A', 'B', 'C', 'D', 'E', 'F']","[1, 0, 0, 0, 0, 1]","[1.2114514112472534, -0.37172845005989075, -0.46236398816108704, -0.46908244490623474, 0.6430832743644714, -0.5513598322868347]","[1.2114514112472534, -0.37172845005989075, -0.46236398816108704, -0.46908244490623474, 0.6430832743644714, -0.5513598322868347]","[1.2114514112472534, -0.37172845005989075, -0.46236398816108704, -0.46908244490623474, 0.6430832743644714, -0.5513598322868347]",1,1,False,"['A', 'E']","['A', 'F']"
5abeb68d5542994516f453f9::active_set_pack_a,5abeb68d5542994516f453f9,"['A', 'B', 'C', 'D', 'E', 'F']","[1, 0, 0, 0, 0, 1]","[1.001584768295288, -0.3650515079498291, -0.41594576835632324, -0.44569000601768494, 0.8408024311065674, -0.6157000660896301]","[1.001584768295288, -0.3650515079498291, -0.41594576835632324, -0.44569000601768494, 0.8408024311065674, -0.6157000660896301]","[-1.001584768295288, 0.3650515079498291, 0.41594576835632324, 0.44569000601768494, -0.8408024311065674, 0.6157000660896301]",-1,-1,False,"['A', 'E']","['A', 'F']"
5abeb68d5542994516f453f9::working_set_pack_b,5abeb68d5542994516f453f9,"['A', 'B', 'C', 'D', 'E', 'F']","[1, 0, 0, 0, 0, 1]","[-0.16742266714572906, 0.34136876463890076, 0.4161846935749054, 0.37631040811538696, -1.438276767730713, 0.4718357026576996]","[0.16742266714572906, -0.34136876463890076, -0.4161846935749054, -0.37631040811538696, 1.438276767730713, -0.4718357026576996]","[-0.16742266714572906, 0.34136876463890076, 0.4161846935749054, 0.37631040811538696, -1.438276767730713, 0.4718357026576996]",1,-1,False,"['A', 'E']","['A', 'F']"
5abeb68d5542994516f453f9::active_set_pack_b,5abeb68d5542994516f453f9,"['A', 'B', 'C', 'D', 'E', 'F']","[1, 0, 0, 0, 0, 1]","[-0.5360351204872131, 0.020947253331542015, 0.31406369805336, 0.3385019302368164, -0.789275586605072, 0.6517979502677917]","[0.5360351204872131, -0.020947253331542015, -0.31406369805336, -0.3385019302368164, 0.789275586605072, -0.6517979502677917]","[-0.5360351204872131, 0.020947253331542015, 0.31406369805336, 0.3385019302368164, -0.789275586605072, 0.6517979502677917]",1,-1,False,"['A', 'E']","['A', 'F']"
5ae1cab7554299492dc91b8a::working_set_pack_a,5ae1cab7554299492dc91b8a,"['A', 'B', 'C', 'D', 'E', 'F']","[0, 0, 1, 1, 0, 0]","[0.08887657523155212, 0.10820198059082031, 0.3924582898616791, 1.1188900470733643, 0.132451131939888, -1.840877890586853]","[0.08887657523155212, 0.10820198059082031, 0.3924582898616791, 1.1188900470733643, 0.132451131939888, -1.840877890586853]","[-0.08887657523155212, -0.10820198059082031, -0.3924582898616791, -1.1188900470733643, -0.132451131939888, 1.840877890586853]",-1,-1,True,"['C', 'D']","['C', 'D']"
5ae1cab7554299492dc91b8a::active_set_pack_a,5ae1cab7554299492dc91b8a,"['A', 'B', 'C', 'D', 'E', 'F']","[0, 0, 1, 1, 0, 0]","[-0.31859907507896423, -0.2875256836414337, -0.18669871985912323, 1.7501771450042725, -0.17450733482837677, -0.7828465104103088]","[-0.31859907507896423, -0.2875256836414337, -0.18669871985912323, 1.7501771450042725, -0.17450733482837677, -0.7828465104103088]","[-0.31859907507896423, -0.2875256836414337, -0.18669871985912323, 1.7501771450042725, -0.17450733482837677, -0.7828465104103088]",1,1,True,"['C', 'D']","['C', 'D']"
5ae1cab7554299492dc91b8a::working_set_pack_b,5ae1cab7554299492dc91b8a,"['A', 'B', 'C', 'D', 'E', 'F']","[0, 0, 1, 1, 0, 0]","[-0.4523380696773529, -0.4471435546875, -0.3182421028614044, 2.1645283699035645, -0.33289477229118347, -0.6139099597930908]","[-0.4523380696773529, -0.4471435546875, -0.3182421028614044, 2.1645283699035645, -0.33289477229118347, -0.6139099597930908]","[-0.4523380696773529, -0.4471435546875, -0.3182421028614044, 2.1645283699035645, -0.33289477229118347, -0.6139099597930908]",1,1,True,"['C', 'D']","['C', 'D']"
5ae1cab7554299492dc91b8a::active_set_pack_b,5ae1cab7554299492dc91b8a,"['A', 'B', 'C', 'D', 'E', 'F']","[0, 0, 1, 1, 0, 0]","[0.06430242210626602, 0.08793599903583527, 0.40028107166290283, 1.2905820608139038, 0.09960867464542389, -1.9427099227905273]","[0.06430242210626602, 0.08793599903583527, 0.40028107166290283, 1.2905820608139038, 0.09960867464542389, -1.9427099227905273]","[-0.06430242210626602, -0.08793599903583527, -0.40028107166290283, -1.2905820608139038, -0.09960867464542389, 1.9427099227905273]",-1,-1,True,"['C', 'D']","['C', 'D']"
5ae6e5d65542992ae0d163a1::working_set_pack_a,5ae6e5d65542992ae0d163a1,"['A', 'B', 'C', 'D', 'E', 'F']","[1, 0, 0, 0, 1, 0]","[-0.44357064366340637, -0.5264570713043213, -0.628574550151825, -0.5275270938873291, 2.8173296451568604, -0.6912003755569458]","[-0.44357064366340637, -0.5264570713043213, -0.628574550151825, -0.5275270938873291, 2.8173296451568604, -0.6912003755569458]","[0.44357064366340637, 0.5264570713043213, 0.628574550151825, 0.5275270938873291, -2.8173296451568604, 0.6912003755569458]",-1,-1,True,"['A', 'E']","['A', 'E']"
5ae6e5d65542992ae0d163a1::active_set_pack_a,5ae6e5d65542992ae0d163a1,"['A', 'B', 'C', 'D', 'E', 'F']","[1, 0, 0, 0, 1, 0]","[-0.5001322627067566, -0.6185546517372131, -0.7105717658996582, -0.5867782235145569, 3.2241783142089844, -0.8081409335136414]","[-0.5001322627067566, -0.6185546517372131, -0.7105717658996582, -0.5867782235145569, 3.2241783142089844, -0.8081409335136414]","[0.5001322627067566, 0.6185546517372131, 0.7105717658996582, 0.5867782235145569, -3.2241783142089844, 0.8081409335136414]",-1,-1,True,"['A', 'E']","['A', 'E']"
5ae6e5d65542992ae0d163a1::working_set_pack_b,5ae6e5d65542992ae0d163a1,"['A', 'B', 'C', 'D', 'E', 'F']","[1, 0, 0, 0, 1, 0]","[-0.27905869483947754, -0.6158049702644348, -0.5381640791893005, -0.4585878849029541, 2.576465606689453, -0.684849202632904]","[-0.27905869483947754, -0.6158049702644348, -0.5381640791893005, -0.4585878849029541, 2.576465606689453, -0.684849202632904]","[0.27905869483947754, 0.6158049702644348, 0.5381640791893005, 0.4585878849029541, -2.576465606689453, 0.684849202632904]",-1,-1,True,"['A', 'E']","['A', 'E']"
5ae6e5d65542992ae0d163a1::active_set_pack_b,5ae6e5d65542992ae0d163a1,"['A', 'B', 'C', 'D', 'E', 'F']","[1, 0, 0, 0, 1, 0]","[-0.2542337477207184, -0.5614941716194153, -0.5056464076042175, -0.4409363865852356, 2.388406991958618, -0.6260958313941956]","[-0.2542337477207184, -0.5614941716194153, -0.5056464076042175, -0.4409363865852356, 2.388406991958618, -0.6260958313941956]","[0.2542337477207184, 0.5614941716194153, 0.5056464076042175, 0.4409363865852356, -2.388406991958618, 0.6260958313941956]",-1,-1,True,"['A', 'E']","['A', 'E']"
5abaebab55429939ce03dd66::working_set_pack_a,5abaebab55429939ce03dd66,"['A', 'B', 'C', 'D', 'E', 'F']","[1, 0, 0, 0, 1, 0]","[-0.3817368745803833, -0.6384276747703552, -0.6855848431587219, -0.374701589345932, 2.7773847579956055, -0.6969334483146667]","[-0.3817368745803833, -0.6384276747703552, -0.6855848431587219, -0.374701589345932, 2.7773847579956055, -0.6969334483146667]","[0.3817368745803833, 0.6384276747703552, 0.6855848431587219, 0.374701589345932, -2.7773847579956055, 0.6969334483146667]",-1,-1,True,"['A', 'E']","['A', 'E']"
5abaebab55429939ce03dd66::active_set_pack_a,5abaebab55429939ce03dd66,"['A', 'B', 'C', 'D', 'E', 'F']","[1, 0, 0, 0, 1, 0]","[-0.21763966977596283, -0.5617280602455139, -0.6066595911979675, -0.27258244156837463, 2.281308174133301, -0.6226978898048401]","[-0.21763966977596283, -0.5617280602455139, -0.6066595911979675, -0.27258244156837463, 2.281308174133301, -0.6226978898048401]","[0.21763966977596283, 0.5617280602455139, 0.6066595911979675, 0.27258244156837463, -2.281308174133301, 0.6226978898048401]",-1,-1,True,"['A', 'E']","['A', 'E']"
5abaebab55429939ce03dd66::working_set_pack_b,5abaebab55429939ce03dd66,"['A', 'B', 'C', 'D', 'E', 'F']","[1, 0, 0, 0, 1, 0]","[-0.530225932598114, -0.6343256235122681, -0.6958774924278259, -0.32811447978019714, 2.9013233184814453, -0.7127798795700073]","[-0.530225932598114, -0.6343256235122681, -0.6958774924278259, -0.32811447978019714, 2.9013233184814453, -0.7127798795700073]","[0.530225932598114, 0.6343256235122681, 0.6958774924278259, 0.32811447978019714, -2.9013233184814453, 0.7127798795700073]",-1,-1,True,"['A', 'E']","['A', 'E']"
5abaebab55429939ce03dd66::active_set_pack_b,5abaebab55429939ce03dd66,"['A', 'B', 'C', 'D', 'E', 'F']","[1, 0, 0, 0, 1, 0]","[-0.6170529723167419, -0.7305760979652405, -0.7983884215354919, -0.4830787777900696, 3.4440836906433105, -0.8149871230125427]","[-0.6170529723167419, -0.7305760979652405, -0.7983884215354919, -0.4830787777900696, 3.4440836906433105, -0.8149871230125427]","[0.6170529723167419, 0.7305760979652405, 0.7983884215354919, 0.4830787777900696, -3.4440836906433105, 0.8149871230125427]",-1,-1,True,"['A', 'E']","['A', 'E']"
5ab9149d5542991b5579f0e6::working_set_pack_a,5ab9149d5542991b5579f0e6,"['A', 'B', 'C', 'D', 'E', 'F']","[0, 0, 0, 0, 1, 1]","[-0.7847228646278381, -0.7722654938697815, -0.7994250655174255, -0.9000013470649719, -0.5312286019325256, 3.7876439094543457]","[-0.7847228646278381, -0.7722654938697815, -0.7994250655174255, -0.9000013470649719, -0.5312286019325256, 3.7876439094543457]","[-0.7847228646278381, -0.7722654938697815, -0.7994250655174255, -0.9000013470649719, -0.5312286019325256, 3.7876439094543457]",1,1,True,"['E', 'F']","['E', 'F']"
5ab9149d5542991b5579f0e6::active_set_pack_a,5ab9149d5542991b5579f0e6,"['A', 'B', 'C', 'D', 'E', 'F']","[0, 0, 0, 0, 1, 1]","[-0.8039972186088562, -0.8028302788734436, -0.818248450756073, -0.9141938090324402, -0.5449030995368958, 3.8841731548309326]","[-0.8039972186088562, -0.8028302788734436, -0.818248450756073, -0.9141938090324402, -0.5449030995368958, 3.8841731548309326]","[-0.8039972186088562, -0.8028302788734436, -0.818248450756073, -0.9141938090324402, -0.5449030995368958, 3.8841731548309326]",1,1,True,"['E', 'F']","['E', 'F']"
5ab9149d5542991b5579f0e6::working_set_pack_b,5ab9149d5542991b5579f0e6,"['A', 'B', 'C', 'D', 'E', 'F']","[0, 0, 0, 0, 1, 1]","[-0.9502920508384705, -1.0215650796890259, -0.9685565829277039, -1.095809817314148, -0.6325220465660095, 4.66874361038208]","[-0.9502920508384705, -1.0215650796890259, -0.9685565829277039, -1.095809817314148, -0.6325220465660095, 4.66874361038208]","[-0.9502920508384705, -1.0215650796890259, -0.9685565829277039, -1.095809817314148, -0.6325220465660095, 4.66874361038208]",1,1,True,"['E', 'F']","['E', 'F']"
5ab9149d5542991b5579f0e6::active_set_pack_b,5ab9149d5542991b5579f0e6,"['A', 'B', 'C', 'D', 'E', 'F']","[0, 0, 0, 0, 1, 1]","[-0.9263359904289246, -0.9430549740791321, -0.9299676418304443, -1.0379348993301392, -0.608503520488739, 4.445797443389893]","[-0.9263359904289246, -0.9430549740791321, -0.9299676418304443, -1.0379348993301392, -0.608503520488739, 4.445797443389893]","[-0.9263359904289246, -0.9430549740791321, -0.9299676418304443, -1.0379348993301392, -0.608503520488739, 4.445797443389893]",1,1,True,"['E', 'F']","['E', 'F']"
5add57e35542992200553ac2::working_set_pack_a,5add57e35542992200553ac2,"['A', 'B', 'C', 'D', 'E', 'F']","[0, 0, 0, 1, 0, 1]","[-0.608242928981781, -0.7263192534446716, -0.6550976634025574, -0.5060155391693115, -0.7286975979804993, 3.2243731021881104]","[-0.608242928981781, -0.7263192534446716, -0.6550976634025574, -0.5060155391693115, -0.7286975979804993, 3.2243731021881104]","[0.608242928981781, 0.7263192534446716, 0.6550976634025574, 0.5060155391693115, 0.7286975979804993, -3.2243731021881104]",-1,-1,False,"['A', 'F']","['D', 'F']"
5add57e35542992200553ac2::active_set_pack_a,5add57e35542992200553ac2,"['A', 'B', 'C', 'D', 'E', 'F']","[0, 0, 0, 1, 0, 1]","[-0.5878723859786987, -0.7280417680740356, -0.6375119090080261, -0.5218026638031006, -0.7485796213150024, 3.223808765411377]","[-0.5878723859786987, -0.7280417680740356, -0.6375119090080261, -0.5218026638031006, -0.7485796213150024, 3.223808765411377]","[0.5878723859786987, 0.7280417680740356, 0.6375119090080261, 0.5218026638031006, 0.7485796213150024, -3.223808765411377]",-1,-1,False,"['A', 'F']","['D', 'F']"
5add57e35542992200553ac2::working_set_pack_b,5add57e35542992200553ac2,"['A', 'B', 'C', 'D', 'E', 'F']","[0, 0, 0, 1, 0, 1]","[-0.7686994075775146, -0.897233247756958, -0.790320873260498, -0.6403505802154541, -0.9123910069465637, 4.008995532989502]","[-0.7686994075775146, -0.897233247756958, -0.790320873260498, -0.6403505802154541, -0.9123910069465637, 4.008995532989502]","[0.7686994075775146, 0.897233247756958, 0.790320873260498, 0.6403505802154541, 0.9123910069465637, -4.008995532989502]",-1,-1,False,"['A', 'F']","['D', 'F']"
5add57e35542992200553ac2::active_set_pack_b,5add57e35542992200553ac2,"['A', 'B', 'C', 'D', 'E', 'F']","[0, 0, 0, 1, 0, 1]","[-0.6633293628692627, -0.8147371411323547, -0.7392648458480835, -0.579710066318512, -0.8722432851791382, 3.6692843437194824]","[-0.6633293628692627, -0.8147371411323547, -0.7392648458480835, -0.579710066318512, -0.8722432851791382, 3.6692843437194824]","[0.6633293628692627, 0.8147371411323547, 0.7392648458480835, 0.579710066318512, 0.8722432851791382, -3.6692843437194824]",-1,-1,False,"['C', 'F']","['D', 'F']"
5a8fae775542992414482b3b::working_set_pack_a,5a8fae775542992414482b3b,"['A', 'B', 'C', 'D', 'E', 'F']","[1, 0, 1, 0, 0, 0]","[-0.28711995482444763, -0.4534356892108917, 2.2656328678131104, -0.5081413984298706, -0.5814986824989319, -0.4354378283023834]","[-0.28711995482444763, -0.4534356892108917, 2.2656328678131104, -0.5081413984298706, -0.5814986824989319, -0.4354378283023834]","[0.28711995482444763, 0.4534356892108917, -2.2656328678131104, 0.5081413984298706, 0.5814986824989319, 0.4354378283023834]",-1,-1,True,"['A', 'C']","['A', 'C']"
5a8fae775542992414482b3b::active_set_pack_a,5a8fae775542992414482b3b,"['A', 'B', 'C', 'D', 'E', 'F']","[1, 0, 1, 0, 0, 0]","[-0.2518679201602936, -0.4693812131881714, 2.2845258712768555, -0.5120128989219666, -0.6024929285049438, -0.4487706124782562]","[-0.2518679201602936, -0.4693812131881714, 2.2845258712768555, -0.5120128989219666, -0.6024929285049438, -0.4487706124782562]","[0.2518679201602936, 0.4693812131881714, -2.2845258712768555, 0.5120128989219666, 0.6024929285049438, 0.4487706124782562]",-1,-1,True,"['A', 'C']","['A', 'C']"
5a8fae775542992414482b3b::working_set_pack_b,5a8fae775542992414482b3b,"['A', 'B', 'C', 'D', 'E', 'F']","[1, 0, 1, 0, 0, 0]","[-0.5213369727134705, -0.625155508518219, 3.1682634353637695, -0.6801179051399231, -0.7395690679550171, -0.6020845770835876]","[-0.5213369727134705, -0.625155508518219, 3.1682634353637695, -0.6801179051399231, -0.7395690679550171, -0.6020845770835876]","[-0.5213369727134705, -0.625155508518219, 3.1682634353637695, -0.6801179051399231, -0.7395690679550171, -0.6020845770835876]",1,1,True,"['A', 'C']","['A', 'C']"
5a8fae775542992414482b3b::active_set_pack_b,5a8fae775542992414482b3b,"['A', 'B', 'C', 'D', 'E', 'F']","[1, 0, 1, 0, 0, 0]","[-0.4872366487979889, -0.5564154386520386, 2.8958139419555664, -0.6000393629074097, -0.6898399591445923, -0.5622830986976624]","[-0.4872366487979889, -0.5564154386520386, 2.8958139419555664, -0.6000393629074097, -0.6898399591445923, -0.5622830986976624]","[0.4872366487979889, 0.5564154386520386, -2.8958139419555664, 0.6000393629074097, 0.6898399591445923, 0.5622830986976624]",-1,-1,True,"['A', 'C']","['A', 'C']"
5ab71f385542993667793f41::working_set_pack_a,5ab71f385542993667793f41,"['A', 'B', 'C', 'D', 'E', 'F']","[1, 0, 0, 0, 0, 1]","[-0.628998875617981, -0.6715222597122192, -0.6902280449867249, -0.4860239326953888, -0.6870433688163757, 3.163816452026367]","[0.628998875617981, 0.6715222597122192, 0.6902280449867249, 0.4860239326953888, 0.6870433688163757, -3.163816452026367]","[-0.628998875617981, -0.6715222597122192, -0.6902280449867249, -0.4860239326953888, -0.6870433688163757, 3.163816452026367]",1,-1,False,"['A', 'D']","['A', 'F']"
5ab71f385542993667793f41::active_set_pack_a,5ab71f385542993667793f41,"['A', 'B', 'C', 'D', 'E', 'F']","[1, 0, 0, 0, 0, 1]","[-0.7758944630622864, -0.8095919489860535, -0.827831506729126, -0.5603218078613281, -0.827558159828186, 3.8011980056762695]","[-0.7758944630622864, -0.8095919489860535, -0.827831506729126, -0.5603218078613281, -0.827558159828186, 3.8011980056762695]","[-0.7758944630622864, -0.8095919489860535, -0.827831506729126, -0.5603218078613281, -0.827558159828186, 3.8011980056762695]",1,1,False,"['D', 'F']","['A', 'F']"
5ab71f385542993667793f41::working_set_pack_b,5ab71f385542993667793f41,"['A', 'B', 'C', 'D', 'E', 'F']","[1, 0, 0, 0, 0, 1]","[-0.8521361947059631, -0.8739359378814697, -0.8750239610671997, -0.5876482129096985, -0.8815093040466309, 4.070254802703857]","[0.8521361947059631, 0.8739359378814697, 0.8750239610671997, 0.5876482129096985, 0.8815093040466309, -4.070254802703857]","[-0.8521361947059631, -0.8739359378814697, -0.8750239610671997, -0.5876482129096985, -0.8815093040466309, 4.070254802703857]",1,-1,False,"['A', 'D']","['A', 'F']"
5ab71f385542993667793f41::active_set_pack_b,5ab71f385542993667793f41,"['A', 'B', 'C', 'D', 'E', 'F']","[1, 0, 0, 0, 0, 1]","[-0.7959888577461243, -0.8043187260627747, -0.8069146871566772, -0.5739238858222961, -0.8156700134277344, 3.796815872192383]","[-0.7959888577461243, -0.8043187260627747, -0.8069146871566772, -0.5739238858222961, -0.8156700134277344, 3.796815872192383]","[-0.7959888577461243, -0.8043187260627747, -0.8069146871566772, -0.5739238858222961, -0.8156700134277344, 3.796815872192383]",1,1,False,"['D', 'F']","['A', 'F']"
5a7d9eb55542990b8f5039cd::working_set_pack_a,5a7d9eb55542990b8f5039cd,"['A', 'B', 'C', 'D', 'E', 'F']","[1, 1, 0, 0, 0, 0]","[-0.4828847348690033, 3.432647466659546, -0.76842200756073, -0.7964398264884949, -0.7423684000968933, -0.6425329446792603]","[-0.4828847348690033, 3.432647466659546, -0.76842200756073, -0.7964398264884949, -0.7423684000968933, -0.6425329446792603]","[-0.4828847348690033, 3.432647466659546, -0.76842200756073, -0.7964398264884949, -0.7423684000968933, -0.6425329446792603]",1,1,False,"['B', 'F']","['A', 'B']"
5a7d9eb55542990b8f5039cd::active_set_pack_a,5a7d9eb55542990b8f5039cd,"['A', 'B', 'C', 'D', 'E', 'F']","[1, 1, 0, 0, 0, 0]","[-0.47218427062034607, 3.2666237354278564, -0.7289674878120422, -0.7585861086845398, -0.7039126753807068, -0.602973222732544]","[-0.47218427062034607, 3.2666237354278564, -0.7289674878120422, -0.7585861086845398, -0.7039126753807068, -0.602973222732544]","[-0.47218427062034607, 3.2666237354278564, -0.7289674878120422, -0.7585861086845398, -0.7039126753807068, -0.602973222732544]",1,1,False,"['B', 'F']","['A', 'B']"
5a7d9eb55542990b8f5039cd::working_set_pack_b,5a7d9eb55542990b8f5039cd,"['A', 'B', 'C', 'D', 'E', 'F']","[1, 1, 0, 0, 0, 0]","[-0.4807422161102295, 3.333819627761841, -0.7447919845581055, -0.7555051445960999, -0.7127352952957153, -0.6400453448295593]","[-0.4807422161102295, 3.333819627761841, -0.7447919845581055, -0.7555051445960999, -0.7127352952957153, -0.6400453448295593]","[-0.4807422161102295, 3.333819627761841, -0.7447919845581055, -0.7555051445960999, -0.7127352952957153, -0.6400453448295593]",1,1,True,"['A', 'B']","['A', 'B']"
5a7d9eb55542990b8f5039cd::active_set_pack_b,5a7d9eb55542990b8f5039cd,"['A', 'B', 'C', 'D', 'E', 'F']","[1, 1, 0, 0, 0, 0]","[-0.6095883250236511, 3.704221248626709, -0.794000506401062, -0.8288649916648865, -0.7747217416763306, -0.6970459222793579]","[-0.6095883250236511, 3.704221248626709, -0.794000506401062, -0.8288649916648865, -0.7747217416763306, -0.6970459222793579]","[-0.6095883250236511, 3.704221248626709, -0.794000506401062, -0.8288649916648865, -0.7747217416763306, -0.6970459222793579]",1,1,False,"['B', 'F']","['A', 'B']"
5ae5e2285542996de7b71a5a::working_set_pack_a,5ae5e2285542996de7b71a5a,"['A', 'B', 'C', 'D', 'E', 'F']","[0, 0, 1, 0, 0, 1]","[-0.5379928350448608, -0.24894072115421295, 2.85967755317688, -0.5923873782157898, -0.6449525356292725, -0.835404634475708]","[0.5379928350448608, 0.24894072115421295, -2.85967755317688, 0.5923873782157898, 0.6449525356292725, 0.835404634475708]","[-0.5379928350448608, -0.24894072115421295, 2.85967755317688, -0.5923873782157898, -0.6449525356292725, -0.835404634475708]",1,-1,False,"['B', 'F']","['C', 'F']"
5ae5e2285542996de7b71a5a::active_set_pack_a,5ae5e2285542996de7b71a5a,"['A', 'B', 'C', 'D', 'E', 'F']","[0, 0, 1, 0, 0, 1]","[-0.6432015895843506, -0.32921966910362244, 3.271031618118286, -0.6900020241737366, -0.760944128036499, -0.8476634621620178]","[0.6432015895843506, 0.32921966910362244, -3.271031618118286, 0.6900020241737366, 0.760944128036499, 0.8476634621620178]","[-0.6432015895843506, -0.32921966910362244, 3.271031618118286, -0.6900020241737366, -0.760944128036499, -0.8476634621620178]",1,-1,False,"['B', 'F']","['C', 'F']"
5ae5e2285542996de7b71a5a::working_set_pack_b,5ae5e2285542996de7b71a5a,"['A', 'B', 'C', 'D', 'E', 'F']","[0, 0, 1, 0, 0, 1]","[-0.8155525922775269, -0.5101592540740967, 4.0964674949646, -0.9010544419288635, -0.9746512770652771, -0.8950510621070862]","[0.8155525922775269, 0.5101592540740967, -4.0964674949646, 0.9010544419288635, 0.9746512770652771, 0.8950510621070862]","[-0.8155525922775269, -0.5101592540740967, 4.0964674949646, -0.9010544419288635, -0.9746512770652771, -0.8950510621070862]",1,-1,False,"['B', 'F']","['C', 'F']"
5ae5e2285542996de7b71a5a::active_set_pack_b,5ae5e2285542996de7b71a5a,"['A', 'B', 'C', 'D', 'E', 'F']","[0, 0, 1, 0, 0, 1]","[-0.8677292466163635, -0.5218295454978943, 4.257978916168213, -0.9502424597740173, -1.022797703742981, -0.8953801989555359]","[-0.8677292466163635, -0.5218295454978943, 4.257978916168213, -0.9502424597740173, -1.022797703742981, -0.8953801989555359]","[-0.8677292466163635, -0.5218295454978943, 4.257978916168213, -0.9502424597740173, -1.022797703742981, -0.8953801989555359]",1,1,False,"['B', 'C']","['C', 'F']"
5ac13d745542991316484a91::working_set_pack_a,5ac13d745542991316484a91,"['A', 'B', 'C', 'D', 'E', 'F']","[1, 0, 1, 0, 0, 0]","[-0.32521572709083557, -0.41189059615135193, 1.9566653966903687, -0.3247206211090088, -0.43871384859085083, -0.45612403750419617]","[-0.32521572709083557, -0.41189059615135193, 1.9566653966903687, -0.3247206211090088, -0.43871384859085083, -0.45612403750419617]","[-0.32521572709083557, -0.41189059615135193, 1.9566653966903687, -0.3247206211090088, -0.43871384859085083, -0.45612403750419617]",1,1,False,"['B', 'C']","['A', 'C']"
5ac13d745542991316484a91::active_set_pack_a,5ac13d745542991316484a91,"['A', 'B', 'C', 'D', 'E', 'F']","[1, 0, 1, 0, 0, 0]","[-0.2864042818546295, -0.39308467507362366, 1.9107342958450317, -0.345304012298584, -0.44300949573516846, -0.44293156266212463]","[-0.2864042818546295, -0.39308467507362366, 1.9107342958450317, -0.345304012298584, -0.44300949573516846, -0.44293156266212463]","[-0.2864042818546295, -0.39308467507362366, 1.9107342958450317, -0.345304012298584, -0.44300949573516846, -0.44293156266212463]",1,1,False,"['B', 'C']","['A', 'C']"
5ac13d745542991316484a91::working_set_pack_b,5ac13d745542991316484a91,"['A', 'B', 'C', 'D', 'E', 'F']","[1, 0, 1, 0, 0, 0]","[-0.439948707818985, -0.5198808908462524, 2.5786921977996826, -0.5228747129440308, -0.5385074615478516, -0.5574803948402405]","[-0.439948707818985, -0.5198808908462524, 2.5786921977996826, -0.5228747129440308, -0.5385074615478516, -0.5574803948402405]","[-0.439948707818985, -0.5198808908462524, 2.5786921977996826, -0.5228747129440308, -0.5385074615478516, -0.5574803948402405]",1,1,False,"['B', 'C']","['A', 'C']"
5ac13d745542991316484a91::active_set_pack_b,5ac13d745542991316484a91,"['A', 'B', 'C', 'D', 'E', 'F']","[1, 0, 1, 0, 0, 0]","[-0.41493505239486694, -0.5177334547042847, 2.511033296585083, -0.5017569661140442, -0.5220400094985962, -0.5545669794082642]","[-0.41493505239486694, -0.5177334547042847, 2.511033296585083, -0.5017569661140442, -0.5220400094985962, -0.5545669794082642]","[-0.41493505239486694, -0.5177334547042847, 2.511033296585083, -0.5017569661140442, -0.5220400094985962, -0.5545669794082642]",1,1,False,"['B', 'C']","['A', 'C']"
5a7d24f1554299452d57bb21::working_set_pack_a,5a7d24f1554299452d57bb21,"['A', 'B', 'C', 'D', 'E', 'F']","[0, 0, 1, 0, 0, 1]","[-0.6178476214408875, -0.6272708177566528, -0.5775781273841858, -0.5452269911766052, -0.5713902115821838, 2.9393131732940674]","[-0.6178476214408875, -0.6272708177566528, -0.5775781273841858, -0.5452269911766052, -0.5713902115821838, 2.9393131732940674]","[-0.6178476214408875, -0.6272708177566528, -0.5775781273841858, -0.5452269911766052, -0.5713902115821838, 2.9393131732940674]",1,1,False,"['A', 'F']","['C', 'F']"
5a7d24f1554299452d57bb21::active_set_pack_a,5a7d24f1554299452d57bb21,"['A', 'B', 'C', 'D', 'E', 'F']","[0, 0, 1, 0, 0, 1]","[-0.6888744831085205, -0.6886762976646423, -0.6413120627403259, -0.6344855427742004, -0.6388048529624939, 3.2921535968780518]","[-0.6888744831085205, -0.6886762976646423, -0.6413120627403259, -0.6344855427742004, -0.6388048529624939, 3.2921535968780518]","[-0.6888744831085205, -0.6886762976646423, -0.6413120627403259, -0.6344855427742004, -0.6388048529624939, 3.2921535968780518]",1,1,False,"['A', 'F']","['C', 'F']"
5a7d24f1554299452d57bb21::working_set_pack_b,5a7d24f1554299452d57bb21,"['A', 'B', 'C', 'D', 'E', 'F']","[0, 0, 1, 0, 0, 1]","[-0.38281700015068054, -0.38633015751838684, -0.4844595789909363, -0.2944583594799042, -0.3444937765598297, 1.892559289932251]","[-0.38281700015068054, -0.38633015751838684, -0.4844595789909363, -0.2944583594799042, -0.3444937765598297, 1.892559289932251]","[0.38281700015068054, 0.38633015751838684, 0.4844595789909363, 0.2944583594799042, 0.3444937765598297, -1.892559289932251]",-1,-1,False,"['A', 'F']","['C', 'F']"
5a7d24f1554299452d57bb21::active_set_pack_b,5a7d24f1554299452d57bb21,"['A', 'B', 'C', 'D', 'E', 'F']","[0, 0, 1, 0, 0, 1]","[-0.09466339647769928, -0.08230974525213242, -1.5088368654251099, -0.012999300844967365, -0.0537814162671566, 1.7525908946990967]","[-0.09466339647769928, -0.08230974525213242, -1.5088368654251099, -0.012999300844967365, -0.0537814162671566, 1.7525908946990967]","[-0.09466339647769928, -0.08230974525213242, -1.5088368654251099, -0.012999300844967365, -0.0537814162671566, 1.7525908946990967]",1,1,True,"['C', 'F']","['C', 'F']"
5ac28a21554299677310256e::working_set_pack_a,5ac28a21554299677310256e,"['A', 'B', 'C', 'D', 'E', 'F']","[0, 1, 0, 0, 1, 0]","[-0.7000734806060791, 3.4608709812164307, -0.7566944360733032, -0.6980209350585938, -0.7236132025718689, -0.5824686288833618]","[-0.7000734806060791, 3.4608709812164307, -0.7566944360733032, -0.6980209350585938, -0.7236132025718689, -0.5824686288833618]","[-0.7000734806060791, 3.4608709812164307, -0.7566944360733032, -0.6980209350585938, -0.7236132025718689, -0.5824686288833618]",1,1,True,"['B', 'E']","['B', 'E']"
5ac28a21554299677310256e::active_set_pack_a,5ac28a21554299677310256e,"['A', 'B', 'C', 'D', 'E', 'F']","[0, 1, 0, 0, 1, 0]","[-0.681938111782074, 3.427546501159668, -0.7402119040489197, -0.6787424087524414, -0.7068585157394409, -0.6197959184646606]","[-0.681938111782074, 3.427546501159668, -0.7402119040489197, -0.6787424087524414, -0.7068585157394409, -0.6197959184646606]","[-0.681938111782074, 3.427546501159668, -0.7402119040489197, -0.6787424087524414, -0.7068585157394409, -0.6197959184646606]",1,1,True,"['B', 'E']","['B', 'E']"
5ac28a21554299677310256e::working_set_pack_b,5ac28a21554299677310256e,"['A', 'B', 'C', 'D', 'E', 'F']","[0, 1, 0, 0, 1, 0]","[-0.7372845411300659, 3.745643377304077, -0.8012075424194336, -0.7535220980644226, -0.7325208187103271, -0.7211079001426697]","[-0.7372845411300659, 3.745643377304077, -0.8012075424194336, -0.7535220980644226, -0.7325208187103271, -0.7211079001426697]","[-0.7372845411300659, 3.745643377304077, -0.8012075424194336, -0.7535220980644226, -0.7325208187103271, -0.7211079001426697]",1,1,True,"['B', 'E']","['B', 'E']"
5ac28a21554299677310256e::active_set_pack_b,5ac28a21554299677310256e,"['A', 'B', 'C', 'D', 'E', 'F']","[0, 1, 0, 0, 1, 0]","[-0.6264092326164246, 3.0780632495880127, -0.7108078598976135, -0.6402347087860107, -0.6011391878128052, -0.49947258830070496]","[-0.6264092326164246, 3.0780632495880127, -0.7108078598976135, -0.6402347087860107, -0.6011391878128052, -0.49947258830070496]","[-0.6264092326164246, 3.0780632495880127, -0.7108078598976135, -0.6402347087860107, -0.6011391878128052, -0.49947258830070496]",1,1,True,"['B', 'E']","['B', 'E']"
5a8f11fd554299458435d544::working_set_pack_a,5a8f11fd554299458435d544,"['A', 'B', 'C', 'D', 'E', 'F']","[0, 0, 0, 1, 1, 0]","[-0.9267011284828186, -0.6506286859512329, -0.9333153367042542, 4.174579620361328, -0.5239925980567932, -1.139941930770874]","[-0.9267011284828186, -0.6506286859512329, -0.9333153367042542, 4.174579620361328, -0.5239925980567932, -1.139941930770874]","[0.9267011284828186, 0.6506286859512329, 0.9333153367042542, -4.174579620361328, 0.5239925980567932, 1.139941930770874]",-1,-1,True,"['D', 'E']","['D', 'E']"
5a8f11fd554299458435d544::active_set_pack_a,5a8f11fd554299458435d544,"['A', 'B', 'C', 'D', 'E', 'F']","[0, 0, 0, 1, 1, 0]","[-0.9158393740653992, -0.6113879084587097, -0.9234625101089478, 4.167571544647217, -0.5607812404632568, -1.156100869178772]","[-0.9158393740653992, -0.6113879084587097, -0.9234625101089478, 4.167571544647217, -0.5607812404632568, -1.156100869178772]","[0.9158393740653992, 0.6113879084587097, 0.9234625101089478, -4.167571544647217, 0.5607812404632568, 1.156100869178772]",-1,-1,True,"['D', 'E']","['D', 'E']"
5a8f11fd554299458435d544::working_set_pack_b,5a8f11fd554299458435d544,"['A', 'B', 'C', 'D', 'E', 'F']","[0, 0, 0, 1, 1, 0]","[-0.9612066745758057, -0.6204076409339905, -0.9720693230628967, 4.336848258972168, -0.58371901512146, -1.1994454860687256]","[-0.9612066745758057, -0.6204076409339905, -0.9720693230628967, 4.336848258972168, -0.58371901512146, -1.1994454860687256]","[0.9612066745758057, 0.6204076409339905, 0.9720693230628967, -4.336848258972168, 0.58371901512146, 1.1994454860687256]",-1,-1,True,"['D', 'E']","['D', 'E']"
5a8f11fd554299458435d544::active_set_pack_b,5a8f11fd554299458435d544,"['A', 'B', 'C', 'D', 'E', 'F']","[0, 0, 0, 1, 1, 0]","[-1.0383620262145996, -0.6843633055686951, -1.0558358430862427, 4.7769060134887695, -0.7467913031578064, -1.2515541315078735]","[-1.0383620262145996, -0.6843633055686951, -1.0558358430862427, 4.7769060134887695, -0.7467913031578064, -1.2515541315078735]","[1.0383620262145996, 0.6843633055686951, 1.0558358430862427, -4.7769060134887695, 0.7467913031578064, 1.2515541315078735]",-1,-1,True,"['D', 'E']","['D', 'E']"
5abef2365542997ec76fd397::working_set_pack_a,5abef2365542997ec76fd397,"['A', 'B', 'C', 'D', 'E', 'F']","[1, 0, 0, 1, 0, 0]","[-0.5193143486976624, -0.6428529620170593, -0.6523067355155945, 3.3000292778015137, -0.873670220375061, -0.6118854284286499]","[-0.5193143486976624, -0.6428529620170593, -0.6523067355155945, 3.3000292778015137, -0.873670220375061, -0.6118854284286499]","[-0.5193143486976624, -0.6428529620170593, -0.6523067355155945, 3.3000292778015137, -0.873670220375061, -0.6118854284286499]",1,1,True,"['A', 'D']","['A', 'D']"
5abef2365542997ec76fd397::active_set_pack_a,5abef2365542997ec76fd397,"['A', 'B', 'C', 'D', 'E', 'F']","[1, 0, 0, 1, 0, 0]","[-0.6276668310165405, -0.75166255235672, -0.7725738883018494, 3.8867478370666504, -1.0059930086135864, -0.7288505434989929]","[-0.6276668310165405, -0.75166255235672, -0.7725738883018494, 3.8867478370666504, -1.0059930086135864, -0.7288505434989929]","[-0.6276668310165405, -0.75166255235672, -0.7725738883018494, 3.8867478370666504, -1.0059930086135864, -0.7288505434989929]",1,1,True,"['A', 'D']","['A', 'D']"
5abef2365542997ec76fd397::working_set_pack_b,5abef2365542997ec76fd397,"['A', 'B', 'C', 'D', 'E', 'F']","[1, 0, 0, 1, 0, 0]","[-0.6320392489433289, -0.7659772634506226, -0.7323729395866394, 3.6971890926361084, -0.8724814057350159, -0.694317638874054]","[-0.6320392489433289, -0.7659772634506226, -0.7323729395866394, 3.6971890926361084, -0.8724814057350159, -0.694317638874054]","[-0.6320392489433289, -0.7659772634506226, -0.7323729395866394, 3.6971890926361084, -0.8724814057350159, -0.694317638874054]",1,1,True,"['A', 'D']","['A', 'D']"
5abef2365542997ec76fd397::active_set_pack_b,5abef2365542997ec76fd397,"['A', 'B', 'C', 'D', 'E', 'F']","[1, 0, 0, 1, 0, 0]","[-0.8553417921066284, -0.9552507996559143, -0.944193422794342, 4.8043389320373535, -1.147400975227356, -0.9021510481834412]","[-0.8553417921066284, -0.9552507996559143, -0.944193422794342, 4.8043389320373535, -1.147400975227356, -0.9021510481834412]","[-0.8553417921066284, -0.9552507996559143, -0.944193422794342, 4.8043389320373535, -1.147400975227356, -0.9021510481834412]",1,1,True,"['A', 'D']","['A', 'D']"
5a78d1bd55429974737f78bd::working_set_pack_a,5a78d1bd55429974737f78bd,"['A', 'B', 'C', 'D', 'E', 'F']","[0, 0, 0, 1, 1, 0]","[0.7495489716529846, -3.5347471237182617, 0.6785121560096741, 0.6966055631637573, 0.6698409914970398, 0.7402397394180298]","[-0.7495489716529846, 3.5347471237182617, -0.6785121560096741, -0.6966055631637573, -0.6698409914970398, -0.7402397394180298]","[-0.7495489716529846, 3.5347471237182617, -0.6785121560096741, -0.6966055631637573, -0.6698409914970398, -0.7402397394180298]",-1,1,False,"['B', 'E']","['D', 'E']"
5a78d1bd55429974737f78bd::active_set_pack_a,5a78d1bd55429974737f78bd,"['A', 'B', 'C', 'D', 'E', 'F']","[0, 0, 0, 1, 1, 0]","[0.7902113795280457, -3.6911044120788574, 0.6997125148773193, 0.7318363785743713, 0.6951116323471069, 0.7742330431938171]","[-0.7902113795280457, 3.6911044120788574, -0.6997125148773193, -0.7318363785743713, -0.6951116323471069, -0.7742330431938171]","[-0.7902113795280457, 3.6911044120788574, -0.6997125148773193, -0.7318363785743713, -0.6951116323471069, -0.7742330431938171]",-1,1,False,"['B', 'E']","['D', 'E']"
5a78d1bd55429974737f78bd::working_set_pack_b,5a78d1bd55429974737f78bd,"['A', 'B', 'C', 'D', 'E', 'F']","[0, 0, 0, 1, 1, 0]","[0.8137096166610718, -3.88857102394104, 0.7863568067550659, 0.7686425447463989, 0.7260133624076843, 0.7938494086265564]","[-0.8137096166610718, 3.88857102394104, -0.7863568067550659, -0.7686425447463989, -0.7260133624076843, -0.7938494086265564]","[-0.8137096166610718, 3.88857102394104, -0.7863568067550659, -0.7686425447463989, -0.7260133624076843, -0.7938494086265564]",-1,1,False,"['B', 'E']","['D', 'E']"
5a78d1bd55429974737f78bd::active_set_pack_b,5a78d1bd55429974737f78bd,"['A', 'B', 'C', 'D', 'E', 'F']","[0, 0, 0, 1, 1, 0]","[0.6334210634231567, -2.936439037322998, 0.6091431379318237, 0.5584765076637268, 0.5214700698852539, 0.613927960395813]","[-0.6334210634231567, 2.936439037322998, -0.6091431379318237, -0.5584765076637268, -0.5214700698852539, -0.613927960395813]","[-0.6334210634231567, 2.936439037322998, -0.6091431379318237, -0.5584765076637268, -0.5214700698852539, -0.613927960395813]",-1,1,False,"['B', 'E']","['D', 'E']"
5abdb9125542993f32c2a018::working_set_pack_a,5abdb9125542993f32c2a018,"['A', 'B', 'C', 'D', 'E', 'F']","[0, 0, 1, 1, 0, 0]","[-0.5538798570632935, -0.6219924092292786, 2.6603758335113525, -0.4273079037666321, -0.6028226017951965, -0.45437324047088623]","[-0.5538798570632935, -0.6219924092292786, 2.6603758335113525, -0.4273079037666321, -0.6028226017951965, -0.45437324047088623]","[-0.5538798570632935, -0.6219924092292786, 2.6603758335113525, -0.4273079037666321, -0.6028226017951965, -0.45437324047088623]",1,1,False,"['C', 'F']","['C', 'D']"
5abdb9125542993f32c2a018::active_set_pack_a,5abdb9125542993f32c2a018,"['A', 'B', 'C', 'D', 'E', 'F']","[0, 0, 1, 1, 0, 0]","[-0.5486798286437988, -0.612236738204956, 2.6186280250549316, -0.43450114130973816, -0.6006975769996643, -0.42251262068748474]","[-0.5486798286437988, -0.612236738204956, 2.6186280250549316, -0.43450114130973816, -0.6006975769996643, -0.42251262068748474]","[-0.5486798286437988, -0.612236738204956, 2.6186280250549316, -0.43450114130973816, -0.6006975769996643, -0.42251262068748474]",1,1,False,"['C', 'F']","['C', 'D']"
5abdb9125542993f32c2a018::working_set_pack_b,5abdb9125542993f32c2a018,"['A', 'B', 'C', 'D', 'E', 'F']","[0, 0, 1, 1, 0, 0]","[-0.7680558562278748, -0.8210510015487671, 3.6770193576812744, -0.6496497392654419, -0.8117718696594238, -0.6264901161193848]","[-0.7680558562278748, -0.8210510015487671, 3.6770193576812744, -0.6496497392654419, -0.8117718696594238, -0.6264901161193848]","[-0.7680558562278748, -0.8210510015487671, 3.6770193576812744, -0.6496497392654419, -0.8117718696594238, -0.6264901161193848]",1,1,True,"['C', 'D']","['C', 'D']"
5abdb9125542993f32c2a018::active_set_pack_b,5abdb9125542993f32c2a018,"['A', 'B', 'C', 'D', 'E', 'F']","[0, 0, 1, 1, 0, 0]","[-0.84071946144104, -0.8874745965003967, 4.147176742553711, -0.7859522700309753, -0.8787021636962891, -0.754328727722168]","[-0.84071946144104, -0.8874745965003967, 4.147176742553711, -0.7859522700309753, -0.8787021636962891, -0.754328727722168]","[-0.84071946144104, -0.8874745965003967, 4.147176742553711, -0.7859522700309753, -0.8787021636962891, -0.754328727722168]",1,1,True,"['C', 'D']","['C', 'D']"
5a745eb055429979e2882928::working_set_pack_a,5a745eb055429979e2882928,"['A', 'B', 'C', 'D', 'E', 'F']","[0, 0, 0, 1, 0, 1]","[-0.46560707688331604, -0.5377135276794434, -0.4925515353679657, 2.400374412536621, -0.5449486970901489, -0.35955318808555603]","[-0.46560707688331604, -0.5377135276794434, -0.4925515353679657, 2.400374412536621, -0.5449486970901489, -0.35955318808555603]","[0.46560707688331604, 0.5377135276794434, 0.4925515353679657, -2.400374412536621, 0.5449486970901489, 0.35955318808555603]",-1,-1,False,"['C', 'D']","['D', 'F']"
5a745eb055429979e2882928::active_set_pack_a,5a745eb055429979e2882928,"['A', 'B', 'C', 'D', 'E', 'F']","[0, 0, 0, 1, 0, 1]","[-0.4475444555282593, -0.5223498344421387, -0.4746348559856415, 2.3246307373046875, -0.5341534614562988, -0.3459477424621582]","[-0.4475444555282593, -0.5223498344421387, -0.4746348559856415, 2.3246307373046875, -0.5341534614562988, -0.3459477424621582]","[0.4475444555282593, 0.5223498344421387, 0.4746348559856415, -2.3246307373046875, 0.5341534614562988, 0.3459477424621582]",-1,-1,False,"['C', 'D']","['D', 'F']"
5a745eb055429979e2882928::working_set_pack_b,5a745eb055429979e2882928,"['A', 'B', 'C', 'D', 'E', 'F']","[0, 0, 0, 1, 0, 1]","[-0.5829271674156189, -0.6817824840545654, -0.6359855532646179, 3.012111186981201, -0.6743038892745972, -0.4371113181114197]","[-0.5829271674156189, -0.6817824840545654, -0.6359855532646179, 3.012111186981201, -0.6743038892745972, -0.4371113181114197]","[0.5829271674156189, 0.6817824840545654, 0.6359855532646179, -3.012111186981201, 0.6743038892745972, 0.4371113181114197]",-1,-1,False,"['C', 'D']","['D', 'F']"
5a745eb055429979e2882928::active_set_pack_b,5a745eb055429979e2882928,"['A', 'B', 'C', 'D', 'E', 'F']","[0, 0, 0, 1, 0, 1]","[-0.6900604367256165, -0.7934495806694031, -0.7181249260902405, 3.5902833938598633, -0.8264243602752686, -0.5622234344482422]","[-0.6900604367256165, -0.7934495806694031, -0.7181249260902405, 3.5902833938598633, -0.8264243602752686, -0.5622234344482422]","[0.6900604367256165, 0.7934495806694031, 0.7181249260902405, -3.5902833938598633, 0.8264243602752686, 0.5622234344482422]",-1,-1,False,"['C', 'D']","['D', 'F']"
5ab7f030554299366779405a::working_set_pack_a,5ab7f030554299366779405a,"['A', 'B', 'C', 'D', 'E', 'F']","[1, 1, 0, 0, 0, 0]","[0.1345105767250061, 1.3218309879302979, -0.3239712119102478, -0.33869266510009766, -0.38261064887046814, -0.41106703877449036]","[0.1345105767250061, 1.3218309879302979, -0.3239712119102478, -0.33869266510009766, -0.38261064887046814, -0.41106703877449036]","[0.1345105767250061, 1.3218309879302979, -0.3239712119102478, -0.33869266510009766, -0.38261064887046814, -0.41106703877449036]",1,1,True,"['A', 'B']","['A', 'B']"
5ab7f030554299366779405a::active_set_pack_a,5ab7f030554299366779405a,"['A', 'B', 'C', 'D', 'E', 'F']","[1, 1, 0, 0, 0, 0]","[0.21085789799690247, 1.269898772239685, -0.33259937167167664, -0.3378373980522156, -0.3956542909145355, -0.4146658182144165]","[0.21085789799690247, 1.269898772239685, -0.33259937167167664, -0.3378373980522156, -0.3956542909145355, -0.4146658182144165]","[0.21085789799690247, 1.269898772239685, -0.33259937167167664, -0.3378373980522156, -0.3956542909145355, -0.4146658182144165]",1,1,True,"['A', 'B']","['A', 'B']"
5ab7f030554299366779405a::working_set_pack_b,5ab7f030554299366779405a,"['A', 'B', 'C', 'D', 'E', 'F']","[1, 1, 0, 0, 0, 0]","[0.1731126308441162, 1.009572148323059, -0.29928895831108093, -0.27071166038513184, -0.28942805528640747, -0.32325637340545654]","[0.1731126308441162, 1.009572148323059, -0.29928895831108093, -0.27071166038513184, -0.28942805528640747, -0.32325637340545654]","[0.1731126308441162, 1.009572148323059, -0.29928895831108093, -0.27071166038513184, -0.28942805528640747, -0.32325637340545654]",1,1,True,"['A', 'B']","['A', 'B']"
5ab7f030554299366779405a::active_set_pack_b,5ab7f030554299366779405a,"['A', 'B', 'C', 'D', 'E', 'F']","[1, 1, 0, 0, 0, 0]","[0.1042073667049408, 1.1229076385498047, -0.3106591999530792, -0.30888494849205017, -0.2845802307128906, -0.3229908049106598]","[0.1042073667049408, 1.1229076385498047, -0.3106591999530792, -0.30888494849205017, -0.2845802307128906, -0.3229908049106598]","[0.1042073667049408, 1.1229076385498047, -0.3106591999530792, -0.30888494849205017, -0.2845802307128906, -0.3229908049106598]",1,1,True,"['A', 'B']","['A', 'B']"
5a90bd6555429933b8a205cf::working_set_pack_a,5a90bd6555429933b8a205cf,"['A', 'B', 'C', 'D', 'E', 'F']","[0, 1, 0, 0, 0, 1]","[-0.551455020904541, 2.714094638824463, -0.6472324728965759, -0.6143126487731934, -0.6176342368125916, -0.2834598422050476]","[-0.551455020904541, 2.714094638824463, -0.6472324728965759, -0.6143126487731934, -0.6176342368125916, -0.2834598422050476]","[-0.551455020904541, 2.714094638824463, -0.6472324728965759, -0.6143126487731934, -0.6176342368125916, -0.2834598422050476]",1,1,True,"['B', 'F']","['B', 'F']"
5a90bd6555429933b8a205cf::active_set_pack_a,5a90bd6555429933b8a205cf,"['A', 'B', 'C', 'D', 'E', 'F']","[0, 1, 0, 0, 0, 1]","[-0.43633800745010376, 2.490215301513672, -0.5309199690818787, -0.5010814070701599, -0.8674285411834717, -0.1544477790594101]","[-0.43633800745010376, 2.490215301513672, -0.5309199690818787, -0.5010814070701599, -0.8674285411834717, -0.1544477790594101]","[-0.43633800745010376, 2.490215301513672, -0.5309199690818787, -0.5010814070701599, -0.8674285411834717, -0.1544477790594101]",1,1,True,"['B', 'F']","['B', 'F']"
5a90bd6555429933b8a205cf::working_set_pack_b,5a90bd6555429933b8a205cf,"['A', 'B', 'C', 'D', 'E', 'F']","[0, 1, 0, 0, 0, 1]","[-0.855169415473938, 4.039327144622803, -0.9637416005134583, -0.9328460693359375, -0.7616795301437378, -0.5258910655975342]","[-0.855169415473938, 4.039327144622803, -0.9637416005134583, -0.9328460693359375, -0.7616795301437378, -0.5258910655975342]","[-0.855169415473938, 4.039327144622803, -0.9637416005134583, -0.9328460693359375, -0.7616795301437378, -0.5258910655975342]",1,1,False,"['B', 'E']","['B', 'F']"
5a90bd6555429933b8a205cf::active_set_pack_b,5a90bd6555429933b8a205cf,"['A', 'B', 'C', 'D', 'E', 'F']","[0, 1, 0, 0, 0, 1]","[-0.776152491569519, 1.0298696756362915, -0.8448994755744934, -0.8063055872917175, -0.6234540343284607, 2.0209414958953857]","[-0.776152491569519, 1.0298696756362915, -0.8448994755744934, -0.8063055872917175, -0.6234540343284607, 2.0209414958953857]","[-0.776152491569519, 1.0298696756362915, -0.8448994755744934, -0.8063055872917175, -0.6234540343284607, 2.0209414958953857]",1,1,True,"['B', 'F']","['B', 'F']"
5ab433675542991751b4d6e6::working_set_pack_a,5ab433675542991751b4d6e6,"['A', 'B', 'C', 'D', 'E', 'F']","[0, 1, 1, 0, 0, 0]","[-0.7471659183502197, 3.690561056137085, -0.540425181388855, -0.8541033267974854, -0.8003063797950745, -0.7485613822937012]","[-0.7471659183502197, 3.690561056137085, -0.540425181388855, -0.8541033267974854, -0.8003063797950745, -0.7485613822937012]","[-0.7471659183502197, 3.690561056137085, -0.540425181388855, -0.8541033267974854, -0.8003063797950745, -0.7485613822937012]",1,1,True,"['B', 'C']","['B', 'C']"
5ab433675542991751b4d6e6::active_set_pack_a,5ab433675542991751b4d6e6,"['A', 'B', 'C', 'D', 'E', 'F']","[0, 1, 1, 0, 0, 0]","[-0.7927597761154175, 3.943979024887085, -0.6174339652061462, -0.8873814940452576, -0.8519553542137146, -0.7944482564926147]","[-0.7927597761154175, 3.943979024887085, -0.6174339652061462, -0.8873814940452576, -0.8519553542137146, -0.7944482564926147]","[-0.7927597761154175, 3.943979024887085, -0.6174339652061462, -0.8873814940452576, -0.8519553542137146, -0.7944482564926147]",1,1,True,"['B', 'C']","['B', 'C']"
5ab433675542991751b4d6e6::working_set_pack_b,5ab433675542991751b4d6e6,"['A', 'B', 'C', 'D', 'E', 'F']","[0, 1, 1, 0, 0, 0]","[-0.7724934816360474, 3.8666372299194336, -0.5798519253730774, -0.8808306455612183, -0.8413910865783691, -0.7920697331428528]","[-0.7724934816360474, 3.8666372299194336, -0.5798519253730774, -0.8808306455612183, -0.8413910865783691, -0.7920697331428528]","[-0.7724934816360474, 3.8666372299194336, -0.5798519253730774, -0.8808306455612183, -0.8413910865783691, -0.7920697331428528]",1,1,True,"['B', 'C']","['B', 'C']"
5ab433675542991751b4d6e6::active_set_pack_b,5ab433675542991751b4d6e6,"['A', 'B', 'C', 'D', 'E', 'F']","[0, 1, 1, 0, 0, 0]","[-0.6352415084838867, 3.2708988189697266, -0.4965042173862457, -0.7527936697006226, -0.7230590581893921, -0.6633016467094421]","[-0.6352415084838867, 3.2708988189697266, -0.4965042173862457, -0.7527936697006226, -0.7230590581893921, -0.6633016467094421]","[-0.6352415084838867, 3.2708988189697266, -0.4965042173862457, -0.7527936697006226, -0.7230590581893921, -0.6633016467094421]",1,1,True,"['B', 'C']","['B', 'C']"
5ac47249554299194317399c::working_set_pack_a,5ac47249554299194317399c,"['A', 'B', 'C', 'D', 'E', 'F']","[1, 0, 0, 0, 1, 0]","[-0.8078382015228271, -0.8627822399139404, -0.7662506699562073, -0.886333167552948, 4.332953929901123, -1.0097498893737793]","[-0.8078382015228271, -0.8627822399139404, -0.7662506699562073, -0.886333167552948, 4.332953929901123, -1.0097498893737793]","[0.8078382015228271, 0.8627822399139404, 0.7662506699562073, 0.886333167552948, -4.332953929901123, 1.0097498893737793]",-1,-1,False,"['C', 'E']","['A', 'E']"
5ac47249554299194317399c::active_set_pack_a,5ac47249554299194317399c,"['A', 'B', 'C', 'D', 'E', 'F']","[1, 0, 0, 0, 1, 0]","[-0.819784939289093, -0.8880932927131653, -0.7830358147621155, -0.9129006266593933, 4.440149307250977, -1.0363354682922363]","[-0.819784939289093, -0.8880932927131653, -0.7830358147621155, -0.9129006266593933, 4.440149307250977, -1.0363354682922363]","[0.819784939289093, 0.8880932927131653, 0.7830358147621155, 0.9129006266593933, -4.440149307250977, 1.0363354682922363]",-1,-1,False,"['C', 'E']","['A', 'E']"
5ac47249554299194317399c::working_set_pack_b,5ac47249554299194317399c,"['A', 'B', 'C', 'D', 'E', 'F']","[1, 0, 0, 0, 1, 0]","[-0.8855133652687073, -0.9468532800674438, -0.8228958249092102, -0.9864897131919861, 4.782659530639648, -1.1409080028533936]","[-0.8855133652687073, -0.9468532800674438, -0.8228958249092102, -0.9864897131919861, 4.782659530639648, -1.1409080028533936]","[0.8855133652687073, 0.9468532800674438, 0.8228958249092102, 0.9864897131919861, -4.782659530639648, 1.1409080028533936]",-1,-1,False,"['C', 'E']","['A', 'E']"
5ac47249554299194317399c::active_set_pack_b,5ac47249554299194317399c,"['A', 'B', 'C', 'D', 'E', 'F']","[1, 0, 0, 0, 1, 0]","[-0.8162206411361694, -0.9130697250366211, -0.7518206834793091, -0.9300270676612854, 4.476027965545654, -1.0648910999298096]","[-0.8162206411361694, -0.9130697250366211, -0.7518206834793091, -0.9300270676612854, 4.476027965545654, -1.0648910999298096]","[0.8162206411361694, 0.9130697250366211, 0.7518206834793091, 0.9300270676612854, -4.476027965545654, 1.0648910999298096]",-1,-1,False,"['C', 'E']","['A', 'E']"
5aba04fb55429939ce03dc54::working_set_pack_a,5aba04fb55429939ce03dc54,"['A', 'B', 'C', 'D', 'E', 'F']","[0, 0, 1, 0, 1, 0]","[0.8734353184700012, -4.209741115570068, 0.7296671271324158, 0.9021571278572083, 0.8631711006164551, 0.8413095474243164]","[-0.8734353184700012, 4.209741115570068, -0.7296671271324158, -0.9021571278572083, -0.8631711006164551, -0.8413095474243164]","[-0.8734353184700012, 4.209741115570068, -0.7296671271324158, -0.9021571278572083, -0.8631711006164551, -0.8413095474243164]",-1,1,False,"['B', 'C']","['C', 'E']"
5aba04fb55429939ce03dc54::active_set_pack_a,5aba04fb55429939ce03dc54,"['A', 'B', 'C', 'D', 'E', 'F']","[0, 0, 1, 0, 1, 0]","[0.8947807550430298, -4.339884281158447, 0.7515310645103455, 0.9303284883499146, 0.896831214427948, 0.866413950920105]","[-0.8947807550430298, 4.339884281158447, -0.7515310645103455, -0.9303284883499146, -0.896831214427948, -0.866413950920105]","[-0.8947807550430298, 4.339884281158447, -0.7515310645103455, -0.9303284883499146, -0.896831214427948, -0.866413950920105]",-1,1,False,"['B', 'C']","['C', 'E']"
5aba04fb55429939ce03dc54::working_set_pack_b,5aba04fb55429939ce03dc54,"['A', 'B', 'C', 'D', 'E', 'F']","[0, 0, 1, 0, 1, 0]","[1.1438096761703491, -5.758754730224609, 1.0382243394851685, 1.2287019491195679, 1.2044103145599365, 1.1436052322387695]","[-1.1438096761703491, 5.758754730224609, -1.0382243394851685, -1.2287019491195679, -1.2044103145599365, -1.1436052322387695]","[-1.1438096761703491, 5.758754730224609, -1.0382243394851685, -1.2287019491195679, -1.2044103145599365, -1.1436052322387695]",-1,1,False,"['B', 'C']","['C', 'E']"
5aba04fb55429939ce03dc54::active_set_pack_b,5aba04fb55429939ce03dc54,"['A', 'B', 'C', 'D', 'E', 'F']","[0, 0, 1, 0, 1, 0]","[0.9475816488265991, -4.685371398925781, 0.7976316213607788, 1.0098055601119995, 1.0033683776855469, 0.9269858002662659]","[-0.9475816488265991, 4.685371398925781, -0.7976316213607788, -1.0098055601119995, -1.0033683776855469, -0.9269858002662659]","[-0.9475816488265991, 4.685371398925781, -0.7976316213607788, -1.0098055601119995, -1.0033683776855469, -0.9269858002662659]",-1,1,False,"['B', 'C']","['C', 'E']"
5a79f2185542996a35c1703d::working_set_pack_a,5a79f2185542996a35c1703d,"['A', 'B', 'C', 'D', 'E', 'F']","[1, 1, 0, 0, 0, 0]","[0.2852787673473358, 1.1303728818893433, -0.3568539619445801, -0.24927252531051636, -0.3144361972808838, -0.4950887858867645]","[0.2852787673473358, 1.1303728818893433, -0.3568539619445801, -0.24927252531051636, -0.3144361972808838, -0.4950887858867645]","[-0.2852787673473358, -1.1303728818893433, 0.3568539619445801, 0.24927252531051636, 0.3144361972808838, 0.4950887858867645]",-1,-1,True,"['A', 'B']","['A', 'B']"
5a79f2185542996a35c1703d::active_set_pack_a,5a79f2185542996a35c1703d,"['A', 'B', 'C', 'D', 'E', 'F']","[1, 1, 0, 0, 0, 0]","[0.2778598368167877, 1.1210376024246216, -0.34971413016319275, -0.243343323469162, -0.3055616021156311, -0.5002787113189697]","[0.2778598368167877, 1.1210376024246216, -0.34971413016319275, -0.243343323469162, -0.3055616021156311, -0.5002787113189697]","[-0.2778598368167877, -1.1210376024246216, 0.34971413016319275, 0.243343323469162, 0.3055616021156311, 0.5002787113189697]",-1,-1,True,"['A', 'B']","['A', 'B']"
5a79f2185542996a35c1703d::working_set_pack_b,5a79f2185542996a35c1703d,"['A', 'B', 'C', 'D', 'E', 'F']","[1, 1, 0, 0, 0, 0]","[0.3291308879852295, 0.7478586435317993, -0.20819659531116486, -0.06196896731853485, -0.22368615865707397, -0.583137571811676]","[0.3291308879852295, 0.7478586435317993, -0.20819659531116486, -0.06196896731853485, -0.22368615865707397, -0.583137571811676]","[-0.3291308879852295, -0.7478586435317993, 0.20819659531116486, 0.06196896731853485, 0.22368615865707397, 0.583137571811676]",-1,-1,True,"['A', 'B']","['A', 'B']"
5a79f2185542996a35c1703d::active_set_pack_b,5a79f2185542996a35c1703d,"['A', 'B', 'C', 'D', 'E', 'F']","[1, 1, 0, 0, 0, 0]","[0.1750441938638687, 1.1810940504074097, -0.32503044605255127, -0.22700126469135284, -0.32469436526298523, -0.4794119596481323]","[0.1750441938638687, 1.1810940504074097, -0.32503044605255127, -0.22700126469135284, -0.32469436526298523, -0.4794119596481323]","[-0.1750441938638687, -1.1810940504074097, 0.32503044605255127, 0.22700126469135284, 0.32469436526298523, 0.4794119596481323]",-1,-1,True,"['A', 'B']","['A', 'B']"
5ae0925e55429945ae9593c9::working_set_pack_a,5ae0925e55429945ae9593c9,"['A', 'B', 'C', 'D', 'E', 'F']","[0, 1, 1, 0, 0, 0]","[-0.606219470500946, 3.1753673553466797, -0.5357440710067749, -0.6843163967132568, -0.6601135730743408, -0.6889743208885193]","[-0.606219470500946, 3.1753673553466797, -0.5357440710067749, -0.6843163967132568, -0.6601135730743408, -0.6889743208885193]","[-0.606219470500946, 3.1753673553466797, -0.5357440710067749, -0.6843163967132568, -0.6601135730743408, -0.6889743208885193]",1,1,True,"['B', 'C']","['B', 'C']"
5ae0925e55429945ae9593c9::active_set_pack_a,5ae0925e55429945ae9593c9,"['A', 'B', 'C', 'D', 'E', 'F']","[0, 1, 1, 0, 0, 0]","[-0.6698077321052551, 3.4719150066375732, -0.5911698341369629, -0.7446863651275635, -0.7248398661613464, -0.741409420967102]","[-0.6698077321052551, 3.4719150066375732, -0.5911698341369629, -0.7446863651275635, -0.7248398661613464, -0.741409420967102]","[-0.6698077321052551, 3.4719150066375732, -0.5911698341369629, -0.7446863651275635, -0.7248398661613464, -0.741409420967102]",1,1,True,"['B', 'C']","['B', 'C']"
5ae0925e55429945ae9593c9::working_set_pack_b,5ae0925e55429945ae9593c9,"['A', 'B', 'C', 'D', 'E', 'F']","[0, 1, 1, 0, 0, 0]","[-0.5974948406219482, 3.2709062099456787, -0.5488373041152954, -0.6821265816688538, -0.6953212022781372, -0.7471256852149963]","[-0.5974948406219482, 3.2709062099456787, -0.5488373041152954, -0.6821265816688538, -0.6953212022781372, -0.7471256852149963]","[-0.5974948406219482, 3.2709062099456787, -0.5488373041152954, -0.6821265816688538, -0.6953212022781372, -0.7471256852149963]",1,1,True,"['B', 'C']","['B', 'C']"
5ae0925e55429945ae9593c9::active_set_pack_b,5ae0925e55429945ae9593c9,"['A', 'B', 'C', 'D', 'E', 'F']","[0, 1, 1, 0, 0, 0]","[-0.607473611831665, 3.414475917816162, -0.6032248139381409, -0.6898081302642822, -0.750517725944519, -0.7634514570236206]","[-0.607473611831665, 3.414475917816162, -0.6032248139381409, -0.6898081302642822, -0.750517725944519, -0.7634514570236206]","[-0.607473611831665, 3.414475917816162, -0.6032248139381409, -0.6898081302642822, -0.750517725944519, -0.7634514570236206]",1,1,True,"['B', 'C']","['B', 'C']"
5a7f165b55429934daa2fccd::working_set_pack_a,5a7f165b55429934daa2fccd,"['A', 'B', 'C', 'D', 'E', 'F']","[0, 0, 0, 1, 1, 0]","[-0.7338272333145142, -0.7172001600265503, -0.7002217173576355, 3.000417947769165, -0.2487659901380539, -0.6004026532173157]","[-0.7338272333145142, -0.7172001600265503, -0.7002217173576355, 3.000417947769165, -0.2487659901380539, -0.6004026532173157]","[0.7338272333145142, 0.7172001600265503, 0.7002217173576355, -3.000417947769165, 0.2487659901380539, 0.6004026532173157]",-1,-1,True,"['D', 'E']","['D', 'E']"
5a7f165b55429934daa2fccd::active_set_pack_a,5a7f165b55429934daa2fccd,"['A', 'B', 'C', 'D', 'E', 'F']","[0, 0, 0, 1, 1, 0]","[-0.7113550901412964, -0.6987531185150146, -0.6825900077819824, 2.932683229446411, -0.26672881841659546, -0.573255717754364]","[-0.7113550901412964, -0.6987531185150146, -0.6825900077819824, 2.932683229446411, -0.26672881841659546, -0.573255717754364]","[0.7113550901412964, 0.6987531185150146, 0.6825900077819824, -2.932683229446411, 0.26672881841659546, 0.573255717754364]",-1,-1,True,"['D', 'E']","['D', 'E']"
5a7f165b55429934daa2fccd::working_set_pack_b,5a7f165b55429934daa2fccd,"['A', 'B', 'C', 'D', 'E', 'F']","[0, 0, 0, 1, 1, 0]","[-0.7533576488494873, -0.7405035495758057, -0.7217559218406677, 3.2231733798980713, -0.3770086467266083, -0.630547821521759]","[-0.7533576488494873, -0.7405035495758057, -0.7217559218406677, 3.2231733798980713, -0.3770086467266083, -0.630547821521759]","[0.7533576488494873, 0.7405035495758057, 0.7217559218406677, -3.2231733798980713, 0.3770086467266083, 0.630547821521759]",-1,-1,True,"['D', 'E']","['D', 'E']"
5a7f165b55429934daa2fccd::active_set_pack_b,5a7f165b55429934daa2fccd,"['A', 'B', 'C', 'D', 'E', 'F']","[0, 0, 0, 1, 1, 0]","[-0.6577270030975342, -0.6514410376548767, -0.6495407223701477, 2.941688299179077, -0.34102755784988403, -0.6419514417648315]","[-0.6577270030975342, -0.6514410376548767, -0.6495407223701477, 2.941688299179077, -0.34102755784988403, -0.6419514417648315]","[0.6577270030975342, 0.6514410376548767, 0.6495407223701477, -2.941688299179077, 0.34102755784988403, 0.6419514417648315]",-1,-1,True,"['D', 'E']","['D', 'E']"
5a8ba62d554299240d9c205c::working_set_pack_a,5a8ba62d554299240d9c205c,"['A', 'B', 'C', 'D', 'E', 'F']","[0, 1, 1, 0, 0, 0]","[-0.7931314706802368, 3.7062413692474365, -0.5963678359985352, -0.7814560532569885, -0.8144375681877136, -0.7208488583564758]","[-0.7931314706802368, 3.7062413692474365, -0.5963678359985352, -0.7814560532569885, -0.8144375681877136, -0.7208488583564758]","[-0.7931314706802368, 3.7062413692474365, -0.5963678359985352, -0.7814560532569885, -0.8144375681877136, -0.7208488583564758]",1,1,True,"['B', 'C']","['B', 'C']"
5a8ba62d554299240d9c205c::active_set_pack_a,5a8ba62d554299240d9c205c,"['A', 'B', 'C', 'D', 'E', 'F']","[0, 1, 1, 0, 0, 0]","[-0.7465553879737854, 3.5558080673217773, -0.6047653555870056, -0.740460216999054, -0.7873677611351013, -0.6766596436500549]","[-0.7465553879737854, 3.5558080673217773, -0.6047653555870056, -0.740460216999054, -0.7873677611351013, -0.6766596436500549]","[-0.7465553879737854, 3.5558080673217773, -0.6047653555870056, -0.740460216999054, -0.7873677611351013, -0.6766596436500549]",1,1,True,"['B', 'C']","['B', 'C']"
5a8ba62d554299240d9c205c::working_set_pack_b,5a8ba62d554299240d9c205c,"['A', 'B', 'C', 'D', 'E', 'F']","[0, 1, 1, 0, 0, 0]","[-0.8838534355163574, 4.192508220672607, -0.7227191925048828, -0.8658000826835632, -0.9167764782905579, -0.803358256816864]","[-0.8838534355163574, 4.192508220672607, -0.7227191925048828, -0.8658000826835632, -0.9167764782905579, -0.803358256816864]","[0.8838534355163574, -4.192508220672607, 0.7227191925048828, 0.8658000826835632, 0.9167764782905579, 0.803358256816864]",-1,-1,True,"['B', 'C']","['B', 'C']"
5a8ba62d554299240d9c205c::active_set_pack_b,5a8ba62d554299240d9c205c,"['A', 'B', 'C', 'D', 'E', 'F']","[0, 1, 1, 0, 0, 0]","[-0.8334124088287354, 4.059168815612793, -0.7396253943443298, -0.8354969620704651, -0.907447099685669, -0.7431855201721191]","[-0.8334124088287354, 4.059168815612793, -0.7396253943443298, -0.8354969620704651, -0.907447099685669, -0.7431855201721191]","[0.8334124088287354, -4.059168815612793, 0.7396253943443298, 0.8354969620704651, 0.907447099685669, 0.7431855201721191]",-1,-1,True,"['B', 'C']","['B', 'C']"
5ae6053c55429929b0807a60::working_set_pack_a,5ae6053c55429929b0807a60,"['A', 'B', 'C', 'D', 'E', 'F']","[0, 1, 0, 1, 0, 0]","[-0.6506131291389465, -0.4176599979400635, -0.7190670967102051, 3.4124388694763184, -0.990089476108551, -0.6350090503692627]","[-0.6506131291389465, -0.4176599979400635, -0.7190670967102051, 3.4124388694763184, -0.990089476108551, -0.6350090503692627]","[0.6506131291389465, 0.4176599979400635, 0.7190670967102051, -3.4124388694763184, 0.990089476108551, 0.6350090503692627]",-1,-1,True,"['B', 'D']","['B', 'D']"
5ae6053c55429929b0807a60::active_set_pack_a,5ae6053c55429929b0807a60,"['A', 'B', 'C', 'D', 'E', 'F']","[0, 1, 0, 1, 0, 0]","[-0.5798371434211731, -0.325967937707901, -0.6519173383712769, 3.1832950115203857, -1.010230302810669, -0.6153433322906494]","[-0.5798371434211731, -0.325967937707901, -0.6519173383712769, 3.1832950115203857, -1.010230302810669, -0.6153433322906494]","[0.5798371434211731, 0.325967937707901, 0.6519173383712769, -3.1832950115203857, 1.010230302810669, 0.6153433322906494]",-1,-1,True,"['B', 'D']","['B', 'D']"
5ae6053c55429929b0807a60::working_set_pack_b,5ae6053c55429929b0807a60,"['A', 'B', 'C', 'D', 'E', 'F']","[0, 1, 0, 1, 0, 0]","[-0.5251761078834534, -0.005670926067978144, -0.6123018264770508, 2.826447010040283, -1.0430636405944824, -0.6402343511581421]","[-0.5251761078834534, -0.005670926067978144, -0.6123018264770508, 2.826447010040283, -1.0430636405944824, -0.6402343511581421]","[0.5251761078834534, 0.005670926067978144, 0.6123018264770508, -2.826447010040283, 1.0430636405944824, 0.6402343511581421]",-1,-1,True,"['B', 'D']","['B', 'D']"
5ae6053c55429929b0807a60::active_set_pack_b,5ae6053c55429929b0807a60,"['A', 'B', 'C', 'D', 'E', 'F']","[0, 1, 0, 1, 0, 0]","[-0.6150094866752625, 2.2278554439544678, -0.66359543800354, 0.7746312618255615, -1.0249969959259033, -0.6988841891288757]","[-0.6150094866752625, 2.2278554439544678, -0.66359543800354, 0.7746312618255615, -1.0249969959259033, -0.6988841891288757]","[-0.6150094866752625, 2.2278554439544678, -0.66359543800354, 0.7746312618255615, -1.0249969959259033, -0.6988841891288757]",1,1,True,"['B', 'D']","['B', 'D']"
5ae42a195542995ad6573d0e::working_set_pack_a,5ae42a195542995ad6573d0e,"['A', 'B', 'C', 'D', 'E', 'F']","[1, 0, 0, 0, 1, 0]","[-0.3407306671142578, -0.4111807644367218, -0.3890463709831238, -0.5024585127830505, 2.087045907974243, -0.44362953305244446]","[-0.3407306671142578, -0.4111807644367218, -0.3890463709831238, -0.5024585127830505, 2.087045907974243, -0.44362953305244446]","[0.3407306671142578, 0.4111807644367218, 0.3890463709831238, 0.5024585127830505, -2.087045907974243, 0.44362953305244446]",-1,-1,False,"['E', 'F']","['A', 'E']"
5ae42a195542995ad6573d0e::active_set_pack_a,5ae42a195542995ad6573d0e,"['A', 'B', 'C', 'D', 'E', 'F']","[1, 0, 0, 0, 1, 0]","[-0.2985266149044037, -0.3766558766365051, -0.3832251727581024, -0.4960007965564728, 1.9528915882110596, -0.39848339557647705]","[-0.2985266149044037, -0.3766558766365051, -0.3832251727581024, -0.4960007965564728, 1.9528915882110596, -0.39848339557647705]","[0.2985266149044037, 0.3766558766365051, 0.3832251727581024, 0.4960007965564728, -1.9528915882110596, 0.39848339557647705]",-1,-1,False,"['E', 'F']","['A', 'E']"
5ae42a195542995ad6573d0e::working_set_pack_b,5ae42a195542995ad6573d0e,"['A', 'B', 'C', 'D', 'E', 'F']","[1, 0, 0, 0, 1, 0]","[-0.4370822012424469, -0.4961799085140228, -0.4760267436504364, -0.5792058706283569, 2.4997427463531494, -0.5112479329109192]","[-0.4370822012424469, -0.4961799085140228, -0.4760267436504364, -0.5792058706283569, 2.4997427463531494, -0.5112479329109192]","[0.4370822012424469, 0.4961799085140228, 0.4760267436504364, 0.5792058706283569, -2.4997427463531494, 0.5112479329109192]",-1,-1,False,"['E', 'F']","['A', 'E']"
5ae42a195542995ad6573d0e::active_set_pack_b,5ae42a195542995ad6573d0e,"['A', 'B', 'C', 'D', 'E', 'F']","[1, 0, 0, 0, 1, 0]","[-0.4052167534828186, -0.4690925180912018, -0.4590570032596588, -0.5567840933799744, 2.3690378665924072, -0.47888731956481934]","[-0.4052167534828186, -0.4690925180912018, -0.4590570032596588, -0.5567840933799744, 2.3690378665924072, -0.47888731956481934]","[0.4052167534828186, 0.4690925180912018, 0.4590570032596588, 0.5567840933799744, -2.3690378665924072, 0.47888731956481934]",-1,-1,False,"['E', 'F']","['A', 'E']"
5ae1aed65542997f29b3c0ff::working_set_pack_a,5ae1aed65542997f29b3c0ff,"['A', 'B', 'C', 'D', 'E', 'F']","[1, 0, 0, 0, 0, 1]","[-0.6944139003753662, -0.6746987700462341, -0.5514644980430603, -0.5414342284202576, -0.7145382165908813, 3.1765496730804443]","[-0.6944139003753662, -0.6746987700462341, -0.5514644980430603, -0.5414342284202576, -0.7145382165908813, 3.1765496730804443]","[0.6944139003753662, 0.6746987700462341, 0.5514644980430603, 0.5414342284202576, 0.7145382165908813, -3.1765496730804443]",-1,-1,False,"['C', 'F']","['A', 'F']"
5ae1aed65542997f29b3c0ff::active_set_pack_a,5ae1aed65542997f29b3c0ff,"['A', 'B', 'C', 'D', 'E', 'F']","[1, 0, 0, 0, 0, 1]","[-0.6818155646324158, -0.6657987236976624, -0.548187255859375, -0.522638738155365, -0.7235010862350464, 3.1419408321380615]","[-0.6818155646324158, -0.6657987236976624, -0.548187255859375, -0.522638738155365, -0.7235010862350464, 3.1419408321380615]","[0.6818155646324158, 0.6657987236976624, 0.548187255859375, 0.522638738155365, 0.7235010862350464, -3.1419408321380615]",-1,-1,False,"['C', 'F']","['A', 'F']"
5ae1aed65542997f29b3c0ff::working_set_pack_b,5ae1aed65542997f29b3c0ff,"['A', 'B', 'C', 'D', 'E', 'F']","[1, 0, 0, 0, 0, 1]","[-0.7700194716453552, -0.7634094953536987, -0.6267485022544861, -0.6302700638771057, -0.814895749092102, 3.6053435802459717]","[-0.7700194716453552, -0.7634094953536987, -0.6267485022544861, -0.6302700638771057, -0.814895749092102, 3.6053435802459717]","[0.7700194716453552, 0.7634094953536987, 0.6267485022544861, 0.6302700638771057, 0.814895749092102, -3.6053435802459717]",-1,-1,False,"['D', 'F']","['A', 'F']"
5ae1aed65542997f29b3c0ff::active_set_pack_b,5ae1aed65542997f29b3c0ff,"['A', 'B', 'C', 'D', 'E', 'F']","[1, 0, 0, 0, 0, 1]","[-0.7866687178611755, -0.8185262084007263, -0.6317095160484314, -0.6614386439323425, -0.836201548576355, 3.7345449924468994]","[-0.7866687178611755, -0.8185262084007263, -0.6317095160484314, -0.6614386439323425, -0.836201548576355, 3.7345449924468994]","[0.7866687178611755, 0.8185262084007263, 0.6317095160484314, 0.6614386439323425, 0.836201548576355, -3.7345449924468994]",-1,-1,False,"['C', 'F']","['A', 'F']"
5a7c75a655429935c91b51c4::working_set_pack_a,5a7c75a655429935c91b51c4,"['A', 'B', 'C', 'D', 'E', 'F']","[0, 1, 1, 0, 0, 0]","[-0.712190568447113, 3.765087842941284, -0.5437716245651245, -0.8375349640846252, -0.8381838202476501, -0.8334064483642578]","[-0.712190568447113, 3.765087842941284, -0.5437716245651245, -0.8375349640846252, -0.8381838202476501, -0.8334064483642578]","[-0.712190568447113, 3.765087842941284, -0.5437716245651245, -0.8375349640846252, -0.8381838202476501, -0.8334064483642578]",1,1,True,"['B', 'C']","['B', 'C']"
5a7c75a655429935c91b51c4::active_set_pack_a,5a7c75a655429935c91b51c4,"['A', 'B', 'C', 'D', 'E', 'F']","[0, 1, 1, 0, 0, 0]","[-0.7139093279838562, 3.83084774017334, -0.5420517325401306, -0.8597707152366638, -0.8634768724441528, -0.8516381978988647]","[-0.7139093279838562, 3.83084774017334, -0.5420517325401306, -0.8597707152366638, -0.8634768724441528, -0.8516381978988647]","[-0.7139093279838562, 3.83084774017334, -0.5420517325401306, -0.8597707152366638, -0.8634768724441528, -0.8516381978988647]",1,1,True,"['B', 'C']","['B', 'C']"
5a7c75a655429935c91b51c4::working_set_pack_b,5a7c75a655429935c91b51c4,"['A', 'B', 'C', 'D', 'E', 'F']","[0, 1, 1, 0, 0, 0]","[-0.6835706830024719, 3.7179131507873535, -0.46029919385910034, -0.8939416408538818, -0.8534829616546631, -0.8266182541847229]","[-0.6835706830024719, 3.7179131507873535, -0.46029919385910034, -0.8939416408538818, -0.8534829616546631, -0.8266182541847229]","[-0.6835706830024719, 3.7179131507873535, -0.46029919385910034, -0.8939416408538818, -0.8534829616546631, -0.8266182541847229]",1,1,True,"['B', 'C']","['B', 'C']"
5a7c75a655429935c91b51c4::active_set_pack_b,5a7c75a655429935c91b51c4,"['A', 'B', 'C', 'D', 'E', 'F']","[0, 1, 1, 0, 0, 0]","[-0.7181671857833862, 3.9210402965545654, -0.5517138242721558, -0.8809962868690491, -0.9095830917358398, -0.8605799674987793]","[-0.7181671857833862, 3.9210402965545654, -0.5517138242721558, -0.8809962868690491, -0.9095830917358398, -0.8605799674987793]","[-0.7181671857833862, 3.9210402965545654, -0.5517138242721558, -0.8809962868690491, -0.9095830917358398, -0.8605799674987793]",1,1,True,"['B', 'C']","['B', 'C']"
5a76c0d3554299373536019f::working_set_pack_a,5a76c0d3554299373536019f,"['A', 'B', 'C', 'D', 'E', 'F']","[0, 1, 0, 0, 0, 1]","[-1.0784587860107422, -0.6044819355010986, -1.1036250591278076, -1.1315534114837646, -1.1584422588348389, 5.076560974121094]","[-1.0784587860107422, -0.6044819355010986, -1.1036250591278076, -1.1315534114837646, -1.1584422588348389, 5.076560974121094]","[-1.0784587860107422, -0.6044819355010986, -1.1036250591278076, -1.1315534114837646, -1.1584422588348389, 5.076560974121094]",1,1,True,"['B', 'F']","['B', 'F']"
5a76c0d3554299373536019f::active_set_pack_a,5a76c0d3554299373536019f,"['A', 'B', 'C', 'D', 'E', 'F']","[0, 1, 0, 0, 0, 1]","[-1.1119590997695923, -0.6287335157394409, -1.1362556219100952, -1.1646782159805298, -1.19620943069458, 5.2378363609313965]","[-1.1119590997695923, -0.6287335157394409, -1.1362556219100952, -1.1646782159805298, -1.19620943069458, 5.2378363609313965]","[-1.1119590997695923, -0.6287335157394409, -1.1362556219100952, -1.1646782159805298, -1.19620943069458, 5.2378363609313965]",1,1,True,"['B', 'F']","['B', 'F']"
5a76c0d3554299373536019f::working_set_pack_b,5a76c0d3554299373536019f,"['A', 'B', 'C', 'D', 'E', 'F']","[0, 1, 0, 0, 0, 1]","[-1.1119903326034546, -0.5524429082870483, -1.1303225755691528, -1.1685442924499512, -1.2000101804733276, 5.163310527801514]","[-1.1119903326034546, -0.5524429082870483, -1.1303225755691528, -1.1685442924499512, -1.2000101804733276, 5.163310527801514]","[-1.1119903326034546, -0.5524429082870483, -1.1303225755691528, -1.1685442924499512, -1.2000101804733276, 5.163310527801514]",1,1,True,"['B', 'F']","['B', 'F']"
5a76c0d3554299373536019f::active_set_pack_b,5a76c0d3554299373536019f,"['A', 'B', 'C', 'D', 'E', 'F']","[0, 1, 0, 0, 0, 1]","[-1.0836379528045654, -0.5907855033874512, -1.1001379489898682, -1.132112979888916, -1.1577154397964478, 5.064391136169434]","[-1.0836379528045654, -0.5907855033874512, -1.1001379489898682, -1.132112979888916, -1.1577154397964478, 5.064391136169434]","[-1.0836379528045654, -0.5907855033874512, -1.1001379489898682, -1.132112979888916, -1.1577154397964478, 5.064391136169434]",1,1,True,"['B', 'F']","['B', 'F']"
5a8b1fc955429971feec4643::working_set_pack_a,5a8b1fc955429971feec4643,"['A', 'B', 'C', 'D', 'E', 'F']","[1, 1, 0, 0, 0, 0]","[-0.029763350263237953, 1.3762626647949219, -0.29619407653808594, -0.2776102125644684, -0.3216552734375, -0.45103999972343445]","[-0.029763350263237953, 1.3762626647949219, -0.29619407653808594, -0.2776102125644684, -0.3216552734375, -0.45103999972343445]","[-0.029763350263237953, 1.3762626647949219, -0.29619407653808594, -0.2776102125644684, -0.3216552734375, -0.45103999972343445]",1,1,True,"['A', 'B']","['A', 'B']"
5a8b1fc955429971feec4643::active_set_pack_a,5a8b1fc955429971feec4643,"['A', 'B', 'C', 'D', 'E', 'F']","[1, 1, 0, 0, 0, 0]","[-0.0921136662364006, 1.7463555335998535, -0.369619220495224, -0.35384705662727356, -0.41412976384162903, -0.5166453719139099]","[-0.0921136662364006, 1.7463555335998535, -0.369619220495224, -0.35384705662727356, -0.41412976384162903, -0.5166453719139099]","[-0.0921136662364006, 1.7463555335998535, -0.369619220495224, -0.35384705662727356, -0.41412976384162903, -0.5166453719139099]",1,1,True,"['A', 'B']","['A', 'B']"
5a8b1fc955429971feec4643::working_set_pack_b,5a8b1fc955429971feec4643,"['A', 'B', 'C', 'D', 'E', 'F']","[1, 1, 0, 0, 0, 0]","[-0.20421090722084045, 1.9632461071014404, -0.40888240933418274, -0.38166752457618713, -0.47869378328323364, -0.48979148268699646]","[-0.20421090722084045, 1.9632461071014404, -0.40888240933418274, -0.38166752457618713, -0.47869378328323364, -0.48979148268699646]","[0.20421090722084045, -1.9632461071014404, 0.40888240933418274, 0.38166752457618713, 0.47869378328323364, 0.48979148268699646]",-1,-1,True,"['A', 'B']","['A', 'B']"
5a8b1fc955429971feec4643::active_set_pack_b,5a8b1fc955429971feec4643,"['A', 'B', 'C', 'D', 'E', 'F']","[1, 1, 0, 0, 0, 0]","[-0.38089779019355774, 2.7327840328216553, -0.5553929805755615, -0.5287209749221802, -0.628389835357666, -0.6393814086914062]","[-0.38089779019355774, 2.7327840328216553, -0.5553929805755615, -0.5287209749221802, -0.628389835357666, -0.6393814086914062]","[-0.38089779019355774, 2.7327840328216553, -0.5553929805755615, -0.5287209749221802, -0.628389835357666, -0.6393814086914062]",1,1,True,"['A', 'B']","['A', 'B']"
5a8add645542992d82986fb5::working_set_pack_a,5a8add645542992d82986fb5,"['A', 'B', 'C', 'D', 'E', 'F']","[0, 0, 0, 1, 0, 1]","[-0.2600992023944855, -0.13724106550216675, -0.2952791452407837, 1.4739457368850708, -0.5910896062850952, -0.19023668766021729]","[-0.2600992023944855, -0.13724106550216675, -0.2952791452407837, 1.4739457368850708, -0.5910896062850952, -0.19023668766021729]","[0.2600992023944855, 0.13724106550216675, 0.2952791452407837, -1.4739457368850708, 0.5910896062850952, 0.19023668766021729]",-1,-1,False,"['B', 'D']","['D', 'F']"
5a8add645542992d82986fb5::active_set_pack_a,5a8add645542992d82986fb5,"['A', 'B', 'C', 'D', 'E', 'F']","[0, 0, 0, 1, 0, 1]","[-0.3134598433971405, -0.17589375376701355, -0.35327544808387756, 1.8326231241226196, -0.737303614616394, -0.25269049406051636]","[-0.3134598433971405, -0.17589375376701355, -0.35327544808387756, 1.8326231241226196, -0.737303614616394, -0.25269049406051636]","[0.3134598433971405, 0.17589375376701355, 0.35327544808387756, -1.8326231241226196, 0.737303614616394, 0.25269049406051636]",-1,-1,False,"['B', 'D']","['D', 'F']"
5a8add645542992d82986fb5::working_set_pack_b,5a8add645542992d82986fb5,"['A', 'B', 'C', 'D', 'E', 'F']","[0, 0, 0, 1, 0, 1]","[-0.30107352137565613, -0.17892977595329285, -0.32895445823669434, 1.6569418907165527, -0.5701953768730164, -0.2777884602546692]","[-0.30107352137565613, -0.17892977595329285, -0.32895445823669434, 1.6569418907165527, -0.5701953768730164, -0.2777884602546692]","[0.30107352137565613, 0.17892977595329285, 0.32895445823669434, -1.6569418907165527, 0.5701953768730164, 0.2777884602546692]",-1,-1,False,"['B', 'D']","['D', 'F']"
5a8add645542992d82986fb5::active_set_pack_b,5a8add645542992d82986fb5,"['A', 'B', 'C', 'D', 'E', 'F']","[0, 0, 0, 1, 0, 1]","[-0.37416985630989075, -0.24653607606887817, -0.4119831919670105, 2.098180055618286, -0.6875004768371582, -0.37799009680747986]","[-0.37416985630989075, -0.24653607606887817, -0.4119831919670105, 2.098180055618286, -0.6875004768371582, -0.37799009680747986]","[0.37416985630989075, 0.24653607606887817, 0.4119831919670105, -2.098180055618286, 0.6875004768371582, 0.37799009680747986]",-1,-1,False,"['B', 'D']","['D', 'F']"
5a754aa455429916b01642e3::working_set_pack_a,5a754aa455429916b01642e3,"['A', 'B', 'C', 'D', 'E', 'F']","[0, 0, 1, 1, 0, 0]","[-0.8175313472747803, -0.7543706893920898, 3.8117101192474365, -0.5581132769584656, -0.9152570366859436, -0.7664368748664856]","[-0.8175313472747803, -0.7543706893920898, 3.8117101192474365, -0.5581132769584656, -0.9152570366859436, -0.7664368748664856]","[-0.8175313472747803, -0.7543706893920898, 3.8117101192474365, -0.5581132769584656, -0.9152570366859436, -0.7664368748664856]",1,1,True,"['C', 'D']","['C', 'D']"
5a754aa455429916b01642e3::active_set_pack_a,5a754aa455429916b01642e3,"['A', 'B', 'C', 'D', 'E', 'F']","[0, 0, 1, 1, 0, 0]","[-0.891503095626831, -0.833613395690918, 4.215394020080566, -0.6622647643089294, -0.9940298795700073, -0.8339830636978149]","[-0.891503095626831, -0.833613395690918, 4.215394020080566, -0.6622647643089294, -0.9940298795700073, -0.8339830636978149]","[-0.891503095626831, -0.833613395690918, 4.215394020080566, -0.6622647643089294, -0.9940298795700073, -0.8339830636978149]",1,1,True,"['C', 'D']","['C', 'D']"
5a754aa455429916b01642e3::working_set_pack_b,5a754aa455429916b01642e3,"['A', 'B', 'C', 'D', 'E', 'F']","[0, 0, 1, 1, 0, 0]","[-0.941299557685852, -0.8811755180358887, 4.499194622039795, -0.6737687587738037, -1.0589896440505981, -0.9439619779586792]","[-0.941299557685852, -0.8811755180358887, 4.499194622039795, -0.6737687587738037, -1.0589896440505981, -0.9439619779586792]","[-0.941299557685852, -0.8811755180358887, 4.499194622039795, -0.6737687587738037, -1.0589896440505981, -0.9439619779586792]",1,1,True,"['C', 'D']","['C', 'D']"
5a754aa455429916b01642e3::active_set_pack_b,5a754aa455429916b01642e3,"['A', 'B', 'C', 'D', 'E', 'F']","[0, 0, 1, 1, 0, 0]","[-0.8398303985595703, -0.7819116115570068, 4.084299087524414, -0.5964850187301636, -0.9418904781341553, -0.9241800308227539]","[-0.8398303985595703, -0.7819116115570068, 4.084299087524414, -0.5964850187301636, -0.9418904781341553, -0.9241800308227539]","[-0.8398303985595703, -0.7819116115570068, 4.084299087524414, -0.5964850187301636, -0.9418904781341553, -0.9241800308227539]",1,1,True,"['C', 'D']","['C', 'D']"
5abad3395542996cc5e49e9f::working_set_pack_a,5abad3395542996cc5e49e9f,"['A', 'B', 'C', 'D', 'E', 'F']","[1, 0, 0, 0, 1, 0]","[0.40374287962913513, -0.1303623467683792, -0.09999281913042068, 0.0802106112241745, 0.37217283248901367, -0.6257712841033936]","[0.40374287962913513, -0.1303623467683792, -0.09999281913042068, 0.0802106112241745, 0.37217283248901367, -0.6257712841033936]","[-0.40374287962913513, 0.1303623467683792, 0.09999281913042068, -0.0802106112241745, -0.37217283248901367, 0.6257712841033936]",-1,-1,False,"['A', 'D']","['A', 'E']"
5abad3395542996cc5e49e9f::active_set_pack_a,5abad3395542996cc5e49e9f,"['A', 'B', 'C', 'D', 'E', 'F']","[1, 0, 0, 0, 1, 0]","[0.41964566707611084, -0.05422774702310562, 0.00012605304073076695, 0.10273680090904236, 0.24400179088115692, -0.7122822999954224]","[0.41964566707611084, -0.05422774702310562, 0.00012605304073076695, 0.10273680090904236, 0.24400179088115692, -0.7122822999954224]","[-0.41964566707611084, 0.05422774702310562, -0.00012605304073076695, -0.10273680090904236, -0.24400179088115692, 0.7122822999954224]",-1,-1,False,"['A', 'D']","['A', 'E']"
5abad3395542996cc5e49e9f::working_set_pack_b,5abad3395542996cc5e49e9f,"['A', 'B', 'C', 'D', 'E', 'F']","[1, 0, 0, 0, 1, 0]","[0.08537014573812485, -0.23874247074127197, -0.22096030414104462, -0.05749379098415375, 0.8713545203208923, -0.4395275413990021]","[0.08537014573812485, -0.23874247074127197, -0.22096030414104462, -0.05749379098415375, 0.8713545203208923, -0.4395275413990021]","[-0.08537014573812485, 0.23874247074127197, 0.22096030414104462, 0.05749379098415375, -0.8713545203208923, 0.4395275413990021]",-1,-1,False,"['A', 'D']","['A', 'E']"
5abad3395542996cc5e49e9f::active_set_pack_b,5abad3395542996cc5e49e9f,"['A', 'B', 'C', 'D', 'E', 'F']","[1, 0, 0, 0, 1, 0]","[0.21645133197307587, -0.03646353259682655, 0.02561875432729721, 0.09531068056821823, 0.4682612419128418, -0.7691786885261536]","[0.21645133197307587, -0.03646353259682655, 0.02561875432729721, 0.09531068056821823, 0.4682612419128418, -0.7691786885261536]","[-0.21645133197307587, 0.03646353259682655, -0.02561875432729721, -0.09531068056821823, -0.4682612419128418, 0.7691786885261536]",-1,-1,False,"['A', 'D']","['A', 'E']"
