prompt_id,example_id,pca_auc,norm_auc,pca_top2_correct,norm_top2_correct,target_overlap,matched_overlap_mean
5aba6de555429955dce3ee1d::working_set_pack_a,5aba6de555429955dce3ee1d,0.875,0.625,False,False,0.16632631188099814,0.039508260208069385
5aba6de555429955dce3ee1d::active_set_pack_a,5aba6de555429955dce3ee1d,0.625,0.625,False,False,0.16632631188099814,0.03843059358565062
5aba6de555429955dce3ee1d::working_set_pack_b,5aba6de555429955dce3ee1d,0.875,0.875,False,False,0.16632631188099814,0.048742185251159906
5aba6de555429955dce3ee1d::active_set_pack_b,5aba6de555429955dce3ee1d,0.875,0.875,False,False,0.16632631188099814,0.050356632750577696
5ae0abf655429945ae95940d::working_set_pack_a,5ae0abf655429945ae95940d,1.0,1.0,True,True,0.16775871501884088,0.04899740817436467
5ae0abf655429945ae95940d::active_set_pack_a,5ae0abf655429945ae95940d,1.0,1.0,True,True,0.16775871501884088,0.04686564069640682
5ae0abf655429945ae95940d::working_set_pack_b,5ae0abf655429945ae95940d,1.0,1.0,True,True,0.16775871501884088,0.056592567833108454
5ae0abf655429945ae95940d::active_set_pack_b,5ae0abf655429945ae95940d,1.0,1.0,True,True,0.16775871501884088,0.048773109459321215
5a7ba64c5542995eb53be97b::working_set_pack_a,5a7ba64c5542995eb53be97b,1.0,1.0,True,True,0.33764886804865835,0.04213937352696075
5a7ba64c5542995eb53be97b::active_set_pack_a,5a7ba64c5542995eb53be97b,1.0,1.0,True,True,0.33764886804865835,0.03717984400150917
5a7ba64c5542995eb53be97b::working_set_pack_b,5a7ba64c5542995eb53be97b,1.0,1.0,True,True,0.33764886804865835,0.054277199250787826
5a7ba64c5542995eb53be97b::active_set_pack_b,5a7ba64c5542995eb53be97b,1.0,1.0,True,True,0.33764886804865835,0.04167241758892243
5a8f20d655429924144829dc::working_set_pack_a,5a8f20d655429924144829dc,1.0,1.0,True,True,0.17293659924525281,0.14191833088979655
5a8f20d655429924144829dc::active_set_pack_a,5a8f20d655429924144829dc,1.0,1.0,True,True,0.17293659924525281,0.15728876227348534
5a8f20d655429924144829dc::working_set_pack_b,5a8f20d655429924144829dc,1.0,0.875,True,False,0.17293659924525281,0.09370155452372125
5a8f20d655429924144829dc::active_set_pack_b,5a8f20d655429924144829dc,1.0,1.0,True,True,0.17293659924525281,0.08358304704007821
5ae70f035542991bbc9761b1::working_set_pack_a,5ae70f035542991bbc9761b1,0.875,0.875,False,False,0.1580952217312059,0.058180168302630994
5ae70f035542991bbc9761b1::active_set_pack_a,5ae70f035542991bbc9761b1,0.875,0.875,False,False,0.1580952217312059,0.06554862187683841
5ae70f035542991bbc9761b1::working_set_pack_b,5ae70f035542991bbc9761b1,1.0,1.0,True,True,0.1580952217312059,0.05829318820491951
5ae70f035542991bbc9761b1::active_set_pack_b,5ae70f035542991bbc9761b1,1.0,1.0,True,True,0.1580952217312059,0.06027905007135343
5ae0af9a5542993d6555ec17::working_set_pack_a,5ae0af9a5542993d6555ec17,1.0,1.0,True,True,0.1299156097901111,0.0
5ae0af9a5542993d6555ec17::active_set_pack_a,5ae0af9a5542993d6555ec17,1.0,1.0,True,True,0.1299156097901111,0.011613017771915906
5ae0af9a5542993d6555ec17::working_set_pack_b,5ae0af9a5542993d6555ec17,1.0,1.0,True,True,0.1299156097901111,0.0
5ae0af9a5542993d6555ec17::active_set_pack_b,5ae0af9a5542993d6555ec17,1.0,1.0,True,True,0.1299156097901111,0.0
5a76b649554299373536017f::working_set_pack_a,5a76b649554299373536017f,1.0,1.0,True,True,0.6379955662958916,0.21187755593010907
5a76b649554299373536017f::active_set_pack_a,5a76b649554299373536017f,1.0,1.0,True,True,0.6379955662958916,0.07871773221834444
5a76b649554299373536017f::working_set_pack_b,5a76b649554299373536017f,1.0,1.0,True,True,0.6379955662958916,0.06990953802972645
5a76b649554299373536017f::active_set_pack_b,5a76b649554299373536017f,1.0,1.0,True,True,0.6379955662958916,0.07171924789304529
5a778e1b5542995d831811c5::working_set_pack_a,5a778e1b5542995d831811c5,1.0,1.0,True,True,0.11272759873705482,0.08276150641439052
5a778e1b5542995d831811c5::active_set_pack_a,5a778e1b5542995d831811c5,1.0,1.0,True,True,0.11272759873705482,0.08630038914981154
5a778e1b5542995d831811c5::working_set_pack_b,5a778e1b5542995d831811c5,1.0,1.0,True,True,0.11272759873705482,0.10280131277285576
5a778e1b5542995d831811c5::active_set_pack_b,5a778e1b5542995d831811c5,1.0,1.0,True,True,0.11272759873705482,0.10371947479503038
5a7a0d665542990783324e14::working_set_pack_a,5a7a0d665542990783324e14,0.875,0.875,False,False,0.12122722685116363,0.026187070879838244
5a7a0d665542990783324e14::active_set_pack_a,5a7a0d665542990783324e14,1.0,1.0,True,True,0.12122722685116363,0.07733903353021326
5a7a0d665542990783324e14::working_set_pack_b,5a7a0d665542990783324e14,1.0,1.0,True,True,0.12122722685116363,0.0879631088368475
5a7a0d665542990783324e14::active_set_pack_b,5a7a0d665542990783324e14,0.875,1.0,False,True,0.12122722685116363,0.020905142756008747
5a82411055429940e5e1a815::working_set_pack_a,5a82411055429940e5e1a815,0.75,0.75,False,False,0.08520402358504287,0.061146919189150675
5a82411055429940e5e1a815::active_set_pack_a,5a82411055429940e5e1a815,1.0,1.0,True,True,0.08520402358504287,0.04444319873297799
5a82411055429940e5e1a815::working_set_pack_b,5a82411055429940e5e1a815,1.0,1.0,True,True,0.08520402358504287,0.053188014815085054
5a82411055429940e5e1a815::active_set_pack_b,5a82411055429940e5e1a815,1.0,1.0,True,True,0.08520402358504287,0.064323508654661
5a7c7a8f55429907fabeef9c::working_set_pack_a,5a7c7a8f55429907fabeef9c,0.875,0.875,False,False,0.08414916722517138,0.046050736002161974
5a7c7a8f55429907fabeef9c::active_set_pack_a,5a7c7a8f55429907fabeef9c,0.875,0.875,False,False,0.08414916722517138,0.044741118416796934
5a7c7a8f55429907fabeef9c::working_set_pack_b,5a7c7a8f55429907fabeef9c,1.0,1.0,True,True,0.08414916722517138,0.04239706988743938
5a7c7a8f55429907fabeef9c::active_set_pack_b,5a7c7a8f55429907fabeef9c,0.875,0.875,False,False,0.08414916722517138,0.04024500671733003
5a73589d55429901807dafd1::working_set_pack_a,5a73589d55429901807dafd1,1.0,1.0,True,True,0.12154944012867024,0.10857365187200407
5a73589d55429901807dafd1::active_set_pack_a,5a73589d55429901807dafd1,1.0,1.0,True,True,0.12154944012867024,0.11402185510191734
5a73589d55429901807dafd1::working_set_pack_b,5a73589d55429901807dafd1,1.0,1.0,True,True,0.12154944012867024,0.08731510739248372
5a73589d55429901807dafd1::active_set_pack_b,5a73589d55429901807dafd1,1.0,1.0,True,True,0.12154944012867024,0.10784692880000171
5add624c5542992200553adf::working_set_pack_a,5add624c5542992200553adf,1.0,0.5,True,False,0.0847592381888373,0.06898893756789941
5add624c5542992200553adf::active_set_pack_a,5add624c5542992200553adf,0.875,0.625,False,False,0.0847592381888373,0.03873288867219151
5add624c5542992200553adf::working_set_pack_b,5add624c5542992200553adf,1.0,0.75,True,False,0.0847592381888373,0.054383064157478844
5add624c5542992200553adf::active_set_pack_b,5add624c5542992200553adf,1.0,1.0,True,True,0.0847592381888373,0.04408836019273659
5ade14735542990dbb2f7f49::working_set_pack_a,5ade14735542990dbb2f7f49,1.0,0.75,True,False,0.3002222423961311,0.03115926257527639
5ade14735542990dbb2f7f49::active_set_pack_a,5ade14735542990dbb2f7f49,0.625,0.5,False,False,0.3002222423961311,0.015731133205357364
5ade14735542990dbb2f7f49::working_set_pack_b,5ade14735542990dbb2f7f49,0.625,0.75,False,False,0.3002222423961311,0.025090677876379645
5ade14735542990dbb2f7f49::active_set_pack_b,5ade14735542990dbb2f7f49,0.875,0.875,False,False,0.3002222423961311,0.0211223046944559
5ade18635542997c77aded3e::working_set_pack_a,5ade18635542997c77aded3e,0.75,0.75,False,False,0.3975848124659672,0.10139912473520198
5ade18635542997c77aded3e::active_set_pack_a,5ade18635542997c77aded3e,0.625,0.625,False,False,0.3975848124659672,0.06881893189601108
5ade18635542997c77aded3e::working_set_pack_b,5ade18635542997c77aded3e,0.75,0.875,False,False,0.3975848124659672,0.0720172750850101
5ade18635542997c77aded3e::active_set_pack_b,5ade18635542997c77aded3e,0.875,0.875,False,False,0.3975848124659672,0.10721860152583586
5ab1c5cb554299722f9b4c61::working_set_pack_a,5ab1c5cb554299722f9b4c61,1.0,1.0,True,True,0.07351431135736076,0.05656105475519802
5ab1c5cb554299722f9b4c61::active_set_pack_a,5ab1c5cb554299722f9b4c61,1.0,1.0,True,True,0.07351431135736076,0.058972746790502684
5ab1c5cb554299722f9b4c61::working_set_pack_b,5ab1c5cb554299722f9b4c61,1.0,1.0,True,True,0.07351431135736076,0.05213082142764765
5ab1c5cb554299722f9b4c61::active_set_pack_b,5ab1c5cb554299722f9b4c61,1.0,1.0,True,True,0.07351431135736076,0.0610937714354472
5ae73a195542991e8301cbfd::working_set_pack_a,5ae73a195542991e8301cbfd,1.0,1.0,True,True,0.12101141216062805,0.04927315360390515
5ae73a195542991e8301cbfd::active_set_pack_a,5ae73a195542991e8301cbfd,1.0,1.0,True,True,0.12101141216062805,0.06523588183828401
5ae73a195542991e8301cbfd::working_set_pack_b,5ae73a195542991e8301cbfd,1.0,1.0,True,True,0.12101141216062805,0.03977363695766063
5ae73a195542991e8301cbfd::active_set_pack_b,5ae73a195542991e8301cbfd,1.0,1.0,True,True,0.12101141216062805,0.039847346464601474
5ab55478554299488d4d993d::working_set_pack_a,5ab55478554299488d4d993d,1.0,1.0,True,True,0.07050591536813762,0.0315366590680007
5ab55478554299488d4d993d::active_set_pack_a,5ab55478554299488d4d993d,1.0,1.0,True,True,0.07050591536813762,0.02648769167908096
5ab55478554299488d4d993d::working_set_pack_b,5ab55478554299488d4d993d,1.0,1.0,True,True,0.07050591536813762,0.031014056610095743
5ab55478554299488d4d993d::active_set_pack_b,5ab55478554299488d4d993d,1.0,1.0,True,True,0.07050591536813762,0.03267644686301486
5ab373d6554299233954ff53::working_set_pack_a,5ab373d6554299233954ff53,1.0,1.0,True,True,0.12058197523825573,0.04865151408657051
5ab373d6554299233954ff53::active_set_pack_a,5ab373d6554299233954ff53,1.0,1.0,True,True,0.12058197523825573,0.06062690592646927
5ab373d6554299233954ff53::working_set_pack_b,5ab373d6554299233954ff53,1.0,1.0,True,True,0.12058197523825573,0.053343101826931416
5ab373d6554299233954ff53::active_set_pack_b,5ab373d6554299233954ff53,1.0,1.0,True,True,0.12058197523825573,0.05273531611937825
5a7a8dab554299042af8f66a::working_set_pack_a,5a7a8dab554299042af8f66a,1.0,1.0,True,True,0.37314480039455133,0.06975245528675897
5a7a8dab554299042af8f66a::active_set_pack_a,5a7a8dab554299042af8f66a,1.0,1.0,True,True,0.37314480039455133,0.05803636712047176
5a7a8dab554299042af8f66a::working_set_pack_b,5a7a8dab554299042af8f66a,1.0,1.0,True,True,0.37314480039455133,0.0599690774004691
5a7a8dab554299042af8f66a::active_set_pack_b,5a7a8dab554299042af8f66a,1.0,1.0,True,True,0.37314480039455133,0.06604569496561385
5ab3020e55429976abd1bc1a::working_set_pack_a,5ab3020e55429976abd1bc1a,0.875,0.875,False,False,0.18477093345797613,0.0411854403892285
5ab3020e55429976abd1bc1a::active_set_pack_a,5ab3020e55429976abd1bc1a,0.75,0.75,False,False,0.18477093345797613,0.04146449757602275
5ab3020e55429976abd1bc1a::working_set_pack_b,5ab3020e55429976abd1bc1a,0.75,0.875,False,False,0.18477093345797613,0.04484412244442433
5ab3020e55429976abd1bc1a::active_set_pack_b,5ab3020e55429976abd1bc1a,0.875,0.875,False,False,0.18477093345797613,0.04136402750149716
5ae726a1554299572ea54738::working_set_pack_a,5ae726a1554299572ea54738,1.0,1.0,True,True,0.33579885550553434,0.037385546585211135
5ae726a1554299572ea54738::active_set_pack_a,5ae726a1554299572ea54738,1.0,1.0,True,True,0.33579885550553434,0.04104670342870991
5ae726a1554299572ea54738::working_set_pack_b,5ae726a1554299572ea54738,1.0,1.0,True,True,0.33579885550553434,0.03566592139901766
5ae726a1554299572ea54738::active_set_pack_b,5ae726a1554299572ea54738,1.0,1.0,True,True,0.33579885550553434,0.03568151470700593
5a8b10c655429949d91db49c::working_set_pack_a,5a8b10c655429949d91db49c,1.0,1.0,True,True,0.0716708670028776,0.06672893603024434
5a8b10c655429949d91db49c::active_set_pack_a,5a8b10c655429949d91db49c,1.0,1.0,True,True,0.0716708670028776,0.05110034047476987
5a8b10c655429949d91db49c::working_set_pack_b,5a8b10c655429949d91db49c,1.0,1.0,True,True,0.0716708670028776,0.043990611254130535
5a8b10c655429949d91db49c::active_set_pack_b,5a8b10c655429949d91db49c,1.0,1.0,True,True,0.0716708670028776,0.05284190047497103
5ab3f9b95542992ade7c6f09::working_set_pack_a,5ab3f9b95542992ade7c6f09,0.875,0.875,False,False,0.2435130775575052,0.056724194518895835
5ab3f9b95542992ade7c6f09::active_set_pack_a,5ab3f9b95542992ade7c6f09,0.75,0.625,False,False,0.2435130775575052,0.054517997330857826
5ab3f9b95542992ade7c6f09::working_set_pack_b,5ab3f9b95542992ade7c6f09,0.875,0.875,False,False,0.2435130775575052,0.05694244657593923
5ab3f9b95542992ade7c6f09::active_set_pack_b,5ab3f9b95542992ade7c6f09,0.875,0.875,False,False,0.2435130775575052,0.05366700220978924
5ade45ed554299728e26c699::working_set_pack_a,5ade45ed554299728e26c699,0.875,0.75,False,False,0.06084431985971594,0.020661948845395475
5ade45ed554299728e26c699::active_set_pack_a,5ade45ed554299728e26c699,0.625,0.625,False,False,0.06084431985971594,0.022055812791409835
5ade45ed554299728e26c699::working_set_pack_b,5ade45ed554299728e26c699,1.0,1.0,True,True,0.06084431985971594,0.02935509479255103
5ade45ed554299728e26c699::active_set_pack_b,5ade45ed554299728e26c699,1.0,1.0,True,True,0.06084431985971594,0.021215347948722294
5adc432d55429944faac24a1::working_set_pack_a,5adc432d55429944faac24a1,1.0,1.0,True,True,0.33693053043077303,0.11582754334647409
5adc432d55429944faac24a1::active_set_pack_a,5adc432d55429944faac24a1,1.0,1.0,True,True,0.33693053043077303,0.11793823221353468
5adc432d55429944faac24a1::working_set_pack_b,5adc432d55429944faac24a1,1.0,1.0,True,True,0.33693053043077303,0.10461801488125026
5adc432d55429944faac24a1::active_set_pack_b,5adc432d55429944faac24a1,0.875,0.875,False,False,0.33693053043077303,0.06659607129446582
5adcf98255429947343537e9::working_set_pack_a,5adcf98255429947343537e9,0.75,0.625,False,False,0.07971586958061455,0.04141502716671098
5adcf98255429947343537e9::active_set_pack_a,5adcf98255429947343537e9,0.625,0.5,False,False,0.07971586958061455,0.039661591324528706
5adcf98255429947343537e9::working_set_pack_b,5adcf98255429947343537e9,0.875,0.625,False,False,0.07971586958061455,0.045676736089648465
5adcf98255429947343537e9::active_set_pack_b,5adcf98255429947343537e9,0.75,0.5,False,False,0.07971586958061455,0.045904620643520896
5ab285d0554299340b5254fa::working_set_pack_a,5ab285d0554299340b5254fa,0.875,0.875,False,False,0.20475482300358666,0.0639145154563053
5ab285d0554299340b5254fa::active_set_pack_a,5ab285d0554299340b5254fa,1.0,1.0,True,True,0.20475482300358666,0.101087549159988
5ab285d0554299340b5254fa::working_set_pack_b,5ab285d0554299340b5254fa,1.0,1.0,True,True,0.20475482300358666,0.07254142844257075
5ab285d0554299340b5254fa::active_set_pack_b,5ab285d0554299340b5254fa,0.875,1.0,False,True,0.20475482300358666,0.06772986905542505
5a7317535542994cef4bc450::working_set_pack_a,5a7317535542994cef4bc450,1.0,1.0,True,True,0.10690434726110665,0.063267828195087
5a7317535542994cef4bc450::active_set_pack_a,5a7317535542994cef4bc450,1.0,1.0,True,True,0.10690434726110665,0.06625561021800476
5a7317535542994cef4bc450::working_set_pack_b,5a7317535542994cef4bc450,1.0,1.0,True,True,0.10690434726110665,0.036928537451264225
5a7317535542994cef4bc450::active_set_pack_b,5a7317535542994cef4bc450,1.0,1.0,True,True,0.10690434726110665,0.08966752367745048
5a8d15b75542994ba4e3dbea::working_set_pack_a,5a8d15b75542994ba4e3dbea,1.0,0.875,True,False,0.01266951027920103,0.0
5a8d15b75542994ba4e3dbea::active_set_pack_a,5a8d15b75542994ba4e3dbea,1.0,0.75,True,False,0.01266951027920103,0.0
5a8d15b75542994ba4e3dbea::working_set_pack_b,5a8d15b75542994ba4e3dbea,1.0,1.0,True,True,0.01266951027920103,0.0
5a8d15b75542994ba4e3dbea::active_set_pack_b,5a8d15b75542994ba4e3dbea,1.0,1.0,True,True,0.01266951027920103,0.0
5a903a4855429933b8a204a9::working_set_pack_a,5a903a4855429933b8a204a9,1.0,1.0,True,True,0.14947768956572946,0.044922372742700376
5a903a4855429933b8a204a9::active_set_pack_a,5a903a4855429933b8a204a9,1.0,1.0,True,True,0.14947768956572946,0.0624075920222407
5a903a4855429933b8a204a9::working_set_pack_b,5a903a4855429933b8a204a9,1.0,1.0,True,True,0.14947768956572946,0.04333808880543451
5a903a4855429933b8a204a9::active_set_pack_b,5a903a4855429933b8a204a9,1.0,1.0,True,True,0.14947768956572946,0.04193970451998262
5abae247554299660624165c::working_set_pack_a,5abae247554299660624165c,1.0,1.0,True,True,0.06454105345330215,0.024889734484334437
5abae247554299660624165c::active_set_pack_a,5abae247554299660624165c,1.0,0.875,True,False,0.06454105345330215,0.01701912387002427
5abae247554299660624165c::working_set_pack_b,5abae247554299660624165c,1.0,1.0,True,True,0.06454105345330215,0.025236621570849806
5abae247554299660624165c::active_set_pack_b,5abae247554299660624165c,1.0,0.875,True,False,0.06454105345330215,0.032369116245848324
5a8113ca55429938b61422ab::working_set_pack_a,5a8113ca55429938b61422ab,0.875,0.75,False,False,0.1660100277271075,0.0
5a8113ca55429938b61422ab::active_set_pack_a,5a8113ca55429938b61422ab,1.0,1.0,True,True,0.1660100277271075,0.0
5a8113ca55429938b61422ab::working_set_pack_b,5a8113ca55429938b61422ab,1.0,1.0,True,True,0.1660100277271075,0.0
5a8113ca55429938b61422ab::active_set_pack_b,5a8113ca55429938b61422ab,0.875,0.875,False,False,0.1660100277271075,0.0
5abb1cc55542992ccd8e7f16::working_set_pack_a,5abb1cc55542992ccd8e7f16,1.0,1.0,True,True,0.2483896986019093,0.08487700163506934
5abb1cc55542992ccd8e7f16::active_set_pack_a,5abb1cc55542992ccd8e7f16,1.0,1.0,True,True,0.2483896986019093,0.07897059414012432
5abb1cc55542992ccd8e7f16::working_set_pack_b,5abb1cc55542992ccd8e7f16,1.0,1.0,True,True,0.2483896986019093,0.07110674565002024
5abb1cc55542992ccd8e7f16::active_set_pack_b,5abb1cc55542992ccd8e7f16,1.0,1.0,True,True,0.2483896986019093,0.06353446158625387
5a80df91554299260e20a198::working_set_pack_a,5a80df91554299260e20a198,0.875,0.875,False,False,0.1106517242705681,0.07323936910684677
5a80df91554299260e20a198::active_set_pack_a,5a80df91554299260e20a198,0.875,0.875,False,False,0.1106517242705681,0.0700033853516911
5a80df91554299260e20a198::working_set_pack_b,5a80df91554299260e20a198,1.0,1.0,True,True,0.1106517242705681,0.07269899947814322
5a80df91554299260e20a198::active_set_pack_b,5a80df91554299260e20a198,1.0,1.0,True,True,0.1106517242705681,0.04011020212761681
5a7d549f5542991319bc93ad::working_set_pack_a,5a7d549f5542991319bc93ad,0.875,0.875,False,False,0.06666612435518425,0.040372138152354346
5a7d549f5542991319bc93ad::active_set_pack_a,5a7d549f5542991319bc93ad,0.75,0.625,False,False,0.06666612435518425,0.031888556587313696
5a7d549f5542991319bc93ad::working_set_pack_b,5a7d549f5542991319bc93ad,1.0,1.0,True,True,0.06666612435518425,0.030542257897894314
5a7d549f5542991319bc93ad::active_set_pack_b,5a7d549f5542991319bc93ad,1.0,1.0,True,True,0.06666612435518425,0.03533125659699446
5ae68e9d55429908198fa60e::working_set_pack_a,5ae68e9d55429908198fa60e,1.0,1.0,True,True,0.1142694827853658,0.07869606866887856
5ae68e9d55429908198fa60e::active_set_pack_a,5ae68e9d55429908198fa60e,0.875,0.875,False,False,0.1142694827853658,0.07714102039942444
5ae68e9d55429908198fa60e::working_set_pack_b,5ae68e9d55429908198fa60e,1.0,1.0,True,True,0.1142694827853658,0.08058939273242444
5ae68e9d55429908198fa60e::active_set_pack_b,5ae68e9d55429908198fa60e,1.0,1.0,True,True,0.1142694827853658,0.08669895487662078
5a8285be55429966c78a6a41::working_set_pack_a,5a8285be55429966c78a6a41,1.0,1.0,True,True,0.23974748939532659,0.0652374286014659
5a8285be55429966c78a6a41::active_set_pack_a,5a8285be55429966c78a6a41,1.0,1.0,True,True,0.23974748939532659,0.04956035612207037
5a8285be55429966c78a6a41::working_set_pack_b,5a8285be55429966c78a6a41,1.0,1.0,True,True,0.23974748939532659,0.055040850781660586
5a8285be55429966c78a6a41::active_set_pack_b,5a8285be55429966c78a6a41,1.0,1.0,True,True,0.23974748939532659,0.05961552503024842
5a8e58cb5542990e94052ae0::working_set_pack_a,5a8e58cb5542990e94052ae0,1.0,1.0,True,True,0.2863421457814888,0.08845497513085836
5a8e58cb5542990e94052ae0::active_set_pack_a,5a8e58cb5542990e94052ae0,0.875,0.875,False,False,0.2863421457814888,0.05907651873395246
5a8e58cb5542990e94052ae0::working_set_pack_b,5a8e58cb5542990e94052ae0,1.0,1.0,True,True,0.2863421457814888,0.06930300116424336
5a8e58cb5542990e94052ae0::active_set_pack_b,5a8e58cb5542990e94052ae0,1.0,1.0,True,True,0.2863421457814888,0.07535710296947926
5a72d90d55429901807daf53::working_set_pack_a,5a72d90d55429901807daf53,1.0,1.0,True,True,0.18802600079379503,0.18438631644030645
5a72d90d55429901807daf53::active_set_pack_a,5a72d90d55429901807daf53,0.75,1.0,False,True,0.18802600079379503,0.17744942366633307
5a72d90d55429901807daf53::working_set_pack_b,5a72d90d55429901807daf53,1.0,1.0,True,True,0.18802600079379503,0.17285422818358043
5a72d90d55429901807daf53::active_set_pack_b,5a72d90d55429901807daf53,1.0,1.0,True,True,0.18802600079379503,0.18269080021463824
5ab6a327554299110f219a45::working_set_pack_a,5ab6a327554299110f219a45,1.0,0.75,True,False,0.12371727678420165,0.09567980421874285
5ab6a327554299110f219a45::active_set_pack_a,5ab6a327554299110f219a45,1.0,0.625,True,False,0.12371727678420165,0.0988026847154687
5ab6a327554299110f219a45::working_set_pack_b,5ab6a327554299110f219a45,1.0,1.0,True,True,0.12371727678420165,0.13078900795574513
5ab6a327554299110f219a45::active_set_pack_b,5ab6a327554299110f219a45,0.75,0.75,False,False,0.12371727678420165,0.11325288305452799
5adc0856554299438c868d0d::working_set_pack_a,5adc0856554299438c868d0d,1.0,1.0,True,True,0.3315390827968666,0.08084541273668643
5adc0856554299438c868d0d::active_set_pack_a,5adc0856554299438c868d0d,1.0,1.0,True,True,0.3315390827968666,0.0482858550929406
5adc0856554299438c868d0d::working_set_pack_b,5adc0856554299438c868d0d,1.0,1.0,True,True,0.3315390827968666,0.06556818758166387
5adc0856554299438c868d0d::active_set_pack_b,5adc0856554299438c868d0d,1.0,1.0,True,True,0.3315390827968666,0.045010033281301154
5a7fb04d55429969796c1b24::working_set_pack_a,5a7fb04d55429969796c1b24,0.875,0.875,False,False,0.13316431380634122,0.06608196102215604
5a7fb04d55429969796c1b24::active_set_pack_a,5a7fb04d55429969796c1b24,0.75,0.75,False,False,0.13316431380634122,0.07195076350826381
5a7fb04d55429969796c1b24::working_set_pack_b,5a7fb04d55429969796c1b24,0.875,0.875,False,False,0.13316431380634122,0.12908258909386772
5a7fb04d55429969796c1b24::active_set_pack_b,5a7fb04d55429969796c1b24,1.0,1.0,True,True,0.13316431380634122,0.06827800536108808
5a790e91554299078472779e::working_set_pack_a,5a790e91554299078472779e,1.0,0.875,True,False,0.15910000806613617,0.11998458203651922
5a790e91554299078472779e::active_set_pack_a,5a790e91554299078472779e,0.875,1.0,False,True,0.15910000806613617,0.13033225282278846
5a790e91554299078472779e::working_set_pack_b,5a790e91554299078472779e,0.875,0.875,False,False,0.15910000806613617,0.120498936494629
5a790e91554299078472779e::active_set_pack_b,5a790e91554299078472779e,1.0,0.875,True,False,0.15910000806613617,0.13716086496835228
5a759ce25542996c70cfaf0e::working_set_pack_a,5a759ce25542996c70cfaf0e,0.75,0.5,False,False,0.3413304033271975,0.08177583634707342
5a759ce25542996c70cfaf0e::active_set_pack_a,5a759ce25542996c70cfaf0e,0.875,0.5,False,False,0.3413304033271975,0.07374193423187009
5a759ce25542996c70cfaf0e::working_set_pack_b,5a759ce25542996c70cfaf0e,0.75,0.625,False,False,0.3413304033271975,0.0837423674781179
5a759ce25542996c70cfaf0e::active_set_pack_b,5a759ce25542996c70cfaf0e,0.875,0.5,False,False,0.3413304033271975,0.09103380776628492
5ae3e9995542995dadf24247::working_set_pack_a,5ae3e9995542995dadf24247,0.875,0.875,False,False,0.1967378885933403,0.04549222937082102
5ae3e9995542995dadf24247::active_set_pack_a,5ae3e9995542995dadf24247,1.0,0.625,True,False,0.1967378885933403,0.047227144214257055
5ae3e9995542995dadf24247::working_set_pack_b,5ae3e9995542995dadf24247,0.875,0.875,False,False,0.1967378885933403,0.04776958416296303
5ae3e9995542995dadf24247::active_set_pack_b,5ae3e9995542995dadf24247,1.0,1.0,True,True,0.1967378885933403,0.05996258708508695
5a73668e55429901807db02e::working_set_pack_a,5a73668e55429901807db02e,0.875,0.875,False,False,0.199750377236966,0.046927787050990766
5a73668e55429901807db02e::active_set_pack_a,5a73668e55429901807db02e,1.0,1.0,True,True,0.199750377236966,0.04448163596910848
5a73668e55429901807db02e::working_set_pack_b,5a73668e55429901807db02e,1.0,1.0,True,True,0.199750377236966,0.04712295125149668
5a73668e55429901807db02e::active_set_pack_b,5a73668e55429901807db02e,0.75,0.75,False,False,0.199750377236966,0.050998429077806336
5a8ba093554299240d9c203f::working_set_pack_a,5a8ba093554299240d9c203f,0.75,0.5,False,False,0.16659115789941603,0.05710493728892344
5a8ba093554299240d9c203f::active_set_pack_a,5a8ba093554299240d9c203f,0.75,0.5,False,False,0.16659115789941603,0.1098304063554649
5a8ba093554299240d9c203f::working_set_pack_b,5a8ba093554299240d9c203f,1.0,1.0,True,True,0.16659115789941603,0.11422501281190553
5a8ba093554299240d9c203f::active_set_pack_b,5a8ba093554299240d9c203f,0.875,0.875,False,False,0.16659115789941603,0.09743243926666888
5ab6ea2955429954757d33b8::working_set_pack_a,5ab6ea2955429954757d33b8,0.625,0.625,False,False,0.30532998145152174,0.04480411970121742
5ab6ea2955429954757d33b8::active_set_pack_a,5ab6ea2955429954757d33b8,0.875,0.75,False,False,0.30532998145152174,0.05281597912705465
5ab6ea2955429954757d33b8::working_set_pack_b,5ab6ea2955429954757d33b8,0.875,0.875,False,False,0.30532998145152174,0.06438345409851866
5ab6ea2955429954757d33b8::active_set_pack_b,5ab6ea2955429954757d33b8,0.875,0.875,False,False,0.30532998145152174,0.050775728697643165
5ac04545554299294b218f6a::working_set_pack_a,5ac04545554299294b218f6a,0.875,0.875,False,False,0.1451564407181601,0.05817138152966825
5ac04545554299294b218f6a::active_set_pack_a,5ac04545554299294b218f6a,0.875,0.75,False,False,0.1451564407181601,0.05172281611387421
5ac04545554299294b218f6a::working_set_pack_b,5ac04545554299294b218f6a,1.0,1.0,True,True,0.1451564407181601,0.05451210418217824
5ac04545554299294b218f6a::active_set_pack_b,5ac04545554299294b218f6a,1.0,1.0,True,True,0.1451564407181601,0.05644168411341402
5abba5e75542992ccd8e7f64::working_set_pack_a,5abba5e75542992ccd8e7f64,0.875,0.875,False,False,0.18240267857973996,0.05213837558723946
5abba5e75542992ccd8e7f64::active_set_pack_a,5abba5e75542992ccd8e7f64,0.875,0.875,False,False,0.18240267857973996,0.05649687403661742
5abba5e75542992ccd8e7f64::working_set_pack_b,5abba5e75542992ccd8e7f64,0.75,0.875,False,False,0.18240267857973996,0.04786962150451871
5abba5e75542992ccd8e7f64::active_set_pack_b,5abba5e75542992ccd8e7f64,1.0,1.0,True,True,0.18240267857973996,0.052889915922992956
5a764234554299109176e6e6::working_set_pack_a,5a764234554299109176e6e6,1.0,1.0,True,True,0.20236047242986965,0.06776121882147872
5a764234554299109176e6e6::active_set_pack_a,5a764234554299109176e6e6,1.0,1.0,True,True,0.20236047242986965,0.06923105662420158
5a764234554299109176e6e6::working_set_pack_b,5a764234554299109176e6e6,1.0,1.0,True,True,0.20236047242986965,0.07194116221553375
5a764234554299109176e6e6::active_set_pack_b,5a764234554299109176e6e6,1.0,1.0,True,True,0.20236047242986965,0.11308085583362379
5a8b21cb55429971feec4647::working_set_pack_a,5a8b21cb55429971feec4647,1.0,1.0,True,True,0.1933292954130444,0.06987238243275168
5a8b21cb55429971feec4647::active_set_pack_a,5a8b21cb55429971feec4647,1.0,1.0,True,True,0.1933292954130444,0.07885837407191693
5a8b21cb55429971feec4647::working_set_pack_b,5a8b21cb55429971feec4647,0.75,0.75,False,False,0.1933292954130444,0.05963484702409822
5a8b21cb55429971feec4647::active_set_pack_b,5a8b21cb55429971feec4647,0.875,0.875,False,False,0.1933292954130444,0.06429694666141625
5a8e8fc75542990e94052b57::working_set_pack_a,5a8e8fc75542990e94052b57,0.875,0.5,False,False,0.13470097253623545,0.04811821744783522
5a8e8fc75542990e94052b57::active_set_pack_a,5a8e8fc75542990e94052b57,0.75,0.5,False,False,0.13470097253623545,0.05158157152555755
5a8e8fc75542990e94052b57::working_set_pack_b,5a8e8fc75542990e94052b57,0.875,0.5,False,False,0.13470097253623545,0.04104787750464095
5a8e8fc75542990e94052b57::active_set_pack_b,5a8e8fc75542990e94052b57,1.0,0.5,True,False,0.13470097253623545,0.054864741682618325
5ae1d33a554299492dc91b9d::working_set_pack_a,5ae1d33a554299492dc91b9d,1.0,0.875,True,False,0.12891285368676447,0.04640568464950625
5ae1d33a554299492dc91b9d::active_set_pack_a,5ae1d33a554299492dc91b9d,1.0,1.0,True,True,0.12891285368676447,0.03787113881704435
5ae1d33a554299492dc91b9d::working_set_pack_b,5ae1d33a554299492dc91b9d,0.875,0.875,False,False,0.12891285368676447,0.048674642249460734
5ae1d33a554299492dc91b9d::active_set_pack_b,5ae1d33a554299492dc91b9d,1.0,0.875,True,False,0.12891285368676447,0.03646814168487893
5a81e73f554299676cceb14d::working_set_pack_a,5a81e73f554299676cceb14d,1.0,1.0,True,True,0.21891613634942625,0.07535381090541476
5a81e73f554299676cceb14d::active_set_pack_a,5a81e73f554299676cceb14d,1.0,1.0,True,True,0.21891613634942625,0.06382010522347736
5a81e73f554299676cceb14d::working_set_pack_b,5a81e73f554299676cceb14d,1.0,1.0,True,True,0.21891613634942625,0.041640187397978784
5a81e73f554299676cceb14d::active_set_pack_b,5a81e73f554299676cceb14d,1.0,1.0,True,True,0.21891613634942625,0.07256037058782812
5ae8256355429952e35eaa59::working_set_pack_a,5ae8256355429952e35eaa59,1.0,1.0,True,True,0.10019970046716418,0.07528405821482295
5ae8256355429952e35eaa59::active_set_pack_a,5ae8256355429952e35eaa59,1.0,1.0,True,True,0.10019970046716418,0.06466864015161804
5ae8256355429952e35eaa59::working_set_pack_b,5ae8256355429952e35eaa59,1.0,1.0,True,True,0.10019970046716418,0.05880489233613427
5ae8256355429952e35eaa59::active_set_pack_b,5ae8256355429952e35eaa59,1.0,1.0,True,True,0.10019970046716418,0.06595345921179258
5a827a9f55429940e5e1a8cf::working_set_pack_a,5a827a9f55429940e5e1a8cf,1.0,1.0,True,True,0.11116895724033307,0.07198374626543484
5a827a9f55429940e5e1a8cf::active_set_pack_a,5a827a9f55429940e5e1a8cf,1.0,1.0,True,True,0.11116895724033307,0.04733403289122667
5a827a9f55429940e5e1a8cf::working_set_pack_b,5a827a9f55429940e5e1a8cf,1.0,1.0,True,True,0.11116895724033307,0.0800350301125977
5a827a9f55429940e5e1a8cf::active_set_pack_b,5a827a9f55429940e5e1a8cf,1.0,1.0,True,True,0.11116895724033307,0.05754022702960758
5a8d32ae5542994ba4e3dc1d::working_set_pack_a,5a8d32ae5542994ba4e3dc1d,0.875,0.625,False,False,0.09875174788619562,0.05691236701832024
5a8d32ae5542994ba4e3dc1d::active_set_pack_a,5a8d32ae5542994ba4e3dc1d,0.75,0.75,False,False,0.09875174788619562,0.058233931148159127
5a8d32ae5542994ba4e3dc1d::working_set_pack_b,5a8d32ae5542994ba4e3dc1d,0.875,0.875,False,False,0.09875174788619562,0.06887773292907906
5a8d32ae5542994ba4e3dc1d::active_set_pack_b,5a8d32ae5542994ba4e3dc1d,0.875,0.875,False,False,0.09875174788619562,0.056763903565303475
5a8634195542991e771815ba::working_set_pack_a,5a8634195542991e771815ba,0.5,0.75,False,False,0.3749189090088798,0.06825380444854047
5a8634195542991e771815ba::active_set_pack_a,5a8634195542991e771815ba,1.0,0.875,True,False,0.3749189090088798,0.06679359108971465
5a8634195542991e771815ba::working_set_pack_b,5a8634195542991e771815ba,0.875,0.875,False,False,0.3749189090088798,0.06680380861573419
5a8634195542991e771815ba::active_set_pack_b,5a8634195542991e771815ba,0.75,0.75,False,False,0.3749189090088798,0.06895902595152646
5ae1fc135542997283cd2309::working_set_pack_a,5ae1fc135542997283cd2309,1.0,1.0,True,True,0.12830237508970566,0.06452774047669824
5ae1fc135542997283cd2309::active_set_pack_a,5ae1fc135542997283cd2309,1.0,1.0,True,True,0.12830237508970566,0.04660060838114967
5ae1fc135542997283cd2309::working_set_pack_b,5ae1fc135542997283cd2309,1.0,1.0,True,True,0.12830237508970566,0.06600559535984724
5ae1fc135542997283cd2309::active_set_pack_b,5ae1fc135542997283cd2309,1.0,1.0,True,True,0.12830237508970566,0.06819847313963592
5a8844135542994846c1ce77::working_set_pack_a,5a8844135542994846c1ce77,0.75,0.75,False,False,0.11492075812826616,0.09878094116670924
5a8844135542994846c1ce77::active_set_pack_a,5a8844135542994846c1ce77,0.75,0.875,False,False,0.11492075812826616,0.0711699960467771
5a8844135542994846c1ce77::working_set_pack_b,5a8844135542994846c1ce77,1.0,1.0,True,True,0.11492075812826616,0.05826243348728001
5a8844135542994846c1ce77::active_set_pack_b,5a8844135542994846c1ce77,1.0,1.0,True,True,0.11492075812826616,0.0700139229132548
5ac0d9e55542992a796ded92::working_set_pack_a,5ac0d9e55542992a796ded92,1.0,1.0,True,True,0.06755808447280989,0.042033426448233685
5ac0d9e55542992a796ded92::active_set_pack_a,5ac0d9e55542992a796ded92,1.0,1.0,True,True,0.06755808447280989,0.036971273640938634
5ac0d9e55542992a796ded92::working_set_pack_b,5ac0d9e55542992a796ded92,1.0,1.0,True,True,0.06755808447280989,0.032964238260581376
5ac0d9e55542992a796ded92::active_set_pack_b,5ac0d9e55542992a796ded92,1.0,1.0,True,True,0.06755808447280989,0.03562812271468417
5a8a30ad5542992d82986eec::working_set_pack_a,5a8a30ad5542992d82986eec,0.875,0.875,False,False,0.1400644858781143,0.06392342566562723
5a8a30ad5542992d82986eec::active_set_pack_a,5a8a30ad5542992d82986eec,1.0,1.0,True,True,0.1400644858781143,0.07407807417582564
5a8a30ad5542992d82986eec::working_set_pack_b,5a8a30ad5542992d82986eec,1.0,1.0,True,True,0.1400644858781143,0.05913808134253115
5a8a30ad5542992d82986eec::active_set_pack_b,5a8a30ad5542992d82986eec,0.875,0.75,False,False,0.1400644858781143,0.0533261135599248
5a8deeb455429917b4a5bce2::working_set_pack_a,5a8deeb455429917b4a5bce2,1.0,1.0,True,True,0.03397490835194073,0.0
5a8deeb455429917b4a5bce2::active_set_pack_a,5a8deeb455429917b4a5bce2,1.0,0.875,True,False,0.03397490835194073,0.0
5a8deeb455429917b4a5bce2::working_set_pack_b,5a8deeb455429917b4a5bce2,1.0,1.0,True,True,0.03397490835194073,0.0041801431689853395
5a8deeb455429917b4a5bce2::active_set_pack_b,5a8deeb455429917b4a5bce2,1.0,1.0,True,True,0.03397490835194073,0.0088868577043728
5a73035d5542992359bc31fd::working_set_pack_a,5a73035d5542992359bc31fd,1.0,1.0,True,True,0.08857208655011864,0.044797409670085185
5a73035d5542992359bc31fd::active_set_pack_a,5a73035d5542992359bc31fd,1.0,1.0,True,True,0.08857208655011864,0.05505759848694107
5a73035d5542992359bc31fd::working_set_pack_b,5a73035d5542992359bc31fd,1.0,1.0,True,True,0.08857208655011864,0.04686183208229745
5a73035d5542992359bc31fd::active_set_pack_b,5a73035d5542992359bc31fd,1.0,1.0,True,True,0.08857208655011864,0.043773674812113264
5ade4b7f55429939a52fe877::working_set_pack_a,5ade4b7f55429939a52fe877,1.0,1.0,True,True,0.3642054404493358,0.06886385097148934
5ade4b7f55429939a52fe877::active_set_pack_a,5ade4b7f55429939a52fe877,0.875,0.875,False,False,0.3642054404493358,0.07707960037359504
5ade4b7f55429939a52fe877::working_set_pack_b,5ade4b7f55429939a52fe877,0.875,0.875,False,False,0.3642054404493358,0.08587431667708974
5ade4b7f55429939a52fe877::active_set_pack_b,5ade4b7f55429939a52fe877,1.0,1.0,True,True,0.3642054404493358,0.08343633528179231
5a7bc8b1554299294a54aad0::working_set_pack_a,5a7bc8b1554299294a54aad0,1.0,1.0,True,True,0.007874738633677394,0.0011507838247384842
5a7bc8b1554299294a54aad0::active_set_pack_a,5a7bc8b1554299294a54aad0,1.0,0.875,True,False,0.007874738633677394,0.00212443366442161
5a7bc8b1554299294a54aad0::working_set_pack_b,5a7bc8b1554299294a54aad0,0.875,0.75,False,False,0.007874738633677394,0.0
5a7bc8b1554299294a54aad0::active_set_pack_b,5a7bc8b1554299294a54aad0,1.0,1.0,True,True,0.007874738633677394,0.0021623970203997404
5abc2e3d554299114383a0f6::working_set_pack_a,5abc2e3d554299114383a0f6,1.0,1.0,True,True,0.14096248650440557,0.06702800093523721
5abc2e3d554299114383a0f6::active_set_pack_a,5abc2e3d554299114383a0f6,0.875,0.875,False,False,0.14096248650440557,0.05421840920410097
5abc2e3d554299114383a0f6::working_set_pack_b,5abc2e3d554299114383a0f6,1.0,1.0,True,True,0.14096248650440557,0.049191343971969184
5abc2e3d554299114383a0f6::active_set_pack_b,5abc2e3d554299114383a0f6,1.0,1.0,True,True,0.14096248650440557,0.07583236719007247
5a7929cf554299029c4b5f12::working_set_pack_a,5a7929cf554299029c4b5f12,0.625,0.875,False,False,0.549640361585731,0.08698051897950333
5a7929cf554299029c4b5f12::active_set_pack_a,5a7929cf554299029c4b5f12,1.0,1.0,True,True,0.549640361585731,0.09033024427235022
5a7929cf554299029c4b5f12::working_set_pack_b,5a7929cf554299029c4b5f12,1.0,1.0,True,True,0.549640361585731,0.1001409109678489
5a7929cf554299029c4b5f12::active_set_pack_b,5a7929cf554299029c4b5f12,1.0,1.0,True,True,0.549640361585731,0.08642230754133877
5ab964ae5542996be20204c0::working_set_pack_a,5ab964ae5542996be20204c0,0.875,0.75,False,False,0.1867695912859769,0.0982914134034524
5ab964ae5542996be20204c0::active_set_pack_a,5ab964ae5542996be20204c0,0.75,0.75,False,False,0.1867695912859769,0.08902785632431132
5ab964ae5542996be20204c0::working_set_pack_b,5ab964ae5542996be20204c0,0.875,0.875,False,False,0.1867695912859769,0.08787673648051497
5ab964ae5542996be20204c0::active_set_pack_b,5ab964ae5542996be20204c0,0.625,0.625,False,False,0.1867695912859769,0.08974335548609352
5add44235542995b365faae2::working_set_pack_a,5add44235542995b365faae2,1.0,1.0,True,True,0.1450479936836046,0.04920948469689844
5add44235542995b365faae2::active_set_pack_a,5add44235542995b365faae2,1.0,1.0,True,True,0.1450479936836046,0.04462709432990803
5add44235542995b365faae2::working_set_pack_b,5add44235542995b365faae2,1.0,1.0,True,True,0.1450479936836046,0.05052236277315998
5add44235542995b365faae2::active_set_pack_b,5add44235542995b365faae2,1.0,1.0,True,True,0.1450479936836046,0.04033548046066947
5a8a662755429930ff3c0dc5::working_set_pack_a,5a8a662755429930ff3c0dc5,1.0,1.0,True,True,0.19614481152641133,0.02937701793202238
5a8a662755429930ff3c0dc5::active_set_pack_a,5a8a662755429930ff3c0dc5,0.875,0.875,False,False,0.19614481152641133,0.0
5a8a662755429930ff3c0dc5::working_set_pack_b,5a8a662755429930ff3c0dc5,0.875,0.75,False,False,0.19614481152641133,0.01614698293266774
5a8a662755429930ff3c0dc5::active_set_pack_b,5a8a662755429930ff3c0dc5,0.75,0.75,False,False,0.19614481152641133,0.012565471668110893
5ae750175542997b22f6a6b6::working_set_pack_a,5ae750175542997b22f6a6b6,1.0,1.0,True,True,0.3656209372387399,0.09912207136969835
5ae750175542997b22f6a6b6::active_set_pack_a,5ae750175542997b22f6a6b6,1.0,1.0,True,True,0.3656209372387399,0.06132074650692113
5ae750175542997b22f6a6b6::working_set_pack_b,5ae750175542997b22f6a6b6,1.0,1.0,True,True,0.3656209372387399,0.09234655556223276
5ae750175542997b22f6a6b6::active_set_pack_b,5ae750175542997b22f6a6b6,1.0,1.0,True,True,0.3656209372387399,0.08506482748598165
5a7794525542995d831811f3::working_set_pack_a,5a7794525542995d831811f3,1.0,1.0,True,True,0.11439309287201846,0.0359113048748584
5a7794525542995d831811f3::active_set_pack_a,5a7794525542995d831811f3,0.875,1.0,False,True,0.11439309287201846,0.04053296071222309
5a7794525542995d831811f3::working_set_pack_b,5a7794525542995d831811f3,1.0,1.0,True,True,0.11439309287201846,0.038452173005218436
5a7794525542995d831811f3::active_set_pack_b,5a7794525542995d831811f3,1.0,1.0,True,True,0.11439309287201846,0.0327427145664624
5ab542875542997d4ad1f0e1::working_set_pack_a,5ab542875542997d4ad1f0e1,1.0,0.5,True,False,0.13379502926094375,0.045670854477987896
5ab542875542997d4ad1f0e1::active_set_pack_a,5ab542875542997d4ad1f0e1,1.0,0.875,True,False,0.13379502926094375,0.047573258608183976
5ab542875542997d4ad1f0e1::working_set_pack_b,5ab542875542997d4ad1f0e1,1.0,0.875,True,False,0.13379502926094375,0.048047246815318356
5ab542875542997d4ad1f0e1::active_set_pack_b,5ab542875542997d4ad1f0e1,1.0,0.875,True,False,0.13379502926094375,0.04790794093355106
5ae1c9ea5542997f29b3c103::working_set_pack_a,5ae1c9ea5542997f29b3c103,1.0,1.0,True,True,0.2343818747994179,0.050784587305430076
5ae1c9ea5542997f29b3c103::active_set_pack_a,5ae1c9ea5542997f29b3c103,1.0,1.0,True,True,0.2343818747994179,0.050892389475246914
5ae1c9ea5542997f29b3c103::working_set_pack_b,5ae1c9ea5542997f29b3c103,1.0,1.0,True,True,0.2343818747994179,0.053015789648670444
5ae1c9ea5542997f29b3c103::active_set_pack_b,5ae1c9ea5542997f29b3c103,1.0,1.0,True,True,0.2343818747994179,0.05238560049756467
5ab61c7f554299710c8d1e64::working_set_pack_a,5ab61c7f554299710c8d1e64,1.0,0.875,True,False,0.044990977899818096,0.0
5ab61c7f554299710c8d1e64::active_set_pack_a,5ab61c7f554299710c8d1e64,0.75,0.75,False,False,0.044990977899818096,0.0
5ab61c7f554299710c8d1e64::working_set_pack_b,5ab61c7f554299710c8d1e64,1.0,1.0,True,True,0.044990977899818096,0.0
5ab61c7f554299710c8d1e64::active_set_pack_b,5ab61c7f554299710c8d1e64,1.0,1.0,True,True,0.044990977899818096,0.0
5a88b8e755429946c8d6e899::working_set_pack_a,5a88b8e755429946c8d6e899,1.0,1.0,True,True,0.0640094914291583,0.016731098580400734
5a88b8e755429946c8d6e899::active_set_pack_a,5a88b8e755429946c8d6e899,1.0,1.0,True,True,0.0640094914291583,0.02532958157877907
5a88b8e755429946c8d6e899::working_set_pack_b,5a88b8e755429946c8d6e899,1.0,1.0,True,True,0.0640094914291583,0.028557268718973437
5a88b8e755429946c8d6e899::active_set_pack_b,5a88b8e755429946c8d6e899,1.0,1.0,True,True,0.0640094914291583,0.042992694872299286
5ac3de5c5542995c82c4ac68::working_set_pack_a,5ac3de5c5542995c82c4ac68,1.0,1.0,True,True,0.1855662427007315,0.04280782010797802
5ac3de5c5542995c82c4ac68::active_set_pack_a,5ac3de5c5542995c82c4ac68,1.0,1.0,True,True,0.1855662427007315,0.04530256402618729
5ac3de5c5542995c82c4ac68::working_set_pack_b,5ac3de5c5542995c82c4ac68,1.0,1.0,True,True,0.1855662427007315,0.034438902042595164
5ac3de5c5542995c82c4ac68::active_set_pack_b,5ac3de5c5542995c82c4ac68,1.0,1.0,True,True,0.1855662427007315,0.03750372000266547
5aba7995554299232ef4a2e2::working_set_pack_a,5aba7995554299232ef4a2e2,1.0,1.0,True,True,0.06829081547385177,0.03130378556650581
5aba7995554299232ef4a2e2::active_set_pack_a,5aba7995554299232ef4a2e2,1.0,1.0,True,True,0.06829081547385177,0.02925164470065046
5aba7995554299232ef4a2e2::working_set_pack_b,5aba7995554299232ef4a2e2,1.0,1.0,True,True,0.06829081547385177,0.0350556605086346
5aba7995554299232ef4a2e2::active_set_pack_b,5aba7995554299232ef4a2e2,0.875,0.875,False,False,0.06829081547385177,0.02875111956569494
5a7db8d95542995ed0d16665::working_set_pack_a,5a7db8d95542995ed0d16665,0.875,0.875,False,False,0.2059140402294832,0.06867610865555297
5a7db8d95542995ed0d16665::active_set_pack_a,5a7db8d95542995ed0d16665,1.0,1.0,True,True,0.2059140402294832,0.06347982540781057
5a7db8d95542995ed0d16665::working_set_pack_b,5a7db8d95542995ed0d16665,1.0,1.0,True,True,0.2059140402294832,0.06070745411606546
5a7db8d95542995ed0d16665::active_set_pack_b,5a7db8d95542995ed0d16665,1.0,1.0,True,True,0.2059140402294832,0.06613855921118558
5ab488f85542990594ba9c58::working_set_pack_a,5ab488f85542990594ba9c58,1.0,1.0,True,True,0.08058287518506001,0.0
5ab488f85542990594ba9c58::active_set_pack_a,5ab488f85542990594ba9c58,0.875,1.0,False,True,0.08058287518506001,0.043942911685196276
5ab488f85542990594ba9c58::working_set_pack_b,5ab488f85542990594ba9c58,1.0,0.875,True,False,0.08058287518506001,0.07553093404272986
5ab488f85542990594ba9c58::active_set_pack_b,5ab488f85542990594ba9c58,1.0,0.875,True,False,0.08058287518506001,0.0
5a82a59855429940e5e1a909::working_set_pack_a,5a82a59855429940e5e1a909,1.0,1.0,True,True,0.2018951001306289,0.05236264615128936
5a82a59855429940e5e1a909::active_set_pack_a,5a82a59855429940e5e1a909,1.0,1.0,True,True,0.2018951001306289,0.04238197501076501
5a82a59855429940e5e1a909::working_set_pack_b,5a82a59855429940e5e1a909,0.875,0.875,False,False,0.2018951001306289,0.041991057347536054
5a82a59855429940e5e1a909::active_set_pack_b,5a82a59855429940e5e1a909,1.0,1.0,True,True,0.2018951001306289,0.05217905541194892
5a7e8a9c55429949594199fb::working_set_pack_a,5a7e8a9c55429949594199fb,1.0,0.75,True,False,0.43667656877986405,0.045601258759166
5a7e8a9c55429949594199fb::active_set_pack_a,5a7e8a9c55429949594199fb,1.0,1.0,True,True,0.43667656877986405,0.042984169754679294
5a7e8a9c55429949594199fb::working_set_pack_b,5a7e8a9c55429949594199fb,1.0,0.875,True,False,0.43667656877986405,0.03244672271083392
5a7e8a9c55429949594199fb::active_set_pack_b,5a7e8a9c55429949594199fb,1.0,1.0,True,True,0.43667656877986405,0.03660062387592181
5a8c94a25542995e66a47628::working_set_pack_a,5a8c94a25542995e66a47628,0.875,0.875,False,False,0.12015910338168508,0.03473472868154566
5a8c94a25542995e66a47628::active_set_pack_a,5a8c94a25542995e66a47628,1.0,1.0,True,True,0.12015910338168508,0.02996437940468587
5a8c94a25542995e66a47628::working_set_pack_b,5a8c94a25542995e66a47628,1.0,1.0,True,True,0.12015910338168508,0.02779637922808547
5a8c94a25542995e66a47628::active_set_pack_b,5a8c94a25542995e66a47628,1.0,1.0,True,True,0.12015910338168508,0.027510882555850172
5a7cbb6d554299452d57b9d2::working_set_pack_a,5a7cbb6d554299452d57b9d2,1.0,1.0,True,True,0.15038441730934582,0.058056470758457865
5a7cbb6d554299452d57b9d2::active_set_pack_a,5a7cbb6d554299452d57b9d2,1.0,0.875,True,False,0.15038441730934582,0.05315989778286546
5a7cbb6d554299452d57b9d2::working_set_pack_b,5a7cbb6d554299452d57b9d2,1.0,1.0,True,True,0.15038441730934582,0.103862602091147
5a7cbb6d554299452d57b9d2::active_set_pack_b,5a7cbb6d554299452d57b9d2,1.0,1.0,True,True,0.15038441730934582,0.05899388979200013
5ac2ac4d554299218029daf1::working_set_pack_a,5ac2ac4d554299218029daf1,1.0,1.0,True,True,0.13660668525952155,0.05170474375295424
5ac2ac4d554299218029daf1::active_set_pack_a,5ac2ac4d554299218029daf1,0.875,0.875,False,False,0.13660668525952155,0.05366340204155544
5ac2ac4d554299218029daf1::working_set_pack_b,5ac2ac4d554299218029daf1,0.875,0.875,False,False,0.13660668525952155,0.05334582067412826
5ac2ac4d554299218029daf1::active_set_pack_b,5ac2ac4d554299218029daf1,0.875,0.875,False,False,0.13660668525952155,0.05019116170269178
5a832ee355429954d2e2ec4d::working_set_pack_a,5a832ee355429954d2e2ec4d,1.0,1.0,True,True,0.22656865661935255,0.05234862597220636
5a832ee355429954d2e2ec4d::active_set_pack_a,5a832ee355429954d2e2ec4d,1.0,1.0,True,True,0.22656865661935255,0.05966674100942419
5a832ee355429954d2e2ec4d::working_set_pack_b,5a832ee355429954d2e2ec4d,1.0,1.0,True,True,0.22656865661935255,0.04392862158730487
5a832ee355429954d2e2ec4d::active_set_pack_b,5a832ee355429954d2e2ec4d,1.0,1.0,True,True,0.22656865661935255,0.05451912323381344
5abf82965542997719eab694::working_set_pack_a,5abf82965542997719eab694,1.0,1.0,True,True,0.23305625878572078,0.029576336280764854
5abf82965542997719eab694::active_set_pack_a,5abf82965542997719eab694,1.0,1.0,True,True,0.23305625878572078,0.039665707348330415
5abf82965542997719eab694::working_set_pack_b,5abf82965542997719eab694,1.0,1.0,True,True,0.23305625878572078,0.039826083075096316
5abf82965542997719eab694::active_set_pack_b,5abf82965542997719eab694,1.0,1.0,True,True,0.23305625878572078,0.03776159757176027
5a76c13555429937353601a0::working_set_pack_a,5a76c13555429937353601a0,1.0,1.0,True,True,0.09961493614462735,0.04293851754981397
5a76c13555429937353601a0::active_set_pack_a,5a76c13555429937353601a0,0.875,0.875,False,False,0.09961493614462735,0.051355514653223244
5a76c13555429937353601a0::working_set_pack_b,5a76c13555429937353601a0,1.0,1.0,True,True,0.09961493614462735,0.03736964346841487
5a76c13555429937353601a0::active_set_pack_b,5a76c13555429937353601a0,1.0,1.0,True,True,0.09961493614462735,0.05563257842808529
5adecc6355429975fa854f9c::working_set_pack_a,5adecc6355429975fa854f9c,1.0,1.0,True,True,0.22567507033265635,0.032651802734617666
5adecc6355429975fa854f9c::active_set_pack_a,5adecc6355429975fa854f9c,0.75,0.75,False,False,0.22567507033265635,0.028324919330829833
5adecc6355429975fa854f9c::working_set_pack_b,5adecc6355429975fa854f9c,0.875,0.875,False,False,0.22567507033265635,0.028110681050255125
5adecc6355429975fa854f9c::active_set_pack_b,5adecc6355429975fa854f9c,0.875,1.0,False,True,0.22567507033265635,0.02176580986689016
5abb89fc5542993f40c73b19::working_set_pack_a,5abb89fc5542993f40c73b19,1.0,0.875,True,False,0.1768794878226241,0.04802689794884494
5abb89fc5542993f40c73b19::active_set_pack_a,5abb89fc5542993f40c73b19,0.75,0.75,False,False,0.1768794878226241,0.055381848167128364
5abb89fc5542993f40c73b19::working_set_pack_b,5abb89fc5542993f40c73b19,1.0,1.0,True,True,0.1768794878226241,0.05865727767468958
5abb89fc5542993f40c73b19::active_set_pack_b,5abb89fc5542993f40c73b19,0.875,0.625,False,False,0.1768794878226241,0.06150861608368106
5aba8f7b55429901930fa832::working_set_pack_a,5aba8f7b55429901930fa832,1.0,1.0,True,True,0.11991176612488984,0.05588164837093918
5aba8f7b55429901930fa832::active_set_pack_a,5aba8f7b55429901930fa832,1.0,1.0,True,True,0.11991176612488984,0.04697771213509745
5aba8f7b55429901930fa832::working_set_pack_b,5aba8f7b55429901930fa832,1.0,1.0,True,True,0.11991176612488984,0.04397884435098928
5aba8f7b55429901930fa832::active_set_pack_b,5aba8f7b55429901930fa832,1.0,1.0,True,True,0.11991176612488984,0.04717966610567924
5ab413e55542996a3a969f1b::working_set_pack_a,5ab413e55542996a3a969f1b,0.625,0.625,False,False,0.2714875026226739,0.13657969727616406
5ab413e55542996a3a969f1b::active_set_pack_a,5ab413e55542996a3a969f1b,0.75,0.625,False,False,0.2714875026226739,0.10215417287840653
5ab413e55542996a3a969f1b::working_set_pack_b,5ab413e55542996a3a969f1b,0.875,0.875,False,False,0.2714875026226739,0.12852413972612584
5ab413e55542996a3a969f1b::active_set_pack_b,5ab413e55542996a3a969f1b,1.0,1.0,True,True,0.2714875026226739,0.11823040190234091
5a721dff55429971e9dc928c::working_set_pack_a,5a721dff55429971e9dc928c,1.0,1.0,True,True,0.10910539040504671,0.03608940228629916
5a721dff55429971e9dc928c::active_set_pack_a,5a721dff55429971e9dc928c,1.0,1.0,True,True,0.10910539040504671,0.035515621509524094
5a721dff55429971e9dc928c::working_set_pack_b,5a721dff55429971e9dc928c,1.0,1.0,True,True,0.10910539040504671,0.0275079840933226
5a721dff55429971e9dc928c::active_set_pack_b,5a721dff55429971e9dc928c,1.0,1.0,True,True,0.10910539040504671,0.03648797008677641
5ab395c4554299233954ff5a::working_set_pack_a,5ab395c4554299233954ff5a,1.0,1.0,True,True,0.16419388874077476,0.0441371800794325
5ab395c4554299233954ff5a::active_set_pack_a,5ab395c4554299233954ff5a,0.75,0.75,False,False,0.16419388874077476,0.03849432084551387
5ab395c4554299233954ff5a::working_set_pack_b,5ab395c4554299233954ff5a,0.875,0.875,False,False,0.16419388874077476,0.03345666690737409
5ab395c4554299233954ff5a::active_set_pack_b,5ab395c4554299233954ff5a,0.875,0.875,False,False,0.16419388874077476,0.03458472415526795
5ae33c6b5542992f92d82263::working_set_pack_a,5ae33c6b5542992f92d82263,1.0,1.0,True,True,0.0614230800090612,0.02345190563603374
5ae33c6b5542992f92d82263::active_set_pack_a,5ae33c6b5542992f92d82263,0.75,0.75,False,False,0.0614230800090612,0.0270549726677403
5ae33c6b5542992f92d82263::working_set_pack_b,5ae33c6b5542992f92d82263,0.875,0.875,False,False,0.0614230800090612,0.02333833155693768
5ae33c6b5542992f92d82263::active_set_pack_b,5ae33c6b5542992f92d82263,1.0,0.75,True,False,0.0614230800090612,0.019683763343274284
5ae2aa155542996483e64a23::working_set_pack_a,5ae2aa155542996483e64a23,1.0,1.0,True,True,0.21670944148693144,0.05348272667812601
5ae2aa155542996483e64a23::active_set_pack_a,5ae2aa155542996483e64a23,1.0,1.0,True,True,0.21670944148693144,0.08178386699324952
5ae2aa155542996483e64a23::working_set_pack_b,5ae2aa155542996483e64a23,1.0,1.0,True,True,0.21670944148693144,0.07420432213547155
5ae2aa155542996483e64a23::active_set_pack_b,5ae2aa155542996483e64a23,1.0,1.0,True,True,0.21670944148693144,0.05077808594600043
5ab8a17955429916710eb09e::working_set_pack_a,5ab8a17955429916710eb09e,0.875,0.625,False,False,0.15779486410016977,0.09278659702551056
5ab8a17955429916710eb09e::active_set_pack_a,5ab8a17955429916710eb09e,0.875,0.75,False,False,0.15779486410016977,0.1778190641245227
5ab8a17955429916710eb09e::working_set_pack_b,5ab8a17955429916710eb09e,0.75,0.75,False,False,0.15779486410016977,0.1280388172644596
5ab8a17955429916710eb09e::active_set_pack_b,5ab8a17955429916710eb09e,1.0,1.0,True,True,0.15779486410016977,0.1775396368039015
5a7bb84d554299294a54aaa1::working_set_pack_a,5a7bb84d554299294a54aaa1,1.0,1.0,True,True,0.10363942689694602,0.06388267385963395
5a7bb84d554299294a54aaa1::active_set_pack_a,5a7bb84d554299294a54aaa1,1.0,1.0,True,True,0.10363942689694602,0.06998590296801517
5a7bb84d554299294a54aaa1::working_set_pack_b,5a7bb84d554299294a54aaa1,1.0,1.0,True,True,0.10363942689694602,0.07331632864762685
5a7bb84d554299294a54aaa1::active_set_pack_b,5a7bb84d554299294a54aaa1,1.0,1.0,True,True,0.10363942689694602,0.03597012280080299
5adf97ae5542995534e8c800::working_set_pack_a,5adf97ae5542995534e8c800,1.0,0.875,True,False,0.1684302718109148,0.008545168324652302
5adf97ae5542995534e8c800::active_set_pack_a,5adf97ae5542995534e8c800,1.0,0.875,True,False,0.1684302718109148,0.0
5adf97ae5542995534e8c800::working_set_pack_b,5adf97ae5542995534e8c800,0.875,1.0,False,True,0.1684302718109148,0.0
5adf97ae5542995534e8c800::active_set_pack_b,5adf97ae5542995534e8c800,1.0,1.0,True,True,0.1684302718109148,0.008618606945893486
5ac3231a5542995ef918c11a::working_set_pack_a,5ac3231a5542995ef918c11a,0.75,0.75,False,False,0.1304839406834954,0.04095668504011203
5ac3231a5542995ef918c11a::active_set_pack_a,5ac3231a5542995ef918c11a,1.0,1.0,True,True,0.1304839406834954,0.0412544762763097
5ac3231a5542995ef918c11a::working_set_pack_b,5ac3231a5542995ef918c11a,1.0,0.875,True,False,0.1304839406834954,0.0490696079257886
5ac3231a5542995ef918c11a::active_set_pack_b,5ac3231a5542995ef918c11a,0.875,0.875,False,False,0.1304839406834954,0.048037691947325864
5a760de1554299109176e63c::working_set_pack_a,5a760de1554299109176e63c,1.0,1.0,True,True,0.24014867432162668,0.05329539680713411
5a760de1554299109176e63c::active_set_pack_a,5a760de1554299109176e63c,1.0,1.0,True,True,0.24014867432162668,0.06393996147716646
5a760de1554299109176e63c::working_set_pack_b,5a760de1554299109176e63c,1.0,1.0,True,True,0.24014867432162668,0.04917146040018126
5a760de1554299109176e63c::active_set_pack_b,5a760de1554299109176e63c,1.0,1.0,True,True,0.24014867432162668,0.05221217620013181
5ab31d43554299233954ff0e::working_set_pack_a,5ab31d43554299233954ff0e,1.0,1.0,True,True,0.11348431671534111,0.049444677536778
5ab31d43554299233954ff0e::active_set_pack_a,5ab31d43554299233954ff0e,1.0,1.0,True,True,0.11348431671534111,0.07089102894164888
5ab31d43554299233954ff0e::working_set_pack_b,5ab31d43554299233954ff0e,1.0,1.0,True,True,0.11348431671534111,0.05326090771052787
5ab31d43554299233954ff0e::active_set_pack_b,5ab31d43554299233954ff0e,1.0,1.0,True,True,0.11348431671534111,0.04108685772417536
5ab4330b55429942dd415edc::working_set_pack_a,5ab4330b55429942dd415edc,1.0,1.0,True,True,0.14806791556352117,0.05031794223790906
5ab4330b55429942dd415edc::active_set_pack_a,5ab4330b55429942dd415edc,0.75,0.5,False,False,0.14806791556352117,0.04779010767214659
5ab4330b55429942dd415edc::working_set_pack_b,5ab4330b55429942dd415edc,0.625,0.5,False,False,0.14806791556352117,0.042970848133102924
5ab4330b55429942dd415edc::active_set_pack_b,5ab4330b55429942dd415edc,0.875,0.5,False,False,0.14806791556352117,0.08042532620397982
5a7626bd554299109176e678::working_set_pack_a,5a7626bd554299109176e678,1.0,0.625,True,False,0.08406479560897823,0.041672354418903296
5a7626bd554299109176e678::active_set_pack_a,5a7626bd554299109176e678,0.75,0.75,False,False,0.08406479560897823,0.04436771954485983
5a7626bd554299109176e678::working_set_pack_b,5a7626bd554299109176e678,0.875,0.5,False,False,0.08406479560897823,0.052238615176094676
5a7626bd554299109176e678::active_set_pack_b,5a7626bd554299109176e678,1.0,0.5,True,False,0.08406479560897823,0.05037088568254183
5a7150665542994082a3e7bb::working_set_pack_a,5a7150665542994082a3e7bb,1.0,1.0,True,True,0.41007024426896577,0.04334137422212804
5a7150665542994082a3e7bb::active_set_pack_a,5a7150665542994082a3e7bb,1.0,1.0,True,True,0.41007024426896577,0.033727133780473935
5a7150665542994082a3e7bb::working_set_pack_b,5a7150665542994082a3e7bb,1.0,1.0,True,True,0.41007024426896577,0.03538815673590445
5a7150665542994082a3e7bb::active_set_pack_b,5a7150665542994082a3e7bb,0.875,0.75,False,False,0.41007024426896577,0.0388500751110268
5abe96e15542993f32c2a172::working_set_pack_a,5abe96e15542993f32c2a172,1.0,1.0,True,True,0.12291028109323791,0.05382733003128792
5abe96e15542993f32c2a172::active_set_pack_a,5abe96e15542993f32c2a172,1.0,1.0,True,True,0.12291028109323791,0.04865522384092866
5abe96e15542993f32c2a172::working_set_pack_b,5abe96e15542993f32c2a172,1.0,1.0,True,True,0.12291028109323791,0.04730555877019036
5abe96e15542993f32c2a172::active_set_pack_b,5abe96e15542993f32c2a172,0.875,0.875,False,False,0.12291028109323791,0.05586787481381174
5a8b3d1855429949d91db4fe::working_set_pack_a,5a8b3d1855429949d91db4fe,0.75,0.875,False,False,0.22681363954250167,0.21594905597058972
5a8b3d1855429949d91db4fe::active_set_pack_a,5a8b3d1855429949d91db4fe,0.875,0.875,False,False,0.22681363954250167,0.2330598457203626
5a8b3d1855429949d91db4fe::working_set_pack_b,5a8b3d1855429949d91db4fe,0.875,0.875,False,False,0.22681363954250167,0.21688574864769145
5a8b3d1855429949d91db4fe::active_set_pack_b,5a8b3d1855429949d91db4fe,1.0,1.0,True,True,0.22681363954250167,0.22894600991622852
5a804d725542995d8a8ddf60::working_set_pack_a,5a804d725542995d8a8ddf60,1.0,1.0,True,True,0.30627127489695016,0.04152670954081861
5a804d725542995d8a8ddf60::active_set_pack_a,5a804d725542995d8a8ddf60,1.0,1.0,True,True,0.30627127489695016,0.03666938743493098
5a804d725542995d8a8ddf60::working_set_pack_b,5a804d725542995d8a8ddf60,1.0,1.0,True,True,0.30627127489695016,0.054648743737149244
5a804d725542995d8a8ddf60::active_set_pack_b,5a804d725542995d8a8ddf60,1.0,1.0,True,True,0.30627127489695016,0.03700319398722286
5ab30cc755429976abd1bc3a::working_set_pack_a,5ab30cc755429976abd1bc3a,1.0,1.0,True,True,0.14111638654067846,0.022414246728840893
5ab30cc755429976abd1bc3a::active_set_pack_a,5ab30cc755429976abd1bc3a,1.0,1.0,True,True,0.14111638654067846,0.011154209520059286
5ab30cc755429976abd1bc3a::working_set_pack_b,5ab30cc755429976abd1bc3a,1.0,1.0,True,True,0.14111638654067846,0.011285726536573554
5ab30cc755429976abd1bc3a::active_set_pack_b,5ab30cc755429976abd1bc3a,1.0,1.0,True,True,0.14111638654067846,0.0
5a89eca455429946c8d6ea11::working_set_pack_a,5a89eca455429946c8d6ea11,1.0,1.0,True,True,0.2244677815123675,0.05306917037678925
5a89eca455429946c8d6ea11::active_set_pack_a,5a89eca455429946c8d6ea11,1.0,1.0,True,True,0.2244677815123675,0.06315650579470614
5a89eca455429946c8d6ea11::working_set_pack_b,5a89eca455429946c8d6ea11,1.0,1.0,True,True,0.2244677815123675,0.04881884621312997
5a89eca455429946c8d6ea11::active_set_pack_b,5a89eca455429946c8d6ea11,1.0,1.0,True,True,0.2244677815123675,0.05325987790515081
5abaf3385542996cc5e49f2f::working_set_pack_a,5abaf3385542996cc5e49f2f,0.875,0.875,False,False,0.28528608106653675,0.1189588170777773
5abaf3385542996cc5e49f2f::active_set_pack_a,5abaf3385542996cc5e49f2f,0.875,0.875,False,False,0.28528608106653675,0.09752829712701808
5abaf3385542996cc5e49f2f::working_set_pack_b,5abaf3385542996cc5e49f2f,0.875,0.875,False,False,0.28528608106653675,0.09835875264928264
5abaf3385542996cc5e49f2f::active_set_pack_b,5abaf3385542996cc5e49f2f,0.875,0.875,False,False,0.28528608106653675,0.08158733601815074
5ae55c2b5542992663a4f1e4::working_set_pack_a,5ae55c2b5542992663a4f1e4,1.0,1.0,True,True,0.2296047010055618,0.05575480811397756
5ae55c2b5542992663a4f1e4::active_set_pack_a,5ae55c2b5542992663a4f1e4,1.0,1.0,True,True,0.2296047010055618,0.04208751614959092
5ae55c2b5542992663a4f1e4::working_set_pack_b,5ae55c2b5542992663a4f1e4,0.75,0.75,False,False,0.2296047010055618,0.04631157045600337
5ae55c2b5542992663a4f1e4::active_set_pack_b,5ae55c2b5542992663a4f1e4,1.0,0.875,True,False,0.2296047010055618,0.04938077229978956
5a8ce61555429941ae14df36::working_set_pack_a,5a8ce61555429941ae14df36,1.0,1.0,True,True,0.13355061872443214,0.018066274529654796
5a8ce61555429941ae14df36::active_set_pack_a,5a8ce61555429941ae14df36,1.0,1.0,True,True,0.13355061872443214,0.018837720648730388
5a8ce61555429941ae14df36::working_set_pack_b,5a8ce61555429941ae14df36,1.0,1.0,True,True,0.13355061872443214,0.0
5a8ce61555429941ae14df36::active_set_pack_b,5a8ce61555429941ae14df36,1.0,1.0,True,True,0.13355061872443214,0.019064481686183903
5aba8365554299232ef4a319::working_set_pack_a,5aba8365554299232ef4a319,1.0,1.0,True,True,0.16953568941199176,0.06303804535592392
5aba8365554299232ef4a319::active_set_pack_a,5aba8365554299232ef4a319,1.0,1.0,True,True,0.16953568941199176,0.0706299707702316
5aba8365554299232ef4a319::working_set_pack_b,5aba8365554299232ef4a319,0.625,0.625,False,False,0.16953568941199176,0.06967074644454412
5aba8365554299232ef4a319::active_set_pack_b,5aba8365554299232ef4a319,0.75,0.625,False,False,0.16953568941199176,0.08342581035980447
5abcff77554299700f9d794f::working_set_pack_a,5abcff77554299700f9d794f,0.875,0.875,False,False,0.057361195604888296,0.03591851620916088
5abcff77554299700f9d794f::active_set_pack_a,5abcff77554299700f9d794f,1.0,1.0,True,True,0.057361195604888296,0.03630444525535848
5abcff77554299700f9d794f::working_set_pack_b,5abcff77554299700f9d794f,1.0,1.0,True,True,0.057361195604888296,0.05516757105962401
5abcff77554299700f9d794f::active_set_pack_b,5abcff77554299700f9d794f,1.0,1.0,True,True,0.057361195604888296,0.031147859168741715
5ab56b71554299637185c586::working_set_pack_a,5ab56b71554299637185c586,1.0,1.0,True,True,0.19340067245774661,0.068668762814024
5ab56b71554299637185c586::active_set_pack_a,5ab56b71554299637185c586,1.0,0.875,True,False,0.19340067245774661,0.17048920780784316
5ab56b71554299637185c586::working_set_pack_b,5ab56b71554299637185c586,1.0,1.0,True,True,0.19340067245774661,0.15530612249732412
5ab56b71554299637185c586::active_set_pack_b,5ab56b71554299637185c586,1.0,1.0,True,True,0.19340067245774661,0.0893436945704907
5a7ea5125542994959419a40::working_set_pack_a,5a7ea5125542994959419a40,1.0,1.0,True,True,0.43900232580016174,0.08380301637138826
5a7ea5125542994959419a40::active_set_pack_a,5a7ea5125542994959419a40,1.0,1.0,True,True,0.43900232580016174,0.07902267549096344
5a7ea5125542994959419a40::working_set_pack_b,5a7ea5125542994959419a40,1.0,1.0,True,True,0.43900232580016174,0.07405660278794024
5a7ea5125542994959419a40::active_set_pack_b,5a7ea5125542994959419a40,1.0,1.0,True,True,0.43900232580016174,0.0865089690018935
5ab90c2655429916710eb0ed::working_set_pack_a,5ab90c2655429916710eb0ed,0.75,0.75,False,False,0.20107405572915824,0.0695393051786152
5ab90c2655429916710eb0ed::active_set_pack_a,5ab90c2655429916710eb0ed,0.75,0.75,False,False,0.20107405572915824,0.0719698285796043
5ab90c2655429916710eb0ed::working_set_pack_b,5ab90c2655429916710eb0ed,1.0,0.75,True,False,0.20107405572915824,0.06650854600238615
5ab90c2655429916710eb0ed::active_set_pack_b,5ab90c2655429916710eb0ed,1.0,0.875,True,False,0.20107405572915824,0.06264302685430456
5abc2d7755429959677d6a29::working_set_pack_a,5abc2d7755429959677d6a29,1.0,1.0,True,True,0.15822224198894508,0.05052904420966188
5abc2d7755429959677d6a29::active_set_pack_a,5abc2d7755429959677d6a29,1.0,1.0,True,True,0.15822224198894508,0.040036701317887544
5abc2d7755429959677d6a29::working_set_pack_b,5abc2d7755429959677d6a29,1.0,1.0,True,True,0.15822224198894508,0.04469444185510147
5abc2d7755429959677d6a29::active_set_pack_b,5abc2d7755429959677d6a29,1.0,1.0,True,True,0.15822224198894508,0.04283133524212163
5a83143655429954d2e2ec0a::working_set_pack_a,5a83143655429954d2e2ec0a,1.0,1.0,True,True,0.08348171164079358,0.04471528893423776
5a83143655429954d2e2ec0a::active_set_pack_a,5a83143655429954d2e2ec0a,1.0,1.0,True,True,0.08348171164079358,0.055274133323261664
5a83143655429954d2e2ec0a::working_set_pack_b,5a83143655429954d2e2ec0a,1.0,1.0,True,True,0.08348171164079358,0.052035146898862905
5a83143655429954d2e2ec0a::active_set_pack_b,5a83143655429954d2e2ec0a,1.0,1.0,True,True,0.08348171164079358,0.06611217371804189
5ab691c5554299710c8d1ed3::working_set_pack_a,5ab691c5554299710c8d1ed3,1.0,1.0,True,True,0.20915148301195133,0.07035704544791038
5ab691c5554299710c8d1ed3::active_set_pack_a,5ab691c5554299710c8d1ed3,0.875,0.875,False,False,0.20915148301195133,0.06976592771620849
5ab691c5554299710c8d1ed3::working_set_pack_b,5ab691c5554299710c8d1ed3,1.0,1.0,True,True,0.20915148301195133,0.04793493111946749
5ab691c5554299710c8d1ed3::active_set_pack_b,5ab691c5554299710c8d1ed3,1.0,1.0,True,True,0.20915148301195133,0.042714878262774085
5a7528e75542996c70cfaea0::working_set_pack_a,5a7528e75542996c70cfaea0,1.0,1.0,True,True,0.281174556995073,0.12084360836700363
5a7528e75542996c70cfaea0::active_set_pack_a,5a7528e75542996c70cfaea0,1.0,1.0,True,True,0.281174556995073,0.1126149563683844
5a7528e75542996c70cfaea0::working_set_pack_b,5a7528e75542996c70cfaea0,1.0,1.0,True,True,0.281174556995073,0.10298235617781046
5a7528e75542996c70cfaea0::active_set_pack_b,5a7528e75542996c70cfaea0,1.0,1.0,True,True,0.281174556995073,0.1391816124917005
5ab4280b554299233955003a::working_set_pack_a,5ab4280b554299233955003a,1.0,1.0,True,True,0.26488317379055615,0.03315387405123171
5ab4280b554299233955003a::active_set_pack_a,5ab4280b554299233955003a,1.0,1.0,True,True,0.26488317379055615,0.045315953299675346
5ab4280b554299233955003a::working_set_pack_b,5ab4280b554299233955003a,1.0,1.0,True,True,0.26488317379055615,0.0329882021411708
5ab4280b554299233955003a::active_set_pack_b,5ab4280b554299233955003a,1.0,1.0,True,True,0.26488317379055615,0.049722400468630475
5ae3916d5542994393b9e708::working_set_pack_a,5ae3916d5542994393b9e708,1.0,1.0,True,True,0.6442251002273744,0.042194542886333175
5ae3916d5542994393b9e708::active_set_pack_a,5ae3916d5542994393b9e708,1.0,1.0,True,True,0.6442251002273744,0.0508252083033383
5ae3916d5542994393b9e708::working_set_pack_b,5ae3916d5542994393b9e708,1.0,1.0,True,True,0.6442251002273744,0.05374106772062229
5ae3916d5542994393b9e708::active_set_pack_b,5ae3916d5542994393b9e708,1.0,1.0,True,True,0.6442251002273744,0.044469452274702295
5adc32805542994650320cad::working_set_pack_a,5adc32805542994650320cad,0.75,0.75,False,False,0.06654919043198217,0.015660605386215404
5adc32805542994650320cad::active_set_pack_a,5adc32805542994650320cad,0.75,0.625,False,False,0.06654919043198217,0.0
5adc32805542994650320cad::working_set_pack_b,5adc32805542994650320cad,0.625,0.75,False,False,0.06654919043198217,0.015734699300738883
5adc32805542994650320cad::active_set_pack_b,5adc32805542994650320cad,0.75,0.5,False,False,0.06654919043198217,0.0
5a7a1bb25542996a35c170d2::working_set_pack_a,5a7a1bb25542996a35c170d2,1.0,0.75,True,False,0.10424730689813427,0.03636556988420991
5a7a1bb25542996a35c170d2::active_set_pack_a,5a7a1bb25542996a35c170d2,1.0,0.625,True,False,0.10424730689813427,0.0716575674358872
5a7a1bb25542996a35c170d2::working_set_pack_b,5a7a1bb25542996a35c170d2,1.0,0.75,True,False,0.10424730689813427,0.0658983080017545
5a7a1bb25542996a35c170d2::active_set_pack_b,5a7a1bb25542996a35c170d2,0.875,0.875,False,False,0.10424730689813427,0.06678846769265123
5adc36475542996e685252e1::working_set_pack_a,5adc36475542996e685252e1,1.0,1.0,True,True,0.3660183209645128,0.17790999885486145
5adc36475542996e685252e1::active_set_pack_a,5adc36475542996e685252e1,1.0,1.0,True,True,0.3660183209645128,0.16723736600658626
5adc36475542996e685252e1::working_set_pack_b,5adc36475542996e685252e1,0.75,0.625,False,False,0.3660183209645128,0.11725846697735921
5adc36475542996e685252e1::active_set_pack_b,5adc36475542996e685252e1,1.0,1.0,True,True,0.3660183209645128,0.1430831596448872
5a7af39755429931da12c99d::working_set_pack_a,5a7af39755429931da12c99d,0.625,0.75,False,False,0.0840486051150103,0.05033111329815512
5a7af39755429931da12c99d::active_set_pack_a,5a7af39755429931da12c99d,0.875,0.625,False,False,0.0840486051150103,0.04266978432249591
5a7af39755429931da12c99d::working_set_pack_b,5a7af39755429931da12c99d,1.0,0.875,True,False,0.0840486051150103,0.04117440260489062
5a7af39755429931da12c99d::active_set_pack_b,5a7af39755429931da12c99d,0.875,0.875,False,False,0.0840486051150103,0.04190957271605955
5ade2af055429939a52fe84b::working_set_pack_a,5ade2af055429939a52fe84b,1.0,1.0,True,True,0.5898330035193937,0.051820573405630004
5ade2af055429939a52fe84b::active_set_pack_a,5ade2af055429939a52fe84b,1.0,1.0,True,True,0.5898330035193937,0.05821888698785667
5ade2af055429939a52fe84b::working_set_pack_b,5ade2af055429939a52fe84b,1.0,1.0,True,True,0.5898330035193937,0.039783854799435234
5ade2af055429939a52fe84b::active_set_pack_b,5ade2af055429939a52fe84b,1.0,1.0,True,True,0.5898330035193937,0.05242951348749339
5ab907c555429916710eb0e3::working_set_pack_a,5ab907c555429916710eb0e3,1.0,1.0,True,True,0.11745733017671553,0.07645030109799372
5ab907c555429916710eb0e3::active_set_pack_a,5ab907c555429916710eb0e3,1.0,1.0,True,True,0.11745733017671553,0.05116974630216688
5ab907c555429916710eb0e3::working_set_pack_b,5ab907c555429916710eb0e3,1.0,1.0,True,True,0.11745733017671553,0.07781164687685659
5ab907c555429916710eb0e3::active_set_pack_b,5ab907c555429916710eb0e3,1.0,1.0,True,True,0.11745733017671553,0.07218541622455708
5a73630855429901807db021::working_set_pack_a,5a73630855429901807db021,0.875,1.0,False,True,0.17472352750431913,0.04434540708618439
5a73630855429901807db021::active_set_pack_a,5a73630855429901807db021,1.0,1.0,True,True,0.17472352750431913,0.040375468028744685
5a73630855429901807db021::working_set_pack_b,5a73630855429901807db021,1.0,1.0,True,True,0.17472352750431913,0.038794654226012415
5a73630855429901807db021::active_set_pack_b,5a73630855429901807db021,1.0,1.0,True,True,0.17472352750431913,0.04391622003379348
5abae0265542996cc5e49ec3::working_set_pack_a,5abae0265542996cc5e49ec3,1.0,1.0,True,True,0.1943611432795183,0.045163022194940956
5abae0265542996cc5e49ec3::active_set_pack_a,5abae0265542996cc5e49ec3,1.0,1.0,True,True,0.1943611432795183,0.04321967845425727
5abae0265542996cc5e49ec3::working_set_pack_b,5abae0265542996cc5e49ec3,1.0,1.0,True,True,0.1943611432795183,0.05243147897204003
5abae0265542996cc5e49ec3::active_set_pack_b,5abae0265542996cc5e49ec3,1.0,1.0,True,True,0.1943611432795183,0.04818466343945629
5ae061705542993d6555eb26::working_set_pack_a,5ae061705542993d6555eb26,0.875,0.875,False,False,0.11828842102665997,0.031081707613269102
5ae061705542993d6555eb26::active_set_pack_a,5ae061705542993d6555eb26,1.0,1.0,True,True,0.11828842102665997,0.036621532122707856
5ae061705542993d6555eb26::working_set_pack_b,5ae061705542993d6555eb26,1.0,1.0,True,True,0.11828842102665997,0.050970062447427036
5ae061705542993d6555eb26::active_set_pack_b,5ae061705542993d6555eb26,1.0,1.0,True,True,0.11828842102665997,0.03747700418865568
5a835bb5554299123d8c2102::working_set_pack_a,5a835bb5554299123d8c2102,1.0,1.0,True,True,0.0754081205235691,0.037616230189272154
5a835bb5554299123d8c2102::active_set_pack_a,5a835bb5554299123d8c2102,1.0,1.0,True,True,0.0754081205235691,0.03920735652162134
5a835bb5554299123d8c2102::working_set_pack_b,5a835bb5554299123d8c2102,1.0,1.0,True,True,0.0754081205235691,0.05227375183049748
5a835bb5554299123d8c2102::active_set_pack_b,5a835bb5554299123d8c2102,1.0,1.0,True,True,0.0754081205235691,0.034970519601027525
5ae05c3155429924de1b70b0::working_set_pack_a,5ae05c3155429924de1b70b0,0.875,0.875,False,False,0.0763644199227568,0.030912675835757505
5ae05c3155429924de1b70b0::active_set_pack_a,5ae05c3155429924de1b70b0,1.0,1.0,True,True,0.0763644199227568,0.03266127872300241
5ae05c3155429924de1b70b0::working_set_pack_b,5ae05c3155429924de1b70b0,1.0,1.0,True,True,0.0763644199227568,0.031188180290584518
5ae05c3155429924de1b70b0::active_set_pack_b,5ae05c3155429924de1b70b0,1.0,1.0,True,True,0.0763644199227568,0.02928441925723223
5ae225fb554299234fd043f8::working_set_pack_a,5ae225fb554299234fd043f8,0.75,0.75,False,False,0.056427771697967616,0.04329736854363753
5ae225fb554299234fd043f8::active_set_pack_a,5ae225fb554299234fd043f8,0.875,1.0,False,True,0.056427771697967616,0.028070942891944367
5ae225fb554299234fd043f8::working_set_pack_b,5ae225fb554299234fd043f8,1.0,0.875,True,False,0.056427771697967616,0.05263316330707925
5ae225fb554299234fd043f8::active_set_pack_b,5ae225fb554299234fd043f8,0.75,0.625,False,False,0.056427771697967616,0.02681035683471404
5ae513225542993aec5ec12e::working_set_pack_a,5ae513225542993aec5ec12e,0.875,0.875,False,False,0.14733887489842806,0.057922478945604296
5ae513225542993aec5ec12e::active_set_pack_a,5ae513225542993aec5ec12e,1.0,1.0,True,True,0.14733887489842806,0.07212484713602203
5ae513225542993aec5ec12e::working_set_pack_b,5ae513225542993aec5ec12e,1.0,1.0,True,True,0.14733887489842806,0.046104712983429955
5ae513225542993aec5ec12e::active_set_pack_b,5ae513225542993aec5ec12e,0.875,0.875,False,False,0.14733887489842806,0.06611785961156968
5abd0749554299700f9d796f::working_set_pack_a,5abd0749554299700f9d796f,1.0,1.0,True,True,0.08681177481222738,0.04906200788358666
5abd0749554299700f9d796f::active_set_pack_a,5abd0749554299700f9d796f,1.0,1.0,True,True,0.08681177481222738,0.05927568459698429
5abd0749554299700f9d796f::working_set_pack_b,5abd0749554299700f9d796f,1.0,1.0,True,True,0.08681177481222738,0.04939667389516115
5abd0749554299700f9d796f::active_set_pack_b,5abd0749554299700f9d796f,1.0,0.875,True,False,0.08681177481222738,0.05907231967830352
5a8a28505542996c9b8d5e22::working_set_pack_a,5a8a28505542996c9b8d5e22,0.75,0.75,False,False,0.03148892929283754,0.0
5a8a28505542996c9b8d5e22::active_set_pack_a,5a8a28505542996c9b8d5e22,0.75,0.625,False,False,0.03148892929283754,0.0
5a8a28505542996c9b8d5e22::working_set_pack_b,5a8a28505542996c9b8d5e22,0.625,0.5,False,False,0.03148892929283754,0.0
5a8a28505542996c9b8d5e22::active_set_pack_b,5a8a28505542996c9b8d5e22,0.875,0.875,False,False,0.03148892929283754,0.0
5a727bb95542991f9a20c48d::working_set_pack_a,5a727bb95542991f9a20c48d,0.75,0.75,False,False,0.25330159692703685,0.06040625747705361
5a727bb95542991f9a20c48d::active_set_pack_a,5a727bb95542991f9a20c48d,0.625,0.5,False,False,0.25330159692703685,0.06523796074800128
5a727bb95542991f9a20c48d::working_set_pack_b,5a727bb95542991f9a20c48d,0.75,0.75,False,False,0.25330159692703685,0.06448328924052724
5a727bb95542991f9a20c48d::active_set_pack_b,5a727bb95542991f9a20c48d,1.0,1.0,True,True,0.25330159692703685,0.06914274169037629
5ae754725542995703ce8bf2::working_set_pack_a,5ae754725542995703ce8bf2,1.0,1.0,True,True,0.43379399122784346,0.050761713668734186
5ae754725542995703ce8bf2::active_set_pack_a,5ae754725542995703ce8bf2,1.0,1.0,True,True,0.43379399122784346,0.05517126990066184
5ae754725542995703ce8bf2::working_set_pack_b,5ae754725542995703ce8bf2,1.0,1.0,True,True,0.43379399122784346,0.06440875324874042
5ae754725542995703ce8bf2::active_set_pack_b,5ae754725542995703ce8bf2,1.0,1.0,True,True,0.43379399122784346,0.04266202655623548
5a740aa955429974ef308ba3::working_set_pack_a,5a740aa955429974ef308ba3,0.625,0.625,False,False,0.27455954298132595,0.10257618433078708
5a740aa955429974ef308ba3::active_set_pack_a,5a740aa955429974ef308ba3,0.75,0.5,False,False,0.27455954298132595,0.09632976445775787
5a740aa955429974ef308ba3::working_set_pack_b,5a740aa955429974ef308ba3,0.875,0.625,False,False,0.27455954298132595,0.0905799250736893
5a740aa955429974ef308ba3::active_set_pack_b,5a740aa955429974ef308ba3,0.875,0.875,False,False,0.27455954298132595,0.11764340545239338
5ae331f955429928c423966f::working_set_pack_a,5ae331f955429928c423966f,1.0,1.0,True,True,0.21937910988197054,0.03458812992410621
5ae331f955429928c423966f::active_set_pack_a,5ae331f955429928c423966f,1.0,1.0,True,True,0.21937910988197054,0.049547234041947365
5ae331f955429928c423966f::working_set_pack_b,5ae331f955429928c423966f,1.0,1.0,True,True,0.21937910988197054,0.042604481903278105
5ae331f955429928c423966f::active_set_pack_b,5ae331f955429928c423966f,1.0,1.0,True,True,0.21937910988197054,0.038252831591193075
5ade4e43554299728e26c6bb::working_set_pack_a,5ade4e43554299728e26c6bb,1.0,1.0,True,True,0.17409316895955843,0.055959526162193546
5ade4e43554299728e26c6bb::active_set_pack_a,5ade4e43554299728e26c6bb,1.0,1.0,True,True,0.17409316895955843,0.051280405700192266
5ade4e43554299728e26c6bb::working_set_pack_b,5ade4e43554299728e26c6bb,1.0,1.0,True,True,0.17409316895955843,0.043440855604839845
5ade4e43554299728e26c6bb::active_set_pack_b,5ade4e43554299728e26c6bb,1.0,1.0,True,True,0.17409316895955843,0.033878627105996165
5ac25c4a55429951e9e6857f::working_set_pack_a,5ac25c4a55429951e9e6857f,1.0,1.0,True,True,0.10270231040503432,0.08891878957494552
5ac25c4a55429951e9e6857f::active_set_pack_a,5ac25c4a55429951e9e6857f,1.0,1.0,True,True,0.10270231040503432,0.06841626398145129
5ac25c4a55429951e9e6857f::working_set_pack_b,5ac25c4a55429951e9e6857f,1.0,1.0,True,True,0.10270231040503432,0.08501776095853085
5ac25c4a55429951e9e6857f::active_set_pack_b,5ac25c4a55429951e9e6857f,1.0,1.0,True,True,0.10270231040503432,0.08257876022808608
5ae79c2b5542993210983eae::working_set_pack_a,5ae79c2b5542993210983eae,0.75,0.875,False,False,0.32996823550125465,0.08335433861886965
5ae79c2b5542993210983eae::active_set_pack_a,5ae79c2b5542993210983eae,0.875,0.75,False,False,0.32996823550125465,0.0662949161487236
5ae79c2b5542993210983eae::working_set_pack_b,5ae79c2b5542993210983eae,0.875,0.875,False,False,0.32996823550125465,0.07189497078284858
5ae79c2b5542993210983eae::active_set_pack_b,5ae79c2b5542993210983eae,0.75,0.75,False,False,0.32996823550125465,0.10202473187714559
5a73e07655429905862fe0ea::working_set_pack_a,5a73e07655429905862fe0ea,1.0,1.0,True,True,0.11440495891464993,0.04593803684747215
5a73e07655429905862fe0ea::active_set_pack_a,5a73e07655429905862fe0ea,1.0,1.0,True,True,0.11440495891464993,0.07115463027364613
5a73e07655429905862fe0ea::working_set_pack_b,5a73e07655429905862fe0ea,1.0,1.0,True,True,0.11440495891464993,0.06712520641225045
5a73e07655429905862fe0ea::active_set_pack_b,5a73e07655429905862fe0ea,1.0,1.0,True,True,0.11440495891464993,0.041733312900154286
5a8885b4554299206df2b2e4::working_set_pack_a,5a8885b4554299206df2b2e4,1.0,1.0,True,True,0.0892328495574477,0.05243096582713642
5a8885b4554299206df2b2e4::active_set_pack_a,5a8885b4554299206df2b2e4,0.75,0.75,False,False,0.0892328495574477,0.052069041205797195
5a8885b4554299206df2b2e4::working_set_pack_b,5a8885b4554299206df2b2e4,1.0,1.0,True,True,0.0892328495574477,0.058734540990625556
5a8885b4554299206df2b2e4::active_set_pack_b,5a8885b4554299206df2b2e4,1.0,1.0,True,True,0.0892328495574477,0.060868651419835385
5a7d20b055429909bec76973::working_set_pack_a,5a7d20b055429909bec76973,0.75,0.5,False,False,0.06090725666729569,0.01646541318297081
5a7d20b055429909bec76973::active_set_pack_a,5a7d20b055429909bec76973,0.625,0.625,False,False,0.06090725666729569,0.050237253464261666
5a7d20b055429909bec76973::working_set_pack_b,5a7d20b055429909bec76973,0.625,0.625,False,False,0.06090725666729569,0.030280958912171203
5a7d20b055429909bec76973::active_set_pack_b,5a7d20b055429909bec76973,0.875,0.75,False,False,0.06090725666729569,0.03547579964498938
5a793e77554299029c4b5f36::working_set_pack_a,5a793e77554299029c4b5f36,1.0,1.0,True,True,0.15359150681247466,0.03973526355427773
5a793e77554299029c4b5f36::active_set_pack_a,5a793e77554299029c4b5f36,1.0,1.0,True,True,0.15359150681247466,0.03549965546324333
5a793e77554299029c4b5f36::working_set_pack_b,5a793e77554299029c4b5f36,1.0,1.0,True,True,0.15359150681247466,0.048487191396869245
5a793e77554299029c4b5f36::active_set_pack_b,5a793e77554299029c4b5f36,1.0,1.0,True,True,0.15359150681247466,0.0423155693841993
5a8906515542993b751ca8f0::working_set_pack_a,5a8906515542993b751ca8f0,1.0,1.0,True,True,0.06863592861971517,0.04395919374381958
5a8906515542993b751ca8f0::active_set_pack_a,5a8906515542993b751ca8f0,1.0,1.0,True,True,0.06863592861971517,0.032824188977451006
5a8906515542993b751ca8f0::working_set_pack_b,5a8906515542993b751ca8f0,1.0,1.0,True,True,0.06863592861971517,0.024186618840157083
5a8906515542993b751ca8f0::active_set_pack_b,5a8906515542993b751ca8f0,1.0,1.0,True,True,0.06863592861971517,0.03694449336523221
5adf6abe5542993344016c8c::working_set_pack_a,5adf6abe5542993344016c8c,1.0,1.0,True,True,0.2292476752082852,0.0585166293979183
5adf6abe5542993344016c8c::active_set_pack_a,5adf6abe5542993344016c8c,1.0,1.0,True,True,0.2292476752082852,0.0639650980237082
5adf6abe5542993344016c8c::working_set_pack_b,5adf6abe5542993344016c8c,0.875,0.875,False,False,0.2292476752082852,0.06554969411652067
5adf6abe5542993344016c8c::active_set_pack_b,5adf6abe5542993344016c8c,1.0,1.0,True,True,0.2292476752082852,0.05077943618063176
5ab51c455542990594ba9d0a::working_set_pack_a,5ab51c455542990594ba9d0a,1.0,1.0,True,True,0.13818063486659876,0.10445557810978713
5ab51c455542990594ba9d0a::active_set_pack_a,5ab51c455542990594ba9d0a,1.0,1.0,True,True,0.13818063486659876,0.10624563057624567
5ab51c455542990594ba9d0a::working_set_pack_b,5ab51c455542990594ba9d0a,1.0,1.0,True,True,0.13818063486659876,0.11790556318305416
5ab51c455542990594ba9d0a::active_set_pack_b,5ab51c455542990594ba9d0a,1.0,1.0,True,True,0.13818063486659876,0.1026588509955491
5ae12f915542997b2ef7d11f::working_set_pack_a,5ae12f915542997b2ef7d11f,1.0,1.0,True,True,0.24209524438938904,0.04504427276670378
5ae12f915542997b2ef7d11f::active_set_pack_a,5ae12f915542997b2ef7d11f,1.0,1.0,True,True,0.24209524438938904,0.05753534330517071
5ae12f915542997b2ef7d11f::working_set_pack_b,5ae12f915542997b2ef7d11f,1.0,1.0,True,True,0.24209524438938904,0.0657334014801951
5ae12f915542997b2ef7d11f::active_set_pack_b,5ae12f915542997b2ef7d11f,1.0,1.0,True,True,0.24209524438938904,0.050495179903213755
5adbdb8955429944faac2389::working_set_pack_a,5adbdb8955429944faac2389,1.0,1.0,True,True,0.2053976395433189,0.06256129906453947
5adbdb8955429944faac2389::active_set_pack_a,5adbdb8955429944faac2389,1.0,1.0,True,True,0.2053976395433189,0.031036202980283867
5adbdb8955429944faac2389::working_set_pack_b,5adbdb8955429944faac2389,1.0,1.0,True,True,0.2053976395433189,0.04161395077523485
5adbdb8955429944faac2389::active_set_pack_b,5adbdb8955429944faac2389,1.0,1.0,True,True,0.2053976395433189,0.041549198748715085
5a74a7bf55429929fddd8494::working_set_pack_a,5a74a7bf55429929fddd8494,0.875,1.0,False,True,0.09550558509485758,0.07502759551384912
5a74a7bf55429929fddd8494::active_set_pack_a,5a74a7bf55429929fddd8494,0.875,0.875,False,False,0.09550558509485758,0.06574917596152399
5a74a7bf55429929fddd8494::working_set_pack_b,5a74a7bf55429929fddd8494,1.0,1.0,True,True,0.09550558509485758,0.09848442136892094
5a74a7bf55429929fddd8494::active_set_pack_b,5a74a7bf55429929fddd8494,1.0,1.0,True,True,0.09550558509485758,0.09879796519449686
5a89a59555429946c8d6e97e::working_set_pack_a,5a89a59555429946c8d6e97e,0.875,0.75,False,False,0.17395911669371694,0.03465809410913825
5a89a59555429946c8d6e97e::active_set_pack_a,5a89a59555429946c8d6e97e,0.875,0.875,False,False,0.17395911669371694,0.03159867527072152
5a89a59555429946c8d6e97e::working_set_pack_b,5a89a59555429946c8d6e97e,0.75,0.5,False,False,0.17395911669371694,0.10335720095405279
5a89a59555429946c8d6e97e::active_set_pack_b,5a89a59555429946c8d6e97e,0.75,0.75,False,False,0.17395911669371694,0.037795347903544274
5abe37295542993f32c2a090::working_set_pack_a,5abe37295542993f32c2a090,1.0,1.0,True,True,0.18257624999997837,0.06948804386875344
5abe37295542993f32c2a090::active_set_pack_a,5abe37295542993f32c2a090,1.0,1.0,True,True,0.18257624999997837,0.03895418278416134
5abe37295542993f32c2a090::working_set_pack_b,5abe37295542993f32c2a090,1.0,1.0,True,True,0.18257624999997837,0.054626922213084454
5abe37295542993f32c2a090::active_set_pack_b,5abe37295542993f32c2a090,1.0,1.0,True,True,0.18257624999997837,0.044508710251331934
5adf54605542993a75d264c6::working_set_pack_a,5adf54605542993a75d264c6,0.875,1.0,False,True,0.15484970797370384,0.11194498225612626
5adf54605542993a75d264c6::active_set_pack_a,5adf54605542993a75d264c6,1.0,1.0,True,True,0.15484970797370384,0.08187763095121106
5adf54605542993a75d264c6::working_set_pack_b,5adf54605542993a75d264c6,1.0,1.0,True,True,0.15484970797370384,0.11136483685027773
5adf54605542993a75d264c6::active_set_pack_b,5adf54605542993a75d264c6,1.0,1.0,True,True,0.15484970797370384,0.11134467852771407
5a7792435542995d831811e4::working_set_pack_a,5a7792435542995d831811e4,0.875,0.875,False,False,0.06750351110719235,0.047276742479632185
5a7792435542995d831811e4::active_set_pack_a,5a7792435542995d831811e4,0.875,0.75,False,False,0.06750351110719235,0.028222810920383964
5a7792435542995d831811e4::working_set_pack_b,5a7792435542995d831811e4,1.0,1.0,True,True,0.06750351110719235,0.038356961469980695
5a7792435542995d831811e4::active_set_pack_b,5a7792435542995d831811e4,1.0,1.0,True,True,0.06750351110719235,0.03148693880377716
5a8a481a55429930ff3c0d5a::working_set_pack_a,5a8a481a55429930ff3c0d5a,1.0,1.0,True,True,0.16639380110689145,0.03661707672816259
5a8a481a55429930ff3c0d5a::active_set_pack_a,5a8a481a55429930ff3c0d5a,1.0,1.0,True,True,0.16639380110689145,0.03294796963048744
5a8a481a55429930ff3c0d5a::working_set_pack_b,5a8a481a55429930ff3c0d5a,0.875,0.875,False,False,0.16639380110689145,0.03522950354182302
5a8a481a55429930ff3c0d5a::active_set_pack_b,5a8a481a55429930ff3c0d5a,1.0,1.0,True,True,0.16639380110689145,0.036049482935588614
5ac269a455429951e9e685aa::working_set_pack_a,5ac269a455429951e9e685aa,1.0,1.0,True,True,0.10125007142363783,0.1078903223249491
5ac269a455429951e9e685aa::active_set_pack_a,5ac269a455429951e9e685aa,1.0,1.0,True,True,0.10125007142363783,0.08167504886086617
5ac269a455429951e9e685aa::working_set_pack_b,5ac269a455429951e9e685aa,1.0,1.0,True,True,0.10125007142363783,0.06659868649154442
5ac269a455429951e9e685aa::active_set_pack_b,5ac269a455429951e9e685aa,0.875,1.0,False,True,0.10125007142363783,0.06053544914528572
5a7cd27e55429909bec76827::working_set_pack_a,5a7cd27e55429909bec76827,1.0,0.875,True,False,0.1463865649397399,0.02670615994873311
5a7cd27e55429909bec76827::active_set_pack_a,5a7cd27e55429909bec76827,1.0,1.0,True,True,0.1463865649397399,0.01610503819461171
5a7cd27e55429909bec76827::working_set_pack_b,5a7cd27e55429909bec76827,1.0,1.0,True,True,0.1463865649397399,0.03367532085972965
5a7cd27e55429909bec76827::active_set_pack_b,5a7cd27e55429909bec76827,1.0,1.0,True,True,0.1463865649397399,0.02035677293859079
5adbf5e255429947ff17386c::working_set_pack_a,5adbf5e255429947ff17386c,1.0,1.0,True,True,0.16397843691733263,0.058384732373310454
5adbf5e255429947ff17386c::active_set_pack_a,5adbf5e255429947ff17386c,1.0,1.0,True,True,0.16397843691733263,0.05336481148776893
5adbf5e255429947ff17386c::working_set_pack_b,5adbf5e255429947ff17386c,1.0,1.0,True,True,0.16397843691733263,0.06937499956901398
5adbf5e255429947ff17386c::active_set_pack_b,5adbf5e255429947ff17386c,1.0,1.0,True,True,0.16397843691733263,0.07309530765508208
5a764341554299109176e6e9::working_set_pack_a,5a764341554299109176e6e9,0.75,0.5,False,False,0.13786510061034762,0.07945089916405164
5a764341554299109176e6e9::active_set_pack_a,5a764341554299109176e6e9,0.75,0.5,False,False,0.13786510061034762,0.06994033747526363
5a764341554299109176e6e9::working_set_pack_b,5a764341554299109176e6e9,0.75,0.875,False,False,0.13786510061034762,0.07184197638247329
5a764341554299109176e6e9::active_set_pack_b,5a764341554299109176e6e9,0.625,0.75,False,False,0.13786510061034762,0.10402424743114244
5a7ded525542990b8f503af2::working_set_pack_a,5a7ded525542990b8f503af2,0.875,0.875,False,False,0.15501087657838494,0.06863198512908197
5a7ded525542990b8f503af2::active_set_pack_a,5a7ded525542990b8f503af2,1.0,1.0,True,True,0.15501087657838494,0.05133280318615648
5a7ded525542990b8f503af2::working_set_pack_b,5a7ded525542990b8f503af2,1.0,1.0,True,True,0.15501087657838494,0.05555266621369345
5a7ded525542990b8f503af2::active_set_pack_b,5a7ded525542990b8f503af2,1.0,1.0,True,True,0.15501087657838494,0.0735584351361096
5ae3aebf5542992f92d8233d::working_set_pack_a,5ae3aebf5542992f92d8233d,0.875,0.5,False,False,0.08445098647443205,0.0414944952249846
5ae3aebf5542992f92d8233d::active_set_pack_a,5ae3aebf5542992f92d8233d,1.0,1.0,True,True,0.08445098647443205,0.05860612671100317
5ae3aebf5542992f92d8233d::working_set_pack_b,5ae3aebf5542992f92d8233d,0.875,0.625,False,False,0.08445098647443205,0.057458791368745
5ae3aebf5542992f92d8233d::active_set_pack_b,5ae3aebf5542992f92d8233d,0.875,0.75,False,False,0.08445098647443205,0.049828346403027926
5a7e15255542997cc2c4751d::working_set_pack_a,5a7e15255542997cc2c4751d,0.875,1.0,False,True,0.4129948843562147,0.030766903719589206
5a7e15255542997cc2c4751d::active_set_pack_a,5a7e15255542997cc2c4751d,1.0,1.0,True,True,0.4129948843562147,0.06487249755608873
5a7e15255542997cc2c4751d::working_set_pack_b,5a7e15255542997cc2c4751d,1.0,0.75,True,False,0.4129948843562147,0.03185868179397628
5a7e15255542997cc2c4751d::active_set_pack_b,5a7e15255542997cc2c4751d,0.875,0.875,False,False,0.4129948843562147,0.038012189921392305
5a8a07475542992e4fca84dc::working_set_pack_a,5a8a07475542992e4fca84dc,1.0,1.0,True,True,0.031246963061219928,0.006060407948978224
5a8a07475542992e4fca84dc::active_set_pack_a,5a8a07475542992e4fca84dc,1.0,1.0,True,True,0.031246963061219928,0.0
5a8a07475542992e4fca84dc::working_set_pack_b,5a8a07475542992e4fca84dc,1.0,1.0,True,True,0.031246963061219928,0.0
5a8a07475542992e4fca84dc::active_set_pack_b,5a8a07475542992e4fca84dc,1.0,1.0,True,True,0.031246963061219928,0.0
5a7fea955542994857a7684a::working_set_pack_a,5a7fea955542994857a7684a,1.0,1.0,True,True,0.16801498477691484,0.07409011820119923
5a7fea955542994857a7684a::active_set_pack_a,5a7fea955542994857a7684a,1.0,1.0,True,True,0.16801498477691484,0.06894627909834468
5a7fea955542994857a7684a::working_set_pack_b,5a7fea955542994857a7684a,1.0,1.0,True,True,0.16801498477691484,0.05806996301094191
5a7fea955542994857a7684a::active_set_pack_b,5a7fea955542994857a7684a,1.0,1.0,True,True,0.16801498477691484,0.05365516955488346
5ab98b2d554299131ca4236e::working_set_pack_a,5ab98b2d554299131ca4236e,1.0,1.0,True,True,0.3062856975675783,0.03486178704212574
5ab98b2d554299131ca4236e::active_set_pack_a,5ab98b2d554299131ca4236e,1.0,1.0,True,True,0.3062856975675783,0.043796183854236455
5ab98b2d554299131ca4236e::working_set_pack_b,5ab98b2d554299131ca4236e,0.875,0.875,False,False,0.3062856975675783,0.03631129158347957
5ab98b2d554299131ca4236e::active_set_pack_b,5ab98b2d554299131ca4236e,1.0,1.0,True,True,0.3062856975675783,0.036281318207922617
5ae717ec5542995703ce8bd0::working_set_pack_a,5ae717ec5542995703ce8bd0,0.75,0.75,False,False,0.4406693124460518,0.03196957311487375
5ae717ec5542995703ce8bd0::active_set_pack_a,5ae717ec5542995703ce8bd0,0.75,0.75,False,False,0.4406693124460518,0.034649488571846555
5ae717ec5542995703ce8bd0::working_set_pack_b,5ae717ec5542995703ce8bd0,0.875,0.875,False,False,0.4406693124460518,0.03590776010168892
5ae717ec5542995703ce8bd0::active_set_pack_b,5ae717ec5542995703ce8bd0,1.0,1.0,True,True,0.4406693124460518,0.035436660447826625
5a7b5e55554299042af8f755::working_set_pack_a,5a7b5e55554299042af8f755,1.0,1.0,True,True,0.16831061979015324,0.03807384734316113
5a7b5e55554299042af8f755::active_set_pack_a,5a7b5e55554299042af8f755,0.875,0.75,False,False,0.16831061979015324,0.0331451524509333
5a7b5e55554299042af8f755::working_set_pack_b,5a7b5e55554299042af8f755,1.0,1.0,True,True,0.16831061979015324,0.03782829592803441
5a7b5e55554299042af8f755::active_set_pack_b,5a7b5e55554299042af8f755,1.0,1.0,True,True,0.16831061979015324,0.03659882487722582
5a7b96cf554299042af8f789::working_set_pack_a,5a7b96cf554299042af8f789,1.0,1.0,True,True,0.1606530871730572,0.0680184258618139
5a7b96cf554299042af8f789::active_set_pack_a,5a7b96cf554299042af8f789,1.0,0.875,True,False,0.1606530871730572,0.057301349992891375
5a7b96cf554299042af8f789::working_set_pack_b,5a7b96cf554299042af8f789,1.0,1.0,True,True,0.1606530871730572,0.07215086960227739
5a7b96cf554299042af8f789::active_set_pack_b,5a7b96cf554299042af8f789,1.0,1.0,True,True,0.1606530871730572,0.06553338294463398
5adca6c05542994d58a2f696::working_set_pack_a,5adca6c05542994d58a2f696,1.0,1.0,True,True,0.061198393148260546,0.04509705008346482
5adca6c05542994d58a2f696::active_set_pack_a,5adca6c05542994d58a2f696,1.0,1.0,True,True,0.061198393148260546,0.047393032266224475
5adca6c05542994d58a2f696::working_set_pack_b,5adca6c05542994d58a2f696,1.0,1.0,True,True,0.061198393148260546,0.03708081727171818
5adca6c05542994d58a2f696::active_set_pack_b,5adca6c05542994d58a2f696,1.0,1.0,True,True,0.061198393148260546,0.03894052887627955
5ab2a4165542992953946786::working_set_pack_a,5ab2a4165542992953946786,0.625,0.5,False,False,0.06177897373126913,0.037622505026779905
5ab2a4165542992953946786::active_set_pack_a,5ab2a4165542992953946786,0.875,0.75,False,False,0.06177897373126913,0.030712899147558093
5ab2a4165542992953946786::working_set_pack_b,5ab2a4165542992953946786,0.875,0.875,False,False,0.06177897373126913,0.02294906618496472
5ab2a4165542992953946786::active_set_pack_b,5ab2a4165542992953946786,1.0,0.75,True,False,0.06177897373126913,0.03688254888131823
5ae092fe554299603e418427::working_set_pack_a,5ae092fe554299603e418427,1.0,1.0,True,True,0.16292311401244403,0.012203922184752402
5ae092fe554299603e418427::active_set_pack_a,5ae092fe554299603e418427,1.0,1.0,True,True,0.16292311401244403,0.02210842457336682
5ae092fe554299603e418427::working_set_pack_b,5ae092fe554299603e418427,1.0,1.0,True,True,0.16292311401244403,0.035841109780817275
5ae092fe554299603e418427::active_set_pack_b,5ae092fe554299603e418427,1.0,1.0,True,True,0.16292311401244403,0.014908186440323492
5ac16fca5542994ab5c67d32::working_set_pack_a,5ac16fca5542994ab5c67d32,1.0,1.0,True,True,0.2249694704525895,0.06651206564324615
5ac16fca5542994ab5c67d32::active_set_pack_a,5ac16fca5542994ab5c67d32,1.0,1.0,True,True,0.2249694704525895,0.07309122465161579
5ac16fca5542994ab5c67d32::working_set_pack_b,5ac16fca5542994ab5c67d32,1.0,1.0,True,True,0.2249694704525895,0.06811588107374889
5ac16fca5542994ab5c67d32::active_set_pack_b,5ac16fca5542994ab5c67d32,1.0,1.0,True,True,0.2249694704525895,0.07184670280855862
5ab29b23554299706120966c::working_set_pack_a,5ab29b23554299706120966c,1.0,1.0,True,True,0.31774205710685,0.11267371685695203
5ab29b23554299706120966c::active_set_pack_a,5ab29b23554299706120966c,1.0,1.0,True,True,0.31774205710685,0.12899434641369845
5ab29b23554299706120966c::working_set_pack_b,5ab29b23554299706120966c,1.0,1.0,True,True,0.31774205710685,0.11779837328461402
5ab29b23554299706120966c::active_set_pack_b,5ab29b23554299706120966c,1.0,1.0,True,True,0.31774205710685,0.09670332046722764
5a8019cb5542992bc0c4a6a6::working_set_pack_a,5a8019cb5542992bc0c4a6a6,1.0,1.0,True,True,0.33368159819971666,0.05162017454177362
5a8019cb5542992bc0c4a6a6::active_set_pack_a,5a8019cb5542992bc0c4a6a6,1.0,1.0,True,True,0.33368159819971666,0.04552689634297909
5a8019cb5542992bc0c4a6a6::working_set_pack_b,5a8019cb5542992bc0c4a6a6,1.0,1.0,True,True,0.33368159819971666,0.04532316023431935
5a8019cb5542992bc0c4a6a6::active_set_pack_b,5a8019cb5542992bc0c4a6a6,1.0,1.0,True,True,0.33368159819971666,0.047587256143271736
5a81f60e55429903bc27ba09::working_set_pack_a,5a81f60e55429903bc27ba09,0.875,0.875,False,False,0.37903339944871983,0.031214011682511745
5a81f60e55429903bc27ba09::active_set_pack_a,5a81f60e55429903bc27ba09,0.875,0.875,False,False,0.37903339944871983,0.030113052009908048
5a81f60e55429903bc27ba09::working_set_pack_b,5a81f60e55429903bc27ba09,1.0,1.0,True,True,0.37903339944871983,0.03153526245279263
5a81f60e55429903bc27ba09::active_set_pack_b,5a81f60e55429903bc27ba09,1.0,1.0,True,True,0.37903339944871983,0.03258508440157208
5a734c425542994cef4bc514::working_set_pack_a,5a734c425542994cef4bc514,1.0,1.0,True,True,0.09015286494887426,0.05286157317064411
5a734c425542994cef4bc514::active_set_pack_a,5a734c425542994cef4bc514,1.0,1.0,True,True,0.09015286494887426,0.05584811665220059
5a734c425542994cef4bc514::working_set_pack_b,5a734c425542994cef4bc514,1.0,1.0,True,True,0.09015286494887426,0.042970948684461656
5a734c425542994cef4bc514::active_set_pack_b,5a734c425542994cef4bc514,1.0,1.0,True,True,0.09015286494887426,0.04306679470029635
5a7724de5542993569682cf9::working_set_pack_a,5a7724de5542993569682cf9,1.0,1.0,True,True,0.16870873257408422,0.05086795522758423
5a7724de5542993569682cf9::active_set_pack_a,5a7724de5542993569682cf9,1.0,1.0,True,True,0.16870873257408422,0.043108483610032444
5a7724de5542993569682cf9::working_set_pack_b,5a7724de5542993569682cf9,1.0,1.0,True,True,0.16870873257408422,0.044058447274811
5a7724de5542993569682cf9::active_set_pack_b,5a7724de5542993569682cf9,1.0,1.0,True,True,0.16870873257408422,0.04271898197958768
5ae25ac85542996483e64983::working_set_pack_a,5ae25ac85542996483e64983,0.75,0.625,False,False,0.5249177389923576,0.0696538657398374
5ae25ac85542996483e64983::active_set_pack_a,5ae25ac85542996483e64983,0.75,0.5,False,False,0.5249177389923576,0.08622061901611897
5ae25ac85542996483e64983::working_set_pack_b,5ae25ac85542996483e64983,0.75,0.5,False,False,0.5249177389923576,0.0770589026952839
5ae25ac85542996483e64983::active_set_pack_b,5ae25ac85542996483e64983,0.75,0.5,False,False,0.5249177389923576,0.07660769988423691
5a747efc55429929fddd8455::working_set_pack_a,5a747efc55429929fddd8455,1.0,0.875,True,False,0.10883747617670145,0.06480419289147488
5a747efc55429929fddd8455::active_set_pack_a,5a747efc55429929fddd8455,0.75,0.75,False,False,0.10883747617670145,0.0
5a747efc55429929fddd8455::working_set_pack_b,5a747efc55429929fddd8455,1.0,0.875,True,False,0.10883747617670145,0.0
5a747efc55429929fddd8455::active_set_pack_b,5a747efc55429929fddd8455,0.75,0.875,False,False,0.10883747617670145,0.04232065297732858
5ae7c7355542993210983f46::working_set_pack_a,5ae7c7355542993210983f46,1.0,1.0,True,True,0.06551509507803527,0.03658900713747588
5ae7c7355542993210983f46::active_set_pack_a,5ae7c7355542993210983f46,1.0,1.0,True,True,0.06551509507803527,0.025945392964237066
5ae7c7355542993210983f46::working_set_pack_b,5ae7c7355542993210983f46,1.0,1.0,True,True,0.06551509507803527,0.03923777548813691
5ae7c7355542993210983f46::active_set_pack_b,5ae7c7355542993210983f46,1.0,1.0,True,True,0.06551509507803527,0.027747132694248333
5adccebc5542992c1e3a240d::working_set_pack_a,5adccebc5542992c1e3a240d,0.875,0.875,False,False,0.1984565795999223,0.035226889639690326
5adccebc5542992c1e3a240d::active_set_pack_a,5adccebc5542992c1e3a240d,0.875,0.75,False,False,0.1984565795999223,0.03274066536898644
5adccebc5542992c1e3a240d::working_set_pack_b,5adccebc5542992c1e3a240d,0.875,0.75,False,False,0.1984565795999223,0.03411723599608734
5adccebc5542992c1e3a240d::active_set_pack_b,5adccebc5542992c1e3a240d,1.0,1.0,True,True,0.1984565795999223,0.028833892302710617
5a734fb35542992359bc32f7::working_set_pack_a,5a734fb35542992359bc32f7,1.0,0.875,True,False,0.3034521256643491,0.04707030659929933
5a734fb35542992359bc32f7::active_set_pack_a,5a734fb35542992359bc32f7,1.0,1.0,True,True,0.3034521256643491,0.04671513284765598
5a734fb35542992359bc32f7::working_set_pack_b,5a734fb35542992359bc32f7,0.875,0.875,False,False,0.3034521256643491,0.036673123317275805
5a734fb35542992359bc32f7::active_set_pack_b,5a734fb35542992359bc32f7,0.875,0.875,False,False,0.3034521256643491,0.046078326752747076
5ae140415542997b2ef7d179::working_set_pack_a,5ae140415542997b2ef7d179,1.0,1.0,True,True,0.2204637198299239,0.05951224647695216
5ae140415542997b2ef7d179::active_set_pack_a,5ae140415542997b2ef7d179,1.0,1.0,True,True,0.2204637198299239,0.05850336336147825
5ae140415542997b2ef7d179::working_set_pack_b,5ae140415542997b2ef7d179,1.0,1.0,True,True,0.2204637198299239,0.05504892218470996
5ae140415542997b2ef7d179::active_set_pack_b,5ae140415542997b2ef7d179,1.0,1.0,True,True,0.2204637198299239,0.0617647832255439
5ae3e5f55542996836b02beb::working_set_pack_a,5ae3e5f55542996836b02beb,0.875,0.75,False,False,0.4482078289667894,0.07943830257748907
5ae3e5f55542996836b02beb::active_set_pack_a,5ae3e5f55542996836b02beb,1.0,0.75,True,False,0.4482078289667894,0.05883272361313328
5ae3e5f55542996836b02beb::working_set_pack_b,5ae3e5f55542996836b02beb,0.875,0.625,False,False,0.4482078289667894,0.15320583099492807
5ae3e5f55542996836b02beb::active_set_pack_b,5ae3e5f55542996836b02beb,0.75,0.625,False,False,0.4482078289667894,0.18878312308015044
5a8f612b5542992414482a99::working_set_pack_a,5a8f612b5542992414482a99,1.0,1.0,True,True,0.2654872577847744,0.05011999492853179
5a8f612b5542992414482a99::active_set_pack_a,5a8f612b5542992414482a99,1.0,1.0,True,True,0.2654872577847744,0.05603130741092703
5a8f612b5542992414482a99::working_set_pack_b,5a8f612b5542992414482a99,1.0,1.0,True,True,0.2654872577847744,0.0644299997826222
5a8f612b5542992414482a99::active_set_pack_b,5a8f612b5542992414482a99,1.0,1.0,True,True,0.2654872577847744,0.07816176398876647
5ae3e6f85542996836b02bee::working_set_pack_a,5ae3e6f85542996836b02bee,1.0,0.625,True,False,0.30663709016723323,0.06082959682844428
5ae3e6f85542996836b02bee::active_set_pack_a,5ae3e6f85542996836b02bee,1.0,1.0,True,True,0.30663709016723323,0.07206569698067457
5ae3e6f85542996836b02bee::working_set_pack_b,5ae3e6f85542996836b02bee,1.0,0.875,True,False,0.30663709016723323,0.053006076830852004
5ae3e6f85542996836b02bee::active_set_pack_b,5ae3e6f85542996836b02bee,1.0,1.0,True,True,0.30663709016723323,0.05914298053202466
5adef2be5542993a75d263b1::working_set_pack_a,5adef2be5542993a75d263b1,1.0,1.0,True,True,0.2077985878815539,0.07529159536566335
5adef2be5542993a75d263b1::active_set_pack_a,5adef2be5542993a75d263b1,1.0,1.0,True,True,0.2077985878815539,0.05706811190762185
5adef2be5542993a75d263b1::working_set_pack_b,5adef2be5542993a75d263b1,1.0,1.0,True,True,0.2077985878815539,0.07395537299896278
5adef2be5542993a75d263b1::active_set_pack_b,5adef2be5542993a75d263b1,1.0,1.0,True,True,0.2077985878815539,0.0481834371733083
5ae3e1815542992e3233c49f::working_set_pack_a,5ae3e1815542992e3233c49f,1.0,1.0,True,True,0.12102230258419482,0.11992388617581169
5ae3e1815542992e3233c49f::active_set_pack_a,5ae3e1815542992e3233c49f,1.0,1.0,True,True,0.12102230258419482,0.07535178685413486
5ae3e1815542992e3233c49f::working_set_pack_b,5ae3e1815542992e3233c49f,1.0,1.0,True,True,0.12102230258419482,0.07404160305634064
5ae3e1815542992e3233c49f::active_set_pack_b,5ae3e1815542992e3233c49f,1.0,1.0,True,True,0.12102230258419482,0.09177765585916742
5ac25b125542992f1f2b3872::working_set_pack_a,5ac25b125542992f1f2b3872,0.875,0.875,False,False,0.3515434135502995,0.054434852919437365
5ac25b125542992f1f2b3872::active_set_pack_a,5ac25b125542992f1f2b3872,0.875,0.875,False,False,0.3515434135502995,0.04853720928639571
5ac25b125542992f1f2b3872::working_set_pack_b,5ac25b125542992f1f2b3872,1.0,0.875,True,False,0.3515434135502995,0.041272262299555516
5ac25b125542992f1f2b3872::active_set_pack_b,5ac25b125542992f1f2b3872,1.0,1.0,True,True,0.3515434135502995,0.04673559624093443
5a80c65f55429938b61421d4::working_set_pack_a,5a80c65f55429938b61421d4,1.0,1.0,True,True,0.37592641115745734,0.04254677451140432
5a80c65f55429938b61421d4::active_set_pack_a,5a80c65f55429938b61421d4,1.0,1.0,True,True,0.37592641115745734,0.04741804476403814
5a80c65f55429938b61421d4::working_set_pack_b,5a80c65f55429938b61421d4,1.0,1.0,True,True,0.37592641115745734,0.04556959409860169
5a80c65f55429938b61421d4::active_set_pack_b,5a80c65f55429938b61421d4,1.0,1.0,True,True,0.37592641115745734,0.04690137408293085
5a813d4a554299260e20a277::working_set_pack_a,5a813d4a554299260e20a277,1.0,0.75,True,False,0.135446510155295,0.03464071233747592
5a813d4a554299260e20a277::active_set_pack_a,5a813d4a554299260e20a277,1.0,0.75,True,False,0.135446510155295,0.040468429158536545
5a813d4a554299260e20a277::working_set_pack_b,5a813d4a554299260e20a277,1.0,1.0,True,True,0.135446510155295,0.04110781247899278
5a813d4a554299260e20a277::active_set_pack_b,5a813d4a554299260e20a277,1.0,1.0,True,True,0.135446510155295,0.036937039519233425
