prompt_id,example_id,labels_present,is_gold,gold_oriented_scores,h1_oriented_scores,raw_scores,gold_sign,h1_sign,model_correct,model_preds,gold_labels
5a8b57f25542995d1e6f1371::working_set_pack_a,5a8b57f25542995d1e6f1371,"['A', 'B', 'C', 'D', 'E', 'F']","[0, 0, 0, 1, 0, 1]","[-11.861088752746582, -13.21537971496582, -10.682440757751465, 29.659818649291992, -15.638106346130371, 21.737211227416992]","[-11.861088752746582, -13.21537971496582, -10.682440757751465, 29.659818649291992, -15.638106346130371, 21.737211227416992]","[-11.861088752746582, -13.21537971496582, -10.682440757751465, 29.659818649291992, -15.638106346130371, 21.737211227416992]",1,1,True,"['D', 'F']","['D', 'F']"
5a8b57f25542995d1e6f1371::active_set_pack_a,5a8b57f25542995d1e6f1371,"['A', 'B', 'C', 'D', 'E', 'F']","[0, 0, 0, 1, 0, 1]","[-11.390477180480957, -12.990921974182129, -10.451591491699219, 33.50027084350586, -15.201200485229492, 16.533916473388672]","[-11.390477180480957, -12.990921974182129, -10.451591491699219, 33.50027084350586, -15.201200485229492, 16.533916473388672]","[-11.390477180480957, -12.990921974182129, -10.451591491699219, 33.50027084350586, -15.201200485229492, 16.533916473388672]",1,1,True,"['D', 'F']","['D', 'F']"
5a8b57f25542995d1e6f1371::working_set_pack_b,5a8b57f25542995d1e6f1371,"['A', 'B', 'C', 'D', 'E', 'F']","[0, 0, 0, 1, 0, 1]","[-11.593563079833984, -12.68416976928711, -10.475398063659668, 40.828895568847656, -15.280599594116211, 9.204827308654785]","[-11.593563079833984, -12.68416976928711, -10.475398063659668, 40.828895568847656, -15.280599594116211, 9.204827308654785]","[-11.593563079833984, -12.68416976928711, -10.475398063659668, 40.828895568847656, -15.280599594116211, 9.204827308654785]",1,1,True,"['D', 'F']","['D', 'F']"
5a8b57f25542995d1e6f1371::active_set_pack_b,5a8b57f25542995d1e6f1371,"['A', 'B', 'C', 'D', 'E', 'F']","[0, 0, 0, 1, 0, 1]","[-13.193382263183594, -14.44603157043457, -10.818694114685059, 40.585487365722656, -17.334152221679688, 15.206775665283203]","[-13.193382263183594, -14.44603157043457, -10.818694114685059, 40.585487365722656, -17.334152221679688, 15.206775665283203]","[-13.193382263183594, -14.44603157043457, -10.818694114685059, 40.585487365722656, -17.334152221679688, 15.206775665283203]",1,1,True,"['D', 'F']","['D', 'F']"
5adbf0a255429947ff17385a::working_set_pack_a,5adbf0a255429947ff17385a,"['A', 'B', 'C', 'D', 'E', 'F']","[1, 0, 0, 0, 0, 1]","[-8.22507095336914, -11.027830123901367, -10.914230346679688, -5.608623027801514, -12.823657035827637, 48.59941482543945]","[-8.22507095336914, -11.027830123901367, -10.914230346679688, -5.608623027801514, -12.823657035827637, 48.59941482543945]","[-8.22507095336914, -11.027830123901367, -10.914230346679688, -5.608623027801514, -12.823657035827637, 48.59941482543945]",1,1,True,"['A', 'F']","['A', 'F']"
5adbf0a255429947ff17385a::active_set_pack_a,5adbf0a255429947ff17385a,"['A', 'B', 'C', 'D', 'E', 'F']","[1, 0, 0, 0, 0, 1]","[-7.919705867767334, -10.88902759552002, -10.844642639160156, -5.722092151641846, -12.853225708007812, 48.228694915771484]","[-7.919705867767334, -10.88902759552002, -10.844642639160156, -5.722092151641846, -12.853225708007812, 48.228694915771484]","[-7.919705867767334, -10.88902759552002, -10.844642639160156, -5.722092151641846, -12.853225708007812, 48.228694915771484]",1,1,True,"['A', 'F']","['A', 'F']"
5adbf0a255429947ff17385a::working_set_pack_b,5adbf0a255429947ff17385a,"['A', 'B', 'C', 'D', 'E', 'F']","[1, 0, 0, 0, 0, 1]","[-8.366528511047363, -10.971753120422363, -10.826135635375977, -7.190559387207031, -13.908638000488281, 51.26360321044922]","[-8.366528511047363, -10.971753120422363, -10.826135635375977, -7.190559387207031, -13.908638000488281, 51.26360321044922]","[-8.366528511047363, -10.971753120422363, -10.826135635375977, -7.190559387207031, -13.908638000488281, 51.26360321044922]",1,1,True,"['A', 'F']","['A', 'F']"
5adbf0a255429947ff17385a::active_set_pack_b,5adbf0a255429947ff17385a,"['A', 'B', 'C', 'D', 'E', 'F']","[1, 0, 0, 0, 0, 1]","[-9.636981010437012, -11.857393264770508, -11.652444839477539, -7.476301193237305, -14.230953216552734, 54.85408020019531]","[-9.636981010437012, -11.857393264770508, -11.652444839477539, -7.476301193237305, -14.230953216552734, 54.85408020019531]","[-9.636981010437012, -11.857393264770508, -11.652444839477539, -7.476301193237305, -14.230953216552734, 54.85408020019531]",1,1,True,"['A', 'F']","['A', 'F']"
5a8e3ea95542995a26add48d::working_set_pack_a,5a8e3ea95542995a26add48d,"['A', 'B', 'C', 'D', 'E', 'F']","[0, 1, 0, 0, 0, 1]","[-7.057468891143799, -12.095512390136719, -6.859658241271973, -6.8841118812561035, -11.147725105285645, 44.04447937011719]","[-7.057468891143799, -12.095512390136719, -6.859658241271973, -6.8841118812561035, -11.147725105285645, 44.04447937011719]","[-7.057468891143799, -12.095512390136719, -6.859658241271973, -6.8841118812561035, -11.147725105285645, 44.04447937011719]",1,1,True,"['B', 'F']","['B', 'F']"
5a8e3ea95542995a26add48d::active_set_pack_a,5a8e3ea95542995a26add48d,"['A', 'B', 'C', 'D', 'E', 'F']","[0, 1, 0, 0, 0, 1]","[-6.873265266418457, -10.864653587341309, -6.675046920776367, -6.736032009124756, -11.034262657165527, 42.183250427246094]","[-6.873265266418457, -10.864653587341309, -6.675046920776367, -6.736032009124756, -11.034262657165527, 42.183250427246094]","[-6.873265266418457, -10.864653587341309, -6.675046920776367, -6.736032009124756, -11.034262657165527, 42.183250427246094]",1,1,True,"['B', 'F']","['B', 'F']"
5a8e3ea95542995a26add48d::working_set_pack_b,5a8e3ea95542995a26add48d,"['A', 'B', 'C', 'D', 'E', 'F']","[0, 1, 0, 0, 0, 1]","[-8.468239784240723, -14.30539321899414, -8.306534767150879, -8.559304237365723, -10.017833709716797, 49.65730285644531]","[-8.468239784240723, -14.30539321899414, -8.306534767150879, -8.559304237365723, -10.017833709716797, 49.65730285644531]","[-8.468239784240723, -14.30539321899414, -8.306534767150879, -8.559304237365723, -10.017833709716797, 49.65730285644531]",1,1,True,"['B', 'F']","['B', 'F']"
5a8e3ea95542995a26add48d::active_set_pack_b,5a8e3ea95542995a26add48d,"['A', 'B', 'C', 'D', 'E', 'F']","[0, 1, 0, 0, 0, 1]","[-5.485738754272461, -16.751840591430664, -5.346597671508789, -5.8515706062316895, -12.114444732666016, 45.55020523071289]","[-5.485738754272461, -16.751840591430664, -5.346597671508789, -5.8515706062316895, -12.114444732666016, 45.55020523071289]","[-5.485738754272461, -16.751840591430664, -5.346597671508789, -5.8515706062316895, -12.114444732666016, 45.55020523071289]",1,1,True,"['B', 'F']","['B', 'F']"
5abd94525542992ac4f382d2::working_set_pack_a,5abd94525542992ac4f382d2,"['A', 'B', 'C', 'D', 'E', 'F']","[1, 0, 0, 0, 1, 0]","[-4.31399393081665, -5.981905937194824, -4.620415687561035, -20.383691787719727, 41.86813735961914, -6.568117141723633]","[4.31399393081665, 5.981905937194824, 4.620415687561035, 20.383691787719727, -41.86813735961914, 6.568117141723633]","[-4.31399393081665, -5.981905937194824, -4.620415687561035, -20.383691787719727, 41.86813735961914, -6.568117141723633]",1,-1,False,"['A', 'C']","['A', 'E']"
5abd94525542992ac4f382d2::active_set_pack_a,5abd94525542992ac4f382d2,"['A', 'B', 'C', 'D', 'E', 'F']","[1, 0, 0, 0, 1, 0]","[-4.031567096710205, -5.59884786605835, -4.461029529571533, -18.18429183959961, 38.84748077392578, -6.5717387199401855]","[4.031567096710205, 5.59884786605835, 4.461029529571533, 18.18429183959961, -38.84748077392578, 6.5717387199401855]","[-4.031567096710205, -5.59884786605835, -4.461029529571533, -18.18429183959961, 38.84748077392578, -6.5717387199401855]",1,-1,False,"['A', 'C']","['A', 'E']"
5abd94525542992ac4f382d2::working_set_pack_b,5abd94525542992ac4f382d2,"['A', 'B', 'C', 'D', 'E', 'F']","[1, 0, 0, 0, 1, 0]","[-5.19904088973999, -8.357171058654785, -4.758324146270752, -15.43918228149414, 42.108211517333984, -8.354498863220215]","[5.19904088973999, 8.357171058654785, 4.758324146270752, 15.43918228149414, -42.108211517333984, 8.354498863220215]","[-5.19904088973999, -8.357171058654785, -4.758324146270752, -15.43918228149414, 42.108211517333984, -8.354498863220215]",1,-1,False,"['A', 'C']","['A', 'E']"
5abd94525542992ac4f382d2::active_set_pack_b,5abd94525542992ac4f382d2,"['A', 'B', 'C', 'D', 'E', 'F']","[1, 0, 0, 0, 1, 0]","[-7.474375247955322, -10.099264144897461, -5.835878372192383, -14.016483306884766, 49.27484130859375, -11.848834037780762]","[7.474375247955322, 10.099264144897461, 5.835878372192383, 14.016483306884766, -49.27484130859375, 11.848834037780762]","[-7.474375247955322, -10.099264144897461, -5.835878372192383, -14.016483306884766, 49.27484130859375, -11.848834037780762]",1,-1,False,"['A', 'C']","['A', 'E']"
5a85b2d95542997b5ce40028::working_set_pack_a,5a85b2d95542997b5ce40028,"['A', 'B', 'C', 'D', 'E', 'F']","[0, 0, 0, 0, 1, 1]","[-10.38703441619873, -10.778968811035156, -11.51516056060791, -10.631736755371094, -9.224579811096191, 52.53746795654297]","[-10.38703441619873, -10.778968811035156, -11.51516056060791, -10.631736755371094, -9.224579811096191, 52.53746795654297]","[-10.38703441619873, -10.778968811035156, -11.51516056060791, -10.631736755371094, -9.224579811096191, 52.53746795654297]",1,1,True,"['E', 'F']","['E', 'F']"
5a85b2d95542997b5ce40028::active_set_pack_a,5a85b2d95542997b5ce40028,"['A', 'B', 'C', 'D', 'E', 'F']","[0, 0, 0, 0, 1, 1]","[-10.021881103515625, -10.549001693725586, -11.28439998626709, -10.203593254089355, -8.851269721984863, 50.9101448059082]","[-10.021881103515625, -10.549001693725586, -11.28439998626709, -10.203593254089355, -8.851269721984863, 50.9101448059082]","[-10.021881103515625, -10.549001693725586, -11.28439998626709, -10.203593254089355, -8.851269721984863, 50.9101448059082]",1,1,True,"['E', 'F']","['E', 'F']"
5a85b2d95542997b5ce40028::working_set_pack_b,5a85b2d95542997b5ce40028,"['A', 'B', 'C', 'D', 'E', 'F']","[0, 0, 0, 0, 1, 1]","[-10.786747932434082, -11.066889762878418, -11.84453010559082, -11.472786903381348, -9.615755081176758, 54.78671646118164]","[-10.786747932434082, -11.066889762878418, -11.84453010559082, -11.472786903381348, -9.615755081176758, 54.78671646118164]","[-10.786747932434082, -11.066889762878418, -11.84453010559082, -11.472786903381348, -9.615755081176758, 54.78671646118164]",1,1,True,"['E', 'F']","['E', 'F']"
5a85b2d95542997b5ce40028::active_set_pack_b,5a85b2d95542997b5ce40028,"['A', 'B', 'C', 'D', 'E', 'F']","[0, 0, 0, 0, 1, 1]","[-10.463563919067383, -10.597076416015625, -11.405523300170898, -11.198309898376465, -9.178434371948242, 52.84291076660156]","[-10.463563919067383, -10.597076416015625, -11.405523300170898, -11.198309898376465, -9.178434371948242, 52.84291076660156]","[-10.463563919067383, -10.597076416015625, -11.405523300170898, -11.198309898376465, -9.178434371948242, 52.84291076660156]",1,1,True,"['E', 'F']","['E', 'F']"
5a87ab905542996e4f3088c1::working_set_pack_a,5a87ab905542996e4f3088c1,"['A', 'B', 'C', 'D', 'E', 'F']","[0, 0, 0, 0, 1, 1]","[-14.563508987426758, -14.882493019104004, -14.948110580444336, -16.620609283447266, 60.54496383666992, 0.46975526213645935]","[-14.563508987426758, -14.882493019104004, -14.948110580444336, -16.620609283447266, 60.54496383666992, 0.46975526213645935]","[-14.563508987426758, -14.882493019104004, -14.948110580444336, -16.620609283447266, 60.54496383666992, 0.46975526213645935]",1,1,True,"['E', 'F']","['E', 'F']"
5a87ab905542996e4f3088c1::active_set_pack_a,5a87ab905542996e4f3088c1,"['A', 'B', 'C', 'D', 'E', 'F']","[0, 0, 0, 0, 1, 1]","[-14.429437637329102, -14.669939041137695, -14.730517387390137, -16.167858123779297, 59.26173782348633, 0.736009418964386]","[-14.429437637329102, -14.669939041137695, -14.730517387390137, -16.167858123779297, 59.26173782348633, 0.736009418964386]","[-14.429437637329102, -14.669939041137695, -14.730517387390137, -16.167858123779297, 59.26173782348633, 0.736009418964386]",1,1,True,"['E', 'F']","['E', 'F']"
5a87ab905542996e4f3088c1::working_set_pack_b,5a87ab905542996e4f3088c1,"['A', 'B', 'C', 'D', 'E', 'F']","[0, 0, 0, 0, 1, 1]","[-14.515616416931152, -14.577987670898438, -14.992953300476074, -17.13912582397461, 55.076072692871094, 6.149608135223389]","[-14.515616416931152, -14.577987670898438, -14.992953300476074, -17.13912582397461, 55.076072692871094, 6.149608135223389]","[-14.515616416931152, -14.577987670898438, -14.992953300476074, -17.13912582397461, 55.076072692871094, 6.149608135223389]",1,1,True,"['E', 'F']","['E', 'F']"
5a87ab905542996e4f3088c1::active_set_pack_b,5a87ab905542996e4f3088c1,"['A', 'B', 'C', 'D', 'E', 'F']","[0, 0, 0, 0, 1, 1]","[-15.005934715270996, -15.179067611694336, -15.2645263671875, -17.793970108032227, 58.32377624511719, 4.919719696044922]","[-15.005934715270996, -15.179067611694336, -15.2645263671875, -17.793970108032227, 58.32377624511719, 4.919719696044922]","[-15.005934715270996, -15.179067611694336, -15.2645263671875, -17.793970108032227, 58.32377624511719, 4.919719696044922]",1,1,True,"['E', 'F']","['E', 'F']"
5a8db19d5542994ba4e3dd00::working_set_pack_a,5a8db19d5542994ba4e3dd00,"['A', 'B', 'C', 'D', 'E', 'F']","[1, 0, 0, 1, 0, 0]","[-4.8744215965271, -6.050507545471191, -5.58851957321167, 26.00178337097168, -4.246560573577881, -5.241781711578369]","[-4.8744215965271, -6.050507545471191, -5.58851957321167, 26.00178337097168, -4.246560573577881, -5.241781711578369]","[-4.8744215965271, -6.050507545471191, -5.58851957321167, 26.00178337097168, -4.246560573577881, -5.241781711578369]",1,1,True,"['A', 'D']","['A', 'D']"
5a8db19d5542994ba4e3dd00::active_set_pack_a,5a8db19d5542994ba4e3dd00,"['A', 'B', 'C', 'D', 'E', 'F']","[1, 0, 0, 1, 0, 0]","[-4.616549968719482, -6.393682956695557, -5.879446506500244, 27.524250030517578, -5.000605583190918, -5.633961200714111]","[-4.616549968719482, -6.393682956695557, -5.879446506500244, 27.524250030517578, -5.000605583190918, -5.633961200714111]","[-4.616549968719482, -6.393682956695557, -5.879446506500244, 27.524250030517578, -5.000605583190918, -5.633961200714111]",1,1,True,"['A', 'D']","['A', 'D']"
5a8db19d5542994ba4e3dd00::working_set_pack_b,5a8db19d5542994ba4e3dd00,"['A', 'B', 'C', 'D', 'E', 'F']","[1, 0, 0, 1, 0, 0]","[-5.839986801147461, -7.859622001647949, -7.201733112335205, 33.091827392578125, -4.665553092956543, -7.524942398071289]","[-5.839986801147461, -7.859622001647949, -7.201733112335205, 33.091827392578125, -4.665553092956543, -7.524942398071289]","[-5.839986801147461, -7.859622001647949, -7.201733112335205, 33.091827392578125, -4.665553092956543, -7.524942398071289]",1,1,True,"['A', 'D']","['A', 'D']"
5a8db19d5542994ba4e3dd00::active_set_pack_b,5a8db19d5542994ba4e3dd00,"['A', 'B', 'C', 'D', 'E', 'F']","[1, 0, 0, 1, 0, 0]","[-6.502642631530762, -8.624837875366211, -7.511578559875488, 35.457706451416016, -5.331479549407959, -7.487158298492432]","[-6.502642631530762, -8.624837875366211, -7.511578559875488, 35.457706451416016, -5.331479549407959, -7.487158298492432]","[-6.502642631530762, -8.624837875366211, -7.511578559875488, 35.457706451416016, -5.331479549407959, -7.487158298492432]",1,1,True,"['A', 'D']","['A', 'D']"
5ab56e32554299637185c594::working_set_pack_a,5ab56e32554299637185c594,"['A', 'B', 'C', 'D', 'E', 'F']","[1, 0, 0, 0, 0, 1]","[-2.6747732162475586, -3.7071588039398193, -3.8363921642303467, -4.678014755249023, 0.21726399660110474, 14.679071426391602]","[-2.6747732162475586, -3.7071588039398193, -3.8363921642303467, -4.678014755249023, 0.21726399660110474, 14.679071426391602]","[-2.6747732162475586, -3.7071588039398193, -3.8363921642303467, -4.678014755249023, 0.21726399660110474, 14.679071426391602]",1,1,True,"['A', 'F']","['A', 'F']"
5ab56e32554299637185c594::active_set_pack_a,5ab56e32554299637185c594,"['A', 'B', 'C', 'D', 'E', 'F']","[1, 0, 0, 0, 0, 1]","[-3.0869457721710205, -4.431926727294922, -4.798210620880127, -5.406996726989746, -0.17593996226787567, 17.9000186920166]","[-3.0869457721710205, -4.431926727294922, -4.798210620880127, -5.406996726989746, -0.17593996226787567, 17.9000186920166]","[-3.0869457721710205, -4.431926727294922, -4.798210620880127, -5.406996726989746, -0.17593996226787567, 17.9000186920166]",1,1,True,"['A', 'F']","['A', 'F']"
5ab56e32554299637185c594::working_set_pack_b,5ab56e32554299637185c594,"['A', 'B', 'C', 'D', 'E', 'F']","[1, 0, 0, 0, 0, 1]","[-4.327638149261475, -5.8773322105407715, -5.9300150871276855, -6.70701789855957, -3.568849563598633, 26.410850524902344]","[-4.327638149261475, -5.8773322105407715, -5.9300150871276855, -6.70701789855957, -3.568849563598633, 26.410850524902344]","[-4.327638149261475, -5.8773322105407715, -5.9300150871276855, -6.70701789855957, -3.568849563598633, 26.410850524902344]",1,1,True,"['A', 'F']","['A', 'F']"
5ab56e32554299637185c594::active_set_pack_b,5ab56e32554299637185c594,"['A', 'B', 'C', 'D', 'E', 'F']","[1, 0, 0, 0, 0, 1]","[-2.9327518939971924, -4.2846760749816895, -4.760054588317871, -6.404533863067627, -2.023836612701416, 20.405855178833008]","[-2.9327518939971924, -4.2846760749816895, -4.760054588317871, -6.404533863067627, -2.023836612701416, 20.405855178833008]","[-2.9327518939971924, -4.2846760749816895, -4.760054588317871, -6.404533863067627, -2.023836612701416, 20.405855178833008]",1,1,True,"['A', 'F']","['A', 'F']"
5a75e05c55429976ec32bc5f::working_set_pack_a,5a75e05c55429976ec32bc5f,"['A', 'B', 'C', 'D', 'E', 'F']","[0, 1, 0, 0, 1, 0]","[-9.66977310180664, 44.839759826660156, -9.361970901489258, -9.453917503356934, -5.134146213531494, -11.219952583312988]","[-9.66977310180664, 44.839759826660156, -9.361970901489258, -9.453917503356934, -5.134146213531494, -11.219952583312988]","[-9.66977310180664, 44.839759826660156, -9.361970901489258, -9.453917503356934, -5.134146213531494, -11.219952583312988]",1,1,True,"['B', 'E']","['B', 'E']"
5a75e05c55429976ec32bc5f::active_set_pack_a,5a75e05c55429976ec32bc5f,"['A', 'B', 'C', 'D', 'E', 'F']","[0, 1, 0, 0, 1, 0]","[-9.706747055053711, 46.56660461425781, -9.414999961853027, -9.351373672485352, -6.04389762878418, -12.049583435058594]","[-9.706747055053711, 46.56660461425781, -9.414999961853027, -9.351373672485352, -6.04389762878418, -12.049583435058594]","[-9.706747055053711, 46.56660461425781, -9.414999961853027, -9.351373672485352, -6.04389762878418, -12.049583435058594]",1,1,True,"['B', 'E']","['B', 'E']"
5a75e05c55429976ec32bc5f::working_set_pack_b,5a75e05c55429976ec32bc5f,"['A', 'B', 'C', 'D', 'E', 'F']","[0, 1, 0, 0, 1, 0]","[-10.832181930541992, 54.09103775024414, -10.58706283569336, -10.35178279876709, -6.023038864135742, -16.296955108642578]","[-10.832181930541992, 54.09103775024414, -10.58706283569336, -10.35178279876709, -6.023038864135742, -16.296955108642578]","[-10.832181930541992, 54.09103775024414, -10.58706283569336, -10.35178279876709, -6.023038864135742, -16.296955108642578]",1,1,True,"['B', 'E']","['B', 'E']"
5a75e05c55429976ec32bc5f::active_set_pack_b,5a75e05c55429976ec32bc5f,"['A', 'B', 'C', 'D', 'E', 'F']","[0, 1, 0, 0, 1, 0]","[-10.020376205444336, 48.20374298095703, -9.18784236907959, -9.790340423583984, -6.399058818817139, -12.806117057800293]","[-10.020376205444336, 48.20374298095703, -9.18784236907959, -9.790340423583984, -6.399058818817139, -12.806117057800293]","[-10.020376205444336, 48.20374298095703, -9.18784236907959, -9.790340423583984, -6.399058818817139, -12.806117057800293]",1,1,True,"['B', 'E']","['B', 'E']"
5ab29c24554299449642c932::working_set_pack_a,5ab29c24554299449642c932,"['A', 'B', 'C', 'D', 'E', 'F']","[0, 1, 0, 1, 0, 0]","[-10.118205070495605, -7.15252685546875, -11.41476058959961, 43.8544807434082, -10.196956634521484, -4.972044944763184]","[-10.118205070495605, -7.15252685546875, -11.41476058959961, 43.8544807434082, -10.196956634521484, -4.972044944763184]","[-10.118205070495605, -7.15252685546875, -11.41476058959961, 43.8544807434082, -10.196956634521484, -4.972044944763184]",1,1,True,"['B', 'D']","['B', 'D']"
5ab29c24554299449642c932::active_set_pack_a,5ab29c24554299449642c932,"['A', 'B', 'C', 'D', 'E', 'F']","[0, 1, 0, 1, 0, 0]","[-9.385843276977539, -7.003237247467041, -10.753864288330078, 42.0604133605957, -9.577071189880371, -5.340394020080566]","[-9.385843276977539, -7.003237247467041, -10.753864288330078, 42.0604133605957, -9.577071189880371, -5.340394020080566]","[-9.385843276977539, -7.003237247467041, -10.753864288330078, 42.0604133605957, -9.577071189880371, -5.340394020080566]",1,1,True,"['B', 'D']","['B', 'D']"
5ab29c24554299449642c932::working_set_pack_b,5ab29c24554299449642c932,"['A', 'B', 'C', 'D', 'E', 'F']","[0, 1, 0, 1, 0, 0]","[-12.250346183776855, -9.15712833404541, -12.875152587890625, 46.331871032714844, -12.36485481262207, 0.3156079351902008]","[-12.250346183776855, -9.15712833404541, -12.875152587890625, 46.331871032714844, -12.36485481262207, 0.3156079351902008]","[-12.250346183776855, -9.15712833404541, -12.875152587890625, 46.331871032714844, -12.36485481262207, 0.3156079351902008]",1,1,True,"['B', 'D']","['B', 'D']"
5ab29c24554299449642c932::active_set_pack_b,5ab29c24554299449642c932,"['A', 'B', 'C', 'D', 'E', 'F']","[0, 1, 0, 1, 0, 0]","[-11.616964340209961, -7.499926567077637, -13.640336990356445, 54.9107551574707, -12.767313003540039, -9.386200904846191]","[-11.616964340209961, -7.499926567077637, -13.640336990356445, 54.9107551574707, -12.767313003540039, -9.386200904846191]","[-11.616964340209961, -7.499926567077637, -13.640336990356445, 54.9107551574707, -12.767313003540039, -9.386200904846191]",1,1,True,"['B', 'D']","['B', 'D']"
5ae0d4c9554299603e418468::working_set_pack_a,5ae0d4c9554299603e418468,"['A', 'B', 'C', 'D', 'E', 'F']","[0, 1, 0, 0, 1, 0]","[-15.370353698730469, -11.357712745666504, -16.01984977722168, -15.520437240600586, 75.31097412109375, -17.042627334594727]","[-15.370353698730469, -11.357712745666504, -16.01984977722168, -15.520437240600586, 75.31097412109375, -17.042627334594727]","[-15.370353698730469, -11.357712745666504, -16.01984977722168, -15.520437240600586, 75.31097412109375, -17.042627334594727]",1,1,True,"['B', 'E']","['B', 'E']"
5ae0d4c9554299603e418468::active_set_pack_a,5ae0d4c9554299603e418468,"['A', 'B', 'C', 'D', 'E', 'F']","[0, 1, 0, 0, 1, 0]","[-14.891304016113281, -11.209439277648926, -15.39012336730957, -15.142373085021973, 73.16683959960938, -16.533588409423828]","[-14.891304016113281, -11.209439277648926, -15.39012336730957, -15.142373085021973, 73.16683959960938, -16.533588409423828]","[-14.891304016113281, -11.209439277648926, -15.39012336730957, -15.142373085021973, 73.16683959960938, -16.533588409423828]",1,1,True,"['B', 'E']","['B', 'E']"
5ae0d4c9554299603e418468::working_set_pack_b,5ae0d4c9554299603e418468,"['A', 'B', 'C', 'D', 'E', 'F']","[0, 1, 0, 0, 1, 0]","[-15.794475555419922, -12.389477729797363, -15.989134788513184, -15.556492805480957, 77.6292495727539, -17.899677276611328]","[-15.794475555419922, -12.389477729797363, -15.989134788513184, -15.556492805480957, 77.6292495727539, -17.899677276611328]","[-15.794475555419922, -12.389477729797363, -15.989134788513184, -15.556492805480957, 77.6292495727539, -17.899677276611328]",1,1,True,"['B', 'E']","['B', 'E']"
5ae0d4c9554299603e418468::active_set_pack_b,5ae0d4c9554299603e418468,"['A', 'B', 'C', 'D', 'E', 'F']","[0, 1, 0, 0, 1, 0]","[-16.31079864501953, -12.475900650024414, -16.8161678314209, -16.798965454101562, 80.86526489257812, -18.46343994140625]","[-16.31079864501953, -12.475900650024414, -16.8161678314209, -16.798965454101562, 80.86526489257812, -18.46343994140625]","[-16.31079864501953, -12.475900650024414, -16.8161678314209, -16.798965454101562, 80.86526489257812, -18.46343994140625]",1,1,True,"['B', 'E']","['B', 'E']"
5a8133725542995ce29dcbdb::working_set_pack_a,5a8133725542995ce29dcbdb,"['A', 'B', 'C', 'D', 'E', 'F']","[0, 1, 1, 0, 0, 0]","[5.130674839019775, 6.202539920806885, 5.5936503410339355, 4.946902751922607, -28.646419525146484, 6.77264928817749]","[5.130674839019775, 6.202539920806885, 5.5936503410339355, 4.946902751922607, -28.646419525146484, 6.77264928817749]","[-5.130674839019775, -6.202539920806885, -5.5936503410339355, -4.946902751922607, 28.646419525146484, -6.77264928817749]",-1,-1,True,"['B', 'C']","['B', 'C']"
5a8133725542995ce29dcbdb::active_set_pack_a,5a8133725542995ce29dcbdb,"['A', 'B', 'C', 'D', 'E', 'F']","[0, 1, 1, 0, 0, 0]","[5.659740447998047, 7.10968017578125, 5.917421817779541, 5.471914768218994, -31.73288917541504, 7.574124813079834]","[-5.659740447998047, -7.10968017578125, -5.917421817779541, -5.471914768218994, 31.73288917541504, -7.574124813079834]","[-5.659740447998047, -7.10968017578125, -5.917421817779541, -5.471914768218994, 31.73288917541504, -7.574124813079834]",-1,1,False,"['B', 'E']","['B', 'C']"
5a8133725542995ce29dcbdb::working_set_pack_b,5a8133725542995ce29dcbdb,"['A', 'B', 'C', 'D', 'E', 'F']","[0, 1, 1, 0, 0, 0]","[8.164188385009766, 10.949084281921387, 9.4424409866333, 7.9255805015563965, -46.98218536376953, 10.50090503692627]","[-8.164188385009766, -10.949084281921387, -9.4424409866333, -7.9255805015563965, 46.98218536376953, -10.50090503692627]","[-8.164188385009766, -10.949084281921387, -9.4424409866333, -7.9255805015563965, 46.98218536376953, -10.50090503692627]",-1,1,False,"['B', 'E']","['B', 'C']"
5a8133725542995ce29dcbdb::active_set_pack_b,5a8133725542995ce29dcbdb,"['A', 'B', 'C', 'D', 'E', 'F']","[0, 1, 1, 0, 0, 0]","[6.555691242218018, 11.906575202941895, 8.220587730407715, 6.286806583404541, -41.949493408203125, 8.979836463928223]","[-6.555691242218018, -11.906575202941895, -8.220587730407715, -6.286806583404541, 41.949493408203125, -8.979836463928223]","[6.555691242218018, 11.906575202941895, 8.220587730407715, 6.286806583404541, -41.949493408203125, 8.979836463928223]",1,-1,False,"['B', 'E']","['B', 'C']"
5ae6050f55429929b0807a5e::working_set_pack_a,5ae6050f55429929b0807a5e,"['A', 'B', 'C', 'D', 'E', 'F']","[0, 0, 0, 1, 1, 0]","[-6.490102291107178, -6.476264476776123, -6.502788543701172, -6.619795799255371, 40.706031799316406, -14.617076873779297]","[-6.490102291107178, -6.476264476776123, -6.502788543701172, -6.619795799255371, 40.706031799316406, -14.617076873779297]","[6.490102291107178, 6.476264476776123, 6.502788543701172, 6.619795799255371, -40.706031799316406, 14.617076873779297]",-1,-1,True,"['D', 'E']","['D', 'E']"
5ae6050f55429929b0807a5e::active_set_pack_a,5ae6050f55429929b0807a5e,"['A', 'B', 'C', 'D', 'E', 'F']","[0, 0, 0, 1, 1, 0]","[-5.926944732666016, -5.67854118347168, -5.983731746673584, -6.143238544464111, 36.357540130615234, -12.625079154968262]","[-5.926944732666016, -5.67854118347168, -5.983731746673584, -6.143238544464111, 36.357540130615234, -12.625079154968262]","[5.926944732666016, 5.67854118347168, 5.983731746673584, 6.143238544464111, -36.357540130615234, 12.625079154968262]",-1,-1,True,"['D', 'E']","['D', 'E']"
5ae6050f55429929b0807a5e::working_set_pack_b,5ae6050f55429929b0807a5e,"['A', 'B', 'C', 'D', 'E', 'F']","[0, 0, 0, 1, 1, 0]","[-9.423263549804688, -8.621596336364746, -9.17441177368164, -9.529680252075195, 54.57087326049805, -17.82191276550293]","[-9.423263549804688, -8.621596336364746, -9.17441177368164, -9.529680252075195, 54.57087326049805, -17.82191276550293]","[9.423263549804688, 8.621596336364746, 9.17441177368164, 9.529680252075195, -54.57087326049805, 17.82191276550293]",-1,-1,True,"['D', 'E']","['D', 'E']"
5ae6050f55429929b0807a5e::active_set_pack_b,5ae6050f55429929b0807a5e,"['A', 'B', 'C', 'D', 'E', 'F']","[0, 0, 0, 1, 1, 0]","[-11.543489456176758, -10.30516242980957, -11.434350967407227, -10.32657527923584, 64.91682434082031, -21.30725860595703]","[-11.543489456176758, -10.30516242980957, -11.434350967407227, -10.32657527923584, 64.91682434082031, -21.30725860595703]","[11.543489456176758, 10.30516242980957, 11.434350967407227, 10.32657527923584, -64.91682434082031, 21.30725860595703]",-1,-1,True,"['D', 'E']","['D', 'E']"
5ae2070a5542994d89d5b313::working_set_pack_a,5ae2070a5542994d89d5b313,"['A', 'B', 'C', 'D', 'E', 'F']","[0, 0, 1, 1, 0, 0]","[-6.134719371795654, -7.476232051849365, 4.366345405578613, 22.003646850585938, -7.093380451202393, -5.665663719177246]","[-6.134719371795654, -7.476232051849365, 4.366345405578613, 22.003646850585938, -7.093380451202393, -5.665663719177246]","[-6.134719371795654, -7.476232051849365, 4.366345405578613, 22.003646850585938, -7.093380451202393, -5.665663719177246]",1,1,True,"['C', 'D']","['C', 'D']"
5ae2070a5542994d89d5b313::active_set_pack_a,5ae2070a5542994d89d5b313,"['A', 'B', 'C', 'D', 'E', 'F']","[0, 0, 1, 1, 0, 0]","[-7.4658894538879395, -9.30785846710205, 2.2341229915618896, 23.042736053466797, -8.878069877624512, 0.37496551871299744]","[-7.4658894538879395, -9.30785846710205, 2.2341229915618896, 23.042736053466797, -8.878069877624512, 0.37496551871299744]","[-7.4658894538879395, -9.30785846710205, 2.2341229915618896, 23.042736053466797, -8.878069877624512, 0.37496551871299744]",1,1,True,"['C', 'D']","['C', 'D']"
5ae2070a5542994d89d5b313::working_set_pack_b,5ae2070a5542994d89d5b313,"['A', 'B', 'C', 'D', 'E', 'F']","[0, 0, 1, 1, 0, 0]","[-9.831268310546875, -11.47025203704834, -5.077239990234375, 34.361019134521484, -10.867905616760254, 2.8856496810913086]","[-9.831268310546875, -11.47025203704834, -5.077239990234375, 34.361019134521484, -10.867905616760254, 2.8856496810913086]","[-9.831268310546875, -11.47025203704834, -5.077239990234375, 34.361019134521484, -10.867905616760254, 2.8856496810913086]",1,1,True,"['C', 'D']","['C', 'D']"
5ae2070a5542994d89d5b313::active_set_pack_b,5ae2070a5542994d89d5b313,"['A', 'B', 'C', 'D', 'E', 'F']","[0, 0, 1, 1, 0, 0]","[-9.132326126098633, -10.26535701751709, -5.533555507659912, 34.28702926635742, -10.57728099822998, 1.2214851379394531]","[-9.132326126098633, -10.26535701751709, -5.533555507659912, 34.28702926635742, -10.57728099822998, 1.2214851379394531]","[-9.132326126098633, -10.26535701751709, -5.533555507659912, 34.28702926635742, -10.57728099822998, 1.2214851379394531]",1,1,True,"['C', 'D']","['C', 'D']"
5a722b8655429971e9dc9329::working_set_pack_a,5a722b8655429971e9dc9329,"['A', 'B', 'C', 'D', 'E', 'F']","[1, 0, 1, 0, 0, 0]","[-7.505459308624268, -8.62600326538086, 49.07731628417969, -15.204083442687988, -6.892360210418701, -10.849411010742188]","[-7.505459308624268, -8.62600326538086, 49.07731628417969, -15.204083442687988, -6.892360210418701, -10.849411010742188]","[7.505459308624268, 8.62600326538086, -49.07731628417969, 15.204083442687988, 6.892360210418701, 10.849411010742188]",-1,-1,True,"['A', 'C']","['A', 'C']"
5a722b8655429971e9dc9329::active_set_pack_a,5a722b8655429971e9dc9329,"['A', 'B', 'C', 'D', 'E', 'F']","[1, 0, 1, 0, 0, 0]","[-6.7550458908081055, -8.889145851135254, 47.708961486816406, -15.517864227294922, -5.7422661781311035, -10.804647445678711]","[-6.7550458908081055, -8.889145851135254, 47.708961486816406, -15.517864227294922, -5.7422661781311035, -10.804647445678711]","[6.7550458908081055, 8.889145851135254, -47.708961486816406, 15.517864227294922, 5.7422661781311035, 10.804647445678711]",-1,-1,True,"['A', 'C']","['A', 'C']"
5a722b8655429971e9dc9329::working_set_pack_b,5a722b8655429971e9dc9329,"['A', 'B', 'C', 'D', 'E', 'F']","[1, 0, 1, 0, 0, 0]","[-7.215176582336426, -10.769797325134277, 58.536109924316406, -18.126998901367188, -10.641828536987305, -11.78230094909668]","[-7.215176582336426, -10.769797325134277, 58.536109924316406, -18.126998901367188, -10.641828536987305, -11.78230094909668]","[7.215176582336426, 10.769797325134277, -58.536109924316406, 18.126998901367188, 10.641828536987305, 11.78230094909668]",-1,-1,True,"['A', 'C']","['A', 'C']"
5a722b8655429971e9dc9329::active_set_pack_b,5a722b8655429971e9dc9329,"['A', 'B', 'C', 'D', 'E', 'F']","[1, 0, 1, 0, 0, 0]","[-8.236162185668945, -11.310758590698242, 62.049110412597656, -19.17449378967285, -9.353423118591309, -13.974286079406738]","[-8.236162185668945, -11.310758590698242, 62.049110412597656, -19.17449378967285, -9.353423118591309, -13.974286079406738]","[8.236162185668945, 11.310758590698242, -62.049110412597656, 19.17449378967285, 9.353423118591309, 13.974286079406738]",-1,-1,True,"['A', 'C']","['A', 'C']"
5adf37a95542995ec70e8f97::working_set_pack_a,5adf37a95542995ec70e8f97,"['A', 'B', 'C', 'D', 'E', 'F']","[1, 0, 0, 1, 0, 0]","[-7.867079257965088, -9.765876770019531, -9.644609451293945, 46.58155822753906, -9.439830780029297, -9.864151954650879]","[-7.867079257965088, -9.765876770019531, -9.644609451293945, 46.58155822753906, -9.439830780029297, -9.864151954650879]","[-7.867079257965088, -9.765876770019531, -9.644609451293945, 46.58155822753906, -9.439830780029297, -9.864151954650879]",1,1,True,"['A', 'D']","['A', 'D']"
5adf37a95542995ec70e8f97::active_set_pack_a,5adf37a95542995ec70e8f97,"['A', 'B', 'C', 'D', 'E', 'F']","[1, 0, 0, 1, 0, 0]","[-7.918344974517822, -9.613713264465332, -9.216668128967285, 45.74311828613281, -9.319692611694336, -9.67465591430664]","[-7.918344974517822, -9.613713264465332, -9.216668128967285, 45.74311828613281, -9.319692611694336, -9.67465591430664]","[-7.918344974517822, -9.613713264465332, -9.216668128967285, 45.74311828613281, -9.319692611694336, -9.67465591430664]",1,1,True,"['A', 'D']","['A', 'D']"
5adf37a95542995ec70e8f97::working_set_pack_b,5adf37a95542995ec70e8f97,"['A', 'B', 'C', 'D', 'E', 'F']","[1, 0, 0, 1, 0, 0]","[-8.031033515930176, -9.415047645568848, -8.642964363098145, 43.970916748046875, -8.673194885253906, -9.208683967590332]","[-8.031033515930176, -9.415047645568848, -8.642964363098145, 43.970916748046875, -8.673194885253906, -9.208683967590332]","[-8.031033515930176, -9.415047645568848, -8.642964363098145, 43.970916748046875, -8.673194885253906, -9.208683967590332]",1,1,True,"['A', 'D']","['A', 'D']"
5adf37a95542995ec70e8f97::active_set_pack_b,5adf37a95542995ec70e8f97,"['A', 'B', 'C', 'D', 'E', 'F']","[1, 0, 0, 1, 0, 0]","[-8.684257507324219, -10.803247451782227, -9.854814529418945, 50.651309967041016, -10.205366134643555, -11.103605270385742]","[-8.684257507324219, -10.803247451782227, -9.854814529418945, 50.651309967041016, -10.205366134643555, -11.103605270385742]","[-8.684257507324219, -10.803247451782227, -9.854814529418945, 50.651309967041016, -10.205366134643555, -11.103605270385742]",1,1,True,"['A', 'D']","['A', 'D']"
5abd259d55429924427fcf1a::working_set_pack_a,5abd259d55429924427fcf1a,"['A', 'B', 'C', 'D', 'E', 'F']","[1, 1, 0, 0, 0, 0]","[-4.225650787353516, 25.860469818115234, -6.64109468460083, -5.267482757568359, -5.086226940155029, -4.640012741088867]","[-4.225650787353516, 25.860469818115234, -6.64109468460083, -5.267482757568359, -5.086226940155029, -4.640012741088867]","[-4.225650787353516, 25.860469818115234, -6.64109468460083, -5.267482757568359, -5.086226940155029, -4.640012741088867]",1,1,True,"['A', 'B']","['A', 'B']"
5abd259d55429924427fcf1a::active_set_pack_a,5abd259d55429924427fcf1a,"['A', 'B', 'C', 'D', 'E', 'F']","[1, 1, 0, 0, 0, 0]","[-4.136996746063232, 25.82052993774414, -6.549894332885742, -5.399385929107666, -5.137506484985352, -4.5967535972595215]","[-4.136996746063232, 25.82052993774414, -6.549894332885742, -5.399385929107666, -5.137506484985352, -4.5967535972595215]","[-4.136996746063232, 25.82052993774414, -6.549894332885742, -5.399385929107666, -5.137506484985352, -4.5967535972595215]",1,1,True,"['A', 'B']","['A', 'B']"
5abd259d55429924427fcf1a::working_set_pack_b,5abd259d55429924427fcf1a,"['A', 'B', 'C', 'D', 'E', 'F']","[1, 1, 0, 0, 0, 0]","[-4.848935604095459, 29.063282012939453, -7.519889831542969, -6.214793682098389, -5.5048627853393555, -4.974788665771484]","[-4.848935604095459, 29.063282012939453, -7.519889831542969, -6.214793682098389, -5.5048627853393555, -4.974788665771484]","[-4.848935604095459, 29.063282012939453, -7.519889831542969, -6.214793682098389, -5.5048627853393555, -4.974788665771484]",1,1,True,"['A', 'B']","['A', 'B']"
5abd259d55429924427fcf1a::active_set_pack_b,5abd259d55429924427fcf1a,"['A', 'B', 'C', 'D', 'E', 'F']","[1, 1, 0, 0, 0, 0]","[-4.698798656463623, 29.771974563598633, -7.757896900177002, -6.200466632843018, -5.891919136047363, -5.222898006439209]","[-4.698798656463623, 29.771974563598633, -7.757896900177002, -6.200466632843018, -5.891919136047363, -5.222898006439209]","[-4.698798656463623, 29.771974563598633, -7.757896900177002, -6.200466632843018, -5.891919136047363, -5.222898006439209]",1,1,True,"['A', 'B']","['A', 'B']"
5a8a3e745542996c9b8d5e70::working_set_pack_a,5a8a3e745542996c9b8d5e70,"['A', 'B', 'C', 'D', 'E', 'F']","[0, 1, 0, 0, 1, 0]","[-8.61226749420166, -9.427679061889648, -9.817489624023438, -8.320768356323242, 43.973121643066406, -7.794906139373779]","[-8.61226749420166, -9.427679061889648, -9.817489624023438, -8.320768356323242, 43.973121643066406, -7.794906139373779]","[-8.61226749420166, -9.427679061889648, -9.817489624023438, -8.320768356323242, 43.973121643066406, -7.794906139373779]",1,1,True,"['B', 'E']","['B', 'E']"
5a8a3e745542996c9b8d5e70::active_set_pack_a,5a8a3e745542996c9b8d5e70,"['A', 'B', 'C', 'D', 'E', 'F']","[0, 1, 0, 0, 1, 0]","[-8.375309944152832, -9.386679649353027, -9.601581573486328, -8.165461540222168, 43.26186752319336, -7.7328386306762695]","[-8.375309944152832, -9.386679649353027, -9.601581573486328, -8.165461540222168, 43.26186752319336, -7.7328386306762695]","[-8.375309944152832, -9.386679649353027, -9.601581573486328, -8.165461540222168, 43.26186752319336, -7.7328386306762695]",1,1,True,"['B', 'E']","['B', 'E']"
5a8a3e745542996c9b8d5e70::working_set_pack_b,5a8a3e745542996c9b8d5e70,"['A', 'B', 'C', 'D', 'E', 'F']","[0, 1, 0, 0, 1, 0]","[-10.743836402893066, -10.51526927947998, -11.74567985534668, -10.667819023132324, 55.452171325683594, -11.77956485748291]","[-10.743836402893066, -10.51526927947998, -11.74567985534668, -10.667819023132324, 55.452171325683594, -11.77956485748291]","[-10.743836402893066, -10.51526927947998, -11.74567985534668, -10.667819023132324, 55.452171325683594, -11.77956485748291]",1,1,True,"['B', 'E']","['B', 'E']"
5a8a3e745542996c9b8d5e70::active_set_pack_b,5a8a3e745542996c9b8d5e70,"['A', 'B', 'C', 'D', 'E', 'F']","[0, 1, 0, 0, 1, 0]","[-10.411201477050781, -10.204669952392578, -11.93898868560791, -10.264293670654297, 53.461612701416016, -10.64246654510498]","[-10.411201477050781, -10.204669952392578, -11.93898868560791, -10.264293670654297, 53.461612701416016, -10.64246654510498]","[-10.411201477050781, -10.204669952392578, -11.93898868560791, -10.264293670654297, 53.461612701416016, -10.64246654510498]",1,1,True,"['B', 'E']","['B', 'E']"
5ac23ff0554299636651994d::working_set_pack_a,5ac23ff0554299636651994d,"['A', 'B', 'C', 'D', 'E', 'F']","[0, 0, 0, 1, 0, 1]","[-4.849408149719238, -6.347768783569336, -6.5337395668029785, -6.073741912841797, -11.987382888793945, 35.79204559326172]","[-4.849408149719238, -6.347768783569336, -6.5337395668029785, -6.073741912841797, -11.987382888793945, 35.79204559326172]","[-4.849408149719238, -6.347768783569336, -6.5337395668029785, -6.073741912841797, -11.987382888793945, 35.79204559326172]",1,1,False,"['A', 'F']","['D', 'F']"
5ac23ff0554299636651994d::active_set_pack_a,5ac23ff0554299636651994d,"['A', 'B', 'C', 'D', 'E', 'F']","[0, 0, 0, 1, 0, 1]","[-4.441789627075195, -6.14571475982666, -6.8479905128479, -5.7958502769470215, -10.215843200683594, 33.44718933105469]","[-4.441789627075195, -6.14571475982666, -6.8479905128479, -5.7958502769470215, -10.215843200683594, 33.44718933105469]","[-4.441789627075195, -6.14571475982666, -6.8479905128479, -5.7958502769470215, -10.215843200683594, 33.44718933105469]",1,1,False,"['A', 'F']","['D', 'F']"
5ac23ff0554299636651994d::working_set_pack_b,5ac23ff0554299636651994d,"['A', 'B', 'C', 'D', 'E', 'F']","[0, 0, 0, 1, 0, 1]","[-3.7374141216278076, -5.626002788543701, -6.982342720031738, -4.659675598144531, -10.201311111450195, 31.206743240356445]","[-3.7374141216278076, -5.626002788543701, -6.982342720031738, -4.659675598144531, -10.201311111450195, 31.206743240356445]","[-3.7374141216278076, -5.626002788543701, -6.982342720031738, -4.659675598144531, -10.201311111450195, 31.206743240356445]",1,1,False,"['A', 'F']","['D', 'F']"
5ac23ff0554299636651994d::active_set_pack_b,5ac23ff0554299636651994d,"['A', 'B', 'C', 'D', 'E', 'F']","[0, 0, 0, 1, 0, 1]","[-3.7045836448669434, -5.289674758911133, -5.956746578216553, -5.216500282287598, -16.548437118530273, 36.7159423828125]","[-3.7045836448669434, -5.289674758911133, -5.956746578216553, -5.216500282287598, -16.548437118530273, 36.7159423828125]","[-3.7045836448669434, -5.289674758911133, -5.956746578216553, -5.216500282287598, -16.548437118530273, 36.7159423828125]",1,1,False,"['A', 'F']","['D', 'F']"
5ae4a3265542995ad6573de5::working_set_pack_a,5ae4a3265542995ad6573de5,"['A', 'B', 'C', 'D', 'E', 'F']","[0, 0, 1, 0, 1, 0]","[-11.581533432006836, -11.91716194152832, 50.135658264160156, -5.016457557678223, -10.375096321105957, -11.245404243469238]","[-11.581533432006836, -11.91716194152832, 50.135658264160156, -5.016457557678223, -10.375096321105957, -11.245404243469238]","[-11.581533432006836, -11.91716194152832, 50.135658264160156, -5.016457557678223, -10.375096321105957, -11.245404243469238]",1,1,True,"['C', 'E']","['C', 'E']"
5ae4a3265542995ad6573de5::active_set_pack_a,5ae4a3265542995ad6573de5,"['A', 'B', 'C', 'D', 'E', 'F']","[0, 0, 1, 0, 1, 0]","[-12.263916969299316, -12.649311065673828, 53.60140609741211, -5.798498153686523, -11.096439361572266, -11.793238639831543]","[-12.263916969299316, -12.649311065673828, 53.60140609741211, -5.798498153686523, -11.096439361572266, -11.793238639831543]","[-12.263916969299316, -12.649311065673828, 53.60140609741211, -5.798498153686523, -11.096439361572266, -11.793238639831543]",1,1,False,"['C', 'F']","['C', 'E']"
5ae4a3265542995ad6573de5::working_set_pack_b,5ae4a3265542995ad6573de5,"['A', 'B', 'C', 'D', 'E', 'F']","[0, 0, 1, 0, 1, 0]","[-10.822447776794434, -11.239825248718262, 53.7442626953125, -11.531147003173828, -9.248043060302734, -10.902815818786621]","[-10.822447776794434, -11.239825248718262, 53.7442626953125, -11.531147003173828, -9.248043060302734, -10.902815818786621]","[-10.822447776794434, -11.239825248718262, 53.7442626953125, -11.531147003173828, -9.248043060302734, -10.902815818786621]",1,1,True,"['C', 'E']","['C', 'E']"
5ae4a3265542995ad6573de5::active_set_pack_b,5ae4a3265542995ad6573de5,"['A', 'B', 'C', 'D', 'E', 'F']","[0, 0, 1, 0, 1, 0]","[-9.999591827392578, -10.017529487609863, 50.023536682128906, -10.348944664001465, -9.931702613830566, -9.725781440734863]","[-9.999591827392578, -10.017529487609863, 50.023536682128906, -10.348944664001465, -9.931702613830566, -9.725781440734863]","[-9.999591827392578, -10.017529487609863, 50.023536682128906, -10.348944664001465, -9.931702613830566, -9.725781440734863]",1,1,True,"['C', 'E']","['C', 'E']"
5a7a06935542990198eaf050::working_set_pack_a,5a7a06935542990198eaf050,"['A', 'B', 'C', 'D', 'E', 'F']","[0, 1, 0, 0, 0, 1]","[-7.32230806350708, 35.07317352294922, -7.421364784240723, -6.771137237548828, -7.0280985832214355, -6.530264854431152]","[-7.32230806350708, 35.07317352294922, -7.421364784240723, -6.771137237548828, -7.0280985832214355, -6.530264854431152]","[-7.32230806350708, 35.07317352294922, -7.421364784240723, -6.771137237548828, -7.0280985832214355, -6.530264854431152]",1,1,True,"['B', 'F']","['B', 'F']"
5a7a06935542990198eaf050::active_set_pack_a,5a7a06935542990198eaf050,"['A', 'B', 'C', 'D', 'E', 'F']","[0, 1, 0, 0, 0, 1]","[-8.223145484924316, 39.31999206542969, -8.372052192687988, -7.637019157409668, -7.746484756469727, -7.341294288635254]","[-8.223145484924316, 39.31999206542969, -8.372052192687988, -7.637019157409668, -7.746484756469727, -7.341294288635254]","[-8.223145484924316, 39.31999206542969, -8.372052192687988, -7.637019157409668, -7.746484756469727, -7.341294288635254]",1,1,True,"['B', 'F']","['B', 'F']"
5a7a06935542990198eaf050::working_set_pack_b,5a7a06935542990198eaf050,"['A', 'B', 'C', 'D', 'E', 'F']","[0, 1, 0, 0, 0, 1]","[-11.937562942504883, 53.0713996887207, -12.27993392944336, -5.235729694366455, -12.286709785461426, -11.331459045410156]","[-11.937562942504883, 53.0713996887207, -12.27993392944336, -5.235729694366455, -12.286709785461426, -11.331459045410156]","[-11.937562942504883, 53.0713996887207, -12.27993392944336, -5.235729694366455, -12.286709785461426, -11.331459045410156]",1,1,True,"['B', 'F']","['B', 'F']"
5a7a06935542990198eaf050::active_set_pack_b,5a7a06935542990198eaf050,"['A', 'B', 'C', 'D', 'E', 'F']","[0, 1, 0, 0, 0, 1]","[-10.948232650756836, 47.71310806274414, -11.58967113494873, -3.633168935775757, -11.1332368850708, -10.408802032470703]","[-10.948232650756836, 47.71310806274414, -11.58967113494873, -3.633168935775757, -11.1332368850708, -10.408802032470703]","[-10.948232650756836, 47.71310806274414, -11.58967113494873, -3.633168935775757, -11.1332368850708, -10.408802032470703]",1,1,True,"['B', 'F']","['B', 'F']"
5a879ab05542996e4f30887e::working_set_pack_a,5a879ab05542996e4f30887e,"['A', 'B', 'C', 'D', 'E', 'F']","[1, 0, 0, 0, 0, 1]","[-9.746562957763672, -11.07374095916748, -9.755013465881348, -11.370545387268066, -12.469501495361328, 54.415367126464844]","[-9.746562957763672, -11.07374095916748, -9.755013465881348, -11.370545387268066, -12.469501495361328, 54.415367126464844]","[-9.746562957763672, -11.07374095916748, -9.755013465881348, -11.370545387268066, -12.469501495361328, 54.415367126464844]",1,1,True,"['A', 'F']","['A', 'F']"
5a879ab05542996e4f30887e::active_set_pack_a,5a879ab05542996e4f30887e,"['A', 'B', 'C', 'D', 'E', 'F']","[1, 0, 0, 0, 0, 1]","[-8.400131225585938, -10.059249877929688, -8.593828201293945, -10.254741668701172, -11.510634422302246, 48.81857681274414]","[-8.400131225585938, -10.059249877929688, -8.593828201293945, -10.254741668701172, -11.510634422302246, 48.81857681274414]","[-8.400131225585938, -10.059249877929688, -8.593828201293945, -10.254741668701172, -11.510634422302246, 48.81857681274414]",1,1,True,"['A', 'F']","['A', 'F']"
5a879ab05542996e4f30887e::working_set_pack_b,5a879ab05542996e4f30887e,"['A', 'B', 'C', 'D', 'E', 'F']","[1, 0, 0, 0, 0, 1]","[-10.052206993103027, -11.549111366271973, -10.394021034240723, -11.898905754089355, -12.661295890808105, 56.55554962158203]","[-10.052206993103027, -11.549111366271973, -10.394021034240723, -11.898905754089355, -12.661295890808105, 56.55554962158203]","[-10.052206993103027, -11.549111366271973, -10.394021034240723, -11.898905754089355, -12.661295890808105, 56.55554962158203]",1,1,True,"['A', 'F']","['A', 'F']"
5a879ab05542996e4f30887e::active_set_pack_b,5a879ab05542996e4f30887e,"['A', 'B', 'C', 'D', 'E', 'F']","[1, 0, 0, 0, 0, 1]","[-9.49304485321045, -11.234273910522461, -9.613579750061035, -11.72628402709961, -12.77407455444336, 54.84124755859375]","[-9.49304485321045, -11.234273910522461, -9.613579750061035, -11.72628402709961, -12.77407455444336, 54.84124755859375]","[-9.49304485321045, -11.234273910522461, -9.613579750061035, -11.72628402709961, -12.77407455444336, 54.84124755859375]",1,1,True,"['A', 'F']","['A', 'F']"
5a84dd955542997b5ce3ff79::working_set_pack_a,5a84dd955542997b5ce3ff79,"['A', 'B', 'C', 'D', 'E', 'F']","[0, 1, 0, 1, 0, 0]","[-5.374282360076904, 26.725452423095703, -5.265531063079834, -5.462996959686279, -5.139312744140625, -5.483329772949219]","[-5.374282360076904, 26.725452423095703, -5.265531063079834, -5.462996959686279, -5.139312744140625, -5.483329772949219]","[-5.374282360076904, 26.725452423095703, -5.265531063079834, -5.462996959686279, -5.139312744140625, -5.483329772949219]",1,1,True,"['B', 'D']","['B', 'D']"
5a84dd955542997b5ce3ff79::active_set_pack_a,5a84dd955542997b5ce3ff79,"['A', 'B', 'C', 'D', 'E', 'F']","[0, 1, 0, 1, 0, 0]","[-5.416525363922119, 26.928346633911133, -5.346356391906738, -5.476382732391357, -5.241203784942627, -5.447878360748291]","[-5.416525363922119, 26.928346633911133, -5.346356391906738, -5.476382732391357, -5.241203784942627, -5.447878360748291]","[-5.416525363922119, 26.928346633911133, -5.346356391906738, -5.476382732391357, -5.241203784942627, -5.447878360748291]",1,1,True,"['B', 'D']","['B', 'D']"
5a84dd955542997b5ce3ff79::working_set_pack_b,5a84dd955542997b5ce3ff79,"['A', 'B', 'C', 'D', 'E', 'F']","[0, 1, 0, 1, 0, 0]","[-4.879956245422363, 29.435508728027344, -4.820610046386719, -5.2845845222473145, -4.990970611572266, -9.459383964538574]","[-4.879956245422363, 29.435508728027344, -4.820610046386719, -5.2845845222473145, -4.990970611572266, -9.459383964538574]","[-4.879956245422363, 29.435508728027344, -4.820610046386719, -5.2845845222473145, -4.990970611572266, -9.459383964538574]",1,1,True,"['B', 'D']","['B', 'D']"
5a84dd955542997b5ce3ff79::active_set_pack_b,5a84dd955542997b5ce3ff79,"['A', 'B', 'C', 'D', 'E', 'F']","[0, 1, 0, 1, 0, 0]","[-7.201815605163574, 37.040592193603516, -6.980895042419434, -7.49432897567749, -7.247864723205566, -8.115686416625977]","[-7.201815605163574, 37.040592193603516, -6.980895042419434, -7.49432897567749, -7.247864723205566, -8.115686416625977]","[-7.201815605163574, 37.040592193603516, -6.980895042419434, -7.49432897567749, -7.247864723205566, -8.115686416625977]",1,1,False,"['B', 'C']","['B', 'D']"
5a7d0db955429909bec76924::working_set_pack_a,5a7d0db955429909bec76924,"['A', 'B', 'C', 'D', 'E', 'F']","[0, 0, 0, 0, 1, 1]","[-13.633421897888184, -13.845666885375977, -8.79499340057373, -13.052966117858887, 52.05345916748047, -2.726381778717041]","[-13.633421897888184, -13.845666885375977, -8.79499340057373, -13.052966117858887, 52.05345916748047, -2.726381778717041]","[-13.633421897888184, -13.845666885375977, -8.79499340057373, -13.052966117858887, 52.05345916748047, -2.726381778717041]",1,1,True,"['E', 'F']","['E', 'F']"
5a7d0db955429909bec76924::active_set_pack_a,5a7d0db955429909bec76924,"['A', 'B', 'C', 'D', 'E', 'F']","[0, 0, 0, 0, 1, 1]","[-13.036198616027832, -13.156623840332031, -8.803861618041992, -12.538825988769531, 49.25495147705078, -1.7194432020187378]","[-13.036198616027832, -13.156623840332031, -8.803861618041992, -12.538825988769531, 49.25495147705078, -1.7194432020187378]","[-13.036198616027832, -13.156623840332031, -8.803861618041992, -12.538825988769531, 49.25495147705078, -1.7194432020187378]",1,1,True,"['E', 'F']","['E', 'F']"
5a7d0db955429909bec76924::working_set_pack_b,5a7d0db955429909bec76924,"['A', 'B', 'C', 'D', 'E', 'F']","[0, 0, 0, 0, 1, 1]","[-14.874775886535645, -14.948237419128418, -10.256150245666504, -14.473710060119629, 61.535728454589844, -6.982858657836914]","[-14.874775886535645, -14.948237419128418, -10.256150245666504, -14.473710060119629, 61.535728454589844, -6.982858657836914]","[-14.874775886535645, -14.948237419128418, -10.256150245666504, -14.473710060119629, 61.535728454589844, -6.982858657836914]",1,1,True,"['E', 'F']","['E', 'F']"
5a7d0db955429909bec76924::active_set_pack_b,5a7d0db955429909bec76924,"['A', 'B', 'C', 'D', 'E', 'F']","[0, 0, 0, 0, 1, 1]","[-15.118006706237793, -15.211751937866211, -10.174726486206055, -14.682109832763672, 61.53205871582031, -6.3454694747924805]","[-15.118006706237793, -15.211751937866211, -10.174726486206055, -14.682109832763672, 61.53205871582031, -6.3454694747924805]","[-15.118006706237793, -15.211751937866211, -10.174726486206055, -14.682109832763672, 61.53205871582031, -6.3454694747924805]",1,1,True,"['E', 'F']","['E', 'F']"
5abd90545542996e802b47d7::working_set_pack_a,5abd90545542996e802b47d7,"['A', 'B', 'C', 'D', 'E', 'F']","[0, 0, 0, 1, 0, 1]","[-10.911529541015625, -10.716025352478027, -11.57833480834961, -9.92357063293457, -13.317021369934082, 56.446475982666016]","[-10.911529541015625, -10.716025352478027, -11.57833480834961, -9.92357063293457, -13.317021369934082, 56.446475982666016]","[-10.911529541015625, -10.716025352478027, -11.57833480834961, -9.92357063293457, -13.317021369934082, 56.446475982666016]",1,1,True,"['D', 'F']","['D', 'F']"
5abd90545542996e802b47d7::active_set_pack_a,5abd90545542996e802b47d7,"['A', 'B', 'C', 'D', 'E', 'F']","[0, 0, 0, 1, 0, 1]","[-9.904701232910156, -9.860394477844238, -10.754738807678223, -8.447965621948242, -13.123881340026855, 52.0916748046875]","[-9.904701232910156, -9.860394477844238, -10.754738807678223, -8.447965621948242, -13.123881340026855, 52.0916748046875]","[-9.904701232910156, -9.860394477844238, -10.754738807678223, -8.447965621948242, -13.123881340026855, 52.0916748046875]",1,1,True,"['D', 'F']","['D', 'F']"
5abd90545542996e802b47d7::working_set_pack_b,5abd90545542996e802b47d7,"['A', 'B', 'C', 'D', 'E', 'F']","[0, 0, 0, 1, 0, 1]","[-10.336565971374512, -10.003711700439453, -11.135892868041992, -9.404136657714844, -13.979923248291016, 54.8602180480957]","[-10.336565971374512, -10.003711700439453, -11.135892868041992, -9.404136657714844, -13.979923248291016, 54.8602180480957]","[-10.336565971374512, -10.003711700439453, -11.135892868041992, -9.404136657714844, -13.979923248291016, 54.8602180480957]",1,1,True,"['D', 'F']","['D', 'F']"
5abd90545542996e802b47d7::active_set_pack_b,5abd90545542996e802b47d7,"['A', 'B', 'C', 'D', 'E', 'F']","[0, 0, 0, 1, 0, 1]","[-10.827188491821289, -10.623152732849121, -11.786612510681152, -9.685418128967285, -14.138192176818848, 57.06056213378906]","[-10.827188491821289, -10.623152732849121, -11.786612510681152, -9.685418128967285, -14.138192176818848, 57.06056213378906]","[-10.827188491821289, -10.623152732849121, -11.786612510681152, -9.685418128967285, -14.138192176818848, 57.06056213378906]",1,1,True,"['D', 'F']","['D', 'F']"
5a7722d655429966f1a36c99::working_set_pack_a,5a7722d655429966f1a36c99,"['A', 'B', 'C', 'D', 'E', 'F']","[1, 0, 0, 0, 1, 0]","[-2.441312789916992, -4.582045555114746, -7.547920227050781, -5.815046787261963, 29.712026596069336, -9.325697898864746]","[-2.441312789916992, -4.582045555114746, -7.547920227050781, -5.815046787261963, 29.712026596069336, -9.325697898864746]","[-2.441312789916992, -4.582045555114746, -7.547920227050781, -5.815046787261963, 29.712026596069336, -9.325697898864746]",1,1,True,"['A', 'E']","['A', 'E']"
5a7722d655429966f1a36c99::active_set_pack_a,5a7722d655429966f1a36c99,"['A', 'B', 'C', 'D', 'E', 'F']","[1, 0, 0, 0, 1, 0]","[-3.51603102684021, -4.737039089202881, -7.920408725738525, -6.272089958190918, 31.628814697265625, -9.183245658874512]","[-3.51603102684021, -4.737039089202881, -7.920408725738525, -6.272089958190918, 31.628814697265625, -9.183245658874512]","[-3.51603102684021, -4.737039089202881, -7.920408725738525, -6.272089958190918, 31.628814697265625, -9.183245658874512]",1,1,True,"['A', 'E']","['A', 'E']"
5a7722d655429966f1a36c99::working_set_pack_b,5a7722d655429966f1a36c99,"['A', 'B', 'C', 'D', 'E', 'F']","[1, 0, 0, 0, 1, 0]","[-3.403700590133667, -6.031215190887451, -9.133667945861816, -7.509191036224365, 37.81452941894531, -11.73676586151123]","[-3.403700590133667, -6.031215190887451, -9.133667945861816, -7.509191036224365, 37.81452941894531, -11.73676586151123]","[-3.403700590133667, -6.031215190887451, -9.133667945861816, -7.509191036224365, 37.81452941894531, -11.73676586151123]",1,1,True,"['A', 'E']","['A', 'E']"
5a7722d655429966f1a36c99::active_set_pack_b,5a7722d655429966f1a36c99,"['A', 'B', 'C', 'D', 'E', 'F']","[1, 0, 0, 0, 1, 0]","[-1.3332984447479248, -4.853362560272217, -8.181589126586914, -6.52660608291626, 31.81920623779297, -10.924348831176758]","[-1.3332984447479248, -4.853362560272217, -8.181589126586914, -6.52660608291626, 31.81920623779297, -10.924348831176758]","[-1.3332984447479248, -4.853362560272217, -8.181589126586914, -6.52660608291626, 31.81920623779297, -10.924348831176758]",1,1,True,"['A', 'E']","['A', 'E']"
5ade025e5542997dc790711e::working_set_pack_a,5ade025e5542997dc790711e,"['A', 'B', 'C', 'D', 'E', 'F']","[0, 0, 1, 0, 0, 1]","[-5.471468925476074, -5.956303119659424, -8.267373085021973, -5.2423319816589355, -8.023782730102539, 32.96126174926758]","[-5.471468925476074, -5.956303119659424, -8.267373085021973, -5.2423319816589355, -8.023782730102539, 32.96126174926758]","[-5.471468925476074, -5.956303119659424, -8.267373085021973, -5.2423319816589355, -8.023782730102539, 32.96126174926758]",1,1,True,"['C', 'F']","['C', 'F']"
5ade025e5542997dc790711e::active_set_pack_a,5ade025e5542997dc790711e,"['A', 'B', 'C', 'D', 'E', 'F']","[0, 0, 1, 0, 0, 1]","[-5.006807804107666, -5.508266448974609, -9.2139253616333, -4.8532586097717285, -6.758228302001953, 31.340482711791992]","[-5.006807804107666, -5.508266448974609, -9.2139253616333, -4.8532586097717285, -6.758228302001953, 31.340482711791992]","[-5.006807804107666, -5.508266448974609, -9.2139253616333, -4.8532586097717285, -6.758228302001953, 31.340482711791992]",1,1,True,"['C', 'F']","['C', 'F']"
5ade025e5542997dc790711e::working_set_pack_b,5ade025e5542997dc790711e,"['A', 'B', 'C', 'D', 'E', 'F']","[0, 0, 1, 0, 0, 1]","[-6.65200138092041, -7.12156867980957, -9.401568412780762, -6.269387722015381, -9.879895210266113, 39.324424743652344]","[-6.65200138092041, -7.12156867980957, -9.401568412780762, -6.269387722015381, -9.879895210266113, 39.324424743652344]","[-6.65200138092041, -7.12156867980957, -9.401568412780762, -6.269387722015381, -9.879895210266113, 39.324424743652344]",1,1,True,"['C', 'F']","['C', 'F']"
5ade025e5542997dc790711e::active_set_pack_b,5ade025e5542997dc790711e,"['A', 'B', 'C', 'D', 'E', 'F']","[0, 0, 1, 0, 0, 1]","[-6.506775379180908, -7.188896656036377, -9.580135345458984, -5.865670204162598, -9.388870239257812, 38.530357360839844]","[-6.506775379180908, -7.188896656036377, -9.580135345458984, -5.865670204162598, -9.388870239257812, 38.530357360839844]","[-6.506775379180908, -7.188896656036377, -9.580135345458984, -5.865670204162598, -9.388870239257812, 38.530357360839844]",1,1,True,"['C', 'F']","['C', 'F']"
5ab381b155429969a97a816b::working_set_pack_a,5ab381b155429969a97a816b,"['A', 'B', 'C', 'D', 'E', 'F']","[0, 0, 0, 0, 1, 1]","[-9.446672439575195, -10.139495849609375, -9.066216468811035, -10.999340057373047, 34.527835845947266, 5.123875617980957]","[-9.446672439575195, -10.139495849609375, -9.066216468811035, -10.999340057373047, 34.527835845947266, 5.123875617980957]","[-9.446672439575195, -10.139495849609375, -9.066216468811035, -10.999340057373047, 34.527835845947266, 5.123875617980957]",1,1,True,"['E', 'F']","['E', 'F']"
5ab381b155429969a97a816b::active_set_pack_a,5ab381b155429969a97a816b,"['A', 'B', 'C', 'D', 'E', 'F']","[0, 0, 0, 0, 1, 1]","[-9.765060424804688, -10.37819766998291, -9.29270076751709, -11.470427513122559, 32.98016357421875, 7.92622184753418]","[-9.765060424804688, -10.37819766998291, -9.29270076751709, -11.470427513122559, 32.98016357421875, 7.92622184753418]","[-9.765060424804688, -10.37819766998291, -9.29270076751709, -11.470427513122559, 32.98016357421875, 7.92622184753418]",1,1,True,"['E', 'F']","['E', 'F']"
5ab381b155429969a97a816b::working_set_pack_b,5ab381b155429969a97a816b,"['A', 'B', 'C', 'D', 'E', 'F']","[0, 0, 0, 0, 1, 1]","[-10.636994361877441, -11.388954162597656, -10.021928787231445, -12.84849739074707, 33.22691345214844, 11.669472694396973]","[-10.636994361877441, -11.388954162597656, -10.021928787231445, -12.84849739074707, 33.22691345214844, 11.669472694396973]","[-10.636994361877441, -11.388954162597656, -10.021928787231445, -12.84849739074707, 33.22691345214844, 11.669472694396973]",1,1,True,"['E', 'F']","['E', 'F']"
5ab381b155429969a97a816b::active_set_pack_b,5ab381b155429969a97a816b,"['A', 'B', 'C', 'D', 'E', 'F']","[0, 0, 0, 0, 1, 1]","[-10.466712951660156, -11.178884506225586, -9.930027961730957, -12.494511604309082, 39.673221588134766, 4.396913051605225]","[-10.466712951660156, -11.178884506225586, -9.930027961730957, -12.494511604309082, 39.673221588134766, 4.396913051605225]","[-10.466712951660156, -11.178884506225586, -9.930027961730957, -12.494511604309082, 39.673221588134766, 4.396913051605225]",1,1,True,"['E', 'F']","['E', 'F']"
5ac2a5d455429921a00ab01b::working_set_pack_a,5ac2a5d455429921a00ab01b,"['A', 'B', 'C', 'D', 'E', 'F']","[0, 1, 0, 0, 1, 0]","[-9.7665433883667, -9.012422561645508, -7.3618974685668945, -8.723154067993164, 42.88486862182617, -8.020854949951172]","[-9.7665433883667, -9.012422561645508, -7.3618974685668945, -8.723154067993164, 42.88486862182617, -8.020854949951172]","[-9.7665433883667, -9.012422561645508, -7.3618974685668945, -8.723154067993164, 42.88486862182617, -8.020854949951172]",1,1,True,"['B', 'E']","['B', 'E']"
5ac2a5d455429921a00ab01b::active_set_pack_a,5ac2a5d455429921a00ab01b,"['A', 'B', 'C', 'D', 'E', 'F']","[0, 1, 0, 0, 1, 0]","[-9.327064514160156, -8.445953369140625, -6.978071689605713, -8.437631607055664, 41.72334671020508, -8.534628868103027]","[-9.327064514160156, -8.445953369140625, -6.978071689605713, -8.437631607055664, 41.72334671020508, -8.534628868103027]","[-9.327064514160156, -8.445953369140625, -6.978071689605713, -8.437631607055664, 41.72334671020508, -8.534628868103027]",1,1,True,"['B', 'E']","['B', 'E']"
5ac2a5d455429921a00ab01b::working_set_pack_b,5ac2a5d455429921a00ab01b,"['A', 'B', 'C', 'D', 'E', 'F']","[0, 1, 0, 0, 1, 0]","[-10.526518821716309, -9.950200080871582, -8.128413200378418, -9.458142280578613, 46.615631103515625, -8.552366256713867]","[-10.526518821716309, -9.950200080871582, -8.128413200378418, -9.458142280578613, 46.615631103515625, -8.552366256713867]","[-10.526518821716309, -9.950200080871582, -8.128413200378418, -9.458142280578613, 46.615631103515625, -8.552366256713867]",1,1,False,"['C', 'E']","['B', 'E']"
5ac2a5d455429921a00ab01b::active_set_pack_b,5ac2a5d455429921a00ab01b,"['A', 'B', 'C', 'D', 'E', 'F']","[0, 1, 0, 0, 1, 0]","[-11.555540084838867, -11.592848777770996, -9.277832984924316, -10.138985633850098, 52.10507583618164, -9.539872169494629]","[-11.555540084838867, -11.592848777770996, -9.277832984924316, -10.138985633850098, 52.10507583618164, -9.539872169494629]","[-11.555540084838867, -11.592848777770996, -9.277832984924316, -10.138985633850098, 52.10507583618164, -9.539872169494629]",1,1,False,"['C', 'E']","['B', 'E']"
5adc1309554299438c868d3b::working_set_pack_a,5adc1309554299438c868d3b,"['A', 'B', 'C', 'D', 'E', 'F']","[0, 0, 0, 1, 0, 1]","[-13.410909652709961, -12.812615394592285, -13.957477569580078, 51.869659423828125, -14.781617164611816, 3.0929527282714844]","[-13.410909652709961, -12.812615394592285, -13.957477569580078, 51.869659423828125, -14.781617164611816, 3.0929527282714844]","[-13.410909652709961, -12.812615394592285, -13.957477569580078, 51.869659423828125, -14.781617164611816, 3.0929527282714844]",1,1,True,"['D', 'F']","['D', 'F']"
5adc1309554299438c868d3b::active_set_pack_a,5adc1309554299438c868d3b,"['A', 'B', 'C', 'D', 'E', 'F']","[0, 0, 0, 1, 0, 1]","[-12.64644718170166, -11.954610824584961, -13.152898788452148, 48.26322555541992, -14.296553611755371, 3.7872884273529053]","[-12.64644718170166, -11.954610824584961, -13.152898788452148, 48.26322555541992, -14.296553611755371, 3.7872884273529053]","[-12.64644718170166, -11.954610824584961, -13.152898788452148, 48.26322555541992, -14.296553611755371, 3.7872884273529053]",1,1,True,"['D', 'F']","['D', 'F']"
5adc1309554299438c868d3b::working_set_pack_b,5adc1309554299438c868d3b,"['A', 'B', 'C', 'D', 'E', 'F']","[0, 0, 0, 1, 0, 1]","[-15.497130393981934, -14.196516990661621, -15.963162422180176, 45.50997543334961, -17.567955017089844, 17.714784622192383]","[-15.497130393981934, -14.196516990661621, -15.963162422180176, 45.50997543334961, -17.567955017089844, 17.714784622192383]","[-15.497130393981934, -14.196516990661621, -15.963162422180176, 45.50997543334961, -17.567955017089844, 17.714784622192383]",1,1,True,"['D', 'F']","['D', 'F']"
5adc1309554299438c868d3b::active_set_pack_b,5adc1309554299438c868d3b,"['A', 'B', 'C', 'D', 'E', 'F']","[0, 0, 0, 1, 0, 1]","[-15.060940742492676, -13.786526679992676, -15.801727294921875, 51.20592498779297, -16.4200382232666, 9.863300323486328]","[-15.060940742492676, -13.786526679992676, -15.801727294921875, 51.20592498779297, -16.4200382232666, 9.863300323486328]","[-15.060940742492676, -13.786526679992676, -15.801727294921875, 51.20592498779297, -16.4200382232666, 9.863300323486328]",1,1,True,"['D', 'F']","['D', 'F']"
5a83168855429966c78a6b2e::working_set_pack_a,5a83168855429966c78a6b2e,"['A', 'B', 'C', 'D', 'E', 'F']","[0, 0, 0, 1, 1, 0]","[-11.543229103088379, -13.29638385772705, -12.619274139404297, 53.713409423828125, -3.048305034637451, -13.206225395202637]","[-11.543229103088379, -13.29638385772705, -12.619274139404297, 53.713409423828125, -3.048305034637451, -13.206225395202637]","[-11.543229103088379, -13.29638385772705, -12.619274139404297, 53.713409423828125, -3.048305034637451, -13.206225395202637]",1,1,True,"['D', 'E']","['D', 'E']"
5a83168855429966c78a6b2e::active_set_pack_a,5a83168855429966c78a6b2e,"['A', 'B', 'C', 'D', 'E', 'F']","[0, 0, 0, 1, 1, 0]","[-10.839107513427734, -12.24629020690918, -11.605521202087402, 47.64434051513672, -0.6506388783454895, -12.302786827087402]","[-10.839107513427734, -12.24629020690918, -11.605521202087402, 47.64434051513672, -0.6506388783454895, -12.302786827087402]","[-10.839107513427734, -12.24629020690918, -11.605521202087402, 47.64434051513672, -0.6506388783454895, -12.302786827087402]",1,1,True,"['D', 'E']","['D', 'E']"
5a83168855429966c78a6b2e::working_set_pack_b,5a83168855429966c78a6b2e,"['A', 'B', 'C', 'D', 'E', 'F']","[0, 0, 0, 1, 1, 0]","[-12.7282133102417, -14.815608024597168, -13.327506065368652, 58.93142318725586, -4.35148286819458, -13.708620071411133]","[-12.7282133102417, -14.815608024597168, -13.327506065368652, 58.93142318725586, -4.35148286819458, -13.708620071411133]","[-12.7282133102417, -14.815608024597168, -13.327506065368652, 58.93142318725586, -4.35148286819458, -13.708620071411133]",1,1,True,"['D', 'E']","['D', 'E']"
5a83168855429966c78a6b2e::active_set_pack_b,5a83168855429966c78a6b2e,"['A', 'B', 'C', 'D', 'E', 'F']","[0, 0, 0, 1, 1, 0]","[-12.287055969238281, -14.807190895080566, -13.478877067565918, 60.5960807800293, -5.640030860900879, -14.38292407989502]","[-12.287055969238281, -14.807190895080566, -13.478877067565918, 60.5960807800293, -5.640030860900879, -14.38292407989502]","[-12.287055969238281, -14.807190895080566, -13.478877067565918, 60.5960807800293, -5.640030860900879, -14.38292407989502]",1,1,True,"['D', 'E']","['D', 'E']"
5ab345db55429969a97a8122::working_set_pack_a,5ab345db55429969a97a8122,"['A', 'B', 'C', 'D', 'E', 'F']","[0, 1, 1, 0, 0, 0]","[-3.560652732849121, -3.369579315185547, 24.278398513793945, -3.877657175064087, -2.923539161682129, -10.546974182128906]","[-3.560652732849121, -3.369579315185547, 24.278398513793945, -3.877657175064087, -2.923539161682129, -10.546974182128906]","[-3.560652732849121, -3.369579315185547, 24.278398513793945, -3.877657175064087, -2.923539161682129, -10.546974182128906]",1,1,True,"['B', 'C']","['B', 'C']"
5ab345db55429969a97a8122::active_set_pack_a,5ab345db55429969a97a8122,"['A', 'B', 'C', 'D', 'E', 'F']","[0, 1, 1, 0, 0, 0]","[-3.5688843727111816, -3.2717859745025635, 23.252527236938477, -3.8764071464538574, -2.8733878135681152, -9.662055969238281]","[-3.5688843727111816, -3.2717859745025635, 23.252527236938477, -3.8764071464538574, -2.8733878135681152, -9.662055969238281]","[-3.5688843727111816, -3.2717859745025635, 23.252527236938477, -3.8764071464538574, -2.8733878135681152, -9.662055969238281]",1,1,True,"['B', 'C']","['B', 'C']"
5ab345db55429969a97a8122::working_set_pack_b,5ab345db55429969a97a8122,"['A', 'B', 'C', 'D', 'E', 'F']","[0, 1, 1, 0, 0, 0]","[-5.822506427764893, -5.726882457733154, 36.346168518066406, -6.388664722442627, -5.555394649505615, -12.8527250289917]","[-5.822506427764893, -5.726882457733154, 36.346168518066406, -6.388664722442627, -5.555394649505615, -12.8527250289917]","[-5.822506427764893, -5.726882457733154, 36.346168518066406, -6.388664722442627, -5.555394649505615, -12.8527250289917]",1,1,True,"['B', 'C']","['B', 'C']"
5ab345db55429969a97a8122::active_set_pack_b,5ab345db55429969a97a8122,"['A', 'B', 'C', 'D', 'E', 'F']","[0, 1, 1, 0, 0, 0]","[-6.474607467651367, -6.100977897644043, 38.89305877685547, -7.1606950759887695, -6.229456901550293, -12.92733097076416]","[-6.474607467651367, -6.100977897644043, 38.89305877685547, -7.1606950759887695, -6.229456901550293, -12.92733097076416]","[-6.474607467651367, -6.100977897644043, 38.89305877685547, -7.1606950759887695, -6.229456901550293, -12.92733097076416]",1,1,True,"['B', 'C']","['B', 'C']"
5adf732a5542993a75d264e9::working_set_pack_a,5adf732a5542993a75d264e9,"['A', 'B', 'C', 'D', 'E', 'F']","[1, 1, 0, 0, 0, 0]","[-7.291196346282959, 37.53794860839844, -9.161676406860352, -2.626906633377075, -10.329601287841797, -8.128565788269043]","[-7.291196346282959, 37.53794860839844, -9.161676406860352, -2.626906633377075, -10.329601287841797, -8.128565788269043]","[-7.291196346282959, 37.53794860839844, -9.161676406860352, -2.626906633377075, -10.329601287841797, -8.128565788269043]",1,1,False,"['B', 'D']","['A', 'B']"
5adf732a5542993a75d264e9::active_set_pack_a,5adf732a5542993a75d264e9,"['A', 'B', 'C', 'D', 'E', 'F']","[1, 1, 0, 0, 0, 0]","[-7.560615539550781, 38.637054443359375, -9.187840461730957, -2.3819425106048584, -11.118836402893066, -8.38782787322998]","[-7.560615539550781, 38.637054443359375, -9.187840461730957, -2.3819425106048584, -11.118836402893066, -8.38782787322998]","[-7.560615539550781, 38.637054443359375, -9.187840461730957, -2.3819425106048584, -11.118836402893066, -8.38782787322998]",1,1,False,"['B', 'D']","['A', 'B']"
5adf732a5542993a75d264e9::working_set_pack_b,5adf732a5542993a75d264e9,"['A', 'B', 'C', 'D', 'E', 'F']","[1, 1, 0, 0, 0, 0]","[-8.769742012023926, 45.18747329711914, -10.710976600646973, -3.8180758953094482, -11.968180656433105, -9.920487403869629]","[-8.769742012023926, 45.18747329711914, -10.710976600646973, -3.8180758953094482, -11.968180656433105, -9.920487403869629]","[-8.769742012023926, 45.18747329711914, -10.710976600646973, -3.8180758953094482, -11.968180656433105, -9.920487403869629]",1,1,False,"['B', 'D']","['A', 'B']"
5adf732a5542993a75d264e9::active_set_pack_b,5adf732a5542993a75d264e9,"['A', 'B', 'C', 'D', 'E', 'F']","[1, 1, 0, 0, 0, 0]","[-8.979320526123047, 45.11074447631836, -10.770537376403809, -3.6050524711608887, -11.692366600036621, -10.063470840454102]","[-8.979320526123047, 45.11074447631836, -10.770537376403809, -3.6050524711608887, -11.692366600036621, -10.063470840454102]","[-8.979320526123047, 45.11074447631836, -10.770537376403809, -3.6050524711608887, -11.692366600036621, -10.063470840454102]",1,1,False,"['B', 'D']","['A', 'B']"
5a7272eb5542997f827839d7::working_set_pack_a,5a7272eb5542997f827839d7,"['A', 'B', 'C', 'D', 'E', 'F']","[0, 0, 0, 0, 1, 1]","[-5.880970001220703, -6.24208402633667, -6.0237908363342285, -0.15356169641017914, 15.046955108642578, 3.2534584999084473]","[-5.880970001220703, -6.24208402633667, -6.0237908363342285, -0.15356169641017914, 15.046955108642578, 3.2534584999084473]","[-5.880970001220703, -6.24208402633667, -6.0237908363342285, -0.15356169641017914, 15.046955108642578, 3.2534584999084473]",1,1,False,"['D', 'E']","['E', 'F']"
5a7272eb5542997f827839d7::active_set_pack_a,5a7272eb5542997f827839d7,"['A', 'B', 'C', 'D', 'E', 'F']","[0, 0, 0, 0, 1, 1]","[-5.902276039123535, -6.398550033569336, -6.514125823974609, -0.7735927700996399, 19.143659591674805, 0.4448860287666321]","[-5.902276039123535, -6.398550033569336, -6.514125823974609, -0.7735927700996399, 19.143659591674805, 0.4448860287666321]","[-5.902276039123535, -6.398550033569336, -6.514125823974609, -0.7735927700996399, 19.143659591674805, 0.4448860287666321]",1,1,False,"['D', 'E']","['E', 'F']"
5a7272eb5542997f827839d7::working_set_pack_b,5a7272eb5542997f827839d7,"['A', 'B', 'C', 'D', 'E', 'F']","[0, 0, 0, 0, 1, 1]","[-5.983078956604004, -7.447465896606445, -6.145779132843018, 0.18134625256061554, 18.885356903076172, 0.5096202492713928]","[-5.983078956604004, -7.447465896606445, -6.145779132843018, 0.18134625256061554, 18.885356903076172, 0.5096202492713928]","[-5.983078956604004, -7.447465896606445, -6.145779132843018, 0.18134625256061554, 18.885356903076172, 0.5096202492713928]",1,1,False,"['D', 'E']","['E', 'F']"
5a7272eb5542997f827839d7::active_set_pack_b,5a7272eb5542997f827839d7,"['A', 'B', 'C', 'D', 'E', 'F']","[0, 0, 0, 0, 1, 1]","[-6.489409923553467, -7.499240875244141, -7.038307189941406, -0.2898492217063904, 23.57959747314453, -2.2627878189086914]","[-6.489409923553467, -7.499240875244141, -7.038307189941406, -0.2898492217063904, 23.57959747314453, -2.2627878189086914]","[-6.489409923553467, -7.499240875244141, -7.038307189941406, -0.2898492217063904, 23.57959747314453, -2.2627878189086914]",1,1,False,"['D', 'E']","['E', 'F']"
5ac2c3545542990b17b1548b::working_set_pack_a,5ac2c3545542990b17b1548b,"['A', 'B', 'C', 'D', 'E', 'F']","[1, 0, 0, 1, 0, 0]","[-9.364347457885742, -11.056770324707031, -10.810955047607422, 56.03466033935547, -12.586629867553711, -12.215947151184082]","[-9.364347457885742, -11.056770324707031, -10.810955047607422, 56.03466033935547, -12.586629867553711, -12.215947151184082]","[-9.364347457885742, -11.056770324707031, -10.810955047607422, 56.03466033935547, -12.586629867553711, -12.215947151184082]",1,1,True,"['A', 'D']","['A', 'D']"
5ac2c3545542990b17b1548b::active_set_pack_a,5ac2c3545542990b17b1548b,"['A', 'B', 'C', 'D', 'E', 'F']","[1, 0, 0, 1, 0, 0]","[-9.15464973449707, -10.756340026855469, -10.507359504699707, 54.067989349365234, -11.617246627807617, -12.032390594482422]","[-9.15464973449707, -10.756340026855469, -10.507359504699707, 54.067989349365234, -11.617246627807617, -12.032390594482422]","[-9.15464973449707, -10.756340026855469, -10.507359504699707, 54.067989349365234, -11.617246627807617, -12.032390594482422]",1,1,True,"['A', 'D']","['A', 'D']"
5ac2c3545542990b17b1548b::working_set_pack_b,5ac2c3545542990b17b1548b,"['A', 'B', 'C', 'D', 'E', 'F']","[1, 0, 0, 1, 0, 0]","[-9.06665325164795, -11.539458274841309, -11.284059524536133, 57.53384780883789, -13.226167678833008, -12.417486190795898]","[-9.06665325164795, -11.539458274841309, -11.284059524536133, 57.53384780883789, -13.226167678833008, -12.417486190795898]","[-9.06665325164795, -11.539458274841309, -11.284059524536133, 57.53384780883789, -13.226167678833008, -12.417486190795898]",1,1,True,"['A', 'D']","['A', 'D']"
5ac2c3545542990b17b1548b::active_set_pack_b,5ac2c3545542990b17b1548b,"['A', 'B', 'C', 'D', 'E', 'F']","[1, 0, 0, 1, 0, 0]","[-9.68145751953125, -11.892070770263672, -11.580652236938477, 60.28529739379883, -13.831171989440918, -13.299922943115234]","[-9.68145751953125, -11.892070770263672, -11.580652236938477, 60.28529739379883, -13.831171989440918, -13.299922943115234]","[-9.68145751953125, -11.892070770263672, -11.580652236938477, 60.28529739379883, -13.831171989440918, -13.299922943115234]",1,1,True,"['A', 'D']","['A', 'D']"
5a76a401554299373536012b::working_set_pack_a,5a76a401554299373536012b,"['A', 'B', 'C', 'D', 'E', 'F']","[0, 1, 1, 0, 0, 0]","[12.722135543823242, 10.420350074768066, 6.269186973571777, 11.454136848449707, -55.41072082519531, 14.544915199279785]","[-12.722135543823242, -10.420350074768066, -6.269186973571777, -11.454136848449707, 55.41072082519531, -14.544915199279785]","[-12.722135543823242, -10.420350074768066, -6.269186973571777, -11.454136848449707, 55.41072082519531, -14.544915199279785]",-1,1,False,"['C', 'E']","['B', 'C']"
5a76a401554299373536012b::active_set_pack_a,5a76a401554299373536012b,"['A', 'B', 'C', 'D', 'E', 'F']","[0, 1, 1, 0, 0, 0]","[12.55318546295166, 9.927583694458008, 6.805541038513184, 11.341659545898438, -54.76230239868164, 14.134317398071289]","[-12.55318546295166, -9.927583694458008, -6.805541038513184, -11.341659545898438, 54.76230239868164, -14.134317398071289]","[-12.55318546295166, -9.927583694458008, -6.805541038513184, -11.341659545898438, 54.76230239868164, -14.134317398071289]",-1,1,False,"['C', 'E']","['B', 'C']"
5a76a401554299373536012b::working_set_pack_b,5a76a401554299373536012b,"['A', 'B', 'C', 'D', 'E', 'F']","[0, 1, 1, 0, 0, 0]","[14.583344459533691, 11.326825141906738, 9.258040428161621, 13.398344039916992, -66.7401123046875, 18.173551559448242]","[-14.583344459533691, -11.326825141906738, -9.258040428161621, -13.398344039916992, 66.7401123046875, -18.173551559448242]","[-14.583344459533691, -11.326825141906738, -9.258040428161621, -13.398344039916992, 66.7401123046875, -18.173551559448242]",-1,1,False,"['C', 'E']","['B', 'C']"
5a76a401554299373536012b::active_set_pack_b,5a76a401554299373536012b,"['A', 'B', 'C', 'D', 'E', 'F']","[0, 1, 1, 0, 0, 0]","[12.791905403137207, 11.300479888916016, 7.591588973999023, 11.907800674438477, -61.17018127441406, 17.578414916992188]","[-12.791905403137207, -11.300479888916016, -7.591588973999023, -11.907800674438477, 61.17018127441406, -17.578414916992188]","[12.791905403137207, 11.300479888916016, 7.591588973999023, 11.907800674438477, -61.17018127441406, 17.578414916992188]",1,-1,False,"['C', 'E']","['B', 'C']"
5ae3918b5542994393b9e709::working_set_pack_a,5ae3918b5542994393b9e709,"['A', 'B', 'C', 'D', 'E', 'F']","[0, 0, 1, 0, 1, 0]","[-9.485469818115234, -8.430667877197266, -0.7965075373649597, -7.773291110992432, 38.49271011352539, -12.006771087646484]","[-9.485469818115234, -8.430667877197266, -0.7965075373649597, -7.773291110992432, 38.49271011352539, -12.006771087646484]","[-9.485469818115234, -8.430667877197266, -0.7965075373649597, -7.773291110992432, 38.49271011352539, -12.006771087646484]",1,1,True,"['C', 'E']","['C', 'E']"
5ae3918b5542994393b9e709::active_set_pack_a,5ae3918b5542994393b9e709,"['A', 'B', 'C', 'D', 'E', 'F']","[0, 0, 1, 0, 1, 0]","[-9.537786483764648, -8.552226066589355, -1.62319016456604, -7.575540065765381, 39.137611389160156, -11.848875045776367]","[-9.537786483764648, -8.552226066589355, -1.62319016456604, -7.575540065765381, 39.137611389160156, -11.848875045776367]","[-9.537786483764648, -8.552226066589355, -1.62319016456604, -7.575540065765381, 39.137611389160156, -11.848875045776367]",1,1,True,"['C', 'E']","['C', 'E']"
5ae3918b5542994393b9e709::working_set_pack_b,5ae3918b5542994393b9e709,"['A', 'B', 'C', 'D', 'E', 'F']","[0, 0, 1, 0, 1, 0]","[-10.547187805175781, -9.11185359954834, -0.3674342930316925, -7.493489742279053, 43.795841217041016, -16.275867462158203]","[-10.547187805175781, -9.11185359954834, -0.3674342930316925, -7.493489742279053, 43.795841217041016, -16.275867462158203]","[-10.547187805175781, -9.11185359954834, -0.3674342930316925, -7.493489742279053, 43.795841217041016, -16.275867462158203]",1,1,True,"['C', 'E']","['C', 'E']"
5ae3918b5542994393b9e709::active_set_pack_b,5ae3918b5542994393b9e709,"['A', 'B', 'C', 'D', 'E', 'F']","[0, 0, 1, 0, 1, 0]","[-10.511812210083008, -9.290637969970703, 0.2937445342540741, -4.960815906524658, 40.31711959838867, -15.847583770751953]","[10.511812210083008, 9.290637969970703, -0.2937445342540741, 4.960815906524658, -40.31711959838867, 15.847583770751953]","[-10.511812210083008, -9.290637969970703, 0.2937445342540741, -4.960815906524658, 40.31711959838867, -15.847583770751953]",1,-1,False,"['C', 'D']","['C', 'E']"
5a8efd3c55429918e830d179::working_set_pack_a,5a8efd3c55429918e830d179,"['A', 'B', 'C', 'D', 'E', 'F']","[0, 0, 0, 1, 1, 0]","[-7.780609607696533, -7.361135005950928, -8.136380195617676, -4.608956336975098, 39.712608337402344, -11.825521469116211]","[-7.780609607696533, -7.361135005950928, -8.136380195617676, -4.608956336975098, 39.712608337402344, -11.825521469116211]","[-7.780609607696533, -7.361135005950928, -8.136380195617676, -4.608956336975098, 39.712608337402344, -11.825521469116211]",1,1,True,"['D', 'E']","['D', 'E']"
5a8efd3c55429918e830d179::active_set_pack_a,5a8efd3c55429918e830d179,"['A', 'B', 'C', 'D', 'E', 'F']","[0, 0, 0, 1, 1, 0]","[-7.27437162399292, -6.719181537628174, -7.5978875160217285, -7.079771995544434, 39.62690734863281, -10.955704689025879]","[-7.27437162399292, -6.719181537628174, -7.5978875160217285, -7.079771995544434, 39.62690734863281, -10.955704689025879]","[-7.27437162399292, -6.719181537628174, -7.5978875160217285, -7.079771995544434, 39.62690734863281, -10.955704689025879]",1,1,True,"['D', 'E']","['D', 'E']"
5a8efd3c55429918e830d179::working_set_pack_b,5a8efd3c55429918e830d179,"['A', 'B', 'C', 'D', 'E', 'F']","[0, 0, 0, 1, 1, 0]","[-10.854379653930664, -10.19637680053711, -11.341255187988281, -3.644481897354126, 50.63923263549805, -14.60272216796875]","[-10.854379653930664, -10.19637680053711, -11.341255187988281, -3.644481897354126, 50.63923263549805, -14.60272216796875]","[10.854379653930664, 10.19637680053711, 11.341255187988281, 3.644481897354126, -50.63923263549805, 14.60272216796875]",-1,-1,True,"['D', 'E']","['D', 'E']"
5a8efd3c55429918e830d179::active_set_pack_b,5a8efd3c55429918e830d179,"['A', 'B', 'C', 'D', 'E', 'F']","[0, 0, 0, 1, 1, 0]","[-10.870911598205566, -10.384716033935547, -11.806900978088379, -2.526167154312134, 52.347599029541016, -16.758895874023438]","[-10.870911598205566, -10.384716033935547, -11.806900978088379, -2.526167154312134, 52.347599029541016, -16.758895874023438]","[-10.870911598205566, -10.384716033935547, -11.806900978088379, -2.526167154312134, 52.347599029541016, -16.758895874023438]",1,1,True,"['D', 'E']","['D', 'E']"
5a8b63755542997f31a41cfe::working_set_pack_a,5a8b63755542997f31a41cfe,"['A', 'B', 'C', 'D', 'E', 'F']","[1, 0, 0, 0, 0, 1]","[-6.646207809448242, -6.951967716217041, -8.377555847167969, -8.00588607788086, -7.408998966217041, 37.39060974121094]","[-6.646207809448242, -6.951967716217041, -8.377555847167969, -8.00588607788086, -7.408998966217041, 37.39060974121094]","[-6.646207809448242, -6.951967716217041, -8.377555847167969, -8.00588607788086, -7.408998966217041, 37.39060974121094]",1,1,True,"['A', 'F']","['A', 'F']"
5a8b63755542997f31a41cfe::active_set_pack_a,5a8b63755542997f31a41cfe,"['A', 'B', 'C', 'D', 'E', 'F']","[1, 0, 0, 0, 0, 1]","[-6.826488971710205, -7.262730121612549, -8.609933853149414, -8.20068073272705, -7.809205532073975, 38.70904541015625]","[-6.826488971710205, -7.262730121612549, -8.609933853149414, -8.20068073272705, -7.809205532073975, 38.70904541015625]","[-6.826488971710205, -7.262730121612549, -8.609933853149414, -8.20068073272705, -7.809205532073975, 38.70904541015625]",1,1,True,"['A', 'F']","['A', 'F']"
5a8b63755542997f31a41cfe::working_set_pack_b,5a8b63755542997f31a41cfe,"['A', 'B', 'C', 'D', 'E', 'F']","[1, 0, 0, 0, 0, 1]","[-7.527730941772461, -7.922759056091309, -8.277545928955078, -8.708958625793457, -8.366429328918457, 40.80343246459961]","[-7.527730941772461, -7.922759056091309, -8.277545928955078, -8.708958625793457, -8.366429328918457, 40.80343246459961]","[-7.527730941772461, -7.922759056091309, -8.277545928955078, -8.708958625793457, -8.366429328918457, 40.80343246459961]",1,1,True,"['A', 'F']","['A', 'F']"
5a8b63755542997f31a41cfe::active_set_pack_b,5a8b63755542997f31a41cfe,"['A', 'B', 'C', 'D', 'E', 'F']","[1, 0, 0, 0, 0, 1]","[-7.383333683013916, -7.164615631103516, -7.257288932800293, -8.124692916870117, -7.210949420928955, 37.14087677001953]","[-7.383333683013916, -7.164615631103516, -7.257288932800293, -8.124692916870117, -7.210949420928955, 37.14087677001953]","[-7.383333683013916, -7.164615631103516, -7.257288932800293, -8.124692916870117, -7.210949420928955, 37.14087677001953]",1,1,True,"['A', 'F']","['A', 'F']"
5a7a02235542996c55b2dcd3::working_set_pack_a,5a7a02235542996c55b2dcd3,"['A', 'B', 'C', 'D', 'E', 'F']","[0, 1, 0, 0, 1, 0]","[-7.916889190673828, 42.560035705566406, -9.343493461608887, -9.019493103027344, -7.7484517097473145, -8.531706809997559]","[-7.916889190673828, 42.560035705566406, -9.343493461608887, -9.019493103027344, -7.7484517097473145, -8.531706809997559]","[-7.916889190673828, 42.560035705566406, -9.343493461608887, -9.019493103027344, -7.7484517097473145, -8.531706809997559]",1,1,True,"['B', 'E']","['B', 'E']"
5a7a02235542996c55b2dcd3::active_set_pack_a,5a7a02235542996c55b2dcd3,"['A', 'B', 'C', 'D', 'E', 'F']","[0, 1, 0, 0, 1, 0]","[-8.791756629943848, 44.91502380371094, -10.102802276611328, -10.02442741394043, -6.262538433074951, -9.733494758605957]","[-8.791756629943848, 44.91502380371094, -10.102802276611328, -10.02442741394043, -6.262538433074951, -9.733494758605957]","[-8.791756629943848, 44.91502380371094, -10.102802276611328, -10.02442741394043, -6.262538433074951, -9.733494758605957]",1,1,True,"['B', 'E']","['B', 'E']"
5a7a02235542996c55b2dcd3::working_set_pack_b,5a7a02235542996c55b2dcd3,"['A', 'B', 'C', 'D', 'E', 'F']","[0, 1, 0, 0, 1, 0]","[-6.553741455078125, -20.8081111907959, -7.768403053283691, -6.923830032348633, 50.18949890136719, -8.135419845581055]","[-6.553741455078125, -20.8081111907959, -7.768403053283691, -6.923830032348633, 50.18949890136719, -8.135419845581055]","[-6.553741455078125, -20.8081111907959, -7.768403053283691, -6.923830032348633, 50.18949890136719, -8.135419845581055]",1,1,True,"['B', 'E']","['B', 'E']"
5a7a02235542996c55b2dcd3::active_set_pack_b,5a7a02235542996c55b2dcd3,"['A', 'B', 'C', 'D', 'E', 'F']","[0, 1, 0, 0, 1, 0]","[-11.776850700378418, 60.39165496826172, -14.425067901611328, -13.4401273727417, -7.801331043243408, -12.948285102844238]","[-11.776850700378418, 60.39165496826172, -14.425067901611328, -13.4401273727417, -7.801331043243408, -12.948285102844238]","[-11.776850700378418, 60.39165496826172, -14.425067901611328, -13.4401273727417, -7.801331043243408, -12.948285102844238]",1,1,True,"['B', 'E']","['B', 'E']"
5ac061ab554299294b218fac::working_set_pack_a,5ac061ab554299294b218fac,"['A', 'B', 'C', 'D', 'E', 'F']","[0, 1, 0, 1, 0, 0]","[-4.820563316345215, 30.959890365600586, -4.520233631134033, -11.328912734985352, -5.5890607833862305, -4.701121807098389]","[-4.820563316345215, 30.959890365600586, -4.520233631134033, -11.328912734985352, -5.5890607833862305, -4.701121807098389]","[-4.820563316345215, 30.959890365600586, -4.520233631134033, -11.328912734985352, -5.5890607833862305, -4.701121807098389]",1,1,True,"['B', 'D']","['B', 'D']"
5ac061ab554299294b218fac::active_set_pack_a,5ac061ab554299294b218fac,"['A', 'B', 'C', 'D', 'E', 'F']","[0, 1, 0, 1, 0, 0]","[-4.211916923522949, 29.263896942138672, -3.9388961791992188, -12.392081260681152, -4.659494400024414, -4.061500549316406]","[-4.211916923522949, 29.263896942138672, -3.9388961791992188, -12.392081260681152, -4.659494400024414, -4.061500549316406]","[-4.211916923522949, 29.263896942138672, -3.9388961791992188, -12.392081260681152, -4.659494400024414, -4.061500549316406]",1,1,True,"['B', 'D']","['B', 'D']"
5ac061ab554299294b218fac::working_set_pack_b,5ac061ab554299294b218fac,"['A', 'B', 'C', 'D', 'E', 'F']","[0, 1, 0, 1, 0, 0]","[-1.2067341804504395, 30.702516555786133, -1.2011070251464844, -25.218486785888672, -1.774540901184082, -1.301641821861267]","[-1.2067341804504395, 30.702516555786133, -1.2011070251464844, -25.218486785888672, -1.774540901184082, -1.301641821861267]","[1.2067341804504395, -30.702516555786133, 1.2011070251464844, 25.218486785888672, 1.774540901184082, 1.301641821861267]",-1,-1,True,"['B', 'D']","['B', 'D']"
5ac061ab554299294b218fac::active_set_pack_b,5ac061ab554299294b218fac,"['A', 'B', 'C', 'D', 'E', 'F']","[0, 1, 0, 1, 0, 0]","[-2.1158382892608643, 33.41114044189453, -1.9942458868026733, -24.116161346435547, -2.8216354846954346, -2.363241195678711]","[-2.1158382892608643, 33.41114044189453, -1.9942458868026733, -24.116161346435547, -2.8216354846954346, -2.363241195678711]","[2.1158382892608643, -33.41114044189453, 1.9942458868026733, 24.116161346435547, 2.8216354846954346, 2.363241195678711]",-1,-1,True,"['B', 'D']","['B', 'D']"
5ab5a2f85542997d4ad1f197::working_set_pack_a,5ab5a2f85542997d4ad1f197,"['A', 'B', 'C', 'D', 'E', 'F']","[0, 0, 1, 0, 0, 1]","[7.01552152633667, 6.799196720123291, 10.13341999053955, 8.761966705322266, -37.15637969970703, 4.446272373199463]","[-7.01552152633667, -6.799196720123291, -10.13341999053955, -8.761966705322266, 37.15637969970703, -4.446272373199463]","[-7.01552152633667, -6.799196720123291, -10.13341999053955, -8.761966705322266, 37.15637969970703, -4.446272373199463]",-1,1,False,"['C', 'E']","['C', 'F']"
5ab5a2f85542997d4ad1f197::active_set_pack_a,5ab5a2f85542997d4ad1f197,"['A', 'B', 'C', 'D', 'E', 'F']","[0, 0, 1, 0, 0, 1]","[6.704073905944824, 6.521081447601318, 10.633399963378906, 8.244474411010742, -38.016212463378906, 5.91317081451416]","[-6.704073905944824, -6.521081447601318, -10.633399963378906, -8.244474411010742, 38.016212463378906, -5.91317081451416]","[-6.704073905944824, -6.521081447601318, -10.633399963378906, -8.244474411010742, 38.016212463378906, -5.91317081451416]",-1,1,False,"['C', 'E']","['C', 'F']"
5ab5a2f85542997d4ad1f197::working_set_pack_b,5ab5a2f85542997d4ad1f197,"['A', 'B', 'C', 'D', 'E', 'F']","[0, 0, 1, 0, 0, 1]","[12.144908905029297, 11.679953575134277, 13.339936256408691, 14.651473045349121, -57.96168899536133, 6.145425796508789]","[-12.144908905029297, -11.679953575134277, -13.339936256408691, -14.651473045349121, 57.96168899536133, -6.145425796508789]","[12.144908905029297, 11.679953575134277, 13.339936256408691, 14.651473045349121, -57.96168899536133, 6.145425796508789]",1,-1,False,"['C', 'E']","['C', 'F']"
5ab5a2f85542997d4ad1f197::active_set_pack_b,5ab5a2f85542997d4ad1f197,"['A', 'B', 'C', 'D', 'E', 'F']","[0, 0, 1, 0, 0, 1]","[8.903921127319336, 8.400727272033691, 11.10806941986084, 12.046738624572754, -44.2511100769043, 3.7916386127471924]","[-8.903921127319336, -8.400727272033691, -11.10806941986084, -12.046738624572754, 44.2511100769043, -3.7916386127471924]","[8.903921127319336, 8.400727272033691, 11.10806941986084, 12.046738624572754, -44.2511100769043, 3.7916386127471924]",1,-1,False,"['C', 'E']","['C', 'F']"
5abd7ca05542993062266cab::working_set_pack_a,5abd7ca05542993062266cab,"['A', 'B', 'C', 'D', 'E', 'F']","[1, 0, 1, 0, 0, 0]","[-10.762739181518555, -11.186715126037598, 55.79013442993164, -12.182758331298828, -11.24729061126709, -10.410643577575684]","[-10.762739181518555, -11.186715126037598, 55.79013442993164, -12.182758331298828, -11.24729061126709, -10.410643577575684]","[-10.762739181518555, -11.186715126037598, 55.79013442993164, -12.182758331298828, -11.24729061126709, -10.410643577575684]",1,1,True,"['A', 'C']","['A', 'C']"
5abd7ca05542993062266cab::active_set_pack_a,5abd7ca05542993062266cab,"['A', 'B', 'C', 'D', 'E', 'F']","[1, 0, 1, 0, 0, 0]","[-10.114763259887695, -10.605938911437988, 53.18489074707031, -11.764657974243164, -10.779942512512207, -9.919595718383789]","[-10.114763259887695, -10.605938911437988, 53.18489074707031, -11.764657974243164, -10.779942512512207, -9.919595718383789]","[-10.114763259887695, -10.605938911437988, 53.18489074707031, -11.764657974243164, -10.779942512512207, -9.919595718383789]",1,1,True,"['A', 'C']","['A', 'C']"
5abd7ca05542993062266cab::working_set_pack_b,5abd7ca05542993062266cab,"['A', 'B', 'C', 'D', 'E', 'F']","[1, 0, 1, 0, 0, 0]","[-11.194191932678223, -11.827181816101074, 56.18289566040039, -11.086978912353516, -11.549761772155762, -10.524781227111816]","[-11.194191932678223, -11.827181816101074, 56.18289566040039, -11.086978912353516, -11.549761772155762, -10.524781227111816]","[-11.194191932678223, -11.827181816101074, 56.18289566040039, -11.086978912353516, -11.549761772155762, -10.524781227111816]",1,1,False,"['C', 'F']","['A', 'C']"
5abd7ca05542993062266cab::active_set_pack_b,5abd7ca05542993062266cab,"['A', 'B', 'C', 'D', 'E', 'F']","[1, 0, 1, 0, 0, 0]","[-13.74555778503418, -14.59819507598877, 67.86759185791016, -11.288412094116211, -14.69137954711914, -13.544059753417969]","[-13.74555778503418, -14.59819507598877, 67.86759185791016, -11.288412094116211, -14.69137954711914, -13.544059753417969]","[-13.74555778503418, -14.59819507598877, 67.86759185791016, -11.288412094116211, -14.69137954711914, -13.544059753417969]",1,1,True,"['A', 'C']","['A', 'C']"
5ae732685542991e8301cbc3::working_set_pack_a,5ae732685542991e8301cbc3,"['A', 'B', 'C', 'D', 'E', 'F']","[1, 0, 1, 0, 0, 0]","[-7.457977294921875, -8.214405059814453, 39.95073699951172, -8.767474174499512, -7.892043113708496, -7.6188249588012695]","[-7.457977294921875, -8.214405059814453, 39.95073699951172, -8.767474174499512, -7.892043113708496, -7.6188249588012695]","[-7.457977294921875, -8.214405059814453, 39.95073699951172, -8.767474174499512, -7.892043113708496, -7.6188249588012695]",1,1,True,"['A', 'C']","['A', 'C']"
5ae732685542991e8301cbc3::active_set_pack_a,5ae732685542991e8301cbc3,"['A', 'B', 'C', 'D', 'E', 'F']","[1, 0, 1, 0, 0, 0]","[-7.75845193862915, -7.861058235168457, 38.79802703857422, -8.368266105651855, -7.612165451049805, -7.1980791091918945]","[-7.75845193862915, -7.861058235168457, 38.79802703857422, -8.368266105651855, -7.612165451049805, -7.1980791091918945]","[-7.75845193862915, -7.861058235168457, 38.79802703857422, -8.368266105651855, -7.612165451049805, -7.1980791091918945]",1,1,True,"['A', 'C']","['A', 'C']"
5ae732685542991e8301cbc3::working_set_pack_b,5ae732685542991e8301cbc3,"['A', 'B', 'C', 'D', 'E', 'F']","[1, 0, 1, 0, 0, 0]","[-8.071749687194824, -8.167396545410156, 40.629791259765625, -9.456514358520508, -7.885003089904785, -7.049127578735352]","[-8.071749687194824, -8.167396545410156, 40.629791259765625, -9.456514358520508, -7.885003089904785, -7.049127578735352]","[-8.071749687194824, -8.167396545410156, 40.629791259765625, -9.456514358520508, -7.885003089904785, -7.049127578735352]",1,1,True,"['A', 'C']","['A', 'C']"
5ae732685542991e8301cbc3::active_set_pack_b,5ae732685542991e8301cbc3,"['A', 'B', 'C', 'D', 'E', 'F']","[1, 0, 1, 0, 0, 0]","[-12.62601089477539, -7.189952850341797, 41.35081481933594, -8.211052894592285, -7.002744197845459, -6.321069717407227]","[-12.62601089477539, -7.189952850341797, 41.35081481933594, -8.211052894592285, -7.002744197845459, -6.321069717407227]","[-12.62601089477539, -7.189952850341797, 41.35081481933594, -8.211052894592285, -7.002744197845459, -6.321069717407227]",1,1,True,"['A', 'C']","['A', 'C']"
5a8a2ebc5542996c9b8d5e33::working_set_pack_a,5a8a2ebc5542996c9b8d5e33,"['A', 'B', 'C', 'D', 'E', 'F']","[0, 0, 1, 0, 1, 0]","[-9.948986053466797, -10.129573822021484, 29.830293655395508, -10.866350173950195, 10.938272476196289, -9.823657035827637]","[-9.948986053466797, -10.129573822021484, 29.830293655395508, -10.866350173950195, 10.938272476196289, -9.823657035827637]","[-9.948986053466797, -10.129573822021484, 29.830293655395508, -10.866350173950195, 10.938272476196289, -9.823657035827637]",1,1,True,"['C', 'E']","['C', 'E']"
5a8a2ebc5542996c9b8d5e33::active_set_pack_a,5a8a2ebc5542996c9b8d5e33,"['A', 'B', 'C', 'D', 'E', 'F']","[0, 0, 1, 0, 1, 0]","[-8.638798713684082, -9.09313678741455, 29.673625946044922, -10.17715072631836, 7.212729454040527, -8.977261543273926]","[-8.638798713684082, -9.09313678741455, 29.673625946044922, -10.17715072631836, 7.212729454040527, -8.977261543273926]","[-8.638798713684082, -9.09313678741455, 29.673625946044922, -10.17715072631836, 7.212729454040527, -8.977261543273926]",1,1,True,"['C', 'E']","['C', 'E']"
5a8a2ebc5542996c9b8d5e33::working_set_pack_b,5a8a2ebc5542996c9b8d5e33,"['A', 'B', 'C', 'D', 'E', 'F']","[0, 0, 1, 0, 1, 0]","[-9.127137184143066, -9.835372924804688, 37.93383026123047, -11.007257461547852, 1.7119332551956177, -9.676007270812988]","[-9.127137184143066, -9.835372924804688, 37.93383026123047, -11.007257461547852, 1.7119332551956177, -9.676007270812988]","[-9.127137184143066, -9.835372924804688, 37.93383026123047, -11.007257461547852, 1.7119332551956177, -9.676007270812988]",1,1,True,"['C', 'E']","['C', 'E']"
5a8a2ebc5542996c9b8d5e33::active_set_pack_b,5a8a2ebc5542996c9b8d5e33,"['A', 'B', 'C', 'D', 'E', 'F']","[0, 0, 1, 0, 1, 0]","[-8.41397762298584, -8.778371810913086, -5.357442855834961, -9.822956085205078, 41.69251251220703, -9.319766998291016]","[-8.41397762298584, -8.778371810913086, -5.357442855834961, -9.822956085205078, 41.69251251220703, -9.319766998291016]","[-8.41397762298584, -8.778371810913086, -5.357442855834961, -9.822956085205078, 41.69251251220703, -9.319766998291016]",1,1,True,"['C', 'E']","['C', 'E']"
5add28c85542992ae4cec4be::working_set_pack_a,5add28c85542992ae4cec4be,"['A', 'B', 'C', 'D', 'E', 'F']","[0, 0, 1, 0, 0, 1]","[-14.289440155029297, -14.15400218963623, -10.004610061645508, -12.075364112854004, -12.544763565063477, 63.06819152832031]","[-14.289440155029297, -14.15400218963623, -10.004610061645508, -12.075364112854004, -12.544763565063477, 63.06819152832031]","[-14.289440155029297, -14.15400218963623, -10.004610061645508, -12.075364112854004, -12.544763565063477, 63.06819152832031]",1,1,True,"['C', 'F']","['C', 'F']"
5add28c85542992ae4cec4be::active_set_pack_a,5add28c85542992ae4cec4be,"['A', 'B', 'C', 'D', 'E', 'F']","[0, 0, 1, 0, 0, 1]","[-14.531116485595703, -14.42859172821045, -10.846510887145996, -12.510991096496582, -11.248703956604004, 63.565914154052734]","[-14.531116485595703, -14.42859172821045, -10.846510887145996, -12.510991096496582, -11.248703956604004, 63.565914154052734]","[-14.531116485595703, -14.42859172821045, -10.846510887145996, -12.510991096496582, -11.248703956604004, 63.565914154052734]",1,1,True,"['C', 'F']","['C', 'F']"
5add28c85542992ae4cec4be::working_set_pack_b,5add28c85542992ae4cec4be,"['A', 'B', 'C', 'D', 'E', 'F']","[0, 0, 1, 0, 0, 1]","[-15.572412490844727, -15.620855331420898, -10.715320587158203, -12.044017791748047, -15.350447654724121, 69.30303955078125]","[-15.572412490844727, -15.620855331420898, -10.715320587158203, -12.044017791748047, -15.350447654724121, 69.30303955078125]","[-15.572412490844727, -15.620855331420898, -10.715320587158203, -12.044017791748047, -15.350447654724121, 69.30303955078125]",1,1,True,"['C', 'F']","['C', 'F']"
5add28c85542992ae4cec4be::active_set_pack_b,5add28c85542992ae4cec4be,"['A', 'B', 'C', 'D', 'E', 'F']","[0, 0, 1, 0, 0, 1]","[-16.319957733154297, -16.514413833618164, -12.130697250366211, -12.471651077270508, -12.78858757019043, 70.22532653808594]","[-16.319957733154297, -16.514413833618164, -12.130697250366211, -12.471651077270508, -12.78858757019043, 70.22532653808594]","[-16.319957733154297, -16.514413833618164, -12.130697250366211, -12.471651077270508, -12.78858757019043, 70.22532653808594]",1,1,True,"['C', 'F']","['C', 'F']"
5ae78ec5554299540e5a5605::working_set_pack_a,5ae78ec5554299540e5a5605,"['A', 'B', 'C', 'D', 'E', 'F']","[0, 0, 1, 1, 0, 0]","[-10.77498722076416, -11.233771324157715, -11.924663543701172, 56.59988784790039, -11.606356620788574, -11.06009578704834]","[-10.77498722076416, -11.233771324157715, -11.924663543701172, 56.59988784790039, -11.606356620788574, -11.06009578704834]","[-10.77498722076416, -11.233771324157715, -11.924663543701172, 56.59988784790039, -11.606356620788574, -11.06009578704834]",1,1,True,"['C', 'D']","['C', 'D']"
5ae78ec5554299540e5a5605::active_set_pack_a,5ae78ec5554299540e5a5605,"['A', 'B', 'C', 'D', 'E', 'F']","[0, 0, 1, 1, 0, 0]","[-9.637602806091309, -10.227740287780762, -11.220040321350098, 51.88730239868164, -10.683090209960938, -10.118810653686523]","[-9.637602806091309, -10.227740287780762, -11.220040321350098, 51.88730239868164, -10.683090209960938, -10.118810653686523]","[-9.637602806091309, -10.227740287780762, -11.220040321350098, 51.88730239868164, -10.683090209960938, -10.118810653686523]",1,1,True,"['C', 'D']","['C', 'D']"
5ae78ec5554299540e5a5605::working_set_pack_b,5ae78ec5554299540e5a5605,"['A', 'B', 'C', 'D', 'E', 'F']","[0, 0, 1, 1, 0, 0]","[-10.25840950012207, -11.023357391357422, -11.993841171264648, 55.704429626464844, -11.612768173217773, -10.816046714782715]","[-10.25840950012207, -11.023357391357422, -11.993841171264648, 55.704429626464844, -11.612768173217773, -10.816046714782715]","[-10.25840950012207, -11.023357391357422, -11.993841171264648, 55.704429626464844, -11.612768173217773, -10.816046714782715]",1,1,True,"['C', 'D']","['C', 'D']"
5ae78ec5554299540e5a5605::active_set_pack_b,5ae78ec5554299540e5a5605,"['A', 'B', 'C', 'D', 'E', 'F']","[0, 0, 1, 1, 0, 0]","[-11.16321849822998, -12.04301929473877, -12.54493522644043, 60.32133102416992, -12.69784164428711, -11.872320175170898]","[-11.16321849822998, -12.04301929473877, -12.54493522644043, 60.32133102416992, -12.69784164428711, -11.872320175170898]","[-11.16321849822998, -12.04301929473877, -12.54493522644043, 60.32133102416992, -12.69784164428711, -11.872320175170898]",1,1,True,"['C', 'D']","['C', 'D']"
5a7a52745542996c55b2dd4f::working_set_pack_a,5a7a52745542996c55b2dd4f,"['A', 'B', 'C', 'D', 'E', 'F']","[1, 0, 0, 1, 0, 0]","[-7.892934322357178, -11.856889724731445, -12.243645668029785, 40.83815002441406, -12.94363784790039, 4.0989556312561035]","[-7.892934322357178, -11.856889724731445, -12.243645668029785, 40.83815002441406, -12.94363784790039, 4.0989556312561035]","[-7.892934322357178, -11.856889724731445, -12.243645668029785, 40.83815002441406, -12.94363784790039, 4.0989556312561035]",1,1,True,"['A', 'D']","['A', 'D']"
5a7a52745542996c55b2dd4f::active_set_pack_a,5a7a52745542996c55b2dd4f,"['A', 'B', 'C', 'D', 'E', 'F']","[1, 0, 0, 1, 0, 0]","[-8.98621940612793, -12.112719535827637, -12.649465560913086, 45.81935119628906, -13.51550006866455, 1.4445537328720093]","[-8.98621940612793, -12.112719535827637, -12.649465560913086, 45.81935119628906, -13.51550006866455, 1.4445537328720093]","[-8.98621940612793, -12.112719535827637, -12.649465560913086, 45.81935119628906, -13.51550006866455, 1.4445537328720093]",1,1,True,"['A', 'D']","['A', 'D']"
5a7a52745542996c55b2dd4f::working_set_pack_b,5a7a52745542996c55b2dd4f,"['A', 'B', 'C', 'D', 'E', 'F']","[1, 0, 0, 1, 0, 0]","[-6.2149529457092285, -11.279541015625, -11.23816967010498, 48.05670928955078, -12.597920417785645, -6.726109027862549]","[-6.2149529457092285, -11.279541015625, -11.23816967010498, 48.05670928955078, -12.597920417785645, -6.726109027862549]","[-6.2149529457092285, -11.279541015625, -11.23816967010498, 48.05670928955078, -12.597920417785645, -6.726109027862549]",1,1,True,"['A', 'D']","['A', 'D']"
5a7a52745542996c55b2dd4f::active_set_pack_b,5a7a52745542996c55b2dd4f,"['A', 'B', 'C', 'D', 'E', 'F']","[1, 0, 0, 1, 0, 0]","[-8.502497673034668, -11.652276992797852, -12.033068656921387, 48.52789306640625, -13.452293395996094, -2.887749671936035]","[-8.502497673034668, -11.652276992797852, -12.033068656921387, 48.52789306640625, -13.452293395996094, -2.887749671936035]","[-8.502497673034668, -11.652276992797852, -12.033068656921387, 48.52789306640625, -13.452293395996094, -2.887749671936035]",1,1,True,"['A', 'D']","['A', 'D']"
5a74248855429929fddd83e5::working_set_pack_a,5a74248855429929fddd83e5,"['A', 'B', 'C', 'D', 'E', 'F']","[0, 0, 0, 0, 1, 1]","[-11.158467292785645, -10.518291473388672, -9.068528175354004, -13.866963386535645, 8.523962020874023, 36.08828353881836]","[-11.158467292785645, -10.518291473388672, -9.068528175354004, -13.866963386535645, 8.523962020874023, 36.08828353881836]","[-11.158467292785645, -10.518291473388672, -9.068528175354004, -13.866963386535645, 8.523962020874023, 36.08828353881836]",1,1,True,"['E', 'F']","['E', 'F']"
5a74248855429929fddd83e5::active_set_pack_a,5a74248855429929fddd83e5,"['A', 'B', 'C', 'D', 'E', 'F']","[0, 0, 0, 0, 1, 1]","[-10.842893600463867, -10.192123413085938, -8.660457611083984, -14.792404174804688, 12.583298683166504, 31.904577255249023]","[-10.842893600463867, -10.192123413085938, -8.660457611083984, -14.792404174804688, 12.583298683166504, 31.904577255249023]","[-10.842893600463867, -10.192123413085938, -8.660457611083984, -14.792404174804688, 12.583298683166504, 31.904577255249023]",1,1,True,"['E', 'F']","['E', 'F']"
5a74248855429929fddd83e5::working_set_pack_b,5a74248855429929fddd83e5,"['A', 'B', 'C', 'D', 'E', 'F']","[0, 0, 0, 0, 1, 1]","[-12.648881912231445, -12.172761917114258, -7.213307857513428, -15.870966911315918, 5.7195634841918945, 42.18635559082031]","[-12.648881912231445, -12.172761917114258, -7.213307857513428, -15.870966911315918, 5.7195634841918945, 42.18635559082031]","[-12.648881912231445, -12.172761917114258, -7.213307857513428, -15.870966911315918, 5.7195634841918945, 42.18635559082031]",1,1,True,"['E', 'F']","['E', 'F']"
5a74248855429929fddd83e5::active_set_pack_b,5a74248855429929fddd83e5,"['A', 'B', 'C', 'D', 'E', 'F']","[0, 0, 0, 0, 1, 1]","[-14.224957466125488, -13.669960021972656, -12.112903594970703, -16.618940353393555, 2.6517174243927, 53.975040435791016]","[-14.224957466125488, -13.669960021972656, -12.112903594970703, -16.618940353393555, 2.6517174243927, 53.975040435791016]","[-14.224957466125488, -13.669960021972656, -12.112903594970703, -16.618940353393555, 2.6517174243927, 53.975040435791016]",1,1,True,"['E', 'F']","['E', 'F']"
5abd04f15542996e802b467e::working_set_pack_a,5abd04f15542996e802b467e,"['A', 'B', 'C', 'D', 'E', 'F']","[0, 0, 0, 0, 1, 1]","[-10.708762168884277, -10.879471778869629, -8.035436630249023, -9.20118522644043, -7.589334964752197, 46.41420364379883]","[-10.708762168884277, -10.879471778869629, -8.035436630249023, -9.20118522644043, -7.589334964752197, 46.41420364379883]","[-10.708762168884277, -10.879471778869629, -8.035436630249023, -9.20118522644043, -7.589334964752197, 46.41420364379883]",1,1,False,"['C', 'F']","['E', 'F']"
5abd04f15542996e802b467e::active_set_pack_a,5abd04f15542996e802b467e,"['A', 'B', 'C', 'D', 'E', 'F']","[0, 0, 0, 0, 1, 1]","[-10.759064674377441, -10.960713386535645, -8.020145416259766, -9.051822662353516, -7.019547462463379, 45.81129455566406]","[-10.759064674377441, -10.960713386535645, -8.020145416259766, -9.051822662353516, -7.019547462463379, 45.81129455566406]","[-10.759064674377441, -10.960713386535645, -8.020145416259766, -9.051822662353516, -7.019547462463379, 45.81129455566406]",1,1,False,"['C', 'F']","['E', 'F']"
5abd04f15542996e802b467e::working_set_pack_b,5abd04f15542996e802b467e,"['A', 'B', 'C', 'D', 'E', 'F']","[0, 0, 0, 0, 1, 1]","[-11.390936851501465, -11.454767227172852, -8.28974437713623, -9.992854118347168, -9.026006698608398, 50.154296875]","[-11.390936851501465, -11.454767227172852, -8.28974437713623, -9.992854118347168, -9.026006698608398, 50.154296875]","[-11.390936851501465, -11.454767227172852, -8.28974437713623, -9.992854118347168, -9.026006698608398, 50.154296875]",1,1,False,"['C', 'F']","['E', 'F']"
5abd04f15542996e802b467e::active_set_pack_b,5abd04f15542996e802b467e,"['A', 'B', 'C', 'D', 'E', 'F']","[0, 0, 0, 0, 1, 1]","[-11.575393676757812, -11.63014030456543, -8.3436918258667, -10.008096694946289, -9.262615203857422, 50.81993865966797]","[-11.575393676757812, -11.63014030456543, -8.3436918258667, -10.008096694946289, -9.262615203857422, 50.81993865966797]","[-11.575393676757812, -11.63014030456543, -8.3436918258667, -10.008096694946289, -9.262615203857422, 50.81993865966797]",1,1,False,"['C', 'F']","['E', 'F']"
5ac3ad225542995ef918c1da::working_set_pack_a,5ac3ad225542995ef918c1da,"['A', 'B', 'C', 'D', 'E', 'F']","[0, 1, 1, 0, 0, 0]","[-4.705487251281738, -3.242743968963623, 25.382671356201172, -5.408151626586914, -4.812498092651367, -7.213786602020264]","[-4.705487251281738, -3.242743968963623, 25.382671356201172, -5.408151626586914, -4.812498092651367, -7.213786602020264]","[4.705487251281738, 3.242743968963623, -25.382671356201172, 5.408151626586914, 4.812498092651367, 7.213786602020264]",-1,-1,True,"['B', 'C']","['B', 'C']"
5ac3ad225542995ef918c1da::active_set_pack_a,5ac3ad225542995ef918c1da,"['A', 'B', 'C', 'D', 'E', 'F']","[0, 1, 1, 0, 0, 0]","[-5.6408772468566895, -3.7404797077178955, 28.737998962402344, -6.398619651794434, -5.746077537536621, -7.211949825286865]","[-5.6408772468566895, -3.7404797077178955, 28.737998962402344, -6.398619651794434, -5.746077537536621, -7.211949825286865]","[5.6408772468566895, 3.7404797077178955, -28.737998962402344, 6.398619651794434, 5.746077537536621, 7.211949825286865]",-1,-1,True,"['B', 'C']","['B', 'C']"
5ac3ad225542995ef918c1da::working_set_pack_b,5ac3ad225542995ef918c1da,"['A', 'B', 'C', 'D', 'E', 'F']","[0, 1, 1, 0, 0, 0]","[-3.647655963897705, 27.153303146362305, -4.342038631439209, -5.318612098693848, -3.6310315132141113, -10.213967323303223]","[-3.647655963897705, 27.153303146362305, -4.342038631439209, -5.318612098693848, -3.6310315132141113, -10.213967323303223]","[-3.647655963897705, 27.153303146362305, -4.342038631439209, -5.318612098693848, -3.6310315132141113, -10.213967323303223]",1,1,True,"['B', 'C']","['B', 'C']"
5ac3ad225542995ef918c1da::active_set_pack_b,5ac3ad225542995ef918c1da,"['A', 'B', 'C', 'D', 'E', 'F']","[0, 1, 1, 0, 0, 0]","[-3.136326789855957, 25.158187866210938, -9.182523727416992, -4.239315032958984, -2.9842000007629395, -5.615830421447754]","[-3.136326789855957, 25.158187866210938, -9.182523727416992, -4.239315032958984, -2.9842000007629395, -5.615830421447754]","[-3.136326789855957, 25.158187866210938, -9.182523727416992, -4.239315032958984, -2.9842000007629395, -5.615830421447754]",1,1,True,"['B', 'C']","['B', 'C']"
5a736bfa5542991f29ee2e03::working_set_pack_a,5a736bfa5542991f29ee2e03,"['A', 'B', 'C', 'D', 'E', 'F']","[1, 0, 1, 0, 0, 0]","[14.511962890625, -5.605583190917969, 0.7049368023872375, -3.0034379959106445, -5.371115207672119, -1.2367650270462036]","[14.511962890625, -5.605583190917969, 0.7049368023872375, -3.0034379959106445, -5.371115207672119, -1.2367650270462036]","[14.511962890625, -5.605583190917969, 0.7049368023872375, -3.0034379959106445, -5.371115207672119, -1.2367650270462036]",1,1,True,"['A', 'C']","['A', 'C']"
5a736bfa5542991f29ee2e03::active_set_pack_a,5a736bfa5542991f29ee2e03,"['A', 'B', 'C', 'D', 'E', 'F']","[1, 0, 1, 0, 0, 0]","[14.67647933959961, -5.95830774307251, 2.054015636444092, -3.6222689151763916, -5.274991035461426, -1.874929428100586]","[14.67647933959961, -5.95830774307251, 2.054015636444092, -3.6222689151763916, -5.274991035461426, -1.874929428100586]","[14.67647933959961, -5.95830774307251, 2.054015636444092, -3.6222689151763916, -5.274991035461426, -1.874929428100586]",1,1,True,"['A', 'C']","['A', 'C']"
5a736bfa5542991f29ee2e03::working_set_pack_b,5a736bfa5542991f29ee2e03,"['A', 'B', 'C', 'D', 'E', 'F']","[1, 0, 1, 0, 0, 0]","[7.409856796264648, -4.741199016571045, 9.396659851074219, -3.8047361373901367, -6.4082136154174805, -1.8523691892623901]","[7.409856796264648, -4.741199016571045, 9.396659851074219, -3.8047361373901367, -6.4082136154174805, -1.8523691892623901]","[7.409856796264648, -4.741199016571045, 9.396659851074219, -3.8047361373901367, -6.4082136154174805, -1.8523691892623901]",1,1,True,"['A', 'C']","['A', 'C']"
5a736bfa5542991f29ee2e03::active_set_pack_b,5a736bfa5542991f29ee2e03,"['A', 'B', 'C', 'D', 'E', 'F']","[1, 0, 1, 0, 0, 0]","[12.320673942565918, -6.104300498962402, 3.183457851409912, -3.2252395153045654, -5.228492736816406, -0.9460985064506531]","[12.320673942565918, -6.104300498962402, 3.183457851409912, -3.2252395153045654, -5.228492736816406, -0.9460985064506531]","[12.320673942565918, -6.104300498962402, 3.183457851409912, -3.2252395153045654, -5.228492736816406, -0.9460985064506531]",1,1,True,"['A', 'C']","['A', 'C']"
5a7a0a965542996c55b2dce7::working_set_pack_a,5a7a0a965542996c55b2dce7,"['A', 'B', 'C', 'D', 'E', 'F']","[0, 1, 0, 0, 1, 0]","[-6.307317733764648, -6.9595489501953125, -8.085440635681152, -8.207618713378906, 39.8563117980957, -10.296391487121582]","[-6.307317733764648, -6.9595489501953125, -8.085440635681152, -8.207618713378906, 39.8563117980957, -10.296391487121582]","[-6.307317733764648, -6.9595489501953125, -8.085440635681152, -8.207618713378906, 39.8563117980957, -10.296391487121582]",1,1,False,"['A', 'E']","['B', 'E']"
5a7a0a965542996c55b2dce7::active_set_pack_a,5a7a0a965542996c55b2dce7,"['A', 'B', 'C', 'D', 'E', 'F']","[0, 1, 0, 0, 1, 0]","[-5.942644119262695, -6.86393928527832, -7.708869934082031, -7.962487697601318, 38.36537170410156, -9.887435913085938]","[-5.942644119262695, -6.86393928527832, -7.708869934082031, -7.962487697601318, 38.36537170410156, -9.887435913085938]","[-5.942644119262695, -6.86393928527832, -7.708869934082031, -7.962487697601318, 38.36537170410156, -9.887435913085938]",1,1,False,"['A', 'E']","['B', 'E']"
5a7a0a965542996c55b2dce7::working_set_pack_b,5a7a0a965542996c55b2dce7,"['A', 'B', 'C', 'D', 'E', 'F']","[0, 1, 0, 0, 1, 0]","[-8.71927547454834, -8.857433319091797, -10.286316871643066, -10.519865989685059, 51.177879333496094, -12.794989585876465]","[-8.71927547454834, -8.857433319091797, -10.286316871643066, -10.519865989685059, 51.177879333496094, -12.794989585876465]","[-8.71927547454834, -8.857433319091797, -10.286316871643066, -10.519865989685059, 51.177879333496094, -12.794989585876465]",1,1,False,"['A', 'E']","['B', 'E']"
5a7a0a965542996c55b2dce7::active_set_pack_b,5a7a0a965542996c55b2dce7,"['A', 'B', 'C', 'D', 'E', 'F']","[0, 1, 0, 0, 1, 0]","[-8.757949829101562, -8.766678810119629, -10.146018028259277, -10.276859283447266, 50.58273696899414, -12.635231018066406]","[-8.757949829101562, -8.766678810119629, -10.146018028259277, -10.276859283447266, 50.58273696899414, -12.635231018066406]","[-8.757949829101562, -8.766678810119629, -10.146018028259277, -10.276859283447266, 50.58273696899414, -12.635231018066406]",1,1,True,"['B', 'E']","['B', 'E']"
5a8ae49155429951533613a3::working_set_pack_a,5a8ae49155429951533613a3,"['A', 'B', 'C', 'D', 'E', 'F']","[1, 0, 1, 0, 0, 0]","[-4.352607250213623, -4.803499221801758, 29.363323211669922, -9.67823314666748, -5.2823896408081055, -5.246615409851074]","[-4.352607250213623, -4.803499221801758, 29.363323211669922, -9.67823314666748, -5.2823896408081055, -5.246615409851074]","[-4.352607250213623, -4.803499221801758, 29.363323211669922, -9.67823314666748, -5.2823896408081055, -5.246615409851074]",1,1,True,"['A', 'C']","['A', 'C']"
5a8ae49155429951533613a3::active_set_pack_a,5a8ae49155429951533613a3,"['A', 'B', 'C', 'D', 'E', 'F']","[1, 0, 1, 0, 0, 0]","[-4.801700592041016, -5.346467971801758, 31.21371841430664, -9.460518836975098, -5.792283058166504, -5.812756538391113]","[-4.801700592041016, -5.346467971801758, 31.21371841430664, -9.460518836975098, -5.792283058166504, -5.812756538391113]","[-4.801700592041016, -5.346467971801758, 31.21371841430664, -9.460518836975098, -5.792283058166504, -5.812756538391113]",1,1,True,"['A', 'C']","['A', 'C']"
5a8ae49155429951533613a3::working_set_pack_b,5a8ae49155429951533613a3,"['A', 'B', 'C', 'D', 'E', 'F']","[1, 0, 1, 0, 0, 0]","[-4.786513805389404, -6.4073591232299805, 38.33859634399414, -13.733415603637695, -6.880520820617676, -6.530792713165283]","[-4.786513805389404, -6.4073591232299805, 38.33859634399414, -13.733415603637695, -6.880520820617676, -6.530792713165283]","[-4.786513805389404, -6.4073591232299805, 38.33859634399414, -13.733415603637695, -6.880520820617676, -6.530792713165283]",1,1,True,"['A', 'C']","['A', 'C']"
5a8ae49155429951533613a3::active_set_pack_b,5a8ae49155429951533613a3,"['A', 'B', 'C', 'D', 'E', 'F']","[1, 0, 1, 0, 0, 0]","[-5.694038391113281, -6.8973164558410645, 40.0947380065918, -12.856132507324219, -7.392912864685059, -7.254353046417236]","[-5.694038391113281, -6.8973164558410645, 40.0947380065918, -12.856132507324219, -7.392912864685059, -7.254353046417236]","[-5.694038391113281, -6.8973164558410645, 40.0947380065918, -12.856132507324219, -7.392912864685059, -7.254353046417236]",1,1,True,"['A', 'C']","['A', 'C']"
5ab99943554299131ca42391::working_set_pack_a,5ab99943554299131ca42391,"['A', 'B', 'C', 'D', 'E', 'F']","[1, 0, 0, 0, 0, 1]","[-10.564987182617188, -10.89344596862793, -8.70334243774414, -11.551040649414062, -8.72916030883789, 50.44198989868164]","[-10.564987182617188, -10.89344596862793, -8.70334243774414, -11.551040649414062, -8.72916030883789, 50.44198989868164]","[-10.564987182617188, -10.89344596862793, -8.70334243774414, -11.551040649414062, -8.72916030883789, 50.44198989868164]",1,1,False,"['C', 'F']","['A', 'F']"
5ab99943554299131ca42391::active_set_pack_a,5ab99943554299131ca42391,"['A', 'B', 'C', 'D', 'E', 'F']","[1, 0, 0, 0, 0, 1]","[-10.226483345031738, -10.486068725585938, -8.431204795837402, -11.20652961730957, -8.336015701293945, 48.68629837036133]","[-10.226483345031738, -10.486068725585938, -8.431204795837402, -11.20652961730957, -8.336015701293945, 48.68629837036133]","[-10.226483345031738, -10.486068725585938, -8.431204795837402, -11.20652961730957, -8.336015701293945, 48.68629837036133]",1,1,False,"['C', 'F']","['A', 'F']"
5ab99943554299131ca42391::working_set_pack_b,5ab99943554299131ca42391,"['A', 'B', 'C', 'D', 'E', 'F']","[1, 0, 0, 0, 0, 1]","[-9.40215015411377, -9.912053108215332, -8.486957550048828, -10.399352073669434, -7.812618255615234, 46.01313400268555]","[-9.40215015411377, -9.912053108215332, -8.486957550048828, -10.399352073669434, -7.812618255615234, 46.01313400268555]","[-9.40215015411377, -9.912053108215332, -8.486957550048828, -10.399352073669434, -7.812618255615234, 46.01313400268555]",1,1,False,"['C', 'F']","['A', 'F']"
5ab99943554299131ca42391::active_set_pack_b,5ab99943554299131ca42391,"['A', 'B', 'C', 'D', 'E', 'F']","[1, 0, 0, 0, 0, 1]","[-9.014691352844238, -9.549980163574219, -7.6208815574646, -10.154685020446777, -6.3802409172058105, 42.720489501953125]","[-9.014691352844238, -9.549980163574219, -7.6208815574646, -10.154685020446777, -6.3802409172058105, 42.720489501953125]","[-9.014691352844238, -9.549980163574219, -7.6208815574646, -10.154685020446777, -6.3802409172058105, 42.720489501953125]",1,1,False,"['C', 'F']","['A', 'F']"
5ab70446554299110f219a94::working_set_pack_a,5ab70446554299110f219a94,"['A', 'B', 'C', 'D', 'E', 'F']","[0, 0, 1, 0, 0, 1]","[-8.974666595458984, -8.087461471557617, -10.210349082946777, -9.554008483886719, -10.575170516967773, 47.401649475097656]","[-8.974666595458984, -8.087461471557617, -10.210349082946777, -9.554008483886719, -10.575170516967773, 47.401649475097656]","[-8.974666595458984, -8.087461471557617, -10.210349082946777, -9.554008483886719, -10.575170516967773, 47.401649475097656]",1,1,True,"['C', 'F']","['C', 'F']"
5ab70446554299110f219a94::active_set_pack_a,5ab70446554299110f219a94,"['A', 'B', 'C', 'D', 'E', 'F']","[0, 0, 1, 0, 0, 1]","[-9.024665832519531, -8.305996894836426, -10.33026123046875, -9.678034782409668, -9.872989654541016, 47.21194839477539]","[-9.024665832519531, -8.305996894836426, -10.33026123046875, -9.678034782409668, -9.872989654541016, 47.21194839477539]","[-9.024665832519531, -8.305996894836426, -10.33026123046875, -9.678034782409668, -9.872989654541016, 47.21194839477539]",1,1,True,"['C', 'F']","['C', 'F']"
5ab70446554299110f219a94::working_set_pack_b,5ab70446554299110f219a94,"['A', 'B', 'C', 'D', 'E', 'F']","[0, 0, 1, 0, 0, 1]","[-9.86244010925293, -8.561018943786621, -11.693894386291504, -11.17064094543457, -11.28255558013916, 52.57054138183594]","[-9.86244010925293, -8.561018943786621, -11.693894386291504, -11.17064094543457, -11.28255558013916, 52.57054138183594]","[-9.86244010925293, -8.561018943786621, -11.693894386291504, -11.17064094543457, -11.28255558013916, 52.57054138183594]",1,1,True,"['C', 'F']","['C', 'F']"
5ab70446554299110f219a94::active_set_pack_b,5ab70446554299110f219a94,"['A', 'B', 'C', 'D', 'E', 'F']","[0, 0, 1, 0, 0, 1]","[-3.529296636581421, -2.6279804706573486, -25.06074333190918, -3.6423914432525635, -7.683690547943115, 42.544090270996094]","[-3.529296636581421, -2.6279804706573486, -25.06074333190918, -3.6423914432525635, -7.683690547943115, 42.544090270996094]","[-3.529296636581421, -2.6279804706573486, -25.06074333190918, -3.6423914432525635, -7.683690547943115, 42.544090270996094]",1,1,True,"['C', 'F']","['C', 'F']"
5ae6038155429929b0807a55::working_set_pack_a,5ae6038155429929b0807a55,"['A', 'B', 'C', 'D', 'E', 'F']","[0, 0, 1, 1, 0, 0]","[-9.87062931060791, -5.826995849609375, 39.22539138793945, -9.845773696899414, -9.162253379821777, -4.5197296142578125]","[-9.87062931060791, -5.826995849609375, 39.22539138793945, -9.845773696899414, -9.162253379821777, -4.5197296142578125]","[-9.87062931060791, -5.826995849609375, 39.22539138793945, -9.845773696899414, -9.162253379821777, -4.5197296142578125]",1,1,False,"['B', 'C']","['C', 'D']"
5ae6038155429929b0807a55::active_set_pack_a,5ae6038155429929b0807a55,"['A', 'B', 'C', 'D', 'E', 'F']","[0, 0, 1, 1, 0, 0]","[-9.67474365234375, -4.252457618713379, 35.77683639526367, -9.423548698425293, -7.174396991729736, -5.25168514251709]","[-9.67474365234375, -4.252457618713379, 35.77683639526367, -9.423548698425293, -7.174396991729736, -5.25168514251709]","[-9.67474365234375, -4.252457618713379, 35.77683639526367, -9.423548698425293, -7.174396991729736, -5.25168514251709]",1,1,False,"['B', 'C']","['C', 'D']"
5ae6038155429929b0807a55::working_set_pack_b,5ae6038155429929b0807a55,"['A', 'B', 'C', 'D', 'E', 'F']","[0, 0, 1, 1, 0, 0]","[-10.800132751464844, -6.184754371643066, 38.906795501708984, -10.943673133850098, -3.4376933574676514, -7.54052734375]","[-10.800132751464844, -6.184754371643066, 38.906795501708984, -10.943673133850098, -3.4376933574676514, -7.54052734375]","[-10.800132751464844, -6.184754371643066, 38.906795501708984, -10.943673133850098, -3.4376933574676514, -7.54052734375]",1,1,False,"['B', 'C']","['C', 'D']"
5ae6038155429929b0807a55::active_set_pack_b,5ae6038155429929b0807a55,"['A', 'B', 'C', 'D', 'E', 'F']","[0, 0, 1, 1, 0, 0]","[-11.384162902832031, -7.508228778839111, 39.674102783203125, -11.465439796447754, -1.2963608503341675, -8.019898414611816]","[-11.384162902832031, -7.508228778839111, 39.674102783203125, -11.465439796447754, -1.2963608503341675, -8.019898414611816]","[-11.384162902832031, -7.508228778839111, 39.674102783203125, -11.465439796447754, -1.2963608503341675, -8.019898414611816]",1,1,False,"['C', 'F']","['C', 'D']"
5a71458e5542994082a3e738::working_set_pack_a,5a71458e5542994082a3e738,"['A', 'B', 'C', 'D', 'E', 'F']","[0, 0, 0, 1, 0, 1]","[-8.94514274597168, -8.906983375549316, -9.117230415344238, -5.59678316116333, -8.482953071594238, 41.04909896850586]","[-8.94514274597168, -8.906983375549316, -9.117230415344238, -5.59678316116333, -8.482953071594238, 41.04909896850586]","[-8.94514274597168, -8.906983375549316, -9.117230415344238, -5.59678316116333, -8.482953071594238, 41.04909896850586]",1,1,True,"['D', 'F']","['D', 'F']"
5a71458e5542994082a3e738::active_set_pack_a,5a71458e5542994082a3e738,"['A', 'B', 'C', 'D', 'E', 'F']","[0, 0, 0, 1, 0, 1]","[-8.827072143554688, -8.787248611450195, -8.879170417785645, -5.1930036544799805, -8.188837051391602, 39.875335693359375]","[-8.827072143554688, -8.787248611450195, -8.879170417785645, -5.1930036544799805, -8.188837051391602, 39.875335693359375]","[-8.827072143554688, -8.787248611450195, -8.879170417785645, -5.1930036544799805, -8.188837051391602, 39.875335693359375]",1,1,True,"['D', 'F']","['D', 'F']"
5a71458e5542994082a3e738::working_set_pack_b,5a71458e5542994082a3e738,"['A', 'B', 'C', 'D', 'E', 'F']","[0, 0, 0, 1, 0, 1]","[-9.382636070251465, -9.287459373474121, -10.030821800231934, -5.0355916023254395, -9.511038780212402, 43.24755096435547]","[-9.382636070251465, -9.287459373474121, -10.030821800231934, -5.0355916023254395, -9.511038780212402, 43.24755096435547]","[-9.382636070251465, -9.287459373474121, -10.030821800231934, -5.0355916023254395, -9.511038780212402, 43.24755096435547]",1,1,True,"['D', 'F']","['D', 'F']"
5a71458e5542994082a3e738::active_set_pack_b,5a71458e5542994082a3e738,"['A', 'B', 'C', 'D', 'E', 'F']","[0, 0, 0, 1, 0, 1]","[-9.621358871459961, -9.362225532531738, -9.803815841674805, -5.599428653717041, -9.56639289855957, 43.95322799682617]","[-9.621358871459961, -9.362225532531738, -9.803815841674805, -5.599428653717041, -9.56639289855957, 43.95322799682617]","[-9.621358871459961, -9.362225532531738, -9.803815841674805, -5.599428653717041, -9.56639289855957, 43.95322799682617]",1,1,True,"['D', 'F']","['D', 'F']"
5ae500fd55429908b63264d8::working_set_pack_a,5ae500fd55429908b63264d8,"['A', 'B', 'C', 'D', 'E', 'F']","[1, 0, 0, 1, 0, 0]","[-6.676241397857666, -12.762615203857422, -6.863805294036865, 38.11732864379883, -7.128483295440674, -4.686184406280518]","[-6.676241397857666, -12.762615203857422, -6.863805294036865, 38.11732864379883, -7.128483295440674, -4.686184406280518]","[-6.676241397857666, -12.762615203857422, -6.863805294036865, 38.11732864379883, -7.128483295440674, -4.686184406280518]",1,1,True,"['A', 'D']","['A', 'D']"
5ae500fd55429908b63264d8::active_set_pack_a,5ae500fd55429908b63264d8,"['A', 'B', 'C', 'D', 'E', 'F']","[1, 0, 0, 1, 0, 0]","[-7.365245819091797, -11.175342559814453, -7.144337177276611, 37.90119171142578, -7.31460428237915, -4.90165376663208]","[-7.365245819091797, -11.175342559814453, -7.144337177276611, 37.90119171142578, -7.31460428237915, -4.90165376663208]","[-7.365245819091797, -11.175342559814453, -7.144337177276611, 37.90119171142578, -7.31460428237915, -4.90165376663208]",1,1,True,"['A', 'D']","['A', 'D']"
5ae500fd55429908b63264d8::working_set_pack_b,5ae500fd55429908b63264d8,"['A', 'B', 'C', 'D', 'E', 'F']","[1, 0, 0, 1, 0, 0]","[-5.874975204467773, -17.38013458251953, -6.741484642028809, 42.25027084350586, -7.607113361358643, -4.646565914154053]","[-5.874975204467773, -17.38013458251953, -6.741484642028809, 42.25027084350586, -7.607113361358643, -4.646565914154053]","[-5.874975204467773, -17.38013458251953, -6.741484642028809, 42.25027084350586, -7.607113361358643, -4.646565914154053]",1,1,True,"['A', 'D']","['A', 'D']"
5ae500fd55429908b63264d8::active_set_pack_b,5ae500fd55429908b63264d8,"['A', 'B', 'C', 'D', 'E', 'F']","[1, 0, 0, 1, 0, 0]","[-7.233370304107666, -16.64198875427246, -5.8366217613220215, 40.59885787963867, -6.582953453063965, -4.303921222686768]","[-7.233370304107666, -16.64198875427246, -5.8366217613220215, 40.59885787963867, -6.582953453063965, -4.303921222686768]","[-7.233370304107666, -16.64198875427246, -5.8366217613220215, 40.59885787963867, -6.582953453063965, -4.303921222686768]",1,1,True,"['A', 'D']","['A', 'D']"
5a8514545542992a431d1ad2::working_set_pack_a,5a8514545542992a431d1ad2,"['A', 'B', 'C', 'D', 'E', 'F']","[0, 0, 0, 1, 1, 0]","[-12.662616729736328, -13.161338806152344, -13.04843521118164, 7.259392261505127, 41.59426498413086, -9.981261253356934]","[-12.662616729736328, -13.161338806152344, -13.04843521118164, 7.259392261505127, 41.59426498413086, -9.981261253356934]","[-12.662616729736328, -13.161338806152344, -13.04843521118164, 7.259392261505127, 41.59426498413086, -9.981261253356934]",1,1,True,"['D', 'E']","['D', 'E']"
5a8514545542992a431d1ad2::active_set_pack_a,5a8514545542992a431d1ad2,"['A', 'B', 'C', 'D', 'E', 'F']","[0, 0, 0, 1, 1, 0]","[-11.691919326782227, -12.116055488586426, -12.222624778747559, 3.983412027359009, 42.708892822265625, -10.661711692810059]","[-11.691919326782227, -12.116055488586426, -12.222624778747559, 3.983412027359009, 42.708892822265625, -10.661711692810059]","[-11.691919326782227, -12.116055488586426, -12.222624778747559, 3.983412027359009, 42.708892822265625, -10.661711692810059]",1,1,True,"['D', 'E']","['D', 'E']"
5a8514545542992a431d1ad2::working_set_pack_b,5a8514545542992a431d1ad2,"['A', 'B', 'C', 'D', 'E', 'F']","[0, 0, 0, 1, 1, 0]","[-12.228838920593262, -12.174713134765625, -12.921089172363281, -0.6041921973228455, 50.16500473022461, -12.236162185668945]","[-12.228838920593262, -12.174713134765625, -12.921089172363281, -0.6041921973228455, 50.16500473022461, -12.236162185668945]","[-12.228838920593262, -12.174713134765625, -12.921089172363281, -0.6041921973228455, 50.16500473022461, -12.236162185668945]",1,1,True,"['D', 'E']","['D', 'E']"
5a8514545542992a431d1ad2::active_set_pack_b,5a8514545542992a431d1ad2,"['A', 'B', 'C', 'D', 'E', 'F']","[0, 0, 0, 1, 1, 0]","[-13.622908592224121, -13.534562110900879, -14.09404182434082, -3.0641937255859375, 56.59571838378906, -12.280021667480469]","[-13.622908592224121, -13.534562110900879, -14.09404182434082, -3.0641937255859375, 56.59571838378906, -12.280021667480469]","[-13.622908592224121, -13.534562110900879, -14.09404182434082, -3.0641937255859375, 56.59571838378906, -12.280021667480469]",1,1,True,"['D', 'E']","['D', 'E']"
5ae3345f55429928c4239682::working_set_pack_a,5ae3345f55429928c4239682,"['A', 'B', 'C', 'D', 'E', 'F']","[1, 1, 0, 0, 0, 0]","[-3.2258660793304443, 21.610322952270508, -4.039985179901123, -6.328924179077148, -4.202293395996094, -3.8132619857788086]","[-3.2258660793304443, 21.610322952270508, -4.039985179901123, -6.328924179077148, -4.202293395996094, -3.8132619857788086]","[-3.2258660793304443, 21.610322952270508, -4.039985179901123, -6.328924179077148, -4.202293395996094, -3.8132619857788086]",1,1,True,"['A', 'B']","['A', 'B']"
5ae3345f55429928c4239682::active_set_pack_a,5ae3345f55429928c4239682,"['A', 'B', 'C', 'D', 'E', 'F']","[1, 1, 0, 0, 0, 0]","[-3.374143362045288, 22.767242431640625, -4.257925510406494, -6.7297282218933105, -4.411195755004883, -3.994257688522339]","[-3.374143362045288, 22.767242431640625, -4.257925510406494, -6.7297282218933105, -4.411195755004883, -3.994257688522339]","[-3.374143362045288, 22.767242431640625, -4.257925510406494, -6.7297282218933105, -4.411195755004883, -3.994257688522339]",1,1,True,"['A', 'B']","['A', 'B']"
5ae3345f55429928c4239682::working_set_pack_b,5ae3345f55429928c4239682,"['A', 'B', 'C', 'D', 'E', 'F']","[1, 1, 0, 0, 0, 0]","[-4.1174421310424805, 28.4964599609375, -5.291385173797607, -8.621658325195312, -5.392968654632568, -5.072996616363525]","[-4.1174421310424805, 28.4964599609375, -5.291385173797607, -8.621658325195312, -5.392968654632568, -5.072996616363525]","[-4.1174421310424805, 28.4964599609375, -5.291385173797607, -8.621658325195312, -5.392968654632568, -5.072996616363525]",1,1,True,"['A', 'B']","['A', 'B']"
5ae3345f55429928c4239682::active_set_pack_b,5ae3345f55429928c4239682,"['A', 'B', 'C', 'D', 'E', 'F']","[1, 1, 0, 0, 0, 0]","[-2.9126477241516113, 26.36216163635254, -4.689006805419922, -9.246882438659668, -4.938142776489258, -4.575489521026611]","[-2.9126477241516113, 26.36216163635254, -4.689006805419922, -9.246882438659668, -4.938142776489258, -4.575489521026611]","[-2.9126477241516113, 26.36216163635254, -4.689006805419922, -9.246882438659668, -4.938142776489258, -4.575489521026611]",1,1,True,"['A', 'B']","['A', 'B']"
5ac1b48f55429963665198f3::working_set_pack_a,5ac1b48f55429963665198f3,"['A', 'B', 'C', 'D', 'E', 'F']","[0, 0, 1, 1, 0, 0]","[-8.576719284057617, -8.802763938903809, -4.35963773727417, 41.345638275146484, -9.750678062438965, -9.85584831237793]","[-8.576719284057617, -8.802763938903809, -4.35963773727417, 41.345638275146484, -9.750678062438965, -9.85584831237793]","[-8.576719284057617, -8.802763938903809, -4.35963773727417, 41.345638275146484, -9.750678062438965, -9.85584831237793]",1,1,True,"['C', 'D']","['C', 'D']"
5ac1b48f55429963665198f3::active_set_pack_a,5ac1b48f55429963665198f3,"['A', 'B', 'C', 'D', 'E', 'F']","[0, 0, 1, 1, 0, 0]","[-8.67044734954834, -8.948071479797363, -4.50084114074707, 42.16550064086914, -10.212305068969727, -9.833836555480957]","[-8.67044734954834, -8.948071479797363, -4.50084114074707, 42.16550064086914, -10.212305068969727, -9.833836555480957]","[-8.67044734954834, -8.948071479797363, -4.50084114074707, 42.16550064086914, -10.212305068969727, -9.833836555480957]",1,1,True,"['C', 'D']","['C', 'D']"
5ac1b48f55429963665198f3::working_set_pack_b,5ac1b48f55429963665198f3,"['A', 'B', 'C', 'D', 'E', 'F']","[0, 0, 1, 1, 0, 0]","[-8.89847469329834, -9.057269096374512, -4.106410503387451, 41.23738479614258, -10.610313415527344, -8.564918518066406]","[-8.89847469329834, -9.057269096374512, -4.106410503387451, 41.23738479614258, -10.610313415527344, -8.564918518066406]","[-8.89847469329834, -9.057269096374512, -4.106410503387451, 41.23738479614258, -10.610313415527344, -8.564918518066406]",1,1,True,"['C', 'D']","['C', 'D']"
5ac1b48f55429963665198f3::active_set_pack_b,5ac1b48f55429963665198f3,"['A', 'B', 'C', 'D', 'E', 'F']","[0, 0, 1, 1, 0, 0]","[-10.52363109588623, -10.4992094039917, -5.555078506469727, 49.5579719543457, -10.719193458557129, -12.260872840881348]","[-10.52363109588623, -10.4992094039917, -5.555078506469727, 49.5579719543457, -10.719193458557129, -12.260872840881348]","[-10.52363109588623, -10.4992094039917, -5.555078506469727, 49.5579719543457, -10.719193458557129, -12.260872840881348]",1,1,True,"['C', 'D']","['C', 'D']"
5ab9d58855429939ce03dc3a::working_set_pack_a,5ab9d58855429939ce03dc3a,"['A', 'B', 'C', 'D', 'E', 'F']","[1, 0, 1, 0, 0, 0]","[-4.380115032196045, -6.12138557434082, 32.19567108154297, -8.85189437866211, -6.500449180603027, -6.341830253601074]","[-4.380115032196045, -6.12138557434082, 32.19567108154297, -8.85189437866211, -6.500449180603027, -6.341830253601074]","[4.380115032196045, 6.12138557434082, -32.19567108154297, 8.85189437866211, 6.500449180603027, 6.341830253601074]",-1,-1,True,"['A', 'C']","['A', 'C']"
5ab9d58855429939ce03dc3a::active_set_pack_a,5ab9d58855429939ce03dc3a,"['A', 'B', 'C', 'D', 'E', 'F']","[1, 0, 1, 0, 0, 0]","[-3.9874837398529053, -5.980411052703857, 31.092805862426758, -8.535441398620605, -6.411247253417969, -6.178215980529785]","[-3.9874837398529053, -5.980411052703857, 31.092805862426758, -8.535441398620605, -6.411247253417969, -6.178215980529785]","[3.9874837398529053, 5.980411052703857, -31.092805862426758, 8.535441398620605, 6.411247253417969, 6.178215980529785]",-1,-1,True,"['A', 'C']","['A', 'C']"
5ab9d58855429939ce03dc3a::working_set_pack_b,5ab9d58855429939ce03dc3a,"['A', 'B', 'C', 'D', 'E', 'F']","[1, 0, 1, 0, 0, 0]","[-6.351093769073486, -7.697839260101318, 40.26435470581055, -9.648977279663086, -8.276565551757812, -8.289881706237793]","[-6.351093769073486, -7.697839260101318, 40.26435470581055, -9.648977279663086, -8.276565551757812, -8.289881706237793]","[6.351093769073486, 7.697839260101318, -40.26435470581055, 9.648977279663086, 8.276565551757812, 8.289881706237793]",-1,-1,True,"['A', 'C']","['A', 'C']"
5ab9d58855429939ce03dc3a::active_set_pack_b,5ab9d58855429939ce03dc3a,"['A', 'B', 'C', 'D', 'E', 'F']","[1, 0, 1, 0, 0, 0]","[-6.409201622009277, -7.8063201904296875, 40.08759689331055, -9.854193687438965, -8.282454490661621, -7.735419750213623]","[-6.409201622009277, -7.8063201904296875, 40.08759689331055, -9.854193687438965, -8.282454490661621, -7.735419750213623]","[-6.409201622009277, -7.8063201904296875, 40.08759689331055, -9.854193687438965, -8.282454490661621, -7.735419750213623]",1,1,True,"['A', 'C']","['A', 'C']"
5ab9121555429919ba4e238a::working_set_pack_a,5ab9121555429919ba4e238a,"['A', 'B', 'C', 'D', 'E', 'F']","[0, 1, 0, 0, 1, 0]","[-5.345090389251709, 28.92011833190918, -4.973840236663818, -7.90208101272583, -4.665700435638428, -6.033418655395508]","[-5.345090389251709, 28.92011833190918, -4.973840236663818, -7.90208101272583, -4.665700435638428, -6.033418655395508]","[-5.345090389251709, 28.92011833190918, -4.973840236663818, -7.90208101272583, -4.665700435638428, -6.033418655395508]",1,1,True,"['B', 'E']","['B', 'E']"
5ab9121555429919ba4e238a::active_set_pack_a,5ab9121555429919ba4e238a,"['A', 'B', 'C', 'D', 'E', 'F']","[0, 1, 0, 0, 1, 0]","[-5.5120768547058105, 29.962841033935547, -5.252189636230469, -7.464544773101807, -5.7759833335876465, -5.958043575286865]","[-5.5120768547058105, 29.962841033935547, -5.252189636230469, -7.464544773101807, -5.7759833335876465, -5.958043575286865]","[-5.5120768547058105, 29.962841033935547, -5.252189636230469, -7.464544773101807, -5.7759833335876465, -5.958043575286865]",1,1,True,"['B', 'E']","['B', 'E']"
5ab9121555429919ba4e238a::working_set_pack_b,5ab9121555429919ba4e238a,"['A', 'B', 'C', 'D', 'E', 'F']","[0, 1, 0, 0, 1, 0]","[-5.843165397644043, 33.432491302490234, -5.835821151733398, -12.408059120178223, -3.5778841972351074, -5.767569541931152]","[-5.843165397644043, 33.432491302490234, -5.835821151733398, -12.408059120178223, -3.5778841972351074, -5.767569541931152]","[-5.843165397644043, 33.432491302490234, -5.835821151733398, -12.408059120178223, -3.5778841972351074, -5.767569541931152]",1,1,True,"['B', 'E']","['B', 'E']"
5ab9121555429919ba4e238a::active_set_pack_b,5ab9121555429919ba4e238a,"['A', 'B', 'C', 'D', 'E', 'F']","[0, 1, 0, 0, 1, 0]","[-7.809576511383057, 42.931541442871094, -7.887771129608154, -13.052308082580566, -6.507273197174072, -7.674615383148193]","[-7.809576511383057, 42.931541442871094, -7.887771129608154, -13.052308082580566, -6.507273197174072, -7.674615383148193]","[-7.809576511383057, 42.931541442871094, -7.887771129608154, -13.052308082580566, -6.507273197174072, -7.674615383148193]",1,1,True,"['B', 'E']","['B', 'E']"
5abf037a5542993fe9a41dbe::working_set_pack_a,5abf037a5542993fe9a41dbe,"['A', 'B', 'C', 'D', 'E', 'F']","[0, 0, 0, 1, 1, 0]","[-7.73206901550293, -7.748910903930664, -7.335281848907471, 35.61642074584961, -7.393919467926025, -5.406248569488525]","[-7.73206901550293, -7.748910903930664, -7.335281848907471, 35.61642074584961, -7.393919467926025, -5.406248569488525]","[-7.73206901550293, -7.748910903930664, -7.335281848907471, 35.61642074584961, -7.393919467926025, -5.406248569488525]",1,1,False,"['D', 'F']","['D', 'E']"
5abf037a5542993fe9a41dbe::active_set_pack_a,5abf037a5542993fe9a41dbe,"['A', 'B', 'C', 'D', 'E', 'F']","[0, 0, 0, 1, 1, 0]","[-7.877009391784668, -7.916735649108887, -7.352074146270752, 33.428287506103516, -7.418325901031494, -2.864137649536133]","[-7.877009391784668, -7.916735649108887, -7.352074146270752, 33.428287506103516, -7.418325901031494, -2.864137649536133]","[-7.877009391784668, -7.916735649108887, -7.352074146270752, 33.428287506103516, -7.418325901031494, -2.864137649536133]",1,1,False,"['D', 'F']","['D', 'E']"
5abf037a5542993fe9a41dbe::working_set_pack_b,5abf037a5542993fe9a41dbe,"['A', 'B', 'C', 'D', 'E', 'F']","[0, 0, 0, 1, 1, 0]","[-7.048823356628418, -7.13518762588501, -7.0011773109436035, 35.23160934448242, -6.902817726135254, -7.143604755401611]","[-7.048823356628418, -7.13518762588501, -7.0011773109436035, 35.23160934448242, -6.902817726135254, -7.143604755401611]","[-7.048823356628418, -7.13518762588501, -7.0011773109436035, 35.23160934448242, -6.902817726135254, -7.143604755401611]",1,1,False,"['D', 'F']","['D', 'E']"
5abf037a5542993fe9a41dbe::active_set_pack_b,5abf037a5542993fe9a41dbe,"['A', 'B', 'C', 'D', 'E', 'F']","[0, 0, 0, 1, 1, 0]","[11.992380142211914, 12.028239250183105, 11.072107315063477, -2.2481954097747803, 10.759790420532227, -43.60432815551758]","[-11.992380142211914, -12.028239250183105, -11.072107315063477, 2.2481954097747803, -10.759790420532227, 43.60432815551758]","[-11.992380142211914, -12.028239250183105, -11.072107315063477, 2.2481954097747803, -10.759790420532227, 43.60432815551758]",-1,1,False,"['D', 'F']","['D', 'E']"
5a74f2ff5542993748c89748::working_set_pack_a,5a74f2ff5542993748c89748,"['A', 'B', 'C', 'D', 'E', 'F']","[1, 0, 0, 0, 1, 0]","[30.623628616333008, -2.242068290710449, -2.3344128131866455, -2.569478750228882, -21.3349552154541, -2.14272403717041]","[30.623628616333008, -2.242068290710449, -2.3344128131866455, -2.569478750228882, -21.3349552154541, -2.14272403717041]","[30.623628616333008, -2.242068290710449, -2.3344128131866455, -2.569478750228882, -21.3349552154541, -2.14272403717041]",1,1,True,"['A', 'E']","['A', 'E']"
5a74f2ff5542993748c89748::active_set_pack_a,5a74f2ff5542993748c89748,"['A', 'B', 'C', 'D', 'E', 'F']","[1, 0, 0, 0, 1, 0]","[30.858509063720703, -4.1744513511657715, -4.2296624183654785, -0.20448163151741028, -18.216955184936523, -4.032962322235107]","[30.858509063720703, -4.1744513511657715, -4.2296624183654785, -0.20448163151741028, -18.216955184936523, -4.032962322235107]","[30.858509063720703, -4.1744513511657715, -4.2296624183654785, -0.20448163151741028, -18.216955184936523, -4.032962322235107]",1,1,True,"['A', 'E']","['A', 'E']"
5a74f2ff5542993748c89748::working_set_pack_b,5a74f2ff5542993748c89748,"['A', 'B', 'C', 'D', 'E', 'F']","[1, 0, 0, 0, 1, 0]","[-10.661270141601562, -6.527113914489746, -5.7994771003723145, -5.688287258148193, 35.54359436035156, -6.8674516677856445]","[-10.661270141601562, -6.527113914489746, -5.7994771003723145, -5.688287258148193, 35.54359436035156, -6.8674516677856445]","[10.661270141601562, 6.527113914489746, 5.7994771003723145, 5.688287258148193, -35.54359436035156, 6.8674516677856445]",-1,-1,True,"['A', 'E']","['A', 'E']"
5a74f2ff5542993748c89748::active_set_pack_b,5a74f2ff5542993748c89748,"['A', 'B', 'C', 'D', 'E', 'F']","[1, 0, 0, 0, 1, 0]","[-19.04507064819336, -4.230011463165283, -3.797790050506592, -4.151219367980957, 35.5289306640625, -4.304842472076416]","[-19.04507064819336, -4.230011463165283, -3.797790050506592, -4.151219367980957, 35.5289306640625, -4.304842472076416]","[19.04507064819336, 4.230011463165283, 3.797790050506592, 4.151219367980957, -35.5289306640625, 4.304842472076416]",-1,-1,True,"['A', 'E']","['A', 'E']"
5ac52b495542994611c8b3de::working_set_pack_a,5ac52b495542994611c8b3de,"['A', 'B', 'C', 'D', 'E', 'F']","[1, 0, 1, 0, 0, 0]","[-6.025974273681641, -9.12786865234375, 41.678924560546875, -9.376435279846191, -8.902144432067871, -8.246511459350586]","[-6.025974273681641, -9.12786865234375, 41.678924560546875, -9.376435279846191, -8.902144432067871, -8.246511459350586]","[-6.025974273681641, -9.12786865234375, 41.678924560546875, -9.376435279846191, -8.902144432067871, -8.246511459350586]",1,1,True,"['A', 'C']","['A', 'C']"
5ac52b495542994611c8b3de::active_set_pack_a,5ac52b495542994611c8b3de,"['A', 'B', 'C', 'D', 'E', 'F']","[1, 0, 1, 0, 0, 0]","[-7.2528886795043945, -9.897293090820312, 45.95033645629883, -10.245513916015625, -9.612105369567871, -8.942527770996094]","[-7.2528886795043945, -9.897293090820312, 45.95033645629883, -10.245513916015625, -9.612105369567871, -8.942527770996094]","[-7.2528886795043945, -9.897293090820312, 45.95033645629883, -10.245513916015625, -9.612105369567871, -8.942527770996094]",1,1,True,"['A', 'C']","['A', 'C']"
5ac52b495542994611c8b3de::working_set_pack_b,5ac52b495542994611c8b3de,"['A', 'B', 'C', 'D', 'E', 'F']","[1, 0, 1, 0, 0, 0]","[-6.8704142570495605, -9.496268272399902, 44.283023834228516, -9.891899108886719, -9.442501068115234, -8.581952095031738]","[-6.8704142570495605, -9.496268272399902, 44.283023834228516, -9.891899108886719, -9.442501068115234, -8.581952095031738]","[-6.8704142570495605, -9.496268272399902, 44.283023834228516, -9.891899108886719, -9.442501068115234, -8.581952095031738]",1,1,True,"['A', 'C']","['A', 'C']"
5ac52b495542994611c8b3de::active_set_pack_b,5ac52b495542994611c8b3de,"['A', 'B', 'C', 'D', 'E', 'F']","[1, 0, 1, 0, 0, 0]","[-7.829999923706055, -10.569024085998535, 49.563289642333984, -11.307515144348145, -10.361601829528809, -9.495146751403809]","[-7.829999923706055, -10.569024085998535, 49.563289642333984, -11.307515144348145, -10.361601829528809, -9.495146751403809]","[-7.829999923706055, -10.569024085998535, 49.563289642333984, -11.307515144348145, -10.361601829528809, -9.495146751403809]",1,1,True,"['A', 'C']","['A', 'C']"
5a72b1c25542992359bc3172::working_set_pack_a,5a72b1c25542992359bc3172,"['A', 'B', 'C', 'D', 'E', 'F']","[1, 0, 0, 1, 0, 0]","[-8.533123016357422, -9.073629379272461, -10.056352615356445, 46.19416427612305, -10.576227188110352, -7.954839706420898]","[-8.533123016357422, -9.073629379272461, -10.056352615356445, 46.19416427612305, -10.576227188110352, -7.954839706420898]","[-8.533123016357422, -9.073629379272461, -10.056352615356445, 46.19416427612305, -10.576227188110352, -7.954839706420898]",1,1,False,"['C', 'D']","['A', 'D']"
5a72b1c25542992359bc3172::active_set_pack_a,5a72b1c25542992359bc3172,"['A', 'B', 'C', 'D', 'E', 'F']","[1, 0, 0, 1, 0, 0]","[-8.382244110107422, -9.130157470703125, -9.757986068725586, 45.81712341308594, -10.46080207824707, -8.08594036102295]","[-8.382244110107422, -9.130157470703125, -9.757986068725586, 45.81712341308594, -10.46080207824707, -8.08594036102295]","[-8.382244110107422, -9.130157470703125, -9.757986068725586, 45.81712341308594, -10.46080207824707, -8.08594036102295]",1,1,False,"['C', 'D']","['A', 'D']"
5a72b1c25542992359bc3172::working_set_pack_b,5a72b1c25542992359bc3172,"['A', 'B', 'C', 'D', 'E', 'F']","[1, 0, 0, 1, 0, 0]","[-8.008444786071777, -8.658660888671875, -8.949090957641602, 43.244415283203125, -9.894290924072266, -7.733926296234131]","[-8.008444786071777, -8.658660888671875, -8.949090957641602, 43.244415283203125, -9.894290924072266, -7.733926296234131]","[-8.008444786071777, -8.658660888671875, -8.949090957641602, 43.244415283203125, -9.894290924072266, -7.733926296234131]",1,1,False,"['C', 'D']","['A', 'D']"
5a72b1c25542992359bc3172::active_set_pack_b,5a72b1c25542992359bc3172,"['A', 'B', 'C', 'D', 'E', 'F']","[1, 0, 0, 1, 0, 0]","[-8.458663940429688, -8.950854301452637, -9.477944374084473, 45.107330322265625, -10.130867958068848, -8.089003562927246]","[-8.458663940429688, -8.950854301452637, -9.477944374084473, 45.107330322265625, -10.130867958068848, -8.089003562927246]","[-8.458663940429688, -8.950854301452637, -9.477944374084473, 45.107330322265625, -10.130867958068848, -8.089003562927246]",1,1,True,"['A', 'D']","['A', 'D']"
5ab39701554299233954ff5e::working_set_pack_a,5ab39701554299233954ff5e,"['A', 'B', 'C', 'D', 'E', 'F']","[0, 0, 1, 1, 0, 0]","[-11.243844032287598, -11.441863059997559, -10.396045684814453, 46.07383728027344, -7.845773696899414, -5.146298408508301]","[-11.243844032287598, -11.441863059997559, -10.396045684814453, 46.07383728027344, -7.845773696899414, -5.146298408508301]","[-11.243844032287598, -11.441863059997559, -10.396045684814453, 46.07383728027344, -7.845773696899414, -5.146298408508301]",1,1,True,"['C', 'D']","['C', 'D']"
5ab39701554299233954ff5e::active_set_pack_a,5ab39701554299233954ff5e,"['A', 'B', 'C', 'D', 'E', 'F']","[0, 0, 1, 1, 0, 0]","[-10.915295600891113, -11.220346450805664, -10.0212984085083, 46.71072006225586, -7.586743354797363, -6.9670538902282715]","[-10.915295600891113, -11.220346450805664, -10.0212984085083, 46.71072006225586, -7.586743354797363, -6.9670538902282715]","[-10.915295600891113, -11.220346450805664, -10.0212984085083, 46.71072006225586, -7.586743354797363, -6.9670538902282715]",1,1,True,"['C', 'D']","['C', 'D']"
5ab39701554299233954ff5e::working_set_pack_b,5ab39701554299233954ff5e,"['A', 'B', 'C', 'D', 'E', 'F']","[0, 0, 1, 1, 0, 0]","[-11.599784851074219, -11.681991577148438, -10.436200141906738, 51.872108459472656, -8.284117698669434, -9.87002182006836]","[-11.599784851074219, -11.681991577148438, -10.436200141906738, 51.872108459472656, -8.284117698669434, -9.87002182006836]","[-11.599784851074219, -11.681991577148438, -10.436200141906738, 51.872108459472656, -8.284117698669434, -9.87002182006836]",1,1,True,"['C', 'D']","['C', 'D']"
5ab39701554299233954ff5e::active_set_pack_b,5ab39701554299233954ff5e,"['A', 'B', 'C', 'D', 'E', 'F']","[0, 0, 1, 1, 0, 0]","[-13.60595703125, -13.76651668548584, -12.4228515625, 63.22358322143555, -10.677950859069824, -12.7503023147583]","[-13.60595703125, -13.76651668548584, -12.4228515625, 63.22358322143555, -10.677950859069824, -12.7503023147583]","[-13.60595703125, -13.76651668548584, -12.4228515625, 63.22358322143555, -10.677950859069824, -12.7503023147583]",1,1,True,"['C', 'D']","['C', 'D']"
5adf8d5b5542995534e8c7e1::working_set_pack_a,5adf8d5b5542995534e8c7e1,"['A', 'B', 'C', 'D', 'E', 'F']","[0, 0, 0, 1, 1, 0]","[-7.020941734313965, -5.447681903839111, -7.803750514984131, -3.8953990936279297, 38.894248962402344, -14.726476669311523]","[-7.020941734313965, -5.447681903839111, -7.803750514984131, -3.8953990936279297, 38.894248962402344, -14.726476669311523]","[-7.020941734313965, -5.447681903839111, -7.803750514984131, -3.8953990936279297, 38.894248962402344, -14.726476669311523]",1,1,True,"['D', 'E']","['D', 'E']"
5adf8d5b5542995534e8c7e1::active_set_pack_a,5adf8d5b5542995534e8c7e1,"['A', 'B', 'C', 'D', 'E', 'F']","[0, 0, 0, 1, 1, 0]","[-5.7824320793151855, -4.24976110458374, -7.122620105743408, -2.107564687728882, 32.82588577270508, -13.563508987426758]","[-5.7824320793151855, -4.24976110458374, -7.122620105743408, -2.107564687728882, 32.82588577270508, -13.563508987426758]","[-5.7824320793151855, -4.24976110458374, -7.122620105743408, -2.107564687728882, 32.82588577270508, -13.563508987426758]",1,1,True,"['D', 'E']","['D', 'E']"
5adf8d5b5542995534e8c7e1::working_set_pack_b,5adf8d5b5542995534e8c7e1,"['A', 'B', 'C', 'D', 'E', 'F']","[0, 0, 0, 1, 1, 0]","[-7.624209403991699, -5.547513961791992, -6.019205570220947, -4.036201477050781, 42.100128173828125, -18.873010635375977]","[-7.624209403991699, -5.547513961791992, -6.019205570220947, -4.036201477050781, 42.100128173828125, -18.873010635375977]","[-7.624209403991699, -5.547513961791992, -6.019205570220947, -4.036201477050781, 42.100128173828125, -18.873010635375977]",1,1,True,"['D', 'E']","['D', 'E']"
5adf8d5b5542995534e8c7e1::active_set_pack_b,5adf8d5b5542995534e8c7e1,"['A', 'B', 'C', 'D', 'E', 'F']","[0, 0, 0, 1, 1, 0]","[-8.246826171875, -6.3608903884887695, -7.432769775390625, -5.003072261810303, 43.02534484863281, -15.981807708740234]","[-8.246826171875, -6.3608903884887695, -7.432769775390625, -5.003072261810303, 43.02534484863281, -15.981807708740234]","[-8.246826171875, -6.3608903884887695, -7.432769775390625, -5.003072261810303, 43.02534484863281, -15.981807708740234]",1,1,True,"['D', 'E']","['D', 'E']"
5ae5b3df5542992663a4f20b::working_set_pack_a,5ae5b3df5542992663a4f20b,"['A', 'B', 'C', 'D', 'E', 'F']","[0, 0, 1, 1, 0, 0]","[-6.411990642547607, -6.234635829925537, -4.136796474456787, 31.021432876586914, -6.88844108581543, -7.349566459655762]","[-6.411990642547607, -6.234635829925537, -4.136796474456787, 31.021432876586914, -6.88844108581543, -7.349566459655762]","[-6.411990642547607, -6.234635829925537, -4.136796474456787, 31.021432876586914, -6.88844108581543, -7.349566459655762]",1,1,True,"['C', 'D']","['C', 'D']"
5ae5b3df5542992663a4f20b::active_set_pack_a,5ae5b3df5542992663a4f20b,"['A', 'B', 'C', 'D', 'E', 'F']","[0, 0, 1, 1, 0, 0]","[-6.013762474060059, -5.852701663970947, -3.476489305496216, 28.959653854370117, -6.640415191650391, -6.976283550262451]","[-6.013762474060059, -5.852701663970947, -3.476489305496216, 28.959653854370117, -6.640415191650391, -6.976283550262451]","[-6.013762474060059, -5.852701663970947, -3.476489305496216, 28.959653854370117, -6.640415191650391, -6.976283550262451]",1,1,True,"['C', 'D']","['C', 'D']"
5ae5b3df5542992663a4f20b::working_set_pack_b,5ae5b3df5542992663a4f20b,"['A', 'B', 'C', 'D', 'E', 'F']","[0, 0, 1, 1, 0, 0]","[-5.7800726890563965, -5.600796222686768, -1.305492639541626, 28.08741569519043, -7.409805774688721, -7.991260528564453]","[-5.7800726890563965, -5.600796222686768, -1.305492639541626, 28.08741569519043, -7.409805774688721, -7.991260528564453]","[-5.7800726890563965, -5.600796222686768, -1.305492639541626, 28.08741569519043, -7.409805774688721, -7.991260528564453]",1,1,True,"['C', 'D']","['C', 'D']"
5ae5b3df5542992663a4f20b::active_set_pack_b,5ae5b3df5542992663a4f20b,"['A', 'B', 'C', 'D', 'E', 'F']","[0, 0, 1, 1, 0, 0]","[-7.346675395965576, -6.728999614715576, 34.464698791503906, -2.077521562576294, -9.336481094360352, -8.975032806396484]","[-7.346675395965576, -6.728999614715576, 34.464698791503906, -2.077521562576294, -9.336481094360352, -8.975032806396484]","[-7.346675395965576, -6.728999614715576, 34.464698791503906, -2.077521562576294, -9.336481094360352, -8.975032806396484]",1,1,True,"['C', 'D']","['C', 'D']"
5ac2423755429951e9e684ff::working_set_pack_a,5ac2423755429951e9e684ff,"['A', 'B', 'C', 'D', 'E', 'F']","[1, 0, 0, 0, 0, 1]","[-6.948785305023193, -8.449822425842285, -7.724975109100342, -6.784643650054932, -9.155216217041016, 39.063438415527344]","[-6.948785305023193, -8.449822425842285, -7.724975109100342, -6.784643650054932, -9.155216217041016, 39.063438415527344]","[-6.948785305023193, -8.449822425842285, -7.724975109100342, -6.784643650054932, -9.155216217041016, 39.063438415527344]",1,1,True,"['A', 'F']","['A', 'F']"
5ac2423755429951e9e684ff::active_set_pack_a,5ac2423755429951e9e684ff,"['A', 'B', 'C', 'D', 'E', 'F']","[1, 0, 0, 0, 0, 1]","[-6.14299201965332, -7.100234031677246, -6.176974773406982, -5.4691925048828125, -7.9412617683410645, 32.83063888549805]","[-6.14299201965332, -7.100234031677246, -6.176974773406982, -5.4691925048828125, -7.9412617683410645, 32.83063888549805]","[-6.14299201965332, -7.100234031677246, -6.176974773406982, -5.4691925048828125, -7.9412617683410645, 32.83063888549805]",1,1,True,"['A', 'F']","['A', 'F']"
5ac2423755429951e9e684ff::working_set_pack_b,5ac2423755429951e9e684ff,"['A', 'B', 'C', 'D', 'E', 'F']","[1, 0, 0, 0, 0, 1]","[-8.736011505126953, -10.651363372802734, -9.423986434936523, -8.875370025634766, -11.27055835723877, 48.957271575927734]","[-8.736011505126953, -10.651363372802734, -9.423986434936523, -8.875370025634766, -11.27055835723877, 48.957271575927734]","[-8.736011505126953, -10.651363372802734, -9.423986434936523, -8.875370025634766, -11.27055835723877, 48.957271575927734]",1,1,True,"['A', 'F']","['A', 'F']"
5ac2423755429951e9e684ff::active_set_pack_b,5ac2423755429951e9e684ff,"['A', 'B', 'C', 'D', 'E', 'F']","[1, 0, 0, 0, 0, 1]","[-8.672175407409668, -10.022486686706543, -8.702898979187012, -8.220778465270996, -11.274173736572266, 46.89251708984375]","[-8.672175407409668, -10.022486686706543, -8.702898979187012, -8.220778465270996, -11.274173736572266, 46.89251708984375]","[-8.672175407409668, -10.022486686706543, -8.702898979187012, -8.220778465270996, -11.274173736572266, 46.89251708984375]",1,1,True,"['A', 'F']","['A', 'F']"
5a822d4655429926c1cdae45::working_set_pack_a,5a822d4655429926c1cdae45,"['A', 'B', 'C', 'D', 'E', 'F']","[0, 1, 0, 0, 0, 1]","[-6.789457321166992, -9.571183204650879, -7.207118034362793, -7.110465049743652, -7.4652605056762695, 38.14349365234375]","[-6.789457321166992, -9.571183204650879, -7.207118034362793, -7.110465049743652, -7.4652605056762695, 38.14349365234375]","[-6.789457321166992, -9.571183204650879, -7.207118034362793, -7.110465049743652, -7.4652605056762695, 38.14349365234375]",1,1,True,"['B', 'F']","['B', 'F']"
5a822d4655429926c1cdae45::active_set_pack_a,5a822d4655429926c1cdae45,"['A', 'B', 'C', 'D', 'E', 'F']","[0, 1, 0, 0, 0, 1]","[-7.236119747161865, -8.360309600830078, -7.574321746826172, -7.654091835021973, -7.98204231262207, 38.80689239501953]","[-7.236119747161865, -8.360309600830078, -7.574321746826172, -7.654091835021973, -7.98204231262207, 38.80689239501953]","[-7.236119747161865, -8.360309600830078, -7.574321746826172, -7.654091835021973, -7.98204231262207, 38.80689239501953]",1,1,True,"['B', 'F']","['B', 'F']"
5a822d4655429926c1cdae45::working_set_pack_b,5a822d4655429926c1cdae45,"['A', 'B', 'C', 'D', 'E', 'F']","[0, 1, 0, 0, 0, 1]","[-6.973260402679443, -10.823312759399414, -7.352684497833252, -7.309452533721924, -7.078415393829346, 39.53713607788086]","[-6.973260402679443, -10.823312759399414, -7.352684497833252, -7.309452533721924, -7.078415393829346, 39.53713607788086]","[-6.973260402679443, -10.823312759399414, -7.352684497833252, -7.309452533721924, -7.078415393829346, 39.53713607788086]",1,1,True,"['B', 'F']","['B', 'F']"
5a822d4655429926c1cdae45::active_set_pack_b,5a822d4655429926c1cdae45,"['A', 'B', 'C', 'D', 'E', 'F']","[0, 1, 0, 0, 0, 1]","[-7.0946502685546875, -10.174421310424805, -7.585723876953125, -7.6299614906311035, -6.665370941162109, 39.150123596191406]","[-7.0946502685546875, -10.174421310424805, -7.585723876953125, -7.6299614906311035, -6.665370941162109, 39.150123596191406]","[-7.0946502685546875, -10.174421310424805, -7.585723876953125, -7.6299614906311035, -6.665370941162109, 39.150123596191406]",1,1,True,"['B', 'F']","['B', 'F']"
5ab9672655429970cfb8eabd::working_set_pack_a,5ab9672655429970cfb8eabd,"['A', 'B', 'C', 'D', 'E', 'F']","[0, 0, 1, 1, 0, 0]","[-6.150228023529053, -5.496720790863037, -1.217331051826477, 25.442304611206055, -5.8909807205200195, -6.687044620513916]","[-6.150228023529053, -5.496720790863037, -1.217331051826477, 25.442304611206055, -5.8909807205200195, -6.687044620513916]","[-6.150228023529053, -5.496720790863037, -1.217331051826477, 25.442304611206055, -5.8909807205200195, -6.687044620513916]",1,1,True,"['C', 'D']","['C', 'D']"
5ab9672655429970cfb8eabd::active_set_pack_a,5ab9672655429970cfb8eabd,"['A', 'B', 'C', 'D', 'E', 'F']","[0, 0, 1, 1, 0, 0]","[-6.390780925750732, -5.740010738372803, -1.425830602645874, 26.850553512573242, -6.182167053222656, -7.111751556396484]","[-6.390780925750732, -5.740010738372803, -1.425830602645874, 26.850553512573242, -6.182167053222656, -7.111751556396484]","[-6.390780925750732, -5.740010738372803, -1.425830602645874, 26.850553512573242, -6.182167053222656, -7.111751556396484]",1,1,True,"['C', 'D']","['C', 'D']"
5ab9672655429970cfb8eabd::working_set_pack_b,5ab9672655429970cfb8eabd,"['A', 'B', 'C', 'D', 'E', 'F']","[0, 0, 1, 1, 0, 0]","[-7.942489147186279, -7.224066257476807, -4.73198938369751, 36.45862579345703, -8.216743469238281, -8.343343734741211]","[-7.942489147186279, -7.224066257476807, -4.73198938369751, 36.45862579345703, -8.216743469238281, -8.343343734741211]","[-7.942489147186279, -7.224066257476807, -4.73198938369751, 36.45862579345703, -8.216743469238281, -8.343343734741211]",1,1,True,"['C', 'D']","['C', 'D']"
5ab9672655429970cfb8eabd::active_set_pack_b,5ab9672655429970cfb8eabd,"['A', 'B', 'C', 'D', 'E', 'F']","[0, 0, 1, 1, 0, 0]","[-8.099496841430664, -7.1521525382995605, -4.905167579650879, 37.10737991333008, -8.427461624145508, -8.523100852966309]","[-8.099496841430664, -7.1521525382995605, -4.905167579650879, 37.10737991333008, -8.427461624145508, -8.523100852966309]","[-8.099496841430664, -7.1521525382995605, -4.905167579650879, 37.10737991333008, -8.427461624145508, -8.523100852966309]",1,1,True,"['C', 'D']","['C', 'D']"
5abb1f745542996cc5e49fb5::working_set_pack_a,5abb1f745542996cc5e49fb5,"['A', 'B', 'C', 'D', 'E', 'F']","[1, 0, 0, 0, 0, 1]","[-6.899084091186523, -10.951766014099121, -10.751022338867188, -9.107086181640625, -6.400209903717041, 44.109161376953125]","[-6.899084091186523, -10.951766014099121, -10.751022338867188, -9.107086181640625, -6.400209903717041, 44.109161376953125]","[-6.899084091186523, -10.951766014099121, -10.751022338867188, -9.107086181640625, -6.400209903717041, 44.109161376953125]",1,1,True,"['A', 'F']","['A', 'F']"
5abb1f745542996cc5e49fb5::active_set_pack_a,5abb1f745542996cc5e49fb5,"['A', 'B', 'C', 'D', 'E', 'F']","[1, 0, 0, 0, 0, 1]","[-8.052093505859375, -11.595026016235352, -11.451902389526367, -10.237028121948242, -6.772757053375244, 48.10881423950195]","[-8.052093505859375, -11.595026016235352, -11.451902389526367, -10.237028121948242, -6.772757053375244, 48.10881423950195]","[-8.052093505859375, -11.595026016235352, -11.451902389526367, -10.237028121948242, -6.772757053375244, 48.10881423950195]",1,1,True,"['A', 'F']","['A', 'F']"
5abb1f745542996cc5e49fb5::working_set_pack_b,5abb1f745542996cc5e49fb5,"['A', 'B', 'C', 'D', 'E', 'F']","[1, 0, 0, 0, 0, 1]","[-9.518575668334961, -11.721955299377441, -11.576395988464355, -10.232722282409668, -7.883109092712402, 50.93275833129883]","[-9.518575668334961, -11.721955299377441, -11.576395988464355, -10.232722282409668, -7.883109092712402, 50.93275833129883]","[-9.518575668334961, -11.721955299377441, -11.576395988464355, -10.232722282409668, -7.883109092712402, 50.93275833129883]",1,1,True,"['A', 'F']","['A', 'F']"
5abb1f745542996cc5e49fb5::active_set_pack_b,5abb1f745542996cc5e49fb5,"['A', 'B', 'C', 'D', 'E', 'F']","[1, 0, 0, 0, 0, 1]","[-8.63182258605957, -12.195358276367188, -11.909045219421387, -10.46849536895752, -7.532742977142334, 50.73746109008789]","[-8.63182258605957, -12.195358276367188, -11.909045219421387, -10.46849536895752, -7.532742977142334, 50.73746109008789]","[-8.63182258605957, -12.195358276367188, -11.909045219421387, -10.46849536895752, -7.532742977142334, 50.73746109008789]",1,1,True,"['A', 'F']","['A', 'F']"
5abbbd0f55429931dba144d5::working_set_pack_a,5abbbd0f55429931dba144d5,"['A', 'B', 'C', 'D', 'E', 'F']","[0, 1, 0, 1, 0, 0]","[-12.004274368286133, -11.402385711669922, -12.300850868225098, 43.34342956542969, 5.020772457122803, -12.656683921813965]","[-12.004274368286133, -11.402385711669922, -12.300850868225098, 43.34342956542969, 5.020772457122803, -12.656683921813965]","[-12.004274368286133, -11.402385711669922, -12.300850868225098, 43.34342956542969, 5.020772457122803, -12.656683921813965]",1,1,True,"['B', 'D']","['B', 'D']"
5abbbd0f55429931dba144d5::active_set_pack_a,5abbbd0f55429931dba144d5,"['A', 'B', 'C', 'D', 'E', 'F']","[0, 1, 0, 1, 0, 0]","[-12.211095809936523, -11.64796257019043, -12.499200820922852, 45.11977005004883, 3.993192434310913, -12.754698753356934]","[-12.211095809936523, -11.64796257019043, -12.499200820922852, 45.11977005004883, 3.993192434310913, -12.754698753356934]","[-12.211095809936523, -11.64796257019043, -12.499200820922852, 45.11977005004883, 3.993192434310913, -12.754698753356934]",1,1,True,"['B', 'D']","['B', 'D']"
5abbbd0f55429931dba144d5::working_set_pack_b,5abbbd0f55429931dba144d5,"['A', 'B', 'C', 'D', 'E', 'F']","[0, 1, 0, 1, 0, 0]","[-12.925190925598145, -11.974702835083008, -13.12016487121582, 40.88643264770508, 11.558151245117188, -14.424515724182129]","[-12.925190925598145, -11.974702835083008, -13.12016487121582, 40.88643264770508, 11.558151245117188, -14.424515724182129]","[-12.925190925598145, -11.974702835083008, -13.12016487121582, 40.88643264770508, 11.558151245117188, -14.424515724182129]",1,1,True,"['B', 'D']","['B', 'D']"
5abbbd0f55429931dba144d5::active_set_pack_b,5abbbd0f55429931dba144d5,"['A', 'B', 'C', 'D', 'E', 'F']","[0, 1, 0, 1, 0, 0]","[-12.365413665771484, -11.641526222229004, -12.643025398254395, 46.54706954956055, 4.260420799255371, -14.157526016235352]","[-12.365413665771484, -11.641526222229004, -12.643025398254395, 46.54706954956055, 4.260420799255371, -14.157526016235352]","[-12.365413665771484, -11.641526222229004, -12.643025398254395, 46.54706954956055, 4.260420799255371, -14.157526016235352]",1,1,True,"['B', 'D']","['B', 'D']"
5ac3e8c65542997ea680c993::working_set_pack_a,5ac3e8c65542997ea680c993,"['A', 'B', 'C', 'D', 'E', 'F']","[0, 0, 0, 0, 1, 1]","[-3.4055593013763428, -3.522061824798584, -3.0721616744995117, -9.953222274780273, 1.2172605991363525, 18.735736846923828]","[-3.4055593013763428, -3.522061824798584, -3.0721616744995117, -9.953222274780273, 1.2172605991363525, 18.735736846923828]","[-3.4055593013763428, -3.522061824798584, -3.0721616744995117, -9.953222274780273, 1.2172605991363525, 18.735736846923828]",1,1,False,"['D', 'F']","['E', 'F']"
5ac3e8c65542997ea680c993::active_set_pack_a,5ac3e8c65542997ea680c993,"['A', 'B', 'C', 'D', 'E', 'F']","[0, 0, 0, 0, 1, 1]","[-4.194344997406006, -4.377419948577881, -3.7984774112701416, -7.737105369567871, 1.8897384405136108, 18.217613220214844]","[-4.194344997406006, -4.377419948577881, -3.7984774112701416, -7.737105369567871, 1.8897384405136108, 18.217613220214844]","[-4.194344997406006, -4.377419948577881, -3.7984774112701416, -7.737105369567871, 1.8897384405136108, 18.217613220214844]",1,1,False,"['D', 'F']","['E', 'F']"
5ac3e8c65542997ea680c993::working_set_pack_b,5ac3e8c65542997ea680c993,"['A', 'B', 'C', 'D', 'E', 'F']","[0, 0, 0, 0, 1, 1]","[-0.7057668566703796, -0.6646271347999573, -0.6788373589515686, -16.543163299560547, 7.519725799560547, 11.072669982910156]","[0.7057668566703796, 0.6646271347999573, 0.6788373589515686, 16.543163299560547, -7.519725799560547, -11.072669982910156]","[-0.7057668566703796, -0.6646271347999573, -0.6788373589515686, -16.543163299560547, 7.519725799560547, 11.072669982910156]",1,-1,False,"['D', 'F']","['E', 'F']"
5ac3e8c65542997ea680c993::active_set_pack_b,5ac3e8c65542997ea680c993,"['A', 'B', 'C', 'D', 'E', 'F']","[0, 0, 0, 0, 1, 1]","[-5.448620319366455, -5.363896369934082, -4.875648021697998, -9.901225090026855, 2.5115742683410645, 23.077817916870117]","[-5.448620319366455, -5.363896369934082, -4.875648021697998, -9.901225090026855, 2.5115742683410645, 23.077817916870117]","[-5.448620319366455, -5.363896369934082, -4.875648021697998, -9.901225090026855, 2.5115742683410645, 23.077817916870117]",1,1,False,"['D', 'F']","['E', 'F']"
5a87390555429960ec39b769::working_set_pack_a,5a87390555429960ec39b769,"['A', 'B', 'C', 'D', 'E', 'F']","[1, 0, 0, 0, 1, 0]","[7.3141632080078125, -11.159255981445312, -7.353984355926514, -9.279008865356445, 32.85453796386719, -12.376449584960938]","[7.3141632080078125, -11.159255981445312, -7.353984355926514, -9.279008865356445, 32.85453796386719, -12.376449584960938]","[7.3141632080078125, -11.159255981445312, -7.353984355926514, -9.279008865356445, 32.85453796386719, -12.376449584960938]",1,1,True,"['A', 'E']","['A', 'E']"
5a87390555429960ec39b769::active_set_pack_a,5a87390555429960ec39b769,"['A', 'B', 'C', 'D', 'E', 'F']","[1, 0, 0, 0, 1, 0]","[9.847383499145508, -11.57117748260498, -7.240615367889404, -9.176042556762695, 30.09710121154785, -11.95666217803955]","[9.847383499145508, -11.57117748260498, -7.240615367889404, -9.176042556762695, 30.09710121154785, -11.95666217803955]","[9.847383499145508, -11.57117748260498, -7.240615367889404, -9.176042556762695, 30.09710121154785, -11.95666217803955]",1,1,True,"['A', 'E']","['A', 'E']"
5a87390555429960ec39b769::working_set_pack_b,5a87390555429960ec39b769,"['A', 'B', 'C', 'D', 'E', 'F']","[1, 0, 0, 0, 1, 0]","[21.136606216430664, -13.939125061035156, -7.142978191375732, -9.573288917541504, 22.13115119934082, -12.612373352050781]","[21.136606216430664, -13.939125061035156, -7.142978191375732, -9.573288917541504, 22.13115119934082, -12.612373352050781]","[21.136606216430664, -13.939125061035156, -7.142978191375732, -9.573288917541504, 22.13115119934082, -12.612373352050781]",1,1,True,"['A', 'E']","['A', 'E']"
5a87390555429960ec39b769::active_set_pack_b,5a87390555429960ec39b769,"['A', 'B', 'C', 'D', 'E', 'F']","[1, 0, 0, 0, 1, 0]","[9.076292991638184, -14.057927131652832, -9.763121604919434, -11.419251441955566, 40.27141189575195, -14.107405662536621]","[9.076292991638184, -14.057927131652832, -9.763121604919434, -11.419251441955566, 40.27141189575195, -14.107405662536621]","[9.076292991638184, -14.057927131652832, -9.763121604919434, -11.419251441955566, 40.27141189575195, -14.107405662536621]",1,1,True,"['A', 'E']","['A', 'E']"
5a8766cb5542996e4f3087d6::working_set_pack_a,5a8766cb5542996e4f3087d6,"['A', 'B', 'C', 'D', 'E', 'F']","[0, 0, 0, 1, 1, 0]","[-7.976879119873047, -7.759591102600098, -8.609224319458008, -10.091601371765137, 45.274105072021484, -10.8367919921875]","[-7.976879119873047, -7.759591102600098, -8.609224319458008, -10.091601371765137, 45.274105072021484, -10.8367919921875]","[-7.976879119873047, -7.759591102600098, -8.609224319458008, -10.091601371765137, 45.274105072021484, -10.8367919921875]",1,1,True,"['D', 'E']","['D', 'E']"
5a8766cb5542996e4f3087d6::active_set_pack_a,5a8766cb5542996e4f3087d6,"['A', 'B', 'C', 'D', 'E', 'F']","[0, 0, 0, 1, 1, 0]","[-7.965247631072998, -7.643052577972412, -8.574997901916504, -9.680359840393066, 44.65098571777344, -10.787328720092773]","[-7.965247631072998, -7.643052577972412, -8.574997901916504, -9.680359840393066, 44.65098571777344, -10.787328720092773]","[-7.965247631072998, -7.643052577972412, -8.574997901916504, -9.680359840393066, 44.65098571777344, -10.787328720092773]",1,1,True,"['D', 'E']","['D', 'E']"
5a8766cb5542996e4f3087d6::working_set_pack_b,5a8766cb5542996e4f3087d6,"['A', 'B', 'C', 'D', 'E', 'F']","[0, 0, 0, 1, 1, 0]","[-11.994510650634766, -11.194589614868164, -12.396869659423828, -7.2801833152771, 58.05359649658203, -15.18745231628418]","[-11.994510650634766, -11.194589614868164, -12.396869659423828, -7.2801833152771, 58.05359649658203, -15.18745231628418]","[-11.994510650634766, -11.194589614868164, -12.396869659423828, -7.2801833152771, 58.05359649658203, -15.18745231628418]",1,1,True,"['D', 'E']","['D', 'E']"
5a8766cb5542996e4f3087d6::active_set_pack_b,5a8766cb5542996e4f3087d6,"['A', 'B', 'C', 'D', 'E', 'F']","[0, 0, 0, 1, 1, 0]","[-12.923591613769531, -12.47789192199707, -13.576074600219727, -7.072892665863037, 60.62919998168945, -14.578754425048828]","[-12.923591613769531, -12.47789192199707, -13.576074600219727, -7.072892665863037, 60.62919998168945, -14.578754425048828]","[-12.923591613769531, -12.47789192199707, -13.576074600219727, -7.072892665863037, 60.62919998168945, -14.578754425048828]",1,1,True,"['D', 'E']","['D', 'E']"
5a7ca54c55429935c91b527f::working_set_pack_a,5a7ca54c55429935c91b527f,"['A', 'B', 'C', 'D', 'E', 'F']","[0, 1, 0, 0, 1, 0]","[-8.543780326843262, -9.666606903076172, -11.083134651184082, -11.249274253845215, 53.11465072631836, -12.571837425231934]","[-8.543780326843262, -9.666606903076172, -11.083134651184082, -11.249274253845215, 53.11465072631836, -12.571837425231934]","[-8.543780326843262, -9.666606903076172, -11.083134651184082, -11.249274253845215, 53.11465072631836, -12.571837425231934]",1,1,False,"['A', 'E']","['B', 'E']"
5a7ca54c55429935c91b527f::active_set_pack_a,5a7ca54c55429935c91b527f,"['A', 'B', 'C', 'D', 'E', 'F']","[0, 1, 0, 0, 1, 0]","[-7.790796279907227, -9.211346626281738, -10.803105354309082, -10.917230606079102, 50.75498580932617, -12.032503128051758]","[-7.790796279907227, -9.211346626281738, -10.803105354309082, -10.917230606079102, 50.75498580932617, -12.032503128051758]","[-7.790796279907227, -9.211346626281738, -10.803105354309082, -10.917230606079102, 50.75498580932617, -12.032503128051758]",1,1,False,"['A', 'E']","['B', 'E']"
5a7ca54c55429935c91b527f::working_set_pack_b,5a7ca54c55429935c91b527f,"['A', 'B', 'C', 'D', 'E', 'F']","[0, 1, 0, 0, 1, 0]","[-9.764357566833496, -11.154437065124512, -13.47143840789795, -13.523927688598633, 62.206539154052734, -14.292380332946777]","[-9.764357566833496, -11.154437065124512, -13.47143840789795, -13.523927688598633, 62.206539154052734, -14.292380332946777]","[-9.764357566833496, -11.154437065124512, -13.47143840789795, -13.523927688598633, 62.206539154052734, -14.292380332946777]",1,1,False,"['A', 'E']","['B', 'E']"
5a7ca54c55429935c91b527f::active_set_pack_b,5a7ca54c55429935c91b527f,"['A', 'B', 'C', 'D', 'E', 'F']","[0, 1, 0, 0, 1, 0]","[-11.323148727416992, -12.75383186340332, -14.283711433410645, -14.368830680847168, 68.19319915771484, -15.463680267333984]","[-11.323148727416992, -12.75383186340332, -14.283711433410645, -14.368830680847168, 68.19319915771484, -15.463680267333984]","[-11.323148727416992, -12.75383186340332, -14.283711433410645, -14.368830680847168, 68.19319915771484, -15.463680267333984]",1,1,False,"['A', 'E']","['B', 'E']"
5a90c2b35542995651fb51df::working_set_pack_a,5a90c2b35542995651fb51df,"['A', 'B', 'C', 'D', 'E', 'F']","[0, 1, 0, 1, 0, 0]","[-3.6878018379211426, -3.649712562561035, -2.7416951656341553, 37.50699996948242, -6.109316349029541, -21.318479537963867]","[-3.6878018379211426, -3.649712562561035, -2.7416951656341553, 37.50699996948242, -6.109316349029541, -21.318479537963867]","[-3.6878018379211426, -3.649712562561035, -2.7416951656341553, 37.50699996948242, -6.109316349029541, -21.318479537963867]",1,1,False,"['D', 'F']","['B', 'D']"
5a90c2b35542995651fb51df::active_set_pack_a,5a90c2b35542995651fb51df,"['A', 'B', 'C', 'D', 'E', 'F']","[0, 1, 0, 1, 0, 0]","[-5.962825775146484, -5.917642593383789, -4.494155406951904, 39.07359313964844, -9.725468635559082, -12.973503112792969]","[-5.962825775146484, -5.917642593383789, -4.494155406951904, 39.07359313964844, -9.725468635559082, -12.973503112792969]","[-5.962825775146484, -5.917642593383789, -4.494155406951904, 39.07359313964844, -9.725468635559082, -12.973503112792969]",1,1,False,"['D', 'F']","['B', 'D']"
5a90c2b35542995651fb51df::working_set_pack_b,5a90c2b35542995651fb51df,"['A', 'B', 'C', 'D', 'E', 'F']","[0, 1, 0, 1, 0, 0]","[4.678732395172119, 4.837059020996094, 4.194360256195068, 17.463098526000977, 11.117987632751465, -42.29124069213867]","[4.678732395172119, 4.837059020996094, 4.194360256195068, 17.463098526000977, 11.117987632751465, -42.29124069213867]","[-4.678732395172119, -4.837059020996094, -4.194360256195068, -17.463098526000977, -11.117987632751465, 42.29124069213867]",-1,-1,False,"['C', 'D']","['B', 'D']"
5a90c2b35542995651fb51df::active_set_pack_b,5a90c2b35542995651fb51df,"['A', 'B', 'C', 'D', 'E', 'F']","[0, 1, 0, 1, 0, 0]","[6.921413898468018, 7.148807525634766, 6.510768413543701, 12.720704078674316, 14.060799598693848, -47.36249923706055]","[-6.921413898468018, -7.148807525634766, -6.510768413543701, -12.720704078674316, -14.060799598693848, 47.36249923706055]","[-6.921413898468018, -7.148807525634766, -6.510768413543701, -12.720704078674316, -14.060799598693848, 47.36249923706055]",-1,1,False,"['D', 'F']","['B', 'D']"
5a74a3bd55429979e28829da::working_set_pack_a,5a74a3bd55429979e28829da,"['A', 'B', 'C', 'D', 'E', 'F']","[0, 1, 0, 0, 1, 0]","[-7.32729959487915, -7.43936824798584, -7.80917501449585, -8.381697654724121, 36.93311309814453, -5.975571632385254]","[-7.32729959487915, -7.43936824798584, -7.80917501449585, -8.381697654724121, 36.93311309814453, -5.975571632385254]","[-7.32729959487915, -7.43936824798584, -7.80917501449585, -8.381697654724121, 36.93311309814453, -5.975571632385254]",1,1,False,"['E', 'F']","['B', 'E']"
5a74a3bd55429979e28829da::active_set_pack_a,5a74a3bd55429979e28829da,"['A', 'B', 'C', 'D', 'E', 'F']","[0, 1, 0, 0, 1, 0]","[-5.95900297164917, -6.156661510467529, -6.449629783630371, -6.751326560974121, 30.06711769104004, -4.75049352645874]","[-5.95900297164917, -6.156661510467529, -6.449629783630371, -6.751326560974121, 30.06711769104004, -4.75049352645874]","[-5.95900297164917, -6.156661510467529, -6.449629783630371, -6.751326560974121, 30.06711769104004, -4.75049352645874]",1,1,False,"['E', 'F']","['B', 'E']"
5a74a3bd55429979e28829da::working_set_pack_b,5a74a3bd55429979e28829da,"['A', 'B', 'C', 'D', 'E', 'F']","[0, 1, 0, 0, 1, 0]","[-6.739230155944824, -6.843988418579102, -7.134942054748535, -7.970372200012207, 34.21464157104492, -5.5261054039001465]","[-6.739230155944824, -6.843988418579102, -7.134942054748535, -7.970372200012207, 34.21464157104492, -5.5261054039001465]","[-6.739230155944824, -6.843988418579102, -7.134942054748535, -7.970372200012207, 34.21464157104492, -5.5261054039001465]",1,1,False,"['E', 'F']","['B', 'E']"
5a74a3bd55429979e28829da::active_set_pack_b,5a74a3bd55429979e28829da,"['A', 'B', 'C', 'D', 'E', 'F']","[0, 1, 0, 0, 1, 0]","[-7.288667678833008, -7.287940979003906, -7.699831485748291, -7.8592939376831055, 35.670860290527344, -5.535130023956299]","[-7.288667678833008, -7.287940979003906, -7.699831485748291, -7.8592939376831055, 35.670860290527344, -5.535130023956299]","[-7.288667678833008, -7.287940979003906, -7.699831485748291, -7.8592939376831055, 35.670860290527344, -5.535130023956299]",1,1,False,"['E', 'F']","['B', 'E']"
5add3b665542997545bbbcd2::working_set_pack_a,5add3b665542997545bbbcd2,"['A', 'B', 'C', 'D', 'E', 'F']","[1, 1, 0, 0, 0, 0]","[-7.349247455596924, 31.780288696289062, -7.979099273681641, -0.5150070190429688, -8.704090118408203, -7.232832908630371]","[-7.349247455596924, 31.780288696289062, -7.979099273681641, -0.5150070190429688, -8.704090118408203, -7.232832908630371]","[-7.349247455596924, 31.780288696289062, -7.979099273681641, -0.5150070190429688, -8.704090118408203, -7.232832908630371]",1,1,False,"['B', 'D']","['A', 'B']"
5add3b665542997545bbbcd2::active_set_pack_a,5add3b665542997545bbbcd2,"['A', 'B', 'C', 'D', 'E', 'F']","[1, 1, 0, 0, 0, 0]","[-7.0301594734191895, 29.31618881225586, -7.622211933135986, 0.935263991355896, -8.628835678100586, -6.970238208770752]","[-7.0301594734191895, 29.31618881225586, -7.622211933135986, 0.935263991355896, -8.628835678100586, -6.970238208770752]","[-7.0301594734191895, 29.31618881225586, -7.622211933135986, 0.935263991355896, -8.628835678100586, -6.970238208770752]",1,1,False,"['B', 'D']","['A', 'B']"
5add3b665542997545bbbcd2::working_set_pack_b,5add3b665542997545bbbcd2,"['A', 'B', 'C', 'D', 'E', 'F']","[1, 1, 0, 0, 0, 0]","[-7.508825778961182, 37.49282455444336, -8.756091117858887, -3.7939038276672363, -9.416202545166016, -8.017799377441406]","[-7.508825778961182, 37.49282455444336, -8.756091117858887, -3.7939038276672363, -9.416202545166016, -8.017799377441406]","[-7.508825778961182, 37.49282455444336, -8.756091117858887, -3.7939038276672363, -9.416202545166016, -8.017799377441406]",1,1,False,"['B', 'D']","['A', 'B']"
5add3b665542997545bbbcd2::active_set_pack_b,5add3b665542997545bbbcd2,"['A', 'B', 'C', 'D', 'E', 'F']","[1, 1, 0, 0, 0, 0]","[-9.651528358459473, 41.693119049072266, -10.464442253112793, -0.5026671886444092, -11.23732852935791, -9.837154388427734]","[-9.651528358459473, 41.693119049072266, -10.464442253112793, -0.5026671886444092, -11.23732852935791, -9.837154388427734]","[-9.651528358459473, 41.693119049072266, -10.464442253112793, -0.5026671886444092, -11.23732852935791, -9.837154388427734]",1,1,False,"['B', 'D']","['A', 'B']"
5ab728e45542992aa3b8c7b4::working_set_pack_a,5ab728e45542992aa3b8c7b4,"['A', 'B', 'C', 'D', 'E', 'F']","[0, 0, 0, 1, 0, 1]","[-15.224944114685059, -14.863611221313477, -14.83300495147705, -15.322381973266602, -12.318230628967285, 72.56217193603516]","[-15.224944114685059, -14.863611221313477, -14.83300495147705, -15.322381973266602, -12.318230628967285, 72.56217193603516]","[-15.224944114685059, -14.863611221313477, -14.83300495147705, -15.322381973266602, -12.318230628967285, 72.56217193603516]",1,1,False,"['E', 'F']","['D', 'F']"
5ab728e45542992aa3b8c7b4::active_set_pack_a,5ab728e45542992aa3b8c7b4,"['A', 'B', 'C', 'D', 'E', 'F']","[0, 0, 0, 1, 0, 1]","[-14.973307609558105, -14.63471508026123, -14.499897956848145, -14.6248140335083, -12.250813484191895, 70.9835205078125]","[-14.973307609558105, -14.63471508026123, -14.499897956848145, -14.6248140335083, -12.250813484191895, 70.9835205078125]","[-14.973307609558105, -14.63471508026123, -14.499897956848145, -14.6248140335083, -12.250813484191895, 70.9835205078125]",1,1,False,"['E', 'F']","['D', 'F']"
5ab728e45542992aa3b8c7b4::working_set_pack_b,5ab728e45542992aa3b8c7b4,"['A', 'B', 'C', 'D', 'E', 'F']","[0, 0, 0, 1, 0, 1]","[-15.564021110534668, -15.272489547729492, -15.377725601196289, -15.805941581726074, -12.539450645446777, 74.55963897705078]","[-15.564021110534668, -15.272489547729492, -15.377725601196289, -15.805941581726074, -12.539450645446777, 74.55963897705078]","[-15.564021110534668, -15.272489547729492, -15.377725601196289, -15.805941581726074, -12.539450645446777, 74.55963897705078]",1,1,False,"['E', 'F']","['D', 'F']"
5ab728e45542992aa3b8c7b4::active_set_pack_b,5ab728e45542992aa3b8c7b4,"['A', 'B', 'C', 'D', 'E', 'F']","[0, 0, 0, 1, 0, 1]","[-16.735755920410156, -16.38016128540039, -16.267065048217773, -15.443187713623047, -15.040987014770508, 79.86715698242188]","[-16.735755920410156, -16.38016128540039, -16.267065048217773, -15.443187713623047, -15.040987014770508, 79.86715698242188]","[-16.735755920410156, -16.38016128540039, -16.267065048217773, -15.443187713623047, -15.040987014770508, 79.86715698242188]",1,1,True,"['D', 'F']","['D', 'F']"
5a74fbe55542996c70cfae63::working_set_pack_a,5a74fbe55542996c70cfae63,"['A', 'B', 'C', 'D', 'E', 'F']","[1, 0, 1, 0, 0, 0]","[-6.725454330444336, -8.242120742797852, 35.0556526184082, -7.804987907409668, -5.673696994781494, -6.609393119812012]","[-6.725454330444336, -8.242120742797852, 35.0556526184082, -7.804987907409668, -5.673696994781494, -6.609393119812012]","[-6.725454330444336, -8.242120742797852, 35.0556526184082, -7.804987907409668, -5.673696994781494, -6.609393119812012]",1,1,False,"['C', 'E']","['A', 'C']"
5a74fbe55542996c70cfae63::active_set_pack_a,5a74fbe55542996c70cfae63,"['A', 'B', 'C', 'D', 'E', 'F']","[1, 0, 1, 0, 0, 0]","[-7.239727973937988, -8.47874927520752, 36.700191497802734, -8.48938274383545, -6.222802639007568, -6.269517421722412]","[-7.239727973937988, -8.47874927520752, 36.700191497802734, -8.48938274383545, -6.222802639007568, -6.269517421722412]","[-7.239727973937988, -8.47874927520752, 36.700191497802734, -8.48938274383545, -6.222802639007568, -6.269517421722412]",1,1,False,"['C', 'E']","['A', 'C']"
5a74fbe55542996c70cfae63::working_set_pack_b,5a74fbe55542996c70cfae63,"['A', 'B', 'C', 'D', 'E', 'F']","[1, 0, 1, 0, 0, 0]","[-8.092659950256348, -9.195375442504883, 41.616756439208984, -9.130414009094238, -7.291001319885254, -7.907289981842041]","[-8.092659950256348, -9.195375442504883, 41.616756439208984, -9.130414009094238, -7.291001319885254, -7.907289981842041]","[-8.092659950256348, -9.195375442504883, 41.616756439208984, -9.130414009094238, -7.291001319885254, -7.907289981842041]",1,1,False,"['C', 'E']","['A', 'C']"
5a74fbe55542996c70cfae63::active_set_pack_b,5a74fbe55542996c70cfae63,"['A', 'B', 'C', 'D', 'E', 'F']","[1, 0, 1, 0, 0, 0]","[-9.248979568481445, -11.497119903564453, 38.796165466308594, -10.529250144958496, -8.2385892868042, 0.7177535891532898]","[-9.248979568481445, -11.497119903564453, 38.796165466308594, -10.529250144958496, -8.2385892868042, 0.7177535891532898]","[-9.248979568481445, -11.497119903564453, 38.796165466308594, -10.529250144958496, -8.2385892868042, 0.7177535891532898]",1,1,False,"['C', 'E']","['A', 'C']"
5ab30bbb55429976abd1bc39::working_set_pack_a,5ab30bbb55429976abd1bc39,"['A', 'B', 'C', 'D', 'E', 'F']","[1, 0, 0, 1, 0, 0]","[-2.461308240890503, -6.37092399597168, -7.069104194641113, 29.81174087524414, -7.40867805480957, -6.501721382141113]","[-2.461308240890503, -6.37092399597168, -7.069104194641113, 29.81174087524414, -7.40867805480957, -6.501721382141113]","[-2.461308240890503, -6.37092399597168, -7.069104194641113, 29.81174087524414, -7.40867805480957, -6.501721382141113]",1,1,True,"['A', 'D']","['A', 'D']"
5ab30bbb55429976abd1bc39::active_set_pack_a,5ab30bbb55429976abd1bc39,"['A', 'B', 'C', 'D', 'E', 'F']","[1, 0, 0, 1, 0, 0]","[-1.915827989578247, -5.23945426940918, -6.335984230041504, 26.086944580078125, -6.704738616943359, -5.890941619873047]","[-1.915827989578247, -5.23945426940918, -6.335984230041504, 26.086944580078125, -6.704738616943359, -5.890941619873047]","[-1.915827989578247, -5.23945426940918, -6.335984230041504, 26.086944580078125, -6.704738616943359, -5.890941619873047]",1,1,True,"['A', 'D']","['A', 'D']"
5ab30bbb55429976abd1bc39::working_set_pack_b,5ab30bbb55429976abd1bc39,"['A', 'B', 'C', 'D', 'E', 'F']","[1, 0, 0, 1, 0, 0]","[-5.191524982452393, -5.199862003326416, -6.583066940307617, 30.313879013061523, -7.0404534339904785, -6.298973083496094]","[-5.191524982452393, -5.199862003326416, -6.583066940307617, 30.313879013061523, -7.0404534339904785, -6.298973083496094]","[-5.191524982452393, -5.199862003326416, -6.583066940307617, 30.313879013061523, -7.0404534339904785, -6.298973083496094]",1,1,True,"['A', 'D']","['A', 'D']"
5ab30bbb55429976abd1bc39::active_set_pack_b,5ab30bbb55429976abd1bc39,"['A', 'B', 'C', 'D', 'E', 'F']","[1, 0, 0, 1, 0, 0]","[-3.519418478012085, -5.515178680419922, -6.161559104919434, 27.870546340942383, -6.829235553741455, -5.845150470733643]","[-3.519418478012085, -5.515178680419922, -6.161559104919434, 27.870546340942383, -6.829235553741455, -5.845150470733643]","[-3.519418478012085, -5.515178680419922, -6.161559104919434, 27.870546340942383, -6.829235553741455, -5.845150470733643]",1,1,True,"['A', 'D']","['A', 'D']"
5abdbeed5542993062266cdd::working_set_pack_a,5abdbeed5542993062266cdd,"['A', 'B', 'C', 'D', 'E', 'F']","[0, 0, 1, 0, 1, 0]","[-7.208746910095215, -7.773624420166016, -3.9225142002105713, -3.623225212097168, 33.27760314941406, -10.749494552612305]","[-7.208746910095215, -7.773624420166016, -3.9225142002105713, -3.623225212097168, 33.27760314941406, -10.749494552612305]","[-7.208746910095215, -7.773624420166016, -3.9225142002105713, -3.623225212097168, 33.27760314941406, -10.749494552612305]",1,1,True,"['C', 'E']","['C', 'E']"
5abdbeed5542993062266cdd::active_set_pack_a,5abdbeed5542993062266cdd,"['A', 'B', 'C', 'D', 'E', 'F']","[0, 0, 1, 0, 1, 0]","[-6.6036458015441895, -7.23785400390625, -2.637103319168091, -2.6563806533813477, 29.694238662719727, -10.559252738952637]","[-6.6036458015441895, -7.23785400390625, -2.637103319168091, -2.6563806533813477, 29.694238662719727, -10.559252738952637]","[-6.6036458015441895, -7.23785400390625, -2.637103319168091, -2.6563806533813477, 29.694238662719727, -10.559252738952637]",1,1,True,"['C', 'E']","['C', 'E']"
5abdbeed5542993062266cdd::working_set_pack_b,5abdbeed5542993062266cdd,"['A', 'B', 'C', 'D', 'E', 'F']","[0, 0, 1, 0, 1, 0]","[-6.340932846069336, -6.948342800140381, -1.8289804458618164, -2.952225685119629, 30.756465911865234, -12.68598747253418]","[-6.340932846069336, -6.948342800140381, -1.8289804458618164, -2.952225685119629, 30.756465911865234, -12.68598747253418]","[-6.340932846069336, -6.948342800140381, -1.8289804458618164, -2.952225685119629, 30.756465911865234, -12.68598747253418]",1,1,True,"['C', 'E']","['C', 'E']"
5abdbeed5542993062266cdd::active_set_pack_b,5abdbeed5542993062266cdd,"['A', 'B', 'C', 'D', 'E', 'F']","[0, 0, 1, 0, 1, 0]","[-6.261990070343018, -6.875, -0.5132468342781067, -3.3914268016815186, 33.149147033691406, -16.107481002807617]","[-6.261990070343018, -6.875, -0.5132468342781067, -3.3914268016815186, 33.149147033691406, -16.107481002807617]","[-6.261990070343018, -6.875, -0.5132468342781067, -3.3914268016815186, 33.149147033691406, -16.107481002807617]",1,1,True,"['C', 'E']","['C', 'E']"
5ab6e84a554299710c8d1fab::working_set_pack_a,5ab6e84a554299710c8d1fab,"['A', 'B', 'C', 'D', 'E', 'F']","[1, 1, 0, 0, 0, 0]","[-3.6606509685516357, 23.515512466430664, -6.22446870803833, -5.093118190765381, -4.326467514038086, -4.2108154296875]","[-3.6606509685516357, 23.515512466430664, -6.22446870803833, -5.093118190765381, -4.326467514038086, -4.2108154296875]","[-3.6606509685516357, 23.515512466430664, -6.22446870803833, -5.093118190765381, -4.326467514038086, -4.2108154296875]",1,1,True,"['A', 'B']","['A', 'B']"
5ab6e84a554299710c8d1fab::active_set_pack_a,5ab6e84a554299710c8d1fab,"['A', 'B', 'C', 'D', 'E', 'F']","[1, 1, 0, 0, 0, 0]","[-4.067534923553467, 25.36884307861328, -6.626391887664795, -5.530239105224609, -4.669475078582764, -4.475200653076172]","[-4.067534923553467, 25.36884307861328, -6.626391887664795, -5.530239105224609, -4.669475078582764, -4.475200653076172]","[-4.067534923553467, 25.36884307861328, -6.626391887664795, -5.530239105224609, -4.669475078582764, -4.475200653076172]",1,1,True,"['A', 'B']","['A', 'B']"
5ab6e84a554299710c8d1fab::working_set_pack_b,5ab6e84a554299710c8d1fab,"['A', 'B', 'C', 'D', 'E', 'F']","[1, 1, 0, 0, 0, 0]","[-6.437718391418457, 25.976112365722656, -6.766091346740723, -4.767165660858154, -4.11366081237793, -3.8914778232574463]","[-6.437718391418457, 25.976112365722656, -6.766091346740723, -4.767165660858154, -4.11366081237793, -3.8914778232574463]","[-6.437718391418457, 25.976112365722656, -6.766091346740723, -4.767165660858154, -4.11366081237793, -3.8914778232574463]",1,1,True,"['A', 'B']","['A', 'B']"
5ab6e84a554299710c8d1fab::active_set_pack_b,5ab6e84a554299710c8d1fab,"['A', 'B', 'C', 'D', 'E', 'F']","[1, 1, 0, 0, 0, 0]","[-5.084893226623535, 26.798076629638672, -6.936104774475098, -5.294619560241699, -4.756145000457764, -4.726305961608887]","[-5.084893226623535, 26.798076629638672, -6.936104774475098, -5.294619560241699, -4.756145000457764, -4.726305961608887]","[-5.084893226623535, 26.798076629638672, -6.936104774475098, -5.294619560241699, -4.756145000457764, -4.726305961608887]",1,1,True,"['A', 'B']","['A', 'B']"
5a90454855429933b8a204bb::working_set_pack_a,5a90454855429933b8a204bb,"['A', 'B', 'C', 'D', 'E', 'F']","[0, 1, 0, 0, 1, 0]","[-6.0357160568237305, -4.9440999031066895, -5.6778645515441895, -5.542665004730225, 31.0977840423584, -8.897444725036621]","[-6.0357160568237305, -4.9440999031066895, -5.6778645515441895, -5.542665004730225, 31.0977840423584, -8.897444725036621]","[-6.0357160568237305, -4.9440999031066895, -5.6778645515441895, -5.542665004730225, 31.0977840423584, -8.897444725036621]",1,1,True,"['B', 'E']","['B', 'E']"
5a90454855429933b8a204bb::active_set_pack_a,5a90454855429933b8a204bb,"['A', 'B', 'C', 'D', 'E', 'F']","[0, 1, 0, 0, 1, 0]","[-5.849843502044678, -4.476670742034912, -5.3053765296936035, -5.139581680297852, 29.359609603881836, -8.588132858276367]","[-5.849843502044678, -4.476670742034912, -5.3053765296936035, -5.139581680297852, 29.359609603881836, -8.588132858276367]","[-5.849843502044678, -4.476670742034912, -5.3053765296936035, -5.139581680297852, 29.359609603881836, -8.588132858276367]",1,1,True,"['B', 'E']","['B', 'E']"
5a90454855429933b8a204bb::working_set_pack_b,5a90454855429933b8a204bb,"['A', 'B', 'C', 'D', 'E', 'F']","[0, 1, 0, 0, 1, 0]","[-8.2078275680542, -6.387429714202881, -7.713216304779053, -7.679980754852295, 43.157508850097656, -13.169054985046387]","[-8.2078275680542, -6.387429714202881, -7.713216304779053, -7.679980754852295, 43.157508850097656, -13.169054985046387]","[8.2078275680542, 6.387429714202881, 7.713216304779053, 7.679980754852295, -43.157508850097656, 13.169054985046387]",-1,-1,True,"['B', 'E']","['B', 'E']"
5a90454855429933b8a204bb::active_set_pack_b,5a90454855429933b8a204bb,"['A', 'B', 'C', 'D', 'E', 'F']","[0, 1, 0, 0, 1, 0]","[-7.9201226234436035, -6.787930488586426, -7.503689765930176, -7.394410610198975, 42.28615188598633, -12.679993629455566]","[-7.9201226234436035, -6.787930488586426, -7.503689765930176, -7.394410610198975, 42.28615188598633, -12.679993629455566]","[7.9201226234436035, 6.787930488586426, 7.503689765930176, 7.394410610198975, -42.28615188598633, 12.679993629455566]",-1,-1,True,"['B', 'E']","['B', 'E']"
5abeed7e5542993fe9a41da0::working_set_pack_a,5abeed7e5542993fe9a41da0,"['A', 'B', 'C', 'D', 'E', 'F']","[1, 0, 1, 0, 0, 0]","[-9.747029304504395, -10.508391380310059, 50.58702850341797, -11.959342002868652, -11.811046600341797, -6.5612077713012695]","[-9.747029304504395, -10.508391380310059, 50.58702850341797, -11.959342002868652, -11.811046600341797, -6.5612077713012695]","[-9.747029304504395, -10.508391380310059, 50.58702850341797, -11.959342002868652, -11.811046600341797, -6.5612077713012695]",1,1,True,"['A', 'C']","['A', 'C']"
5abeed7e5542993fe9a41da0::active_set_pack_a,5abeed7e5542993fe9a41da0,"['A', 'B', 'C', 'D', 'E', 'F']","[1, 0, 1, 0, 0, 0]","[-9.52761173248291, -10.157930374145508, 49.927486419677734, -11.813562393188477, -11.738247871398926, -6.690135478973389]","[-9.52761173248291, -10.157930374145508, 49.927486419677734, -11.813562393188477, -11.738247871398926, -6.690135478973389]","[-9.52761173248291, -10.157930374145508, 49.927486419677734, -11.813562393188477, -11.738247871398926, -6.690135478973389]",1,1,False,"['C', 'F']","['A', 'C']"
5abeed7e5542993fe9a41da0::working_set_pack_b,5abeed7e5542993fe9a41da0,"['A', 'B', 'C', 'D', 'E', 'F']","[1, 0, 1, 0, 0, 0]","[-11.33403491973877, -13.543524742126465, 63.413658142089844, -15.223930358886719, -15.065512657165527, -8.246652603149414]","[-11.33403491973877, -13.543524742126465, 63.413658142089844, -15.223930358886719, -15.065512657165527, -8.246652603149414]","[-11.33403491973877, -13.543524742126465, 63.413658142089844, -15.223930358886719, -15.065512657165527, -8.246652603149414]",1,1,True,"['A', 'C']","['A', 'C']"
5abeed7e5542993fe9a41da0::active_set_pack_b,5abeed7e5542993fe9a41da0,"['A', 'B', 'C', 'D', 'E', 'F']","[1, 0, 1, 0, 0, 0]","[-7.7117462158203125, -10.439963340759277, 49.42213439941406, -11.501993179321289, -12.172327995300293, -7.596096515655518]","[-7.7117462158203125, -10.439963340759277, 49.42213439941406, -11.501993179321289, -12.172327995300293, -7.596096515655518]","[-7.7117462158203125, -10.439963340759277, 49.42213439941406, -11.501993179321289, -12.172327995300293, -7.596096515655518]",1,1,True,"['A', 'C']","['A', 'C']"
5ab5141a5542991779162d70::working_set_pack_a,5ab5141a5542991779162d70,"['A', 'B', 'C', 'D', 'E', 'F']","[0, 0, 0, 1, 1, 0]","[-7.772622585296631, -9.403241157531738, -8.871185302734375, 43.16118240356445, -6.760713577270508, -10.353421211242676]","[-7.772622585296631, -9.403241157531738, -8.871185302734375, 43.16118240356445, -6.760713577270508, -10.353421211242676]","[-7.772622585296631, -9.403241157531738, -8.871185302734375, 43.16118240356445, -6.760713577270508, -10.353421211242676]",1,1,True,"['D', 'E']","['D', 'E']"
5ab5141a5542991779162d70::active_set_pack_a,5ab5141a5542991779162d70,"['A', 'B', 'C', 'D', 'E', 'F']","[0, 0, 0, 1, 1, 0]","[-6.878917694091797, -8.721734046936035, -7.8807454109191895, 38.26997375488281, -5.6816630363464355, -9.106913566589355]","[-6.878917694091797, -8.721734046936035, -7.8807454109191895, 38.26997375488281, -5.6816630363464355, -9.106913566589355]","[-6.878917694091797, -8.721734046936035, -7.8807454109191895, 38.26997375488281, -5.6816630363464355, -9.106913566589355]",1,1,True,"['D', 'E']","['D', 'E']"
5ab5141a5542991779162d70::working_set_pack_b,5ab5141a5542991779162d70,"['A', 'B', 'C', 'D', 'E', 'F']","[0, 0, 0, 1, 1, 0]","[-7.589223861694336, -9.308643341064453, -8.562921524047852, 45.09144592285156, -7.169175148010254, -12.461498260498047]","[-7.589223861694336, -9.308643341064453, -8.562921524047852, 45.09144592285156, -7.169175148010254, -12.461498260498047]","[-7.589223861694336, -9.308643341064453, -8.562921524047852, 45.09144592285156, -7.169175148010254, -12.461498260498047]",1,1,True,"['D', 'E']","['D', 'E']"
5ab5141a5542991779162d70::active_set_pack_b,5ab5141a5542991779162d70,"['A', 'B', 'C', 'D', 'E', 'F']","[0, 0, 0, 1, 1, 0]","[-6.244726181030273, -8.104921340942383, -7.660974025726318, 39.750797271728516, -6.226736545562744, -11.513437271118164]","[-6.244726181030273, -8.104921340942383, -7.660974025726318, 39.750797271728516, -6.226736545562744, -11.513437271118164]","[-6.244726181030273, -8.104921340942383, -7.660974025726318, 39.750797271728516, -6.226736545562744, -11.513437271118164]",1,1,True,"['D', 'E']","['D', 'E']"
5a7a0d455542990783324e13::working_set_pack_a,5a7a0d455542990783324e13,"['A', 'B', 'C', 'D', 'E', 'F']","[0, 1, 0, 0, 0, 1]","[-14.171900749206543, -9.595945358276367, -14.995593070983887, -13.869858741760254, -16.633831024169922, 69.26712799072266]","[-14.171900749206543, -9.595945358276367, -14.995593070983887, -13.869858741760254, -16.633831024169922, 69.26712799072266]","[-14.171900749206543, -9.595945358276367, -14.995593070983887, -13.869858741760254, -16.633831024169922, 69.26712799072266]",1,1,True,"['B', 'F']","['B', 'F']"
5a7a0d455542990783324e13::active_set_pack_a,5a7a0d455542990783324e13,"['A', 'B', 'C', 'D', 'E', 'F']","[0, 1, 0, 0, 0, 1]","[-13.209229469299316, -8.564632415771484, -14.003744125366211, -12.997100830078125, -15.500375747680664, 64.27508544921875]","[-13.209229469299316, -8.564632415771484, -14.003744125366211, -12.997100830078125, -15.500375747680664, 64.27508544921875]","[-13.209229469299316, -8.564632415771484, -14.003744125366211, -12.997100830078125, -15.500375747680664, 64.27508544921875]",1,1,True,"['B', 'F']","['B', 'F']"
5a7a0d455542990783324e13::working_set_pack_b,5a7a0d455542990783324e13,"['A', 'B', 'C', 'D', 'E', 'F']","[0, 1, 0, 0, 0, 1]","[-14.977378845214844, -8.986385345458984, -15.808199882507324, -14.824206352233887, -19.232379913330078, 73.82856750488281]","[-14.977378845214844, -8.986385345458984, -15.808199882507324, -14.824206352233887, -19.232379913330078, 73.82856750488281]","[-14.977378845214844, -8.986385345458984, -15.808199882507324, -14.824206352233887, -19.232379913330078, 73.82856750488281]",1,1,True,"['B', 'F']","['B', 'F']"
5a7a0d455542990783324e13::active_set_pack_b,5a7a0d455542990783324e13,"['A', 'B', 'C', 'D', 'E', 'F']","[0, 1, 0, 0, 0, 1]","[-14.320279121398926, -9.020712852478027, -15.2940092086792, -14.175603866577148, -16.96701431274414, 69.7776107788086]","[-14.320279121398926, -9.020712852478027, -15.2940092086792, -14.175603866577148, -16.96701431274414, 69.7776107788086]","[-14.320279121398926, -9.020712852478027, -15.2940092086792, -14.175603866577148, -16.96701431274414, 69.7776107788086]",1,1,True,"['B', 'F']","['B', 'F']"
5ab42ebd5542992339550047::working_set_pack_a,5ab42ebd5542992339550047,"['A', 'B', 'C', 'D', 'E', 'F']","[0, 1, 0, 0, 0, 1]","[-6.140377521514893, 25.50530433654785, -6.239953994750977, -4.595157623291016, -4.71351957321167, -3.8162946701049805]","[-6.140377521514893, 25.50530433654785, -6.239953994750977, -4.595157623291016, -4.71351957321167, -3.8162946701049805]","[-6.140377521514893, 25.50530433654785, -6.239953994750977, -4.595157623291016, -4.71351957321167, -3.8162946701049805]",1,1,False,"['B', 'E']","['B', 'F']"
5ab42ebd5542992339550047::active_set_pack_a,5ab42ebd5542992339550047,"['A', 'B', 'C', 'D', 'E', 'F']","[0, 1, 0, 0, 0, 1]","[-6.8780131340026855, 28.084972381591797, -6.935301303863525, -5.134790897369385, -4.635123252868652, -4.50173807144165]","[-6.8780131340026855, 28.084972381591797, -6.935301303863525, -5.134790897369385, -4.635123252868652, -4.50173807144165]","[-6.8780131340026855, 28.084972381591797, -6.935301303863525, -5.134790897369385, -4.635123252868652, -4.50173807144165]",1,1,False,"['B', 'E']","['B', 'F']"
5ab42ebd5542992339550047::working_set_pack_b,5ab42ebd5542992339550047,"['A', 'B', 'C', 'D', 'E', 'F']","[0, 1, 0, 0, 0, 1]","[-8.664819717407227, 40.34831237792969, -8.899365425109863, -7.403048038482666, -7.8419060707092285, -7.539173603057861]","[-8.664819717407227, 40.34831237792969, -8.899365425109863, -7.403048038482666, -7.8419060707092285, -7.539173603057861]","[-8.664819717407227, 40.34831237792969, -8.899365425109863, -7.403048038482666, -7.8419060707092285, -7.539173603057861]",1,1,False,"['B', 'E']","['B', 'F']"
5ab42ebd5542992339550047::active_set_pack_b,5ab42ebd5542992339550047,"['A', 'B', 'C', 'D', 'E', 'F']","[0, 1, 0, 0, 0, 1]","[-10.357331275939941, 45.08140563964844, -10.734456062316895, -9.166914939880371, -6.463531494140625, -8.359182357788086]","[-10.357331275939941, 45.08140563964844, -10.734456062316895, -9.166914939880371, -6.463531494140625, -8.359182357788086]","[-10.357331275939941, 45.08140563964844, -10.734456062316895, -9.166914939880371, -6.463531494140625, -8.359182357788086]",1,1,False,"['B', 'E']","['B', 'F']"
5a804fc45542992bc0c4a6f0::working_set_pack_a,5a804fc45542992bc0c4a6f0,"['A', 'B', 'C', 'D', 'E', 'F']","[0, 1, 0, 0, 1, 0]","[-11.803038597106934, -11.12318229675293, -14.228315353393555, -11.73853874206543, 59.817073822021484, -10.9240140914917]","[-11.803038597106934, -11.12318229675293, -14.228315353393555, -11.73853874206543, 59.817073822021484, -10.9240140914917]","[-11.803038597106934, -11.12318229675293, -14.228315353393555, -11.73853874206543, 59.817073822021484, -10.9240140914917]",1,1,True,"['B', 'E']","['B', 'E']"
5a804fc45542992bc0c4a6f0::active_set_pack_a,5a804fc45542992bc0c4a6f0,"['A', 'B', 'C', 'D', 'E', 'F']","[0, 1, 0, 0, 1, 0]","[-10.35168170928955, -9.750049591064453, -14.066815376281738, -10.191134452819824, 55.12873077392578, -10.769062995910645]","[-10.35168170928955, -9.750049591064453, -14.066815376281738, -10.191134452819824, 55.12873077392578, -10.769062995910645]","[-10.35168170928955, -9.750049591064453, -14.066815376281738, -10.191134452819824, 55.12873077392578, -10.769062995910645]",1,1,True,"['B', 'E']","['B', 'E']"
5a804fc45542992bc0c4a6f0::working_set_pack_b,5a804fc45542992bc0c4a6f0,"['A', 'B', 'C', 'D', 'E', 'F']","[0, 1, 0, 0, 1, 0]","[-11.51564884185791, -11.370023727416992, -12.934303283691406, -12.830843925476074, 61.19202423095703, -12.541199684143066]","[-11.51564884185791, -11.370023727416992, -12.934303283691406, -12.830843925476074, 61.19202423095703, -12.541199684143066]","[11.51564884185791, 11.370023727416992, 12.934303283691406, 12.830843925476074, -61.19202423095703, 12.541199684143066]",-1,-1,True,"['B', 'E']","['B', 'E']"
5a804fc45542992bc0c4a6f0::active_set_pack_b,5a804fc45542992bc0c4a6f0,"['A', 'B', 'C', 'D', 'E', 'F']","[0, 1, 0, 0, 1, 0]","[-13.338674545288086, -12.077173233032227, -14.887043952941895, -14.155388832092285, 67.87999725341797, -13.421700477600098]","[-13.338674545288086, -12.077173233032227, -14.887043952941895, -14.155388832092285, 67.87999725341797, -13.421700477600098]","[-13.338674545288086, -12.077173233032227, -14.887043952941895, -14.155388832092285, 67.87999725341797, -13.421700477600098]",1,1,True,"['B', 'E']","['B', 'E']"
5add85b65542997545bbbd61::working_set_pack_a,5add85b65542997545bbbd61,"['A', 'B', 'C', 'D', 'E', 'F']","[0, 1, 0, 0, 0, 1]","[-10.609610557556152, -9.819123268127441, -9.43356704711914, -10.499634742736816, -11.57278823852539, 51.934715270996094]","[-10.609610557556152, -9.819123268127441, -9.43356704711914, -10.499634742736816, -11.57278823852539, 51.934715270996094]","[-10.609610557556152, -9.819123268127441, -9.43356704711914, -10.499634742736816, -11.57278823852539, 51.934715270996094]",1,1,True,"['B', 'F']","['B', 'F']"
5add85b65542997545bbbd61::active_set_pack_a,5add85b65542997545bbbd61,"['A', 'B', 'C', 'D', 'E', 'F']","[0, 1, 0, 0, 0, 1]","[-10.571328163146973, -10.638923645019531, -9.438740730285645, -10.450963973999023, -11.31767463684082, 52.41762924194336]","[-10.571328163146973, -10.638923645019531, -9.438740730285645, -10.450963973999023, -11.31767463684082, 52.41762924194336]","[-10.571328163146973, -10.638923645019531, -9.438740730285645, -10.450963973999023, -11.31767463684082, 52.41762924194336]",1,1,True,"['B', 'F']","['B', 'F']"
5add85b65542997545bbbd61::working_set_pack_b,5add85b65542997545bbbd61,"['A', 'B', 'C', 'D', 'E', 'F']","[0, 1, 0, 0, 0, 1]","[-10.04664134979248, -11.775641441345215, -8.800859451293945, -10.002543449401855, -10.63790225982666, 51.263587951660156]","[-10.04664134979248, -11.775641441345215, -8.800859451293945, -10.002543449401855, -10.63790225982666, 51.263587951660156]","[-10.04664134979248, -11.775641441345215, -8.800859451293945, -10.002543449401855, -10.63790225982666, 51.263587951660156]",1,1,True,"['B', 'F']","['B', 'F']"
5add85b65542997545bbbd61::active_set_pack_b,5add85b65542997545bbbd61,"['A', 'B', 'C', 'D', 'E', 'F']","[0, 1, 0, 0, 0, 1]","[-10.569498062133789, -12.30595874786377, -9.642127990722656, -11.006292343139648, -11.765876770019531, 55.28976058959961]","[-10.569498062133789, -12.30595874786377, -9.642127990722656, -11.006292343139648, -11.765876770019531, 55.28976058959961]","[-10.569498062133789, -12.30595874786377, -9.642127990722656, -11.006292343139648, -11.765876770019531, 55.28976058959961]",1,1,True,"['B', 'F']","['B', 'F']"
5ac068d25542996f0d89cba2::working_set_pack_a,5ac068d25542996f0d89cba2,"['A', 'B', 'C', 'D', 'E', 'F']","[1, 0, 0, 1, 0, 0]","[-5.811063289642334, -6.455495834350586, -7.761761665344238, 40.77894973754883, -11.08448600769043, -9.666146278381348]","[-5.811063289642334, -6.455495834350586, -7.761761665344238, 40.77894973754883, -11.08448600769043, -9.666146278381348]","[-5.811063289642334, -6.455495834350586, -7.761761665344238, 40.77894973754883, -11.08448600769043, -9.666146278381348]",1,1,True,"['A', 'D']","['A', 'D']"
5ac068d25542996f0d89cba2::active_set_pack_a,5ac068d25542996f0d89cba2,"['A', 'B', 'C', 'D', 'E', 'F']","[1, 0, 0, 1, 0, 0]","[-6.05768346786499, -6.3594489097595215, -7.69437837600708, 40.939273834228516, -11.83359432220459, -8.994176864624023]","[-6.05768346786499, -6.3594489097595215, -7.69437837600708, 40.939273834228516, -11.83359432220459, -8.994176864624023]","[-6.05768346786499, -6.3594489097595215, -7.69437837600708, 40.939273834228516, -11.83359432220459, -8.994176864624023]",1,1,True,"['A', 'D']","['A', 'D']"
5ac068d25542996f0d89cba2::working_set_pack_b,5ac068d25542996f0d89cba2,"['A', 'B', 'C', 'D', 'E', 'F']","[1, 0, 0, 1, 0, 0]","[-7.8970818519592285, -8.727367401123047, -9.69265079498291, 52.302730560302734, -13.147298812866211, -12.838340759277344]","[-7.8970818519592285, -8.727367401123047, -9.69265079498291, 52.302730560302734, -13.147298812866211, -12.838340759277344]","[-7.8970818519592285, -8.727367401123047, -9.69265079498291, 52.302730560302734, -13.147298812866211, -12.838340759277344]",1,1,True,"['A', 'D']","['A', 'D']"
5ac068d25542996f0d89cba2::active_set_pack_b,5ac068d25542996f0d89cba2,"['A', 'B', 'C', 'D', 'E', 'F']","[1, 0, 0, 1, 0, 0]","[-6.892138481140137, -7.35141658782959, -8.563282012939453, 48.14064025878906, -13.793723106384277, -11.540079116821289]","[-6.892138481140137, -7.35141658782959, -8.563282012939453, 48.14064025878906, -13.793723106384277, -11.540079116821289]","[-6.892138481140137, -7.35141658782959, -8.563282012939453, 48.14064025878906, -13.793723106384277, -11.540079116821289]",1,1,True,"['A', 'D']","['A', 'D']"
5ade8f5e55429975fa854f11::working_set_pack_a,5ade8f5e55429975fa854f11,"['A', 'B', 'C', 'D', 'E', 'F']","[0, 1, 0, 0, 0, 1]","[-11.473721504211426, -10.218506813049316, -11.79621410369873, -8.493614196777344, -14.147032737731934, 56.12908172607422]","[-11.473721504211426, -10.218506813049316, -11.79621410369873, -8.493614196777344, -14.147032737731934, 56.12908172607422]","[-11.473721504211426, -10.218506813049316, -11.79621410369873, -8.493614196777344, -14.147032737731934, 56.12908172607422]",1,1,True,"['B', 'F']","['B', 'F']"
5ade8f5e55429975fa854f11::active_set_pack_a,5ade8f5e55429975fa854f11,"['A', 'B', 'C', 'D', 'E', 'F']","[0, 1, 0, 0, 0, 1]","[-10.379679679870605, -9.475939750671387, -10.550019264221191, -7.933382034301758, -13.001107215881348, 51.340126037597656]","[-10.379679679870605, -9.475939750671387, -10.550019264221191, -7.933382034301758, -13.001107215881348, 51.340126037597656]","[-10.379679679870605, -9.475939750671387, -10.550019264221191, -7.933382034301758, -13.001107215881348, 51.340126037597656]",1,1,True,"['B', 'F']","['B', 'F']"
5ade8f5e55429975fa854f11::working_set_pack_b,5ade8f5e55429975fa854f11,"['A', 'B', 'C', 'D', 'E', 'F']","[0, 1, 0, 0, 0, 1]","[-11.993830680847168, -10.742669105529785, -12.303193092346191, -10.743745803833008, -15.624079704284668, 61.40752029418945]","[-11.993830680847168, -10.742669105529785, -12.303193092346191, -10.743745803833008, -15.624079704284668, 61.40752029418945]","[-11.993830680847168, -10.742669105529785, -12.303193092346191, -10.743745803833008, -15.624079704284668, 61.40752029418945]",1,1,True,"['B', 'F']","['B', 'F']"
5ade8f5e55429975fa854f11::active_set_pack_b,5ade8f5e55429975fa854f11,"['A', 'B', 'C', 'D', 'E', 'F']","[0, 1, 0, 0, 0, 1]","[-12.642729759216309, -11.722824096679688, -12.917996406555176, -12.222216606140137, -14.955476760864258, 64.46124267578125]","[-12.642729759216309, -11.722824096679688, -12.917996406555176, -12.222216606140137, -14.955476760864258, 64.46124267578125]","[-12.642729759216309, -11.722824096679688, -12.917996406555176, -12.222216606140137, -14.955476760864258, 64.46124267578125]",1,1,True,"['B', 'F']","['B', 'F']"
5ac1b7495542994ab5c67dd9::working_set_pack_a,5ac1b7495542994ab5c67dd9,"['A', 'B', 'C', 'D', 'E', 'F']","[0, 0, 1, 1, 0, 0]","[-8.996273040771484, -8.641303062438965, 45.550010681152344, -7.4051103591918945, -9.425387382507324, -11.081941604614258]","[-8.996273040771484, -8.641303062438965, 45.550010681152344, -7.4051103591918945, -9.425387382507324, -11.081941604614258]","[-8.996273040771484, -8.641303062438965, 45.550010681152344, -7.4051103591918945, -9.425387382507324, -11.081941604614258]",1,1,True,"['C', 'D']","['C', 'D']"
5ac1b7495542994ab5c67dd9::active_set_pack_a,5ac1b7495542994ab5c67dd9,"['A', 'B', 'C', 'D', 'E', 'F']","[0, 0, 1, 1, 0, 0]","[-9.040424346923828, -8.703560829162598, 45.112586975097656, -7.137497425079346, -9.438885688781738, -10.792219161987305]","[-9.040424346923828, -8.703560829162598, 45.112586975097656, -7.137497425079346, -9.438885688781738, -10.792219161987305]","[-9.040424346923828, -8.703560829162598, 45.112586975097656, -7.137497425079346, -9.438885688781738, -10.792219161987305]",1,1,True,"['C', 'D']","['C', 'D']"
5ac1b7495542994ab5c67dd9::working_set_pack_b,5ac1b7495542994ab5c67dd9,"['A', 'B', 'C', 'D', 'E', 'F']","[0, 0, 1, 1, 0, 0]","[-9.797340393066406, -9.220158576965332, 49.91548538208008, -7.957091808319092, -10.548324584960938, -12.392563819885254]","[-9.797340393066406, -9.220158576965332, 49.91548538208008, -7.957091808319092, -10.548324584960938, -12.392563819885254]","[-9.797340393066406, -9.220158576965332, 49.91548538208008, -7.957091808319092, -10.548324584960938, -12.392563819885254]",1,1,True,"['C', 'D']","['C', 'D']"
5ac1b7495542994ab5c67dd9::active_set_pack_b,5ac1b7495542994ab5c67dd9,"['A', 'B', 'C', 'D', 'E', 'F']","[0, 0, 1, 1, 0, 0]","[-9.607860565185547, -8.884413719177246, 48.356929779052734, -7.578951358795166, -10.253212928771973, -12.032485008239746]","[-9.607860565185547, -8.884413719177246, 48.356929779052734, -7.578951358795166, -10.253212928771973, -12.032485008239746]","[-9.607860565185547, -8.884413719177246, 48.356929779052734, -7.578951358795166, -10.253212928771973, -12.032485008239746]",1,1,True,"['C', 'D']","['C', 'D']"
5ae4b3da55429913cc2044d6::working_set_pack_a,5ae4b3da55429913cc2044d6,"['A', 'B', 'C', 'D', 'E', 'F']","[0, 0, 1, 0, 0, 1]","[-6.580807685852051, -6.7759857177734375, -7.235490322113037, -6.952739715576172, -6.172001838684082, 33.7170295715332]","[-6.580807685852051, -6.7759857177734375, -7.235490322113037, -6.952739715576172, -6.172001838684082, 33.7170295715332]","[-6.580807685852051, -6.7759857177734375, -7.235490322113037, -6.952739715576172, -6.172001838684082, 33.7170295715332]",1,1,True,"['C', 'F']","['C', 'F']"
5ae4b3da55429913cc2044d6::active_set_pack_a,5ae4b3da55429913cc2044d6,"['A', 'B', 'C', 'D', 'E', 'F']","[0, 0, 1, 0, 0, 1]","[-4.875154972076416, -5.205864906311035, -11.236512184143066, -5.114900588989258, -4.460425853729248, 30.892858505249023]","[-4.875154972076416, -5.205864906311035, -11.236512184143066, -5.114900588989258, -4.460425853729248, 30.892858505249023]","[-4.875154972076416, -5.205864906311035, -11.236512184143066, -5.114900588989258, -4.460425853729248, 30.892858505249023]",1,1,True,"['C', 'F']","['C', 'F']"
5ae4b3da55429913cc2044d6::working_set_pack_b,5ae4b3da55429913cc2044d6,"['A', 'B', 'C', 'D', 'E', 'F']","[0, 0, 1, 0, 0, 1]","[-6.515007495880127, -6.691899299621582, -6.082906246185303, -6.807937145233154, -7.170376300811768, 33.26811981201172]","[-6.515007495880127, -6.691899299621582, -6.082906246185303, -6.807937145233154, -7.170376300811768, 33.26811981201172]","[-6.515007495880127, -6.691899299621582, -6.082906246185303, -6.807937145233154, -7.170376300811768, 33.26811981201172]",1,1,True,"['C', 'F']","['C', 'F']"
5ae4b3da55429913cc2044d6::active_set_pack_b,5ae4b3da55429913cc2044d6,"['A', 'B', 'C', 'D', 'E', 'F']","[0, 0, 1, 0, 0, 1]","[-6.5029683113098145, -6.7170515060424805, 33.484214782714844, -7.080935478210449, -7.046992778778076, -6.136273384094238]","[-6.5029683113098145, -6.7170515060424805, 33.484214782714844, -7.080935478210449, -7.046992778778076, -6.136273384094238]","[6.5029683113098145, 6.7170515060424805, -33.484214782714844, 7.080935478210449, 7.046992778778076, 6.136273384094238]",-1,-1,True,"['C', 'F']","['C', 'F']"
5ab93287554299753720f78f::working_set_pack_a,5ab93287554299753720f78f,"['A', 'B', 'C', 'D', 'E', 'F']","[0, 0, 1, 0, 1, 0]","[-6.415568828582764, -7.056853771209717, -6.235886573791504, -6.242579460144043, 33.34872055053711, -7.39784049987793]","[-6.415568828582764, -7.056853771209717, -6.235886573791504, -6.242579460144043, 33.34872055053711, -7.39784049987793]","[-6.415568828582764, -7.056853771209717, -6.235886573791504, -6.242579460144043, 33.34872055053711, -7.39784049987793]",1,1,False,"['B', 'E']","['C', 'E']"
5ab93287554299753720f78f::active_set_pack_a,5ab93287554299753720f78f,"['A', 'B', 'C', 'D', 'E', 'F']","[0, 0, 1, 0, 1, 0]","[-6.298454761505127, -7.183291435241699, -6.104804992675781, -6.089194297790527, 33.165767669677734, -7.490016460418701]","[-6.298454761505127, -7.183291435241699, -6.104804992675781, -6.089194297790527, 33.165767669677734, -7.490016460418701]","[-6.298454761505127, -7.183291435241699, -6.104804992675781, -6.089194297790527, 33.165767669677734, -7.490016460418701]",1,1,False,"['B', 'E']","['C', 'E']"
5ab93287554299753720f78f::working_set_pack_b,5ab93287554299753720f78f,"['A', 'B', 'C', 'D', 'E', 'F']","[0, 0, 1, 0, 1, 0]","[-8.308331489562988, -10.816604614257812, -8.302000999450684, -8.187061309814453, 44.83498001098633, -9.220966339111328]","[-8.308331489562988, -10.816604614257812, -8.302000999450684, -8.187061309814453, 44.83498001098633, -9.220966339111328]","[8.308331489562988, 10.816604614257812, 8.302000999450684, 8.187061309814453, -44.83498001098633, 9.220966339111328]",-1,-1,False,"['B', 'E']","['C', 'E']"
5ab93287554299753720f78f::active_set_pack_b,5ab93287554299753720f78f,"['A', 'B', 'C', 'D', 'E', 'F']","[0, 0, 1, 0, 1, 0]","[-7.163793087005615, -14.212762832641602, -6.864682674407959, -6.897582530975342, 42.95134735107422, -7.812519550323486]","[-7.163793087005615, -14.212762832641602, -6.864682674407959, -6.897582530975342, 42.95134735107422, -7.812519550323486]","[-7.163793087005615, -14.212762832641602, -6.864682674407959, -6.897582530975342, 42.95134735107422, -7.812519550323486]",1,1,False,"['B', 'E']","['C', 'E']"
5ae64cbf5542992ae0d162c1::working_set_pack_a,5ae64cbf5542992ae0d162c1,"['A', 'B', 'C', 'D', 'E', 'F']","[1, 0, 0, 1, 0, 0]","[-13.925716400146484, -14.931404113769531, -15.059823989868164, 74.88874816894531, -17.079517364501953, -13.892274856567383]","[-13.925716400146484, -14.931404113769531, -15.059823989868164, 74.88874816894531, -17.079517364501953, -13.892274856567383]","[-13.925716400146484, -14.931404113769531, -15.059823989868164, 74.88874816894531, -17.079517364501953, -13.892274856567383]",1,1,True,"['A', 'D']","['A', 'D']"
5ae64cbf5542992ae0d162c1::active_set_pack_a,5ae64cbf5542992ae0d162c1,"['A', 'B', 'C', 'D', 'E', 'F']","[1, 0, 0, 1, 0, 0]","[-12.983238220214844, -13.983247756958008, -14.186148643493652, 70.7423324584961, -16.597440719604492, -12.992284774780273]","[-12.983238220214844, -13.983247756958008, -14.186148643493652, 70.7423324584961, -16.597440719604492, -12.992284774780273]","[-12.983238220214844, -13.983247756958008, -14.186148643493652, 70.7423324584961, -16.597440719604492, -12.992284774780273]",1,1,False,"['D', 'F']","['A', 'D']"
5ae64cbf5542992ae0d162c1::working_set_pack_b,5ae64cbf5542992ae0d162c1,"['A', 'B', 'C', 'D', 'E', 'F']","[1, 0, 0, 1, 0, 0]","[-14.101306915283203, -14.905080795288086, -15.150559425354004, 76.11437225341797, -18.213783264160156, -13.74364185333252]","[-14.101306915283203, -14.905080795288086, -15.150559425354004, 76.11437225341797, -18.213783264160156, -13.74364185333252]","[-14.101306915283203, -14.905080795288086, -15.150559425354004, 76.11437225341797, -18.213783264160156, -13.74364185333252]",1,1,False,"['D', 'F']","['A', 'D']"
5ae64cbf5542992ae0d162c1::active_set_pack_b,5ae64cbf5542992ae0d162c1,"['A', 'B', 'C', 'D', 'E', 'F']","[1, 0, 0, 1, 0, 0]","[-15.0455322265625, -15.657756805419922, -16.003679275512695, 80.02310943603516, -18.690153121948242, -14.625975608825684]","[-15.0455322265625, -15.657756805419922, -16.003679275512695, 80.02310943603516, -18.690153121948242, -14.625975608825684]","[-15.0455322265625, -15.657756805419922, -16.003679275512695, 80.02310943603516, -18.690153121948242, -14.625975608825684]",1,1,False,"['D', 'F']","['A', 'D']"
5abae52a5542996cc5e49eea::working_set_pack_a,5abae52a5542996cc5e49eea,"['A', 'B', 'C', 'D', 'E', 'F']","[0, 1, 0, 0, 0, 1]","[-8.59065055847168, -8.396649360656738, -9.381245613098145, -8.846510887145996, -9.128445625305176, 44.3434944152832]","[-8.59065055847168, -8.396649360656738, -9.381245613098145, -8.846510887145996, -9.128445625305176, 44.3434944152832]","[-8.59065055847168, -8.396649360656738, -9.381245613098145, -8.846510887145996, -9.128445625305176, 44.3434944152832]",1,1,True,"['B', 'F']","['B', 'F']"
5abae52a5542996cc5e49eea::active_set_pack_a,5abae52a5542996cc5e49eea,"['A', 'B', 'C', 'D', 'E', 'F']","[0, 1, 0, 0, 0, 1]","[-8.315143585205078, -8.017104148864746, -9.043519973754883, -8.62501049041748, -8.904439926147461, 42.90522003173828]","[-8.315143585205078, -8.017104148864746, -9.043519973754883, -8.62501049041748, -8.904439926147461, 42.90522003173828]","[-8.315143585205078, -8.017104148864746, -9.043519973754883, -8.62501049041748, -8.904439926147461, 42.90522003173828]",1,1,True,"['B', 'F']","['B', 'F']"
5abae52a5542996cc5e49eea::working_set_pack_b,5abae52a5542996cc5e49eea,"['A', 'B', 'C', 'D', 'E', 'F']","[0, 1, 0, 0, 0, 1]","[-8.819489479064941, -10.739174842834473, -9.735901832580566, -9.2607421875, -9.34204387664795, 47.89735794067383]","[-8.819489479064941, -10.739174842834473, -9.735901832580566, -9.2607421875, -9.34204387664795, 47.89735794067383]","[-8.819489479064941, -10.739174842834473, -9.735901832580566, -9.2607421875, -9.34204387664795, 47.89735794067383]",1,1,True,"['B', 'F']","['B', 'F']"
5abae52a5542996cc5e49eea::active_set_pack_b,5abae52a5542996cc5e49eea,"['A', 'B', 'C', 'D', 'E', 'F']","[0, 1, 0, 0, 0, 1]","[-7.925158977508545, -10.364808082580566, -8.964683532714844, -8.784952163696289, -8.760332107543945, 44.79995346069336]","[-7.925158977508545, -10.364808082580566, -8.964683532714844, -8.784952163696289, -8.760332107543945, 44.79995346069336]","[-7.925158977508545, -10.364808082580566, -8.964683532714844, -8.784952163696289, -8.760332107543945, 44.79995346069336]",1,1,True,"['B', 'F']","['B', 'F']"
5ae2e27155429928c423952a::working_set_pack_a,5ae2e27155429928c423952a,"['A', 'B', 'C', 'D', 'E', 'F']","[0, 0, 0, 0, 1, 1]","[-12.739571571350098, -13.834516525268555, -13.700389862060547, -19.888290405273438, -8.253957748413086, 68.41676330566406]","[-12.739571571350098, -13.834516525268555, -13.700389862060547, -19.888290405273438, -8.253957748413086, 68.41676330566406]","[-12.739571571350098, -13.834516525268555, -13.700389862060547, -19.888290405273438, -8.253957748413086, 68.41676330566406]",1,1,True,"['E', 'F']","['E', 'F']"
5ae2e27155429928c423952a::active_set_pack_a,5ae2e27155429928c423952a,"['A', 'B', 'C', 'D', 'E', 'F']","[0, 0, 0, 0, 1, 1]","[-12.210816383361816, -13.421422004699707, -13.36575984954834, -19.382408142089844, -8.420724868774414, 66.8011245727539]","[-12.210816383361816, -13.421422004699707, -13.36575984954834, -19.382408142089844, -8.420724868774414, 66.8011245727539]","[-12.210816383361816, -13.421422004699707, -13.36575984954834, -19.382408142089844, -8.420724868774414, 66.8011245727539]",1,1,True,"['E', 'F']","['E', 'F']"
5ae2e27155429928c423952a::working_set_pack_b,5ae2e27155429928c423952a,"['A', 'B', 'C', 'D', 'E', 'F']","[0, 0, 0, 0, 1, 1]","[-10.385403633117676, -12.261811256408691, -11.747869491577148, -20.984155654907227, -7.249122142791748, 62.62834548950195]","[-10.385403633117676, -12.261811256408691, -11.747869491577148, -20.984155654907227, -7.249122142791748, 62.62834548950195]","[-10.385403633117676, -12.261811256408691, -11.747869491577148, -20.984155654907227, -7.249122142791748, 62.62834548950195]",1,1,False,"['A', 'F']","['E', 'F']"
5ae2e27155429928c423952a::active_set_pack_b,5ae2e27155429928c423952a,"['A', 'B', 'C', 'D', 'E', 'F']","[0, 0, 0, 0, 1, 1]","[-7.317379951477051, -10.089065551757812, -9.371761322021484, -20.78617286682129, -2.77051043510437, 50.33488082885742]","[-7.317379951477051, -10.089065551757812, -9.371761322021484, -20.78617286682129, -2.77051043510437, 50.33488082885742]","[-7.317379951477051, -10.089065551757812, -9.371761322021484, -20.78617286682129, -2.77051043510437, 50.33488082885742]",1,1,False,"['A', 'F']","['E', 'F']"
5a80d30655429938b61421fe::working_set_pack_a,5a80d30655429938b61421fe,"['A', 'B', 'C', 'D', 'E', 'F']","[0, 0, 1, 0, 1, 0]","[-7.566437721252441, -8.21117877960205, 19.45166015625, 6.058108329772949, -0.9526339173316956, -8.779513359069824]","[-7.566437721252441, -8.21117877960205, 19.45166015625, 6.058108329772949, -0.9526339173316956, -8.779513359069824]","[7.566437721252441, 8.21117877960205, -19.45166015625, -6.058108329772949, 0.9526339173316956, 8.779513359069824]",-1,-1,True,"['C', 'E']","['C', 'E']"
5a80d30655429938b61421fe::active_set_pack_a,5a80d30655429938b61421fe,"['A', 'B', 'C', 'D', 'E', 'F']","[0, 0, 1, 0, 1, 0]","[-7.822674751281738, -8.244668006896973, 17.55660057067871, 3.8373215198516846, 2.9177026748657227, -8.244285583496094]","[-7.822674751281738, -8.244668006896973, 17.55660057067871, 3.8373215198516846, 2.9177026748657227, -8.244285583496094]","[7.822674751281738, 8.244668006896973, -17.55660057067871, -3.8373215198516846, -2.9177026748657227, 8.244285583496094]",-1,-1,True,"['C', 'E']","['C', 'E']"
5a80d30655429938b61421fe::working_set_pack_b,5a80d30655429938b61421fe,"['A', 'B', 'C', 'D', 'E', 'F']","[0, 0, 1, 0, 1, 0]","[-7.241151809692383, -7.663313388824463, 25.86516761779785, 2.4341280460357666, -5.157509803771973, -8.237325668334961]","[-7.241151809692383, -7.663313388824463, 25.86516761779785, 2.4341280460357666, -5.157509803771973, -8.237325668334961]","[7.241151809692383, 7.663313388824463, -25.86516761779785, -2.4341280460357666, 5.157509803771973, 8.237325668334961]",-1,-1,True,"['C', 'E']","['C', 'E']"
5a80d30655429938b61421fe::active_set_pack_b,5a80d30655429938b61421fe,"['A', 'B', 'C', 'D', 'E', 'F']","[0, 0, 1, 0, 1, 0]","[-6.234938621520996, -6.31090784072876, 26.0080509185791, 0.39852702617645264, -5.835570812225342, -8.025165557861328]","[-6.234938621520996, -6.31090784072876, 26.0080509185791, 0.39852702617645264, -5.835570812225342, -8.025165557861328]","[6.234938621520996, 6.31090784072876, -26.0080509185791, -0.39852702617645264, 5.835570812225342, 8.025165557861328]",-1,-1,True,"['C', 'E']","['C', 'E']"
5a77bd595542995d83181291::working_set_pack_a,5a77bd595542995d83181291,"['A', 'B', 'C', 'D', 'E', 'F']","[1, 1, 0, 0, 0, 0]","[-1.484843134880066, 26.201894760131836, -6.647003650665283, -6.020761966705322, -5.762811660766602, -6.2864670753479]","[-1.484843134880066, 26.201894760131836, -6.647003650665283, -6.020761966705322, -5.762811660766602, -6.2864670753479]","[-1.484843134880066, 26.201894760131836, -6.647003650665283, -6.020761966705322, -5.762811660766602, -6.2864670753479]",1,1,True,"['A', 'B']","['A', 'B']"
5a77bd595542995d83181291::active_set_pack_a,5a77bd595542995d83181291,"['A', 'B', 'C', 'D', 'E', 'F']","[1, 1, 0, 0, 0, 0]","[-1.5428829193115234, 26.49530029296875, -6.7336039543151855, -6.15117073059082, -5.661569595336914, -6.406061172485352]","[-1.5428829193115234, 26.49530029296875, -6.7336039543151855, -6.15117073059082, -5.661569595336914, -6.406061172485352]","[-1.5428829193115234, 26.49530029296875, -6.7336039543151855, -6.15117073059082, -5.661569595336914, -6.406061172485352]",1,1,True,"['A', 'B']","['A', 'B']"
5a77bd595542995d83181291::working_set_pack_b,5a77bd595542995d83181291,"['A', 'B', 'C', 'D', 'E', 'F']","[1, 1, 0, 0, 0, 0]","[-2.5991621017456055, 33.07197189331055, -8.101630210876465, -7.410696506500244, -6.718962669372559, -8.24151611328125]","[-2.5991621017456055, 33.07197189331055, -8.101630210876465, -7.410696506500244, -6.718962669372559, -8.24151611328125]","[-2.5991621017456055, 33.07197189331055, -8.101630210876465, -7.410696506500244, -6.718962669372559, -8.24151611328125]",1,1,True,"['A', 'B']","['A', 'B']"
5a77bd595542995d83181291::active_set_pack_b,5a77bd595542995d83181291,"['A', 'B', 'C', 'D', 'E', 'F']","[1, 1, 0, 0, 0, 0]","[-3.1449735164642334, 37.967323303222656, -9.372843742370605, -8.36826229095459, -7.824024677276611, -9.257189750671387]","[-3.1449735164642334, 37.967323303222656, -9.372843742370605, -8.36826229095459, -7.824024677276611, -9.257189750671387]","[-3.1449735164642334, 37.967323303222656, -9.372843742370605, -8.36826229095459, -7.824024677276611, -9.257189750671387]",1,1,True,"['A', 'B']","['A', 'B']"
5abffc58554299012d1db552::working_set_pack_a,5abffc58554299012d1db552,"['A', 'B', 'C', 'D', 'E', 'F']","[0, 0, 1, 0, 1, 0]","[-10.16475772857666, -10.625287055969238, -8.479995727539062, -9.973543167114258, 48.92607879638672, -9.682503700256348]","[-10.16475772857666, -10.625287055969238, -8.479995727539062, -9.973543167114258, 48.92607879638672, -9.682503700256348]","[-10.16475772857666, -10.625287055969238, -8.479995727539062, -9.973543167114258, 48.92607879638672, -9.682503700256348]",1,1,True,"['C', 'E']","['C', 'E']"
5abffc58554299012d1db552::active_set_pack_a,5abffc58554299012d1db552,"['A', 'B', 'C', 'D', 'E', 'F']","[0, 0, 1, 0, 1, 0]","[-8.846832275390625, -9.3911714553833, -7.97552490234375, -10.662432670593262, 45.021968841552734, -8.146004676818848]","[-8.846832275390625, -9.3911714553833, -7.97552490234375, -10.662432670593262, 45.021968841552734, -8.146004676818848]","[-8.846832275390625, -9.3911714553833, -7.97552490234375, -10.662432670593262, 45.021968841552734, -8.146004676818848]",1,1,True,"['C', 'E']","['C', 'E']"
5abffc58554299012d1db552::working_set_pack_b,5abffc58554299012d1db552,"['A', 'B', 'C', 'D', 'E', 'F']","[0, 0, 1, 0, 1, 0]","[-10.285597801208496, -10.575502395629883, -8.771389961242676, -11.763694763183594, 51.25337600708008, -9.857190132141113]","[-10.285597801208496, -10.575502395629883, -8.771389961242676, -11.763694763183594, 51.25337600708008, -9.857190132141113]","[-10.285597801208496, -10.575502395629883, -8.771389961242676, -11.763694763183594, 51.25337600708008, -9.857190132141113]",1,1,True,"['C', 'E']","['C', 'E']"
5abffc58554299012d1db552::active_set_pack_b,5abffc58554299012d1db552,"['A', 'B', 'C', 'D', 'E', 'F']","[0, 0, 1, 0, 1, 0]","[-9.915566444396973, -10.563742637634277, -8.46850872039795, -11.595145225524902, 49.31733703613281, -8.774369239807129]","[-9.915566444396973, -10.563742637634277, -8.46850872039795, -11.595145225524902, 49.31733703613281, -8.774369239807129]","[-9.915566444396973, -10.563742637634277, -8.46850872039795, -11.595145225524902, 49.31733703613281, -8.774369239807129]",1,1,True,"['C', 'E']","['C', 'E']"
5ac12fda5542994d76dccdb0::working_set_pack_a,5ac12fda5542994d76dccdb0,"['A', 'B', 'C', 'D', 'E', 'F']","[0, 1, 0, 0, 1, 0]","[-9.940820693969727, -4.324557304382324, -12.895181655883789, -9.810691833496094, 50.33961486816406, -13.368353843688965]","[-9.940820693969727, -4.324557304382324, -12.895181655883789, -9.810691833496094, 50.33961486816406, -13.368353843688965]","[-9.940820693969727, -4.324557304382324, -12.895181655883789, -9.810691833496094, 50.33961486816406, -13.368353843688965]",1,1,True,"['B', 'E']","['B', 'E']"
5ac12fda5542994d76dccdb0::active_set_pack_a,5ac12fda5542994d76dccdb0,"['A', 'B', 'C', 'D', 'E', 'F']","[0, 1, 0, 0, 1, 0]","[-9.822001457214355, -3.5475618839263916, -12.591388702392578, -9.534343719482422, 49.164031982421875, -13.668730735778809]","[-9.822001457214355, -3.5475618839263916, -12.591388702392578, -9.534343719482422, 49.164031982421875, -13.668730735778809]","[-9.822001457214355, -3.5475618839263916, -12.591388702392578, -9.534343719482422, 49.164031982421875, -13.668730735778809]",1,1,True,"['B', 'E']","['B', 'E']"
5ac12fda5542994d76dccdb0::working_set_pack_b,5ac12fda5542994d76dccdb0,"['A', 'B', 'C', 'D', 'E', 'F']","[0, 1, 0, 0, 1, 0]","[-8.402419090270996, -4.020719528198242, -14.14579963684082, -8.40222454071045, 47.694515228271484, -12.723341941833496]","[-8.402419090270996, -4.020719528198242, -14.14579963684082, -8.40222454071045, 47.694515228271484, -12.723341941833496]","[-8.402419090270996, -4.020719528198242, -14.14579963684082, -8.40222454071045, 47.694515228271484, -12.723341941833496]",1,1,True,"['B', 'E']","['B', 'E']"
5ac12fda5542994d76dccdb0::active_set_pack_b,5ac12fda5542994d76dccdb0,"['A', 'B', 'C', 'D', 'E', 'F']","[0, 1, 0, 0, 1, 0]","[-9.847999572753906, 0.3846583962440491, -14.626632690429688, -10.3043851852417, 48.60517501831055, -14.210809707641602]","[-9.847999572753906, 0.3846583962440491, -14.626632690429688, -10.3043851852417, 48.60517501831055, -14.210809707641602]","[-9.847999572753906, 0.3846583962440491, -14.626632690429688, -10.3043851852417, 48.60517501831055, -14.210809707641602]",1,1,True,"['B', 'E']","['B', 'E']"
5a8e171b554299068b959e5a::working_set_pack_a,5a8e171b554299068b959e5a,"['A', 'B', 'C', 'D', 'E', 'F']","[1, 0, 0, 0, 0, 1]","[-7.064693927764893, -8.83180046081543, -8.871102333068848, -9.055683135986328, -10.386300086975098, 44.20957565307617]","[-7.064693927764893, -8.83180046081543, -8.871102333068848, -9.055683135986328, -10.386300086975098, 44.20957565307617]","[-7.064693927764893, -8.83180046081543, -8.871102333068848, -9.055683135986328, -10.386300086975098, 44.20957565307617]",1,1,True,"['A', 'F']","['A', 'F']"
5a8e171b554299068b959e5a::active_set_pack_a,5a8e171b554299068b959e5a,"['A', 'B', 'C', 'D', 'E', 'F']","[1, 0, 0, 0, 0, 1]","[-6.813317775726318, -8.654296875, -8.731159210205078, -8.795809745788574, -9.979814529418945, 42.97438430786133]","[-6.813317775726318, -8.654296875, -8.731159210205078, -8.795809745788574, -9.979814529418945, 42.97438430786133]","[-6.813317775726318, -8.654296875, -8.731159210205078, -8.795809745788574, -9.979814529418945, 42.97438430786133]",1,1,True,"['A', 'F']","['A', 'F']"
5a8e171b554299068b959e5a::working_set_pack_b,5a8e171b554299068b959e5a,"['A', 'B', 'C', 'D', 'E', 'F']","[1, 0, 0, 0, 0, 1]","[-7.61911678314209, -8.54065227508545, -8.505378723144531, -8.570429801940918, -10.160975456237793, 43.396583557128906]","[-7.61911678314209, -8.54065227508545, -8.505378723144531, -8.570429801940918, -10.160975456237793, 43.396583557128906]","[-7.61911678314209, -8.54065227508545, -8.505378723144531, -8.570429801940918, -10.160975456237793, 43.396583557128906]",1,1,True,"['A', 'F']","['A', 'F']"
5a8e171b554299068b959e5a::active_set_pack_b,5a8e171b554299068b959e5a,"['A', 'B', 'C', 'D', 'E', 'F']","[1, 0, 0, 0, 0, 1]","[-7.183879852294922, -7.372973918914795, -7.554752826690674, -7.766258716583252, -9.145305633544922, 39.02318572998047]","[-7.183879852294922, -7.372973918914795, -7.554752826690674, -7.766258716583252, -9.145305633544922, 39.02318572998047]","[-7.183879852294922, -7.372973918914795, -7.554752826690674, -7.766258716583252, -9.145305633544922, 39.02318572998047]",1,1,True,"['A', 'F']","['A', 'F']"
5ae377a35542994393b9e6db::working_set_pack_a,5ae377a35542994393b9e6db,"['A', 'B', 'C', 'D', 'E', 'F']","[0, 1, 0, 1, 0, 0]","[-9.685205459594727, -7.622486591339111, -9.07458209991455, 47.37378692626953, -12.077016830444336, -8.914498329162598]","[-9.685205459594727, -7.622486591339111, -9.07458209991455, 47.37378692626953, -12.077016830444336, -8.914498329162598]","[-9.685205459594727, -7.622486591339111, -9.07458209991455, 47.37378692626953, -12.077016830444336, -8.914498329162598]",1,1,True,"['B', 'D']","['B', 'D']"
5ae377a35542994393b9e6db::active_set_pack_a,5ae377a35542994393b9e6db,"['A', 'B', 'C', 'D', 'E', 'F']","[0, 1, 0, 1, 0, 0]","[-9.654668807983398, -7.223203182220459, -8.367522239685059, 46.26603698730469, -12.21211051940918, -8.808515548706055]","[-9.654668807983398, -7.223203182220459, -8.367522239685059, 46.26603698730469, -12.21211051940918, -8.808515548706055]","[-9.654668807983398, -7.223203182220459, -8.367522239685059, 46.26603698730469, -12.21211051940918, -8.808515548706055]",1,1,True,"['B', 'D']","['B', 'D']"
5ae377a35542994393b9e6db::working_set_pack_b,5ae377a35542994393b9e6db,"['A', 'B', 'C', 'D', 'E', 'F']","[0, 1, 0, 1, 0, 0]","[-12.186267852783203, -9.836929321289062, -10.157610893249512, 59.47754669189453, -16.411117553710938, -10.885625839233398]","[-12.186267852783203, -9.836929321289062, -10.157610893249512, 59.47754669189453, -16.411117553710938, -10.885625839233398]","[-12.186267852783203, -9.836929321289062, -10.157610893249512, 59.47754669189453, -16.411117553710938, -10.885625839233398]",1,1,True,"['B', 'D']","['B', 'D']"
5ae377a35542994393b9e6db::active_set_pack_b,5ae377a35542994393b9e6db,"['A', 'B', 'C', 'D', 'E', 'F']","[0, 1, 0, 1, 0, 0]","[-11.848340034484863, -8.056525230407715, -10.537322044372559, 57.425880432128906, -16.436439514160156, -10.547264099121094]","[-11.848340034484863, -8.056525230407715, -10.537322044372559, 57.425880432128906, -16.436439514160156, -10.547264099121094]","[-11.848340034484863, -8.056525230407715, -10.537322044372559, 57.425880432128906, -16.436439514160156, -10.547264099121094]",1,1,True,"['B', 'D']","['B', 'D']"
5a7906f55542990784727792::working_set_pack_a,5a7906f55542990784727792,"['A', 'B', 'C', 'D', 'E', 'F']","[0, 0, 0, 0, 1, 1]","[-8.167747497558594, -11.564939498901367, -12.588536262512207, -14.20969295501709, -7.743650913238525, 54.27454376220703]","[-8.167747497558594, -11.564939498901367, -12.588536262512207, -14.20969295501709, -7.743650913238525, 54.27454376220703]","[-8.167747497558594, -11.564939498901367, -12.588536262512207, -14.20969295501709, -7.743650913238525, 54.27454376220703]",1,1,True,"['E', 'F']","['E', 'F']"
5a7906f55542990784727792::active_set_pack_a,5a7906f55542990784727792,"['A', 'B', 'C', 'D', 'E', 'F']","[0, 0, 0, 0, 1, 1]","[-7.3285698890686035, -11.869744300842285, -12.797581672668457, -14.19231128692627, -8.278976440429688, 54.46718215942383]","[-7.3285698890686035, -11.869744300842285, -12.797581672668457, -14.19231128692627, -8.278976440429688, 54.46718215942383]","[-7.3285698890686035, -11.869744300842285, -12.797581672668457, -14.19231128692627, -8.278976440429688, 54.46718215942383]",1,1,False,"['A', 'F']","['E', 'F']"
5a7906f55542990784727792::working_set_pack_b,5a7906f55542990784727792,"['A', 'B', 'C', 'D', 'E', 'F']","[0, 0, 0, 0, 1, 1]","[-9.291764259338379, -14.260336875915527, -14.78357982635498, -16.16423797607422, -11.581616401672363, 66.08150482177734]","[-9.291764259338379, -14.260336875915527, -14.78357982635498, -16.16423797607422, -11.581616401672363, 66.08150482177734]","[-9.291764259338379, -14.260336875915527, -14.78357982635498, -16.16423797607422, -11.581616401672363, 66.08150482177734]",1,1,False,"['A', 'F']","['E', 'F']"
5a7906f55542990784727792::active_set_pack_b,5a7906f55542990784727792,"['A', 'B', 'C', 'D', 'E', 'F']","[0, 0, 0, 0, 1, 1]","[-8.019134521484375, -12.951801300048828, -13.094614028930664, -15.375017166137695, -7.206137180328369, 56.64670181274414]","[-8.019134521484375, -12.951801300048828, -13.094614028930664, -15.375017166137695, -7.206137180328369, 56.64670181274414]","[-8.019134521484375, -12.951801300048828, -13.094614028930664, -15.375017166137695, -7.206137180328369, 56.64670181274414]",1,1,False,"['A', 'F']","['E', 'F']"
5ab74412554299110f219ae8::working_set_pack_a,5ab74412554299110f219ae8,"['A', 'B', 'C', 'D', 'E', 'F']","[1, 1, 0, 0, 0, 0]","[-6.063602924346924, 33.39717483520508, -7.453962326049805, -5.9601335525512695, -6.411128997802734, -7.5083513259887695]","[-6.063602924346924, 33.39717483520508, -7.453962326049805, -5.9601335525512695, -6.411128997802734, -7.5083513259887695]","[-6.063602924346924, 33.39717483520508, -7.453962326049805, -5.9601335525512695, -6.411128997802734, -7.5083513259887695]",1,1,True,"['A', 'B']","['A', 'B']"
5ab74412554299110f219ae8::active_set_pack_a,5ab74412554299110f219ae8,"['A', 'B', 'C', 'D', 'E', 'F']","[1, 1, 0, 0, 0, 0]","[-5.468711853027344, 32.459407806396484, -7.19728422164917, -5.756539821624756, -6.182945728302002, -7.853925704956055]","[-5.468711853027344, 32.459407806396484, -7.19728422164917, -5.756539821624756, -6.182945728302002, -7.853925704956055]","[-5.468711853027344, 32.459407806396484, -7.19728422164917, -5.756539821624756, -6.182945728302002, -7.853925704956055]",1,1,True,"['A', 'B']","['A', 'B']"
5ab74412554299110f219ae8::working_set_pack_b,5ab74412554299110f219ae8,"['A', 'B', 'C', 'D', 'E', 'F']","[1, 1, 0, 0, 0, 0]","[-6.5456719398498535, 40.571495056152344, -8.549792289733887, -7.028226852416992, -8.258281707763672, -10.189512252807617]","[-6.5456719398498535, 40.571495056152344, -8.549792289733887, -7.028226852416992, -8.258281707763672, -10.189512252807617]","[-6.5456719398498535, 40.571495056152344, -8.549792289733887, -7.028226852416992, -8.258281707763672, -10.189512252807617]",1,1,True,"['A', 'B']","['A', 'B']"
5ab74412554299110f219ae8::active_set_pack_b,5ab74412554299110f219ae8,"['A', 'B', 'C', 'D', 'E', 'F']","[1, 1, 0, 0, 0, 0]","[-7.497509479522705, 44.23451232910156, -9.537256240844727, -7.902116775512695, -7.562411308288574, -11.735230445861816]","[-7.497509479522705, 44.23451232910156, -9.537256240844727, -7.902116775512695, -7.562411308288574, -11.735230445861816]","[-7.497509479522705, 44.23451232910156, -9.537256240844727, -7.902116775512695, -7.562411308288574, -11.735230445861816]",1,1,True,"['A', 'B']","['A', 'B']"
5ac4bfd05542997ea680caab::working_set_pack_a,5ac4bfd05542997ea680caab,"['A', 'B', 'C', 'D', 'E', 'F']","[1, 0, 0, 1, 0, 0]","[4.250634670257568, 7.436633586883545, -25.827791213989258, 6.2142744064331055, 1.54839026927948, 6.377859592437744]","[-4.250634670257568, -7.436633586883545, 25.827791213989258, -6.2142744064331055, -1.54839026927948, -6.377859592437744]","[-4.250634670257568, -7.436633586883545, 25.827791213989258, -6.2142744064331055, -1.54839026927948, -6.377859592437744]",-1,1,False,"['A', 'C']","['A', 'D']"
5ac4bfd05542997ea680caab::active_set_pack_a,5ac4bfd05542997ea680caab,"['A', 'B', 'C', 'D', 'E', 'F']","[1, 0, 0, 1, 0, 0]","[5.570263862609863, 8.566349983215332, -28.92662239074707, 6.447884559631348, 0.6813611388206482, 7.660765647888184]","[-5.570263862609863, -8.566349983215332, 28.92662239074707, -6.447884559631348, -0.6813611388206482, -7.660765647888184]","[-5.570263862609863, -8.566349983215332, 28.92662239074707, -6.447884559631348, -0.6813611388206482, -7.660765647888184]",-1,1,False,"['A', 'C']","['A', 'D']"
5ac4bfd05542997ea680caab::working_set_pack_b,5ac4bfd05542997ea680caab,"['A', 'B', 'C', 'D', 'E', 'F']","[1, 0, 0, 1, 0, 0]","[4.830419063568115, 6.691059589385986, -30.906719207763672, 15.800830841064453, 2.216276168823242, 1.368124008178711]","[-4.830419063568115, -6.691059589385986, 30.906719207763672, -15.800830841064453, -2.216276168823242, -1.368124008178711]","[-4.830419063568115, -6.691059589385986, 30.906719207763672, -15.800830841064453, -2.216276168823242, -1.368124008178711]",-1,1,False,"['A', 'C']","['A', 'D']"
5ac4bfd05542997ea680caab::active_set_pack_b,5ac4bfd05542997ea680caab,"['A', 'B', 'C', 'D', 'E', 'F']","[1, 0, 0, 1, 0, 0]","[7.140981674194336, 9.528373718261719, -38.05121994018555, 9.989362716674805, 2.8299612998962402, 8.562532424926758]","[-7.140981674194336, -9.528373718261719, 38.05121994018555, -9.989362716674805, -2.8299612998962402, -8.562532424926758]","[-7.140981674194336, -9.528373718261719, 38.05121994018555, -9.989362716674805, -2.8299612998962402, -8.562532424926758]",-1,1,False,"['A', 'C']","['A', 'D']"
5ab72adb5542993667793f5d::working_set_pack_a,5ab72adb5542993667793f5d,"['A', 'B', 'C', 'D', 'E', 'F']","[1, 0, 0, 0, 0, 1]","[-3.6094818115234375, -6.169066429138184, -11.995287895202637, -10.770236015319824, -10.142752647399902, 42.68682098388672]","[3.6094818115234375, 6.169066429138184, 11.995287895202637, 10.770236015319824, 10.142752647399902, -42.68682098388672]","[-3.6094818115234375, -6.169066429138184, -11.995287895202637, -10.770236015319824, -10.142752647399902, 42.68682098388672]",1,-1,False,"['A', 'B']","['A', 'F']"
5ab72adb5542993667793f5d::active_set_pack_a,5ab72adb5542993667793f5d,"['A', 'B', 'C', 'D', 'E', 'F']","[1, 0, 0, 0, 0, 1]","[-3.1219661235809326, -6.485482692718506, -11.320117950439453, -10.485730171203613, -10.092134475708008, 41.50541687011719]","[-3.1219661235809326, -6.485482692718506, -11.320117950439453, -10.485730171203613, -10.092134475708008, 41.50541687011719]","[-3.1219661235809326, -6.485482692718506, -11.320117950439453, -10.485730171203613, -10.092134475708008, 41.50541687011719]",1,1,True,"['A', 'F']","['A', 'F']"
5ab72adb5542993667793f5d::working_set_pack_b,5ab72adb5542993667793f5d,"['A', 'B', 'C', 'D', 'E', 'F']","[1, 0, 0, 0, 0, 1]","[-5.482331275939941, -6.398825645446777, -13.054424285888672, -9.958752632141113, -9.651870727539062, 44.54620361328125]","[5.482331275939941, 6.398825645446777, 13.054424285888672, 9.958752632141113, 9.651870727539062, -44.54620361328125]","[-5.482331275939941, -6.398825645446777, -13.054424285888672, -9.958752632141113, -9.651870727539062, 44.54620361328125]",1,-1,False,"['A', 'B']","['A', 'F']"
5ab72adb5542993667793f5d::active_set_pack_b,5ab72adb5542993667793f5d,"['A', 'B', 'C', 'D', 'E', 'F']","[1, 0, 0, 0, 0, 1]","[-2.835759401321411, -2.6629576683044434, -13.146418571472168, -9.167730331420898, -8.905220031738281, 36.718109130859375]","[2.835759401321411, 2.6629576683044434, 13.146418571472168, 9.167730331420898, 8.905220031738281, -36.718109130859375]","[-2.835759401321411, -2.6629576683044434, -13.146418571472168, -9.167730331420898, -8.905220031738281, 36.718109130859375]",1,-1,False,"['A', 'B']","['A', 'F']"
5abb06bc554299232ef4a3bb::working_set_pack_a,5abb06bc554299232ef4a3bb,"['A', 'B', 'C', 'D', 'E', 'F']","[0, 0, 0, 1, 0, 1]","[8.151239395141602, 7.0536088943481445, -34.85491180419922, 8.436517715454102, 5.748391628265381, 5.465163230895996]","[-8.151239395141602, -7.0536088943481445, 34.85491180419922, -8.436517715454102, -5.748391628265381, -5.465163230895996]","[-8.151239395141602, -7.0536088943481445, 34.85491180419922, -8.436517715454102, -5.748391628265381, -5.465163230895996]",-1,1,False,"['C', 'F']","['D', 'F']"
5abb06bc554299232ef4a3bb::active_set_pack_a,5abb06bc554299232ef4a3bb,"['A', 'B', 'C', 'D', 'E', 'F']","[0, 0, 0, 1, 0, 1]","[7.8784894943237305, 6.746882438659668, -33.33338165283203, 8.019912719726562, 5.572118282318115, 5.115967750549316]","[-7.8784894943237305, -6.746882438659668, 33.33338165283203, -8.019912719726562, -5.572118282318115, -5.115967750549316]","[-7.8784894943237305, -6.746882438659668, 33.33338165283203, -8.019912719726562, -5.572118282318115, -5.115967750549316]",-1,1,False,"['C', 'F']","['D', 'F']"
5abb06bc554299232ef4a3bb::working_set_pack_b,5abb06bc554299232ef4a3bb,"['A', 'B', 'C', 'D', 'E', 'F']","[0, 0, 0, 1, 0, 1]","[8.903164863586426, 7.485212326049805, -39.34844970703125, 8.921850204467773, 7.430657386779785, 6.607572078704834]","[-8.903164863586426, -7.485212326049805, 39.34844970703125, -8.921850204467773, -7.430657386779785, -6.607572078704834]","[-8.903164863586426, -7.485212326049805, 39.34844970703125, -8.921850204467773, -7.430657386779785, -6.607572078704834]",-1,1,False,"['C', 'F']","['D', 'F']"
5abb06bc554299232ef4a3bb::active_set_pack_b,5abb06bc554299232ef4a3bb,"['A', 'B', 'C', 'D', 'E', 'F']","[0, 0, 0, 1, 0, 1]","[9.344175338745117, 7.926338195800781, -41.09417724609375, 9.363945960998535, 7.536145210266113, 6.923578262329102]","[-9.344175338745117, -7.926338195800781, 41.09417724609375, -9.363945960998535, -7.536145210266113, -6.923578262329102]","[-9.344175338745117, -7.926338195800781, 41.09417724609375, -9.363945960998535, -7.536145210266113, -6.923578262329102]",-1,1,False,"['C', 'F']","['D', 'F']"
5ae3cf7e5542990afbd1e1e2::working_set_pack_a,5ae3cf7e5542990afbd1e1e2,"['A', 'B', 'C', 'D', 'E', 'F']","[1, 0, 1, 0, 0, 0]","[-6.33326530456543, -8.806310653686523, 40.86209487915039, -8.917913436889648, -8.346077919006348, -8.458527565002441]","[-6.33326530456543, -8.806310653686523, 40.86209487915039, -8.917913436889648, -8.346077919006348, -8.458527565002441]","[-6.33326530456543, -8.806310653686523, 40.86209487915039, -8.917913436889648, -8.346077919006348, -8.458527565002441]",1,1,True,"['A', 'C']","['A', 'C']"
5ae3cf7e5542990afbd1e1e2::active_set_pack_a,5ae3cf7e5542990afbd1e1e2,"['A', 'B', 'C', 'D', 'E', 'F']","[1, 0, 1, 0, 0, 0]","[-6.292609214782715, -8.584888458251953, 40.723052978515625, -8.905814170837402, -8.407218933105469, -8.532530784606934]","[-6.292609214782715, -8.584888458251953, 40.723052978515625, -8.905814170837402, -8.407218933105469, -8.532530784606934]","[-6.292609214782715, -8.584888458251953, 40.723052978515625, -8.905814170837402, -8.407218933105469, -8.532530784606934]",1,1,True,"['A', 'C']","['A', 'C']"
5ae3cf7e5542990afbd1e1e2::working_set_pack_b,5ae3cf7e5542990afbd1e1e2,"['A', 'B', 'C', 'D', 'E', 'F']","[1, 0, 1, 0, 0, 0]","[-6.4126200675964355, -8.468746185302734, 40.56312561035156, -8.816102981567383, -8.42969799041748, -8.43595027923584]","[-6.4126200675964355, -8.468746185302734, 40.56312561035156, -8.816102981567383, -8.42969799041748, -8.43595027923584]","[-6.4126200675964355, -8.468746185302734, 40.56312561035156, -8.816102981567383, -8.42969799041748, -8.43595027923584]",1,1,True,"['A', 'C']","['A', 'C']"
5ae3cf7e5542990afbd1e1e2::active_set_pack_b,5ae3cf7e5542990afbd1e1e2,"['A', 'B', 'C', 'D', 'E', 'F']","[1, 0, 1, 0, 0, 0]","[-8.18751049041748, -10.386219024658203, 51.091888427734375, -11.363415718078613, -10.749760627746582, -10.404986381530762]","[-8.18751049041748, -10.386219024658203, 51.091888427734375, -11.363415718078613, -10.749760627746582, -10.404986381530762]","[-8.18751049041748, -10.386219024658203, 51.091888427734375, -11.363415718078613, -10.749760627746582, -10.404986381530762]",1,1,True,"['A', 'C']","['A', 'C']"
5a7315015542994cef4bc448::working_set_pack_a,5a7315015542994cef4bc448,"['A', 'B', 'C', 'D', 'E', 'F']","[1, 0, 0, 0, 1, 0]","[-13.538683891296387, -14.233575820922852, -12.270011901855469, -14.255508422851562, 70.82190704345703, -16.52412986755371]","[-13.538683891296387, -14.233575820922852, -12.270011901855469, -14.255508422851562, 70.82190704345703, -16.52412986755371]","[-13.538683891296387, -14.233575820922852, -12.270011901855469, -14.255508422851562, 70.82190704345703, -16.52412986755371]",1,1,False,"['C', 'E']","['A', 'E']"
5a7315015542994cef4bc448::active_set_pack_a,5a7315015542994cef4bc448,"['A', 'B', 'C', 'D', 'E', 'F']","[1, 0, 0, 0, 1, 0]","[-12.582624435424805, -13.464848518371582, -11.34611988067627, -13.377126693725586, 66.46903228759766, -15.698301315307617]","[-12.582624435424805, -13.464848518371582, -11.34611988067627, -13.377126693725586, 66.46903228759766, -15.698301315307617]","[-12.582624435424805, -13.464848518371582, -11.34611988067627, -13.377126693725586, 66.46903228759766, -15.698301315307617]",1,1,False,"['C', 'E']","['A', 'E']"
5a7315015542994cef4bc448::working_set_pack_b,5a7315015542994cef4bc448,"['A', 'B', 'C', 'D', 'E', 'F']","[1, 0, 0, 0, 1, 0]","[-13.416769981384277, -14.224573135375977, -12.006627082824707, -14.162123680114746, 71.17654418945312, -17.366451263427734]","[-13.416769981384277, -14.224573135375977, -12.006627082824707, -14.162123680114746, 71.17654418945312, -17.366451263427734]","[-13.416769981384277, -14.224573135375977, -12.006627082824707, -14.162123680114746, 71.17654418945312, -17.366451263427734]",1,1,False,"['C', 'E']","['A', 'E']"
5a7315015542994cef4bc448::active_set_pack_b,5a7315015542994cef4bc448,"['A', 'B', 'C', 'D', 'E', 'F']","[1, 0, 0, 0, 1, 0]","[-13.856730461120605, -14.952860832214355, -12.301176071166992, -15.154013633728027, 74.68299102783203, -18.41819953918457]","[-13.856730461120605, -14.952860832214355, -12.301176071166992, -15.154013633728027, 74.68299102783203, -18.41819953918457]","[-13.856730461120605, -14.952860832214355, -12.301176071166992, -15.154013633728027, 74.68299102783203, -18.41819953918457]",1,1,False,"['C', 'E']","['A', 'E']"
5ab1ce395542997061209579::working_set_pack_a,5ab1ce395542997061209579,"['A', 'B', 'C', 'D', 'E', 'F']","[1, 1, 0, 0, 0, 0]","[13.16749382019043, -5.930740833282471, -9.918798446655273, -4.418331623077393, -6.093069553375244, 13.193452835083008]","[13.16749382019043, -5.930740833282471, -9.918798446655273, -4.418331623077393, -6.093069553375244, 13.193452835083008]","[13.16749382019043, -5.930740833282471, -9.918798446655273, -4.418331623077393, -6.093069553375244, 13.193452835083008]",1,1,False,"['A', 'F']","['A', 'B']"
5ab1ce395542997061209579::active_set_pack_a,5ab1ce395542997061209579,"['A', 'B', 'C', 'D', 'E', 'F']","[1, 1, 0, 0, 0, 0]","[22.87049674987793, -4.600885391235352, -7.226140975952148, -4.237203121185303, -5.054133892059326, -1.7521343231201172]","[22.87049674987793, -4.600885391235352, -7.226140975952148, -4.237203121185303, -5.054133892059326, -1.7521343231201172]","[22.87049674987793, -4.600885391235352, -7.226140975952148, -4.237203121185303, -5.054133892059326, -1.7521343231201172]",1,1,False,"['A', 'F']","['A', 'B']"
5ab1ce395542997061209579::working_set_pack_b,5ab1ce395542997061209579,"['A', 'B', 'C', 'D', 'E', 'F']","[1, 1, 0, 0, 0, 0]","[4.585038185119629, 5.257213592529297, 9.281594276428223, 6.1046953201293945, 6.990786075592041, -32.219329833984375]","[-4.585038185119629, -5.257213592529297, -9.281594276428223, -6.1046953201293945, -6.990786075592041, 32.219329833984375]","[-4.585038185119629, -5.257213592529297, -9.281594276428223, -6.1046953201293945, -6.990786075592041, 32.219329833984375]",-1,1,False,"['A', 'F']","['A', 'B']"
5ab1ce395542997061209579::active_set_pack_b,5ab1ce395542997061209579,"['A', 'B', 'C', 'D', 'E', 'F']","[1, 1, 0, 0, 0, 0]","[12.63521671295166, 1.88768470287323, 4.045413970947266, 2.17934250831604, 3.0600695610046387, -23.8077335357666]","[-12.63521671295166, -1.88768470287323, -4.045413970947266, -2.17934250831604, -3.0600695610046387, 23.8077335357666]","[-12.63521671295166, -1.88768470287323, -4.045413970947266, -2.17934250831604, -3.0600695610046387, 23.8077335357666]",-1,1,False,"['A', 'F']","['A', 'B']"
5a8afba155429949d91db458::working_set_pack_a,5a8afba155429949d91db458,"['A', 'B', 'C', 'D', 'E', 'F']","[0, 0, 0, 1, 1, 0]","[-8.678658485412598, -8.931145668029785, -6.562769412994385, -6.77140474319458, 41.63718795776367, -10.693207740783691]","[-8.678658485412598, -8.931145668029785, -6.562769412994385, -6.77140474319458, 41.63718795776367, -10.693207740783691]","[-8.678658485412598, -8.931145668029785, -6.562769412994385, -6.77140474319458, 41.63718795776367, -10.693207740783691]",1,1,False,"['C', 'E']","['D', 'E']"
5a8afba155429949d91db458::active_set_pack_a,5a8afba155429949d91db458,"['A', 'B', 'C', 'D', 'E', 'F']","[0, 0, 0, 1, 1, 0]","[-8.424498558044434, -8.553367614746094, -6.228783130645752, -6.235164642333984, 39.21795654296875, -9.776144981384277]","[-8.424498558044434, -8.553367614746094, -6.228783130645752, -6.235164642333984, 39.21795654296875, -9.776144981384277]","[-8.424498558044434, -8.553367614746094, -6.228783130645752, -6.235164642333984, 39.21795654296875, -9.776144981384277]",1,1,False,"['C', 'E']","['D', 'E']"
5a8afba155429949d91db458::working_set_pack_b,5a8afba155429949d91db458,"['A', 'B', 'C', 'D', 'E', 'F']","[0, 0, 0, 1, 1, 0]","[-10.746156692504883, -10.611345291137695, -8.623422622680664, -8.894613265991211, 51.94287872314453, -13.06734561920166]","[-10.746156692504883, -10.611345291137695, -8.623422622680664, -8.894613265991211, 51.94287872314453, -13.06734561920166]","[-10.746156692504883, -10.611345291137695, -8.623422622680664, -8.894613265991211, 51.94287872314453, -13.06734561920166]",1,1,False,"['C', 'E']","['D', 'E']"
5a8afba155429949d91db458::active_set_pack_b,5a8afba155429949d91db458,"['A', 'B', 'C', 'D', 'E', 'F']","[0, 0, 0, 1, 1, 0]","[-12.271549224853516, -12.149280548095703, -10.395222663879395, -9.0116605758667, 57.88351058959961, -14.055801391601562]","[-12.271549224853516, -12.149280548095703, -10.395222663879395, -9.0116605758667, 57.88351058959961, -14.055801391601562]","[-12.271549224853516, -12.149280548095703, -10.395222663879395, -9.0116605758667, 57.88351058959961, -14.055801391601562]",1,1,False,"['C', 'E']","['D', 'E']"
5ade5a245542997c77adee0c::working_set_pack_a,5ade5a245542997c77adee0c,"['A', 'B', 'C', 'D', 'E', 'F']","[0, 0, 1, 0, 1, 0]","[-6.36027193069458, -8.389522552490234, 39.6101188659668, -9.622846603393555, -7.804316520690918, -7.433152198791504]","[-6.36027193069458, -8.389522552490234, 39.6101188659668, -9.622846603393555, -7.804316520690918, -7.433152198791504]","[-6.36027193069458, -8.389522552490234, 39.6101188659668, -9.622846603393555, -7.804316520690918, -7.433152198791504]",1,1,False,"['A', 'C']","['C', 'E']"
5ade5a245542997c77adee0c::active_set_pack_a,5ade5a245542997c77adee0c,"['A', 'B', 'C', 'D', 'E', 'F']","[0, 0, 1, 0, 1, 0]","[-6.292734146118164, -9.178897857666016, 42.81423568725586, -10.3718843460083, -8.740633010864258, -8.23007583618164]","[-6.292734146118164, -9.178897857666016, 42.81423568725586, -10.3718843460083, -8.740633010864258, -8.23007583618164]","[-6.292734146118164, -9.178897857666016, 42.81423568725586, -10.3718843460083, -8.740633010864258, -8.23007583618164]",1,1,False,"['A', 'C']","['C', 'E']"
5ade5a245542997c77adee0c::working_set_pack_b,5ade5a245542997c77adee0c,"['A', 'B', 'C', 'D', 'E', 'F']","[0, 0, 1, 0, 1, 0]","[-7.722131729125977, -10.664200782775879, 50.87493133544922, -12.519789695739746, -10.144845962524414, -9.823953628540039]","[-7.722131729125977, -10.664200782775879, 50.87493133544922, -12.519789695739746, -10.144845962524414, -9.823953628540039]","[-7.722131729125977, -10.664200782775879, 50.87493133544922, -12.519789695739746, -10.144845962524414, -9.823953628540039]",1,1,False,"['A', 'C']","['C', 'E']"
5ade5a245542997c77adee0c::active_set_pack_b,5ade5a245542997c77adee0c,"['A', 'B', 'C', 'D', 'E', 'F']","[0, 0, 1, 0, 1, 0]","[-7.48349142074585, -11.596024513244629, 54.38126754760742, -13.171001434326172, -11.230868339538574, -10.899916648864746]","[-7.48349142074585, -11.596024513244629, 54.38126754760742, -13.171001434326172, -11.230868339538574, -10.899916648864746]","[-7.48349142074585, -11.596024513244629, 54.38126754760742, -13.171001434326172, -11.230868339538574, -10.899916648864746]",1,1,False,"['A', 'C']","['C', 'E']"
5ae65d055542996d980e7b14::working_set_pack_a,5ae65d055542996d980e7b14,"['A', 'B', 'C', 'D', 'E', 'F']","[0, 0, 1, 1, 0, 0]","[-7.823451995849609, -8.325774192810059, 41.43497085571289, -5.761408805847168, -10.778395652770996, -8.74593734741211]","[-7.823451995849609, -8.325774192810059, 41.43497085571289, -5.761408805847168, -10.778395652770996, -8.74593734741211]","[7.823451995849609, 8.325774192810059, -41.43497085571289, 5.761408805847168, 10.778395652770996, 8.74593734741211]",-1,-1,True,"['C', 'D']","['C', 'D']"
5ae65d055542996d980e7b14::active_set_pack_a,5ae65d055542996d980e7b14,"['A', 'B', 'C', 'D', 'E', 'F']","[0, 0, 1, 1, 0, 0]","[-7.133277416229248, -7.598632335662842, 37.86995315551758, -5.091403007507324, -10.053483963012695, -7.993151664733887]","[-7.133277416229248, -7.598632335662842, 37.86995315551758, -5.091403007507324, -10.053483963012695, -7.993151664733887]","[7.133277416229248, 7.598632335662842, -37.86995315551758, 5.091403007507324, 10.053483963012695, 7.993151664733887]",-1,-1,True,"['C', 'D']","['C', 'D']"
5ae65d055542996d980e7b14::working_set_pack_b,5ae65d055542996d980e7b14,"['A', 'B', 'C', 'D', 'E', 'F']","[0, 0, 1, 1, 0, 0]","[-10.36616039276123, -10.693705558776855, 44.87998580932617, -9.476186752319336, -3.2363061904907227, -11.10762882232666]","[-10.36616039276123, -10.693705558776855, 44.87998580932617, -9.476186752319336, -3.2363061904907227, -11.10762882232666]","[10.36616039276123, 10.693705558776855, -44.87998580932617, 9.476186752319336, 3.2363061904907227, 11.10762882232666]",-1,-1,True,"['C', 'D']","['C', 'D']"
5ae65d055542996d980e7b14::active_set_pack_b,5ae65d055542996d980e7b14,"['A', 'B', 'C', 'D', 'E', 'F']","[0, 0, 1, 1, 0, 0]","[-9.599530220031738, -9.777633666992188, 42.78798294067383, -8.246131896972656, -5.133243560791016, -10.031442642211914]","[-9.599530220031738, -9.777633666992188, 42.78798294067383, -8.246131896972656, -5.133243560791016, -10.031442642211914]","[-9.599530220031738, -9.777633666992188, 42.78798294067383, -8.246131896972656, -5.133243560791016, -10.031442642211914]",1,1,True,"['C', 'D']","['C', 'D']"
5a8a698255429930ff3c0dcf::working_set_pack_a,5a8a698255429930ff3c0dcf,"['A', 'B', 'C', 'D', 'E', 'F']","[0, 1, 0, 1, 0, 0]","[-6.362440586090088, -4.416529178619385, -7.089113712310791, 32.69712829589844, -6.2051100730896, -8.623940467834473]","[-6.362440586090088, -4.416529178619385, -7.089113712310791, 32.69712829589844, -6.2051100730896, -8.623940467834473]","[-6.362440586090088, -4.416529178619385, -7.089113712310791, 32.69712829589844, -6.2051100730896, -8.623940467834473]",1,1,True,"['B', 'D']","['B', 'D']"
5a8a698255429930ff3c0dcf::active_set_pack_a,5a8a698255429930ff3c0dcf,"['A', 'B', 'C', 'D', 'E', 'F']","[0, 1, 0, 1, 0, 0]","[-6.851066589355469, -5.177893161773682, -7.537976264953613, 35.36442947387695, -6.119160175323486, -9.678312301635742]","[-6.851066589355469, -5.177893161773682, -7.537976264953613, 35.36442947387695, -6.119160175323486, -9.678312301635742]","[-6.851066589355469, -5.177893161773682, -7.537976264953613, 35.36442947387695, -6.119160175323486, -9.678312301635742]",1,1,True,"['B', 'D']","['B', 'D']"
5a8a698255429930ff3c0dcf::working_set_pack_b,5a8a698255429930ff3c0dcf,"['A', 'B', 'C', 'D', 'E', 'F']","[0, 1, 0, 1, 0, 0]","[-3.4625847339630127, 30.33982276916504, -4.167960166931152, -14.804140090942383, -2.382288932800293, -5.522839069366455]","[-3.4625847339630127, 30.33982276916504, -4.167960166931152, -14.804140090942383, -2.382288932800293, -5.522839069366455]","[3.4625847339630127, -30.33982276916504, 4.167960166931152, 14.804140090942383, 2.382288932800293, 5.522839069366455]",-1,-1,True,"['B', 'D']","['B', 'D']"
5a8a698255429930ff3c0dcf::active_set_pack_b,5a8a698255429930ff3c0dcf,"['A', 'B', 'C', 'D', 'E', 'F']","[0, 1, 0, 1, 0, 0]","[-5.201727390289307, 35.34893035888672, -6.675368785858154, -8.049654960632324, -5.235188961029053, -10.186995506286621]","[-5.201727390289307, 35.34893035888672, -6.675368785858154, -8.049654960632324, -5.235188961029053, -10.186995506286621]","[-5.201727390289307, 35.34893035888672, -6.675368785858154, -8.049654960632324, -5.235188961029053, -10.186995506286621]",1,1,True,"['B', 'D']","['B', 'D']"
5ac4f4255542996feb3fe99d::working_set_pack_a,5ac4f4255542996feb3fe99d,"['A', 'B', 'C', 'D', 'E', 'F']","[0, 1, 0, 0, 0, 1]","[-8.659106254577637, -9.540061950683594, -11.219666481018066, -9.996241569519043, -9.804119110107422, 49.21918487548828]","[-8.659106254577637, -9.540061950683594, -11.219666481018066, -9.996241569519043, -9.804119110107422, 49.21918487548828]","[-8.659106254577637, -9.540061950683594, -11.219666481018066, -9.996241569519043, -9.804119110107422, 49.21918487548828]",1,1,False,"['A', 'F']","['B', 'F']"
5ac4f4255542996feb3fe99d::active_set_pack_a,5ac4f4255542996feb3fe99d,"['A', 'B', 'C', 'D', 'E', 'F']","[0, 1, 0, 0, 0, 1]","[-8.555506706237793, -9.194061279296875, -10.718894004821777, -9.666095733642578, -9.436163902282715, 47.57072830200195]","[-8.555506706237793, -9.194061279296875, -10.718894004821777, -9.666095733642578, -9.436163902282715, 47.57072830200195]","[-8.555506706237793, -9.194061279296875, -10.718894004821777, -9.666095733642578, -9.436163902282715, 47.57072830200195]",1,1,False,"['A', 'F']","['B', 'F']"
5ac4f4255542996feb3fe99d::working_set_pack_b,5ac4f4255542996feb3fe99d,"['A', 'B', 'C', 'D', 'E', 'F']","[0, 1, 0, 0, 0, 1]","[-10.487263679504395, -10.907072067260742, -13.36972713470459, -11.497919082641602, -11.555752754211426, 57.817752838134766]","[-10.487263679504395, -10.907072067260742, -13.36972713470459, -11.497919082641602, -11.555752754211426, 57.817752838134766]","[-10.487263679504395, -10.907072067260742, -13.36972713470459, -11.497919082641602, -11.555752754211426, 57.817752838134766]",1,1,False,"['A', 'F']","['B', 'F']"
5ac4f4255542996feb3fe99d::active_set_pack_b,5ac4f4255542996feb3fe99d,"['A', 'B', 'C', 'D', 'E', 'F']","[0, 1, 0, 0, 0, 1]","[-9.569742202758789, -9.751948356628418, -12.538013458251953, -10.376646995544434, -10.559367179870605, 52.79570007324219]","[-9.569742202758789, -9.751948356628418, -12.538013458251953, -10.376646995544434, -10.559367179870605, 52.79570007324219]","[-9.569742202758789, -9.751948356628418, -12.538013458251953, -10.376646995544434, -10.559367179870605, 52.79570007324219]",1,1,False,"['A', 'F']","['B', 'F']"
5a85d5ba5542997175ce205a::working_set_pack_a,5a85d5ba5542997175ce205a,"['A', 'B', 'C', 'D', 'E', 'F']","[0, 0, 1, 0, 1, 0]","[-3.1821413040161133, -2.6076297760009766, 24.430038452148438, -3.5875117778778076, 7.659844398498535, -22.712600708007812]","[-3.1821413040161133, -2.6076297760009766, 24.430038452148438, -3.5875117778778076, 7.659844398498535, -22.712600708007812]","[-3.1821413040161133, -2.6076297760009766, 24.430038452148438, -3.5875117778778076, 7.659844398498535, -22.712600708007812]",1,1,True,"['C', 'E']","['C', 'E']"
5a85d5ba5542997175ce205a::active_set_pack_a,5a85d5ba5542997175ce205a,"['A', 'B', 'C', 'D', 'E', 'F']","[0, 0, 1, 0, 1, 0]","[-4.601039409637451, -4.191535472869873, 25.541339874267578, -4.9774651527404785, 4.026600360870361, -15.797903060913086]","[-4.601039409637451, -4.191535472869873, 25.541339874267578, -4.9774651527404785, 4.026600360870361, -15.797903060913086]","[-4.601039409637451, -4.191535472869873, 25.541339874267578, -4.9774651527404785, 4.026600360870361, -15.797903060913086]",1,1,True,"['C', 'E']","['C', 'E']"
5a85d5ba5542997175ce205a::working_set_pack_b,5a85d5ba5542997175ce205a,"['A', 'B', 'C', 'D', 'E', 'F']","[0, 0, 1, 0, 1, 0]","[-3.4337873458862305, -2.8886406421661377, 26.04667091369629, -3.7532784938812256, 6.415942668914795, -22.38690948486328]","[-3.4337873458862305, -2.8886406421661377, 26.04667091369629, -3.7532784938812256, 6.415942668914795, -22.38690948486328]","[-3.4337873458862305, -2.8886406421661377, 26.04667091369629, -3.7532784938812256, 6.415942668914795, -22.38690948486328]",1,1,True,"['C', 'E']","['C', 'E']"
5a85d5ba5542997175ce205a::active_set_pack_b,5a85d5ba5542997175ce205a,"['A', 'B', 'C', 'D', 'E', 'F']","[0, 0, 1, 0, 1, 0]","[-3.6018776893615723, -2.923970937728882, 27.911701202392578, -4.011149883270264, 2.0121400356292725, -19.386850357055664]","[3.6018776893615723, 2.923970937728882, -27.911701202392578, 4.011149883270264, -2.0121400356292725, 19.386850357055664]","[-3.6018776893615723, -2.923970937728882, 27.911701202392578, -4.011149883270264, 2.0121400356292725, -19.386850357055664]",1,-1,False,"['B', 'E']","['C', 'E']"
5a8a1eb755429970aeb70261::working_set_pack_a,5a8a1eb755429970aeb70261,"['A', 'B', 'C', 'D', 'E', 'F']","[0, 0, 1, 0, 0, 1]","[-6.370871067047119, -6.421565532684326, -5.031454563140869, -9.623319625854492, -12.237348556518555, 39.68455505371094]","[-6.370871067047119, -6.421565532684326, -5.031454563140869, -9.623319625854492, -12.237348556518555, 39.68455505371094]","[-6.370871067047119, -6.421565532684326, -5.031454563140869, -9.623319625854492, -12.237348556518555, 39.68455505371094]",1,1,True,"['C', 'F']","['C', 'F']"
5a8a1eb755429970aeb70261::active_set_pack_a,5a8a1eb755429970aeb70261,"['A', 'B', 'C', 'D', 'E', 'F']","[0, 0, 1, 0, 0, 1]","[-5.945302963256836, -5.947813987731934, -5.322515964508057, -8.799424171447754, -11.767646789550781, 37.7827033996582]","[-5.945302963256836, -5.947813987731934, -5.322515964508057, -8.799424171447754, -11.767646789550781, 37.7827033996582]","[-5.945302963256836, -5.947813987731934, -5.322515964508057, -8.799424171447754, -11.767646789550781, 37.7827033996582]",1,1,True,"['C', 'F']","['C', 'F']"
5a8a1eb755429970aeb70261::working_set_pack_b,5a8a1eb755429970aeb70261,"['A', 'B', 'C', 'D', 'E', 'F']","[0, 0, 1, 0, 0, 1]","[-7.598753452301025, -7.580482482910156, -6.568368434906006, -12.35929012298584, -12.236076354980469, 46.34297180175781]","[-7.598753452301025, -7.580482482910156, -6.568368434906006, -12.35929012298584, -12.236076354980469, 46.34297180175781]","[-7.598753452301025, -7.580482482910156, -6.568368434906006, -12.35929012298584, -12.236076354980469, 46.34297180175781]",1,1,True,"['C', 'F']","['C', 'F']"
5a8a1eb755429970aeb70261::active_set_pack_b,5a8a1eb755429970aeb70261,"['A', 'B', 'C', 'D', 'E', 'F']","[0, 0, 1, 0, 0, 1]","[-4.757350921630859, -4.789525985717773, -16.710494995117188, -10.084036827087402, -10.422331809997559, 46.76374053955078]","[-4.757350921630859, -4.789525985717773, -16.710494995117188, -10.084036827087402, -10.422331809997559, 46.76374053955078]","[-4.757350921630859, -4.789525985717773, -16.710494995117188, -10.084036827087402, -10.422331809997559, 46.76374053955078]",1,1,True,"['C', 'F']","['C', 'F']"
5ac3bb805542993915413909::working_set_pack_a,5ac3bb805542993915413909,"['A', 'B', 'C', 'D', 'E', 'F']","[0, 1, 1, 0, 0, 0]","[-9.366071701049805, 42.618499755859375, -1.8003956079483032, -11.981863021850586, -9.915545463562012, -9.554619789123535]","[-9.366071701049805, 42.618499755859375, -1.8003956079483032, -11.981863021850586, -9.915545463562012, -9.554619789123535]","[-9.366071701049805, 42.618499755859375, -1.8003956079483032, -11.981863021850586, -9.915545463562012, -9.554619789123535]",1,1,True,"['B', 'C']","['B', 'C']"
5ac3bb805542993915413909::active_set_pack_a,5ac3bb805542993915413909,"['A', 'B', 'C', 'D', 'E', 'F']","[0, 1, 1, 0, 0, 0]","[-8.694585800170898, 38.33390426635742, -0.19188299775123596, -11.545581817626953, -9.168070793151855, -8.733769416809082]","[-8.694585800170898, 38.33390426635742, -0.19188299775123596, -11.545581817626953, -9.168070793151855, -8.733769416809082]","[-8.694585800170898, 38.33390426635742, -0.19188299775123596, -11.545581817626953, -9.168070793151855, -8.733769416809082]",1,1,True,"['B', 'C']","['B', 'C']"
5ac3bb805542993915413909::working_set_pack_b,5ac3bb805542993915413909,"['A', 'B', 'C', 'D', 'E', 'F']","[0, 1, 1, 0, 0, 0]","[-10.939020156860352, 49.116851806640625, -0.6716355085372925, -14.705612182617188, -11.832389831542969, -10.968184471130371]","[-10.939020156860352, 49.116851806640625, -0.6716355085372925, -14.705612182617188, -11.832389831542969, -10.968184471130371]","[-10.939020156860352, 49.116851806640625, -0.6716355085372925, -14.705612182617188, -11.832389831542969, -10.968184471130371]",1,1,True,"['B', 'C']","['B', 'C']"
5ac3bb805542993915413909::active_set_pack_b,5ac3bb805542993915413909,"['A', 'B', 'C', 'D', 'E', 'F']","[0, 1, 1, 0, 0, 0]","[-10.713403701782227, 47.62067413330078, -0.8074255585670471, -14.048952102661133, -11.423970222473145, -10.62692928314209]","[-10.713403701782227, 47.62067413330078, -0.8074255585670471, -14.048952102661133, -11.423970222473145, -10.62692928314209]","[-10.713403701782227, 47.62067413330078, -0.8074255585670471, -14.048952102661133, -11.423970222473145, -10.62692928314209]",1,1,True,"['B', 'C']","['B', 'C']"
5a81102b554299260e20a22a::working_set_pack_a,5a81102b554299260e20a22a,"['A', 'B', 'C', 'D', 'E', 'F']","[1, 0, 1, 0, 0, 0]","[0.840541422367096, 2.5192768573760986, 2.1120846271514893, 3.0558013916015625, -27.55129051208496, 19.02358055114746]","[0.840541422367096, 2.5192768573760986, 2.1120846271514893, 3.0558013916015625, -27.55129051208496, 19.02358055114746]","[0.840541422367096, 2.5192768573760986, 2.1120846271514893, 3.0558013916015625, -27.55129051208496, 19.02358055114746]",1,1,True,"['A', 'C']","['A', 'C']"
5a81102b554299260e20a22a::active_set_pack_a,5a81102b554299260e20a22a,"['A', 'B', 'C', 'D', 'E', 'F']","[1, 0, 1, 0, 0, 0]","[1.7782020568847656, 3.4054811000823975, 3.0313162803649902, 4.055865287780762, -29.231489181518555, 16.960620880126953]","[1.7782020568847656, 3.4054811000823975, 3.0313162803649902, 4.055865287780762, -29.231489181518555, 16.960620880126953]","[1.7782020568847656, 3.4054811000823975, 3.0313162803649902, 4.055865287780762, -29.231489181518555, 16.960620880126953]",1,1,True,"['A', 'C']","['A', 'C']"
5a81102b554299260e20a22a::working_set_pack_b,5a81102b554299260e20a22a,"['A', 'B', 'C', 'D', 'E', 'F']","[1, 0, 1, 0, 0, 0]","[1.910516381263733, 5.764509677886963, 4.533082962036133, 5.8595781326293945, -32.769805908203125, 14.702131271362305]","[1.910516381263733, 5.764509677886963, 4.533082962036133, 5.8595781326293945, -32.769805908203125, 14.702131271362305]","[-1.910516381263733, -5.764509677886963, -4.533082962036133, -5.8595781326293945, 32.769805908203125, -14.702131271362305]",-1,-1,True,"['A', 'C']","['A', 'C']"
5a81102b554299260e20a22a::active_set_pack_b,5a81102b554299260e20a22a,"['A', 'B', 'C', 'D', 'E', 'F']","[1, 0, 1, 0, 0, 0]","[6.2639851570129395, -0.5199539661407471, 0.42920488119125366, -1.7553075551986694, 18.881452560424805, -23.29937171936035]","[6.2639851570129395, -0.5199539661407471, 0.42920488119125366, -1.7553075551986694, 18.881452560424805, -23.29937171936035]","[-6.2639851570129395, 0.5199539661407471, -0.42920488119125366, 1.7553075551986694, -18.881452560424805, 23.29937171936035]",-1,-1,True,"['A', 'C']","['A', 'C']"
5a77a0205542995d83181225::working_set_pack_a,5a77a0205542995d83181225,"['A', 'B', 'C', 'D', 'E', 'F']","[0, 1, 0, 0, 0, 1]","[-9.743705749511719, -9.826870918273926, -12.479683876037598, -12.916433334350586, -13.836562156677246, 58.80326461791992]","[9.743705749511719, 9.826870918273926, 12.479683876037598, 12.916433334350586, 13.836562156677246, -58.80326461791992]","[-9.743705749511719, -9.826870918273926, -12.479683876037598, -12.916433334350586, -13.836562156677246, 58.80326461791992]",1,-1,False,"['A', 'B']","['B', 'F']"
5a77a0205542995d83181225::active_set_pack_a,5a77a0205542995d83181225,"['A', 'B', 'C', 'D', 'E', 'F']","[0, 1, 0, 0, 0, 1]","[-9.377375602722168, -9.50732135772705, -11.972346305847168, -12.528243064880371, -13.86292552947998, 57.248226165771484]","[9.377375602722168, 9.50732135772705, 11.972346305847168, 12.528243064880371, 13.86292552947998, -57.248226165771484]","[-9.377375602722168, -9.50732135772705, -11.972346305847168, -12.528243064880371, -13.86292552947998, 57.248226165771484]",1,-1,False,"['A', 'B']","['B', 'F']"
5a77a0205542995d83181225::working_set_pack_b,5a77a0205542995d83181225,"['A', 'B', 'C', 'D', 'E', 'F']","[0, 1, 0, 0, 0, 1]","[-10.479469299316406, -11.142472267150879, -13.253677368164062, -13.551087379455566, -14.104418754577637, 62.53111267089844]","[-10.479469299316406, -11.142472267150879, -13.253677368164062, -13.551087379455566, -14.104418754577637, 62.53111267089844]","[-10.479469299316406, -11.142472267150879, -13.253677368164062, -13.551087379455566, -14.104418754577637, 62.53111267089844]",1,1,False,"['A', 'F']","['B', 'F']"
5a77a0205542995d83181225::active_set_pack_b,5a77a0205542995d83181225,"['A', 'B', 'C', 'D', 'E', 'F']","[0, 1, 0, 0, 0, 1]","[-9.676213264465332, -8.314753532409668, -12.526961326599121, -13.551538467407227, -13.913201332092285, 57.98268127441406]","[-9.676213264465332, -8.314753532409668, -12.526961326599121, -13.551538467407227, -13.913201332092285, 57.98268127441406]","[-9.676213264465332, -8.314753532409668, -12.526961326599121, -13.551538467407227, -13.913201332092285, 57.98268127441406]",1,1,False,"['A', 'F']","['B', 'F']"
5a8f7992554299458435d64c::working_set_pack_a,5a8f7992554299458435d64c,"['A', 'B', 'C', 'D', 'E', 'F']","[1, 0, 1, 0, 0, 0]","[-5.703995227813721, -8.03242301940918, 41.303138732910156, -9.205682754516602, -9.938438415527344, -8.422581672668457]","[-5.703995227813721, -8.03242301940918, 41.303138732910156, -9.205682754516602, -9.938438415527344, -8.422581672668457]","[-5.703995227813721, -8.03242301940918, 41.303138732910156, -9.205682754516602, -9.938438415527344, -8.422581672668457]",1,1,True,"['A', 'C']","['A', 'C']"
5a8f7992554299458435d64c::active_set_pack_a,5a8f7992554299458435d64c,"['A', 'B', 'C', 'D', 'E', 'F']","[1, 0, 1, 0, 0, 0]","[-4.041753768920898, -7.045989036560059, 36.38483428955078, -8.402103424072266, -9.260398864746094, -7.634587287902832]","[-4.041753768920898, -7.045989036560059, 36.38483428955078, -8.402103424072266, -9.260398864746094, -7.634587287902832]","[-4.041753768920898, -7.045989036560059, 36.38483428955078, -8.402103424072266, -9.260398864746094, -7.634587287902832]",1,1,True,"['A', 'C']","['A', 'C']"
5a8f7992554299458435d64c::working_set_pack_b,5a8f7992554299458435d64c,"['A', 'B', 'C', 'D', 'E', 'F']","[1, 0, 1, 0, 0, 0]","[-6.375674247741699, -8.637526512145996, 46.24147415161133, -10.150343894958496, -11.434224128723145, -9.643708229064941]","[-6.375674247741699, -8.637526512145996, 46.24147415161133, -10.150343894958496, -11.434224128723145, -9.643708229064941]","[-6.375674247741699, -8.637526512145996, 46.24147415161133, -10.150343894958496, -11.434224128723145, -9.643708229064941]",1,1,True,"['A', 'C']","['A', 'C']"
5a8f7992554299458435d64c::active_set_pack_b,5a8f7992554299458435d64c,"['A', 'B', 'C', 'D', 'E', 'F']","[1, 0, 1, 0, 0, 0]","[-6.006005764007568, -8.054429054260254, 44.528316497802734, -10.170313835144043, -10.88502311706543, -9.41252613067627]","[-6.006005764007568, -8.054429054260254, 44.528316497802734, -10.170313835144043, -10.88502311706543, -9.41252613067627]","[-6.006005764007568, -8.054429054260254, 44.528316497802734, -10.170313835144043, -10.88502311706543, -9.41252613067627]",1,1,True,"['A', 'C']","['A', 'C']"
5a83088a55429966c78a6afc::working_set_pack_a,5a83088a55429966c78a6afc,"['A', 'B', 'C', 'D', 'E', 'F']","[0, 1, 0, 0, 1, 0]","[-7.80747127532959, -5.670527935028076, -10.030221939086914, -9.227812767028809, 44.73844528198242, -12.002422332763672]","[7.80747127532959, 5.670527935028076, 10.030221939086914, 9.227812767028809, -44.73844528198242, 12.002422332763672]","[-7.80747127532959, -5.670527935028076, -10.030221939086914, -9.227812767028809, 44.73844528198242, -12.002422332763672]",1,-1,False,"['A', 'B']","['B', 'E']"
5a83088a55429966c78a6afc::active_set_pack_a,5a83088a55429966c78a6afc,"['A', 'B', 'C', 'D', 'E', 'F']","[0, 1, 0, 0, 1, 0]","[-7.946957588195801, -7.167791366577148, -10.06270980834961, -9.292369842529297, 45.94162368774414, -11.471784591674805]","[7.946957588195801, 7.167791366577148, 10.06270980834961, 9.292369842529297, -45.94162368774414, 11.471784591674805]","[-7.946957588195801, -7.167791366577148, -10.06270980834961, -9.292369842529297, 45.94162368774414, -11.471784591674805]",1,-1,False,"['A', 'B']","['B', 'E']"
5a83088a55429966c78a6afc::working_set_pack_b,5a83088a55429966c78a6afc,"['A', 'B', 'C', 'D', 'E', 'F']","[0, 1, 0, 0, 1, 0]","[-9.382713317871094, -10.541720390319824, -11.355022430419922, -10.770609855651855, 55.389129638671875, -13.339079856872559]","[9.382713317871094, 10.541720390319824, 11.355022430419922, 10.770609855651855, -55.389129638671875, 13.339079856872559]","[-9.382713317871094, -10.541720390319824, -11.355022430419922, -10.770609855651855, 55.389129638671875, -13.339079856872559]",1,-1,False,"['A', 'B']","['B', 'E']"
5a83088a55429966c78a6afc::active_set_pack_b,5a83088a55429966c78a6afc,"['A', 'B', 'C', 'D', 'E', 'F']","[0, 1, 0, 0, 1, 0]","[-8.148354530334473, -9.09812068939209, -9.860391616821289, -9.452583312988281, 48.784000396728516, -12.22455883026123]","[8.148354530334473, 9.09812068939209, 9.860391616821289, 9.452583312988281, -48.784000396728516, 12.22455883026123]","[-8.148354530334473, -9.09812068939209, -9.860391616821289, -9.452583312988281, 48.784000396728516, -12.22455883026123]",1,-1,False,"['A', 'B']","['B', 'E']"
5ab54b5c5542992aa134a298::working_set_pack_a,5ab54b5c5542992aa134a298,"['A', 'B', 'C', 'D', 'E', 'F']","[0, 1, 0, 0, 1, 0]","[-13.213725090026855, -12.967514991760254, -13.57761287689209, -12.33375358581543, 61.01721954345703, -8.924606323242188]","[-13.213725090026855, -12.967514991760254, -13.57761287689209, -12.33375358581543, 61.01721954345703, -8.924606323242188]","[-13.213725090026855, -12.967514991760254, -13.57761287689209, -12.33375358581543, 61.01721954345703, -8.924606323242188]",1,1,True,"['B', 'E']","['B', 'E']"
5ab54b5c5542992aa134a298::active_set_pack_a,5ab54b5c5542992aa134a298,"['A', 'B', 'C', 'D', 'E', 'F']","[0, 1, 0, 0, 1, 0]","[-13.211631774902344, -12.739315032958984, -13.802130699157715, -12.160717010498047, 62.66209411621094, -10.748291015625]","[-13.211631774902344, -12.739315032958984, -13.802130699157715, -12.160717010498047, 62.66209411621094, -10.748291015625]","[-13.211631774902344, -12.739315032958984, -13.802130699157715, -12.160717010498047, 62.66209411621094, -10.748291015625]",1,1,True,"['B', 'E']","['B', 'E']"
5ab54b5c5542992aa134a298::working_set_pack_b,5ab54b5c5542992aa134a298,"['A', 'B', 'C', 'D', 'E', 'F']","[0, 1, 0, 0, 1, 0]","[-12.683700561523438, -13.421306610107422, -13.407543182373047, -11.735664367675781, 59.78440475463867, -8.536198616027832]","[-12.683700561523438, -13.421306610107422, -13.407543182373047, -11.735664367675781, 59.78440475463867, -8.536198616027832]","[-12.683700561523438, -13.421306610107422, -13.407543182373047, -11.735664367675781, 59.78440475463867, -8.536198616027832]",1,1,True,"['B', 'E']","['B', 'E']"
5ab54b5c5542992aa134a298::active_set_pack_b,5ab54b5c5542992aa134a298,"['A', 'B', 'C', 'D', 'E', 'F']","[0, 1, 0, 0, 1, 0]","[-10.191061019897461, -12.538230895996094, -11.060545921325684, -9.649300575256348, 51.52035903930664, -8.081218719482422]","[-10.191061019897461, -12.538230895996094, -11.060545921325684, -9.649300575256348, 51.52035903930664, -8.081218719482422]","[-10.191061019897461, -12.538230895996094, -11.060545921325684, -9.649300575256348, 51.52035903930664, -8.081218719482422]",1,1,True,"['B', 'E']","['B', 'E']"
5ac23b6f55429951e9e684b4::working_set_pack_a,5ac23b6f55429951e9e684b4,"['A', 'B', 'C', 'D', 'E', 'F']","[0, 1, 0, 0, 1, 0]","[-9.927033424377441, -10.263551712036133, -10.942545890808105, -11.396729469299316, 60.21603775024414, -17.68618392944336]","[-9.927033424377441, -10.263551712036133, -10.942545890808105, -11.396729469299316, 60.21603775024414, -17.68618392944336]","[-9.927033424377441, -10.263551712036133, -10.942545890808105, -11.396729469299316, 60.21603775024414, -17.68618392944336]",1,1,False,"['A', 'E']","['B', 'E']"
5ac23b6f55429951e9e684b4::active_set_pack_a,5ac23b6f55429951e9e684b4,"['A', 'B', 'C', 'D', 'E', 'F']","[0, 1, 0, 0, 1, 0]","[-10.545390129089355, -10.627449989318848, -10.72663402557373, -11.505304336547852, 60.873252868652344, -17.468481063842773]","[-10.545390129089355, -10.627449989318848, -10.72663402557373, -11.505304336547852, 60.873252868652344, -17.468481063842773]","[-10.545390129089355, -10.627449989318848, -10.72663402557373, -11.505304336547852, 60.873252868652344, -17.468481063842773]",1,1,False,"['A', 'E']","['B', 'E']"
5ac23b6f55429951e9e684b4::working_set_pack_b,5ac23b6f55429951e9e684b4,"['A', 'B', 'C', 'D', 'E', 'F']","[0, 1, 0, 0, 1, 0]","[-8.907114028930664, -11.17045783996582, -10.218496322631836, -12.151504516601562, 64.39947509765625, -21.951906204223633]","[-8.907114028930664, -11.17045783996582, -10.218496322631836, -12.151504516601562, 64.39947509765625, -21.951906204223633]","[-8.907114028930664, -11.17045783996582, -10.218496322631836, -12.151504516601562, 64.39947509765625, -21.951906204223633]",1,1,False,"['A', 'E']","['B', 'E']"
5ac23b6f55429951e9e684b4::active_set_pack_b,5ac23b6f55429951e9e684b4,"['A', 'B', 'C', 'D', 'E', 'F']","[0, 1, 0, 0, 1, 0]","[-12.817522048950195, -12.87197494506836, -12.621469497680664, -13.993017196655273, 76.39103698730469, -24.08705711364746]","[-12.817522048950195, -12.87197494506836, -12.621469497680664, -13.993017196655273, 76.39103698730469, -24.08705711364746]","[-12.817522048950195, -12.87197494506836, -12.621469497680664, -13.993017196655273, 76.39103698730469, -24.08705711364746]",1,1,False,"['A', 'E']","['B', 'E']"
5a7d231555429909bec76986::working_set_pack_a,5a7d231555429909bec76986,"['A', 'B', 'C', 'D', 'E', 'F']","[0, 1, 0, 0, 0, 1]","[-7.542909145355225, -3.721888542175293, 0.6831473112106323, -11.392745971679688, -7.87247896194458, 29.846878051757812]","[7.542909145355225, 3.721888542175293, -0.6831473112106323, 11.392745971679688, 7.87247896194458, -29.846878051757812]","[-7.542909145355225, -3.721888542175293, 0.6831473112106323, -11.392745971679688, -7.87247896194458, 29.846878051757812]",1,-1,False,"['B', 'C']","['B', 'F']"
5a7d231555429909bec76986::active_set_pack_a,5a7d231555429909bec76986,"['A', 'B', 'C', 'D', 'E', 'F']","[0, 1, 0, 0, 0, 1]","[-7.9192728996276855, -4.457925796508789, -1.4867162704467773, -11.213990211486816, -8.19392204284668, 33.271827697753906]","[7.9192728996276855, 4.457925796508789, 1.4867162704467773, 11.213990211486816, 8.19392204284668, -33.271827697753906]","[-7.9192728996276855, -4.457925796508789, -1.4867162704467773, -11.213990211486816, -8.19392204284668, 33.271827697753906]",1,-1,False,"['B', 'C']","['B', 'F']"
5a7d231555429909bec76986::working_set_pack_b,5a7d231555429909bec76986,"['A', 'B', 'C', 'D', 'E', 'F']","[0, 1, 0, 0, 0, 1]","[-6.820225238800049, -1.4669239521026611, 11.908303260803223, -21.07444953918457, -7.19631290435791, 24.64960479736328]","[-6.820225238800049, -1.4669239521026611, 11.908303260803223, -21.07444953918457, -7.19631290435791, 24.64960479736328]","[-6.820225238800049, -1.4669239521026611, 11.908303260803223, -21.07444953918457, -7.19631290435791, 24.64960479736328]",1,1,False,"['B', 'C']","['B', 'F']"
5a7d231555429909bec76986::active_set_pack_b,5a7d231555429909bec76986,"['A', 'B', 'C', 'D', 'E', 'F']","[0, 1, 0, 0, 0, 1]","[-7.5457234382629395, -3.332911968231201, 20.63214111328125, -18.587505340576172, -7.935995578765869, 16.769981384277344]","[-7.5457234382629395, -3.332911968231201, 20.63214111328125, -18.587505340576172, -7.935995578765869, 16.769981384277344]","[-7.5457234382629395, -3.332911968231201, 20.63214111328125, -18.587505340576172, -7.935995578765869, 16.769981384277344]",1,1,False,"['B', 'C']","['B', 'F']"
5a79cc3c5542994bb94570b6::working_set_pack_a,5a79cc3c5542994bb94570b6,"['A', 'B', 'C', 'D', 'E', 'F']","[0, 1, 0, 1, 0, 0]","[-7.678218841552734, -5.144935131072998, -8.265554428100586, 39.018463134765625, -11.851158142089844, -6.078599452972412]","[-7.678218841552734, -5.144935131072998, -8.265554428100586, 39.018463134765625, -11.851158142089844, -6.078599452972412]","[-7.678218841552734, -5.144935131072998, -8.265554428100586, 39.018463134765625, -11.851158142089844, -6.078599452972412]",1,1,True,"['B', 'D']","['B', 'D']"
5a79cc3c5542994bb94570b6::active_set_pack_a,5a79cc3c5542994bb94570b6,"['A', 'B', 'C', 'D', 'E', 'F']","[0, 1, 0, 1, 0, 0]","[-7.763551235198975, -5.0991363525390625, -8.207728385925293, 39.0893669128418, -11.969956398010254, -6.04899263381958]","[-7.763551235198975, -5.0991363525390625, -8.207728385925293, 39.0893669128418, -11.969956398010254, -6.04899263381958]","[-7.763551235198975, -5.0991363525390625, -8.207728385925293, 39.0893669128418, -11.969956398010254, -6.04899263381958]",1,1,True,"['B', 'D']","['B', 'D']"
5a79cc3c5542994bb94570b6::working_set_pack_b,5a79cc3c5542994bb94570b6,"['A', 'B', 'C', 'D', 'E', 'F']","[0, 1, 0, 1, 0, 0]","[-6.5884599685668945, -2.850013494491577, -6.816817283630371, 33.610111236572266, -12.093329429626465, -5.261492729187012]","[-6.5884599685668945, -2.850013494491577, -6.816817283630371, 33.610111236572266, -12.093329429626465, -5.261492729187012]","[-6.5884599685668945, -2.850013494491577, -6.816817283630371, 33.610111236572266, -12.093329429626465, -5.261492729187012]",1,1,True,"['B', 'D']","['B', 'D']"
5a79cc3c5542994bb94570b6::active_set_pack_b,5a79cc3c5542994bb94570b6,"['A', 'B', 'C', 'D', 'E', 'F']","[0, 1, 0, 1, 0, 0]","[-6.149421215057373, -2.0346179008483887, -6.307210445404053, 30.6367130279541, -16.76146125793457, 0.6159875392913818]","[-6.149421215057373, -2.0346179008483887, -6.307210445404053, 30.6367130279541, -16.76146125793457, 0.6159875392913818]","[-6.149421215057373, -2.0346179008483887, -6.307210445404053, 30.6367130279541, -16.76146125793457, 0.6159875392913818]",1,1,True,"['B', 'D']","['B', 'D']"
5a769ac95542993569682c4f::working_set_pack_a,5a769ac95542993569682c4f,"['A', 'B', 'C', 'D', 'E', 'F']","[1, 0, 1, 0, 0, 0]","[-8.227874755859375, -9.38066577911377, 45.89040756225586, -9.702630996704102, -9.50113296508789, -9.078112602233887]","[-8.227874755859375, -9.38066577911377, 45.89040756225586, -9.702630996704102, -9.50113296508789, -9.078112602233887]","[-8.227874755859375, -9.38066577911377, 45.89040756225586, -9.702630996704102, -9.50113296508789, -9.078112602233887]",1,1,True,"['A', 'C']","['A', 'C']"
5a769ac95542993569682c4f::active_set_pack_a,5a769ac95542993569682c4f,"['A', 'B', 'C', 'D', 'E', 'F']","[1, 0, 1, 0, 0, 0]","[-8.51224422454834, -9.460663795471191, 45.81090545654297, -9.73047161102295, -9.541009902954102, -8.566534042358398]","[-8.51224422454834, -9.460663795471191, 45.81090545654297, -9.73047161102295, -9.541009902954102, -8.566534042358398]","[-8.51224422454834, -9.460663795471191, 45.81090545654297, -9.73047161102295, -9.541009902954102, -8.566534042358398]",1,1,True,"['A', 'C']","['A', 'C']"
5a769ac95542993569682c4f::working_set_pack_b,5a769ac95542993569682c4f,"['A', 'B', 'C', 'D', 'E', 'F']","[1, 0, 1, 0, 0, 0]","[-10.398228645324707, -10.786516189575195, 55.34569549560547, -11.59008502960205, -11.11534595489502, -11.455513954162598]","[-10.398228645324707, -10.786516189575195, 55.34569549560547, -11.59008502960205, -11.11534595489502, -11.455513954162598]","[-10.398228645324707, -10.786516189575195, 55.34569549560547, -11.59008502960205, -11.11534595489502, -11.455513954162598]",1,1,True,"['A', 'C']","['A', 'C']"
5a769ac95542993569682c4f::active_set_pack_b,5a769ac95542993569682c4f,"['A', 'B', 'C', 'D', 'E', 'F']","[1, 0, 1, 0, 0, 0]","[-10.244701385498047, -12.091681480407715, 61.31719207763672, -13.236359596252441, -12.837747573852539, -12.906699180603027]","[-10.244701385498047, -12.091681480407715, 61.31719207763672, -13.236359596252441, -12.837747573852539, -12.906699180603027]","[-10.244701385498047, -12.091681480407715, 61.31719207763672, -13.236359596252441, -12.837747573852539, -12.906699180603027]",1,1,True,"['A', 'C']","['A', 'C']"
5adf01425542995ec70e8f53::working_set_pack_a,5adf01425542995ec70e8f53,"['A', 'B', 'C', 'D', 'E', 'F']","[0, 0, 0, 0, 1, 1]","[-9.169903755187988, -8.904788970947266, -9.713054656982422, -10.425149917602539, 39.47757339477539, -1.264677882194519]","[-9.169903755187988, -8.904788970947266, -9.713054656982422, -10.425149917602539, 39.47757339477539, -1.264677882194519]","[-9.169903755187988, -8.904788970947266, -9.713054656982422, -10.425149917602539, 39.47757339477539, -1.264677882194519]",1,1,True,"['E', 'F']","['E', 'F']"
5adf01425542995ec70e8f53::active_set_pack_a,5adf01425542995ec70e8f53,"['A', 'B', 'C', 'D', 'E', 'F']","[0, 0, 0, 0, 1, 1]","[-9.512864112854004, -9.14090347290039, -9.990340232849121, -10.67045783996582, 41.9154052734375, -2.600834846496582]","[-9.512864112854004, -9.14090347290039, -9.990340232849121, -10.67045783996582, 41.9154052734375, -2.600834846496582]","[-9.512864112854004, -9.14090347290039, -9.990340232849121, -10.67045783996582, 41.9154052734375, -2.600834846496582]",1,1,True,"['E', 'F']","['E', 'F']"
5adf01425542995ec70e8f53::working_set_pack_b,5adf01425542995ec70e8f53,"['A', 'B', 'C', 'D', 'E', 'F']","[0, 0, 0, 0, 1, 1]","[-11.02682876586914, -10.577473640441895, -11.587935447692871, -13.01337718963623, 51.48358917236328, -5.277968406677246]","[-11.02682876586914, -10.577473640441895, -11.587935447692871, -13.01337718963623, 51.48358917236328, -5.277968406677246]","[-11.02682876586914, -10.577473640441895, -11.587935447692871, -13.01337718963623, 51.48358917236328, -5.277968406677246]",1,1,True,"['E', 'F']","['E', 'F']"
5adf01425542995ec70e8f53::active_set_pack_b,5adf01425542995ec70e8f53,"['A', 'B', 'C', 'D', 'E', 'F']","[0, 0, 0, 0, 1, 1]","[-10.250493049621582, -9.811110496520996, -10.495529174804688, -11.716777801513672, 46.58127975463867, -4.3073649406433105]","[-10.250493049621582, -9.811110496520996, -10.495529174804688, -11.716777801513672, 46.58127975463867, -4.3073649406433105]","[-10.250493049621582, -9.811110496520996, -10.495529174804688, -11.716777801513672, 46.58127975463867, -4.3073649406433105]",1,1,True,"['E', 'F']","['E', 'F']"
5adc1b1a55429944faac2422::working_set_pack_a,5adc1b1a55429944faac2422,"['A', 'B', 'C', 'D', 'E', 'F']","[1, 0, 0, 0, 1, 0]","[25.245847702026367, -4.61868143081665, -5.21373987197876, -1.5065988302230835, -6.647184371948242, -7.2596435546875]","[25.245847702026367, -4.61868143081665, -5.21373987197876, -1.5065988302230835, -6.647184371948242, -7.2596435546875]","[25.245847702026367, -4.61868143081665, -5.21373987197876, -1.5065988302230835, -6.647184371948242, -7.2596435546875]",1,1,True,"['A', 'E']","['A', 'E']"
5adc1b1a55429944faac2422::active_set_pack_a,5adc1b1a55429944faac2422,"['A', 'B', 'C', 'D', 'E', 'F']","[1, 0, 0, 0, 1, 0]","[23.73233985900879, -3.954768180847168, -5.5337653160095215, -0.39616459608078003, -7.360171794891357, -6.487463474273682]","[23.73233985900879, -3.954768180847168, -5.5337653160095215, -0.39616459608078003, -7.360171794891357, -6.487463474273682]","[23.73233985900879, -3.954768180847168, -5.5337653160095215, -0.39616459608078003, -7.360171794891357, -6.487463474273682]",1,1,True,"['A', 'E']","['A', 'E']"
5adc1b1a55429944faac2422::working_set_pack_b,5adc1b1a55429944faac2422,"['A', 'B', 'C', 'D', 'E', 'F']","[1, 0, 0, 0, 1, 0]","[-3.819030284881592, -6.4749979972839355, -3.602149724960327, -3.3098864555358887, 22.856346130371094, -5.650280475616455]","[-3.819030284881592, -6.4749979972839355, -3.602149724960327, -3.3098864555358887, 22.856346130371094, -5.650280475616455]","[-3.819030284881592, -6.4749979972839355, -3.602149724960327, -3.3098864555358887, 22.856346130371094, -5.650280475616455]",1,1,True,"['A', 'E']","['A', 'E']"
5adc1b1a55429944faac2422::active_set_pack_b,5adc1b1a55429944faac2422,"['A', 'B', 'C', 'D', 'E', 'F']","[1, 0, 0, 0, 1, 0]","[35.10819625854492, -8.350621223449707, -7.204926490783691, -3.944418430328369, -6.392258167266846, -9.21597671508789]","[35.10819625854492, -8.350621223449707, -7.204926490783691, -3.944418430328369, -6.392258167266846, -9.21597671508789]","[35.10819625854492, -8.350621223449707, -7.204926490783691, -3.944418430328369, -6.392258167266846, -9.21597671508789]",1,1,True,"['A', 'E']","['A', 'E']"
5add67b05542995b365fab2a::working_set_pack_a,5add67b05542995b365fab2a,"['A', 'B', 'C', 'D', 'E', 'F']","[1, 0, 0, 0, 1, 0]","[-11.454619407653809, -11.812387466430664, -13.416634559631348, -12.87495231628418, 65.13948059082031, -15.580881118774414]","[-11.454619407653809, -11.812387466430664, -13.416634559631348, -12.87495231628418, 65.13948059082031, -15.580881118774414]","[-11.454619407653809, -11.812387466430664, -13.416634559631348, -12.87495231628418, 65.13948059082031, -15.580881118774414]",1,1,False,"['B', 'E']","['A', 'E']"
5add67b05542995b365fab2a::active_set_pack_a,5add67b05542995b365fab2a,"['A', 'B', 'C', 'D', 'E', 'F']","[1, 0, 0, 0, 1, 0]","[-10.855825424194336, -11.441841125488281, -12.825944900512695, -12.2573881149292, 62.486793518066406, -15.1057710647583]","[-10.855825424194336, -11.441841125488281, -12.825944900512695, -12.2573881149292, 62.486793518066406, -15.1057710647583]","[-10.855825424194336, -11.441841125488281, -12.825944900512695, -12.2573881149292, 62.486793518066406, -15.1057710647583]",1,1,False,"['B', 'E']","['A', 'E']"
5add67b05542995b365fab2a::working_set_pack_b,5add67b05542995b365fab2a,"['A', 'B', 'C', 'D', 'E', 'F']","[1, 0, 0, 0, 1, 0]","[-10.183396339416504, -11.893688201904297, -12.604493141174316, -12.270265579223633, 62.51466369628906, -15.5628080368042]","[-10.183396339416504, -11.893688201904297, -12.604493141174316, -12.270265579223633, 62.51466369628906, -15.5628080368042]","[-10.183396339416504, -11.893688201904297, -12.604493141174316, -12.270265579223633, 62.51466369628906, -15.5628080368042]",1,1,False,"['B', 'E']","['A', 'E']"
5add67b05542995b365fab2a::active_set_pack_b,5add67b05542995b365fab2a,"['A', 'B', 'C', 'D', 'E', 'F']","[1, 0, 0, 0, 1, 0]","[-12.931495666503906, -13.681888580322266, -15.560362815856934, -15.154468536376953, 76.707763671875, -19.37954330444336]","[-12.931495666503906, -13.681888580322266, -15.560362815856934, -15.154468536376953, 76.707763671875, -19.37954330444336]","[12.931495666503906, 13.681888580322266, 15.560362815856934, 15.154468536376953, -76.707763671875, 19.37954330444336]",-1,-1,False,"['B', 'E']","['A', 'E']"
5ac25c9055429951e9e68580::working_set_pack_a,5ac25c9055429951e9e68580,"['A', 'B', 'C', 'D', 'E', 'F']","[0, 1, 0, 0, 0, 1]","[7.43239164352417, 7.352356433868408, 8.012760162353516, 7.867847919464111, -31.664201736450195, 0.998853862285614]","[-7.43239164352417, -7.352356433868408, -8.012760162353516, -7.867847919464111, 31.664201736450195, -0.998853862285614]","[-7.43239164352417, -7.352356433868408, -8.012760162353516, -7.867847919464111, 31.664201736450195, -0.998853862285614]",-1,1,False,"['B', 'E']","['B', 'F']"
5ac25c9055429951e9e68580::active_set_pack_a,5ac25c9055429951e9e68580,"['A', 'B', 'C', 'D', 'E', 'F']","[0, 1, 0, 0, 0, 1]","[7.23220682144165, 7.179665565490723, 7.456100940704346, 7.531948566436768, -30.16782569885254, 0.7679047584533691]","[-7.23220682144165, -7.179665565490723, -7.456100940704346, -7.531948566436768, 30.16782569885254, -0.7679047584533691]","[-7.23220682144165, -7.179665565490723, -7.456100940704346, -7.531948566436768, 30.16782569885254, -0.7679047584533691]",-1,1,False,"['B', 'E']","['B', 'F']"
5ac25c9055429951e9e68580::working_set_pack_b,5ac25c9055429951e9e68580,"['A', 'B', 'C', 'D', 'E', 'F']","[0, 1, 0, 0, 0, 1]","[7.954882621765137, 7.931027889251709, 8.544240951538086, 8.416022300720215, -35.21580123901367, 2.3696179389953613]","[-7.954882621765137, -7.931027889251709, -8.544240951538086, -8.416022300720215, 35.21580123901367, -2.3696179389953613]","[-7.954882621765137, -7.931027889251709, -8.544240951538086, -8.416022300720215, 35.21580123901367, -2.3696179389953613]",-1,1,False,"['B', 'E']","['B', 'F']"
5ac25c9055429951e9e68580::active_set_pack_b,5ac25c9055429951e9e68580,"['A', 'B', 'C', 'D', 'E', 'F']","[0, 1, 0, 0, 0, 1]","[7.348112106323242, 10.708144187927246, 7.875837802886963, 7.889036655426025, -39.06985092163086, 5.248719692230225]","[-7.348112106323242, -10.708144187927246, -7.875837802886963, -7.889036655426025, 39.06985092163086, -5.248719692230225]","[-7.348112106323242, -10.708144187927246, -7.875837802886963, -7.889036655426025, 39.06985092163086, -5.248719692230225]",-1,1,False,"['B', 'E']","['B', 'F']"
5a8ef28c5542995b44241f0f::working_set_pack_a,5a8ef28c5542995b44241f0f,"['A', 'B', 'C', 'D', 'E', 'F']","[0, 1, 0, 1, 0, 0]","[-9.636527061462402, 44.538875579833984, -10.674612998962402, -2.923772096633911, -10.825879096984863, -10.478087425231934]","[-9.636527061462402, 44.538875579833984, -10.674612998962402, -2.923772096633911, -10.825879096984863, -10.478087425231934]","[-9.636527061462402, 44.538875579833984, -10.674612998962402, -2.923772096633911, -10.825879096984863, -10.478087425231934]",1,1,True,"['B', 'D']","['B', 'D']"
5a8ef28c5542995b44241f0f::active_set_pack_a,5a8ef28c5542995b44241f0f,"['A', 'B', 'C', 'D', 'E', 'F']","[0, 1, 0, 1, 0, 0]","[-9.00931167602539, 41.28187942504883, -9.874323844909668, -1.9353934526443481, -10.25537395477295, -10.207476615905762]","[-9.00931167602539, 41.28187942504883, -9.874323844909668, -1.9353934526443481, -10.25537395477295, -10.207476615905762]","[-9.00931167602539, 41.28187942504883, -9.874323844909668, -1.9353934526443481, -10.25537395477295, -10.207476615905762]",1,1,True,"['B', 'D']","['B', 'D']"
5a8ef28c5542995b44241f0f::working_set_pack_b,5a8ef28c5542995b44241f0f,"['A', 'B', 'C', 'D', 'E', 'F']","[0, 1, 0, 1, 0, 0]","[-10.583623886108398, 45.635189056396484, -11.667888641357422, 0.9985165596008301, -11.912713050842285, -12.469470977783203]","[-10.583623886108398, 45.635189056396484, -11.667888641357422, 0.9985165596008301, -11.912713050842285, -12.469470977783203]","[-10.583623886108398, 45.635189056396484, -11.667888641357422, 0.9985165596008301, -11.912713050842285, -12.469470977783203]",1,1,False,"['B', 'C']","['B', 'D']"
5a8ef28c5542995b44241f0f::active_set_pack_b,5a8ef28c5542995b44241f0f,"['A', 'B', 'C', 'D', 'E', 'F']","[0, 1, 0, 1, 0, 0]","[-11.141471862792969, 51.494117736816406, -12.099827766418457, -2.9549105167388916, -12.457033157348633, -12.840866088867188]","[-11.141471862792969, 51.494117736816406, -12.099827766418457, -2.9549105167388916, -12.457033157348633, -12.840866088867188]","[-11.141471862792969, 51.494117736816406, -12.099827766418457, -2.9549105167388916, -12.457033157348633, -12.840866088867188]",1,1,False,"['B', 'C']","['B', 'D']"
5ab808755542990e739ec7f2::working_set_pack_a,5ab808755542990e739ec7f2,"['A', 'B', 'C', 'D', 'E', 'F']","[0, 0, 0, 0, 1, 1]","[-6.583680629730225, -7.354712963104248, -7.447458744049072, -7.388131618499756, -5.217320442199707, 33.991310119628906]","[-6.583680629730225, -7.354712963104248, -7.447458744049072, -7.388131618499756, -5.217320442199707, 33.991310119628906]","[-6.583680629730225, -7.354712963104248, -7.447458744049072, -7.388131618499756, -5.217320442199707, 33.991310119628906]",1,1,True,"['E', 'F']","['E', 'F']"
5ab808755542990e739ec7f2::active_set_pack_a,5ab808755542990e739ec7f2,"['A', 'B', 'C', 'D', 'E', 'F']","[0, 0, 0, 0, 1, 1]","[-6.456574440002441, -7.3163676261901855, -7.4056715965271, -7.364348411560059, -4.75071907043457, 33.29368209838867]","[-6.456574440002441, -7.3163676261901855, -7.4056715965271, -7.364348411560059, -4.75071907043457, 33.29368209838867]","[-6.456574440002441, -7.3163676261901855, -7.4056715965271, -7.364348411560059, -4.75071907043457, 33.29368209838867]",1,1,True,"['E', 'F']","['E', 'F']"
5ab808755542990e739ec7f2::working_set_pack_b,5ab808755542990e739ec7f2,"['A', 'B', 'C', 'D', 'E', 'F']","[0, 0, 0, 0, 1, 1]","[-5.930621147155762, -6.918240070343018, -6.755633354187012, -6.750866889953613, -4.689265727996826, 31.044635772705078]","[-5.930621147155762, -6.918240070343018, -6.755633354187012, -6.750866889953613, -4.689265727996826, 31.044635772705078]","[-5.930621147155762, -6.918240070343018, -6.755633354187012, -6.750866889953613, -4.689265727996826, 31.044635772705078]",1,1,True,"['E', 'F']","['E', 'F']"
5ab808755542990e739ec7f2::active_set_pack_b,5ab808755542990e739ec7f2,"['A', 'B', 'C', 'D', 'E', 'F']","[0, 0, 0, 0, 1, 1]","[-6.030010223388672, -7.199068546295166, -7.101505756378174, -7.295083522796631, -5.1967363357543945, 32.82240676879883]","[-6.030010223388672, -7.199068546295166, -7.101505756378174, -7.295083522796631, -5.1967363357543945, 32.82240676879883]","[-6.030010223388672, -7.199068546295166, -7.101505756378174, -7.295083522796631, -5.1967363357543945, 32.82240676879883]",1,1,False,"['A', 'F']","['E', 'F']"
5a7d15e35542995ed0d165dd::working_set_pack_a,5a7d15e35542995ed0d165dd,"['A', 'B', 'C', 'D', 'E', 'F']","[0, 1, 0, 0, 0, 1]","[-13.41612434387207, -10.57446575164795, -14.438770294189453, -14.013897895812988, -15.348956108093262, 67.79222106933594]","[-13.41612434387207, -10.57446575164795, -14.438770294189453, -14.013897895812988, -15.348956108093262, 67.79222106933594]","[-13.41612434387207, -10.57446575164795, -14.438770294189453, -14.013897895812988, -15.348956108093262, 67.79222106933594]",1,1,True,"['B', 'F']","['B', 'F']"
5a7d15e35542995ed0d165dd::active_set_pack_a,5a7d15e35542995ed0d165dd,"['A', 'B', 'C', 'D', 'E', 'F']","[0, 1, 0, 0, 0, 1]","[-13.339457511901855, -10.277815818786621, -14.528335571289062, -14.280707359313965, -15.329559326171875, 67.75588989257812]","[-13.339457511901855, -10.277815818786621, -14.528335571289062, -14.280707359313965, -15.329559326171875, 67.75588989257812]","[-13.339457511901855, -10.277815818786621, -14.528335571289062, -14.280707359313965, -15.329559326171875, 67.75588989257812]",1,1,True,"['B', 'F']","['B', 'F']"
5a7d15e35542995ed0d165dd::working_set_pack_b,5a7d15e35542995ed0d165dd,"['A', 'B', 'C', 'D', 'E', 'F']","[0, 1, 0, 0, 0, 1]","[-12.996509552001953, -11.901512145996094, -14.121964454650879, -13.460944175720215, -14.752652168273926, 67.23358154296875]","[-12.996509552001953, -11.901512145996094, -14.121964454650879, -13.460944175720215, -14.752652168273926, 67.23358154296875]","[-12.996509552001953, -11.901512145996094, -14.121964454650879, -13.460944175720215, -14.752652168273926, 67.23358154296875]",1,1,True,"['B', 'F']","['B', 'F']"
5a7d15e35542995ed0d165dd::active_set_pack_b,5a7d15e35542995ed0d165dd,"['A', 'B', 'C', 'D', 'E', 'F']","[0, 1, 0, 0, 0, 1]","[-12.440293312072754, -11.000276565551758, -13.311408996582031, -14.057887077331543, -14.753052711486816, 65.56290435791016]","[-12.440293312072754, -11.000276565551758, -13.311408996582031, -14.057887077331543, -14.753052711486816, 65.56290435791016]","[-12.440293312072754, -11.000276565551758, -13.311408996582031, -14.057887077331543, -14.753052711486816, 65.56290435791016]",1,1,True,"['B', 'F']","['B', 'F']"
5ac5247c55429924173fb602::working_set_pack_a,5ac5247c55429924173fb602,"['A', 'B', 'C', 'D', 'E', 'F']","[1, 0, 0, 1, 0, 0]","[-9.044888496398926, -8.568056106567383, -10.089335441589355, 49.20094680786133, -11.66008472442627, -9.838582992553711]","[-9.044888496398926, -8.568056106567383, -10.089335441589355, 49.20094680786133, -11.66008472442627, -9.838582992553711]","[-9.044888496398926, -8.568056106567383, -10.089335441589355, 49.20094680786133, -11.66008472442627, -9.838582992553711]",1,1,True,"['A', 'D']","['A', 'D']"
5ac5247c55429924173fb602::active_set_pack_a,5ac5247c55429924173fb602,"['A', 'B', 'C', 'D', 'E', 'F']","[1, 0, 0, 1, 0, 0]","[-9.267459869384766, -8.873982429504395, -10.153660774230957, 49.945255279541016, -11.669757843017578, -9.980396270751953]","[-9.267459869384766, -8.873982429504395, -10.153660774230957, 49.945255279541016, -11.669757843017578, -9.980396270751953]","[-9.267459869384766, -8.873982429504395, -10.153660774230957, 49.945255279541016, -11.669757843017578, -9.980396270751953]",1,1,True,"['A', 'D']","['A', 'D']"
5ac5247c55429924173fb602::working_set_pack_b,5ac5247c55429924173fb602,"['A', 'B', 'C', 'D', 'E', 'F']","[1, 0, 0, 1, 0, 0]","[-10.327753067016602, -9.615102767944336, -11.693147659301758, 56.10533905029297, -13.309060096740723, -11.160271644592285]","[-10.327753067016602, -9.615102767944336, -11.693147659301758, 56.10533905029297, -13.309060096740723, -11.160271644592285]","[-10.327753067016602, -9.615102767944336, -11.693147659301758, 56.10533905029297, -13.309060096740723, -11.160271644592285]",1,1,True,"['A', 'D']","['A', 'D']"
5ac5247c55429924173fb602::active_set_pack_b,5ac5247c55429924173fb602,"['A', 'B', 'C', 'D', 'E', 'F']","[1, 0, 0, 1, 0, 0]","[-12.378018379211426, -11.88288688659668, -13.800705909729004, 62.79092025756836, -11.176557540893555, -13.552748680114746]","[-12.378018379211426, -11.88288688659668, -13.800705909729004, 62.79092025756836, -11.176557540893555, -13.552748680114746]","[-12.378018379211426, -11.88288688659668, -13.800705909729004, 62.79092025756836, -11.176557540893555, -13.552748680114746]",1,1,True,"['A', 'D']","['A', 'D']"
5a80b23a5542992bc0c4a7b2::working_set_pack_a,5a80b23a5542992bc0c4a7b2,"['A', 'B', 'C', 'D', 'E', 'F']","[0, 0, 1, 0, 0, 1]","[-5.976581573486328, -5.669837474822998, 29.580812454223633, -9.895703315734863, -4.454208850860596, -3.58449125289917]","[-5.976581573486328, -5.669837474822998, 29.580812454223633, -9.895703315734863, -4.454208850860596, -3.58449125289917]","[-5.976581573486328, -5.669837474822998, 29.580812454223633, -9.895703315734863, -4.454208850860596, -3.58449125289917]",1,1,True,"['C', 'F']","['C', 'F']"
5a80b23a5542992bc0c4a7b2::active_set_pack_a,5a80b23a5542992bc0c4a7b2,"['A', 'B', 'C', 'D', 'E', 'F']","[0, 0, 1, 0, 0, 1]","[-5.946653842926025, -5.713768482208252, 30.939224243164062, -10.753423690795898, -5.007718563079834, -3.517655849456787]","[-5.946653842926025, -5.713768482208252, 30.939224243164062, -10.753423690795898, -5.007718563079834, -3.517655849456787]","[-5.946653842926025, -5.713768482208252, 30.939224243164062, -10.753423690795898, -5.007718563079834, -3.517655849456787]",1,1,True,"['C', 'F']","['C', 'F']"
5a80b23a5542992bc0c4a7b2::working_set_pack_b,5a80b23a5542992bc0c4a7b2,"['A', 'B', 'C', 'D', 'E', 'F']","[0, 0, 1, 0, 0, 1]","[-5.642419815063477, -4.780622482299805, 30.206212997436523, -17.233524322509766, -3.4496030807495117, 0.8999478220939636]","[-5.642419815063477, -4.780622482299805, 30.206212997436523, -17.233524322509766, -3.4496030807495117, 0.8999478220939636]","[-5.642419815063477, -4.780622482299805, 30.206212997436523, -17.233524322509766, -3.4496030807495117, 0.8999478220939636]",1,1,True,"['C', 'F']","['C', 'F']"
5a80b23a5542992bc0c4a7b2::active_set_pack_b,5a80b23a5542992bc0c4a7b2,"['A', 'B', 'C', 'D', 'E', 'F']","[0, 0, 1, 0, 0, 1]","[-6.923108100891113, -6.470163822174072, 33.77981948852539, -16.30916976928711, -3.831044912338257, -0.24632392823696136]","[-6.923108100891113, -6.470163822174072, 33.77981948852539, -16.30916976928711, -3.831044912338257, -0.24632392823696136]","[-6.923108100891113, -6.470163822174072, 33.77981948852539, -16.30916976928711, -3.831044912338257, -0.24632392823696136]",1,1,True,"['C', 'F']","['C', 'F']"
5a8d209555429941ae14df84::working_set_pack_a,5a8d209555429941ae14df84,"['A', 'B', 'C', 'D', 'E', 'F']","[1, 0, 0, 1, 0, 0]","[-0.2423020601272583, -9.635394096374512, -9.529390335083008, 29.765365600585938, -2.040757894515991, -8.317526817321777]","[-0.2423020601272583, -9.635394096374512, -9.529390335083008, 29.765365600585938, -2.040757894515991, -8.317526817321777]","[-0.2423020601272583, -9.635394096374512, -9.529390335083008, 29.765365600585938, -2.040757894515991, -8.317526817321777]",1,1,True,"['A', 'D']","['A', 'D']"
5a8d209555429941ae14df84::active_set_pack_a,5a8d209555429941ae14df84,"['A', 'B', 'C', 'D', 'E', 'F']","[1, 0, 0, 1, 0, 0]","[-0.8593847751617432, -9.05683708190918, -8.917195320129395, 27.91529083251953, -1.5301755666732788, -7.551705360412598]","[-0.8593847751617432, -9.05683708190918, -8.917195320129395, 27.91529083251953, -1.5301755666732788, -7.551705360412598]","[-0.8593847751617432, -9.05683708190918, -8.917195320129395, 27.91529083251953, -1.5301755666732788, -7.551705360412598]",1,1,True,"['A', 'D']","['A', 'D']"
5a8d209555429941ae14df84::working_set_pack_b,5a8d209555429941ae14df84,"['A', 'B', 'C', 'D', 'E', 'F']","[1, 0, 0, 1, 0, 0]","[0.6282160878181458, -10.648792266845703, -9.644779205322266, 28.561933517456055, -0.9066870212554932, -7.98989200592041]","[0.6282160878181458, -10.648792266845703, -9.644779205322266, 28.561933517456055, -0.9066870212554932, -7.98989200592041]","[0.6282160878181458, -10.648792266845703, -9.644779205322266, 28.561933517456055, -0.9066870212554932, -7.98989200592041]",1,1,True,"['A', 'D']","['A', 'D']"
5a8d209555429941ae14df84::active_set_pack_b,5a8d209555429941ae14df84,"['A', 'B', 'C', 'D', 'E', 'F']","[1, 0, 0, 1, 0, 0]","[-1.3306299448013306, -9.966021537780762, -9.455490112304688, 33.93114471435547, -5.153307914733887, -8.025703430175781]","[-1.3306299448013306, -9.966021537780762, -9.455490112304688, 33.93114471435547, -5.153307914733887, -8.025703430175781]","[-1.3306299448013306, -9.966021537780762, -9.455490112304688, 33.93114471435547, -5.153307914733887, -8.025703430175781]",1,1,True,"['A', 'D']","['A', 'D']"
5adf698f5542993a75d264e2::working_set_pack_a,5adf698f5542993a75d264e2,"['A', 'B', 'C', 'D', 'E', 'F']","[0, 1, 0, 0, 1, 0]","[-6.835836410522461, -3.6986453533172607, -7.692751407623291, -7.57170295715332, 35.41915512084961, -9.62022590637207]","[-6.835836410522461, -3.6986453533172607, -7.692751407623291, -7.57170295715332, 35.41915512084961, -9.62022590637207]","[-6.835836410522461, -3.6986453533172607, -7.692751407623291, -7.57170295715332, 35.41915512084961, -9.62022590637207]",1,1,True,"['B', 'E']","['B', 'E']"
5adf698f5542993a75d264e2::active_set_pack_a,5adf698f5542993a75d264e2,"['A', 'B', 'C', 'D', 'E', 'F']","[0, 1, 0, 0, 1, 0]","[-6.719180583953857, -2.8818705081939697, -7.5957417488098145, -7.349377155303955, 33.694068908691406, -9.14789867401123]","[-6.719180583953857, -2.8818705081939697, -7.5957417488098145, -7.349377155303955, 33.694068908691406, -9.14789867401123]","[-6.719180583953857, -2.8818705081939697, -7.5957417488098145, -7.349377155303955, 33.694068908691406, -9.14789867401123]",1,1,True,"['B', 'E']","['B', 'E']"
5adf698f5542993a75d264e2::working_set_pack_b,5adf698f5542993a75d264e2,"['A', 'B', 'C', 'D', 'E', 'F']","[0, 1, 0, 0, 1, 0]","[-7.394687652587891, -4.3757195472717285, -8.06863784790039, -8.338709831237793, 40.347755432128906, -12.170001029968262]","[-7.394687652587891, -4.3757195472717285, -8.06863784790039, -8.338709831237793, 40.347755432128906, -12.170001029968262]","[-7.394687652587891, -4.3757195472717285, -8.06863784790039, -8.338709831237793, 40.347755432128906, -12.170001029968262]",1,1,True,"['B', 'E']","['B', 'E']"
5adf698f5542993a75d264e2::active_set_pack_b,5adf698f5542993a75d264e2,"['A', 'B', 'C', 'D', 'E', 'F']","[0, 1, 0, 0, 1, 0]","[-8.024563789367676, -2.764788866043091, -8.87147045135498, -8.774385452270508, 40.586421966552734, -12.15121078491211]","[-8.024563789367676, -2.764788866043091, -8.87147045135498, -8.774385452270508, 40.586421966552734, -12.15121078491211]","[-8.024563789367676, -2.764788866043091, -8.87147045135498, -8.774385452270508, 40.586421966552734, -12.15121078491211]",1,1,True,"['B', 'E']","['B', 'E']"
5a8e506d5542990e94052ac8::working_set_pack_a,5a8e506d5542990e94052ac8,"['A', 'B', 'C', 'D', 'E', 'F']","[0, 1, 0, 1, 0, 0]","[-2.8383893966674805, -16.035799026489258, -2.885965347290039, 25.078048706054688, -1.6283149719238281, -1.6895850896835327]","[-2.8383893966674805, -16.035799026489258, -2.885965347290039, 25.078048706054688, -1.6283149719238281, -1.6895850896835327]","[-2.8383893966674805, -16.035799026489258, -2.885965347290039, 25.078048706054688, -1.6283149719238281, -1.6895850896835327]",1,1,True,"['B', 'D']","['B', 'D']"
5a8e506d5542990e94052ac8::active_set_pack_a,5a8e506d5542990e94052ac8,"['A', 'B', 'C', 'D', 'E', 'F']","[0, 1, 0, 1, 0, 0]","[0.6898313164710999, 22.35350799560547, 0.4178556501865387, -20.500892639160156, -2.1552553176879883, -0.8050416707992554]","[0.6898313164710999, 22.35350799560547, 0.4178556501865387, -20.500892639160156, -2.1552553176879883, -0.8050416707992554]","[-0.6898313164710999, -22.35350799560547, -0.4178556501865387, 20.500892639160156, 2.1552553176879883, 0.8050416707992554]",-1,-1,True,"['B', 'D']","['B', 'D']"
5a8e506d5542990e94052ac8::working_set_pack_b,5a8e506d5542990e94052ac8,"['A', 'B', 'C', 'D', 'E', 'F']","[0, 1, 0, 1, 0, 0]","[-7.222561836242676, -8.295209884643555, -7.625272750854492, 36.32474136352539, -6.220509052276611, -6.961198329925537]","[-7.222561836242676, -8.295209884643555, -7.625272750854492, 36.32474136352539, -6.220509052276611, -6.961198329925537]","[-7.222561836242676, -8.295209884643555, -7.625272750854492, 36.32474136352539, -6.220509052276611, -6.961198329925537]",1,1,True,"['B', 'D']","['B', 'D']"
5a8e506d5542990e94052ac8::active_set_pack_b,5a8e506d5542990e94052ac8,"['A', 'B', 'C', 'D', 'E', 'F']","[0, 1, 0, 1, 0, 0]","[-8.590324401855469, -8.67603874206543, -9.073583602905273, 36.5029296875, -1.7061479091644287, -8.456839561462402]","[-8.590324401855469, -8.67603874206543, -9.073583602905273, 36.5029296875, -1.7061479091644287, -8.456839561462402]","[-8.590324401855469, -8.67603874206543, -9.073583602905273, 36.5029296875, -1.7061479091644287, -8.456839561462402]",1,1,True,"['B', 'D']","['B', 'D']"
5ac3983a554299657fa290f5::working_set_pack_a,5ac3983a554299657fa290f5,"['A', 'B', 'C', 'D', 'E', 'F']","[1, 0, 1, 0, 0, 0]","[-7.95026159286499, -7.91159725189209, 39.11692428588867, -8.160879135131836, -7.640319347381592, -7.453850269317627]","[-7.95026159286499, -7.91159725189209, 39.11692428588867, -8.160879135131836, -7.640319347381592, -7.453850269317627]","[-7.95026159286499, -7.91159725189209, 39.11692428588867, -8.160879135131836, -7.640319347381592, -7.453850269317627]",1,1,True,"['A', 'C']","['A', 'C']"
5ac3983a554299657fa290f5::active_set_pack_a,5ac3983a554299657fa290f5,"['A', 'B', 'C', 'D', 'E', 'F']","[1, 0, 1, 0, 0, 0]","[-8.115882873535156, -8.506789207458496, 41.66007995605469, -8.799545288085938, -8.249198913574219, -7.988687992095947]","[-8.115882873535156, -8.506789207458496, 41.66007995605469, -8.799545288085938, -8.249198913574219, -7.988687992095947]","[-8.115882873535156, -8.506789207458496, 41.66007995605469, -8.799545288085938, -8.249198913574219, -7.988687992095947]",1,1,True,"['A', 'C']","['A', 'C']"
5ac3983a554299657fa290f5::working_set_pack_b,5ac3983a554299657fa290f5,"['A', 'B', 'C', 'D', 'E', 'F']","[1, 0, 1, 0, 0, 0]","[-6.669286251068115, -8.143973350524902, 38.5286979675293, -8.398022651672363, -7.830996990203857, -7.486420154571533]","[-6.669286251068115, -8.143973350524902, 38.5286979675293, -8.398022651672363, -7.830996990203857, -7.486420154571533]","[-6.669286251068115, -8.143973350524902, 38.5286979675293, -8.398022651672363, -7.830996990203857, -7.486420154571533]",1,1,True,"['A', 'C']","['A', 'C']"
5ac3983a554299657fa290f5::active_set_pack_b,5ac3983a554299657fa290f5,"['A', 'B', 'C', 'D', 'E', 'F']","[1, 0, 1, 0, 0, 0]","[-7.6172404289245605, -8.766678810119629, 41.85029220581055, -9.184619903564453, -8.107627868652344, -8.174137115478516]","[-7.6172404289245605, -8.766678810119629, 41.85029220581055, -9.184619903564453, -8.107627868652344, -8.174137115478516]","[7.6172404289245605, 8.766678810119629, -41.85029220581055, 9.184619903564453, 8.107627868652344, 8.174137115478516]",-1,-1,True,"['A', 'C']","['A', 'C']"
5ac1bfd85542994ab5c67dfb::working_set_pack_a,5ac1bfd85542994ab5c67dfb,"['A', 'B', 'C', 'D', 'E', 'F']","[0, 1, 0, 1, 0, 0]","[-4.936185836791992, -5.063443660736084, -9.87704849243164, 34.464962005615234, -7.7765092849731445, -6.811777114868164]","[-4.936185836791992, -5.063443660736084, -9.87704849243164, 34.464962005615234, -7.7765092849731445, -6.811777114868164]","[-4.936185836791992, -5.063443660736084, -9.87704849243164, 34.464962005615234, -7.7765092849731445, -6.811777114868164]",1,1,True,"['B', 'D']","['B', 'D']"
5ac1bfd85542994ab5c67dfb::active_set_pack_a,5ac1bfd85542994ab5c67dfb,"['A', 'B', 'C', 'D', 'E', 'F']","[0, 1, 0, 1, 0, 0]","[-4.358850479125977, -5.429243564605713, -7.823694705963135, 31.588815689086914, -7.704066276550293, -6.27296781539917]","[-4.358850479125977, -5.429243564605713, -7.823694705963135, 31.588815689086914, -7.704066276550293, -6.27296781539917]","[-4.358850479125977, -5.429243564605713, -7.823694705963135, 31.588815689086914, -7.704066276550293, -6.27296781539917]",1,1,True,"['B', 'D']","['B', 'D']"
5ac1bfd85542994ab5c67dfb::working_set_pack_b,5ac1bfd85542994ab5c67dfb,"['A', 'B', 'C', 'D', 'E', 'F']","[0, 1, 0, 1, 0, 0]","[-6.342349052429199, -7.967850685119629, -8.195236206054688, 39.53778076171875, -9.306675910949707, -7.725669860839844]","[-6.342349052429199, -7.967850685119629, -8.195236206054688, 39.53778076171875, -9.306675910949707, -7.725669860839844]","[-6.342349052429199, -7.967850685119629, -8.195236206054688, 39.53778076171875, -9.306675910949707, -7.725669860839844]",1,1,True,"['B', 'D']","['B', 'D']"
5ac1bfd85542994ab5c67dfb::active_set_pack_b,5ac1bfd85542994ab5c67dfb,"['A', 'B', 'C', 'D', 'E', 'F']","[0, 1, 0, 1, 0, 0]","[-2.4485573768615723, -17.881025314331055, -7.628745079040527, 35.86820602416992, -4.55405855178833, -3.3558034896850586]","[-2.4485573768615723, -17.881025314331055, -7.628745079040527, 35.86820602416992, -4.55405855178833, -3.3558034896850586]","[-2.4485573768615723, -17.881025314331055, -7.628745079040527, 35.86820602416992, -4.55405855178833, -3.3558034896850586]",1,1,True,"['B', 'D']","['B', 'D']"
5a77251055429966f1a36ca5::working_set_pack_a,5a77251055429966f1a36ca5,"['A', 'B', 'C', 'D', 'E', 'F']","[1, 0, 0, 0, 0, 1]","[-9.01767635345459, -10.217325210571289, -9.486669540405273, -10.06698989868164, -11.894527435302734, 50.68320083618164]","[-9.01767635345459, -10.217325210571289, -9.486669540405273, -10.06698989868164, -11.894527435302734, 50.68320083618164]","[-9.01767635345459, -10.217325210571289, -9.486669540405273, -10.06698989868164, -11.894527435302734, 50.68320083618164]",1,1,True,"['A', 'F']","['A', 'F']"
5a77251055429966f1a36ca5::active_set_pack_a,5a77251055429966f1a36ca5,"['A', 'B', 'C', 'D', 'E', 'F']","[1, 0, 0, 0, 0, 1]","[-8.003628730773926, -9.472554206848145, -8.701708793640137, -9.203384399414062, -10.6903076171875, 46.07157897949219]","[-8.003628730773926, -9.472554206848145, -8.701708793640137, -9.203384399414062, -10.6903076171875, 46.07157897949219]","[-8.003628730773926, -9.472554206848145, -8.701708793640137, -9.203384399414062, -10.6903076171875, 46.07157897949219]",1,1,True,"['A', 'F']","['A', 'F']"
5a77251055429966f1a36ca5::working_set_pack_b,5a77251055429966f1a36ca5,"['A', 'B', 'C', 'D', 'E', 'F']","[1, 0, 0, 0, 0, 1]","[-9.606764793395996, -10.886271476745605, -10.126676559448242, -10.789505958557129, -12.665677070617676, 54.07488250732422]","[-9.606764793395996, -10.886271476745605, -10.126676559448242, -10.789505958557129, -12.665677070617676, 54.07488250732422]","[-9.606764793395996, -10.886271476745605, -10.126676559448242, -10.789505958557129, -12.665677070617676, 54.07488250732422]",1,1,True,"['A', 'F']","['A', 'F']"
5a77251055429966f1a36ca5::active_set_pack_b,5a77251055429966f1a36ca5,"['A', 'B', 'C', 'D', 'E', 'F']","[1, 0, 0, 0, 0, 1]","[-9.075096130371094, -11.047805786132812, -9.995970726013184, -10.69201374053955, -12.033586502075195, 52.84447479248047]","[-9.075096130371094, -11.047805786132812, -9.995970726013184, -10.69201374053955, -12.033586502075195, 52.84447479248047]","[-9.075096130371094, -11.047805786132812, -9.995970726013184, -10.69201374053955, -12.033586502075195, 52.84447479248047]",1,1,True,"['A', 'F']","['A', 'F']"
5ac3bf5e5542995ef918c20f::working_set_pack_a,5ac3bf5e5542995ef918c20f,"['A', 'B', 'C', 'D', 'E', 'F']","[0, 0, 1, 0, 1, 0]","[-9.650802612304688, -10.645668983459473, -7.8327317237854, -10.206149101257324, 46.630088806152344, -8.294739723205566]","[-9.650802612304688, -10.645668983459473, -7.8327317237854, -10.206149101257324, 46.630088806152344, -8.294739723205566]","[-9.650802612304688, -10.645668983459473, -7.8327317237854, -10.206149101257324, 46.630088806152344, -8.294739723205566]",1,1,True,"['C', 'E']","['C', 'E']"
5ac3bf5e5542995ef918c20f::active_set_pack_a,5ac3bf5e5542995ef918c20f,"['A', 'B', 'C', 'D', 'E', 'F']","[0, 0, 1, 0, 1, 0]","[-9.542532920837402, -10.975975036621094, -7.62298059463501, -10.324254989624023, 46.73954391479492, -8.273798942565918]","[-9.542532920837402, -10.975975036621094, -7.62298059463501, -10.324254989624023, 46.73954391479492, -8.273798942565918]","[-9.542532920837402, -10.975975036621094, -7.62298059463501, -10.324254989624023, 46.73954391479492, -8.273798942565918]",1,1,True,"['C', 'E']","['C', 'E']"
5ac3bf5e5542995ef918c20f::working_set_pack_b,5ac3bf5e5542995ef918c20f,"['A', 'B', 'C', 'D', 'E', 'F']","[0, 0, 1, 0, 1, 0]","[-9.82372760772705, -11.322076797485352, -7.447229862213135, -10.984485626220703, 47.77116775512695, -8.193656921386719]","[-9.82372760772705, -11.322076797485352, -7.447229862213135, -10.984485626220703, 47.77116775512695, -8.193656921386719]","[-9.82372760772705, -11.322076797485352, -7.447229862213135, -10.984485626220703, 47.77116775512695, -8.193656921386719]",1,1,True,"['C', 'E']","['C', 'E']"
5ac3bf5e5542995ef918c20f::active_set_pack_b,5ac3bf5e5542995ef918c20f,"['A', 'B', 'C', 'D', 'E', 'F']","[0, 0, 1, 0, 1, 0]","[-11.314092636108398, -12.548636436462402, -9.257882118225098, -12.8207368850708, 56.02976989746094, -10.088420867919922]","[-11.314092636108398, -12.548636436462402, -9.257882118225098, -12.8207368850708, 56.02976989746094, -10.088420867919922]","[-11.314092636108398, -12.548636436462402, -9.257882118225098, -12.8207368850708, 56.02976989746094, -10.088420867919922]",1,1,True,"['C', 'E']","['C', 'E']"
5a81fab9554299676cceb1b1::working_set_pack_a,5a81fab9554299676cceb1b1,"['A', 'B', 'C', 'D', 'E', 'F']","[1, 0, 0, 0, 0, 1]","[-10.144478797912598, -14.319101333618164, -12.626100540161133, -6.907707214355469, -12.728013038635254, 56.72539138793945]","[-10.144478797912598, -14.319101333618164, -12.626100540161133, -6.907707214355469, -12.728013038635254, 56.72539138793945]","[-10.144478797912598, -14.319101333618164, -12.626100540161133, -6.907707214355469, -12.728013038635254, 56.72539138793945]",1,1,True,"['A', 'F']","['A', 'F']"
5a81fab9554299676cceb1b1::active_set_pack_a,5a81fab9554299676cceb1b1,"['A', 'B', 'C', 'D', 'E', 'F']","[1, 0, 0, 0, 0, 1]","[-10.39670181274414, -14.973128318786621, -13.231642723083496, -6.941702365875244, -13.287518501281738, 58.8306999206543]","[-10.39670181274414, -14.973128318786621, -13.231642723083496, -6.941702365875244, -13.287518501281738, 58.8306999206543]","[-10.39670181274414, -14.973128318786621, -13.231642723083496, -6.941702365875244, -13.287518501281738, 58.8306999206543]",1,1,True,"['A', 'F']","['A', 'F']"
5a81fab9554299676cceb1b1::working_set_pack_b,5a81fab9554299676cceb1b1,"['A', 'B', 'C', 'D', 'E', 'F']","[1, 0, 0, 0, 0, 1]","[-14.447933197021484, -18.57529067993164, -16.18058204650879, -10.415325164794922, -16.62441635131836, 76.24356842041016]","[-14.447933197021484, -18.57529067993164, -16.18058204650879, -10.415325164794922, -16.62441635131836, 76.24356842041016]","[-14.447933197021484, -18.57529067993164, -16.18058204650879, -10.415325164794922, -16.62441635131836, 76.24356842041016]",1,1,True,"['A', 'F']","['A', 'F']"
5a81fab9554299676cceb1b1::active_set_pack_b,5a81fab9554299676cceb1b1,"['A', 'B', 'C', 'D', 'E', 'F']","[1, 0, 0, 0, 0, 1]","[-12.783921241760254, -17.510244369506836, -15.5049409866333, -5.241954803466797, -15.876224517822266, 66.91728973388672]","[-12.783921241760254, -17.510244369506836, -15.5049409866333, -5.241954803466797, -15.876224517822266, 66.91728973388672]","[-12.783921241760254, -17.510244369506836, -15.5049409866333, -5.241954803466797, -15.876224517822266, 66.91728973388672]",1,1,True,"['A', 'F']","['A', 'F']"
5ac141dd5542991316484a9b::working_set_pack_a,5ac141dd5542991316484a9b,"['A', 'B', 'C', 'D', 'E', 'F']","[0, 0, 0, 1, 0, 1]","[-12.561443328857422, -12.560332298278809, -11.548312187194824, -8.943204879760742, -9.061677932739258, 54.67497253417969]","[-12.561443328857422, -12.560332298278809, -11.548312187194824, -8.943204879760742, -9.061677932739258, 54.67497253417969]","[-12.561443328857422, -12.560332298278809, -11.548312187194824, -8.943204879760742, -9.061677932739258, 54.67497253417969]",1,1,True,"['D', 'F']","['D', 'F']"
5ac141dd5542991316484a9b::active_set_pack_a,5ac141dd5542991316484a9b,"['A', 'B', 'C', 'D', 'E', 'F']","[0, 0, 0, 1, 0, 1]","[-11.882362365722656, -11.86364459991455, -10.752836227416992, -7.781182765960693, -8.153155326843262, 50.43319320678711]","[-11.882362365722656, -11.86364459991455, -10.752836227416992, -7.781182765960693, -8.153155326843262, 50.43319320678711]","[-11.882362365722656, -11.86364459991455, -10.752836227416992, -7.781182765960693, -8.153155326843262, 50.43319320678711]",1,1,True,"['D', 'F']","['D', 'F']"
5ac141dd5542991316484a9b::working_set_pack_b,5ac141dd5542991316484a9b,"['A', 'B', 'C', 'D', 'E', 'F']","[0, 0, 0, 1, 0, 1]","[-13.475306510925293, -13.470510482788086, -12.736798286437988, -9.813385963439941, -8.842206954956055, 58.33821487426758]","[-13.475306510925293, -13.470510482788086, -12.736798286437988, -9.813385963439941, -8.842206954956055, 58.33821487426758]","[-13.475306510925293, -13.470510482788086, -12.736798286437988, -9.813385963439941, -8.842206954956055, 58.33821487426758]",1,1,True,"['D', 'F']","['D', 'F']"
5ac141dd5542991316484a9b::active_set_pack_b,5ac141dd5542991316484a9b,"['A', 'B', 'C', 'D', 'E', 'F']","[0, 0, 0, 1, 0, 1]","[-14.800753593444824, -14.516963958740234, -13.896011352539062, -10.262955665588379, -10.264622688293457, 63.74131774902344]","[-14.800753593444824, -14.516963958740234, -13.896011352539062, -10.262955665588379, -10.264622688293457, 63.74131774902344]","[-14.800753593444824, -14.516963958740234, -13.896011352539062, -10.262955665588379, -10.264622688293457, 63.74131774902344]",1,1,True,"['D', 'F']","['D', 'F']"
5ab6ef2f554299710c8d1fc5::working_set_pack_a,5ab6ef2f554299710c8d1fc5,"['A', 'B', 'C', 'D', 'E', 'F']","[0, 0, 0, 1, 0, 1]","[-7.829672336578369, -6.386375904083252, -8.2021484375, -15.394492149353027, -8.528914451599121, 46.34159851074219]","[-7.829672336578369, -6.386375904083252, -8.2021484375, -15.394492149353027, -8.528914451599121, 46.34159851074219]","[-7.829672336578369, -6.386375904083252, -8.2021484375, -15.394492149353027, -8.528914451599121, 46.34159851074219]",1,1,True,"['D', 'F']","['D', 'F']"
5ab6ef2f554299710c8d1fc5::active_set_pack_a,5ab6ef2f554299710c8d1fc5,"['A', 'B', 'C', 'D', 'E', 'F']","[0, 0, 0, 1, 0, 1]","[-5.456230163574219, -4.195125102996826, -5.836629867553711, -20.326583862304688, -6.016959190368652, 41.831546783447266]","[-5.456230163574219, -4.195125102996826, -5.836629867553711, -20.326583862304688, -6.016959190368652, 41.831546783447266]","[-5.456230163574219, -4.195125102996826, -5.836629867553711, -20.326583862304688, -6.016959190368652, 41.831546783447266]",1,1,True,"['D', 'F']","['D', 'F']"
5ab6ef2f554299710c8d1fc5::working_set_pack_b,5ab6ef2f554299710c8d1fc5,"['A', 'B', 'C', 'D', 'E', 'F']","[0, 0, 0, 1, 0, 1]","[-11.026698112487793, -10.318246841430664, -11.29995059967041, -12.991458892822266, -12.018985748291016, 57.65534210205078]","[-11.026698112487793, -10.318246841430664, -11.29995059967041, -12.991458892822266, -12.018985748291016, 57.65534210205078]","[-11.026698112487793, -10.318246841430664, -11.29995059967041, -12.991458892822266, -12.018985748291016, 57.65534210205078]",1,1,True,"['D', 'F']","['D', 'F']"
5ab6ef2f554299710c8d1fc5::active_set_pack_b,5ab6ef2f554299710c8d1fc5,"['A', 'B', 'C', 'D', 'E', 'F']","[0, 0, 0, 1, 0, 1]","[-10.450540542602539, -9.39290714263916, -10.915492057800293, -13.215397834777832, -11.46945571899414, 55.443790435791016]","[-10.450540542602539, -9.39290714263916, -10.915492057800293, -13.215397834777832, -11.46945571899414, 55.443790435791016]","[-10.450540542602539, -9.39290714263916, -10.915492057800293, -13.215397834777832, -11.46945571899414, 55.443790435791016]",1,1,True,"['D', 'F']","['D', 'F']"
5ae546be5542990ba0bbb251::working_set_pack_a,5ae546be5542990ba0bbb251,"['A', 'B', 'C', 'D', 'E', 'F']","[0, 1, 0, 0, 0, 1]","[-11.058232307434082, -11.63512134552002, -12.894454002380371, -11.919958114624023, -11.368149757385254, 58.87592697143555]","[-11.058232307434082, -11.63512134552002, -12.894454002380371, -11.919958114624023, -11.368149757385254, 58.87592697143555]","[-11.058232307434082, -11.63512134552002, -12.894454002380371, -11.919958114624023, -11.368149757385254, 58.87592697143555]",1,1,True,"['B', 'F']","['B', 'F']"
5ae546be5542990ba0bbb251::active_set_pack_a,5ae546be5542990ba0bbb251,"['A', 'B', 'C', 'D', 'E', 'F']","[0, 1, 0, 0, 0, 1]","[-11.515090942382812, -11.99764633178711, -12.970995903015137, -12.025811195373535, -11.637227058410645, 60.14677047729492]","[-11.515090942382812, -11.99764633178711, -12.970995903015137, -12.025811195373535, -11.637227058410645, 60.14677047729492]","[-11.515090942382812, -11.99764633178711, -12.970995903015137, -12.025811195373535, -11.637227058410645, 60.14677047729492]",1,1,False,"['A', 'F']","['B', 'F']"
5ae546be5542990ba0bbb251::working_set_pack_b,5ae546be5542990ba0bbb251,"['A', 'B', 'C', 'D', 'E', 'F']","[0, 1, 0, 0, 0, 1]","[-10.579986572265625, -11.271228790283203, -12.040924072265625, -10.691542625427246, -10.177836418151855, 54.76150894165039]","[-10.579986572265625, -11.271228790283203, -12.040924072265625, -10.691542625427246, -10.177836418151855, 54.76150894165039]","[-10.579986572265625, -11.271228790283203, -12.040924072265625, -10.691542625427246, -10.177836418151855, 54.76150894165039]",1,1,False,"['A', 'F']","['B', 'F']"
5ae546be5542990ba0bbb251::active_set_pack_b,5ae546be5542990ba0bbb251,"['A', 'B', 'C', 'D', 'E', 'F']","[0, 1, 0, 0, 0, 1]","[-9.616474151611328, -10.411935806274414, -10.942830085754395, -9.417993545532227, -9.715164184570312, 50.104400634765625]","[-9.616474151611328, -10.411935806274414, -10.942830085754395, -9.417993545532227, -9.715164184570312, 50.104400634765625]","[-9.616474151611328, -10.411935806274414, -10.942830085754395, -9.417993545532227, -9.715164184570312, 50.104400634765625]",1,1,False,"['A', 'F']","['B', 'F']"
5a73f2265542993a88ae2ea9::working_set_pack_a,5a73f2265542993a88ae2ea9,"['A', 'B', 'C', 'D', 'E', 'F']","[0, 0, 0, 1, 1, 0]","[-8.006332397460938, -8.934870719909668, -7.655841827392578, -5.91928768157959, 41.55134963989258, -11.035019874572754]","[-8.006332397460938, -8.934870719909668, -7.655841827392578, -5.91928768157959, 41.55134963989258, -11.035019874572754]","[-8.006332397460938, -8.934870719909668, -7.655841827392578, -5.91928768157959, 41.55134963989258, -11.035019874572754]",1,1,True,"['D', 'E']","['D', 'E']"
5a73f2265542993a88ae2ea9::active_set_pack_a,5a73f2265542993a88ae2ea9,"['A', 'B', 'C', 'D', 'E', 'F']","[0, 0, 0, 1, 1, 0]","[-7.555400848388672, -8.425950050354004, -7.343475341796875, -5.454830169677734, 38.61439514160156, -9.834733009338379]","[-7.555400848388672, -8.425950050354004, -7.343475341796875, -5.454830169677734, 38.61439514160156, -9.834733009338379]","[-7.555400848388672, -8.425950050354004, -7.343475341796875, -5.454830169677734, 38.61439514160156, -9.834733009338379]",1,1,True,"['D', 'E']","['D', 'E']"
5a73f2265542993a88ae2ea9::working_set_pack_b,5a73f2265542993a88ae2ea9,"['A', 'B', 'C', 'D', 'E', 'F']","[0, 0, 0, 1, 1, 0]","[-8.665099143981934, -9.367905616760254, -8.88451862335205, -6.307387351989746, 44.38716506958008, -11.162253379821777]","[-8.665099143981934, -9.367905616760254, -8.88451862335205, -6.307387351989746, 44.38716506958008, -11.162253379821777]","[-8.665099143981934, -9.367905616760254, -8.88451862335205, -6.307387351989746, 44.38716506958008, -11.162253379821777]",1,1,True,"['D', 'E']","['D', 'E']"
5a73f2265542993a88ae2ea9::active_set_pack_b,5a73f2265542993a88ae2ea9,"['A', 'B', 'C', 'D', 'E', 'F']","[0, 0, 0, 1, 1, 0]","[-8.842029571533203, -9.533866882324219, -8.916412353515625, -6.242152214050293, 44.78268051147461, -11.248213768005371]","[-8.842029571533203, -9.533866882324219, -8.916412353515625, -6.242152214050293, 44.78268051147461, -11.248213768005371]","[-8.842029571533203, -9.533866882324219, -8.916412353515625, -6.242152214050293, 44.78268051147461, -11.248213768005371]",1,1,True,"['D', 'E']","['D', 'E']"
5a7cbd7c554299452d57b9e6::working_set_pack_a,5a7cbd7c554299452d57b9e6,"['A', 'B', 'C', 'D', 'E', 'F']","[0, 0, 0, 1, 0, 1]","[-14.622568130493164, -13.898280143737793, -14.749171257019043, 40.607215881347656, -13.925148010253906, 16.58795166015625]","[-14.622568130493164, -13.898280143737793, -14.749171257019043, 40.607215881347656, -13.925148010253906, 16.58795166015625]","[-14.622568130493164, -13.898280143737793, -14.749171257019043, 40.607215881347656, -13.925148010253906, 16.58795166015625]",1,1,True,"['D', 'F']","['D', 'F']"
5a7cbd7c554299452d57b9e6::active_set_pack_a,5a7cbd7c554299452d57b9e6,"['A', 'B', 'C', 'D', 'E', 'F']","[0, 0, 0, 1, 0, 1]","[-14.250454902648926, -13.49533748626709, -14.203766822814941, 38.48948287963867, -13.278131484985352, 16.73821449279785]","[-14.250454902648926, -13.49533748626709, -14.203766822814941, 38.48948287963867, -13.278131484985352, 16.73821449279785]","[-14.250454902648926, -13.49533748626709, -14.203766822814941, 38.48948287963867, -13.278131484985352, 16.73821449279785]",1,1,True,"['D', 'F']","['D', 'F']"
5a7cbd7c554299452d57b9e6::working_set_pack_b,5a7cbd7c554299452d57b9e6,"['A', 'B', 'C', 'D', 'E', 'F']","[0, 0, 0, 1, 0, 1]","[-16.460206985473633, -15.835953712463379, -17.052431106567383, 37.58491134643555, -16.045743942260742, 27.80944061279297]","[-16.460206985473633, -15.835953712463379, -17.052431106567383, 37.58491134643555, -16.045743942260742, 27.80944061279297]","[-16.460206985473633, -15.835953712463379, -17.052431106567383, 37.58491134643555, -16.045743942260742, 27.80944061279297]",1,1,True,"['D', 'F']","['D', 'F']"
5a7cbd7c554299452d57b9e6::active_set_pack_b,5a7cbd7c554299452d57b9e6,"['A', 'B', 'C', 'D', 'E', 'F']","[0, 0, 0, 1, 0, 1]","[-15.802871704101562, -14.826940536499023, -16.485061645507812, 30.294450759887695, -15.160467147827148, 31.98088836669922]","[-15.802871704101562, -14.826940536499023, -16.485061645507812, 30.294450759887695, -15.160467147827148, 31.98088836669922]","[-15.802871704101562, -14.826940536499023, -16.485061645507812, 30.294450759887695, -15.160467147827148, 31.98088836669922]",1,1,True,"['D', 'F']","['D', 'F']"
5adf9e7e5542992d7e9f93be::working_set_pack_a,5adf9e7e5542992d7e9f93be,"['A', 'B', 'C', 'D', 'E', 'F']","[0, 1, 1, 0, 0, 0]","[-6.450498104095459, -6.361330032348633, 29.1491756439209, -2.9586031436920166, -7.607198715209961, -5.771545886993408]","[-6.450498104095459, -6.361330032348633, 29.1491756439209, -2.9586031436920166, -7.607198715209961, -5.771545886993408]","[-6.450498104095459, -6.361330032348633, 29.1491756439209, -2.9586031436920166, -7.607198715209961, -5.771545886993408]",1,1,True,"['B', 'C']","['B', 'C']"
5adf9e7e5542992d7e9f93be::active_set_pack_a,5adf9e7e5542992d7e9f93be,"['A', 'B', 'C', 'D', 'E', 'F']","[0, 1, 1, 0, 0, 0]","[-6.082141876220703, -6.452507495880127, 28.30745506286621, -3.3083574771881104, -7.129519939422607, -5.334926605224609]","[-6.082141876220703, -6.452507495880127, 28.30745506286621, -3.3083574771881104, -7.129519939422607, -5.334926605224609]","[-6.082141876220703, -6.452507495880127, 28.30745506286621, -3.3083574771881104, -7.129519939422607, -5.334926605224609]",1,1,True,"['B', 'C']","['B', 'C']"
5adf9e7e5542992d7e9f93be::working_set_pack_b,5adf9e7e5542992d7e9f93be,"['A', 'B', 'C', 'D', 'E', 'F']","[0, 1, 1, 0, 0, 0]","[-7.0312275886535645, -10.52445125579834, 39.187095642089844, -7.159247398376465, -7.9544901847839355, -6.517676830291748]","[-7.0312275886535645, -10.52445125579834, 39.187095642089844, -7.159247398376465, -7.9544901847839355, -6.517676830291748]","[-7.0312275886535645, -10.52445125579834, 39.187095642089844, -7.159247398376465, -7.9544901847839355, -6.517676830291748]",1,1,True,"['B', 'C']","['B', 'C']"
5adf9e7e5542992d7e9f93be::active_set_pack_b,5adf9e7e5542992d7e9f93be,"['A', 'B', 'C', 'D', 'E', 'F']","[0, 1, 1, 0, 0, 0]","[-9.063422203063965, -7.322671413421631, 38.66169738769531, -3.585559129714966, -10.09641170501709, -8.59363842010498]","[-9.063422203063965, -7.322671413421631, 38.66169738769531, -3.585559129714966, -10.09641170501709, -8.59363842010498]","[-9.063422203063965, -7.322671413421631, 38.66169738769531, -3.585559129714966, -10.09641170501709, -8.59363842010498]",1,1,True,"['B', 'C']","['B', 'C']"
5a7b970c554299294a54aa0b::working_set_pack_a,5a7b970c554299294a54aa0b,"['A', 'B', 'C', 'D', 'E', 'F']","[0, 1, 1, 0, 0, 0]","[-8.22035026550293, 4.112086296081543, 30.646635055541992, -10.174447059631348, -8.366508483886719, -7.997417449951172]","[-8.22035026550293, 4.112086296081543, 30.646635055541992, -10.174447059631348, -8.366508483886719, -7.997417449951172]","[-8.22035026550293, 4.112086296081543, 30.646635055541992, -10.174447059631348, -8.366508483886719, -7.997417449951172]",1,1,True,"['B', 'C']","['B', 'C']"
5a7b970c554299294a54aa0b::active_set_pack_a,5a7b970c554299294a54aa0b,"['A', 'B', 'C', 'D', 'E', 'F']","[0, 1, 1, 0, 0, 0]","[-7.996011734008789, 2.1969757080078125, 31.405391693115234, -9.910058975219727, -8.12473201751709, -7.571557998657227]","[-7.996011734008789, 2.1969757080078125, 31.405391693115234, -9.910058975219727, -8.12473201751709, -7.571557998657227]","[-7.996011734008789, 2.1969757080078125, 31.405391693115234, -9.910058975219727, -8.12473201751709, -7.571557998657227]",1,1,True,"['B', 'C']","['B', 'C']"
5a7b970c554299294a54aa0b::working_set_pack_b,5a7b970c554299294a54aa0b,"['A', 'B', 'C', 'D', 'E', 'F']","[0, 1, 1, 0, 0, 0]","[-9.442736625671387, 0.4932478070259094, 38.24977111816406, -11.484028816223145, -9.23362922668457, -8.582622528076172]","[-9.442736625671387, 0.4932478070259094, 38.24977111816406, -11.484028816223145, -9.23362922668457, -8.582622528076172]","[-9.442736625671387, 0.4932478070259094, 38.24977111816406, -11.484028816223145, -9.23362922668457, -8.582622528076172]",1,1,True,"['B', 'C']","['B', 'C']"
5a7b970c554299294a54aa0b::active_set_pack_b,5a7b970c554299294a54aa0b,"['A', 'B', 'C', 'D', 'E', 'F']","[0, 1, 1, 0, 0, 0]","[-10.705281257629395, 7.57199764251709, 37.46672821044922, -13.024486541748047, -10.556090354919434, -10.7528715133667]","[-10.705281257629395, 7.57199764251709, 37.46672821044922, -13.024486541748047, -10.556090354919434, -10.7528715133667]","[-10.705281257629395, 7.57199764251709, 37.46672821044922, -13.024486541748047, -10.556090354919434, -10.7528715133667]",1,1,True,"['B', 'C']","['B', 'C']"
5ab8f24f55429934fafe6e20::working_set_pack_a,5ab8f24f55429934fafe6e20,"['A', 'B', 'C', 'D', 'E', 'F']","[1, 0, 0, 1, 0, 0]","[5.240748882293701, 8.21240234375, 6.78667688369751, 7.268209934234619, -41.69122314453125, 14.183194160461426]","[-5.240748882293701, -8.21240234375, -6.78667688369751, -7.268209934234619, 41.69122314453125, -14.183194160461426]","[-5.240748882293701, -8.21240234375, -6.78667688369751, -7.268209934234619, 41.69122314453125, -14.183194160461426]",-1,1,False,"['A', 'E']","['A', 'D']"
5ab8f24f55429934fafe6e20::active_set_pack_a,5ab8f24f55429934fafe6e20,"['A', 'B', 'C', 'D', 'E', 'F']","[1, 0, 0, 1, 0, 0]","[5.140275478363037, 8.31627368927002, 6.7186598777771, 7.276571273803711, -41.6804313659668, 14.228660583496094]","[-5.140275478363037, -8.31627368927002, -6.7186598777771, -7.276571273803711, 41.6804313659668, -14.228660583496094]","[-5.140275478363037, -8.31627368927002, -6.7186598777771, -7.276571273803711, 41.6804313659668, -14.228660583496094]",-1,1,False,"['A', 'E']","['A', 'D']"
5ab8f24f55429934fafe6e20::working_set_pack_b,5ab8f24f55429934fafe6e20,"['A', 'B', 'C', 'D', 'E', 'F']","[1, 0, 0, 1, 0, 0]","[4.50176477432251, 7.749767780303955, 6.13110876083374, 6.862787246704102, -44.31845474243164, 19.073017120361328]","[-4.50176477432251, -7.749767780303955, -6.13110876083374, -6.862787246704102, 44.31845474243164, -19.073017120361328]","[-4.50176477432251, -7.749767780303955, -6.13110876083374, -6.862787246704102, 44.31845474243164, -19.073017120361328]",-1,1,False,"['A', 'E']","['A', 'D']"
5ab8f24f55429934fafe6e20::active_set_pack_b,5ab8f24f55429934fafe6e20,"['A', 'B', 'C', 'D', 'E', 'F']","[1, 0, 0, 1, 0, 0]","[4.33942174911499, 7.987534999847412, 6.750715255737305, 7.409119129180908, -46.58609390258789, 20.099300384521484]","[-4.33942174911499, -7.987534999847412, -6.750715255737305, -7.409119129180908, 46.58609390258789, -20.099300384521484]","[-4.33942174911499, -7.987534999847412, -6.750715255737305, -7.409119129180908, 46.58609390258789, -20.099300384521484]",-1,1,False,"['A', 'E']","['A', 'D']"
5a83cf395542996488c2e4e0::working_set_pack_a,5a83cf395542996488c2e4e0,"['A', 'B', 'C', 'D', 'E', 'F']","[0, 0, 1, 0, 0, 1]","[-4.034932613372803, -3.8494672775268555, 20.797489166259766, -4.670730113983154, -3.773993492126465, -4.468367099761963]","[-4.034932613372803, -3.8494672775268555, 20.797489166259766, -4.670730113983154, -3.773993492126465, -4.468367099761963]","[-4.034932613372803, -3.8494672775268555, 20.797489166259766, -4.670730113983154, -3.773993492126465, -4.468367099761963]",1,1,True,"['C', 'F']","['C', 'F']"
5a83cf395542996488c2e4e0::active_set_pack_a,5a83cf395542996488c2e4e0,"['A', 'B', 'C', 'D', 'E', 'F']","[0, 0, 1, 0, 0, 1]","[-2.9871325492858887, -3.023599624633789, -9.289710998535156, -2.755685567855835, -3.3979485034942627, 21.454071044921875]","[-2.9871325492858887, -3.023599624633789, -9.289710998535156, -2.755685567855835, -3.3979485034942627, 21.454071044921875]","[2.9871325492858887, 3.023599624633789, 9.289710998535156, 2.755685567855835, 3.3979485034942627, -21.454071044921875]",-1,-1,True,"['C', 'F']","['C', 'F']"
5a83cf395542996488c2e4e0::working_set_pack_b,5a83cf395542996488c2e4e0,"['A', 'B', 'C', 'D', 'E', 'F']","[0, 0, 1, 0, 0, 1]","[-4.91312837600708, -4.808074474334717, 23.947668075561523, -5.000713348388672, -4.070469856262207, -5.155282497406006]","[-4.91312837600708, -4.808074474334717, 23.947668075561523, -5.000713348388672, -4.070469856262207, -5.155282497406006]","[-4.91312837600708, -4.808074474334717, 23.947668075561523, -5.000713348388672, -4.070469856262207, -5.155282497406006]",1,1,True,"['C', 'F']","['C', 'F']"
5a83cf395542996488c2e4e0::active_set_pack_b,5a83cf395542996488c2e4e0,"['A', 'B', 'C', 'D', 'E', 'F']","[0, 0, 1, 0, 0, 1]","[-5.016136646270752, -4.806271076202393, 24.999950408935547, -7.342034816741943, -3.581435441970825, -4.254072189331055]","[-5.016136646270752, -4.806271076202393, 24.999950408935547, -7.342034816741943, -3.581435441970825, -4.254072189331055]","[-5.016136646270752, -4.806271076202393, 24.999950408935547, -7.342034816741943, -3.581435441970825, -4.254072189331055]",1,1,True,"['C', 'F']","['C', 'F']"
5ab265de5542993be8fa9901::working_set_pack_a,5ab265de5542993be8fa9901,"['A', 'B', 'C', 'D', 'E', 'F']","[0, 0, 0, 0, 1, 1]","[-14.00239086151123, -14.451761245727539, -13.621291160583496, -15.462496757507324, 2.3306167125701904, 55.207313537597656]","[-14.00239086151123, -14.451761245727539, -13.621291160583496, -15.462496757507324, 2.3306167125701904, 55.207313537597656]","[-14.00239086151123, -14.451761245727539, -13.621291160583496, -15.462496757507324, 2.3306167125701904, 55.207313537597656]",1,1,True,"['E', 'F']","['E', 'F']"
5ab265de5542993be8fa9901::active_set_pack_a,5ab265de5542993be8fa9901,"['A', 'B', 'C', 'D', 'E', 'F']","[0, 0, 0, 0, 1, 1]","[-13.41306209564209, -14.018793106079102, -13.371626853942871, -14.867786407470703, 0.6148629784584045, 55.056396484375]","[-13.41306209564209, -14.018793106079102, -13.371626853942871, -14.867786407470703, 0.6148629784584045, 55.056396484375]","[-13.41306209564209, -14.018793106079102, -13.371626853942871, -14.867786407470703, 0.6148629784584045, 55.056396484375]",1,1,True,"['E', 'F']","['E', 'F']"
5ab265de5542993be8fa9901::working_set_pack_b,5ab265de5542993be8fa9901,"['A', 'B', 'C', 'D', 'E', 'F']","[0, 0, 0, 0, 1, 1]","[-13.857559204101562, -14.689827919006348, -14.017885208129883, -15.336670875549316, 5.105396747589111, 52.796546936035156]","[13.857559204101562, 14.689827919006348, 14.017885208129883, 15.336670875549316, -5.105396747589111, -52.796546936035156]","[-13.857559204101562, -14.689827919006348, -14.017885208129883, -15.336670875549316, 5.105396747589111, 52.796546936035156]",1,-1,False,"['C', 'E']","['E', 'F']"
5ab265de5542993be8fa9901::active_set_pack_b,5ab265de5542993be8fa9901,"['A', 'B', 'C', 'D', 'E', 'F']","[0, 0, 0, 0, 1, 1]","[-13.518534660339355, -14.920808792114258, -13.922017097473145, -15.599712371826172, 7.527334213256836, 50.4337272644043]","[13.518534660339355, 14.920808792114258, 13.922017097473145, 15.599712371826172, -7.527334213256836, -50.4337272644043]","[-13.518534660339355, -14.920808792114258, -13.922017097473145, -15.599712371826172, 7.527334213256836, 50.4337272644043]",1,-1,False,"['C', 'E']","['E', 'F']"
5abc0e30554299700f9d77c5::working_set_pack_a,5abc0e30554299700f9d77c5,"['A', 'B', 'C', 'D', 'E', 'F']","[0, 1, 0, 0, 1, 0]","[-10.412483215332031, -9.696181297302246, -12.785724639892578, -11.269015312194824, 56.7935676574707, -12.630167007446289]","[-10.412483215332031, -9.696181297302246, -12.785724639892578, -11.269015312194824, 56.7935676574707, -12.630167007446289]","[-10.412483215332031, -9.696181297302246, -12.785724639892578, -11.269015312194824, 56.7935676574707, -12.630167007446289]",1,1,True,"['B', 'E']","['B', 'E']"
5abc0e30554299700f9d77c5::active_set_pack_a,5abc0e30554299700f9d77c5,"['A', 'B', 'C', 'D', 'E', 'F']","[0, 1, 0, 0, 1, 0]","[-10.16716480255127, -9.55663013458252, -12.422950744628906, -11.034107208251953, 55.682403564453125, -12.501554489135742]","[-10.16716480255127, -9.55663013458252, -12.422950744628906, -11.034107208251953, 55.682403564453125, -12.501554489135742]","[-10.16716480255127, -9.55663013458252, -12.422950744628906, -11.034107208251953, 55.682403564453125, -12.501554489135742]",1,1,True,"['B', 'E']","['B', 'E']"
5abc0e30554299700f9d77c5::working_set_pack_b,5abc0e30554299700f9d77c5,"['A', 'B', 'C', 'D', 'E', 'F']","[0, 1, 0, 0, 1, 0]","[-12.304596900939941, -10.844922065734863, -14.548702239990234, -13.007954597473145, 65.9698257446289, -15.263652801513672]","[-12.304596900939941, -10.844922065734863, -14.548702239990234, -13.007954597473145, 65.9698257446289, -15.263652801513672]","[-12.304596900939941, -10.844922065734863, -14.548702239990234, -13.007954597473145, 65.9698257446289, -15.263652801513672]",1,1,True,"['B', 'E']","['B', 'E']"
5abc0e30554299700f9d77c5::active_set_pack_b,5abc0e30554299700f9d77c5,"['A', 'B', 'C', 'D', 'E', 'F']","[0, 1, 0, 0, 1, 0]","[-10.213485717773438, -10.404047966003418, -13.056499481201172, -11.525291442871094, 59.19972610473633, -14.000396728515625]","[-10.213485717773438, -10.404047966003418, -13.056499481201172, -11.525291442871094, 59.19972610473633, -14.000396728515625]","[-10.213485717773438, -10.404047966003418, -13.056499481201172, -11.525291442871094, 59.19972610473633, -14.000396728515625]",1,1,True,"['B', 'E']","['B', 'E']"
5ae3417e5542990afbd1e0f7::working_set_pack_a,5ae3417e5542990afbd1e0f7,"['A', 'B', 'C', 'D', 'E', 'F']","[1, 0, 1, 0, 0, 0]","[-3.436272621154785, -3.6901142597198486, 20.232004165649414, -5.005490779876709, -4.183453559875488, -3.916672468185425]","[-3.436272621154785, -3.6901142597198486, 20.232004165649414, -5.005490779876709, -4.183453559875488, -3.916672468185425]","[3.436272621154785, 3.6901142597198486, -20.232004165649414, 5.005490779876709, 4.183453559875488, 3.916672468185425]",-1,-1,True,"['A', 'C']","['A', 'C']"
5ae3417e5542990afbd1e0f7::active_set_pack_a,5ae3417e5542990afbd1e0f7,"['A', 'B', 'C', 'D', 'E', 'F']","[1, 0, 1, 0, 0, 0]","[-4.259127616882324, -4.497413635253906, 24.57472038269043, -5.8670735359191895, -5.0484161376953125, -4.902685165405273]","[-4.259127616882324, -4.497413635253906, 24.57472038269043, -5.8670735359191895, -5.0484161376953125, -4.902685165405273]","[4.259127616882324, 4.497413635253906, -24.57472038269043, 5.8670735359191895, 5.0484161376953125, 4.902685165405273]",-1,-1,True,"['A', 'C']","['A', 'C']"
5ae3417e5542990afbd1e0f7::working_set_pack_b,5ae3417e5542990afbd1e0f7,"['A', 'B', 'C', 'D', 'E', 'F']","[1, 0, 1, 0, 0, 0]","[-5.270050048828125, -5.486217975616455, 33.16698455810547, -10.05257511138916, -6.090384006500244, -6.267752170562744]","[-5.270050048828125, -5.486217975616455, 33.16698455810547, -10.05257511138916, -6.090384006500244, -6.267752170562744]","[5.270050048828125, 5.486217975616455, -33.16698455810547, 10.05257511138916, 6.090384006500244, 6.267752170562744]",-1,-1,True,"['A', 'C']","['A', 'C']"
5ae3417e5542990afbd1e0f7::active_set_pack_b,5ae3417e5542990afbd1e0f7,"['A', 'B', 'C', 'D', 'E', 'F']","[1, 0, 1, 0, 0, 0]","[-5.500489711761475, -5.553023815155029, 33.19214630126953, -8.48672866821289, -6.4130659103393555, -7.238839626312256]","[-5.500489711761475, -5.553023815155029, 33.19214630126953, -8.48672866821289, -6.4130659103393555, -7.238839626312256]","[5.500489711761475, 5.553023815155029, -33.19214630126953, 8.48672866821289, 6.4130659103393555, 7.238839626312256]",-1,-1,True,"['A', 'C']","['A', 'C']"
5ae334345542991a06ce9951::working_set_pack_a,5ae334345542991a06ce9951,"['A', 'B', 'C', 'D', 'E', 'F']","[1, 0, 1, 0, 0, 0]","[-6.723306655883789, -7.870451927185059, 41.63726806640625, -9.82219123840332, -9.214839935302734, -8.006491661071777]","[-6.723306655883789, -7.870451927185059, 41.63726806640625, -9.82219123840332, -9.214839935302734, -8.006491661071777]","[-6.723306655883789, -7.870451927185059, 41.63726806640625, -9.82219123840332, -9.214839935302734, -8.006491661071777]",1,1,True,"['A', 'C']","['A', 'C']"
5ae334345542991a06ce9951::active_set_pack_a,5ae334345542991a06ce9951,"['A', 'B', 'C', 'D', 'E', 'F']","[1, 0, 1, 0, 0, 0]","[-6.4842119216918945, -8.425032615661621, 43.805171966552734, -10.285990715026855, -10.039125442504883, -8.570825576782227]","[-6.4842119216918945, -8.425032615661621, 43.805171966552734, -10.285990715026855, -10.039125442504883, -8.570825576782227]","[-6.4842119216918945, -8.425032615661621, 43.805171966552734, -10.285990715026855, -10.039125442504883, -8.570825576782227]",1,1,True,"['A', 'C']","['A', 'C']"
5ae334345542991a06ce9951::working_set_pack_b,5ae334345542991a06ce9951,"['A', 'B', 'C', 'D', 'E', 'F']","[1, 0, 1, 0, 0, 0]","[-6.1119279861450195, -8.867547988891602, 49.38875961303711, -14.431741714477539, -10.758597373962402, -9.218952178955078]","[-6.1119279861450195, -8.867547988891602, 49.38875961303711, -14.431741714477539, -10.758597373962402, -9.218952178955078]","[-6.1119279861450195, -8.867547988891602, 49.38875961303711, -14.431741714477539, -10.758597373962402, -9.218952178955078]",1,1,True,"['A', 'C']","['A', 'C']"
5ae334345542991a06ce9951::active_set_pack_b,5ae334345542991a06ce9951,"['A', 'B', 'C', 'D', 'E', 'F']","[1, 0, 1, 0, 0, 0]","[-6.603972911834717, -8.144468307495117, 46.278404235839844, -12.26770305633545, -10.550127983093262, -8.712154388427734]","[-6.603972911834717, -8.144468307495117, 46.278404235839844, -12.26770305633545, -10.550127983093262, -8.712154388427734]","[-6.603972911834717, -8.144468307495117, 46.278404235839844, -12.26770305633545, -10.550127983093262, -8.712154388427734]",1,1,True,"['A', 'C']","['A', 'C']"
5abeb68d5542994516f453f9::working_set_pack_a,5abeb68d5542994516f453f9,"['A', 'B', 'C', 'D', 'E', 'F']","[1, 0, 0, 0, 0, 1]","[31.04031753540039, -8.657691955566406, -6.615303993225098, -7.688791275024414, -6.050593376159668, -2.027942657470703]","[31.04031753540039, -8.657691955566406, -6.615303993225098, -7.688791275024414, -6.050593376159668, -2.027942657470703]","[31.04031753540039, -8.657691955566406, -6.615303993225098, -7.688791275024414, -6.050593376159668, -2.027942657470703]",1,1,False,"['A', 'D']","['A', 'F']"
5abeb68d5542994516f453f9::active_set_pack_a,5abeb68d5542994516f453f9,"['A', 'B', 'C', 'D', 'E', 'F']","[1, 0, 0, 0, 0, 1]","[27.907655715942383, -7.894001483917236, -5.7144551277160645, -7.98572301864624, -5.260528087615967, -1.052945852279663]","[27.907655715942383, -7.894001483917236, -5.7144551277160645, -7.98572301864624, -5.260528087615967, -1.052945852279663]","[27.907655715942383, -7.894001483917236, -5.7144551277160645, -7.98572301864624, -5.260528087615967, -1.052945852279663]",1,1,False,"['A', 'D']","['A', 'F']"
5abeb68d5542994516f453f9::working_set_pack_b,5abeb68d5542994516f453f9,"['A', 'B', 'C', 'D', 'E', 'F']","[1, 0, 0, 0, 0, 1]","[34.31538772583008, -8.95684814453125, -7.581062316894531, -7.704904079437256, -7.103663921356201, -2.96891450881958]","[34.31538772583008, -8.95684814453125, -7.581062316894531, -7.704904079437256, -7.103663921356201, -2.96891450881958]","[34.31538772583008, -8.95684814453125, -7.581062316894531, -7.704904079437256, -7.103663921356201, -2.96891450881958]",1,1,False,"['A', 'D']","['A', 'F']"
5abeb68d5542994516f453f9::active_set_pack_b,5abeb68d5542994516f453f9,"['A', 'B', 'C', 'D', 'E', 'F']","[1, 0, 0, 0, 0, 1]","[35.82720184326172, -9.958380699157715, -8.767127990722656, -9.334930419921875, -8.084868431091309, 0.31811007857322693]","[35.82720184326172, -9.958380699157715, -8.767127990722656, -9.334930419921875, -8.084868431091309, 0.31811007857322693]","[35.82720184326172, -9.958380699157715, -8.767127990722656, -9.334930419921875, -8.084868431091309, 0.31811007857322693]",1,1,False,"['A', 'D']","['A', 'F']"
5ae1cab7554299492dc91b8a::working_set_pack_a,5ae1cab7554299492dc91b8a,"['A', 'B', 'C', 'D', 'E', 'F']","[0, 0, 1, 1, 0, 0]","[-7.71797513961792, -7.771875381469727, -2.908210039138794, 30.61514663696289, -5.775612831115723, -6.441465854644775]","[-7.71797513961792, -7.771875381469727, -2.908210039138794, 30.61514663696289, -5.775612831115723, -6.441465854644775]","[-7.71797513961792, -7.771875381469727, -2.908210039138794, 30.61514663696289, -5.775612831115723, -6.441465854644775]",1,1,True,"['C', 'D']","['C', 'D']"
5ae1cab7554299492dc91b8a::active_set_pack_a,5ae1cab7554299492dc91b8a,"['A', 'B', 'C', 'D', 'E', 'F']","[0, 0, 1, 1, 0, 0]","[-7.575626850128174, -7.561263084411621, -2.094205617904663, 28.47002601623535, -5.199687957763672, -6.03924560546875]","[-7.575626850128174, -7.561263084411621, -2.094205617904663, 28.47002601623535, -5.199687957763672, -6.03924560546875]","[-7.575626850128174, -7.561263084411621, -2.094205617904663, 28.47002601623535, -5.199687957763672, -6.03924560546875]",1,1,True,"['C', 'D']","['C', 'D']"
5ae1cab7554299492dc91b8a::working_set_pack_b,5ae1cab7554299492dc91b8a,"['A', 'B', 'C', 'D', 'E', 'F']","[0, 0, 1, 1, 0, 0]","[-8.375344276428223, -7.891927242279053, -3.749134063720703, 33.15957260131836, -5.888143539428711, -7.255016803741455]","[-8.375344276428223, -7.891927242279053, -3.749134063720703, 33.15957260131836, -5.888143539428711, -7.255016803741455]","[-8.375344276428223, -7.891927242279053, -3.749134063720703, 33.15957260131836, -5.888143539428711, -7.255016803741455]",1,1,True,"['C', 'D']","['C', 'D']"
5ae1cab7554299492dc91b8a::active_set_pack_b,5ae1cab7554299492dc91b8a,"['A', 'B', 'C', 'D', 'E', 'F']","[0, 0, 1, 1, 0, 0]","[-9.737659454345703, -9.17253589630127, -5.03339147567749, 38.68520736694336, -6.627791881561279, -8.113838195800781]","[-9.737659454345703, -9.17253589630127, -5.03339147567749, 38.68520736694336, -6.627791881561279, -8.113838195800781]","[-9.737659454345703, -9.17253589630127, -5.03339147567749, 38.68520736694336, -6.627791881561279, -8.113838195800781]",1,1,True,"['C', 'D']","['C', 'D']"
5ae6e5d65542992ae0d163a1::working_set_pack_a,5ae6e5d65542992ae0d163a1,"['A', 'B', 'C', 'D', 'E', 'F']","[1, 0, 0, 0, 1, 0]","[-0.2294219732284546, -8.38522720336914, -7.674746036529541, -6.288626670837402, 31.23895263671875, -8.660929679870605]","[-0.2294219732284546, -8.38522720336914, -7.674746036529541, -6.288626670837402, 31.23895263671875, -8.660929679870605]","[-0.2294219732284546, -8.38522720336914, -7.674746036529541, -6.288626670837402, 31.23895263671875, -8.660929679870605]",1,1,True,"['A', 'E']","['A', 'E']"
5ae6e5d65542992ae0d163a1::active_set_pack_a,5ae6e5d65542992ae0d163a1,"['A', 'B', 'C', 'D', 'E', 'F']","[1, 0, 0, 0, 1, 0]","[23.718782424926758, -10.831514358520508, -9.86396598815918, -8.235865592956543, 16.092670440673828, -10.880093574523926]","[23.718782424926758, -10.831514358520508, -9.86396598815918, -8.235865592956543, 16.092670440673828, -10.880093574523926]","[23.718782424926758, -10.831514358520508, -9.86396598815918, -8.235865592956543, 16.092670440673828, -10.880093574523926]",1,1,True,"['A', 'E']","['A', 'E']"
5ae6e5d65542992ae0d163a1::working_set_pack_b,5ae6e5d65542992ae0d163a1,"['A', 'B', 'C', 'D', 'E', 'F']","[1, 0, 0, 0, 1, 0]","[0.4669441282749176, -11.09619426727295, -9.51873779296875, -8.402565956115723, 39.915496826171875, -11.364940643310547]","[0.4669441282749176, -11.09619426727295, -9.51873779296875, -8.402565956115723, 39.915496826171875, -11.364940643310547]","[0.4669441282749176, -11.09619426727295, -9.51873779296875, -8.402565956115723, 39.915496826171875, -11.364940643310547]",1,1,True,"['A', 'E']","['A', 'E']"
5ae6e5d65542992ae0d163a1::active_set_pack_b,5ae6e5d65542992ae0d163a1,"['A', 'B', 'C', 'D', 'E', 'F']","[1, 0, 0, 0, 1, 0]","[-2.2105953693389893, -9.695951461791992, -8.849026679992676, -7.86304235458374, 39.52549362182617, -10.906888008117676]","[-2.2105953693389893, -9.695951461791992, -8.849026679992676, -7.86304235458374, 39.52549362182617, -10.906888008117676]","[-2.2105953693389893, -9.695951461791992, -8.849026679992676, -7.86304235458374, 39.52549362182617, -10.906888008117676]",1,1,True,"['A', 'E']","['A', 'E']"
5abaebab55429939ce03dd66::working_set_pack_a,5abaebab55429939ce03dd66,"['A', 'B', 'C', 'D', 'E', 'F']","[1, 0, 0, 0, 1, 0]","[-0.7639603614807129, -12.687385559082031, -13.758891105651855, -11.737269401550293, 53.24251937866211, -14.295012474060059]","[-0.7639603614807129, -12.687385559082031, -13.758891105651855, -11.737269401550293, 53.24251937866211, -14.295012474060059]","[-0.7639603614807129, -12.687385559082031, -13.758891105651855, -11.737269401550293, 53.24251937866211, -14.295012474060059]",1,1,True,"['A', 'E']","['A', 'E']"
5abaebab55429939ce03dd66::active_set_pack_a,5abaebab55429939ce03dd66,"['A', 'B', 'C', 'D', 'E', 'F']","[1, 0, 0, 0, 1, 0]","[0.896813690662384, -13.035333633422852, -14.119024276733398, -12.245898246765137, 53.07802200317383, -14.574579238891602]","[0.896813690662384, -13.035333633422852, -14.119024276733398, -12.245898246765137, 53.07802200317383, -14.574579238891602]","[0.896813690662384, -13.035333633422852, -14.119024276733398, -12.245898246765137, 53.07802200317383, -14.574579238891602]",1,1,True,"['A', 'E']","['A', 'E']"
5abaebab55429939ce03dd66::working_set_pack_b,5abaebab55429939ce03dd66,"['A', 'B', 'C', 'D', 'E', 'F']","[1, 0, 0, 0, 1, 0]","[8.333723068237305, -12.854696273803711, -14.742240905761719, -12.107752799987793, 46.6375617980957, -15.266571998596191]","[8.333723068237305, -12.854696273803711, -14.742240905761719, -12.107752799987793, 46.6375617980957, -15.266571998596191]","[8.333723068237305, -12.854696273803711, -14.742240905761719, -12.107752799987793, 46.6375617980957, -15.266571998596191]",1,1,True,"['A', 'E']","['A', 'E']"
5abaebab55429939ce03dd66::active_set_pack_b,5abaebab55429939ce03dd66,"['A', 'B', 'C', 'D', 'E', 'F']","[1, 0, 0, 0, 1, 0]","[6.049997329711914, -12.636937141418457, -14.133992195129395, -11.864148139953613, 47.321876525878906, -14.736825942993164]","[6.049997329711914, -12.636937141418457, -14.133992195129395, -11.864148139953613, 47.321876525878906, -14.736825942993164]","[6.049997329711914, -12.636937141418457, -14.133992195129395, -11.864148139953613, 47.321876525878906, -14.736825942993164]",1,1,True,"['A', 'E']","['A', 'E']"
5ab9149d5542991b5579f0e6::working_set_pack_a,5ab9149d5542991b5579f0e6,"['A', 'B', 'C', 'D', 'E', 'F']","[0, 0, 0, 0, 1, 1]","[-11.706369400024414, -11.407258033752441, -13.20073127746582, -12.845352172851562, 22.751909255981445, 26.40780258178711]","[-11.706369400024414, -11.407258033752441, -13.20073127746582, -12.845352172851562, 22.751909255981445, 26.40780258178711]","[-11.706369400024414, -11.407258033752441, -13.20073127746582, -12.845352172851562, 22.751909255981445, 26.40780258178711]",1,1,True,"['E', 'F']","['E', 'F']"
5ab9149d5542991b5579f0e6::active_set_pack_a,5ab9149d5542991b5579f0e6,"['A', 'B', 'C', 'D', 'E', 'F']","[0, 0, 0, 0, 1, 1]","[-12.229659080505371, -12.015193939208984, -13.596246719360352, -13.648210525512695, 27.3043212890625, 24.18499183654785]","[-12.229659080505371, -12.015193939208984, -13.596246719360352, -13.648210525512695, 27.3043212890625, 24.18499183654785]","[-12.229659080505371, -12.015193939208984, -13.596246719360352, -13.648210525512695, 27.3043212890625, 24.18499183654785]",1,1,True,"['E', 'F']","['E', 'F']"
5ab9149d5542991b5579f0e6::working_set_pack_b,5ab9149d5542991b5579f0e6,"['A', 'B', 'C', 'D', 'E', 'F']","[0, 0, 0, 0, 1, 1]","[-15.427935600280762, -15.362709045410156, -16.301416397094727, -17.42522430419922, 28.29014778137207, 36.22712326049805]","[-15.427935600280762, -15.362709045410156, -16.301416397094727, -17.42522430419922, 28.29014778137207, 36.22712326049805]","[-15.427935600280762, -15.362709045410156, -16.301416397094727, -17.42522430419922, 28.29014778137207, 36.22712326049805]",1,1,True,"['E', 'F']","['E', 'F']"
5ab9149d5542991b5579f0e6::active_set_pack_b,5ab9149d5542991b5579f0e6,"['A', 'B', 'C', 'D', 'E', 'F']","[0, 0, 0, 0, 1, 1]","[-14.340313911437988, -14.224014282226562, -15.583093643188477, -16.28314971923828, 30.33272933959961, 30.097858428955078]","[-14.340313911437988, -14.224014282226562, -15.583093643188477, -16.28314971923828, 30.33272933959961, 30.097858428955078]","[-14.340313911437988, -14.224014282226562, -15.583093643188477, -16.28314971923828, 30.33272933959961, 30.097858428955078]",1,1,True,"['E', 'F']","['E', 'F']"
5add57e35542992200553ac2::working_set_pack_a,5add57e35542992200553ac2,"['A', 'B', 'C', 'D', 'E', 'F']","[0, 0, 0, 1, 0, 1]","[-9.37639045715332, -10.797327995300293, -6.370993614196777, -4.387009620666504, -10.923413276672363, 41.855159759521484]","[-9.37639045715332, -10.797327995300293, -6.370993614196777, -4.387009620666504, -10.923413276672363, 41.855159759521484]","[-9.37639045715332, -10.797327995300293, -6.370993614196777, -4.387009620666504, -10.923413276672363, 41.855159759521484]",1,1,False,"['C', 'F']","['D', 'F']"
5add57e35542992200553ac2::active_set_pack_a,5add57e35542992200553ac2,"['A', 'B', 'C', 'D', 'E', 'F']","[0, 0, 0, 1, 0, 1]","[-9.486018180847168, -10.516916275024414, -6.755093097686768, -2.9695706367492676, -11.107301712036133, 40.834896087646484]","[-9.486018180847168, -10.516916275024414, -6.755093097686768, -2.9695706367492676, -11.107301712036133, 40.834896087646484]","[-9.486018180847168, -10.516916275024414, -6.755093097686768, -2.9695706367492676, -11.107301712036133, 40.834896087646484]",1,1,False,"['C', 'F']","['D', 'F']"
5add57e35542992200553ac2::working_set_pack_b,5add57e35542992200553ac2,"['A', 'B', 'C', 'D', 'E', 'F']","[0, 0, 0, 1, 0, 1]","[-10.373847961425781, -11.82994270324707, -8.231758117675781, -4.760162830352783, -14.316998481750488, 49.51271438598633]","[-10.373847961425781, -11.82994270324707, -8.231758117675781, -4.760162830352783, -14.316998481750488, 49.51271438598633]","[-10.373847961425781, -11.82994270324707, -8.231758117675781, -4.760162830352783, -14.316998481750488, 49.51271438598633]",1,1,False,"['C', 'F']","['D', 'F']"
5add57e35542992200553ac2::active_set_pack_b,5add57e35542992200553ac2,"['A', 'B', 'C', 'D', 'E', 'F']","[0, 0, 0, 1, 0, 1]","[-9.964691162109375, -11.702200889587402, -6.338235855102539, -3.5251266956329346, -14.787823677062988, 46.318077087402344]","[-9.964691162109375, -11.702200889587402, -6.338235855102539, -3.5251266956329346, -14.787823677062988, 46.318077087402344]","[-9.964691162109375, -11.702200889587402, -6.338235855102539, -3.5251266956329346, -14.787823677062988, 46.318077087402344]",1,1,False,"['C', 'F']","['D', 'F']"
5a8fae775542992414482b3b::working_set_pack_a,5a8fae775542992414482b3b,"['A', 'B', 'C', 'D', 'E', 'F']","[1, 0, 1, 0, 0, 0]","[-8.982382774353027, -10.728035926818848, 51.65896987915039, -10.90804672241211, -10.83096981048584, -10.209551811218262]","[-8.982382774353027, -10.728035926818848, 51.65896987915039, -10.90804672241211, -10.83096981048584, -10.209551811218262]","[-8.982382774353027, -10.728035926818848, 51.65896987915039, -10.90804672241211, -10.83096981048584, -10.209551811218262]",1,1,True,"['A', 'C']","['A', 'C']"
5a8fae775542992414482b3b::active_set_pack_a,5a8fae775542992414482b3b,"['A', 'B', 'C', 'D', 'E', 'F']","[1, 0, 1, 0, 0, 0]","[-8.405924797058105, -10.445564270019531, 50.24467849731445, -10.663333892822266, -10.696612358093262, -10.033244132995605]","[-8.405924797058105, -10.445564270019531, 50.24467849731445, -10.663333892822266, -10.696612358093262, -10.033244132995605]","[-8.405924797058105, -10.445564270019531, 50.24467849731445, -10.663333892822266, -10.696612358093262, -10.033244132995605]",1,1,True,"['A', 'C']","['A', 'C']"
5a8fae775542992414482b3b::working_set_pack_b,5a8fae775542992414482b3b,"['A', 'B', 'C', 'D', 'E', 'F']","[1, 0, 1, 0, 0, 0]","[-9.43507194519043, -10.022994995117188, 48.67377853393555, -9.505419731140137, -10.278789520263672, -9.431528091430664]","[-9.43507194519043, -10.022994995117188, 48.67377853393555, -9.505419731140137, -10.278789520263672, -9.431528091430664]","[9.43507194519043, 10.022994995117188, -48.67377853393555, 9.505419731140137, 10.278789520263672, 9.431528091430664]",-1,-1,True,"['A', 'C']","['A', 'C']"
5a8fae775542992414482b3b::active_set_pack_b,5a8fae775542992414482b3b,"['A', 'B', 'C', 'D', 'E', 'F']","[1, 0, 1, 0, 0, 0]","[-10.17761516571045, -10.535954475402832, 52.08877182006836, -10.283380508422852, -10.855646133422852, -10.23617172241211]","[-10.17761516571045, -10.535954475402832, 52.08877182006836, -10.283380508422852, -10.855646133422852, -10.23617172241211]","[10.17761516571045, 10.535954475402832, -52.08877182006836, 10.283380508422852, 10.855646133422852, 10.23617172241211]",-1,-1,True,"['A', 'C']","['A', 'C']"
5ab71f385542993667793f41::working_set_pack_a,5ab71f385542993667793f41,"['A', 'B', 'C', 'D', 'E', 'F']","[1, 0, 0, 0, 0, 1]","[-8.108030319213867, -8.662178993225098, -8.907718658447266, -6.687429904937744, -8.961162567138672, 41.326515197753906]","[-8.108030319213867, -8.662178993225098, -8.907718658447266, -6.687429904937744, -8.961162567138672, 41.326515197753906]","[-8.108030319213867, -8.662178993225098, -8.907718658447266, -6.687429904937744, -8.961162567138672, 41.326515197753906]",1,1,True,"['A', 'F']","['A', 'F']"
5ab71f385542993667793f41::active_set_pack_a,5ab71f385542993667793f41,"['A', 'B', 'C', 'D', 'E', 'F']","[1, 0, 0, 0, 0, 1]","[-8.74748706817627, -8.71841812133789, -8.90280532836914, -6.502713680267334, -8.877786636352539, 41.74919509887695]","[-8.74748706817627, -8.71841812133789, -8.90280532836914, -6.502713680267334, -8.877786636352539, 41.74919509887695]","[-8.74748706817627, -8.71841812133789, -8.90280532836914, -6.502713680267334, -8.877786636352539, 41.74919509887695]",1,1,True,"['A', 'F']","['A', 'F']"
5ab71f385542993667793f41::working_set_pack_b,5ab71f385542993667793f41,"['A', 'B', 'C', 'D', 'E', 'F']","[1, 0, 0, 0, 0, 1]","[-12.53689956665039, -8.040741920471191, -8.130407333374023, -6.091814994812012, -8.114542961120605, 42.914405822753906]","[-12.53689956665039, -8.040741920471191, -8.130407333374023, -6.091814994812012, -8.114542961120605, 42.914405822753906]","[-12.53689956665039, -8.040741920471191, -8.130407333374023, -6.091814994812012, -8.114542961120605, 42.914405822753906]",1,1,True,"['A', 'F']","['A', 'F']"
5ab71f385542993667793f41::active_set_pack_b,5ab71f385542993667793f41,"['A', 'B', 'C', 'D', 'E', 'F']","[1, 0, 0, 0, 0, 1]","[-15.755485534667969, -7.084451198577881, -7.133838176727295, -4.793971061706543, -7.03204870223999, 41.799800872802734]","[-15.755485534667969, -7.084451198577881, -7.133838176727295, -4.793971061706543, -7.03204870223999, 41.799800872802734]","[-15.755485534667969, -7.084451198577881, -7.133838176727295, -4.793971061706543, -7.03204870223999, 41.799800872802734]",1,1,True,"['A', 'F']","['A', 'F']"
5a7d9eb55542990b8f5039cd::working_set_pack_a,5a7d9eb55542990b8f5039cd,"['A', 'B', 'C', 'D', 'E', 'F']","[1, 1, 0, 0, 0, 0]","[-6.287071704864502, 34.08293151855469, -6.774948596954346, -8.025064468383789, -6.848568916320801, -6.147274971008301]","[-6.287071704864502, 34.08293151855469, -6.774948596954346, -8.025064468383789, -6.848568916320801, -6.147274971008301]","[-6.287071704864502, 34.08293151855469, -6.774948596954346, -8.025064468383789, -6.848568916320801, -6.147274971008301]",1,1,True,"['A', 'B']","['A', 'B']"
5a7d9eb55542990b8f5039cd::active_set_pack_a,5a7d9eb55542990b8f5039cd,"['A', 'B', 'C', 'D', 'E', 'F']","[1, 1, 0, 0, 0, 0]","[-5.574552059173584, 33.589351654052734, -6.7903008460998535, -8.213089942932129, -6.949874401092529, -6.061517238616943]","[-5.574552059173584, 33.589351654052734, -6.7903008460998535, -8.213089942932129, -6.949874401092529, -6.061517238616943]","[-5.574552059173584, 33.589351654052734, -6.7903008460998535, -8.213089942932129, -6.949874401092529, -6.061517238616943]",1,1,True,"['A', 'B']","['A', 'B']"
5a7d9eb55542990b8f5039cd::working_set_pack_b,5a7d9eb55542990b8f5039cd,"['A', 'B', 'C', 'D', 'E', 'F']","[1, 1, 0, 0, 0, 0]","[-7.782496929168701, 40.550018310546875, -7.805868148803711, -9.858113288879395, -7.868290901184082, -7.235256195068359]","[-7.782496929168701, 40.550018310546875, -7.805868148803711, -9.858113288879395, -7.868290901184082, -7.235256195068359]","[-7.782496929168701, 40.550018310546875, -7.805868148803711, -9.858113288879395, -7.868290901184082, -7.235256195068359]",1,1,True,"['A', 'B']","['A', 'B']"
5a7d9eb55542990b8f5039cd::active_set_pack_b,5a7d9eb55542990b8f5039cd,"['A', 'B', 'C', 'D', 'E', 'F']","[1, 1, 0, 0, 0, 0]","[-7.692846298217773, 46.1717529296875, -9.494078636169434, -11.10671615600586, -9.395132064819336, -8.482980728149414]","[-7.692846298217773, 46.1717529296875, -9.494078636169434, -11.10671615600586, -9.395132064819336, -8.482980728149414]","[-7.692846298217773, 46.1717529296875, -9.494078636169434, -11.10671615600586, -9.395132064819336, -8.482980728149414]",1,1,True,"['A', 'B']","['A', 'B']"
5ae5e2285542996de7b71a5a::working_set_pack_a,5ae5e2285542996de7b71a5a,"['A', 'B', 'C', 'D', 'E', 'F']","[0, 0, 1, 0, 0, 1]","[-8.755234718322754, -6.593713760375977, 1.1106634140014648, -7.087995529174805, -6.642735004425049, 27.969018936157227]","[-8.755234718322754, -6.593713760375977, 1.1106634140014648, -7.087995529174805, -6.642735004425049, 27.969018936157227]","[-8.755234718322754, -6.593713760375977, 1.1106634140014648, -7.087995529174805, -6.642735004425049, 27.969018936157227]",1,1,True,"['C', 'F']","['C', 'F']"
5ae5e2285542996de7b71a5a::active_set_pack_a,5ae5e2285542996de7b71a5a,"['A', 'B', 'C', 'D', 'E', 'F']","[0, 0, 1, 0, 0, 1]","[-8.442432403564453, -6.308956146240234, 1.6625703573226929, -8.352655410766602, -7.004260063171387, 28.44573402404785]","[-8.442432403564453, -6.308956146240234, 1.6625703573226929, -8.352655410766602, -7.004260063171387, 28.44573402404785]","[-8.442432403564453, -6.308956146240234, 1.6625703573226929, -8.352655410766602, -7.004260063171387, 28.44573402404785]",1,1,True,"['C', 'F']","['C', 'F']"
5ae5e2285542996de7b71a5a::working_set_pack_b,5ae5e2285542996de7b71a5a,"['A', 'B', 'C', 'D', 'E', 'F']","[0, 0, 1, 0, 0, 1]","[-7.3413920402526855, -7.099527835845947, 35.8903923034668, -13.354452133178711, -5.841263771057129, -2.2537474632263184]","[-7.3413920402526855, -7.099527835845947, 35.8903923034668, -13.354452133178711, -5.841263771057129, -2.2537474632263184]","[7.3413920402526855, 7.099527835845947, -35.8903923034668, 13.354452133178711, 5.841263771057129, 2.2537474632263184]",-1,-1,True,"['C', 'F']","['C', 'F']"
5ae5e2285542996de7b71a5a::active_set_pack_b,5ae5e2285542996de7b71a5a,"['A', 'B', 'C', 'D', 'E', 'F']","[0, 0, 1, 0, 0, 1]","[-5.769022464752197, -4.873968601226807, -13.569454193115234, -7.8697123527526855, -8.442521095275879, 40.52469253540039]","[-5.769022464752197, -4.873968601226807, -13.569454193115234, -7.8697123527526855, -8.442521095275879, 40.52469253540039]","[-5.769022464752197, -4.873968601226807, -13.569454193115234, -7.8697123527526855, -8.442521095275879, 40.52469253540039]",1,1,True,"['C', 'F']","['C', 'F']"
5ac13d745542991316484a91::working_set_pack_a,5ac13d745542991316484a91,"['A', 'B', 'C', 'D', 'E', 'F']","[1, 0, 1, 0, 0, 0]","[23.658512115478516, -5.8619608879089355, -2.766583204269409, -4.0431928634643555, -5.265997886657715, -5.720770835876465]","[23.658512115478516, -5.8619608879089355, -2.766583204269409, -4.0431928634643555, -5.265997886657715, -5.720770835876465]","[23.658512115478516, -5.8619608879089355, -2.766583204269409, -4.0431928634643555, -5.265997886657715, -5.720770835876465]",1,1,True,"['A', 'C']","['A', 'C']"
5ac13d745542991316484a91::active_set_pack_a,5ac13d745542991316484a91,"['A', 'B', 'C', 'D', 'E', 'F']","[1, 0, 1, 0, 0, 0]","[20.372352600097656, -4.471853256225586, -3.424459218978882, -3.094672918319702, -4.7879252433776855, -4.593446731567383]","[20.372352600097656, -4.471853256225586, -3.424459218978882, -3.094672918319702, -4.7879252433776855, -4.593446731567383]","[20.372352600097656, -4.471853256225586, -3.424459218978882, -3.094672918319702, -4.7879252433776855, -4.593446731567383]",1,1,True,"['A', 'C']","['A', 'C']"
5ac13d745542991316484a91::working_set_pack_b,5ac13d745542991316484a91,"['A', 'B', 'C', 'D', 'E', 'F']","[1, 0, 1, 0, 0, 0]","[-2.187013626098633, -6.471461296081543, 26.97904396057129, -4.793944358825684, -5.716296195983887, -7.810333728790283]","[-2.187013626098633, -6.471461296081543, 26.97904396057129, -4.793944358825684, -5.716296195983887, -7.810333728790283]","[2.187013626098633, 6.471461296081543, -26.97904396057129, 4.793944358825684, 5.716296195983887, 7.810333728790283]",-1,-1,True,"['A', 'C']","['A', 'C']"
5ac13d745542991316484a91::active_set_pack_b,5ac13d745542991316484a91,"['A', 'B', 'C', 'D', 'E', 'F']","[1, 0, 1, 0, 0, 0]","[-3.093062400817871, -6.224282264709473, 29.410537719726562, -5.0261735916137695, -7.502536773681641, -7.564472198486328]","[-3.093062400817871, -6.224282264709473, 29.410537719726562, -5.0261735916137695, -7.502536773681641, -7.564472198486328]","[3.093062400817871, 6.224282264709473, -29.410537719726562, 5.0261735916137695, 7.502536773681641, 7.564472198486328]",-1,-1,True,"['A', 'C']","['A', 'C']"
5a7d24f1554299452d57bb21::working_set_pack_a,5a7d24f1554299452d57bb21,"['A', 'B', 'C', 'D', 'E', 'F']","[0, 0, 1, 0, 0, 1]","[-11.050726890563965, -12.011446952819824, -8.365195274353027, -12.372710227966309, -13.057822227478027, 56.85791015625]","[-11.050726890563965, -12.011446952819824, -8.365195274353027, -12.372710227966309, -13.057822227478027, 56.85791015625]","[-11.050726890563965, -12.011446952819824, -8.365195274353027, -12.372710227966309, -13.057822227478027, 56.85791015625]",1,1,True,"['C', 'F']","['C', 'F']"
5a7d24f1554299452d57bb21::active_set_pack_a,5a7d24f1554299452d57bb21,"['A', 'B', 'C', 'D', 'E', 'F']","[0, 0, 1, 0, 0, 1]","[-8.795539855957031, -9.739378929138184, -7.9967241287231445, -9.616969108581543, -10.58733081817627, 46.735931396484375]","[-8.795539855957031, -9.739378929138184, -7.9967241287231445, -9.616969108581543, -10.58733081817627, 46.735931396484375]","[-8.795539855957031, -9.739378929138184, -7.9967241287231445, -9.616969108581543, -10.58733081817627, 46.735931396484375]",1,1,True,"['C', 'F']","['C', 'F']"
5a7d24f1554299452d57bb21::working_set_pack_b,5a7d24f1554299452d57bb21,"['A', 'B', 'C', 'D', 'E', 'F']","[0, 0, 1, 0, 0, 1]","[-7.6269683837890625, -8.524515151977539, -9.079885482788086, -8.431804656982422, -10.491898536682129, 44.155067443847656]","[-7.6269683837890625, -8.524515151977539, -9.079885482788086, -8.431804656982422, -10.491898536682129, 44.155067443847656]","[-7.6269683837890625, -8.524515151977539, -9.079885482788086, -8.431804656982422, -10.491898536682129, 44.155067443847656]",1,1,True,"['C', 'F']","['C', 'F']"
5a7d24f1554299452d57bb21::active_set_pack_b,5a7d24f1554299452d57bb21,"['A', 'B', 'C', 'D', 'E', 'F']","[0, 0, 1, 0, 0, 1]","[-10.606534957885742, -11.652327537536621, -6.471507549285889, -12.463042259216309, -15.278191566467285, 56.47160720825195]","[-10.606534957885742, -11.652327537536621, -6.471507549285889, -12.463042259216309, -15.278191566467285, 56.47160720825195]","[-10.606534957885742, -11.652327537536621, -6.471507549285889, -12.463042259216309, -15.278191566467285, 56.47160720825195]",1,1,True,"['C', 'F']","['C', 'F']"
5ac28a21554299677310256e::working_set_pack_a,5ac28a21554299677310256e,"['A', 'B', 'C', 'D', 'E', 'F']","[0, 1, 0, 0, 1, 0]","[-9.122391700744629, -5.141215801239014, -10.752629280090332, -9.633160591125488, 43.903038024902344, -9.253656387329102]","[-9.122391700744629, -5.141215801239014, -10.752629280090332, -9.633160591125488, 43.903038024902344, -9.253656387329102]","[-9.122391700744629, -5.141215801239014, -10.752629280090332, -9.633160591125488, 43.903038024902344, -9.253656387329102]",1,1,True,"['B', 'E']","['B', 'E']"
5ac28a21554299677310256e::active_set_pack_a,5ac28a21554299677310256e,"['A', 'B', 'C', 'D', 'E', 'F']","[0, 1, 0, 0, 1, 0]","[-8.686174392700195, -5.049131870269775, -10.367329597473145, -9.18992805480957, 42.47699737548828, -9.184441566467285]","[-8.686174392700195, -5.049131870269775, -10.367329597473145, -9.18992805480957, 42.47699737548828, -9.184441566467285]","[-8.686174392700195, -5.049131870269775, -10.367329597473145, -9.18992805480957, 42.47699737548828, -9.184441566467285]",1,1,True,"['B', 'E']","['B', 'E']"
5ac28a21554299677310256e::working_set_pack_b,5ac28a21554299677310256e,"['A', 'B', 'C', 'D', 'E', 'F']","[0, 1, 0, 0, 1, 0]","[-10.618341445922852, -7.3273749351501465, -12.494038581848145, -11.14020824432373, 50.381595611572266, -8.801639556884766]","[-10.618341445922852, -7.3273749351501465, -12.494038581848145, -11.14020824432373, 50.381595611572266, -8.801639556884766]","[-10.618341445922852, -7.3273749351501465, -12.494038581848145, -11.14020824432373, 50.381595611572266, -8.801639556884766]",1,1,True,"['B', 'E']","['B', 'E']"
5ac28a21554299677310256e::active_set_pack_b,5ac28a21554299677310256e,"['A', 'B', 'C', 'D', 'E', 'F']","[0, 1, 0, 0, 1, 0]","[-11.588469505310059, -7.325478553771973, -13.252169609069824, -11.918967247009277, 55.67890930175781, -11.593823432922363]","[-11.588469505310059, -7.325478553771973, -13.252169609069824, -11.918967247009277, 55.67890930175781, -11.593823432922363]","[-11.588469505310059, -7.325478553771973, -13.252169609069824, -11.918967247009277, 55.67890930175781, -11.593823432922363]",1,1,True,"['B', 'E']","['B', 'E']"
5a8f11fd554299458435d544::working_set_pack_a,5a8f11fd554299458435d544,"['A', 'B', 'C', 'D', 'E', 'F']","[0, 0, 0, 1, 1, 0]","[-10.93191909790039, -9.797502517700195, -10.977699279785156, 43.80329132080078, 0.9474596381187439, -13.043636322021484]","[-10.93191909790039, -9.797502517700195, -10.977699279785156, 43.80329132080078, 0.9474596381187439, -13.043636322021484]","[-10.93191909790039, -9.797502517700195, -10.977699279785156, 43.80329132080078, 0.9474596381187439, -13.043636322021484]",1,1,True,"['D', 'E']","['D', 'E']"
5a8f11fd554299458435d544::active_set_pack_a,5a8f11fd554299458435d544,"['A', 'B', 'C', 'D', 'E', 'F']","[0, 0, 0, 1, 1, 0]","[-10.795087814331055, -9.435480117797852, -10.874524116516113, 44.496944427490234, -0.5797151327133179, -12.812146186828613]","[-10.795087814331055, -9.435480117797852, -10.874524116516113, 44.496944427490234, -0.5797151327133179, -12.812146186828613]","[-10.795087814331055, -9.435480117797852, -10.874524116516113, 44.496944427490234, -0.5797151327133179, -12.812146186828613]",1,1,True,"['D', 'E']","['D', 'E']"
5a8f11fd554299458435d544::working_set_pack_b,5a8f11fd554299458435d544,"['A', 'B', 'C', 'D', 'E', 'F']","[0, 0, 0, 1, 1, 0]","[-11.59095573425293, -9.982295989990234, -11.547372817993164, 46.822689056396484, -0.017638714984059334, -13.684435844421387]","[-11.59095573425293, -9.982295989990234, -11.547372817993164, 46.822689056396484, -0.017638714984059334, -13.684435844421387]","[-11.59095573425293, -9.982295989990234, -11.547372817993164, 46.822689056396484, -0.017638714984059334, -13.684435844421387]",1,1,True,"['D', 'E']","['D', 'E']"
5a8f11fd554299458435d544::active_set_pack_b,5a8f11fd554299458435d544,"['A', 'B', 'C', 'D', 'E', 'F']","[0, 0, 0, 1, 1, 0]","[-11.277741432189941, -9.39443302154541, -11.324445724487305, 51.96767807006836, -6.760531425476074, -13.210527420043945]","[-11.277741432189941, -9.39443302154541, -11.324445724487305, 51.96767807006836, -6.760531425476074, -13.210527420043945]","[-11.277741432189941, -9.39443302154541, -11.324445724487305, 51.96767807006836, -6.760531425476074, -13.210527420043945]",1,1,True,"['D', 'E']","['D', 'E']"
5abef2365542997ec76fd397::working_set_pack_a,5abef2365542997ec76fd397,"['A', 'B', 'C', 'D', 'E', 'F']","[1, 0, 0, 1, 0, 0]","[26.33226203918457, -6.188065052032471, -6.956356525421143, -1.904884696006775, -7.273601055145264, -4.009348392486572]","[26.33226203918457, -6.188065052032471, -6.956356525421143, -1.904884696006775, -7.273601055145264, -4.009348392486572]","[26.33226203918457, -6.188065052032471, -6.956356525421143, -1.904884696006775, -7.273601055145264, -4.009348392486572]",1,1,True,"['A', 'D']","['A', 'D']"
5abef2365542997ec76fd397::active_set_pack_a,5abef2365542997ec76fd397,"['A', 'B', 'C', 'D', 'E', 'F']","[1, 0, 0, 1, 0, 0]","[26.325054168701172, -6.276113510131836, -6.721842288970947, -1.5643478631973267, -7.762075901031494, -4.000675201416016]","[26.325054168701172, -6.276113510131836, -6.721842288970947, -1.5643478631973267, -7.762075901031494, -4.000675201416016]","[26.325054168701172, -6.276113510131836, -6.721842288970947, -1.5643478631973267, -7.762075901031494, -4.000675201416016]",1,1,True,"['A', 'D']","['A', 'D']"
5abef2365542997ec76fd397::working_set_pack_b,5abef2365542997ec76fd397,"['A', 'B', 'C', 'D', 'E', 'F']","[1, 0, 0, 1, 0, 0]","[28.985172271728516, -7.020719528198242, -6.538395404815674, -0.24459102749824524, -11.088582038879395, -4.0928850173950195]","[28.985172271728516, -7.020719528198242, -6.538395404815674, -0.24459102749824524, -11.088582038879395, -4.0928850173950195]","[-28.985172271728516, 7.020719528198242, 6.538395404815674, 0.24459102749824524, 11.088582038879395, 4.0928850173950195]",-1,-1,True,"['A', 'D']","['A', 'D']"
5abef2365542997ec76fd397::active_set_pack_b,5abef2365542997ec76fd397,"['A', 'B', 'C', 'D', 'E', 'F']","[1, 0, 0, 1, 0, 0]","[3.785393238067627, -9.761125564575195, -7.875008583068848, 30.27898597717285, -12.397101402282715, -4.031150817871094]","[3.785393238067627, -9.761125564575195, -7.875008583068848, 30.27898597717285, -12.397101402282715, -4.031150817871094]","[3.785393238067627, -9.761125564575195, -7.875008583068848, 30.27898597717285, -12.397101402282715, -4.031150817871094]",1,1,True,"['A', 'D']","['A', 'D']"
5a78d1bd55429974737f78bd::working_set_pack_a,5a78d1bd55429974737f78bd,"['A', 'B', 'C', 'D', 'E', 'F']","[0, 0, 0, 1, 1, 0]","[-5.4285783767700195, -3.0821738243103027, -5.623404026031494, -7.584335803985596, 30.061447143554688, -8.342963218688965]","[5.4285783767700195, 3.0821738243103027, 5.623404026031494, 7.584335803985596, -30.061447143554688, 8.342963218688965]","[-5.4285783767700195, -3.0821738243103027, -5.623404026031494, -7.584335803985596, 30.061447143554688, -8.342963218688965]",1,-1,False,"['B', 'D']","['D', 'E']"
5a78d1bd55429974737f78bd::active_set_pack_a,5a78d1bd55429974737f78bd,"['A', 'B', 'C', 'D', 'E', 'F']","[0, 0, 0, 1, 1, 0]","[-6.431912422180176, -2.8884971141815186, -6.77575159072876, -6.382628440856934, 31.49369239807129, -9.01490306854248]","[6.431912422180176, 2.8884971141815186, 6.77575159072876, 6.382628440856934, -31.49369239807129, 9.01490306854248]","[-6.431912422180176, -2.8884971141815186, -6.77575159072876, -6.382628440856934, 31.49369239807129, -9.01490306854248]",1,-1,False,"['B', 'D']","['D', 'E']"
5a78d1bd55429974737f78bd::working_set_pack_b,5a78d1bd55429974737f78bd,"['A', 'B', 'C', 'D', 'E', 'F']","[0, 0, 0, 1, 1, 0]","[-9.220085144042969, -5.465442657470703, -9.631457328796387, -5.96821928024292, 45.017696380615234, -14.732488632202148]","[9.220085144042969, 5.465442657470703, 9.631457328796387, 5.96821928024292, -45.017696380615234, 14.732488632202148]","[-9.220085144042969, -5.465442657470703, -9.631457328796387, -5.96821928024292, 45.017696380615234, -14.732488632202148]",1,-1,False,"['B', 'D']","['D', 'E']"
5a78d1bd55429974737f78bd::active_set_pack_b,5a78d1bd55429974737f78bd,"['A', 'B', 'C', 'D', 'E', 'F']","[0, 0, 0, 1, 1, 0]","[-7.111588478088379, -3.6899447441101074, -7.534013271331787, -6.456446170806885, 38.138282775878906, -13.346302032470703]","[7.111588478088379, 3.6899447441101074, 7.534013271331787, 6.456446170806885, -38.138282775878906, 13.346302032470703]","[-7.111588478088379, -3.6899447441101074, -7.534013271331787, -6.456446170806885, 38.138282775878906, -13.346302032470703]",1,-1,False,"['B', 'D']","['D', 'E']"
5abdb9125542993f32c2a018::working_set_pack_a,5abdb9125542993f32c2a018,"['A', 'B', 'C', 'D', 'E', 'F']","[0, 0, 1, 1, 0, 0]","[-5.9456939697265625, -5.8720903396606445, -7.927247524261475, 30.930112838745117, -7.145028591156006, -4.040050506591797]","[-5.9456939697265625, -5.8720903396606445, -7.927247524261475, 30.930112838745117, -7.145028591156006, -4.040050506591797]","[-5.9456939697265625, -5.8720903396606445, -7.927247524261475, 30.930112838745117, -7.145028591156006, -4.040050506591797]",1,1,True,"['C', 'D']","['C', 'D']"
5abdb9125542993f32c2a018::active_set_pack_a,5abdb9125542993f32c2a018,"['A', 'B', 'C', 'D', 'E', 'F']","[0, 0, 1, 1, 0, 0]","[-5.550929546356201, -5.46103572845459, -8.216802597045898, 29.96148109436035, -6.659884452819824, -4.072827339172363]","[-5.550929546356201, -5.46103572845459, -8.216802597045898, 29.96148109436035, -6.659884452819824, -4.072827339172363]","[-5.550929546356201, -5.46103572845459, -8.216802597045898, 29.96148109436035, -6.659884452819824, -4.072827339172363]",1,1,True,"['C', 'D']","['C', 'D']"
5abdb9125542993f32c2a018::working_set_pack_b,5abdb9125542993f32c2a018,"['A', 'B', 'C', 'D', 'E', 'F']","[0, 0, 1, 1, 0, 0]","[-9.051894187927246, -8.78975772857666, -3.531196355819702, 37.87739562988281, -9.388896942138672, -7.1156535148620605]","[-9.051894187927246, -8.78975772857666, -3.531196355819702, 37.87739562988281, -9.388896942138672, -7.1156535148620605]","[-9.051894187927246, -8.78975772857666, -3.531196355819702, 37.87739562988281, -9.388896942138672, -7.1156535148620605]",1,1,True,"['C', 'D']","['C', 'D']"
5abdb9125542993f32c2a018::active_set_pack_b,5abdb9125542993f32c2a018,"['A', 'B', 'C', 'D', 'E', 'F']","[0, 0, 1, 1, 0, 0]","[-9.555642127990723, -9.374932289123535, -7.64359188079834, 44.94233322143555, -10.742782592773438, -7.6253814697265625]","[-9.555642127990723, -9.374932289123535, -7.64359188079834, 44.94233322143555, -10.742782592773438, -7.6253814697265625]","[-9.555642127990723, -9.374932289123535, -7.64359188079834, 44.94233322143555, -10.742782592773438, -7.6253814697265625]",1,1,True,"['C', 'D']","['C', 'D']"
5a745eb055429979e2882928::working_set_pack_a,5a745eb055429979e2882928,"['A', 'B', 'C', 'D', 'E', 'F']","[0, 0, 0, 1, 0, 1]","[-6.846856117248535, -5.803750038146973, -4.153055667877197, 30.94879150390625, -6.816239356994629, -7.328891277313232]","[-6.846856117248535, -5.803750038146973, -4.153055667877197, 30.94879150390625, -6.816239356994629, -7.328891277313232]","[-6.846856117248535, -5.803750038146973, -4.153055667877197, 30.94879150390625, -6.816239356994629, -7.328891277313232]",1,1,False,"['C', 'D']","['D', 'F']"
5a745eb055429979e2882928::active_set_pack_a,5a745eb055429979e2882928,"['A', 'B', 'C', 'D', 'E', 'F']","[0, 0, 0, 1, 0, 1]","[-7.061880588531494, -5.880805492401123, -4.254887580871582, 31.17767333984375, -6.742090702056885, -7.238004684448242]","[-7.061880588531494, -5.880805492401123, -4.254887580871582, 31.17767333984375, -6.742090702056885, -7.238004684448242]","[-7.061880588531494, -5.880805492401123, -4.254887580871582, 31.17767333984375, -6.742090702056885, -7.238004684448242]",1,1,False,"['C', 'D']","['D', 'F']"
5a745eb055429979e2882928::working_set_pack_b,5a745eb055429979e2882928,"['A', 'B', 'C', 'D', 'E', 'F']","[0, 0, 0, 1, 0, 1]","[-9.377230644226074, -8.16320514678955, -7.739358901977539, -6.771763324737549, -9.429511070251465, 41.48105239868164]","[9.377230644226074, 8.16320514678955, 7.739358901977539, 6.771763324737549, 9.429511070251465, -41.48105239868164]","[-9.377230644226074, -8.16320514678955, -7.739358901977539, -6.771763324737549, -9.429511070251465, 41.48105239868164]",1,-1,False,"['C', 'D']","['D', 'F']"
5a745eb055429979e2882928::active_set_pack_b,5a745eb055429979e2882928,"['A', 'B', 'C', 'D', 'E', 'F']","[0, 0, 0, 1, 0, 1]","[-6.036829471588135, -5.559428691864014, -5.5519843101501465, -14.070068359375, -5.9841485023498535, 37.202449798583984]","[6.036829471588135, 5.559428691864014, 5.5519843101501465, 14.070068359375, 5.9841485023498535, -37.202449798583984]","[6.036829471588135, 5.559428691864014, 5.5519843101501465, 14.070068359375, 5.9841485023498535, -37.202449798583984]",-1,1,False,"['C', 'D']","['D', 'F']"
5ab7f030554299366779405a::working_set_pack_a,5ab7f030554299366779405a,"['A', 'B', 'C', 'D', 'E', 'F']","[1, 1, 0, 0, 0, 0]","[24.427854537963867, -3.644597291946411, -4.618641376495361, -4.971231937408447, -5.659923553466797, -5.5334601402282715]","[24.427854537963867, -3.644597291946411, -4.618641376495361, -4.971231937408447, -5.659923553466797, -5.5334601402282715]","[24.427854537963867, -3.644597291946411, -4.618641376495361, -4.971231937408447, -5.659923553466797, -5.5334601402282715]",1,1,True,"['A', 'B']","['A', 'B']"
5ab7f030554299366779405a::active_set_pack_a,5ab7f030554299366779405a,"['A', 'B', 'C', 'D', 'E', 'F']","[1, 1, 0, 0, 0, 0]","[27.308162689208984, -3.941840648651123, -5.192389011383057, -5.4790544509887695, -6.591282844543457, -6.103597640991211]","[27.308162689208984, -3.941840648651123, -5.192389011383057, -5.4790544509887695, -6.591282844543457, -6.103597640991211]","[27.308162689208984, -3.941840648651123, -5.192389011383057, -5.4790544509887695, -6.591282844543457, -6.103597640991211]",1,1,True,"['A', 'B']","['A', 'B']"
5ab7f030554299366779405a::working_set_pack_b,5ab7f030554299366779405a,"['A', 'B', 'C', 'D', 'E', 'F']","[1, 1, 0, 0, 0, 0]","[30.611787796020508, -4.247951984405518, -6.058513164520264, -6.382160186767578, -7.279465198516846, -6.643695831298828]","[30.611787796020508, -4.247951984405518, -6.058513164520264, -6.382160186767578, -7.279465198516846, -6.643695831298828]","[30.611787796020508, -4.247951984405518, -6.058513164520264, -6.382160186767578, -7.279465198516846, -6.643695831298828]",1,1,True,"['A', 'B']","['A', 'B']"
5ab7f030554299366779405a::active_set_pack_b,5ab7f030554299366779405a,"['A', 'B', 'C', 'D', 'E', 'F']","[1, 1, 0, 0, 0, 0]","[29.615772247314453, -2.21571683883667, -5.900279521942139, -6.664675712585449, -7.84701681137085, -6.988076686859131]","[29.615772247314453, -2.21571683883667, -5.900279521942139, -6.664675712585449, -7.84701681137085, -6.988076686859131]","[29.615772247314453, -2.21571683883667, -5.900279521942139, -6.664675712585449, -7.84701681137085, -6.988076686859131]",1,1,True,"['A', 'B']","['A', 'B']"
5a90bd6555429933b8a205cf::working_set_pack_a,5a90bd6555429933b8a205cf,"['A', 'B', 'C', 'D', 'E', 'F']","[0, 1, 0, 0, 0, 1]","[-5.073058605194092, -15.489737510681152, -5.542965888977051, -5.657996654510498, -4.825204849243164, 36.58897399902344]","[-5.073058605194092, -15.489737510681152, -5.542965888977051, -5.657996654510498, -4.825204849243164, 36.58897399902344]","[-5.073058605194092, -15.489737510681152, -5.542965888977051, -5.657996654510498, -4.825204849243164, 36.58897399902344]",1,1,True,"['B', 'F']","['B', 'F']"
5a90bd6555429933b8a205cf::active_set_pack_a,5a90bd6555429933b8a205cf,"['A', 'B', 'C', 'D', 'E', 'F']","[0, 1, 0, 0, 0, 1]","[-5.195821285247803, -15.066651344299316, -5.695548057556152, -5.661520004272461, -5.028486728668213, 36.64802932739258]","[-5.195821285247803, -15.066651344299316, -5.695548057556152, -5.661520004272461, -5.028486728668213, 36.64802932739258]","[-5.195821285247803, -15.066651344299316, -5.695548057556152, -5.661520004272461, -5.028486728668213, 36.64802932739258]",1,1,True,"['B', 'F']","['B', 'F']"
5a90bd6555429933b8a205cf::working_set_pack_b,5a90bd6555429933b8a205cf,"['A', 'B', 'C', 'D', 'E', 'F']","[0, 1, 0, 0, 0, 1]","[-4.475974082946777, -22.911252975463867, -5.008492946624756, -5.529153823852539, -3.979731559753418, 41.90461349487305]","[-4.475974082946777, -22.911252975463867, -5.008492946624756, -5.529153823852539, -3.979731559753418, 41.90461349487305]","[-4.475974082946777, -22.911252975463867, -5.008492946624756, -5.529153823852539, -3.979731559753418, 41.90461349487305]",1,1,True,"['B', 'F']","['B', 'F']"
5a90bd6555429933b8a205cf::active_set_pack_b,5a90bd6555429933b8a205cf,"['A', 'B', 'C', 'D', 'E', 'F']","[0, 1, 0, 0, 0, 1]","[-3.2515499591827393, 37.91072463989258, -3.3621129989624023, -0.7015957236289978, -3.445147752761841, -27.150312423706055]","[-3.2515499591827393, 37.91072463989258, -3.3621129989624023, -0.7015957236289978, -3.445147752761841, -27.150312423706055]","[3.2515499591827393, -37.91072463989258, 3.3621129989624023, 0.7015957236289978, 3.445147752761841, 27.150312423706055]",-1,-1,True,"['B', 'F']","['B', 'F']"
5ab433675542991751b4d6e6::working_set_pack_a,5ab433675542991751b4d6e6,"['A', 'B', 'C', 'D', 'E', 'F']","[0, 1, 1, 0, 0, 0]","[-5.946680068969727, 0.18533362448215485, 27.522235870361328, -9.458279609680176, -6.2960405349731445, -6.006573677062988]","[-5.946680068969727, 0.18533362448215485, 27.522235870361328, -9.458279609680176, -6.2960405349731445, -6.006573677062988]","[-5.946680068969727, 0.18533362448215485, 27.522235870361328, -9.458279609680176, -6.2960405349731445, -6.006573677062988]",1,1,True,"['B', 'C']","['B', 'C']"
5ab433675542991751b4d6e6::active_set_pack_a,5ab433675542991751b4d6e6,"['A', 'B', 'C', 'D', 'E', 'F']","[0, 1, 1, 0, 0, 0]","[-6.951169013977051, 16.16789436340332, 16.05453872680664, -11.040976524353027, -7.186069965362549, -7.044222354888916]","[-6.951169013977051, 16.16789436340332, 16.05453872680664, -11.040976524353027, -7.186069965362549, -7.044222354888916]","[-6.951169013977051, 16.16789436340332, 16.05453872680664, -11.040976524353027, -7.186069965362549, -7.044222354888916]",1,1,True,"['B', 'C']","['B', 'C']"
5ab433675542991751b4d6e6::working_set_pack_b,5ab433675542991751b4d6e6,"['A', 'B', 'C', 'D', 'E', 'F']","[0, 1, 1, 0, 0, 0]","[-6.2679362297058105, 2.397426128387451, 29.277570724487305, -12.03536319732666, -7.0537285804748535, -6.3179707527160645]","[-6.2679362297058105, 2.397426128387451, 29.277570724487305, -12.03536319732666, -7.0537285804748535, -6.3179707527160645]","[-6.2679362297058105, 2.397426128387451, 29.277570724487305, -12.03536319732666, -7.0537285804748535, -6.3179707527160645]",1,1,True,"['B', 'C']","['B', 'C']"
5ab433675542991751b4d6e6::active_set_pack_b,5ab433675542991751b4d6e6,"['A', 'B', 'C', 'D', 'E', 'F']","[0, 1, 1, 0, 0, 0]","[-7.235653400421143, 5.283376693725586, 30.021739959716797, -13.544659614562988, -7.553748607635498, -6.971058368682861]","[-7.235653400421143, 5.283376693725586, 30.021739959716797, -13.544659614562988, -7.553748607635498, -6.971058368682861]","[-7.235653400421143, 5.283376693725586, 30.021739959716797, -13.544659614562988, -7.553748607635498, -6.971058368682861]",1,1,True,"['B', 'C']","['B', 'C']"
5ac47249554299194317399c::working_set_pack_a,5ac47249554299194317399c,"['A', 'B', 'C', 'D', 'E', 'F']","[1, 0, 0, 0, 1, 0]","[-11.265320777893066, -12.664592742919922, -11.636704444885254, -12.27147388458252, 68.23675537109375, -20.398658752441406]","[-11.265320777893066, -12.664592742919922, -11.636704444885254, -12.27147388458252, 68.23675537109375, -20.398658752441406]","[-11.265320777893066, -12.664592742919922, -11.636704444885254, -12.27147388458252, 68.23675537109375, -20.398658752441406]",1,1,False,"['C', 'E']","['A', 'E']"
5ac47249554299194317399c::active_set_pack_a,5ac47249554299194317399c,"['A', 'B', 'C', 'D', 'E', 'F']","[1, 0, 0, 0, 1, 0]","[-10.94403076171875, -12.69126033782959, -10.910101890563965, -11.447028160095215, 65.62480926513672, -19.63238525390625]","[-10.94403076171875, -12.69126033782959, -10.910101890563965, -11.447028160095215, 65.62480926513672, -19.63238525390625]","[-10.94403076171875, -12.69126033782959, -10.910101890563965, -11.447028160095215, 65.62480926513672, -19.63238525390625]",1,1,False,"['C', 'E']","['A', 'E']"
5ac47249554299194317399c::working_set_pack_b,5ac47249554299194317399c,"['A', 'B', 'C', 'D', 'E', 'F']","[1, 0, 0, 0, 1, 0]","[-10.013834953308105, -12.399818420410156, -10.977651596069336, -9.614175796508789, 64.57324981689453, -21.567790985107422]","[-10.013834953308105, -12.399818420410156, -10.977651596069336, -9.614175796508789, 64.57324981689453, -21.567790985107422]","[-10.013834953308105, -12.399818420410156, -10.977651596069336, -9.614175796508789, 64.57324981689453, -21.567790985107422]",1,1,False,"['C', 'E']","['A', 'E']"
5ac47249554299194317399c::active_set_pack_b,5ac47249554299194317399c,"['A', 'B', 'C', 'D', 'E', 'F']","[1, 0, 0, 0, 1, 0]","[-12.111176490783691, -14.433420181274414, -11.964521408081055, -11.901501655578613, 73.39468383789062, -22.984085083007812]","[-12.111176490783691, -14.433420181274414, -11.964521408081055, -11.901501655578613, 73.39468383789062, -22.984085083007812]","[-12.111176490783691, -14.433420181274414, -11.964521408081055, -11.901501655578613, 73.39468383789062, -22.984085083007812]",1,1,False,"['C', 'E']","['A', 'E']"
5aba04fb55429939ce03dc54::working_set_pack_a,5aba04fb55429939ce03dc54,"['A', 'B', 'C', 'D', 'E', 'F']","[0, 0, 1, 0, 1, 0]","[5.990009307861328, -37.123043060302734, 3.8751919269561768, 6.666044235229492, 14.68342399597168, 5.908388137817383]","[-5.990009307861328, 37.123043060302734, -3.8751919269561768, -6.666044235229492, -14.68342399597168, -5.908388137817383]","[-5.990009307861328, 37.123043060302734, -3.8751919269561768, -6.666044235229492, -14.68342399597168, -5.908388137817383]",-1,1,False,"['B', 'C']","['C', 'E']"
5aba04fb55429939ce03dc54::active_set_pack_a,5aba04fb55429939ce03dc54,"['A', 'B', 'C', 'D', 'E', 'F']","[0, 0, 1, 0, 1, 0]","[6.704074859619141, -36.922176361083984, 4.516975402832031, 7.657115459442139, 11.44685173034668, 6.597157955169678]","[-6.704074859619141, 36.922176361083984, -4.516975402832031, -7.657115459442139, -11.44685173034668, -6.597157955169678]","[-6.704074859619141, 36.922176361083984, -4.516975402832031, -7.657115459442139, -11.44685173034668, -6.597157955169678]",-1,1,False,"['B', 'C']","['C', 'E']"
5aba04fb55429939ce03dc54::working_set_pack_b,5aba04fb55429939ce03dc54,"['A', 'B', 'C', 'D', 'E', 'F']","[0, 0, 1, 0, 1, 0]","[1.1406973600387573, -31.53960418701172, -0.3364364802837372, 1.4822674989700317, 27.836755752563477, 1.416307806968689]","[-1.1406973600387573, 31.53960418701172, 0.3364364802837372, -1.4822674989700317, -27.836755752563477, -1.416307806968689]","[-1.1406973600387573, 31.53960418701172, 0.3364364802837372, -1.4822674989700317, -27.836755752563477, -1.416307806968689]",-1,1,False,"['B', 'C']","['C', 'E']"
5aba04fb55429939ce03dc54::active_set_pack_b,5aba04fb55429939ce03dc54,"['A', 'B', 'C', 'D', 'E', 'F']","[0, 0, 1, 0, 1, 0]","[7.554056644439697, -44.28919219970703, 5.39423131942749, 9.72150707244873, 14.327789306640625, 7.2916154861450195]","[-7.554056644439697, 44.28919219970703, -5.39423131942749, -9.72150707244873, -14.327789306640625, -7.2916154861450195]","[-7.554056644439697, 44.28919219970703, -5.39423131942749, -9.72150707244873, -14.327789306640625, -7.2916154861450195]",-1,1,False,"['B', 'C']","['C', 'E']"
5a79f2185542996a35c1703d::working_set_pack_a,5a79f2185542996a35c1703d,"['A', 'B', 'C', 'D', 'E', 'F']","[1, 1, 0, 0, 0, 0]","[-0.8872527480125427, 24.416236877441406, -6.56716775894165, -5.554271221160889, -4.960085391998291, -6.447458267211914]","[-0.8872527480125427, 24.416236877441406, -6.56716775894165, -5.554271221160889, -4.960085391998291, -6.447458267211914]","[-0.8872527480125427, 24.416236877441406, -6.56716775894165, -5.554271221160889, -4.960085391998291, -6.447458267211914]",1,1,True,"['A', 'B']","['A', 'B']"
5a79f2185542996a35c1703d::active_set_pack_a,5a79f2185542996a35c1703d,"['A', 'B', 'C', 'D', 'E', 'F']","[1, 1, 0, 0, 0, 0]","[-0.2399473488330841, 23.886322021484375, -6.5202555656433105, -5.600093364715576, -5.049102306365967, -6.476927280426025]","[-0.2399473488330841, 23.886322021484375, -6.5202555656433105, -5.600093364715576, -5.049102306365967, -6.476927280426025]","[-0.2399473488330841, 23.886322021484375, -6.5202555656433105, -5.600093364715576, -5.049102306365967, -6.476927280426025]",1,1,True,"['A', 'B']","['A', 'B']"
5a79f2185542996a35c1703d::working_set_pack_b,5a79f2185542996a35c1703d,"['A', 'B', 'C', 'D', 'E', 'F']","[1, 1, 0, 0, 0, 0]","[-3.7164978981018066, 34.713661193847656, -8.572896003723145, -7.472744941711426, -6.536171913146973, -8.41534423828125]","[-3.7164978981018066, 34.713661193847656, -8.572896003723145, -7.472744941711426, -6.536171913146973, -8.41534423828125]","[-3.7164978981018066, 34.713661193847656, -8.572896003723145, -7.472744941711426, -6.536171913146973, -8.41534423828125]",1,1,True,"['A', 'B']","['A', 'B']"
5a79f2185542996a35c1703d::active_set_pack_b,5a79f2185542996a35c1703d,"['A', 'B', 'C', 'D', 'E', 'F']","[1, 1, 0, 0, 0, 0]","[3.5096852779388428, 27.697107315063477, -8.964862823486328, -7.43764066696167, -5.9258904457092285, -8.878406524658203]","[3.5096852779388428, 27.697107315063477, -8.964862823486328, -7.43764066696167, -5.9258904457092285, -8.878406524658203]","[3.5096852779388428, 27.697107315063477, -8.964862823486328, -7.43764066696167, -5.9258904457092285, -8.878406524658203]",1,1,True,"['A', 'B']","['A', 'B']"
5ae0925e55429945ae9593c9::working_set_pack_a,5ae0925e55429945ae9593c9,"['A', 'B', 'C', 'D', 'E', 'F']","[0, 1, 1, 0, 0, 0]","[-4.926720142364502, -8.393389701843262, 28.514686584472656, -5.065009117126465, -5.454903602600098, -4.674665927886963]","[-4.926720142364502, -8.393389701843262, 28.514686584472656, -5.065009117126465, -5.454903602600098, -4.674665927886963]","[-4.926720142364502, -8.393389701843262, 28.514686584472656, -5.065009117126465, -5.454903602600098, -4.674665927886963]",1,1,True,"['B', 'C']","['B', 'C']"
5ae0925e55429945ae9593c9::active_set_pack_a,5ae0925e55429945ae9593c9,"['A', 'B', 'C', 'D', 'E', 'F']","[0, 1, 1, 0, 0, 0]","[-4.833302021026611, -9.903763771057129, 29.48651695251465, -4.859152317047119, -5.194372653961182, -4.695924282073975]","[-4.833302021026611, -9.903763771057129, 29.48651695251465, -4.859152317047119, -5.194372653961182, -4.695924282073975]","[-4.833302021026611, -9.903763771057129, 29.48651695251465, -4.859152317047119, -5.194372653961182, -4.695924282073975]",1,1,True,"['B', 'C']","['B', 'C']"
5ae0925e55429945ae9593c9::working_set_pack_b,5ae0925e55429945ae9593c9,"['A', 'B', 'C', 'D', 'E', 'F']","[0, 1, 1, 0, 0, 0]","[-3.2511932849884033, 34.69021987915039, -19.457521438598633, -4.1273298263549805, -3.916602373123169, -3.937577724456787]","[-3.2511932849884033, 34.69021987915039, -19.457521438598633, -4.1273298263549805, -3.916602373123169, -3.937577724456787]","[-3.2511932849884033, 34.69021987915039, -19.457521438598633, -4.1273298263549805, -3.916602373123169, -3.937577724456787]",1,1,True,"['B', 'C']","['B', 'C']"
5ae0925e55429945ae9593c9::active_set_pack_b,5ae0925e55429945ae9593c9,"['A', 'B', 'C', 'D', 'E', 'F']","[0, 1, 1, 0, 0, 0]","[-5.726396083831787, -14.409126281738281, 37.77528381347656, -6.0082807540893555, -5.954184055328369, -5.677293300628662]","[-5.726396083831787, -14.409126281738281, 37.77528381347656, -6.0082807540893555, -5.954184055328369, -5.677293300628662]","[5.726396083831787, 14.409126281738281, -37.77528381347656, 6.0082807540893555, 5.954184055328369, 5.677293300628662]",-1,-1,True,"['B', 'C']","['B', 'C']"
5a7f165b55429934daa2fccd::working_set_pack_a,5a7f165b55429934daa2fccd,"['A', 'B', 'C', 'D', 'E', 'F']","[0, 0, 0, 1, 1, 0]","[-10.669814109802246, -11.59934139251709, -11.870802879333496, 28.538528442382812, 12.949491500854492, -7.348062515258789]","[-10.669814109802246, -11.59934139251709, -11.870802879333496, 28.538528442382812, 12.949491500854492, -7.348062515258789]","[-10.669814109802246, -11.59934139251709, -11.870802879333496, 28.538528442382812, 12.949491500854492, -7.348062515258789]",1,1,True,"['D', 'E']","['D', 'E']"
5a7f165b55429934daa2fccd::active_set_pack_a,5a7f165b55429934daa2fccd,"['A', 'B', 'C', 'D', 'E', 'F']","[0, 0, 0, 1, 1, 0]","[-10.579442024230957, -11.53622055053711, -11.740679740905762, 30.146190643310547, 11.744941711425781, -8.034781455993652]","[-10.579442024230957, -11.53622055053711, -11.740679740905762, 30.146190643310547, 11.744941711425781, -8.034781455993652]","[-10.579442024230957, -11.53622055053711, -11.740679740905762, 30.146190643310547, 11.744941711425781, -8.034781455993652]",1,1,True,"['D', 'E']","['D', 'E']"
5a7f165b55429934daa2fccd::working_set_pack_b,5a7f165b55429934daa2fccd,"['A', 'B', 'C', 'D', 'E', 'F']","[0, 0, 0, 1, 1, 0]","[-10.720327377319336, -11.273423194885254, -11.977459907531738, 32.93772888183594, 8.515214920043945, -7.481726169586182]","[-10.720327377319336, -11.273423194885254, -11.977459907531738, 32.93772888183594, 8.515214920043945, -7.481726169586182]","[-10.720327377319336, -11.273423194885254, -11.977459907531738, 32.93772888183594, 8.515214920043945, -7.481726169586182]",1,1,True,"['D', 'E']","['D', 'E']"
5a7f165b55429934daa2fccd::active_set_pack_b,5a7f165b55429934daa2fccd,"['A', 'B', 'C', 'D', 'E', 'F']","[0, 0, 0, 1, 1, 0]","[-11.638601303100586, -12.397771835327148, -12.94951057434082, 29.60819435119629, 16.391454696655273, -9.013764381408691]","[-11.638601303100586, -12.397771835327148, -12.94951057434082, 29.60819435119629, 16.391454696655273, -9.013764381408691]","[-11.638601303100586, -12.397771835327148, -12.94951057434082, 29.60819435119629, 16.391454696655273, -9.013764381408691]",1,1,True,"['D', 'E']","['D', 'E']"
5a8ba62d554299240d9c205c::working_set_pack_a,5a8ba62d554299240d9c205c,"['A', 'B', 'C', 'D', 'E', 'F']","[0, 1, 1, 0, 0, 0]","[-4.656956195831299, 38.490013122558594, -16.707717895507812, -6.143352508544922, -5.778811454772949, -5.2031636238098145]","[-4.656956195831299, 38.490013122558594, -16.707717895507812, -6.143352508544922, -5.778811454772949, -5.2031636238098145]","[-4.656956195831299, 38.490013122558594, -16.707717895507812, -6.143352508544922, -5.778811454772949, -5.2031636238098145]",1,1,True,"['B', 'C']","['B', 'C']"
5a8ba62d554299240d9c205c::active_set_pack_a,5a8ba62d554299240d9c205c,"['A', 'B', 'C', 'D', 'E', 'F']","[0, 1, 1, 0, 0, 0]","[-5.828158855438232, 38.49534225463867, -11.481374740600586, -7.743983268737793, -7.205450534820557, -6.236385822296143]","[-5.828158855438232, 38.49534225463867, -11.481374740600586, -7.743983268737793, -7.205450534820557, -6.236385822296143]","[-5.828158855438232, 38.49534225463867, -11.481374740600586, -7.743983268737793, -7.205450534820557, -6.236385822296143]",1,1,True,"['B', 'C']","['B', 'C']"
5a8ba62d554299240d9c205c::working_set_pack_b,5a8ba62d554299240d9c205c,"['A', 'B', 'C', 'D', 'E', 'F']","[0, 1, 1, 0, 0, 0]","[-8.767608642578125, -12.798537254333496, 50.51632308959961, -10.651302337646484, -9.725335121154785, -8.5735445022583]","[-8.767608642578125, -12.798537254333496, 50.51632308959961, -10.651302337646484, -9.725335121154785, -8.5735445022583]","[-8.767608642578125, -12.798537254333496, 50.51632308959961, -10.651302337646484, -9.725335121154785, -8.5735445022583]",1,1,True,"['B', 'C']","['B', 'C']"
5a8ba62d554299240d9c205c::active_set_pack_b,5a8ba62d554299240d9c205c,"['A', 'B', 'C', 'D', 'E', 'F']","[0, 1, 1, 0, 0, 0]","[-4.9320759773254395, 46.11351776123047, -23.743120193481445, -6.319262504577637, -5.844540119171143, -5.274490833282471]","[-4.9320759773254395, 46.11351776123047, -23.743120193481445, -6.319262504577637, -5.844540119171143, -5.274490833282471]","[-4.9320759773254395, 46.11351776123047, -23.743120193481445, -6.319262504577637, -5.844540119171143, -5.274490833282471]",1,1,True,"['B', 'C']","['B', 'C']"
5ae6053c55429929b0807a60::working_set_pack_a,5ae6053c55429929b0807a60,"['A', 'B', 'C', 'D', 'E', 'F']","[0, 1, 0, 1, 0, 0]","[-4.651551723480225, -4.060372829437256, -4.94058084487915, 31.779882431030273, -10.710354804992676, -7.417023181915283]","[-4.651551723480225, -4.060372829437256, -4.94058084487915, 31.779882431030273, -10.710354804992676, -7.417023181915283]","[-4.651551723480225, -4.060372829437256, -4.94058084487915, 31.779882431030273, -10.710354804992676, -7.417023181915283]",1,1,True,"['B', 'D']","['B', 'D']"
5ae6053c55429929b0807a60::active_set_pack_a,5ae6053c55429929b0807a60,"['A', 'B', 'C', 'D', 'E', 'F']","[0, 1, 0, 1, 0, 0]","[-4.158138275146484, -4.398528575897217, -4.499607563018799, 30.10000228881836, -10.342105865478516, -6.701622486114502]","[-4.158138275146484, -4.398528575897217, -4.499607563018799, 30.10000228881836, -10.342105865478516, -6.701622486114502]","[-4.158138275146484, -4.398528575897217, -4.499607563018799, 30.10000228881836, -10.342105865478516, -6.701622486114502]",1,1,True,"['B', 'D']","['B', 'D']"
5ae6053c55429929b0807a60::working_set_pack_b,5ae6053c55429929b0807a60,"['A', 'B', 'C', 'D', 'E', 'F']","[0, 1, 0, 1, 0, 0]","[-5.7026286125183105, -4.497698783874512, -5.790616989135742, 38.00437927246094, -13.152608871459961, -8.860828399658203]","[-5.7026286125183105, -4.497698783874512, -5.790616989135742, 38.00437927246094, -13.152608871459961, -8.860828399658203]","[-5.7026286125183105, -4.497698783874512, -5.790616989135742, 38.00437927246094, -13.152608871459961, -8.860828399658203]",1,1,True,"['B', 'D']","['B', 'D']"
5ae6053c55429929b0807a60::active_set_pack_b,5ae6053c55429929b0807a60,"['A', 'B', 'C', 'D', 'E', 'F']","[0, 1, 0, 1, 0, 0]","[-4.65714693069458, -2.8738603591918945, -5.072089195251465, 32.43374252319336, -10.592205047607422, -9.238446235656738]","[-4.65714693069458, -2.8738603591918945, -5.072089195251465, 32.43374252319336, -10.592205047607422, -9.238446235656738]","[-4.65714693069458, -2.8738603591918945, -5.072089195251465, 32.43374252319336, -10.592205047607422, -9.238446235656738]",1,1,True,"['B', 'D']","['B', 'D']"
5ae42a195542995ad6573d0e::working_set_pack_a,5ae42a195542995ad6573d0e,"['A', 'B', 'C', 'D', 'E', 'F']","[1, 0, 0, 0, 1, 0]","[-5.896175384521484, -7.971108436584473, -7.915672779083252, -8.306397438049316, 38.63287353515625, -8.543505668640137]","[-5.896175384521484, -7.971108436584473, -7.915672779083252, -8.306397438049316, 38.63287353515625, -8.543505668640137]","[-5.896175384521484, -7.971108436584473, -7.915672779083252, -8.306397438049316, 38.63287353515625, -8.543505668640137]",1,1,True,"['A', 'E']","['A', 'E']"
5ae42a195542995ad6573d0e::active_set_pack_a,5ae42a195542995ad6573d0e,"['A', 'B', 'C', 'D', 'E', 'F']","[1, 0, 0, 0, 1, 0]","[-5.980473518371582, -8.217042922973633, -8.099566459655762, -8.46025562286377, 39.65371322631836, -8.896373748779297]","[-5.980473518371582, -8.217042922973633, -8.099566459655762, -8.46025562286377, 39.65371322631836, -8.896373748779297]","[-5.980473518371582, -8.217042922973633, -8.099566459655762, -8.46025562286377, 39.65371322631836, -8.896373748779297]",1,1,True,"['A', 'E']","['A', 'E']"
5ae42a195542995ad6573d0e::working_set_pack_b,5ae42a195542995ad6573d0e,"['A', 'B', 'C', 'D', 'E', 'F']","[1, 0, 0, 0, 1, 0]","[-7.794509410858154, -9.816933631896973, -9.798364639282227, -10.666923522949219, 48.51787567138672, -10.441132545471191]","[-7.794509410858154, -9.816933631896973, -9.798364639282227, -10.666923522949219, 48.51787567138672, -10.441132545471191]","[-7.794509410858154, -9.816933631896973, -9.798364639282227, -10.666923522949219, 48.51787567138672, -10.441132545471191]",1,1,True,"['A', 'E']","['A', 'E']"
5ae42a195542995ad6573d0e::active_set_pack_b,5ae42a195542995ad6573d0e,"['A', 'B', 'C', 'D', 'E', 'F']","[1, 0, 0, 0, 1, 0]","[-7.293460369110107, -9.68291187286377, -9.35152816772461, -10.071364402770996, 46.2163200378418, -9.817041397094727]","[-7.293460369110107, -9.68291187286377, -9.35152816772461, -10.071364402770996, 46.2163200378418, -9.817041397094727]","[-7.293460369110107, -9.68291187286377, -9.35152816772461, -10.071364402770996, 46.2163200378418, -9.817041397094727]",1,1,True,"['A', 'E']","['A', 'E']"
5ae1aed65542997f29b3c0ff::working_set_pack_a,5ae1aed65542997f29b3c0ff,"['A', 'B', 'C', 'D', 'E', 'F']","[1, 0, 0, 0, 0, 1]","[-12.155705451965332, -12.457845687866211, -12.146278381347656, -11.0973539352417, -13.143197059631348, 61.00040054321289]","[-12.155705451965332, -12.457845687866211, -12.146278381347656, -11.0973539352417, -13.143197059631348, 61.00040054321289]","[-12.155705451965332, -12.457845687866211, -12.146278381347656, -11.0973539352417, -13.143197059631348, 61.00040054321289]",1,1,False,"['D', 'F']","['A', 'F']"
5ae1aed65542997f29b3c0ff::active_set_pack_a,5ae1aed65542997f29b3c0ff,"['A', 'B', 'C', 'D', 'E', 'F']","[1, 0, 0, 0, 0, 1]","[-11.042130470275879, -11.226264953613281, -10.867318153381348, -9.974322319030762, -11.820598602294922, 54.93062973022461]","[-11.042130470275879, -11.226264953613281, -10.867318153381348, -9.974322319030762, -11.820598602294922, 54.93062973022461]","[-11.042130470275879, -11.226264953613281, -10.867318153381348, -9.974322319030762, -11.820598602294922, 54.93062973022461]",1,1,False,"['D', 'F']","['A', 'F']"
5ae1aed65542997f29b3c0ff::working_set_pack_b,5ae1aed65542997f29b3c0ff,"['A', 'B', 'C', 'D', 'E', 'F']","[1, 0, 0, 0, 0, 1]","[-13.017998695373535, -13.375061988830566, -14.14651107788086, -12.799072265625, -11.787405967712402, 65.12605285644531]","[-13.017998695373535, -13.375061988830566, -14.14651107788086, -12.799072265625, -11.787405967712402, 65.12605285644531]","[-13.017998695373535, -13.375061988830566, -14.14651107788086, -12.799072265625, -11.787405967712402, 65.12605285644531]",1,1,False,"['D', 'F']","['A', 'F']"
5ae1aed65542997f29b3c0ff::active_set_pack_b,5ae1aed65542997f29b3c0ff,"['A', 'B', 'C', 'D', 'E', 'F']","[1, 0, 0, 0, 0, 1]","[-13.65937328338623, -13.845903396606445, -13.983819961547852, -12.590907096862793, -13.662816047668457, 67.74282836914062]","[-13.65937328338623, -13.845903396606445, -13.983819961547852, -12.590907096862793, -13.662816047668457, 67.74282836914062]","[-13.65937328338623, -13.845903396606445, -13.983819961547852, -12.590907096862793, -13.662816047668457, 67.74282836914062]",1,1,False,"['D', 'F']","['A', 'F']"
5a7c75a655429935c91b51c4::working_set_pack_a,5a7c75a655429935c91b51c4,"['A', 'B', 'C', 'D', 'E', 'F']","[0, 1, 1, 0, 0, 0]","[-4.136669635772705, -3.855811357498169, 34.38373947143555, -13.840794563293457, -6.189172744750977, -6.361292362213135]","[-4.136669635772705, -3.855811357498169, 34.38373947143555, -13.840794563293457, -6.189172744750977, -6.361292362213135]","[-4.136669635772705, -3.855811357498169, 34.38373947143555, -13.840794563293457, -6.189172744750977, -6.361292362213135]",1,1,True,"['B', 'C']","['B', 'C']"
5a7c75a655429935c91b51c4::active_set_pack_a,5a7c75a655429935c91b51c4,"['A', 'B', 'C', 'D', 'E', 'F']","[0, 1, 1, 0, 0, 0]","[-3.3110525608062744, -2.9235897064208984, 30.39678955078125, -12.781437873840332, -5.605405807495117, -5.775307655334473]","[-3.3110525608062744, -2.9235897064208984, 30.39678955078125, -12.781437873840332, -5.605405807495117, -5.775307655334473]","[-3.3110525608062744, -2.9235897064208984, 30.39678955078125, -12.781437873840332, -5.605405807495117, -5.775307655334473]",1,1,True,"['B', 'C']","['B', 'C']"
5a7c75a655429935c91b51c4::working_set_pack_b,5a7c75a655429935c91b51c4,"['A', 'B', 'C', 'D', 'E', 'F']","[0, 1, 1, 0, 0, 0]","[-3.5597598552703857, -3.3237967491149902, 36.671329498291016, -15.570976257324219, -6.980700969696045, -7.236083507537842]","[-3.5597598552703857, -3.3237967491149902, 36.671329498291016, -15.570976257324219, -6.980700969696045, -7.236083507537842]","[-3.5597598552703857, -3.3237967491149902, 36.671329498291016, -15.570976257324219, -6.980700969696045, -7.236083507537842]",1,1,True,"['B', 'C']","['B', 'C']"
5a7c75a655429935c91b51c4::active_set_pack_b,5a7c75a655429935c91b51c4,"['A', 'B', 'C', 'D', 'E', 'F']","[0, 1, 1, 0, 0, 0]","[-4.985158443450928, -4.544830322265625, 39.457027435302734, -15.021449089050293, -7.541299819946289, -7.364298343658447]","[-4.985158443450928, -4.544830322265625, 39.457027435302734, -15.021449089050293, -7.541299819946289, -7.364298343658447]","[-4.985158443450928, -4.544830322265625, 39.457027435302734, -15.021449089050293, -7.541299819946289, -7.364298343658447]",1,1,True,"['B', 'C']","['B', 'C']"
5a76c0d3554299373536019f::working_set_pack_a,5a76c0d3554299373536019f,"['A', 'B', 'C', 'D', 'E', 'F']","[0, 1, 0, 0, 0, 1]","[-14.850540161132812, -12.330639839172363, -15.489809036254883, -14.826723098754883, -15.86755657196045, 73.36527252197266]","[-14.850540161132812, -12.330639839172363, -15.489809036254883, -14.826723098754883, -15.86755657196045, 73.36527252197266]","[-14.850540161132812, -12.330639839172363, -15.489809036254883, -14.826723098754883, -15.86755657196045, 73.36527252197266]",1,1,True,"['B', 'F']","['B', 'F']"
5a76c0d3554299373536019f::active_set_pack_a,5a76c0d3554299373536019f,"['A', 'B', 'C', 'D', 'E', 'F']","[0, 1, 0, 0, 0, 1]","[-14.830217361450195, -12.194135665893555, -15.538660049438477, -14.895059585571289, -15.742466926574707, 73.20054626464844]","[-14.830217361450195, -12.194135665893555, -15.538660049438477, -14.895059585571289, -15.742466926574707, 73.20054626464844]","[-14.830217361450195, -12.194135665893555, -15.538660049438477, -14.895059585571289, -15.742466926574707, 73.20054626464844]",1,1,True,"['B', 'F']","['B', 'F']"
5a76c0d3554299373536019f::working_set_pack_b,5a76c0d3554299373536019f,"['A', 'B', 'C', 'D', 'E', 'F']","[0, 1, 0, 0, 0, 1]","[-15.693535804748535, -12.942489624023438, -16.278852462768555, -15.433584213256836, -17.219738006591797, 77.56817626953125]","[-15.693535804748535, -12.942489624023438, -16.278852462768555, -15.433584213256836, -17.219738006591797, 77.56817626953125]","[-15.693535804748535, -12.942489624023438, -16.278852462768555, -15.433584213256836, -17.219738006591797, 77.56817626953125]",1,1,True,"['B', 'F']","['B', 'F']"
5a76c0d3554299373536019f::active_set_pack_b,5a76c0d3554299373536019f,"['A', 'B', 'C', 'D', 'E', 'F']","[0, 1, 0, 0, 0, 1]","[-13.42874813079834, -10.708088874816895, -14.40617847442627, -13.745771408081055, -14.3988676071167, 66.68765258789062]","[-13.42874813079834, -10.708088874816895, -14.40617847442627, -13.745771408081055, -14.3988676071167, 66.68765258789062]","[-13.42874813079834, -10.708088874816895, -14.40617847442627, -13.745771408081055, -14.3988676071167, 66.68765258789062]",1,1,True,"['B', 'F']","['B', 'F']"
5a8b1fc955429971feec4643::working_set_pack_a,5a8b1fc955429971feec4643,"['A', 'B', 'C', 'D', 'E', 'F']","[1, 1, 0, 0, 0, 0]","[28.428531646728516, -5.129404067993164, -5.395792484283447, -5.271100044250488, -4.823920249938965, -7.808315753936768]","[28.428531646728516, -5.129404067993164, -5.395792484283447, -5.271100044250488, -4.823920249938965, -7.808315753936768]","[28.428531646728516, -5.129404067993164, -5.395792484283447, -5.271100044250488, -4.823920249938965, -7.808315753936768]",1,1,True,"['A', 'B']","['A', 'B']"
5a8b1fc955429971feec4643::active_set_pack_a,5a8b1fc955429971feec4643,"['A', 'B', 'C', 'D', 'E', 'F']","[1, 1, 0, 0, 0, 0]","[27.09001350402832, -8.1859769821167, -4.529670238494873, -4.3595452308654785, -4.019306659698486, -5.995513439178467]","[27.09001350402832, -8.1859769821167, -4.529670238494873, -4.3595452308654785, -4.019306659698486, -5.995513439178467]","[27.09001350402832, -8.1859769821167, -4.529670238494873, -4.3595452308654785, -4.019306659698486, -5.995513439178467]",1,1,True,"['A', 'B']","['A', 'B']"
5a8b1fc955429971feec4643::working_set_pack_b,5a8b1fc955429971feec4643,"['A', 'B', 'C', 'D', 'E', 'F']","[1, 1, 0, 0, 0, 0]","[27.451919555664062, -15.522221565246582, -2.871645927429199, -2.8648242950439453, -2.305403470993042, -3.88782000541687]","[27.451919555664062, -15.522221565246582, -2.871645927429199, -2.8648242950439453, -2.305403470993042, -3.88782000541687]","[-27.451919555664062, 15.522221565246582, 2.871645927429199, 2.8648242950439453, 2.305403470993042, 3.88782000541687]",-1,-1,True,"['A', 'B']","['A', 'B']"
5a8b1fc955429971feec4643::active_set_pack_b,5a8b1fc955429971feec4643,"['A', 'B', 'C', 'D', 'E', 'F']","[1, 1, 0, 0, 0, 0]","[34.369972229003906, -5.257574558258057, -6.721739768981934, -6.425675392150879, -6.184748649597168, -9.780252456665039]","[34.369972229003906, -5.257574558258057, -6.721739768981934, -6.425675392150879, -6.184748649597168, -9.780252456665039]","[34.369972229003906, -5.257574558258057, -6.721739768981934, -6.425675392150879, -6.184748649597168, -9.780252456665039]",1,1,True,"['A', 'B']","['A', 'B']"
5a8add645542992d82986fb5::working_set_pack_a,5a8add645542992d82986fb5,"['A', 'B', 'C', 'D', 'E', 'F']","[0, 0, 0, 1, 0, 1]","[-7.662866115570068, -6.833176136016846, -10.971992492675781, -5.513622760772705, -9.371575355529785, 40.35322189331055]","[7.662866115570068, 6.833176136016846, 10.971992492675781, 5.513622760772705, 9.371575355529785, -40.35322189331055]","[-7.662866115570068, -6.833176136016846, -10.971992492675781, -5.513622760772705, -9.371575355529785, 40.35322189331055]",1,-1,False,"['B', 'D']","['D', 'F']"
5a8add645542992d82986fb5::active_set_pack_a,5a8add645542992d82986fb5,"['A', 'B', 'C', 'D', 'E', 'F']","[0, 0, 0, 1, 0, 1]","[-8.559395790100098, -7.524223804473877, -11.74487018585205, -6.421399116516113, -10.418007850646973, 44.667903900146484]","[8.559395790100098, 7.524223804473877, 11.74487018585205, 6.421399116516113, 10.418007850646973, -44.667903900146484]","[-8.559395790100098, -7.524223804473877, -11.74487018585205, -6.421399116516113, -10.418007850646973, 44.667903900146484]",1,-1,False,"['B', 'D']","['D', 'F']"
5a8add645542992d82986fb5::working_set_pack_b,5a8add645542992d82986fb5,"['A', 'B', 'C', 'D', 'E', 'F']","[0, 0, 0, 1, 0, 1]","[-7.824726104736328, -7.112329006195068, -13.334564208984375, -5.5699872970581055, -9.885720252990723, 43.72732162475586]","[-7.824726104736328, -7.112329006195068, -13.334564208984375, -5.5699872970581055, -9.885720252990723, 43.72732162475586]","[-7.824726104736328, -7.112329006195068, -13.334564208984375, -5.5699872970581055, -9.885720252990723, 43.72732162475586]",1,1,False,"['B', 'F']","['D', 'F']"
5a8add645542992d82986fb5::active_set_pack_b,5a8add645542992d82986fb5,"['A', 'B', 'C', 'D', 'E', 'F']","[0, 0, 0, 1, 0, 1]","[-10.038021087646484, -8.034960746765137, -14.6691255569458, -7.707094192504883, -12.655426979064941, 53.104637145996094]","[-10.038021087646484, -8.034960746765137, -14.6691255569458, -7.707094192504883, -12.655426979064941, 53.104637145996094]","[-10.038021087646484, -8.034960746765137, -14.6691255569458, -7.707094192504883, -12.655426979064941, 53.104637145996094]",1,1,False,"['B', 'F']","['D', 'F']"
5a754aa455429916b01642e3::working_set_pack_a,5a754aa455429916b01642e3,"['A', 'B', 'C', 'D', 'E', 'F']","[0, 0, 1, 1, 0, 0]","[-6.23007869720459, -5.851771354675293, -6.009178638458252, 29.64861297607422, -7.616183757781982, -3.941408634185791]","[-6.23007869720459, -5.851771354675293, -6.009178638458252, 29.64861297607422, -7.616183757781982, -3.941408634185791]","[-6.23007869720459, -5.851771354675293, -6.009178638458252, 29.64861297607422, -7.616183757781982, -3.941408634185791]",1,1,True,"['C', 'D']","['C', 'D']"
5a754aa455429916b01642e3::active_set_pack_a,5a754aa455429916b01642e3,"['A', 'B', 'C', 'D', 'E', 'F']","[0, 0, 1, 1, 0, 0]","[-5.265507221221924, -4.92387056350708, -6.000975131988525, 28.112892150878906, -6.990299224853516, -4.9322381019592285]","[-5.265507221221924, -4.92387056350708, -6.000975131988525, 28.112892150878906, -6.990299224853516, -4.9322381019592285]","[-5.265507221221924, -4.92387056350708, -6.000975131988525, 28.112892150878906, -6.990299224853516, -4.9322381019592285]",1,1,True,"['C', 'D']","['C', 'D']"
5a754aa455429916b01642e3::working_set_pack_b,5a754aa455429916b01642e3,"['A', 'B', 'C', 'D', 'E', 'F']","[0, 0, 1, 1, 0, 0]","[-4.318171501159668, -4.072803020477295, -6.142568588256836, 29.945392608642578, -5.792749881744385, -9.619095802307129]","[-4.318171501159668, -4.072803020477295, -6.142568588256836, 29.945392608642578, -5.792749881744385, -9.619095802307129]","[-4.318171501159668, -4.072803020477295, -6.142568588256836, 29.945392608642578, -5.792749881744385, -9.619095802307129]",1,1,True,"['C', 'D']","['C', 'D']"
5a754aa455429916b01642e3::active_set_pack_b,5a754aa455429916b01642e3,"['A', 'B', 'C', 'D', 'E', 'F']","[0, 0, 1, 1, 0, 0]","[-6.7628092765808105, -6.298549175262451, -5.709766864776611, 34.994808197021484, -8.480432510375977, -7.743258476257324]","[-6.7628092765808105, -6.298549175262451, -5.709766864776611, 34.994808197021484, -8.480432510375977, -7.743258476257324]","[-6.7628092765808105, -6.298549175262451, -5.709766864776611, 34.994808197021484, -8.480432510375977, -7.743258476257324]",1,1,True,"['C', 'D']","['C', 'D']"
5abad3395542996cc5e49e9f::working_set_pack_a,5abad3395542996cc5e49e9f,"['A', 'B', 'C', 'D', 'E', 'F']","[1, 0, 0, 0, 1, 0]","[-5.871115684509277, -6.306031227111816, -7.145805835723877, -5.946690559387207, 33.162742614746094, -7.893093585968018]","[-5.871115684509277, -6.306031227111816, -7.145805835723877, -5.946690559387207, 33.162742614746094, -7.893093585968018]","[5.871115684509277, 6.306031227111816, 7.145805835723877, 5.946690559387207, -33.162742614746094, 7.893093585968018]",-1,-1,True,"['A', 'E']","['A', 'E']"
5abad3395542996cc5e49e9f::active_set_pack_a,5abad3395542996cc5e49e9f,"['A', 'B', 'C', 'D', 'E', 'F']","[1, 0, 0, 0, 1, 0]","[-5.483524322509766, -5.923727035522461, -6.787141799926758, -5.498152732849121, 31.0233211517334, -7.330778121948242]","[-5.483524322509766, -5.923727035522461, -6.787141799926758, -5.498152732849121, 31.0233211517334, -7.330778121948242]","[5.483524322509766, 5.923727035522461, 6.787141799926758, 5.498152732849121, -31.0233211517334, 7.330778121948242]",-1,-1,True,"['A', 'E']","['A', 'E']"
5abad3395542996cc5e49e9f::working_set_pack_b,5abad3395542996cc5e49e9f,"['A', 'B', 'C', 'D', 'E', 'F']","[1, 0, 0, 0, 1, 0]","[-8.101510047912598, -8.212387084960938, -8.544407844543457, -7.950987339019775, 42.265533447265625, -9.456239700317383]","[-8.101510047912598, -8.212387084960938, -8.544407844543457, -7.950987339019775, 42.265533447265625, -9.456239700317383]","[8.101510047912598, 8.212387084960938, 8.544407844543457, 7.950987339019775, -42.265533447265625, 9.456239700317383]",-1,-1,True,"['A', 'E']","['A', 'E']"
5abad3395542996cc5e49e9f::active_set_pack_b,5abad3395542996cc5e49e9f,"['A', 'B', 'C', 'D', 'E', 'F']","[1, 0, 0, 0, 1, 0]","[-16.479324340820312, -4.349977016448975, -4.668475151062012, -3.8899710178375244, 36.290348052978516, -6.902599334716797]","[-16.479324340820312, -4.349977016448975, -4.668475151062012, -3.8899710178375244, 36.290348052978516, -6.902599334716797]","[16.479324340820312, 4.349977016448975, 4.668475151062012, 3.8899710178375244, -36.290348052978516, 6.902599334716797]",-1,-1,True,"['A', 'E']","['A', 'E']"
