prompt_id,example_id,pca_auc,norm_auc,pca_top2_correct,norm_top2_correct,target_overlap,matched_overlap_mean
5aba6de555429955dce3ee1d::working_set_pack_a,5aba6de555429955dce3ee1d,1.0,1.0,True,True,0.16632631188099814,0.048220582874054674
5aba6de555429955dce3ee1d::active_set_pack_a,5aba6de555429955dce3ee1d,1.0,1.0,True,True,0.16632631188099814,0.050802322400701566
5aba6de555429955dce3ee1d::working_set_pack_b,5aba6de555429955dce3ee1d,1.0,1.0,True,True,0.16632631188099814,0.04449304575026583
5aba6de555429955dce3ee1d::active_set_pack_b,5aba6de555429955dce3ee1d,1.0,1.0,True,True,0.16632631188099814,0.039407093667260376
5ae0abf655429945ae95940d::working_set_pack_a,5ae0abf655429945ae95940d,1.0,1.0,True,True,0.16775871501884088,0.06081253294258818
5ae0abf655429945ae95940d::active_set_pack_a,5ae0abf655429945ae95940d,1.0,0.875,True,False,0.16775871501884088,0.05703526912682422
5ae0abf655429945ae95940d::working_set_pack_b,5ae0abf655429945ae95940d,1.0,1.0,True,True,0.16775871501884088,0.05008199913509763
5ae0abf655429945ae95940d::active_set_pack_b,5ae0abf655429945ae95940d,1.0,0.75,True,False,0.16775871501884088,0.04954943457482318
5a7ba64c5542995eb53be97b::working_set_pack_a,5a7ba64c5542995eb53be97b,1.0,0.875,True,False,0.33764886804865835,0.041372379164815475
5a7ba64c5542995eb53be97b::active_set_pack_a,5a7ba64c5542995eb53be97b,1.0,0.875,True,False,0.33764886804865835,0.040254386694258404
5a7ba64c5542995eb53be97b::working_set_pack_b,5a7ba64c5542995eb53be97b,1.0,0.875,True,False,0.33764886804865835,0.04844563023477955
5a7ba64c5542995eb53be97b::active_set_pack_b,5a7ba64c5542995eb53be97b,1.0,0.875,True,False,0.33764886804865835,0.049010319239994424
5a8f20d655429924144829dc::working_set_pack_a,5a8f20d655429924144829dc,1.0,0.5,True,False,0.17293659924525281,0.14248805606283854
5a8f20d655429924144829dc::active_set_pack_a,5a8f20d655429924144829dc,0.875,0.875,False,False,0.17293659924525281,0.10728588032818326
5a8f20d655429924144829dc::working_set_pack_b,5a8f20d655429924144829dc,0.875,0.875,False,False,0.17293659924525281,0.1408829369348247
5a8f20d655429924144829dc::active_set_pack_b,5a8f20d655429924144829dc,0.875,0.5,False,False,0.17293659924525281,0.14959190060207828
5ae70f035542991bbc9761b1::working_set_pack_a,5ae70f035542991bbc9761b1,1.0,0.75,True,False,0.1580952217312059,0.05518744430507325
5ae70f035542991bbc9761b1::active_set_pack_a,5ae70f035542991bbc9761b1,1.0,0.75,True,False,0.1580952217312059,0.06000713361415578
5ae70f035542991bbc9761b1::working_set_pack_b,5ae70f035542991bbc9761b1,0.875,0.875,False,False,0.1580952217312059,0.060520785383588
5ae70f035542991bbc9761b1::active_set_pack_b,5ae70f035542991bbc9761b1,1.0,0.625,True,False,0.1580952217312059,0.05185005611516545
5ae0af9a5542993d6555ec17::working_set_pack_a,5ae0af9a5542993d6555ec17,1.0,0.875,True,False,0.1299156097901111,0.0
5ae0af9a5542993d6555ec17::active_set_pack_a,5ae0af9a5542993d6555ec17,1.0,0.75,True,False,0.1299156097901111,0.0
5ae0af9a5542993d6555ec17::working_set_pack_b,5ae0af9a5542993d6555ec17,1.0,1.0,True,True,0.1299156097901111,0.0
5ae0af9a5542993d6555ec17::active_set_pack_b,5ae0af9a5542993d6555ec17,1.0,1.0,True,True,0.1299156097901111,0.011885517987876024
5a76b649554299373536017f::working_set_pack_a,5a76b649554299373536017f,1.0,1.0,True,True,0.6379955662958916,0.13234498642101633
5a76b649554299373536017f::active_set_pack_a,5a76b649554299373536017f,1.0,1.0,True,True,0.6379955662958916,0.21207690100060492
5a76b649554299373536017f::working_set_pack_b,5a76b649554299373536017f,1.0,1.0,True,True,0.6379955662958916,0.06896092740505855
5a76b649554299373536017f::active_set_pack_b,5a76b649554299373536017f,1.0,1.0,True,True,0.6379955662958916,0.09318493326564967
5a778e1b5542995d831811c5::working_set_pack_a,5a778e1b5542995d831811c5,0.75,0.75,False,False,0.11272759873705482,0.12781161465534221
5a778e1b5542995d831811c5::active_set_pack_a,5a778e1b5542995d831811c5,0.75,0.75,False,False,0.11272759873705482,0.10093067895824694
5a778e1b5542995d831811c5::working_set_pack_b,5a778e1b5542995d831811c5,1.0,0.75,True,False,0.11272759873705482,0.12756852723592427
5a778e1b5542995d831811c5::active_set_pack_b,5a778e1b5542995d831811c5,1.0,0.625,True,False,0.11272759873705482,0.09656528667861139
5a7a0d665542990783324e14::working_set_pack_a,5a7a0d665542990783324e14,0.875,0.5,False,False,0.12122722685116363,0.08982153084785313
5a7a0d665542990783324e14::active_set_pack_a,5a7a0d665542990783324e14,1.0,0.875,True,False,0.12122722685116363,0.07695390118790896
5a7a0d665542990783324e14::working_set_pack_b,5a7a0d665542990783324e14,0.875,0.625,False,False,0.12122722685116363,0.08813087108226621
5a7a0d665542990783324e14::active_set_pack_b,5a7a0d665542990783324e14,0.875,1.0,False,True,0.12122722685116363,0.03874100615525283
5a82411055429940e5e1a815::working_set_pack_a,5a82411055429940e5e1a815,1.0,1.0,True,True,0.08520402358504287,0.055392135386512484
5a82411055429940e5e1a815::active_set_pack_a,5a82411055429940e5e1a815,1.0,0.875,True,False,0.08520402358504287,0.046026413345961054
5a82411055429940e5e1a815::working_set_pack_b,5a82411055429940e5e1a815,1.0,0.625,True,False,0.08520402358504287,0.05918177862630549
5a82411055429940e5e1a815::active_set_pack_b,5a82411055429940e5e1a815,1.0,0.5,True,False,0.08520402358504287,0.0452908666770974
5a7c7a8f55429907fabeef9c::working_set_pack_a,5a7c7a8f55429907fabeef9c,1.0,1.0,True,True,0.08414916722517138,0.07092016935475404
5a7c7a8f55429907fabeef9c::active_set_pack_a,5a7c7a8f55429907fabeef9c,1.0,0.75,True,False,0.08414916722517138,0.04020058291193031
5a7c7a8f55429907fabeef9c::working_set_pack_b,5a7c7a8f55429907fabeef9c,1.0,0.875,True,False,0.08414916722517138,0.0425150326402219
5a7c7a8f55429907fabeef9c::active_set_pack_b,5a7c7a8f55429907fabeef9c,1.0,0.875,True,False,0.08414916722517138,0.045421822493914535
5a73589d55429901807dafd1::working_set_pack_a,5a73589d55429901807dafd1,1.0,0.875,True,False,0.12154944012867024,0.09052736686560939
5a73589d55429901807dafd1::active_set_pack_a,5a73589d55429901807dafd1,1.0,1.0,True,True,0.12154944012867024,0.09367502681027506
5a73589d55429901807dafd1::working_set_pack_b,5a73589d55429901807dafd1,1.0,0.75,True,False,0.12154944012867024,0.09901467980970727
5a73589d55429901807dafd1::active_set_pack_b,5a73589d55429901807dafd1,1.0,1.0,True,True,0.12154944012867024,0.09464156985888614
5add624c5542992200553adf::working_set_pack_a,5add624c5542992200553adf,1.0,0.75,True,False,0.0847592381888373,0.03787392857690006
5add624c5542992200553adf::active_set_pack_a,5add624c5542992200553adf,0.875,0.625,False,False,0.0847592381888373,0.0758318030215841
5add624c5542992200553adf::working_set_pack_b,5add624c5542992200553adf,1.0,0.875,True,False,0.0847592381888373,0.06043745321986559
5add624c5542992200553adf::active_set_pack_b,5add624c5542992200553adf,1.0,0.875,True,False,0.0847592381888373,0.06492142892045523
5ade14735542990dbb2f7f49::working_set_pack_a,5ade14735542990dbb2f7f49,0.875,0.875,False,False,0.3002222423961311,0.033182476115281356
5ade14735542990dbb2f7f49::active_set_pack_a,5ade14735542990dbb2f7f49,1.0,1.0,True,True,0.3002222423961311,0.029362680726752556
5ade14735542990dbb2f7f49::working_set_pack_b,5ade14735542990dbb2f7f49,1.0,1.0,True,True,0.3002222423961311,0.0175527540333959
5ade14735542990dbb2f7f49::active_set_pack_b,5ade14735542990dbb2f7f49,1.0,0.875,True,False,0.3002222423961311,0.01645377306914071
5ade18635542997c77aded3e::working_set_pack_a,5ade18635542997c77aded3e,1.0,1.0,True,True,0.3975848124659672,0.07549114201789472
5ade18635542997c77aded3e::active_set_pack_a,5ade18635542997c77aded3e,1.0,1.0,True,True,0.3975848124659672,0.07256563465018276
5ade18635542997c77aded3e::working_set_pack_b,5ade18635542997c77aded3e,1.0,1.0,True,True,0.3975848124659672,0.07218798745947033
5ade18635542997c77aded3e::active_set_pack_b,5ade18635542997c77aded3e,1.0,1.0,True,True,0.3975848124659672,0.06143717444864697
5ab1c5cb554299722f9b4c61::working_set_pack_a,5ab1c5cb554299722f9b4c61,1.0,0.875,True,False,0.07351431135736076,0.07412700177307985
5ab1c5cb554299722f9b4c61::active_set_pack_a,5ab1c5cb554299722f9b4c61,1.0,1.0,True,True,0.07351431135736076,0.05433238096154619
5ab1c5cb554299722f9b4c61::working_set_pack_b,5ab1c5cb554299722f9b4c61,1.0,1.0,True,True,0.07351431135736076,0.0614771076727979
5ab1c5cb554299722f9b4c61::active_set_pack_b,5ab1c5cb554299722f9b4c61,0.875,1.0,False,True,0.07351431135736076,0.06301760158776502
5ae73a195542991e8301cbfd::working_set_pack_a,5ae73a195542991e8301cbfd,1.0,1.0,True,True,0.12101141216062805,0.03780218746566765
5ae73a195542991e8301cbfd::active_set_pack_a,5ae73a195542991e8301cbfd,1.0,1.0,True,True,0.12101141216062805,0.04467631908618898
5ae73a195542991e8301cbfd::working_set_pack_b,5ae73a195542991e8301cbfd,0.875,0.875,False,False,0.12101141216062805,0.0905368574084505
5ae73a195542991e8301cbfd::active_set_pack_b,5ae73a195542991e8301cbfd,0.875,0.75,False,False,0.12101141216062805,0.09129792400129691
5ab55478554299488d4d993d::working_set_pack_a,5ab55478554299488d4d993d,0.75,0.75,False,False,0.07050591536813762,0.03112513250855937
5ab55478554299488d4d993d::active_set_pack_a,5ab55478554299488d4d993d,0.875,1.0,False,True,0.07050591536813762,0.03394328548276116
5ab55478554299488d4d993d::working_set_pack_b,5ab55478554299488d4d993d,1.0,1.0,True,True,0.07050591536813762,0.04088809260353782
5ab55478554299488d4d993d::active_set_pack_b,5ab55478554299488d4d993d,1.0,0.75,True,False,0.07050591536813762,0.03032616518341942
5ab373d6554299233954ff53::working_set_pack_a,5ab373d6554299233954ff53,1.0,1.0,True,True,0.12058197523825573,0.04796709571392212
5ab373d6554299233954ff53::active_set_pack_a,5ab373d6554299233954ff53,0.875,0.875,False,False,0.12058197523825573,0.05114502734337845
5ab373d6554299233954ff53::working_set_pack_b,5ab373d6554299233954ff53,1.0,0.75,True,False,0.12058197523825573,0.08165611398060199
5ab373d6554299233954ff53::active_set_pack_b,5ab373d6554299233954ff53,1.0,0.875,True,False,0.12058197523825573,0.053062976324013196
5a7a8dab554299042af8f66a::working_set_pack_a,5a7a8dab554299042af8f66a,1.0,1.0,True,True,0.37314480039455133,0.11426218235643731
5a7a8dab554299042af8f66a::active_set_pack_a,5a7a8dab554299042af8f66a,1.0,1.0,True,True,0.37314480039455133,0.11393345712405936
5a7a8dab554299042af8f66a::working_set_pack_b,5a7a8dab554299042af8f66a,1.0,1.0,True,True,0.37314480039455133,0.06672746153354425
5a7a8dab554299042af8f66a::active_set_pack_b,5a7a8dab554299042af8f66a,1.0,1.0,True,True,0.37314480039455133,0.09802909128636438
5ab3020e55429976abd1bc1a::working_set_pack_a,5ab3020e55429976abd1bc1a,1.0,0.875,True,False,0.18477093345797613,0.04721477740347822
5ab3020e55429976abd1bc1a::active_set_pack_a,5ab3020e55429976abd1bc1a,0.875,1.0,False,True,0.18477093345797613,0.052187129540030144
5ab3020e55429976abd1bc1a::working_set_pack_b,5ab3020e55429976abd1bc1a,1.0,1.0,True,True,0.18477093345797613,0.040164072683421835
5ab3020e55429976abd1bc1a::active_set_pack_b,5ab3020e55429976abd1bc1a,1.0,1.0,True,True,0.18477093345797613,0.0590667623236372
5ae726a1554299572ea54738::working_set_pack_a,5ae726a1554299572ea54738,1.0,1.0,True,True,0.33579885550553434,0.03765560968920416
5ae726a1554299572ea54738::active_set_pack_a,5ae726a1554299572ea54738,1.0,1.0,True,True,0.33579885550553434,0.03208394761492136
5ae726a1554299572ea54738::working_set_pack_b,5ae726a1554299572ea54738,1.0,1.0,True,True,0.33579885550553434,0.03469883339291046
5ae726a1554299572ea54738::active_set_pack_b,5ae726a1554299572ea54738,1.0,1.0,True,True,0.33579885550553434,0.033194492235045274
5a8b10c655429949d91db49c::working_set_pack_a,5a8b10c655429949d91db49c,1.0,0.625,True,False,0.0716708670028776,0.04612773441295952
5a8b10c655429949d91db49c::active_set_pack_a,5a8b10c655429949d91db49c,1.0,0.875,True,False,0.0716708670028776,0.04042851185371438
5a8b10c655429949d91db49c::working_set_pack_b,5a8b10c655429949d91db49c,1.0,0.875,True,False,0.0716708670028776,0.043973575024953096
5a8b10c655429949d91db49c::active_set_pack_b,5a8b10c655429949d91db49c,1.0,0.5,True,False,0.0716708670028776,0.0404342624072003
5ab3f9b95542992ade7c6f09::working_set_pack_a,5ab3f9b95542992ade7c6f09,0.875,0.875,False,False,0.2435130775575052,0.0565333450921361
5ab3f9b95542992ade7c6f09::active_set_pack_a,5ab3f9b95542992ade7c6f09,1.0,1.0,True,True,0.2435130775575052,0.05613162094582949
5ab3f9b95542992ade7c6f09::working_set_pack_b,5ab3f9b95542992ade7c6f09,1.0,1.0,True,True,0.2435130775575052,0.05784048450372482
5ab3f9b95542992ade7c6f09::active_set_pack_b,5ab3f9b95542992ade7c6f09,1.0,1.0,True,True,0.2435130775575052,0.0586418498132009
5ade45ed554299728e26c699::working_set_pack_a,5ade45ed554299728e26c699,1.0,0.625,True,False,0.06084431985971594,0.02188029579767205
5ade45ed554299728e26c699::active_set_pack_a,5ade45ed554299728e26c699,1.0,0.625,True,False,0.06084431985971594,0.024931947807807248
5ade45ed554299728e26c699::working_set_pack_b,5ade45ed554299728e26c699,1.0,0.875,True,False,0.06084431985971594,0.02424732593255981
5ade45ed554299728e26c699::active_set_pack_b,5ade45ed554299728e26c699,1.0,0.625,True,False,0.06084431985971594,0.024202124482989668
5adc432d55429944faac24a1::working_set_pack_a,5adc432d55429944faac24a1,1.0,1.0,True,True,0.33693053043077303,0.12820966160617392
5adc432d55429944faac24a1::active_set_pack_a,5adc432d55429944faac24a1,1.0,1.0,True,True,0.33693053043077303,0.13094272553849537
5adc432d55429944faac24a1::working_set_pack_b,5adc432d55429944faac24a1,1.0,1.0,True,True,0.33693053043077303,0.06882759951366751
5adc432d55429944faac24a1::active_set_pack_b,5adc432d55429944faac24a1,1.0,1.0,True,True,0.33693053043077303,0.11774857193593799
5adcf98255429947343537e9::working_set_pack_a,5adcf98255429947343537e9,1.0,0.5,True,False,0.07971586958061455,0.03876452611730674
5adcf98255429947343537e9::active_set_pack_a,5adcf98255429947343537e9,1.0,0.625,True,False,0.07971586958061455,0.04168151425062331
5adcf98255429947343537e9::working_set_pack_b,5adcf98255429947343537e9,1.0,0.625,True,False,0.07971586958061455,0.045002198801822754
5adcf98255429947343537e9::active_set_pack_b,5adcf98255429947343537e9,1.0,0.5,True,False,0.07971586958061455,0.03485174797099764
5ab285d0554299340b5254fa::working_set_pack_a,5ab285d0554299340b5254fa,1.0,0.875,True,False,0.20475482300358666,0.1768956307545844
5ab285d0554299340b5254fa::active_set_pack_a,5ab285d0554299340b5254fa,1.0,1.0,True,True,0.20475482300358666,0.1044362781609742
5ab285d0554299340b5254fa::working_set_pack_b,5ab285d0554299340b5254fa,1.0,1.0,True,True,0.20475482300358666,0.09963939787977266
5ab285d0554299340b5254fa::active_set_pack_b,5ab285d0554299340b5254fa,1.0,1.0,True,True,0.20475482300358666,0.08331220613766747
5a7317535542994cef4bc450::working_set_pack_a,5a7317535542994cef4bc450,1.0,1.0,True,True,0.10690434726110665,0.06576373967754852
5a7317535542994cef4bc450::active_set_pack_a,5a7317535542994cef4bc450,1.0,1.0,True,True,0.10690434726110665,0.0658088899591291
5a7317535542994cef4bc450::working_set_pack_b,5a7317535542994cef4bc450,1.0,1.0,True,True,0.10690434726110665,0.059060571589397565
5a7317535542994cef4bc450::active_set_pack_b,5a7317535542994cef4bc450,1.0,0.625,True,False,0.10690434726110665,0.07156295583138189
5a8d15b75542994ba4e3dbea::working_set_pack_a,5a8d15b75542994ba4e3dbea,1.0,1.0,True,True,0.01266951027920103,0.0
5a8d15b75542994ba4e3dbea::active_set_pack_a,5a8d15b75542994ba4e3dbea,1.0,0.875,True,False,0.01266951027920103,0.0
5a8d15b75542994ba4e3dbea::working_set_pack_b,5a8d15b75542994ba4e3dbea,1.0,0.875,True,False,0.01266951027920103,0.0
5a8d15b75542994ba4e3dbea::active_set_pack_b,5a8d15b75542994ba4e3dbea,1.0,0.875,True,False,0.01266951027920103,0.0
5a903a4855429933b8a204a9::working_set_pack_a,5a903a4855429933b8a204a9,1.0,0.875,True,False,0.14947768956572946,0.04208090886778706
5a903a4855429933b8a204a9::active_set_pack_a,5a903a4855429933b8a204a9,1.0,0.875,True,False,0.14947768956572946,0.06184360939984167
5a903a4855429933b8a204a9::working_set_pack_b,5a903a4855429933b8a204a9,1.0,1.0,True,True,0.14947768956572946,0.051771026707970874
5a903a4855429933b8a204a9::active_set_pack_b,5a903a4855429933b8a204a9,1.0,1.0,True,True,0.14947768956572946,0.04039609708476463
5abae247554299660624165c::working_set_pack_a,5abae247554299660624165c,0.875,0.875,False,False,0.06454105345330215,0.019966904075239173
5abae247554299660624165c::active_set_pack_a,5abae247554299660624165c,1.0,0.625,True,False,0.06454105345330215,0.02153513564901017
5abae247554299660624165c::working_set_pack_b,5abae247554299660624165c,0.875,1.0,False,True,0.06454105345330215,0.020875623138305224
5abae247554299660624165c::active_set_pack_b,5abae247554299660624165c,1.0,1.0,True,True,0.06454105345330215,0.01738839921488664
5a8113ca55429938b61422ab::working_set_pack_a,5a8113ca55429938b61422ab,1.0,0.75,True,False,0.1660100277271075,0.0
5a8113ca55429938b61422ab::active_set_pack_a,5a8113ca55429938b61422ab,1.0,0.75,True,False,0.1660100277271075,0.0
5a8113ca55429938b61422ab::working_set_pack_b,5a8113ca55429938b61422ab,0.875,0.5,False,False,0.1660100277271075,0.0
5a8113ca55429938b61422ab::active_set_pack_b,5a8113ca55429938b61422ab,1.0,0.625,True,False,0.1660100277271075,0.0
5abb1cc55542992ccd8e7f16::working_set_pack_a,5abb1cc55542992ccd8e7f16,0.75,0.875,False,False,0.2483896986019093,0.07021501688788943
5abb1cc55542992ccd8e7f16::active_set_pack_a,5abb1cc55542992ccd8e7f16,1.0,1.0,True,True,0.2483896986019093,0.08227368358555479
5abb1cc55542992ccd8e7f16::working_set_pack_b,5abb1cc55542992ccd8e7f16,1.0,0.75,True,False,0.2483896986019093,0.061987338474041906
5abb1cc55542992ccd8e7f16::active_set_pack_b,5abb1cc55542992ccd8e7f16,1.0,0.75,True,False,0.2483896986019093,0.061804188301896004
5a80df91554299260e20a198::working_set_pack_a,5a80df91554299260e20a198,1.0,0.625,True,False,0.1106517242705681,0.045387440225655024
5a80df91554299260e20a198::active_set_pack_a,5a80df91554299260e20a198,1.0,0.625,True,False,0.1106517242705681,0.07570047472811894
5a80df91554299260e20a198::working_set_pack_b,5a80df91554299260e20a198,1.0,0.5,True,False,0.1106517242705681,0.052949622144601347
5a80df91554299260e20a198::active_set_pack_b,5a80df91554299260e20a198,1.0,1.0,True,False,0.1106517242705681,0.07043707053085793
5a7d549f5542991319bc93ad::working_set_pack_a,5a7d549f5542991319bc93ad,0.875,0.75,False,False,0.06666612435518425,0.05655293425569052
5a7d549f5542991319bc93ad::active_set_pack_a,5a7d549f5542991319bc93ad,0.625,0.5,False,False,0.06666612435518425,0.05160104360271835
5a7d549f5542991319bc93ad::working_set_pack_b,5a7d549f5542991319bc93ad,0.75,0.5,False,False,0.06666612435518425,0.0460639900663166
5a7d549f5542991319bc93ad::active_set_pack_b,5a7d549f5542991319bc93ad,0.875,0.625,False,False,0.06666612435518425,0.050248553123540915
5ae68e9d55429908198fa60e::working_set_pack_a,5ae68e9d55429908198fa60e,1.0,1.0,True,True,0.1142694827853658,0.0
5ae68e9d55429908198fa60e::active_set_pack_a,5ae68e9d55429908198fa60e,1.0,1.0,True,True,0.1142694827853658,0.07793088576974874
5ae68e9d55429908198fa60e::working_set_pack_b,5ae68e9d55429908198fa60e,1.0,1.0,True,True,0.1142694827853658,0.08118524058415294
5ae68e9d55429908198fa60e::active_set_pack_b,5ae68e9d55429908198fa60e,0.875,0.875,False,False,0.1142694827853658,0.07638312071923668
5a8285be55429966c78a6a41::working_set_pack_a,5a8285be55429966c78a6a41,1.0,0.75,True,False,0.23974748939532659,0.057263492653381334
5a8285be55429966c78a6a41::active_set_pack_a,5a8285be55429966c78a6a41,1.0,1.0,True,True,0.23974748939532659,0.07009252279205062
5a8285be55429966c78a6a41::working_set_pack_b,5a8285be55429966c78a6a41,1.0,0.75,True,False,0.23974748939532659,0.056459014841572897
5a8285be55429966c78a6a41::active_set_pack_b,5a8285be55429966c78a6a41,1.0,0.5,True,False,0.23974748939532659,0.06860860069439056
5a8e58cb5542990e94052ae0::working_set_pack_a,5a8e58cb5542990e94052ae0,1.0,0.625,True,False,0.2863421457814888,0.08400258279344434
5a8e58cb5542990e94052ae0::active_set_pack_a,5a8e58cb5542990e94052ae0,1.0,0.625,True,False,0.2863421457814888,0.08552290614319422
5a8e58cb5542990e94052ae0::working_set_pack_b,5a8e58cb5542990e94052ae0,1.0,0.75,True,False,0.2863421457814888,0.06814810268458361
5a8e58cb5542990e94052ae0::active_set_pack_b,5a8e58cb5542990e94052ae0,1.0,1.0,True,True,0.2863421457814888,0.06659040477057838
5a72d90d55429901807daf53::working_set_pack_a,5a72d90d55429901807daf53,1.0,0.625,True,False,0.18802600079379503,0.07364922026327515
5a72d90d55429901807daf53::active_set_pack_a,5a72d90d55429901807daf53,1.0,0.5,True,False,0.18802600079379503,0.17935580497218812
5a72d90d55429901807daf53::working_set_pack_b,5a72d90d55429901807daf53,1.0,0.875,True,False,0.18802600079379503,0.18911856979501096
5a72d90d55429901807daf53::active_set_pack_b,5a72d90d55429901807daf53,1.0,0.625,True,False,0.18802600079379503,0.18240064122812127
5ab6a327554299110f219a45::working_set_pack_a,5ab6a327554299110f219a45,1.0,0.75,True,False,0.12371727678420165,0.0938635535341579
5ab6a327554299110f219a45::active_set_pack_a,5ab6a327554299110f219a45,0.875,0.75,False,False,0.12371727678420165,0.11236755959028125
5ab6a327554299110f219a45::working_set_pack_b,5ab6a327554299110f219a45,0.875,0.75,False,False,0.12371727678420165,0.11537917086348673
5ab6a327554299110f219a45::active_set_pack_b,5ab6a327554299110f219a45,0.875,0.625,False,False,0.12371727678420165,0.1221984972394404
5adc0856554299438c868d0d::working_set_pack_a,5adc0856554299438c868d0d,0.875,0.5,False,False,0.3315390827968666,0.08168161099121528
5adc0856554299438c868d0d::active_set_pack_a,5adc0856554299438c868d0d,0.875,0.625,False,False,0.3315390827968666,0.08498909596414533
5adc0856554299438c868d0d::working_set_pack_b,5adc0856554299438c868d0d,1.0,0.875,True,False,0.3315390827968666,0.05000723331705456
5adc0856554299438c868d0d::active_set_pack_b,5adc0856554299438c868d0d,1.0,1.0,True,True,0.3315390827968666,0.047704911622871576
5a7fb04d55429969796c1b24::working_set_pack_a,5a7fb04d55429969796c1b24,1.0,1.0,True,True,0.13316431380634122,0.07455714477650346
5a7fb04d55429969796c1b24::active_set_pack_a,5a7fb04d55429969796c1b24,1.0,1.0,True,True,0.13316431380634122,0.06072083955185577
5a7fb04d55429969796c1b24::working_set_pack_b,5a7fb04d55429969796c1b24,1.0,0.75,True,False,0.13316431380634122,0.1417820827470011
5a7fb04d55429969796c1b24::active_set_pack_b,5a7fb04d55429969796c1b24,0.875,0.75,False,False,0.13316431380634122,0.1110365881178176
5a790e91554299078472779e::working_set_pack_a,5a790e91554299078472779e,0.75,0.75,False,False,0.15910000806613617,0.08078600467959907
5a790e91554299078472779e::active_set_pack_a,5a790e91554299078472779e,1.0,0.875,True,False,0.15910000806613617,0.14553006796899878
5a790e91554299078472779e::working_set_pack_b,5a790e91554299078472779e,1.0,1.0,True,True,0.15910000806613617,0.12824470754143374
5a790e91554299078472779e::active_set_pack_b,5a790e91554299078472779e,1.0,1.0,True,True,0.15910000806613617,0.08932456949804723
5a759ce25542996c70cfaf0e::working_set_pack_a,5a759ce25542996c70cfaf0e,1.0,0.875,True,False,0.3413304033271975,0.08607527503653374
5a759ce25542996c70cfaf0e::active_set_pack_a,5a759ce25542996c70cfaf0e,1.0,0.75,True,False,0.3413304033271975,0.08170229961937404
5a759ce25542996c70cfaf0e::working_set_pack_b,5a759ce25542996c70cfaf0e,1.0,1.0,True,True,0.3413304033271975,0.07716416968905482
5a759ce25542996c70cfaf0e::active_set_pack_b,5a759ce25542996c70cfaf0e,1.0,0.75,True,False,0.3413304033271975,0.08339230325720812
5ae3e9995542995dadf24247::working_set_pack_a,5ae3e9995542995dadf24247,0.875,0.625,False,False,0.1967378885933403,0.051780125895995406
5ae3e9995542995dadf24247::active_set_pack_a,5ae3e9995542995dadf24247,1.0,0.625,True,False,0.1967378885933403,0.048781051906494025
5ae3e9995542995dadf24247::working_set_pack_b,5ae3e9995542995dadf24247,0.875,0.75,False,False,0.1967378885933403,0.055779789957809474
5ae3e9995542995dadf24247::active_set_pack_b,5ae3e9995542995dadf24247,0.75,0.75,False,False,0.1967378885933403,0.05836770996944614
5a73668e55429901807db02e::working_set_pack_a,5a73668e55429901807db02e,1.0,1.0,True,True,0.199750377236966,0.06506636057215043
5a73668e55429901807db02e::active_set_pack_a,5a73668e55429901807db02e,1.0,1.0,True,True,0.199750377236966,0.06888713437987495
5a73668e55429901807db02e::working_set_pack_b,5a73668e55429901807db02e,1.0,1.0,True,True,0.199750377236966,0.04658818721900426
5a73668e55429901807db02e::active_set_pack_b,5a73668e55429901807db02e,1.0,0.75,True,False,0.199750377236966,0.04841982115506124
5a8ba093554299240d9c203f::working_set_pack_a,5a8ba093554299240d9c203f,1.0,1.0,True,True,0.16659115789941603,0.124025707174967
5a8ba093554299240d9c203f::active_set_pack_a,5a8ba093554299240d9c203f,1.0,1.0,True,True,0.16659115789941603,0.17938028155011043
5a8ba093554299240d9c203f::working_set_pack_b,5a8ba093554299240d9c203f,1.0,1.0,True,True,0.16659115789941603,0.15441937227097144
5a8ba093554299240d9c203f::active_set_pack_b,5a8ba093554299240d9c203f,1.0,1.0,True,True,0.16659115789941603,0.18735056575169523
5ab6ea2955429954757d33b8::working_set_pack_a,5ab6ea2955429954757d33b8,1.0,0.875,True,False,0.30532998145152174,0.0456032129350489
5ab6ea2955429954757d33b8::active_set_pack_a,5ab6ea2955429954757d33b8,1.0,1.0,True,True,0.30532998145152174,0.03915430846241043
5ab6ea2955429954757d33b8::working_set_pack_b,5ab6ea2955429954757d33b8,1.0,0.875,True,False,0.30532998145152174,0.041213217679794044
5ab6ea2955429954757d33b8::active_set_pack_b,5ab6ea2955429954757d33b8,1.0,0.875,True,False,0.30532998145152174,0.04734098503009157
5ac04545554299294b218f6a::working_set_pack_a,5ac04545554299294b218f6a,1.0,1.0,True,True,0.1451564407181601,0.04845052063007499
5ac04545554299294b218f6a::active_set_pack_a,5ac04545554299294b218f6a,1.0,1.0,True,True,0.1451564407181601,0.09773192694377636
5ac04545554299294b218f6a::working_set_pack_b,5ac04545554299294b218f6a,1.0,1.0,True,True,0.1451564407181601,0.053038158295732385
5ac04545554299294b218f6a::active_set_pack_b,5ac04545554299294b218f6a,1.0,0.875,True,False,0.1451564407181601,0.04943932477392961
5abba5e75542992ccd8e7f64::working_set_pack_a,5abba5e75542992ccd8e7f64,1.0,0.75,True,False,0.18240267857973996,0.07207652095525052
5abba5e75542992ccd8e7f64::active_set_pack_a,5abba5e75542992ccd8e7f64,0.875,0.875,False,False,0.18240267857973996,0.041557298063400125
5abba5e75542992ccd8e7f64::working_set_pack_b,5abba5e75542992ccd8e7f64,1.0,0.875,True,False,0.18240267857973996,0.05298267140367599
5abba5e75542992ccd8e7f64::active_set_pack_b,5abba5e75542992ccd8e7f64,1.0,0.75,True,False,0.18240267857973996,0.0642299154294912
5a764234554299109176e6e6::working_set_pack_a,5a764234554299109176e6e6,1.0,1.0,True,True,0.20236047242986965,0.06351788305068143
5a764234554299109176e6e6::active_set_pack_a,5a764234554299109176e6e6,1.0,1.0,True,True,0.20236047242986965,0.08600032377443728
5a764234554299109176e6e6::working_set_pack_b,5a764234554299109176e6e6,1.0,0.875,True,False,0.20236047242986965,0.07303873787959395
5a764234554299109176e6e6::active_set_pack_b,5a764234554299109176e6e6,1.0,1.0,True,True,0.20236047242986965,0.09878063498320745
5a8b21cb55429971feec4647::working_set_pack_a,5a8b21cb55429971feec4647,1.0,1.0,True,True,0.1933292954130444,0.07579446861414052
5a8b21cb55429971feec4647::active_set_pack_a,5a8b21cb55429971feec4647,1.0,0.875,True,False,0.1933292954130444,0.06902908603979148
5a8b21cb55429971feec4647::working_set_pack_b,5a8b21cb55429971feec4647,1.0,1.0,True,True,0.1933292954130444,0.08598226264507444
5a8b21cb55429971feec4647::active_set_pack_b,5a8b21cb55429971feec4647,1.0,0.875,True,False,0.1933292954130444,0.07138153747132371
5a8e8fc75542990e94052b57::working_set_pack_a,5a8e8fc75542990e94052b57,0.875,0.875,False,False,0.13470097253623545,0.04484322898672267
5a8e8fc75542990e94052b57::active_set_pack_a,5a8e8fc75542990e94052b57,1.0,1.0,True,True,0.13470097253623545,0.05106328515328983
5a8e8fc75542990e94052b57::working_set_pack_b,5a8e8fc75542990e94052b57,0.875,0.875,False,False,0.13470097253623545,0.046941019291022464
5a8e8fc75542990e94052b57::active_set_pack_b,5a8e8fc75542990e94052b57,0.875,0.75,False,False,0.13470097253623545,0.04347632261895462
5ae1d33a554299492dc91b9d::working_set_pack_a,5ae1d33a554299492dc91b9d,1.0,0.625,True,False,0.12891285368676447,0.036940324574287094
5ae1d33a554299492dc91b9d::active_set_pack_a,5ae1d33a554299492dc91b9d,1.0,0.875,True,False,0.12891285368676447,0.03996582071740401
5ae1d33a554299492dc91b9d::working_set_pack_b,5ae1d33a554299492dc91b9d,1.0,0.625,True,False,0.12891285368676447,0.05313129135079403
5ae1d33a554299492dc91b9d::active_set_pack_b,5ae1d33a554299492dc91b9d,1.0,0.75,True,False,0.12891285368676447,0.03871435513628617
5a81e73f554299676cceb14d::working_set_pack_a,5a81e73f554299676cceb14d,1.0,0.875,True,False,0.21891613634942625,0.051040720197434976
5a81e73f554299676cceb14d::active_set_pack_a,5a81e73f554299676cceb14d,1.0,1.0,True,True,0.21891613634942625,0.06315870344029002
5a81e73f554299676cceb14d::working_set_pack_b,5a81e73f554299676cceb14d,1.0,1.0,True,True,0.21891613634942625,0.07290367894687991
5a81e73f554299676cceb14d::active_set_pack_b,5a81e73f554299676cceb14d,1.0,0.875,True,False,0.21891613634942625,0.052509912030594685
5ae8256355429952e35eaa59::working_set_pack_a,5ae8256355429952e35eaa59,1.0,1.0,True,True,0.10019970046716418,0.0722576891666557
5ae8256355429952e35eaa59::active_set_pack_a,5ae8256355429952e35eaa59,1.0,1.0,True,True,0.10019970046716418,0.058315457515111524
5ae8256355429952e35eaa59::working_set_pack_b,5ae8256355429952e35eaa59,1.0,1.0,True,True,0.10019970046716418,0.07607057213208565
5ae8256355429952e35eaa59::active_set_pack_b,5ae8256355429952e35eaa59,1.0,1.0,True,True,0.10019970046716418,0.07878203523230692
5a827a9f55429940e5e1a8cf::working_set_pack_a,5a827a9f55429940e5e1a8cf,1.0,1.0,True,True,0.11116895724033307,0.06785806759025871
5a827a9f55429940e5e1a8cf::active_set_pack_a,5a827a9f55429940e5e1a8cf,1.0,1.0,True,True,0.11116895724033307,0.054121093739315576
5a827a9f55429940e5e1a8cf::working_set_pack_b,5a827a9f55429940e5e1a8cf,1.0,1.0,True,True,0.11116895724033307,0.052866114476498735
5a827a9f55429940e5e1a8cf::active_set_pack_b,5a827a9f55429940e5e1a8cf,1.0,1.0,True,True,0.11116895724033307,0.06296640031910604
5a8d32ae5542994ba4e3dc1d::working_set_pack_a,5a8d32ae5542994ba4e3dc1d,1.0,0.75,True,False,0.09875174788619562,0.05179817637287171
5a8d32ae5542994ba4e3dc1d::active_set_pack_a,5a8d32ae5542994ba4e3dc1d,1.0,0.875,True,False,0.09875174788619562,0.06057008791791542
5a8d32ae5542994ba4e3dc1d::working_set_pack_b,5a8d32ae5542994ba4e3dc1d,1.0,0.625,True,False,0.09875174788619562,0.05396023826274159
5a8d32ae5542994ba4e3dc1d::active_set_pack_b,5a8d32ae5542994ba4e3dc1d,1.0,0.5,True,False,0.09875174788619562,0.0584866744171028
5a8634195542991e771815ba::working_set_pack_a,5a8634195542991e771815ba,1.0,0.875,True,False,0.3749189090088798,0.059537524364747685
5a8634195542991e771815ba::active_set_pack_a,5a8634195542991e771815ba,1.0,1.0,True,True,0.3749189090088798,0.06438849856912912
5a8634195542991e771815ba::working_set_pack_b,5a8634195542991e771815ba,1.0,1.0,True,True,0.3749189090088798,0.08033077845835279
5a8634195542991e771815ba::active_set_pack_b,5a8634195542991e771815ba,1.0,0.875,True,False,0.3749189090088798,0.07730031625702741
5ae1fc135542997283cd2309::working_set_pack_a,5ae1fc135542997283cd2309,1.0,0.75,True,False,0.12830237508970566,0.05796543635068317
5ae1fc135542997283cd2309::active_set_pack_a,5ae1fc135542997283cd2309,1.0,1.0,True,True,0.12830237508970566,0.06020344190140818
5ae1fc135542997283cd2309::working_set_pack_b,5ae1fc135542997283cd2309,1.0,0.875,True,False,0.12830237508970566,0.04631293693616974
5ae1fc135542997283cd2309::active_set_pack_b,5ae1fc135542997283cd2309,0.875,0.625,False,False,0.12830237508970566,0.058311776940756954
5a8844135542994846c1ce77::working_set_pack_a,5a8844135542994846c1ce77,1.0,1.0,True,True,0.11492075812826616,0.05149525706178329
5a8844135542994846c1ce77::active_set_pack_a,5a8844135542994846c1ce77,1.0,1.0,True,True,0.11492075812826616,0.06895018475784567
5a8844135542994846c1ce77::working_set_pack_b,5a8844135542994846c1ce77,1.0,1.0,True,True,0.11492075812826616,0.06005846348370353
5a8844135542994846c1ce77::active_set_pack_b,5a8844135542994846c1ce77,1.0,1.0,True,True,0.11492075812826616,0.07875380833096314
5ac0d9e55542992a796ded92::working_set_pack_a,5ac0d9e55542992a796ded92,0.75,0.75,False,False,0.06755808447280989,0.03755631553168771
5ac0d9e55542992a796ded92::active_set_pack_a,5ac0d9e55542992a796ded92,1.0,0.75,True,False,0.06755808447280989,0.03582755917144491
5ac0d9e55542992a796ded92::working_set_pack_b,5ac0d9e55542992a796ded92,0.625,0.5,False,False,0.06755808447280989,0.04264994118796619
5ac0d9e55542992a796ded92::active_set_pack_b,5ac0d9e55542992a796ded92,0.75,0.625,False,False,0.06755808447280989,0.03939425745786257
5a8a30ad5542992d82986eec::working_set_pack_a,5a8a30ad5542992d82986eec,0.875,0.75,False,False,0.1400644858781143,0.06322497642009209
5a8a30ad5542992d82986eec::active_set_pack_a,5a8a30ad5542992d82986eec,1.0,0.5,True,False,0.1400644858781143,0.04634041442931352
5a8a30ad5542992d82986eec::working_set_pack_b,5a8a30ad5542992d82986eec,1.0,0.875,True,False,0.1400644858781143,0.07109924258790135
5a8a30ad5542992d82986eec::active_set_pack_b,5a8a30ad5542992d82986eec,1.0,0.75,True,False,0.1400644858781143,0.06474804306869478
5a8deeb455429917b4a5bce2::working_set_pack_a,5a8deeb455429917b4a5bce2,0.875,0.75,False,False,0.03397490835194073,0.0
5a8deeb455429917b4a5bce2::active_set_pack_a,5a8deeb455429917b4a5bce2,1.0,1.0,True,True,0.03397490835194073,0.0
5a8deeb455429917b4a5bce2::working_set_pack_b,5a8deeb455429917b4a5bce2,1.0,0.75,True,False,0.03397490835194073,0.0
5a8deeb455429917b4a5bce2::active_set_pack_b,5a8deeb455429917b4a5bce2,1.0,0.875,True,False,0.03397490835194073,0.00570935815788104
5a73035d5542992359bc31fd::working_set_pack_a,5a73035d5542992359bc31fd,1.0,1.0,True,True,0.08857208655011864,0.04762647316845383
5a73035d5542992359bc31fd::active_set_pack_a,5a73035d5542992359bc31fd,1.0,1.0,True,True,0.08857208655011864,0.043328876819089666
5a73035d5542992359bc31fd::working_set_pack_b,5a73035d5542992359bc31fd,1.0,1.0,True,True,0.08857208655011864,0.04346677431682194
5a73035d5542992359bc31fd::active_set_pack_b,5a73035d5542992359bc31fd,1.0,1.0,True,True,0.08857208655011864,0.04940724829461303
5ade4b7f55429939a52fe877::working_set_pack_a,5ade4b7f55429939a52fe877,1.0,0.5,True,False,0.3642054404493358,0.08171837928146325
5ade4b7f55429939a52fe877::active_set_pack_a,5ade4b7f55429939a52fe877,1.0,0.875,True,False,0.3642054404493358,0.07082166885274854
5ade4b7f55429939a52fe877::working_set_pack_b,5ade4b7f55429939a52fe877,1.0,0.875,True,False,0.3642054404493358,0.076115307753815
5ade4b7f55429939a52fe877::active_set_pack_b,5ade4b7f55429939a52fe877,1.0,0.875,True,False,0.3642054404493358,0.07354141377979473
5a7bc8b1554299294a54aad0::working_set_pack_a,5a7bc8b1554299294a54aad0,0.875,0.625,False,False,0.007874738633677394,0.0014097277281543837
5a7bc8b1554299294a54aad0::active_set_pack_a,5a7bc8b1554299294a54aad0,0.875,0.75,False,False,0.007874738633677394,0.0
5a7bc8b1554299294a54aad0::working_set_pack_b,5a7bc8b1554299294a54aad0,0.75,0.75,False,False,0.007874738633677394,0.0
5a7bc8b1554299294a54aad0::active_set_pack_b,5a7bc8b1554299294a54aad0,0.75,0.625,False,False,0.007874738633677394,0.0030509168246775193
5abc2e3d554299114383a0f6::working_set_pack_a,5abc2e3d554299114383a0f6,1.0,1.0,True,True,0.14096248650440557,0.0572269568243076
5abc2e3d554299114383a0f6::active_set_pack_a,5abc2e3d554299114383a0f6,1.0,0.75,True,False,0.14096248650440557,0.04085356913266673
5abc2e3d554299114383a0f6::working_set_pack_b,5abc2e3d554299114383a0f6,1.0,0.875,True,False,0.14096248650440557,0.0682990585817406
5abc2e3d554299114383a0f6::active_set_pack_b,5abc2e3d554299114383a0f6,1.0,0.625,True,False,0.14096248650440557,0.05639402237098026
5a7929cf554299029c4b5f12::working_set_pack_a,5a7929cf554299029c4b5f12,1.0,1.0,True,True,0.549640361585731,0.09866704867968952
5a7929cf554299029c4b5f12::active_set_pack_a,5a7929cf554299029c4b5f12,1.0,1.0,True,True,0.549640361585731,0.1052024716635675
5a7929cf554299029c4b5f12::working_set_pack_b,5a7929cf554299029c4b5f12,1.0,1.0,True,True,0.549640361585731,0.10166940240391226
5a7929cf554299029c4b5f12::active_set_pack_b,5a7929cf554299029c4b5f12,1.0,0.875,True,False,0.549640361585731,0.094137841178715
5ab964ae5542996be20204c0::working_set_pack_a,5ab964ae5542996be20204c0,1.0,0.875,True,False,0.1867695912859769,0.09078931673908398
5ab964ae5542996be20204c0::active_set_pack_a,5ab964ae5542996be20204c0,1.0,0.625,True,False,0.1867695912859769,0.09878772771295852
5ab964ae5542996be20204c0::working_set_pack_b,5ab964ae5542996be20204c0,1.0,0.75,True,False,0.1867695912859769,0.0875082047331076
5ab964ae5542996be20204c0::active_set_pack_b,5ab964ae5542996be20204c0,1.0,0.75,True,False,0.1867695912859769,0.09607366038668733
5add44235542995b365faae2::working_set_pack_a,5add44235542995b365faae2,1.0,1.0,True,True,0.1450479936836046,0.04799083213431379
5add44235542995b365faae2::active_set_pack_a,5add44235542995b365faae2,1.0,0.75,True,False,0.1450479936836046,0.0428575872147371
5add44235542995b365faae2::working_set_pack_b,5add44235542995b365faae2,1.0,0.875,True,False,0.1450479936836046,0.046023732117492284
5add44235542995b365faae2::active_set_pack_b,5add44235542995b365faae2,1.0,0.875,True,False,0.1450479936836046,0.04401450621383242
5a8a662755429930ff3c0dc5::working_set_pack_a,5a8a662755429930ff3c0dc5,0.875,0.625,False,False,0.19614481152641133,0.016693434559043683
5a8a662755429930ff3c0dc5::active_set_pack_a,5a8a662755429930ff3c0dc5,1.0,1.0,True,True,0.19614481152641133,0.04397083045537031
5a8a662755429930ff3c0dc5::working_set_pack_b,5a8a662755429930ff3c0dc5,1.0,1.0,True,True,0.19614481152641133,0.014297763464442143
5a8a662755429930ff3c0dc5::active_set_pack_b,5a8a662755429930ff3c0dc5,1.0,1.0,True,True,0.19614481152641133,0.044329115120934
5ae750175542997b22f6a6b6::working_set_pack_a,5ae750175542997b22f6a6b6,1.0,0.875,True,False,0.3656209372387399,0.08366778344020934
5ae750175542997b22f6a6b6::active_set_pack_a,5ae750175542997b22f6a6b6,1.0,1.0,True,True,0.3656209372387399,0.0857524330665791
5ae750175542997b22f6a6b6::working_set_pack_b,5ae750175542997b22f6a6b6,1.0,1.0,True,True,0.3656209372387399,0.09395747099582316
5ae750175542997b22f6a6b6::active_set_pack_b,5ae750175542997b22f6a6b6,1.0,1.0,True,True,0.3656209372387399,0.08299649212609155
5a7794525542995d831811f3::working_set_pack_a,5a7794525542995d831811f3,1.0,0.75,True,False,0.11439309287201846,0.03763653832808534
5a7794525542995d831811f3::active_set_pack_a,5a7794525542995d831811f3,0.875,0.875,False,False,0.11439309287201846,0.03769145493023911
5a7794525542995d831811f3::working_set_pack_b,5a7794525542995d831811f3,0.875,0.75,False,False,0.11439309287201846,0.03408336064053422
5a7794525542995d831811f3::active_set_pack_b,5a7794525542995d831811f3,1.0,1.0,True,True,0.11439309287201846,0.039280502834133084
5ab542875542997d4ad1f0e1::working_set_pack_a,5ab542875542997d4ad1f0e1,1.0,1.0,True,True,0.13379502926094375,0.04386740492403103
5ab542875542997d4ad1f0e1::active_set_pack_a,5ab542875542997d4ad1f0e1,0.875,1.0,False,True,0.13379502926094375,0.05077687525751878
5ab542875542997d4ad1f0e1::working_set_pack_b,5ab542875542997d4ad1f0e1,1.0,0.875,True,False,0.13379502926094375,0.04474089753775439
5ab542875542997d4ad1f0e1::active_set_pack_b,5ab542875542997d4ad1f0e1,0.875,0.625,False,False,0.13379502926094375,0.05283838905652501
5ae1c9ea5542997f29b3c103::working_set_pack_a,5ae1c9ea5542997f29b3c103,1.0,0.75,True,False,0.2343818747994179,0.0422359518506429
5ae1c9ea5542997f29b3c103::active_set_pack_a,5ae1c9ea5542997f29b3c103,1.0,0.625,True,False,0.2343818747994179,0.04513866585837529
5ae1c9ea5542997f29b3c103::working_set_pack_b,5ae1c9ea5542997f29b3c103,1.0,0.875,True,False,0.2343818747994179,0.043589388235097275
5ae1c9ea5542997f29b3c103::active_set_pack_b,5ae1c9ea5542997f29b3c103,1.0,0.75,True,False,0.2343818747994179,0.06751102510539402
5ab61c7f554299710c8d1e64::working_set_pack_a,5ab61c7f554299710c8d1e64,1.0,0.875,True,False,0.044990977899818096,0.0
5ab61c7f554299710c8d1e64::active_set_pack_a,5ab61c7f554299710c8d1e64,1.0,1.0,True,True,0.044990977899818096,0.0
5ab61c7f554299710c8d1e64::working_set_pack_b,5ab61c7f554299710c8d1e64,1.0,1.0,True,True,0.044990977899818096,0.0
5ab61c7f554299710c8d1e64::active_set_pack_b,5ab61c7f554299710c8d1e64,1.0,0.75,True,False,0.044990977899818096,0.0
5a88b8e755429946c8d6e899::working_set_pack_a,5a88b8e755429946c8d6e899,1.0,1.0,True,True,0.0640094914291583,0.023024661503002124
5a88b8e755429946c8d6e899::active_set_pack_a,5a88b8e755429946c8d6e899,1.0,1.0,True,True,0.0640094914291583,0.020185180591225947
5a88b8e755429946c8d6e899::working_set_pack_b,5a88b8e755429946c8d6e899,1.0,1.0,True,True,0.0640094914291583,0.025937043939217346
5a88b8e755429946c8d6e899::active_set_pack_b,5a88b8e755429946c8d6e899,1.0,1.0,True,True,0.0640094914291583,0.031377591175605665
5ac3de5c5542995c82c4ac68::working_set_pack_a,5ac3de5c5542995c82c4ac68,1.0,1.0,True,True,0.1855662427007315,0.03557169147644085
5ac3de5c5542995c82c4ac68::active_set_pack_a,5ac3de5c5542995c82c4ac68,1.0,1.0,True,True,0.1855662427007315,0.05858196405060408
5ac3de5c5542995c82c4ac68::working_set_pack_b,5ac3de5c5542995c82c4ac68,1.0,1.0,True,True,0.1855662427007315,0.02914057923863757
5ac3de5c5542995c82c4ac68::active_set_pack_b,5ac3de5c5542995c82c4ac68,1.0,1.0,True,True,0.1855662427007315,0.029075958859318723
5aba7995554299232ef4a2e2::working_set_pack_a,5aba7995554299232ef4a2e2,1.0,1.0,True,True,0.06829081547385177,0.029385194662483186
5aba7995554299232ef4a2e2::active_set_pack_a,5aba7995554299232ef4a2e2,1.0,1.0,True,True,0.06829081547385177,0.03128537519650754
5aba7995554299232ef4a2e2::working_set_pack_b,5aba7995554299232ef4a2e2,0.875,1.0,False,True,0.06829081547385177,0.026477451139828467
5aba7995554299232ef4a2e2::active_set_pack_b,5aba7995554299232ef4a2e2,1.0,1.0,True,True,0.06829081547385177,0.02609820370454003
5a7db8d95542995ed0d16665::working_set_pack_a,5a7db8d95542995ed0d16665,1.0,0.875,True,False,0.2059140402294832,0.0529924618248576
5a7db8d95542995ed0d16665::active_set_pack_a,5a7db8d95542995ed0d16665,1.0,1.0,True,True,0.2059140402294832,0.056118816220971715
5a7db8d95542995ed0d16665::working_set_pack_b,5a7db8d95542995ed0d16665,1.0,0.5,True,False,0.2059140402294832,0.06354770418103539
5a7db8d95542995ed0d16665::active_set_pack_b,5a7db8d95542995ed0d16665,1.0,0.875,True,False,0.2059140402294832,0.067915731071616
5ab488f85542990594ba9c58::working_set_pack_a,5ab488f85542990594ba9c58,1.0,0.875,True,False,0.08058287518506001,0.06969020478509905
5ab488f85542990594ba9c58::active_set_pack_a,5ab488f85542990594ba9c58,1.0,1.0,True,True,0.08058287518506001,0.07914395748856334
5ab488f85542990594ba9c58::working_set_pack_b,5ab488f85542990594ba9c58,1.0,1.0,True,True,0.08058287518506001,0.05808659175909648
5ab488f85542990594ba9c58::active_set_pack_b,5ab488f85542990594ba9c58,1.0,0.875,True,False,0.08058287518506001,0.06539818220265911
5a82a59855429940e5e1a909::working_set_pack_a,5a82a59855429940e5e1a909,1.0,0.625,True,False,0.2018951001306289,0.06368972619345079
5a82a59855429940e5e1a909::active_set_pack_a,5a82a59855429940e5e1a909,1.0,0.875,True,False,0.2018951001306289,0.048589492601212605
5a82a59855429940e5e1a909::working_set_pack_b,5a82a59855429940e5e1a909,1.0,0.625,True,False,0.2018951001306289,0.04921375638950323
5a82a59855429940e5e1a909::active_set_pack_b,5a82a59855429940e5e1a909,1.0,0.75,True,False,0.2018951001306289,0.045165555195069665
5a7e8a9c55429949594199fb::working_set_pack_a,5a7e8a9c55429949594199fb,1.0,1.0,True,True,0.43667656877986405,0.05296004371851254
5a7e8a9c55429949594199fb::active_set_pack_a,5a7e8a9c55429949594199fb,1.0,0.875,True,False,0.43667656877986405,0.04003141279409309
5a7e8a9c55429949594199fb::working_set_pack_b,5a7e8a9c55429949594199fb,1.0,1.0,True,True,0.43667656877986405,0.05758586091313706
5a7e8a9c55429949594199fb::active_set_pack_b,5a7e8a9c55429949594199fb,0.875,1.0,False,True,0.43667656877986405,0.04446161506607756
5a8c94a25542995e66a47628::working_set_pack_a,5a8c94a25542995e66a47628,1.0,1.0,True,True,0.12015910338168508,0.036355833698639164
5a8c94a25542995e66a47628::active_set_pack_a,5a8c94a25542995e66a47628,1.0,1.0,True,True,0.12015910338168508,0.04368919409605088
5a8c94a25542995e66a47628::working_set_pack_b,5a8c94a25542995e66a47628,1.0,1.0,True,True,0.12015910338168508,0.03435261916334352
5a8c94a25542995e66a47628::active_set_pack_b,5a8c94a25542995e66a47628,1.0,1.0,True,True,0.12015910338168508,0.03504767566256915
5a7cbb6d554299452d57b9d2::working_set_pack_a,5a7cbb6d554299452d57b9d2,0.875,0.75,False,False,0.15038441730934582,0.07533456884731599
5a7cbb6d554299452d57b9d2::active_set_pack_a,5a7cbb6d554299452d57b9d2,1.0,0.625,True,False,0.15038441730934582,0.10893320788791142
5a7cbb6d554299452d57b9d2::working_set_pack_b,5a7cbb6d554299452d57b9d2,1.0,0.75,True,False,0.15038441730934582,0.04523908895665267
5a7cbb6d554299452d57b9d2::active_set_pack_b,5a7cbb6d554299452d57b9d2,1.0,0.875,True,False,0.15038441730934582,0.10372826080984467
5ac2ac4d554299218029daf1::working_set_pack_a,5ac2ac4d554299218029daf1,0.875,0.75,False,False,0.13660668525952155,0.05822113380521643
5ac2ac4d554299218029daf1::active_set_pack_a,5ac2ac4d554299218029daf1,1.0,0.75,True,False,0.13660668525952155,0.05173524867666806
5ac2ac4d554299218029daf1::working_set_pack_b,5ac2ac4d554299218029daf1,1.0,0.75,True,False,0.13660668525952155,0.04727508711351325
5ac2ac4d554299218029daf1::active_set_pack_b,5ac2ac4d554299218029daf1,1.0,0.625,True,False,0.13660668525952155,0.04381586611392856
5a832ee355429954d2e2ec4d::working_set_pack_a,5a832ee355429954d2e2ec4d,1.0,0.625,True,False,0.22656865661935255,0.07863199340969368
5a832ee355429954d2e2ec4d::active_set_pack_a,5a832ee355429954d2e2ec4d,1.0,1.0,True,True,0.22656865661935255,0.051874527333990283
5a832ee355429954d2e2ec4d::working_set_pack_b,5a832ee355429954d2e2ec4d,0.875,1.0,False,True,0.22656865661935255,0.050851773141586676
5a832ee355429954d2e2ec4d::active_set_pack_b,5a832ee355429954d2e2ec4d,1.0,0.5,True,False,0.22656865661935255,0.08827184490595631
5abf82965542997719eab694::working_set_pack_a,5abf82965542997719eab694,1.0,1.0,True,True,0.23305625878572078,0.041833289587215154
5abf82965542997719eab694::active_set_pack_a,5abf82965542997719eab694,1.0,1.0,True,True,0.23305625878572078,0.04356361424530533
5abf82965542997719eab694::working_set_pack_b,5abf82965542997719eab694,1.0,1.0,True,True,0.23305625878572078,0.04218265277345675
5abf82965542997719eab694::active_set_pack_b,5abf82965542997719eab694,1.0,0.875,True,False,0.23305625878572078,0.03298944152440035
5a76c13555429937353601a0::working_set_pack_a,5a76c13555429937353601a0,1.0,1.0,True,True,0.09961493614462735,0.06235352931341656
5a76c13555429937353601a0::active_set_pack_a,5a76c13555429937353601a0,1.0,1.0,True,True,0.09961493614462735,0.06276411657165082
5a76c13555429937353601a0::working_set_pack_b,5a76c13555429937353601a0,1.0,1.0,True,True,0.09961493614462735,0.05383016180364013
5a76c13555429937353601a0::active_set_pack_b,5a76c13555429937353601a0,1.0,1.0,True,True,0.09961493614462735,0.043797862516588563
5adecc6355429975fa854f9c::working_set_pack_a,5adecc6355429975fa854f9c,1.0,1.0,True,True,0.22567507033265635,0.03720674440113918
5adecc6355429975fa854f9c::active_set_pack_a,5adecc6355429975fa854f9c,1.0,0.75,True,False,0.22567507033265635,0.03292316087269144
5adecc6355429975fa854f9c::working_set_pack_b,5adecc6355429975fa854f9c,1.0,0.875,True,False,0.22567507033265635,0.02055502637435222
5adecc6355429975fa854f9c::active_set_pack_b,5adecc6355429975fa854f9c,1.0,0.875,True,False,0.22567507033265635,0.03509693915410222
5abb89fc5542993f40c73b19::working_set_pack_a,5abb89fc5542993f40c73b19,1.0,1.0,True,True,0.1768794878226241,0.05629295863672469
5abb89fc5542993f40c73b19::active_set_pack_a,5abb89fc5542993f40c73b19,1.0,0.875,True,False,0.1768794878226241,0.0540295483312624
5abb89fc5542993f40c73b19::working_set_pack_b,5abb89fc5542993f40c73b19,1.0,1.0,True,True,0.1768794878226241,0.05000969286296165
5abb89fc5542993f40c73b19::active_set_pack_b,5abb89fc5542993f40c73b19,1.0,0.875,True,False,0.1768794878226241,0.06935935603641735
5aba8f7b55429901930fa832::working_set_pack_a,5aba8f7b55429901930fa832,1.0,1.0,True,True,0.11991176612488984,0.052704475680909316
5aba8f7b55429901930fa832::active_set_pack_a,5aba8f7b55429901930fa832,1.0,0.75,True,False,0.11991176612488984,0.049923323739392345
5aba8f7b55429901930fa832::working_set_pack_b,5aba8f7b55429901930fa832,0.875,1.0,False,True,0.11991176612488984,0.0446838375067393
5aba8f7b55429901930fa832::active_set_pack_b,5aba8f7b55429901930fa832,0.875,0.625,False,False,0.11991176612488984,0.04064520116756545
5ab413e55542996a3a969f1b::working_set_pack_a,5ab413e55542996a3a969f1b,1.0,1.0,True,True,0.2714875026226739,0.10535710653267721
5ab413e55542996a3a969f1b::active_set_pack_a,5ab413e55542996a3a969f1b,1.0,1.0,True,True,0.2714875026226739,0.1172809586452705
5ab413e55542996a3a969f1b::working_set_pack_b,5ab413e55542996a3a969f1b,1.0,1.0,True,True,0.2714875026226739,0.11634433698174099
5ab413e55542996a3a969f1b::active_set_pack_b,5ab413e55542996a3a969f1b,1.0,1.0,True,True,0.2714875026226739,0.09767089280524241
5a721dff55429971e9dc928c::working_set_pack_a,5a721dff55429971e9dc928c,0.875,1.0,False,False,0.10910539040504671,0.030787574870520175
5a721dff55429971e9dc928c::active_set_pack_a,5a721dff55429971e9dc928c,0.75,0.75,False,False,0.10910539040504671,0.03623313439371398
5a721dff55429971e9dc928c::working_set_pack_b,5a721dff55429971e9dc928c,1.0,0.75,True,False,0.10910539040504671,0.035188985949104135
5a721dff55429971e9dc928c::active_set_pack_b,5a721dff55429971e9dc928c,1.0,0.75,True,False,0.10910539040504671,0.030887138461371817
5ab395c4554299233954ff5a::working_set_pack_a,5ab395c4554299233954ff5a,1.0,1.0,True,True,0.16419388874077476,0.04321286416287158
5ab395c4554299233954ff5a::active_set_pack_a,5ab395c4554299233954ff5a,1.0,0.875,True,False,0.16419388874077476,0.056407206934244544
5ab395c4554299233954ff5a::working_set_pack_b,5ab395c4554299233954ff5a,1.0,1.0,True,True,0.16419388874077476,0.04819374212391511
5ab395c4554299233954ff5a::active_set_pack_b,5ab395c4554299233954ff5a,1.0,1.0,True,True,0.16419388874077476,0.022591504153218873
5ae33c6b5542992f92d82263::working_set_pack_a,5ae33c6b5542992f92d82263,1.0,1.0,True,True,0.0614230800090612,0.02026237970073025
5ae33c6b5542992f92d82263::active_set_pack_a,5ae33c6b5542992f92d82263,1.0,1.0,True,True,0.0614230800090612,0.02027195065026733
5ae33c6b5542992f92d82263::working_set_pack_b,5ae33c6b5542992f92d82263,1.0,1.0,True,True,0.0614230800090612,0.02174147878002059
5ae33c6b5542992f92d82263::active_set_pack_b,5ae33c6b5542992f92d82263,1.0,1.0,True,True,0.0614230800090612,0.01659669224085427
5ae2aa155542996483e64a23::working_set_pack_a,5ae2aa155542996483e64a23,1.0,1.0,True,True,0.21670944148693144,0.0637006769647336
5ae2aa155542996483e64a23::active_set_pack_a,5ae2aa155542996483e64a23,1.0,1.0,True,True,0.21670944148693144,0.12850206943713197
5ae2aa155542996483e64a23::working_set_pack_b,5ae2aa155542996483e64a23,1.0,0.875,True,False,0.21670944148693144,0.04835133918939426
5ae2aa155542996483e64a23::active_set_pack_b,5ae2aa155542996483e64a23,1.0,0.875,True,False,0.21670944148693144,0.0876414888873559
5ab8a17955429916710eb09e::working_set_pack_a,5ab8a17955429916710eb09e,1.0,0.625,True,False,0.15779486410016977,0.09516046104445933
5ab8a17955429916710eb09e::active_set_pack_a,5ab8a17955429916710eb09e,1.0,0.625,True,False,0.15779486410016977,0.18829280855469965
5ab8a17955429916710eb09e::working_set_pack_b,5ab8a17955429916710eb09e,1.0,0.5,True,False,0.15779486410016977,0.17886749270328284
5ab8a17955429916710eb09e::active_set_pack_b,5ab8a17955429916710eb09e,1.0,0.5,True,False,0.15779486410016977,0.18892879596246395
5a7bb84d554299294a54aaa1::working_set_pack_a,5a7bb84d554299294a54aaa1,0.875,0.75,False,False,0.10363942689694602,0.040168272202690765
5a7bb84d554299294a54aaa1::active_set_pack_a,5a7bb84d554299294a54aaa1,1.0,0.625,True,False,0.10363942689694602,0.06388778521560338
5a7bb84d554299294a54aaa1::working_set_pack_b,5a7bb84d554299294a54aaa1,1.0,0.5,True,False,0.10363942689694602,0.05984076794879137
5a7bb84d554299294a54aaa1::active_set_pack_b,5a7bb84d554299294a54aaa1,0.875,0.5,False,False,0.10363942689694602,0.06864990225978014
5adf97ae5542995534e8c800::working_set_pack_a,5adf97ae5542995534e8c800,1.0,0.875,True,False,0.1684302718109148,0.008331127815477
5adf97ae5542995534e8c800::active_set_pack_a,5adf97ae5542995534e8c800,1.0,1.0,True,True,0.1684302718109148,0.0
5adf97ae5542995534e8c800::working_set_pack_b,5adf97ae5542995534e8c800,0.75,0.75,False,False,0.1684302718109148,0.025079407087488913
5adf97ae5542995534e8c800::active_set_pack_b,5adf97ae5542995534e8c800,1.0,1.0,True,True,0.1684302718109148,0.01656499775855067
5ac3231a5542995ef918c11a::working_set_pack_a,5ac3231a5542995ef918c11a,1.0,0.625,True,False,0.1304839406834954,0.04575702840584203
5ac3231a5542995ef918c11a::active_set_pack_a,5ac3231a5542995ef918c11a,1.0,0.75,True,False,0.1304839406834954,0.05905723596706787
5ac3231a5542995ef918c11a::working_set_pack_b,5ac3231a5542995ef918c11a,1.0,0.75,True,False,0.1304839406834954,0.046289844717705135
5ac3231a5542995ef918c11a::active_set_pack_b,5ac3231a5542995ef918c11a,1.0,0.75,True,False,0.1304839406834954,0.0462023217092331
5a760de1554299109176e63c::working_set_pack_a,5a760de1554299109176e63c,1.0,1.0,True,True,0.24014867432162668,0.055496228469514956
5a760de1554299109176e63c::active_set_pack_a,5a760de1554299109176e63c,1.0,1.0,True,True,0.24014867432162668,0.04385206854110395
5a760de1554299109176e63c::working_set_pack_b,5a760de1554299109176e63c,1.0,1.0,True,True,0.24014867432162668,0.04862615508552338
5a760de1554299109176e63c::active_set_pack_b,5a760de1554299109176e63c,1.0,1.0,True,True,0.24014867432162668,0.045588852835725065
5ab31d43554299233954ff0e::working_set_pack_a,5ab31d43554299233954ff0e,1.0,1.0,True,True,0.11348431671534111,0.04987318289020784
5ab31d43554299233954ff0e::active_set_pack_a,5ab31d43554299233954ff0e,1.0,0.75,True,False,0.11348431671534111,0.08721563741121371
5ab31d43554299233954ff0e::working_set_pack_b,5ab31d43554299233954ff0e,1.0,1.0,True,True,0.11348431671534111,0.042431367623259345
5ab31d43554299233954ff0e::active_set_pack_b,5ab31d43554299233954ff0e,1.0,0.5,True,False,0.11348431671534111,0.10326315425771865
5ab4330b55429942dd415edc::working_set_pack_a,5ab4330b55429942dd415edc,1.0,0.75,True,False,0.14806791556352117,0.0786606132973374
5ab4330b55429942dd415edc::active_set_pack_a,5ab4330b55429942dd415edc,1.0,0.75,True,False,0.14806791556352117,0.08877439450489083
5ab4330b55429942dd415edc::working_set_pack_b,5ab4330b55429942dd415edc,1.0,0.75,True,False,0.14806791556352117,0.04841511253089517
5ab4330b55429942dd415edc::active_set_pack_b,5ab4330b55429942dd415edc,0.875,0.625,False,False,0.14806791556352117,0.053606218387115295
5a7626bd554299109176e678::working_set_pack_a,5a7626bd554299109176e678,1.0,1.0,True,True,0.08406479560897823,0.04627491111961142
5a7626bd554299109176e678::active_set_pack_a,5a7626bd554299109176e678,1.0,1.0,True,True,0.08406479560897823,0.05210944560361039
5a7626bd554299109176e678::working_set_pack_b,5a7626bd554299109176e678,1.0,1.0,True,True,0.08406479560897823,0.05289672814223867
5a7626bd554299109176e678::active_set_pack_b,5a7626bd554299109176e678,1.0,1.0,True,True,0.08406479560897823,0.039114542198980085
5a7150665542994082a3e7bb::working_set_pack_a,5a7150665542994082a3e7bb,0.875,0.75,False,False,0.41007024426896577,0.04423977228595097
5a7150665542994082a3e7bb::active_set_pack_a,5a7150665542994082a3e7bb,1.0,0.875,True,False,0.41007024426896577,0.039042234922664946
5a7150665542994082a3e7bb::working_set_pack_b,5a7150665542994082a3e7bb,1.0,0.625,True,False,0.41007024426896577,0.03954259345849923
5a7150665542994082a3e7bb::active_set_pack_b,5a7150665542994082a3e7bb,0.875,0.625,False,False,0.41007024426896577,0.02638983347281996
5abe96e15542993f32c2a172::working_set_pack_a,5abe96e15542993f32c2a172,1.0,0.875,True,False,0.12291028109323791,0.050890101304548935
5abe96e15542993f32c2a172::active_set_pack_a,5abe96e15542993f32c2a172,1.0,1.0,True,True,0.12291028109323791,0.053728344047499925
5abe96e15542993f32c2a172::working_set_pack_b,5abe96e15542993f32c2a172,1.0,1.0,True,True,0.12291028109323791,0.05357915359402831
5abe96e15542993f32c2a172::active_set_pack_b,5abe96e15542993f32c2a172,1.0,0.875,True,False,0.12291028109323791,0.05252763939481883
5a8b3d1855429949d91db4fe::working_set_pack_a,5a8b3d1855429949d91db4fe,1.0,0.75,True,False,0.22681363954250167,0.082118481771034
5a8b3d1855429949d91db4fe::active_set_pack_a,5a8b3d1855429949d91db4fe,0.75,0.5,False,False,0.22681363954250167,0.08705530326479627
5a8b3d1855429949d91db4fe::working_set_pack_b,5a8b3d1855429949d91db4fe,1.0,0.75,True,False,0.22681363954250167,0.1966491798101494
5a8b3d1855429949d91db4fe::active_set_pack_b,5a8b3d1855429949d91db4fe,0.875,0.875,False,False,0.22681363954250167,0.23417892512954663
5a804d725542995d8a8ddf60::working_set_pack_a,5a804d725542995d8a8ddf60,1.0,0.875,True,False,0.30627127489695016,0.041093465925430034
5a804d725542995d8a8ddf60::active_set_pack_a,5a804d725542995d8a8ddf60,1.0,0.75,True,False,0.30627127489695016,0.04136149952152565
5a804d725542995d8a8ddf60::working_set_pack_b,5a804d725542995d8a8ddf60,1.0,0.875,True,False,0.30627127489695016,0.04273671756533522
5a804d725542995d8a8ddf60::active_set_pack_b,5a804d725542995d8a8ddf60,1.0,0.875,True,False,0.30627127489695016,0.06041122014698143
5ab30cc755429976abd1bc3a::working_set_pack_a,5ab30cc755429976abd1bc3a,1.0,1.0,True,True,0.14111638654067846,0.028494757085282138
5ab30cc755429976abd1bc3a::active_set_pack_a,5ab30cc755429976abd1bc3a,1.0,1.0,True,True,0.14111638654067846,0.009593509352116784
5ab30cc755429976abd1bc3a::working_set_pack_b,5ab30cc755429976abd1bc3a,1.0,0.75,True,False,0.14111638654067846,0.018252635365551
5ab30cc755429976abd1bc3a::active_set_pack_b,5ab30cc755429976abd1bc3a,1.0,1.0,True,True,0.14111638654067846,0.00952262304363606
5a89eca455429946c8d6ea11::working_set_pack_a,5a89eca455429946c8d6ea11,1.0,1.0,True,True,0.2244677815123675,0.0559421137294855
5a89eca455429946c8d6ea11::active_set_pack_a,5a89eca455429946c8d6ea11,1.0,0.625,True,False,0.2244677815123675,0.04579380702893476
5a89eca455429946c8d6ea11::working_set_pack_b,5a89eca455429946c8d6ea11,0.875,1.0,False,True,0.2244677815123675,0.052427439195633724
5a89eca455429946c8d6ea11::active_set_pack_b,5a89eca455429946c8d6ea11,1.0,0.625,True,False,0.2244677815123675,0.047595565596833686
5abaf3385542996cc5e49f2f::working_set_pack_a,5abaf3385542996cc5e49f2f,1.0,1.0,True,True,0.28528608106653675,0.08442342585108355
5abaf3385542996cc5e49f2f::active_set_pack_a,5abaf3385542996cc5e49f2f,1.0,0.875,True,False,0.28528608106653675,0.08529294194216355
5abaf3385542996cc5e49f2f::working_set_pack_b,5abaf3385542996cc5e49f2f,1.0,1.0,True,True,0.28528608106653675,0.0827763297809755
5abaf3385542996cc5e49f2f::active_set_pack_b,5abaf3385542996cc5e49f2f,1.0,1.0,True,True,0.28528608106653675,0.0897831420388126
5ae55c2b5542992663a4f1e4::working_set_pack_a,5ae55c2b5542992663a4f1e4,1.0,1.0,True,True,0.2296047010055618,0.04280565670663292
5ae55c2b5542992663a4f1e4::active_set_pack_a,5ae55c2b5542992663a4f1e4,1.0,1.0,True,True,0.2296047010055618,0.044989872279048514
5ae55c2b5542992663a4f1e4::working_set_pack_b,5ae55c2b5542992663a4f1e4,1.0,1.0,True,True,0.2296047010055618,0.04652712846993493
5ae55c2b5542992663a4f1e4::active_set_pack_b,5ae55c2b5542992663a4f1e4,1.0,1.0,True,True,0.2296047010055618,0.056318293629963816
5a8ce61555429941ae14df36::working_set_pack_a,5a8ce61555429941ae14df36,1.0,1.0,True,True,0.13355061872443214,0.0
5a8ce61555429941ae14df36::active_set_pack_a,5a8ce61555429941ae14df36,1.0,0.75,True,False,0.13355061872443214,0.0
5a8ce61555429941ae14df36::working_set_pack_b,5a8ce61555429941ae14df36,1.0,1.0,True,True,0.13355061872443214,0.018755494525402355
5a8ce61555429941ae14df36::active_set_pack_b,5a8ce61555429941ae14df36,1.0,1.0,True,True,0.13355061872443214,0.020448489190152113
5aba8365554299232ef4a319::working_set_pack_a,5aba8365554299232ef4a319,1.0,0.625,True,False,0.16953568941199176,0.07518673733325648
5aba8365554299232ef4a319::active_set_pack_a,5aba8365554299232ef4a319,0.875,0.5,False,False,0.16953568941199176,0.0842761614753644
5aba8365554299232ef4a319::working_set_pack_b,5aba8365554299232ef4a319,0.75,0.5,False,False,0.16953568941199176,0.07472685894947706
5aba8365554299232ef4a319::active_set_pack_b,5aba8365554299232ef4a319,1.0,0.75,True,False,0.16953568941199176,0.03686690154157203
5abcff77554299700f9d794f::working_set_pack_a,5abcff77554299700f9d794f,1.0,0.75,True,False,0.057361195604888296,0.03612615818411055
5abcff77554299700f9d794f::active_set_pack_a,5abcff77554299700f9d794f,0.75,1.0,False,False,0.057361195604888296,0.03428401877221376
5abcff77554299700f9d794f::working_set_pack_b,5abcff77554299700f9d794f,0.875,0.75,False,False,0.057361195604888296,0.03718148261677359
5abcff77554299700f9d794f::active_set_pack_b,5abcff77554299700f9d794f,0.75,1.0,False,False,0.057361195604888296,0.03872987166196821
5ab56b71554299637185c586::working_set_pack_a,5ab56b71554299637185c586,0.875,0.625,False,False,0.19340067245774661,0.07952121004534685
5ab56b71554299637185c586::active_set_pack_a,5ab56b71554299637185c586,1.0,1.0,True,True,0.19340067245774661,0.1547286829488338
5ab56b71554299637185c586::working_set_pack_b,5ab56b71554299637185c586,1.0,1.0,True,True,0.19340067245774661,0.06311837181481383
5ab56b71554299637185c586::active_set_pack_b,5ab56b71554299637185c586,0.75,0.75,False,False,0.19340067245774661,0.14926420370122062
5a7ea5125542994959419a40::working_set_pack_a,5a7ea5125542994959419a40,1.0,0.75,True,False,0.43900232580016174,0.08539315368238229
5a7ea5125542994959419a40::active_set_pack_a,5a7ea5125542994959419a40,0.875,0.625,False,False,0.43900232580016174,0.09140619909107338
5a7ea5125542994959419a40::working_set_pack_b,5a7ea5125542994959419a40,1.0,0.625,True,False,0.43900232580016174,0.07430042562073975
5a7ea5125542994959419a40::active_set_pack_b,5a7ea5125542994959419a40,1.0,0.875,True,False,0.43900232580016174,0.09047836142935349
5ab90c2655429916710eb0ed::working_set_pack_a,5ab90c2655429916710eb0ed,1.0,1.0,True,True,0.20107405572915824,0.06792448603095358
5ab90c2655429916710eb0ed::active_set_pack_a,5ab90c2655429916710eb0ed,1.0,1.0,True,True,0.20107405572915824,0.07095472401120821
5ab90c2655429916710eb0ed::working_set_pack_b,5ab90c2655429916710eb0ed,1.0,1.0,True,True,0.20107405572915824,0.06414252350848951
5ab90c2655429916710eb0ed::active_set_pack_b,5ab90c2655429916710eb0ed,1.0,0.625,True,False,0.20107405572915824,0.0736327202800155
5abc2d7755429959677d6a29::working_set_pack_a,5abc2d7755429959677d6a29,1.0,1.0,True,True,0.15822224198894508,0.05198265366578583
5abc2d7755429959677d6a29::active_set_pack_a,5abc2d7755429959677d6a29,1.0,0.75,True,False,0.15822224198894508,0.03637838490208972
5abc2d7755429959677d6a29::working_set_pack_b,5abc2d7755429959677d6a29,1.0,1.0,True,True,0.15822224198894508,0.05684611108299283
5abc2d7755429959677d6a29::active_set_pack_b,5abc2d7755429959677d6a29,1.0,1.0,True,True,0.15822224198894508,0.049448265364323576
5a83143655429954d2e2ec0a::working_set_pack_a,5a83143655429954d2e2ec0a,1.0,1.0,True,True,0.08348171164079358,0.04862565833226906
5a83143655429954d2e2ec0a::active_set_pack_a,5a83143655429954d2e2ec0a,0.875,1.0,False,True,0.08348171164079358,0.04541234788950236
5a83143655429954d2e2ec0a::working_set_pack_b,5a83143655429954d2e2ec0a,1.0,1.0,True,True,0.08348171164079358,0.05513701006109089
5a83143655429954d2e2ec0a::active_set_pack_b,5a83143655429954d2e2ec0a,1.0,0.75,True,False,0.08348171164079358,0.053054435580707354
5ab691c5554299710c8d1ed3::working_set_pack_a,5ab691c5554299710c8d1ed3,0.875,0.75,False,False,0.20915148301195133,0.05365915705726647
5ab691c5554299710c8d1ed3::active_set_pack_a,5ab691c5554299710c8d1ed3,0.75,0.5,False,False,0.20915148301195133,0.059128463085233944
5ab691c5554299710c8d1ed3::working_set_pack_b,5ab691c5554299710c8d1ed3,0.75,0.625,False,False,0.20915148301195133,0.04632613197529337
5ab691c5554299710c8d1ed3::active_set_pack_b,5ab691c5554299710c8d1ed3,0.75,0.625,False,False,0.20915148301195133,0.052850112315512794
5a7528e75542996c70cfaea0::working_set_pack_a,5a7528e75542996c70cfaea0,1.0,1.0,True,True,0.281174556995073,0.1132773998206868
5a7528e75542996c70cfaea0::active_set_pack_a,5a7528e75542996c70cfaea0,1.0,1.0,True,True,0.281174556995073,0.12897345387574818
5a7528e75542996c70cfaea0::working_set_pack_b,5a7528e75542996c70cfaea0,1.0,0.75,True,False,0.281174556995073,0.13764994558964966
5a7528e75542996c70cfaea0::active_set_pack_b,5a7528e75542996c70cfaea0,1.0,0.75,True,False,0.281174556995073,0.15542805382194563
5ab4280b554299233955003a::working_set_pack_a,5ab4280b554299233955003a,1.0,1.0,True,True,0.26488317379055615,0.030785691153356685
5ab4280b554299233955003a::active_set_pack_a,5ab4280b554299233955003a,1.0,1.0,True,True,0.26488317379055615,0.05600669372077374
5ab4280b554299233955003a::working_set_pack_b,5ab4280b554299233955003a,1.0,1.0,True,True,0.26488317379055615,0.036756358963259364
5ab4280b554299233955003a::active_set_pack_b,5ab4280b554299233955003a,1.0,1.0,True,True,0.26488317379055615,0.04469194918244526
5ae3916d5542994393b9e708::working_set_pack_a,5ae3916d5542994393b9e708,1.0,1.0,True,True,0.6442251002273744,0.046933292880298
5ae3916d5542994393b9e708::active_set_pack_a,5ae3916d5542994393b9e708,1.0,1.0,True,True,0.6442251002273744,0.05165413656279179
5ae3916d5542994393b9e708::working_set_pack_b,5ae3916d5542994393b9e708,1.0,1.0,True,True,0.6442251002273744,0.05209831925481487
5ae3916d5542994393b9e708::active_set_pack_b,5ae3916d5542994393b9e708,1.0,1.0,True,True,0.6442251002273744,0.04200519988410004
5adc32805542994650320cad::working_set_pack_a,5adc32805542994650320cad,1.0,0.75,True,False,0.06654919043198217,0.0
5adc32805542994650320cad::active_set_pack_a,5adc32805542994650320cad,1.0,0.75,True,False,0.06654919043198217,0.0
5adc32805542994650320cad::working_set_pack_b,5adc32805542994650320cad,1.0,0.75,True,False,0.06654919043198217,0.015312116240659741
5adc32805542994650320cad::active_set_pack_b,5adc32805542994650320cad,1.0,0.875,True,False,0.06654919043198217,0.0
5a7a1bb25542996a35c170d2::working_set_pack_a,5a7a1bb25542996a35c170d2,1.0,1.0,True,True,0.10424730689813427,0.06915910343831372
5a7a1bb25542996a35c170d2::active_set_pack_a,5a7a1bb25542996a35c170d2,1.0,1.0,True,True,0.10424730689813427,0.06883450667944511
5a7a1bb25542996a35c170d2::working_set_pack_b,5a7a1bb25542996a35c170d2,1.0,1.0,True,True,0.10424730689813427,0.06578657919816798
5a7a1bb25542996a35c170d2::active_set_pack_b,5a7a1bb25542996a35c170d2,1.0,1.0,True,True,0.10424730689813427,0.06328646751107238
5adc36475542996e685252e1::working_set_pack_a,5adc36475542996e685252e1,1.0,0.5,True,False,0.3660183209645128,0.132637839070807
5adc36475542996e685252e1::active_set_pack_a,5adc36475542996e685252e1,0.875,0.625,False,False,0.3660183209645128,0.1194150649632447
5adc36475542996e685252e1::working_set_pack_b,5adc36475542996e685252e1,0.875,0.5,False,False,0.3660183209645128,0.14349263981795274
5adc36475542996e685252e1::active_set_pack_b,5adc36475542996e685252e1,1.0,0.5,True,False,0.3660183209645128,0.1346246829430169
5a7af39755429931da12c99d::working_set_pack_a,5a7af39755429931da12c99d,0.875,1.0,False,True,0.0840486051150103,0.054362157467982106
5a7af39755429931da12c99d::active_set_pack_a,5a7af39755429931da12c99d,1.0,1.0,True,True,0.0840486051150103,0.041380143893753045
5a7af39755429931da12c99d::working_set_pack_b,5a7af39755429931da12c99d,1.0,0.75,True,False,0.0840486051150103,0.048938329524366136
5a7af39755429931da12c99d::active_set_pack_b,5a7af39755429931da12c99d,1.0,0.875,True,False,0.0840486051150103,0.04677111613683353
5ade2af055429939a52fe84b::working_set_pack_a,5ade2af055429939a52fe84b,1.0,1.0,True,True,0.5898330035193937,0.04757431156302706
5ade2af055429939a52fe84b::active_set_pack_a,5ade2af055429939a52fe84b,1.0,1.0,True,True,0.5898330035193937,0.0370756281114375
5ade2af055429939a52fe84b::working_set_pack_b,5ade2af055429939a52fe84b,1.0,1.0,True,True,0.5898330035193937,0.04046428900457175
5ade2af055429939a52fe84b::active_set_pack_b,5ade2af055429939a52fe84b,1.0,1.0,True,True,0.5898330035193937,0.055955913241141075
5ab907c555429916710eb0e3::working_set_pack_a,5ab907c555429916710eb0e3,1.0,1.0,True,True,0.11745733017671553,0.06052018174838973
5ab907c555429916710eb0e3::active_set_pack_a,5ab907c555429916710eb0e3,1.0,0.75,True,False,0.11745733017671553,0.08375869162066943
5ab907c555429916710eb0e3::working_set_pack_b,5ab907c555429916710eb0e3,0.75,0.75,False,False,0.11745733017671553,0.07439089081023154
5ab907c555429916710eb0e3::active_set_pack_b,5ab907c555429916710eb0e3,1.0,0.875,True,False,0.11745733017671553,0.07480283378116803
5a73630855429901807db021::working_set_pack_a,5a73630855429901807db021,1.0,0.875,True,False,0.17472352750431913,0.042879570489347256
5a73630855429901807db021::active_set_pack_a,5a73630855429901807db021,1.0,0.875,True,False,0.17472352750431913,0.04105508608629256
5a73630855429901807db021::working_set_pack_b,5a73630855429901807db021,1.0,1.0,True,True,0.17472352750431913,0.03997273386722064
5a73630855429901807db021::active_set_pack_b,5a73630855429901807db021,1.0,1.0,True,True,0.17472352750431913,0.04500537967960755
5abae0265542996cc5e49ec3::working_set_pack_a,5abae0265542996cc5e49ec3,1.0,1.0,True,True,0.1943611432795183,0.048082391827925994
5abae0265542996cc5e49ec3::active_set_pack_a,5abae0265542996cc5e49ec3,1.0,1.0,True,True,0.1943611432795183,0.04766286790955927
5abae0265542996cc5e49ec3::working_set_pack_b,5abae0265542996cc5e49ec3,1.0,1.0,True,True,0.1943611432795183,0.05061181690328487
5abae0265542996cc5e49ec3::active_set_pack_b,5abae0265542996cc5e49ec3,1.0,0.875,True,False,0.1943611432795183,0.05436005969862029
5ae061705542993d6555eb26::working_set_pack_a,5ae061705542993d6555eb26,1.0,1.0,True,True,0.11828842102665997,0.08787303502606632
5ae061705542993d6555eb26::active_set_pack_a,5ae061705542993d6555eb26,1.0,1.0,True,True,0.11828842102665997,0.042972419605454955
5ae061705542993d6555eb26::working_set_pack_b,5ae061705542993d6555eb26,1.0,1.0,True,True,0.11828842102665997,0.08549760687991813
5ae061705542993d6555eb26::active_set_pack_b,5ae061705542993d6555eb26,1.0,1.0,True,True,0.11828842102665997,0.030275542757456423
5a835bb5554299123d8c2102::working_set_pack_a,5a835bb5554299123d8c2102,1.0,1.0,True,True,0.0754081205235691,0.03691055345781106
5a835bb5554299123d8c2102::active_set_pack_a,5a835bb5554299123d8c2102,1.0,1.0,True,True,0.0754081205235691,0.05345752143773452
5a835bb5554299123d8c2102::working_set_pack_b,5a835bb5554299123d8c2102,1.0,1.0,True,True,0.0754081205235691,0.04594917739137209
5a835bb5554299123d8c2102::active_set_pack_b,5a835bb5554299123d8c2102,1.0,0.875,True,False,0.0754081205235691,0.03467471268145198
5ae05c3155429924de1b70b0::working_set_pack_a,5ae05c3155429924de1b70b0,1.0,0.75,True,False,0.0763644199227568,0.03171858126622009
5ae05c3155429924de1b70b0::active_set_pack_a,5ae05c3155429924de1b70b0,0.875,0.75,False,False,0.0763644199227568,0.051191728231574
5ae05c3155429924de1b70b0::working_set_pack_b,5ae05c3155429924de1b70b0,0.875,0.75,False,False,0.0763644199227568,0.028947610101182394
5ae05c3155429924de1b70b0::active_set_pack_b,5ae05c3155429924de1b70b0,1.0,0.5,True,False,0.0763644199227568,0.030736302113456546
5ae225fb554299234fd043f8::working_set_pack_a,5ae225fb554299234fd043f8,1.0,1.0,True,True,0.056427771697967616,0.05192822290011541
5ae225fb554299234fd043f8::active_set_pack_a,5ae225fb554299234fd043f8,1.0,1.0,True,True,0.056427771697967616,0.05635718118473701
5ae225fb554299234fd043f8::working_set_pack_b,5ae225fb554299234fd043f8,1.0,1.0,True,True,0.056427771697967616,0.03736797533681214
5ae225fb554299234fd043f8::active_set_pack_b,5ae225fb554299234fd043f8,1.0,0.875,True,False,0.056427771697967616,0.05113000355668581
5ae513225542993aec5ec12e::working_set_pack_a,5ae513225542993aec5ec12e,1.0,1.0,True,True,0.14733887489842806,0.07327206977740444
5ae513225542993aec5ec12e::active_set_pack_a,5ae513225542993aec5ec12e,0.75,0.5,False,False,0.14733887489842806,0.07494191696165559
5ae513225542993aec5ec12e::working_set_pack_b,5ae513225542993aec5ec12e,1.0,0.75,True,False,0.14733887489842806,0.06462998317537848
5ae513225542993aec5ec12e::active_set_pack_b,5ae513225542993aec5ec12e,1.0,1.0,True,True,0.14733887489842806,0.0673938802581882
5abd0749554299700f9d796f::working_set_pack_a,5abd0749554299700f9d796f,1.0,1.0,True,True,0.08681177481222738,0.04595719756147264
5abd0749554299700f9d796f::active_set_pack_a,5abd0749554299700f9d796f,1.0,1.0,True,True,0.08681177481222738,0.054418652726362565
5abd0749554299700f9d796f::working_set_pack_b,5abd0749554299700f9d796f,1.0,1.0,True,True,0.08681177481222738,0.04394605136386458
5abd0749554299700f9d796f::active_set_pack_b,5abd0749554299700f9d796f,1.0,0.75,True,False,0.08681177481222738,0.05482877262786513
5a8a28505542996c9b8d5e22::working_set_pack_a,5a8a28505542996c9b8d5e22,1.0,0.875,True,False,0.03148892929283754,0.0
5a8a28505542996c9b8d5e22::active_set_pack_a,5a8a28505542996c9b8d5e22,1.0,0.5,True,False,0.03148892929283754,0.0
5a8a28505542996c9b8d5e22::working_set_pack_b,5a8a28505542996c9b8d5e22,0.875,0.75,False,False,0.03148892929283754,0.008835902963149022
5a8a28505542996c9b8d5e22::active_set_pack_b,5a8a28505542996c9b8d5e22,1.0,0.75,True,False,0.03148892929283754,0.0
5a727bb95542991f9a20c48d::working_set_pack_a,5a727bb95542991f9a20c48d,1.0,0.875,True,False,0.25330159692703685,0.07541650169511928
5a727bb95542991f9a20c48d::active_set_pack_a,5a727bb95542991f9a20c48d,0.875,0.625,False,False,0.25330159692703685,0.08133884575219806
5a727bb95542991f9a20c48d::working_set_pack_b,5a727bb95542991f9a20c48d,0.875,0.625,False,False,0.25330159692703685,0.07471639462613905
5a727bb95542991f9a20c48d::active_set_pack_b,5a727bb95542991f9a20c48d,0.875,0.5,False,False,0.25330159692703685,0.0680688568601705
5ae754725542995703ce8bf2::working_set_pack_a,5ae754725542995703ce8bf2,1.0,1.0,True,True,0.43379399122784346,0.049285030623281254
5ae754725542995703ce8bf2::active_set_pack_a,5ae754725542995703ce8bf2,1.0,0.875,True,False,0.43379399122784346,0.04310929626584607
5ae754725542995703ce8bf2::working_set_pack_b,5ae754725542995703ce8bf2,1.0,1.0,True,True,0.43379399122784346,0.056142537747044974
5ae754725542995703ce8bf2::active_set_pack_b,5ae754725542995703ce8bf2,1.0,0.875,True,False,0.43379399122784346,0.05183704041842001
5a740aa955429974ef308ba3::working_set_pack_a,5a740aa955429974ef308ba3,1.0,1.0,True,True,0.27455954298132595,0.09295187498846864
5a740aa955429974ef308ba3::active_set_pack_a,5a740aa955429974ef308ba3,1.0,1.0,True,True,0.27455954298132595,0.11209161286841013
5a740aa955429974ef308ba3::working_set_pack_b,5a740aa955429974ef308ba3,1.0,1.0,True,True,0.27455954298132595,0.10424007496091195
5a740aa955429974ef308ba3::active_set_pack_b,5a740aa955429974ef308ba3,1.0,0.625,True,False,0.27455954298132595,0.09908728623452735
5ae331f955429928c423966f::working_set_pack_a,5ae331f955429928c423966f,1.0,1.0,True,True,0.21937910988197054,0.04341020983340882
5ae331f955429928c423966f::active_set_pack_a,5ae331f955429928c423966f,1.0,1.0,True,True,0.21937910988197054,0.03937526734504309
5ae331f955429928c423966f::working_set_pack_b,5ae331f955429928c423966f,1.0,1.0,True,True,0.21937910988197054,0.04559699784490829
5ae331f955429928c423966f::active_set_pack_b,5ae331f955429928c423966f,1.0,0.625,True,False,0.21937910988197054,0.03250640823062584
5ade4e43554299728e26c6bb::working_set_pack_a,5ade4e43554299728e26c6bb,1.0,0.875,True,False,0.17409316895955843,0.04434629946475675
5ade4e43554299728e26c6bb::active_set_pack_a,5ade4e43554299728e26c6bb,0.875,0.5,False,False,0.17409316895955843,0.03965110864989952
5ade4e43554299728e26c6bb::working_set_pack_b,5ade4e43554299728e26c6bb,1.0,0.875,True,False,0.17409316895955843,0.03923740649460331
5ade4e43554299728e26c6bb::active_set_pack_b,5ade4e43554299728e26c6bb,1.0,0.75,True,False,0.17409316895955843,0.03138853135548501
5ac25c4a55429951e9e6857f::working_set_pack_a,5ac25c4a55429951e9e6857f,0.875,0.625,False,False,0.10270231040503432,0.0799575489640798
5ac25c4a55429951e9e6857f::active_set_pack_a,5ac25c4a55429951e9e6857f,1.0,1.0,True,True,0.10270231040503432,0.06588034287770601
5ac25c4a55429951e9e6857f::working_set_pack_b,5ac25c4a55429951e9e6857f,1.0,1.0,True,True,0.10270231040503432,0.06477632582188002
5ac25c4a55429951e9e6857f::active_set_pack_b,5ac25c4a55429951e9e6857f,1.0,0.875,True,False,0.10270231040503432,0.06884468754039301
5ae79c2b5542993210983eae::working_set_pack_a,5ae79c2b5542993210983eae,1.0,1.0,True,True,0.32996823550125465,0.07679685150891648
5ae79c2b5542993210983eae::active_set_pack_a,5ae79c2b5542993210983eae,1.0,0.875,True,False,0.32996823550125465,0.09651628032870503
5ae79c2b5542993210983eae::working_set_pack_b,5ae79c2b5542993210983eae,1.0,0.625,True,False,0.32996823550125465,0.07816709801921749
5ae79c2b5542993210983eae::active_set_pack_b,5ae79c2b5542993210983eae,1.0,1.0,True,True,0.32996823550125465,0.07544222122387961
5a73e07655429905862fe0ea::working_set_pack_a,5a73e07655429905862fe0ea,1.0,0.5,True,False,0.11440495891464993,0.04212141618528502
5a73e07655429905862fe0ea::active_set_pack_a,5a73e07655429905862fe0ea,0.875,0.625,False,False,0.11440495891464993,0.0550966276199653
5a73e07655429905862fe0ea::working_set_pack_b,5a73e07655429905862fe0ea,1.0,0.75,True,False,0.11440495891464993,0.07366970353155959
5a73e07655429905862fe0ea::active_set_pack_b,5a73e07655429905862fe0ea,1.0,0.75,True,False,0.11440495891464993,0.06813919575719293
5a8885b4554299206df2b2e4::working_set_pack_a,5a8885b4554299206df2b2e4,1.0,0.75,True,False,0.0892328495574477,0.047302032660718585
5a8885b4554299206df2b2e4::active_set_pack_a,5a8885b4554299206df2b2e4,0.875,0.875,False,False,0.0892328495574477,0.053637175337952564
5a8885b4554299206df2b2e4::working_set_pack_b,5a8885b4554299206df2b2e4,1.0,0.5,True,False,0.0892328495574477,0.05295325361055485
5a8885b4554299206df2b2e4::active_set_pack_b,5a8885b4554299206df2b2e4,1.0,1.0,True,True,0.0892328495574477,0.047513105904991124
5a7d20b055429909bec76973::working_set_pack_a,5a7d20b055429909bec76973,1.0,1.0,True,True,0.06090725666729569,0.04002791504637648
5a7d20b055429909bec76973::active_set_pack_a,5a7d20b055429909bec76973,1.0,0.625,True,False,0.06090725666729569,0.022760781625128314
5a7d20b055429909bec76973::working_set_pack_b,5a7d20b055429909bec76973,1.0,0.875,True,False,0.06090725666729569,0.02109849194888304
5a7d20b055429909bec76973::active_set_pack_b,5a7d20b055429909bec76973,1.0,1.0,True,True,0.06090725666729569,0.03439419922799245
5a793e77554299029c4b5f36::working_set_pack_a,5a793e77554299029c4b5f36,0.875,0.625,False,False,0.15359150681247466,0.051560111343959936
5a793e77554299029c4b5f36::active_set_pack_a,5a793e77554299029c4b5f36,0.875,0.75,False,False,0.15359150681247466,0.037572767088113704
5a793e77554299029c4b5f36::working_set_pack_b,5a793e77554299029c4b5f36,1.0,0.875,True,False,0.15359150681247466,0.05810339803542207
5a793e77554299029c4b5f36::active_set_pack_b,5a793e77554299029c4b5f36,0.875,0.625,False,False,0.15359150681247466,0.05099929052790041
5a8906515542993b751ca8f0::working_set_pack_a,5a8906515542993b751ca8f0,1.0,0.875,True,False,0.06863592861971517,0.03754548006587012
5a8906515542993b751ca8f0::active_set_pack_a,5a8906515542993b751ca8f0,1.0,0.625,True,False,0.06863592861971517,0.03413074064474412
5a8906515542993b751ca8f0::working_set_pack_b,5a8906515542993b751ca8f0,1.0,0.75,True,False,0.06863592861971517,0.02726878732480831
5a8906515542993b751ca8f0::active_set_pack_b,5a8906515542993b751ca8f0,1.0,0.75,True,False,0.06863592861971517,0.027588815877319282
5adf6abe5542993344016c8c::working_set_pack_a,5adf6abe5542993344016c8c,1.0,1.0,True,True,0.2292476752082852,0.046716509968824295
5adf6abe5542993344016c8c::active_set_pack_a,5adf6abe5542993344016c8c,0.875,0.75,False,False,0.2292476752082852,0.045466096554347475
5adf6abe5542993344016c8c::working_set_pack_b,5adf6abe5542993344016c8c,1.0,1.0,True,True,0.2292476752082852,0.057222335901988816
5adf6abe5542993344016c8c::active_set_pack_b,5adf6abe5542993344016c8c,1.0,1.0,True,True,0.2292476752082852,0.06306018773284555
5ab51c455542990594ba9d0a::working_set_pack_a,5ab51c455542990594ba9d0a,0.875,0.5,False,False,0.13818063486659876,0.09773298269813134
5ab51c455542990594ba9d0a::active_set_pack_a,5ab51c455542990594ba9d0a,1.0,0.75,True,False,0.13818063486659876,0.08160070116820767
5ab51c455542990594ba9d0a::working_set_pack_b,5ab51c455542990594ba9d0a,1.0,0.5,True,False,0.13818063486659876,0.09473640289831355
5ab51c455542990594ba9d0a::active_set_pack_b,5ab51c455542990594ba9d0a,0.875,0.5,False,False,0.13818063486659876,0.0992300349356125
5ae12f915542997b2ef7d11f::working_set_pack_a,5ae12f915542997b2ef7d11f,1.0,0.75,True,False,0.24209524438938904,0.04376748393577725
5ae12f915542997b2ef7d11f::active_set_pack_a,5ae12f915542997b2ef7d11f,1.0,0.625,True,False,0.24209524438938904,0.04576512001358588
5ae12f915542997b2ef7d11f::working_set_pack_b,5ae12f915542997b2ef7d11f,1.0,1.0,True,True,0.24209524438938904,0.053554362333487066
5ae12f915542997b2ef7d11f::active_set_pack_b,5ae12f915542997b2ef7d11f,1.0,0.875,True,False,0.24209524438938904,0.04742012346285281
5adbdb8955429944faac2389::working_set_pack_a,5adbdb8955429944faac2389,1.0,0.75,True,False,0.2053976395433189,0.04276918084894775
5adbdb8955429944faac2389::active_set_pack_a,5adbdb8955429944faac2389,1.0,0.75,True,False,0.2053976395433189,0.04975931162250492
5adbdb8955429944faac2389::working_set_pack_b,5adbdb8955429944faac2389,1.0,1.0,True,True,0.2053976395433189,0.03690978590912965
5adbdb8955429944faac2389::active_set_pack_b,5adbdb8955429944faac2389,1.0,1.0,True,True,0.2053976395433189,0.039346196037356916
5a74a7bf55429929fddd8494::working_set_pack_a,5a74a7bf55429929fddd8494,1.0,0.625,True,False,0.09550558509485758,0.09943913051372627
5a74a7bf55429929fddd8494::active_set_pack_a,5a74a7bf55429929fddd8494,1.0,1.0,True,False,0.09550558509485758,0.08139802970512672
5a74a7bf55429929fddd8494::working_set_pack_b,5a74a7bf55429929fddd8494,1.0,0.5,True,False,0.09550558509485758,0.10691365226151137
5a74a7bf55429929fddd8494::active_set_pack_b,5a74a7bf55429929fddd8494,1.0,0.75,True,False,0.09550558509485758,0.08938818486157718
5a89a59555429946c8d6e97e::working_set_pack_a,5a89a59555429946c8d6e97e,0.875,0.5,False,False,0.17395911669371694,0.03795827483335652
5a89a59555429946c8d6e97e::active_set_pack_a,5a89a59555429946c8d6e97e,0.875,0.625,False,False,0.17395911669371694,0.032666765823979496
5a89a59555429946c8d6e97e::working_set_pack_b,5a89a59555429946c8d6e97e,1.0,1.0,True,True,0.17395911669371694,0.03290063372945661
5a89a59555429946c8d6e97e::active_set_pack_b,5a89a59555429946c8d6e97e,1.0,0.75,True,False,0.17395911669371694,0.03307925548021308
5abe37295542993f32c2a090::working_set_pack_a,5abe37295542993f32c2a090,0.75,0.875,False,False,0.18257624999997837,0.03882941252515909
5abe37295542993f32c2a090::active_set_pack_a,5abe37295542993f32c2a090,0.75,0.875,False,False,0.18257624999997837,0.040193041116482225
5abe37295542993f32c2a090::working_set_pack_b,5abe37295542993f32c2a090,0.875,1.0,False,True,0.18257624999997837,0.033540176895960574
5abe37295542993f32c2a090::active_set_pack_b,5abe37295542993f32c2a090,1.0,1.0,True,True,0.18257624999997837,0.040987978846977836
5adf54605542993a75d264c6::working_set_pack_a,5adf54605542993a75d264c6,1.0,1.0,True,True,0.15484970797370384,0.08691328848054719
5adf54605542993a75d264c6::active_set_pack_a,5adf54605542993a75d264c6,1.0,1.0,True,True,0.15484970797370384,0.08080648761646039
5adf54605542993a75d264c6::working_set_pack_b,5adf54605542993a75d264c6,0.875,0.75,False,False,0.15484970797370384,0.08218333291184175
5adf54605542993a75d264c6::active_set_pack_b,5adf54605542993a75d264c6,1.0,0.75,True,False,0.15484970797370384,0.08722150643673435
5a7792435542995d831811e4::working_set_pack_a,5a7792435542995d831811e4,1.0,0.75,True,False,0.06750351110719235,0.033050361441187684
5a7792435542995d831811e4::active_set_pack_a,5a7792435542995d831811e4,1.0,0.625,True,False,0.06750351110719235,0.05294440552744039
5a7792435542995d831811e4::working_set_pack_b,5a7792435542995d831811e4,1.0,0.75,True,False,0.06750351110719235,0.03496768752723858
5a7792435542995d831811e4::active_set_pack_b,5a7792435542995d831811e4,1.0,0.75,True,False,0.06750351110719235,0.05276760650944688
5a8a481a55429930ff3c0d5a::working_set_pack_a,5a8a481a55429930ff3c0d5a,0.875,0.5,False,False,0.16639380110689145,0.03969959379452587
5a8a481a55429930ff3c0d5a::active_set_pack_a,5a8a481a55429930ff3c0d5a,0.75,0.75,False,False,0.16639380110689145,0.04462070850276611
5a8a481a55429930ff3c0d5a::working_set_pack_b,5a8a481a55429930ff3c0d5a,0.75,0.625,False,False,0.16639380110689145,0.06587827659988889
5a8a481a55429930ff3c0d5a::active_set_pack_b,5a8a481a55429930ff3c0d5a,0.875,0.75,False,False,0.16639380110689145,0.03325867653328832
5ac269a455429951e9e685aa::working_set_pack_a,5ac269a455429951e9e685aa,1.0,0.5,True,False,0.10125007142363783,0.08863967943742385
5ac269a455429951e9e685aa::active_set_pack_a,5ac269a455429951e9e685aa,1.0,0.75,True,False,0.10125007142363783,0.08408293727470306
5ac269a455429951e9e685aa::working_set_pack_b,5ac269a455429951e9e685aa,1.0,0.625,True,False,0.10125007142363783,0.05938090253019644
5ac269a455429951e9e685aa::active_set_pack_b,5ac269a455429951e9e685aa,1.0,1.0,True,False,0.10125007142363783,0.09219913595790372
5a7cd27e55429909bec76827::working_set_pack_a,5a7cd27e55429909bec76827,1.0,0.5,True,False,0.1463865649397399,0.022169471497687804
5a7cd27e55429909bec76827::active_set_pack_a,5a7cd27e55429909bec76827,1.0,0.75,True,False,0.1463865649397399,0.03306210581282566
5a7cd27e55429909bec76827::working_set_pack_b,5a7cd27e55429909bec76827,1.0,0.625,True,False,0.1463865649397399,0.04369918468455812
5a7cd27e55429909bec76827::active_set_pack_b,5a7cd27e55429909bec76827,1.0,0.5,True,False,0.1463865649397399,0.03721849697061637
5adbf5e255429947ff17386c::working_set_pack_a,5adbf5e255429947ff17386c,1.0,0.875,True,False,0.16397843691733263,0.05605671154421736
5adbf5e255429947ff17386c::active_set_pack_a,5adbf5e255429947ff17386c,1.0,0.875,True,False,0.16397843691733263,0.06060550402432873
5adbf5e255429947ff17386c::working_set_pack_b,5adbf5e255429947ff17386c,1.0,1.0,True,True,0.16397843691733263,0.04490039088965834
5adbf5e255429947ff17386c::active_set_pack_b,5adbf5e255429947ff17386c,1.0,0.75,True,False,0.16397843691733263,0.05923414098026271
5a764341554299109176e6e9::working_set_pack_a,5a764341554299109176e6e9,0.75,0.625,False,False,0.13786510061034762,0.09444953080617244
5a764341554299109176e6e9::active_set_pack_a,5a764341554299109176e6e9,0.75,0.5,False,False,0.13786510061034762,0.09718736054081026
5a764341554299109176e6e9::working_set_pack_b,5a764341554299109176e6e9,0.875,0.625,False,False,0.13786510061034762,0.08944829993508907
5a764341554299109176e6e9::active_set_pack_b,5a764341554299109176e6e9,0.875,0.5,False,False,0.13786510061034762,0.09606113188997306
5a7ded525542990b8f503af2::working_set_pack_a,5a7ded525542990b8f503af2,1.0,0.875,True,False,0.15501087657838494,0.057387279607609844
5a7ded525542990b8f503af2::active_set_pack_a,5a7ded525542990b8f503af2,1.0,1.0,True,True,0.15501087657838494,0.06578064887455287
5a7ded525542990b8f503af2::working_set_pack_b,5a7ded525542990b8f503af2,1.0,1.0,True,True,0.15501087657838494,0.06464236576843511
5a7ded525542990b8f503af2::active_set_pack_b,5a7ded525542990b8f503af2,1.0,0.75,True,False,0.15501087657838494,0.05998700794568686
5ae3aebf5542992f92d8233d::working_set_pack_a,5ae3aebf5542992f92d8233d,1.0,1.0,True,True,0.08445098647443205,0.044176943830687265
5ae3aebf5542992f92d8233d::active_set_pack_a,5ae3aebf5542992f92d8233d,1.0,0.625,True,False,0.08445098647443205,0.052915096795826705
5ae3aebf5542992f92d8233d::working_set_pack_b,5ae3aebf5542992f92d8233d,1.0,0.875,True,False,0.08445098647443205,0.048176723606004085
5ae3aebf5542992f92d8233d::active_set_pack_b,5ae3aebf5542992f92d8233d,1.0,0.875,True,False,0.08445098647443205,0.038598581811154276
5a7e15255542997cc2c4751d::working_set_pack_a,5a7e15255542997cc2c4751d,1.0,1.0,True,True,0.4129948843562147,0.034174023842775486
5a7e15255542997cc2c4751d::active_set_pack_a,5a7e15255542997cc2c4751d,1.0,0.75,True,False,0.4129948843562147,0.04463585557180971
5a7e15255542997cc2c4751d::working_set_pack_b,5a7e15255542997cc2c4751d,1.0,1.0,True,True,0.4129948843562147,0.037916319293616677
5a7e15255542997cc2c4751d::active_set_pack_b,5a7e15255542997cc2c4751d,1.0,1.0,True,True,0.4129948843562147,0.04123533907571838
5a8a07475542992e4fca84dc::working_set_pack_a,5a8a07475542992e4fca84dc,1.0,1.0,True,True,0.031246963061219928,0.0
5a8a07475542992e4fca84dc::active_set_pack_a,5a8a07475542992e4fca84dc,1.0,1.0,True,True,0.031246963061219928,0.009515088145341306
5a8a07475542992e4fca84dc::working_set_pack_b,5a8a07475542992e4fca84dc,1.0,1.0,True,True,0.031246963061219928,0.0
5a8a07475542992e4fca84dc::active_set_pack_b,5a8a07475542992e4fca84dc,1.0,0.75,True,False,0.031246963061219928,0.0
5a7fea955542994857a7684a::working_set_pack_a,5a7fea955542994857a7684a,1.0,0.625,True,False,0.16801498477691484,0.08191593771556469
5a7fea955542994857a7684a::active_set_pack_a,5a7fea955542994857a7684a,1.0,0.875,True,False,0.16801498477691484,0.09310241627388467
5a7fea955542994857a7684a::working_set_pack_b,5a7fea955542994857a7684a,1.0,0.875,True,False,0.16801498477691484,0.07194094372567082
5a7fea955542994857a7684a::active_set_pack_b,5a7fea955542994857a7684a,1.0,0.75,True,False,0.16801498477691484,0.07294681038552747
5ab98b2d554299131ca4236e::working_set_pack_a,5ab98b2d554299131ca4236e,1.0,0.5,True,False,0.3062856975675783,0.04010275099487776
5ab98b2d554299131ca4236e::active_set_pack_a,5ab98b2d554299131ca4236e,1.0,0.625,True,False,0.3062856975675783,0.03414601033965108
5ab98b2d554299131ca4236e::working_set_pack_b,5ab98b2d554299131ca4236e,1.0,0.75,True,False,0.3062856975675783,0.03862954446280625
5ab98b2d554299131ca4236e::active_set_pack_b,5ab98b2d554299131ca4236e,1.0,0.5,True,False,0.3062856975675783,0.04861069861854146
5ae717ec5542995703ce8bd0::working_set_pack_a,5ae717ec5542995703ce8bd0,1.0,0.875,True,False,0.4406693124460518,0.03862601700278023
5ae717ec5542995703ce8bd0::active_set_pack_a,5ae717ec5542995703ce8bd0,1.0,1.0,True,True,0.4406693124460518,0.03290022478222652
5ae717ec5542995703ce8bd0::working_set_pack_b,5ae717ec5542995703ce8bd0,1.0,0.5,True,False,0.4406693124460518,0.037054611556843475
5ae717ec5542995703ce8bd0::active_set_pack_b,5ae717ec5542995703ce8bd0,0.875,0.625,False,False,0.4406693124460518,0.03854005082558012
5a7b5e55554299042af8f755::working_set_pack_a,5a7b5e55554299042af8f755,1.0,1.0,True,True,0.16831061979015324,0.043061453919382556
5a7b5e55554299042af8f755::active_set_pack_a,5a7b5e55554299042af8f755,1.0,0.875,True,False,0.16831061979015324,0.038603312497255
5a7b5e55554299042af8f755::working_set_pack_b,5a7b5e55554299042af8f755,1.0,0.875,True,False,0.16831061979015324,0.04646235100226813
5a7b5e55554299042af8f755::active_set_pack_b,5a7b5e55554299042af8f755,1.0,0.875,True,False,0.16831061979015324,0.052435245445903535
5a7b96cf554299042af8f789::working_set_pack_a,5a7b96cf554299042af8f789,0.875,0.875,False,False,0.1606530871730572,0.05777541699724614
5a7b96cf554299042af8f789::active_set_pack_a,5a7b96cf554299042af8f789,0.75,0.875,False,False,0.1606530871730572,0.07540127422115063
5a7b96cf554299042af8f789::working_set_pack_b,5a7b96cf554299042af8f789,1.0,0.75,True,False,0.1606530871730572,0.05963380699460731
5a7b96cf554299042af8f789::active_set_pack_b,5a7b96cf554299042af8f789,0.75,0.75,False,False,0.1606530871730572,0.07370696371049458
5adca6c05542994d58a2f696::working_set_pack_a,5adca6c05542994d58a2f696,1.0,1.0,True,True,0.061198393148260546,0.026893686038614865
5adca6c05542994d58a2f696::active_set_pack_a,5adca6c05542994d58a2f696,1.0,1.0,True,True,0.061198393148260546,0.04278629390229414
5adca6c05542994d58a2f696::working_set_pack_b,5adca6c05542994d58a2f696,1.0,1.0,True,True,0.061198393148260546,0.036335571435386134
5adca6c05542994d58a2f696::active_set_pack_b,5adca6c05542994d58a2f696,1.0,0.875,True,False,0.061198393148260546,0.035288223601412885
5ab2a4165542992953946786::working_set_pack_a,5ab2a4165542992953946786,1.0,1.0,True,True,0.06177897373126913,0.04124344797621098
5ab2a4165542992953946786::active_set_pack_a,5ab2a4165542992953946786,1.0,1.0,True,True,0.06177897373126913,0.034470760417270395
5ab2a4165542992953946786::working_set_pack_b,5ab2a4165542992953946786,1.0,1.0,True,True,0.06177897373126913,0.03365986742239811
5ab2a4165542992953946786::active_set_pack_b,5ab2a4165542992953946786,1.0,1.0,True,True,0.06177897373126913,0.03310108350547215
5ae092fe554299603e418427::working_set_pack_a,5ae092fe554299603e418427,1.0,0.75,True,False,0.16292311401244403,0.03159734992356769
5ae092fe554299603e418427::active_set_pack_a,5ae092fe554299603e418427,1.0,1.0,True,True,0.16292311401244403,0.03142615665452013
5ae092fe554299603e418427::working_set_pack_b,5ae092fe554299603e418427,1.0,0.75,True,False,0.16292311401244403,0.04087017126219877
5ae092fe554299603e418427::active_set_pack_b,5ae092fe554299603e418427,1.0,0.75,True,False,0.16292311401244403,0.01663918636131092
5ac16fca5542994ab5c67d32::working_set_pack_a,5ac16fca5542994ab5c67d32,0.875,0.75,False,False,0.2249694704525895,0.05995277772963024
5ac16fca5542994ab5c67d32::active_set_pack_a,5ac16fca5542994ab5c67d32,1.0,1.0,True,False,0.2249694704525895,0.06065304180130475
5ac16fca5542994ab5c67d32::working_set_pack_b,5ac16fca5542994ab5c67d32,1.0,0.5,True,False,0.2249694704525895,0.0663285502510303
5ac16fca5542994ab5c67d32::active_set_pack_b,5ac16fca5542994ab5c67d32,1.0,0.75,True,False,0.2249694704525895,0.0649691741135229
5ab29b23554299706120966c::working_set_pack_a,5ab29b23554299706120966c,1.0,0.875,True,False,0.31774205710685,0.12527880877806385
5ab29b23554299706120966c::active_set_pack_a,5ab29b23554299706120966c,1.0,1.0,True,True,0.31774205710685,0.11186856452950428
5ab29b23554299706120966c::working_set_pack_b,5ab29b23554299706120966c,1.0,1.0,True,True,0.31774205710685,0.1188624640789788
5ab29b23554299706120966c::active_set_pack_b,5ab29b23554299706120966c,1.0,0.875,True,False,0.31774205710685,0.11817264014282938
5a8019cb5542992bc0c4a6a6::working_set_pack_a,5a8019cb5542992bc0c4a6a6,1.0,1.0,True,True,0.33368159819971666,0.04592598794954955
5a8019cb5542992bc0c4a6a6::active_set_pack_a,5a8019cb5542992bc0c4a6a6,1.0,0.875,True,False,0.33368159819971666,0.042013711942109455
5a8019cb5542992bc0c4a6a6::working_set_pack_b,5a8019cb5542992bc0c4a6a6,1.0,0.875,True,False,0.33368159819971666,0.042113864905140005
5a8019cb5542992bc0c4a6a6::active_set_pack_b,5a8019cb5542992bc0c4a6a6,1.0,0.75,True,False,0.33368159819971666,0.04254433310422737
5a81f60e55429903bc27ba09::working_set_pack_a,5a81f60e55429903bc27ba09,1.0,0.875,True,False,0.37903339944871983,0.033627276135415905
5a81f60e55429903bc27ba09::active_set_pack_a,5a81f60e55429903bc27ba09,1.0,0.875,True,False,0.37903339944871983,0.03411462942986097
5a81f60e55429903bc27ba09::working_set_pack_b,5a81f60e55429903bc27ba09,1.0,0.875,True,False,0.37903339944871983,0.03274311625705053
5a81f60e55429903bc27ba09::active_set_pack_b,5a81f60e55429903bc27ba09,1.0,0.75,True,False,0.37903339944871983,0.029049375268558733
5a734c425542994cef4bc514::working_set_pack_a,5a734c425542994cef4bc514,1.0,0.5,True,False,0.09015286494887426,0.05511075974241088
5a734c425542994cef4bc514::active_set_pack_a,5a734c425542994cef4bc514,1.0,0.625,True,False,0.09015286494887426,0.06562961451654417
5a734c425542994cef4bc514::working_set_pack_b,5a734c425542994cef4bc514,1.0,1.0,True,True,0.09015286494887426,0.051809022701290064
5a734c425542994cef4bc514::active_set_pack_b,5a734c425542994cef4bc514,1.0,0.625,True,False,0.09015286494887426,0.050357645607409046
5a7724de5542993569682cf9::working_set_pack_a,5a7724de5542993569682cf9,1.0,0.75,True,False,0.16870873257408422,0.04088405871322625
5a7724de5542993569682cf9::active_set_pack_a,5a7724de5542993569682cf9,1.0,0.875,True,False,0.16870873257408422,0.03915973312358297
5a7724de5542993569682cf9::working_set_pack_b,5a7724de5542993569682cf9,1.0,1.0,True,True,0.16870873257408422,0.04655198645141723
5a7724de5542993569682cf9::active_set_pack_b,5a7724de5542993569682cf9,1.0,1.0,True,True,0.16870873257408422,0.041091706443997525
5ae25ac85542996483e64983::working_set_pack_a,5ae25ac85542996483e64983,1.0,0.75,True,False,0.5249177389923576,0.07248046533225522
5ae25ac85542996483e64983::active_set_pack_a,5ae25ac85542996483e64983,1.0,1.0,True,True,0.5249177389923576,0.06098788157182505
5ae25ac85542996483e64983::working_set_pack_b,5ae25ac85542996483e64983,1.0,1.0,True,True,0.5249177389923576,0.08025912501262797
5ae25ac85542996483e64983::active_set_pack_b,5ae25ac85542996483e64983,1.0,1.0,True,True,0.5249177389923576,0.06990997290935974
5a747efc55429929fddd8455::working_set_pack_a,5a747efc55429929fddd8455,1.0,0.75,True,False,0.10883747617670145,0.0
5a747efc55429929fddd8455::active_set_pack_a,5a747efc55429929fddd8455,1.0,0.875,True,False,0.10883747617670145,0.0
5a747efc55429929fddd8455::working_set_pack_b,5a747efc55429929fddd8455,1.0,0.5,True,False,0.10883747617670145,0.062067916817961116
5a747efc55429929fddd8455::active_set_pack_b,5a747efc55429929fddd8455,1.0,1.0,True,True,0.10883747617670145,0.0
5ae7c7355542993210983f46::working_set_pack_a,5ae7c7355542993210983f46,1.0,1.0,True,True,0.06551509507803527,0.029794628338352946
5ae7c7355542993210983f46::active_set_pack_a,5ae7c7355542993210983f46,1.0,0.875,True,False,0.06551509507803527,0.0328139614212671
5ae7c7355542993210983f46::working_set_pack_b,5ae7c7355542993210983f46,1.0,0.875,True,False,0.06551509507803527,0.02042188928698766
5ae7c7355542993210983f46::active_set_pack_b,5ae7c7355542993210983f46,1.0,1.0,True,True,0.06551509507803527,0.0317131635775233
5adccebc5542992c1e3a240d::working_set_pack_a,5adccebc5542992c1e3a240d,0.875,0.75,False,False,0.1984565795999223,0.04547053952060644
5adccebc5542992c1e3a240d::active_set_pack_a,5adccebc5542992c1e3a240d,1.0,0.625,True,False,0.1984565795999223,0.03249426920865868
5adccebc5542992c1e3a240d::working_set_pack_b,5adccebc5542992c1e3a240d,1.0,0.625,True,False,0.1984565795999223,0.03666300026938294
5adccebc5542992c1e3a240d::active_set_pack_b,5adccebc5542992c1e3a240d,1.0,0.625,True,False,0.1984565795999223,0.030298765835271878
5a734fb35542992359bc32f7::working_set_pack_a,5a734fb35542992359bc32f7,1.0,0.875,True,False,0.3034521256643491,0.04854925998443608
5a734fb35542992359bc32f7::active_set_pack_a,5a734fb35542992359bc32f7,0.75,0.875,False,False,0.3034521256643491,0.0439643442903222
5a734fb35542992359bc32f7::working_set_pack_b,5a734fb35542992359bc32f7,1.0,1.0,True,True,0.3034521256643491,0.0459245505870874
5a734fb35542992359bc32f7::active_set_pack_b,5a734fb35542992359bc32f7,0.875,0.75,False,False,0.3034521256643491,0.05512767032117828
5ae140415542997b2ef7d179::working_set_pack_a,5ae140415542997b2ef7d179,1.0,0.75,True,False,0.2204637198299239,0.055736298462396965
5ae140415542997b2ef7d179::active_set_pack_a,5ae140415542997b2ef7d179,1.0,1.0,True,True,0.2204637198299239,0.05113187317951197
5ae140415542997b2ef7d179::working_set_pack_b,5ae140415542997b2ef7d179,1.0,1.0,True,True,0.2204637198299239,0.044780958365741884
5ae140415542997b2ef7d179::active_set_pack_b,5ae140415542997b2ef7d179,1.0,0.875,True,False,0.2204637198299239,0.0438542630950893
5ae3e5f55542996836b02beb::working_set_pack_a,5ae3e5f55542996836b02beb,1.0,1.0,True,True,0.4482078289667894,0.1608166834267991
5ae3e5f55542996836b02beb::active_set_pack_a,5ae3e5f55542996836b02beb,1.0,0.875,True,False,0.4482078289667894,0.07982306520607788
5ae3e5f55542996836b02beb::working_set_pack_b,5ae3e5f55542996836b02beb,1.0,1.0,True,True,0.4482078289667894,0.058018172352271954
5ae3e5f55542996836b02beb::active_set_pack_b,5ae3e5f55542996836b02beb,0.75,0.625,False,False,0.4482078289667894,0.26348458511724
5a8f612b5542992414482a99::working_set_pack_a,5a8f612b5542992414482a99,0.75,0.75,False,False,0.2654872577847744,0.05041860234273723
5a8f612b5542992414482a99::active_set_pack_a,5a8f612b5542992414482a99,0.875,0.75,False,False,0.2654872577847744,0.0812404705966209
5a8f612b5542992414482a99::working_set_pack_b,5a8f612b5542992414482a99,0.875,0.875,False,False,0.2654872577847744,0.05155435062957626
5a8f612b5542992414482a99::active_set_pack_b,5a8f612b5542992414482a99,1.0,0.75,True,False,0.2654872577847744,0.04998513911397534
5ae3e6f85542996836b02bee::working_set_pack_a,5ae3e6f85542996836b02bee,1.0,1.0,True,True,0.30663709016723323,0.07838752135702337
5ae3e6f85542996836b02bee::active_set_pack_a,5ae3e6f85542996836b02bee,1.0,1.0,True,True,0.30663709016723323,0.06097688889023625
5ae3e6f85542996836b02bee::working_set_pack_b,5ae3e6f85542996836b02bee,1.0,1.0,True,True,0.30663709016723323,0.08132849793674765
5ae3e6f85542996836b02bee::active_set_pack_b,5ae3e6f85542996836b02bee,1.0,1.0,True,True,0.30663709016723323,0.04980899906290756
5adef2be5542993a75d263b1::working_set_pack_a,5adef2be5542993a75d263b1,1.0,1.0,True,True,0.2077985878815539,0.07794633527250364
5adef2be5542993a75d263b1::active_set_pack_a,5adef2be5542993a75d263b1,1.0,1.0,True,True,0.2077985878815539,0.04372051783193006
5adef2be5542993a75d263b1::working_set_pack_b,5adef2be5542993a75d263b1,1.0,0.75,True,False,0.2077985878815539,0.04928918011176246
5adef2be5542993a75d263b1::active_set_pack_b,5adef2be5542993a75d263b1,1.0,1.0,True,True,0.2077985878815539,0.041865964314265036
5ae3e1815542992e3233c49f::working_set_pack_a,5ae3e1815542992e3233c49f,1.0,0.625,True,False,0.12102230258419482,0.10577051992786299
5ae3e1815542992e3233c49f::active_set_pack_a,5ae3e1815542992e3233c49f,1.0,1.0,True,True,0.12102230258419482,0.07541600568883053
5ae3e1815542992e3233c49f::working_set_pack_b,5ae3e1815542992e3233c49f,1.0,1.0,True,True,0.12102230258419482,0.07696756225075749
5ae3e1815542992e3233c49f::active_set_pack_b,5ae3e1815542992e3233c49f,1.0,0.875,True,False,0.12102230258419482,0.08993269890621634
5ac25b125542992f1f2b3872::working_set_pack_a,5ac25b125542992f1f2b3872,1.0,0.75,True,False,0.3515434135502995,0.04493657991670266
5ac25b125542992f1f2b3872::active_set_pack_a,5ac25b125542992f1f2b3872,1.0,0.75,True,False,0.3515434135502995,0.0424782838156418
5ac25b125542992f1f2b3872::working_set_pack_b,5ac25b125542992f1f2b3872,1.0,0.875,True,False,0.3515434135502995,0.03989078457550514
5ac25b125542992f1f2b3872::active_set_pack_b,5ac25b125542992f1f2b3872,1.0,0.75,True,False,0.3515434135502995,0.04109997460408107
5a80c65f55429938b61421d4::working_set_pack_a,5a80c65f55429938b61421d4,1.0,0.875,True,False,0.37592641115745734,0.044167753728166434
5a80c65f55429938b61421d4::active_set_pack_a,5a80c65f55429938b61421d4,1.0,1.0,True,True,0.37592641115745734,0.05484353490621469
5a80c65f55429938b61421d4::working_set_pack_b,5a80c65f55429938b61421d4,1.0,1.0,True,True,0.37592641115745734,0.04570075377668505
5a80c65f55429938b61421d4::active_set_pack_b,5a80c65f55429938b61421d4,1.0,0.5,True,False,0.37592641115745734,0.049877378538037434
5a813d4a554299260e20a277::working_set_pack_a,5a813d4a554299260e20a277,1.0,0.625,True,False,0.135446510155295,0.04461073735976019
5a813d4a554299260e20a277::active_set_pack_a,5a813d4a554299260e20a277,0.875,0.875,False,False,0.135446510155295,0.043507494448983
5a813d4a554299260e20a277::working_set_pack_b,5a813d4a554299260e20a277,1.0,0.5,True,False,0.135446510155295,0.039462366980648415
5a813d4a554299260e20a277::active_set_pack_b,5a813d4a554299260e20a277,0.75,0.625,False,False,0.135446510155295,0.03717291605549113
