prompt_id,example_id,labels_present,is_gold,gold_oriented_scores,h1_oriented_scores,raw_scores,gold_sign,h1_sign,model_correct,model_preds,gold_labels
5a8b57f25542995d1e6f1371::working_set_pack_a,5a8b57f25542995d1e6f1371,"['A', 'B', 'C', 'D', 'E', 'F']","[0, 0, 0, 1, 0, 1]","[0.02266121469438076, -0.12494366616010666, 0.026775440201163292, 0.024222547188401222, 0.027198562398552895, 0.024085937067866325]","[0.02266121469438076, -0.12494366616010666, 0.026775440201163292, 0.024222547188401222, 0.027198562398552895, 0.024085937067866325]","[0.02266121469438076, -0.12494366616010666, 0.026775440201163292, 0.024222547188401222, 0.027198562398552895, 0.024085937067866325]",1,1,False,"['A', 'D']","['D', 'F']"
5a8b57f25542995d1e6f1371::active_set_pack_a,5a8b57f25542995d1e6f1371,"['A', 'B', 'C', 'D', 'E', 'F']","[0, 0, 0, 1, 0, 1]","[0.022493112832307816, -0.11765871942043304, 0.026822157204151154, 0.01527656614780426, 0.028801329433918, 0.024265598505735397]","[0.022493112832307816, -0.11765871942043304, 0.026822157204151154, 0.01527656614780426, 0.028801329433918, 0.024265598505735397]","[0.022493112832307816, -0.11765871942043304, 0.026822157204151154, 0.01527656614780426, 0.028801329433918, 0.024265598505735397]",1,1,False,"['A', 'D']","['D', 'F']"
5a8b57f25542995d1e6f1371::working_set_pack_b,5a8b57f25542995d1e6f1371,"['A', 'B', 'C', 'D', 'E', 'F']","[0, 0, 0, 1, 0, 1]","[0.019668417051434517, -0.11397122591733932, 0.026677753776311874, 0.018371792510151863, 0.026155931875109673, 0.023097340017557144]","[0.019668417051434517, -0.11397122591733932, 0.026677753776311874, 0.018371792510151863, 0.026155931875109673, 0.023097340017557144]","[0.019668417051434517, -0.11397122591733932, 0.026677753776311874, 0.018371792510151863, 0.026155931875109673, 0.023097340017557144]",1,1,False,"['A', 'D']","['D', 'F']"
5a8b57f25542995d1e6f1371::active_set_pack_b,5a8b57f25542995d1e6f1371,"['A', 'B', 'C', 'D', 'E', 'F']","[0, 0, 0, 1, 0, 1]","[0.014664428308606148, -0.09891276806592941, 0.023132825270295143, 0.010379876010119915, 0.031202320009469986, 0.019533300772309303]","[0.014664428308606148, -0.09891276806592941, 0.023132825270295143, 0.010379876010119915, 0.031202320009469986, 0.019533300772309303]","[0.014664428308606148, -0.09891276806592941, 0.023132825270295143, 0.010379876010119915, 0.031202320009469986, 0.019533300772309303]",1,1,False,"['A', 'D']","['D', 'F']"
5adbf0a255429947ff17385a::working_set_pack_a,5adbf0a255429947ff17385a,"['A', 'B', 'C', 'D', 'E', 'F']","[1, 0, 0, 0, 0, 1]","[0.0032153907231986523, -0.02256770245730877, -0.02395508997142315, -0.012583613395690918, -0.010343416593968868, 0.06623443961143494]","[0.0032153907231986523, -0.02256770245730877, -0.02395508997142315, -0.012583613395690918, -0.010343416593968868, 0.06623443961143494]","[-0.0032153907231986523, 0.02256770245730877, 0.02395508997142315, 0.012583613395690918, 0.010343416593968868, -0.06623443961143494]",-1,-1,True,"['A', 'F']","['A', 'F']"
5adbf0a255429947ff17385a::active_set_pack_a,5adbf0a255429947ff17385a,"['A', 'B', 'C', 'D', 'E', 'F']","[1, 0, 0, 0, 0, 1]","[0.004700900055468082, -0.02091253735125065, -0.022897176444530487, -0.00983519945293665, -0.008212870918214321, 0.05715688318014145]","[0.004700900055468082, -0.02091253735125065, -0.022897176444530487, -0.00983519945293665, -0.008212870918214321, 0.05715688318014145]","[-0.004700900055468082, 0.02091253735125065, 0.022897176444530487, 0.00983519945293665, 0.008212870918214321, -0.05715688318014145]",-1,-1,True,"['A', 'F']","['A', 'F']"
5adbf0a255429947ff17385a::working_set_pack_b,5adbf0a255429947ff17385a,"['A', 'B', 'C', 'D', 'E', 'F']","[1, 0, 0, 0, 0, 1]","[-0.0025376740377396345, -0.021215302869677544, -0.022752370685338974, -0.01024395041167736, -0.01049064565449953, 0.06723994761705399]","[-0.0025376740377396345, -0.021215302869677544, -0.022752370685338974, -0.01024395041167736, -0.01049064565449953, 0.06723994761705399]","[0.0025376740377396345, 0.021215302869677544, 0.022752370685338974, 0.01024395041167736, 0.01049064565449953, -0.06723994761705399]",-1,-1,True,"['A', 'F']","['A', 'F']"
5adbf0a255429947ff17385a::active_set_pack_b,5adbf0a255429947ff17385a,"['A', 'B', 'C', 'D', 'E', 'F']","[1, 0, 0, 0, 0, 1]","[0.025781231001019478, -0.023795800283551216, -0.02764631249010563, -0.011633274145424366, -0.011111101135611534, 0.04840525612235069]","[0.025781231001019478, -0.023795800283551216, -0.02764631249010563, -0.011633274145424366, -0.011111101135611534, 0.04840525612235069]","[-0.025781231001019478, 0.023795800283551216, 0.02764631249010563, 0.011633274145424366, 0.011111101135611534, -0.04840525612235069]",-1,-1,True,"['A', 'F']","['A', 'F']"
5a8e3ea95542995a26add48d::working_set_pack_a,5a8e3ea95542995a26add48d,"['A', 'B', 'C', 'D', 'E', 'F']","[0, 1, 0, 0, 0, 1]","[-0.06293720006942749, -0.06077757850289345, -0.06283295899629593, -0.06210403889417648, -0.05425697937607765, 0.30290883779525757]","[-0.06293720006942749, -0.06077757850289345, -0.06283295899629593, -0.06210403889417648, -0.05425697937607765, 0.30290883779525757]","[-0.06293720006942749, -0.06077757850289345, -0.06283295899629593, -0.06210403889417648, -0.05425697937607765, 0.30290883779525757]",1,1,False,"['A', 'F']","['B', 'F']"
5a8e3ea95542995a26add48d::active_set_pack_a,5a8e3ea95542995a26add48d,"['A', 'B', 'C', 'D', 'E', 'F']","[0, 1, 0, 0, 0, 1]","[-0.05477035790681839, -0.05260680615901947, -0.05479953810572624, -0.05414040386676788, -0.047705430537462234, 0.264022558927536]","[-0.05477035790681839, -0.05260680615901947, -0.05479953810572624, -0.05414040386676788, -0.047705430537462234, 0.264022558927536]","[-0.05477035790681839, -0.05260680615901947, -0.05479953810572624, -0.05414040386676788, -0.047705430537462234, 0.264022558927536]",1,1,False,"['A', 'F']","['B', 'F']"
5a8e3ea95542995a26add48d::working_set_pack_b,5a8e3ea95542995a26add48d,"['A', 'B', 'C', 'D', 'E', 'F']","[0, 1, 0, 0, 0, 1]","[-0.032054588198661804, -0.02468043752014637, -0.029186159372329712, -0.02584591880440712, -0.025195077061653137, 0.13696222007274628]","[-0.032054588198661804, -0.02468043752014637, -0.029186159372329712, -0.02584591880440712, -0.025195077061653137, 0.13696222007274628]","[-0.032054588198661804, -0.02468043752014637, -0.029186159372329712, -0.02584591880440712, -0.025195077061653137, 0.13696222007274628]",1,1,False,"['A', 'F']","['B', 'F']"
5a8e3ea95542995a26add48d::active_set_pack_b,5a8e3ea95542995a26add48d,"['A', 'B', 'C', 'D', 'E', 'F']","[0, 1, 0, 0, 0, 1]","[-0.07410452514886856, -0.07208096235990524, -0.07455717772245407, -0.07359781861305237, -0.0666017085313797, 0.3609422445297241]","[0.07410452514886856, 0.07208096235990524, 0.07455717772245407, 0.07359781861305237, 0.0666017085313797, -0.3609422445297241]","[-0.07410452514886856, -0.07208096235990524, -0.07455717772245407, -0.07359781861305237, -0.0666017085313797, 0.3609422445297241]",1,-1,False,"['A', 'E']","['B', 'F']"
5abd94525542992ac4f382d2::working_set_pack_a,5abd94525542992ac4f382d2,"['A', 'B', 'C', 'D', 'E', 'F']","[1, 0, 0, 0, 1, 0]","[0.015256645157933235, 0.016391262412071228, 0.009468242526054382, 0.0067360009998083115, 0.029658054932951927, -0.07751020789146423]","[0.015256645157933235, 0.016391262412071228, 0.009468242526054382, 0.0067360009998083115, 0.029658054932951927, -0.07751020789146423]","[0.015256645157933235, 0.016391262412071228, 0.009468242526054382, 0.0067360009998083115, 0.029658054932951927, -0.07751020789146423]",1,1,True,"['A', 'E']","['A', 'E']"
5abd94525542992ac4f382d2::active_set_pack_a,5abd94525542992ac4f382d2,"['A', 'B', 'C', 'D', 'E', 'F']","[1, 0, 0, 0, 1, 0]","[0.008206005208194256, 0.011572256684303284, 0.006407866720110178, 0.0009601062629371881, 0.039015885442495346, -0.0661620944738388]","[0.008206005208194256, 0.011572256684303284, 0.006407866720110178, 0.0009601062629371881, 0.039015885442495346, -0.0661620944738388]","[0.008206005208194256, 0.011572256684303284, 0.006407866720110178, 0.0009601062629371881, 0.039015885442495346, -0.0661620944738388]",1,1,True,"['A', 'E']","['A', 'E']"
5abd94525542992ac4f382d2::working_set_pack_b,5abd94525542992ac4f382d2,"['A', 'B', 'C', 'D', 'E', 'F']","[1, 0, 0, 0, 1, 0]","[0.02272871695458889, 0.02127089351415634, 0.015081191435456276, 0.01445398386567831, 0.02471686713397503, -0.09825168550014496]","[0.02272871695458889, 0.02127089351415634, 0.015081191435456276, 0.01445398386567831, 0.02471686713397503, -0.09825168550014496]","[0.02272871695458889, 0.02127089351415634, 0.015081191435456276, 0.01445398386567831, 0.02471686713397503, -0.09825168550014496]",1,1,True,"['A', 'E']","['A', 'E']"
5abd94525542992ac4f382d2::active_set_pack_b,5abd94525542992ac4f382d2,"['A', 'B', 'C', 'D', 'E', 'F']","[1, 0, 0, 0, 1, 0]","[0.020408660173416138, 0.017898019403219223, 0.013681115582585335, 0.007720846217125654, 0.023424018174409866, -0.08313267678022385]","[0.020408660173416138, 0.017898019403219223, 0.013681115582585335, 0.007720846217125654, 0.023424018174409866, -0.08313267678022385]","[0.020408660173416138, 0.017898019403219223, 0.013681115582585335, 0.007720846217125654, 0.023424018174409866, -0.08313267678022385]",1,1,True,"['A', 'E']","['A', 'E']"
5a85b2d95542997b5ce40028::working_set_pack_a,5a85b2d95542997b5ce40028,"['A', 'B', 'C', 'D', 'E', 'F']","[0, 0, 0, 0, 1, 1]","[-0.046058278530836105, -0.051208265125751495, -0.05132900923490524, -0.03962787240743637, -0.04418141022324562, 0.23240482807159424]","[-0.046058278530836105, -0.051208265125751495, -0.05132900923490524, -0.03962787240743637, -0.04418141022324562, 0.23240482807159424]","[-0.046058278530836105, -0.051208265125751495, -0.05132900923490524, -0.03962787240743637, -0.04418141022324562, 0.23240482807159424]",1,1,False,"['A', 'F']","['E', 'F']"
5a85b2d95542997b5ce40028::active_set_pack_a,5a85b2d95542997b5ce40028,"['A', 'B', 'C', 'D', 'E', 'F']","[0, 0, 0, 0, 1, 1]","[-0.0316634327173233, -0.037203624844551086, -0.03759383037686348, -0.02637043036520481, -0.031392764300107956, 0.16422410309314728]","[-0.0316634327173233, -0.037203624844551086, -0.03759383037686348, -0.02637043036520481, -0.031392764300107956, 0.16422410309314728]","[-0.0316634327173233, -0.037203624844551086, -0.03759383037686348, -0.02637043036520481, -0.031392764300107956, 0.16422410309314728]",1,1,False,"['A', 'F']","['E', 'F']"
5a85b2d95542997b5ce40028::working_set_pack_b,5a85b2d95542997b5ce40028,"['A', 'B', 'C', 'D', 'E', 'F']","[0, 0, 0, 0, 1, 1]","[-0.03201615437865257, -0.03677897900342941, -0.037676453590393066, -0.02971726469695568, -0.03449494019150734, 0.17068380117416382]","[-0.03201615437865257, -0.03677897900342941, -0.037676453590393066, -0.02971726469695568, -0.03449494019150734, 0.17068380117416382]","[-0.03201615437865257, -0.03677897900342941, -0.037676453590393066, -0.02971726469695568, -0.03449494019150734, 0.17068380117416382]",1,1,False,"['A', 'F']","['E', 'F']"
5a85b2d95542997b5ce40028::active_set_pack_b,5a85b2d95542997b5ce40028,"['A', 'B', 'C', 'D', 'E', 'F']","[0, 0, 0, 0, 1, 1]","[-0.03815541788935661, -0.040905196219682693, -0.042630743235349655, -0.02636553905904293, -0.03408868610858917, 0.18214556574821472]","[-0.03815541788935661, -0.040905196219682693, -0.042630743235349655, -0.02636553905904293, -0.03408868610858917, 0.18214556574821472]","[-0.03815541788935661, -0.040905196219682693, -0.042630743235349655, -0.02636553905904293, -0.03408868610858917, 0.18214556574821472]",1,1,False,"['A', 'F']","['E', 'F']"
5a87ab905542996e4f3088c1::working_set_pack_a,5a87ab905542996e4f3088c1,"['A', 'B', 'C', 'D', 'E', 'F']","[0, 0, 0, 0, 1, 1]","[-0.05676244571805, -0.05386703833937645, -0.05224421247839928, -0.054034288972616196, -0.044743482023477554, 0.2616513967514038]","[0.05676244571805, 0.05386703833937645, 0.05224421247839928, 0.054034288972616196, 0.044743482023477554, -0.2616513967514038]","[-0.05676244571805, -0.05386703833937645, -0.05224421247839928, -0.054034288972616196, -0.044743482023477554, 0.2616513967514038]",1,-1,False,"['A', 'E']","['E', 'F']"
5a87ab905542996e4f3088c1::active_set_pack_a,5a87ab905542996e4f3088c1,"['A', 'B', 'C', 'D', 'E', 'F']","[0, 0, 0, 0, 1, 1]","[-0.05082732066512108, -0.0480450838804245, -0.046719495207071304, -0.04808779060840607, -0.03958791866898537, 0.2332676202058792]","[0.05082732066512108, 0.0480450838804245, 0.046719495207071304, 0.04808779060840607, 0.03958791866898537, -0.2332676202058792]","[-0.05082732066512108, -0.0480450838804245, -0.046719495207071304, -0.04808779060840607, -0.03958791866898537, 0.2332676202058792]",1,-1,False,"['A', 'E']","['E', 'F']"
5a87ab905542996e4f3088c1::working_set_pack_b,5a87ab905542996e4f3088c1,"['A', 'B', 'C', 'D', 'E', 'F']","[0, 0, 0, 0, 1, 1]","[-0.0337248370051384, -0.03144342452287674, -0.030262092128396034, -0.030028099194169044, -0.032450951635837555, 0.15790939331054688]","[-0.0337248370051384, -0.03144342452287674, -0.030262092128396034, -0.030028099194169044, -0.032450951635837555, 0.15790939331054688]","[-0.0337248370051384, -0.03144342452287674, -0.030262092128396034, -0.030028099194169044, -0.032450951635837555, 0.15790939331054688]",1,1,False,"['A', 'F']","['E', 'F']"
5a87ab905542996e4f3088c1::active_set_pack_b,5a87ab905542996e4f3088c1,"['A', 'B', 'C', 'D', 'E', 'F']","[0, 0, 0, 0, 1, 1]","[-0.060230158269405365, -0.05767928063869476, -0.056587912142276764, -0.0575353279709816, -0.04377227649092674, 0.27580487728118896]","[-0.060230158269405365, -0.05767928063869476, -0.056587912142276764, -0.0575353279709816, -0.04377227649092674, 0.27580487728118896]","[-0.060230158269405365, -0.05767928063869476, -0.056587912142276764, -0.0575353279709816, -0.04377227649092674, 0.27580487728118896]",1,1,False,"['A', 'F']","['E', 'F']"
5a8db19d5542994ba4e3dd00::working_set_pack_a,5a8db19d5542994ba4e3dd00,"['A', 'B', 'C', 'D', 'E', 'F']","[1, 0, 0, 1, 0, 0]","[-0.004020064137876034, -0.011713147163391113, -0.006259486544877291, 0.037094373255968094, -0.006158423610031605, -0.008943241089582443]","[-0.004020064137876034, -0.011713147163391113, -0.006259486544877291, 0.037094373255968094, -0.006158423610031605, -0.008943241089582443]","[0.004020064137876034, 0.011713147163391113, 0.006259486544877291, -0.037094373255968094, 0.006158423610031605, 0.008943241089582443]",-1,-1,True,"['A', 'D']","['A', 'D']"
5a8db19d5542994ba4e3dd00::active_set_pack_a,5a8db19d5542994ba4e3dd00,"['A', 'B', 'C', 'D', 'E', 'F']","[1, 0, 0, 1, 0, 0]","[-0.0047529092989861965, -0.012250881642103195, -0.006866629235446453, 0.040562212467193604, -0.006858973763883114, -0.0098328348249197]","[-0.0047529092989861965, -0.012250881642103195, -0.006866629235446453, 0.040562212467193604, -0.006858973763883114, -0.0098328348249197]","[0.0047529092989861965, 0.012250881642103195, 0.006866629235446453, -0.040562212467193604, 0.006858973763883114, 0.0098328348249197]",-1,-1,True,"['A', 'D']","['A', 'D']"
5a8db19d5542994ba4e3dd00::working_set_pack_b,5a8db19d5542994ba4e3dd00,"['A', 'B', 'C', 'D', 'E', 'F']","[1, 0, 0, 1, 0, 0]","[-0.0029020733200013638, -0.012772268615663052, -0.00718819722533226, 0.03830140084028244, -0.005777199752628803, -0.0096616605296731]","[-0.0029020733200013638, -0.012772268615663052, -0.00718819722533226, 0.03830140084028244, -0.005777199752628803, -0.0096616605296731]","[0.0029020733200013638, 0.012772268615663052, 0.00718819722533226, -0.03830140084028244, 0.005777199752628803, 0.0096616605296731]",-1,-1,True,"['A', 'D']","['A', 'D']"
5a8db19d5542994ba4e3dd00::active_set_pack_b,5a8db19d5542994ba4e3dd00,"['A', 'B', 'C', 'D', 'E', 'F']","[1, 0, 0, 1, 0, 0]","[0.0025371366646140814, -0.03993158042430878, 0.0008195057162083685, 0.02805708721280098, 0.004415314178913832, 0.004102532751858234]","[0.0025371366646140814, -0.03993158042430878, 0.0008195057162083685, 0.02805708721280098, 0.004415314178913832, 0.004102532751858234]","[-0.0025371366646140814, 0.03993158042430878, -0.0008195057162083685, -0.02805708721280098, -0.004415314178913832, -0.004102532751858234]",-1,-1,True,"['A', 'D']","['A', 'D']"
5ab56e32554299637185c594::working_set_pack_a,5ab56e32554299637185c594,"['A', 'B', 'C', 'D', 'E', 'F']","[1, 0, 0, 0, 0, 1]","[-0.021398095414042473, -0.01800266094505787, -0.01750989817082882, -0.014525971375405788, -0.0053301178850233555, 0.07676676660776138]","[-0.021398095414042473, -0.01800266094505787, -0.01750989817082882, -0.014525971375405788, -0.0053301178850233555, 0.07676676660776138]","[0.021398095414042473, 0.01800266094505787, 0.01750989817082882, 0.014525971375405788, 0.0053301178850233555, -0.07676676660776138]",-1,-1,True,"['A', 'F']","['A', 'F']"
5ab56e32554299637185c594::active_set_pack_a,5ab56e32554299637185c594,"['A', 'B', 'C', 'D', 'E', 'F']","[1, 0, 0, 0, 0, 1]","[-0.022816957905888557, -0.017518965527415276, -0.01709049567580223, -0.014329434372484684, -0.006388704292476177, 0.07814453542232513]","[-0.022816957905888557, -0.017518965527415276, -0.01709049567580223, -0.014329434372484684, -0.006388704292476177, 0.07814453542232513]","[0.022816957905888557, 0.017518965527415276, 0.01709049567580223, 0.014329434372484684, 0.006388704292476177, -0.07814453542232513]",-1,-1,True,"['A', 'F']","['A', 'F']"
5ab56e32554299637185c594::working_set_pack_b,5ab56e32554299637185c594,"['A', 'B', 'C', 'D', 'E', 'F']","[1, 0, 0, 0, 0, 1]","[-0.019984714686870575, -0.01748904399573803, -0.01727633737027645, -0.01598811335861683, -0.00765494117513299, 0.07839315384626389]","[-0.019984714686870575, -0.01748904399573803, -0.01727633737027645, -0.01598811335861683, -0.00765494117513299, 0.07839315384626389]","[0.019984714686870575, 0.01748904399573803, 0.01727633737027645, 0.01598811335861683, 0.00765494117513299, -0.07839315384626389]",-1,-1,True,"['A', 'F']","['A', 'F']"
5ab56e32554299637185c594::active_set_pack_b,5ab56e32554299637185c594,"['A', 'B', 'C', 'D', 'E', 'F']","[1, 0, 0, 0, 0, 1]","[-0.024922404438257217, -0.021906720474362373, -0.01946382224559784, -0.01656118594110012, -0.010290454141795635, 0.09314459562301636]","[-0.024922404438257217, -0.021906720474362373, -0.01946382224559784, -0.01656118594110012, -0.010290454141795635, 0.09314459562301636]","[0.024922404438257217, 0.021906720474362373, 0.01946382224559784, 0.01656118594110012, 0.010290454141795635, -0.09314459562301636]",-1,-1,True,"['A', 'F']","['A', 'F']"
5a75e05c55429976ec32bc5f::working_set_pack_a,5a75e05c55429976ec32bc5f,"['A', 'B', 'C', 'D', 'E', 'F']","[0, 1, 0, 0, 1, 0]","[0.043574754148721695, 0.03763589262962341, -0.09844761341810226, -0.06584560126066208, 0.042676132172346115, 0.04040643572807312]","[0.043574754148721695, 0.03763589262962341, -0.09844761341810226, -0.06584560126066208, 0.042676132172346115, 0.04040643572807312]","[0.043574754148721695, 0.03763589262962341, -0.09844761341810226, -0.06584560126066208, 0.042676132172346115, 0.04040643572807312]",1,1,False,"['A', 'E']","['B', 'E']"
5a75e05c55429976ec32bc5f::active_set_pack_a,5a75e05c55429976ec32bc5f,"['A', 'B', 'C', 'D', 'E', 'F']","[0, 1, 0, 0, 1, 0]","[0.026435954496264458, 0.02749594673514366, -0.053061217069625854, -0.04975243657827377, 0.025554705411195755, 0.023327061906456947]","[0.026435954496264458, 0.02749594673514366, -0.053061217069625854, -0.04975243657827377, 0.025554705411195755, 0.023327061906456947]","[0.026435954496264458, 0.02749594673514366, -0.053061217069625854, -0.04975243657827377, 0.025554705411195755, 0.023327061906456947]",1,1,False,"['A', 'E']","['B', 'E']"
5a75e05c55429976ec32bc5f::working_set_pack_b,5a75e05c55429976ec32bc5f,"['A', 'B', 'C', 'D', 'E', 'F']","[0, 1, 0, 0, 1, 0]","[0.0279728714376688, 0.016435548663139343, -0.11849913001060486, 0.020645074546337128, 0.027998579666018486, 0.02544703707098961]","[0.0279728714376688, 0.016435548663139343, -0.11849913001060486, 0.020645074546337128, 0.027998579666018486, 0.02544703707098961]","[0.0279728714376688, 0.016435548663139343, -0.11849913001060486, 0.020645074546337128, 0.027998579666018486, 0.02544703707098961]",1,1,False,"['A', 'B']","['B', 'E']"
5a75e05c55429976ec32bc5f::active_set_pack_b,5a75e05c55429976ec32bc5f,"['A', 'B', 'C', 'D', 'E', 'F']","[0, 1, 0, 0, 1, 0]","[0.03509155660867691, 0.008548682555556297, -0.14321763813495636, 0.03192644566297531, 0.03523587808012962, 0.03241505101323128]","[0.03509155660867691, 0.008548682555556297, -0.14321763813495636, 0.03192644566297531, 0.03523587808012962, 0.03241505101323128]","[0.03509155660867691, 0.008548682555556297, -0.14321763813495636, 0.03192644566297531, 0.03523587808012962, 0.03241505101323128]",1,1,False,"['A', 'E']","['B', 'E']"
5ab29c24554299449642c932::working_set_pack_a,5ab29c24554299449642c932,"['A', 'B', 'C', 'D', 'E', 'F']","[0, 1, 0, 1, 0, 0]","[0.028130395337939262, 0.014463633298873901, -0.11738073080778122, 0.022720053791999817, 0.02828899957239628, 0.023777615278959274]","[0.028130395337939262, 0.014463633298873901, -0.11738073080778122, 0.022720053791999817, 0.02828899957239628, 0.023777615278959274]","[0.028130395337939262, 0.014463633298873901, -0.11738073080778122, 0.022720053791999817, 0.02828899957239628, 0.023777615278959274]",1,1,False,"['A', 'D']","['B', 'D']"
5ab29c24554299449642c932::active_set_pack_a,5ab29c24554299449642c932,"['A', 'B', 'C', 'D', 'E', 'F']","[0, 1, 0, 1, 0, 0]","[0.023319482803344727, 0.014966321177780628, -0.1041480079293251, 0.020296256989240646, 0.025671744719147682, 0.019894162192940712]","[0.023319482803344727, 0.014966321177780628, -0.1041480079293251, 0.020296256989240646, 0.025671744719147682, 0.019894162192940712]","[0.023319482803344727, 0.014966321177780628, -0.1041480079293251, 0.020296256989240646, 0.025671744719147682, 0.019894162192940712]",1,1,False,"['A', 'D']","['B', 'D']"
5ab29c24554299449642c932::working_set_pack_b,5ab29c24554299449642c932,"['A', 'B', 'C', 'D', 'E', 'F']","[0, 1, 0, 1, 0, 0]","[0.022917144000530243, 0.011712134815752506, -0.10160853713750839, 0.02095809392631054, 0.026273293420672417, 0.019747842103242874]","[0.022917144000530243, 0.011712134815752506, -0.10160853713750839, 0.02095809392631054, 0.026273293420672417, 0.019747842103242874]","[0.022917144000530243, 0.011712134815752506, -0.10160853713750839, 0.02095809392631054, 0.026273293420672417, 0.019747842103242874]",1,1,False,"['A', 'D']","['B', 'D']"
5ab29c24554299449642c932::active_set_pack_b,5ab29c24554299449642c932,"['A', 'B', 'C', 'D', 'E', 'F']","[0, 1, 0, 1, 0, 0]","[0.025534236803650856, 0.0018028065096586943, -0.09041536599397659, 0.017819194123148918, 0.025968283414840698, 0.019290879368782043]","[0.025534236803650856, 0.0018028065096586943, -0.09041536599397659, 0.017819194123148918, 0.025968283414840698, 0.019290879368782043]","[0.025534236803650856, 0.0018028065096586943, -0.09041536599397659, 0.017819194123148918, 0.025968283414840698, 0.019290879368782043]",1,1,False,"['A', 'D']","['B', 'D']"
5ae0d4c9554299603e418468::working_set_pack_a,5ae0d4c9554299603e418468,"['A', 'B', 'C', 'D', 'E', 'F']","[0, 1, 0, 0, 1, 0]","[-0.018182357773184776, -0.019017662853002548, -0.02018756791949272, -0.01849052682518959, 0.09560453146696091, -0.01972643844783306]","[-0.018182357773184776, -0.019017662853002548, -0.02018756791949272, -0.01849052682518959, 0.09560453146696091, -0.01972643844783306]","[0.018182357773184776, 0.019017662853002548, 0.02018756791949272, 0.01849052682518959, -0.09560453146696091, 0.01972643844783306]",-1,-1,False,"['A', 'E']","['B', 'E']"
5ae0d4c9554299603e418468::active_set_pack_a,5ae0d4c9554299603e418468,"['A', 'B', 'C', 'D', 'E', 'F']","[0, 1, 0, 0, 1, 0]","[-0.01812427118420601, -0.019177142530679703, -0.020115280523896217, -0.01836986653506756, 0.09539688378572464, -0.019610336050391197]","[-0.01812427118420601, -0.019177142530679703, -0.020115280523896217, -0.01836986653506756, 0.09539688378572464, -0.019610336050391197]","[0.01812427118420601, 0.019177142530679703, 0.020115280523896217, 0.01836986653506756, -0.09539688378572464, 0.019610336050391197]",-1,-1,False,"['A', 'E']","['B', 'E']"
5ae0d4c9554299603e418468::working_set_pack_b,5ae0d4c9554299603e418468,"['A', 'B', 'C', 'D', 'E', 'F']","[0, 1, 0, 0, 1, 0]","[-0.014497212134301662, -0.0158894881606102, -0.018274296075105667, -0.01765054278075695, 0.08395817875862122, -0.017646636813879013]","[-0.014497212134301662, -0.0158894881606102, -0.018274296075105667, -0.01765054278075695, 0.08395817875862122, -0.017646636813879013]","[0.014497212134301662, 0.0158894881606102, 0.018274296075105667, 0.01765054278075695, -0.08395817875862122, 0.017646636813879013]",-1,-1,False,"['A', 'E']","['B', 'E']"
5ae0d4c9554299603e418468::active_set_pack_b,5ae0d4c9554299603e418468,"['A', 'B', 'C', 'D', 'E', 'F']","[0, 1, 0, 0, 1, 0]","[-0.01337750256061554, -0.015100549906492233, -0.016813674941658974, -0.014779539778828621, 0.07666882127523422, -0.0165975671261549]","[-0.01337750256061554, -0.015100549906492233, -0.016813674941658974, -0.014779539778828621, 0.07666882127523422, -0.0165975671261549]","[0.01337750256061554, 0.015100549906492233, 0.016813674941658974, 0.014779539778828621, -0.07666882127523422, 0.0165975671261549]",-1,-1,False,"['A', 'E']","['B', 'E']"
5a8133725542995ce29dcbdb::working_set_pack_a,5a8133725542995ce29dcbdb,"['A', 'B', 'C', 'D', 'E', 'F']","[0, 1, 1, 0, 0, 0]","[0.01490035280585289, 0.058189600706100464, -0.033546265214681625, 0.014789088629186153, -0.0704735592007637, 0.01614077016711235]","[-0.01490035280585289, -0.058189600706100464, 0.033546265214681625, -0.014789088629186153, 0.0704735592007637, -0.01614077016711235]","[0.01490035280585289, 0.058189600706100464, -0.033546265214681625, 0.014789088629186153, -0.0704735592007637, 0.01614077016711235]",1,-1,False,"['A', 'E']","['B', 'C']"
5a8133725542995ce29dcbdb::active_set_pack_a,5a8133725542995ce29dcbdb,"['A', 'B', 'C', 'D', 'E', 'F']","[0, 1, 1, 0, 0, 0]","[0.015886472538113594, 0.055216047912836075, -0.040379732847213745, 0.01609199307858944, -0.06476881355047226, 0.017954010516405106]","[-0.015886472538113594, -0.055216047912836075, 0.040379732847213745, -0.01609199307858944, 0.06476881355047226, -0.017954010516405106]","[0.015886472538113594, 0.055216047912836075, -0.040379732847213745, 0.01609199307858944, -0.06476881355047226, 0.017954010516405106]",1,-1,False,"['A', 'E']","['B', 'C']"
5a8133725542995ce29dcbdb::working_set_pack_b,5a8133725542995ce29dcbdb,"['A', 'B', 'C', 'D', 'E', 'F']","[0, 1, 1, 0, 0, 0]","[0.009343679994344711, 0.05631112679839134, -0.038153357803821564, 0.00958250928670168, -0.04924546182155609, 0.012161527760326862]","[-0.009343679994344711, -0.05631112679839134, 0.038153357803821564, -0.00958250928670168, 0.04924546182155609, -0.012161527760326862]","[0.009343679994344711, 0.05631112679839134, -0.038153357803821564, 0.00958250928670168, -0.04924546182155609, 0.012161527760326862]",1,-1,False,"['A', 'E']","['B', 'C']"
5a8133725542995ce29dcbdb::active_set_pack_b,5a8133725542995ce29dcbdb,"['A', 'B', 'C', 'D', 'E', 'F']","[0, 1, 1, 0, 0, 0]","[0.021059967577457428, 0.052792735397815704, -0.026293978095054626, 0.020001022145152092, -0.09147314727306366, 0.023913364857435226]","[-0.021059967577457428, -0.052792735397815704, 0.026293978095054626, -0.020001022145152092, 0.09147314727306366, -0.023913364857435226]","[0.021059967577457428, 0.052792735397815704, -0.026293978095054626, 0.020001022145152092, -0.09147314727306366, 0.023913364857435226]",1,-1,False,"['A', 'E']","['B', 'C']"
5ae6050f55429929b0807a5e::working_set_pack_a,5ae6050f55429929b0807a5e,"['A', 'B', 'C', 'D', 'E', 'F']","[0, 0, 0, 1, 1, 0]","[-0.0327124260365963, -0.005093810148537159, -0.002375990618020296, -0.0010073429439216852, 0.04150843620300293, -0.00031886485521681607]","[-0.0327124260365963, -0.005093810148537159, -0.002375990618020296, -0.0010073429439216852, 0.04150843620300293, -0.00031886485521681607]","[0.0327124260365963, 0.005093810148537159, 0.002375990618020296, 0.0010073429439216852, -0.04150843620300293, 0.00031886485521681607]",-1,-1,False,"['A', 'E']","['D', 'E']"
5ae6050f55429929b0807a5e::active_set_pack_a,5ae6050f55429929b0807a5e,"['A', 'B', 'C', 'D', 'E', 'F']","[0, 0, 0, 1, 1, 0]","[-0.033181626349687576, -0.0038740404415875673, -0.0015628845430910587, 0.000244809256400913, 0.03750896453857422, 0.0008647611830383539]","[-0.033181626349687576, -0.0038740404415875673, -0.0015628845430910587, 0.000244809256400913, 0.03750896453857422, 0.0008647611830383539]","[0.033181626349687576, 0.0038740404415875673, 0.0015628845430910587, -0.000244809256400913, -0.03750896453857422, -0.0008647611830383539]",-1,-1,False,"['A', 'E']","['D', 'E']"
5ae6050f55429929b0807a5e::working_set_pack_b,5ae6050f55429929b0807a5e,"['A', 'B', 'C', 'D', 'E', 'F']","[0, 0, 0, 1, 1, 0]","[-0.046154558658599854, 0.0029907177668064833, 0.0070468648336827755, 0.008712153881788254, 0.017893396317958832, 0.009511411190032959]","[0.046154558658599854, -0.0029907177668064833, -0.0070468648336827755, -0.008712153881788254, -0.017893396317958832, -0.009511411190032959]","[-0.046154558658599854, 0.0029907177668064833, 0.0070468648336827755, 0.008712153881788254, 0.017893396317958832, 0.009511411190032959]",1,-1,False,"['A', 'E']","['D', 'E']"
5ae6050f55429929b0807a5e::active_set_pack_b,5ae6050f55429929b0807a5e,"['A', 'B', 'C', 'D', 'E', 'F']","[0, 0, 0, 1, 1, 0]","[-0.026153268292546272, -0.00913146324455738, -0.006618200335651636, -0.007053354289382696, 0.05419367924332619, -0.0052373954094946384]","[-0.026153268292546272, -0.00913146324455738, -0.006618200335651636, -0.007053354289382696, 0.05419367924332619, -0.0052373954094946384]","[0.026153268292546272, 0.00913146324455738, 0.006618200335651636, 0.007053354289382696, -0.05419367924332619, 0.0052373954094946384]",-1,-1,False,"['A', 'E']","['D', 'E']"
5ae2070a5542994d89d5b313::working_set_pack_a,5ae2070a5542994d89d5b313,"['A', 'B', 'C', 'D', 'E', 'F']","[0, 0, 1, 1, 0, 0]","[-0.0077687837183475494, -0.009762005880475044, -0.02284630388021469, 0.06127675995230675, -0.010546569712460041, -0.01035310234874487]","[-0.0077687837183475494, -0.009762005880475044, -0.02284630388021469, 0.06127675995230675, -0.010546569712460041, -0.01035310234874487]","[0.0077687837183475494, 0.009762005880475044, 0.02284630388021469, -0.06127675995230675, 0.010546569712460041, 0.01035310234874487]",-1,-1,False,"['A', 'D']","['C', 'D']"
5ae2070a5542994d89d5b313::active_set_pack_a,5ae2070a5542994d89d5b313,"['A', 'B', 'C', 'D', 'E', 'F']","[0, 0, 1, 1, 0, 0]","[-0.006181929260492325, -0.008063072338700294, -0.024301476776599884, 0.055137719959020615, -0.008153285831212997, -0.008437925949692726]","[-0.006181929260492325, -0.008063072338700294, -0.024301476776599884, 0.055137719959020615, -0.008153285831212997, -0.008437925949692726]","[0.006181929260492325, 0.008063072338700294, 0.024301476776599884, -0.055137719959020615, 0.008153285831212997, 0.008437925949692726]",-1,-1,False,"['A', 'D']","['C', 'D']"
5ae2070a5542994d89d5b313::working_set_pack_b,5ae2070a5542994d89d5b313,"['A', 'B', 'C', 'D', 'E', 'F']","[0, 0, 1, 1, 0, 0]","[-0.004481782205402851, -0.007080940995365381, -0.02205282635986805, 0.047851163893938065, -0.006997083313763142, -0.007238506805151701]","[-0.004481782205402851, -0.007080940995365381, -0.02205282635986805, 0.047851163893938065, -0.006997083313763142, -0.007238506805151701]","[-0.004481782205402851, -0.007080940995365381, -0.02205282635986805, 0.047851163893938065, -0.006997083313763142, -0.007238506805151701]",1,1,False,"['A', 'D']","['C', 'D']"
5ae2070a5542994d89d5b313::active_set_pack_b,5ae2070a5542994d89d5b313,"['A', 'B', 'C', 'D', 'E', 'F']","[0, 0, 1, 1, 0, 0]","[-0.0074724238365888596, -0.010152562521398067, -0.017213502898812294, 0.0563536174595356, -0.01068175584077835, -0.010833381675183773]","[-0.0074724238365888596, -0.010152562521398067, -0.017213502898812294, 0.0563536174595356, -0.01068175584077835, -0.010833381675183773]","[0.0074724238365888596, 0.010152562521398067, 0.017213502898812294, -0.0563536174595356, 0.01068175584077835, 0.010833381675183773]",-1,-1,False,"['A', 'D']","['C', 'D']"
5a722b8655429971e9dc9329::working_set_pack_a,5a722b8655429971e9dc9329,"['A', 'B', 'C', 'D', 'E', 'F']","[1, 0, 1, 0, 0, 0]","[0.09329261630773544, -0.016646046191453934, -0.015359880402684212, -0.022389493882656097, -0.020162973552942276, -0.018734218552708626]","[0.09329261630773544, -0.016646046191453934, -0.015359880402684212, -0.022389493882656097, -0.020162973552942276, -0.018734218552708626]","[-0.09329261630773544, 0.016646046191453934, 0.015359880402684212, 0.022389493882656097, 0.020162973552942276, 0.018734218552708626]",-1,-1,False,"['A', 'B']","['A', 'C']"
5a722b8655429971e9dc9329::active_set_pack_a,5a722b8655429971e9dc9329,"['A', 'B', 'C', 'D', 'E', 'F']","[1, 0, 1, 0, 0, 0]","[0.09298230707645416, -0.016584184020757675, -0.015743160620331764, -0.022591382265090942, -0.01980418711900711, -0.018259404227137566]","[0.09298230707645416, -0.016584184020757675, -0.015743160620331764, -0.022591382265090942, -0.01980418711900711, -0.018259404227137566]","[-0.09298230707645416, 0.016584184020757675, 0.015743160620331764, 0.022591382265090942, 0.01980418711900711, 0.018259404227137566]",-1,-1,False,"['A', 'B']","['A', 'C']"
5a722b8655429971e9dc9329::working_set_pack_b,5a722b8655429971e9dc9329,"['A', 'B', 'C', 'D', 'E', 'F']","[1, 0, 1, 0, 0, 0]","[0.10870049148797989, -0.01989012025296688, -0.018668098375201225, -0.025433935225009918, -0.02324361726641655, -0.021464744582772255]","[0.10870049148797989, -0.01989012025296688, -0.018668098375201225, -0.025433935225009918, -0.02324361726641655, -0.021464744582772255]","[-0.10870049148797989, 0.01989012025296688, 0.018668098375201225, 0.025433935225009918, 0.02324361726641655, 0.021464744582772255]",-1,-1,False,"['A', 'B']","['A', 'C']"
5a722b8655429971e9dc9329::active_set_pack_b,5a722b8655429971e9dc9329,"['A', 'B', 'C', 'D', 'E', 'F']","[1, 0, 1, 0, 0, 0]","[0.1132175549864769, -0.01963137835264206, -0.02140996791422367, -0.026156919077038765, -0.02398366667330265, -0.022035643458366394]","[0.1132175549864769, -0.01963137835264206, -0.02140996791422367, -0.026156919077038765, -0.02398366667330265, -0.022035643458366394]","[-0.1132175549864769, 0.01963137835264206, 0.02140996791422367, 0.026156919077038765, 0.02398366667330265, 0.022035643458366394]",-1,-1,False,"['A', 'B']","['A', 'C']"
5adf37a95542995ec70e8f97::working_set_pack_a,5adf37a95542995ec70e8f97,"['A', 'B', 'C', 'D', 'E', 'F']","[1, 0, 0, 1, 0, 0]","[0.03401051089167595, 0.005713619291782379, -0.007208462804555893, -0.012388033792376518, -0.011634069494903088, -0.008493565022945404]","[0.03401051089167595, 0.005713619291782379, -0.007208462804555893, -0.012388033792376518, -0.011634069494903088, -0.008493565022945404]","[-0.03401051089167595, -0.005713619291782379, 0.007208462804555893, 0.012388033792376518, 0.011634069494903088, 0.008493565022945404]",-1,-1,True,"['A', 'D']","['A', 'D']"
5adf37a95542995ec70e8f97::active_set_pack_a,5adf37a95542995ec70e8f97,"['A', 'B', 'C', 'D', 'E', 'F']","[1, 0, 0, 1, 0, 0]","[0.03070196509361267, 0.004254039842635393, -0.005873807240277529, -0.011478273198008537, -0.010366556234657764, -0.007237371522933245]","[0.03070196509361267, 0.004254039842635393, -0.005873807240277529, -0.011478273198008537, -0.010366556234657764, -0.007237371522933245]","[-0.03070196509361267, -0.004254039842635393, 0.005873807240277529, 0.011478273198008537, 0.010366556234657764, 0.007237371522933245]",-1,-1,True,"['A', 'D']","['A', 'D']"
5adf37a95542995ec70e8f97::working_set_pack_b,5adf37a95542995ec70e8f97,"['A', 'B', 'C', 'D', 'E', 'F']","[1, 0, 0, 1, 0, 0]","[0.03353562951087952, 0.0020448267459869385, -0.002913641044870019, -0.012702479027211666, -0.011330188252031803, -0.008634146302938461]","[0.03353562951087952, 0.0020448267459869385, -0.002913641044870019, -0.012702479027211666, -0.011330188252031803, -0.008634146302938461]","[-0.03353562951087952, -0.0020448267459869385, 0.002913641044870019, 0.012702479027211666, 0.011330188252031803, 0.008634146302938461]",-1,-1,True,"['A', 'D']","['A', 'D']"
5adf37a95542995ec70e8f97::active_set_pack_b,5adf37a95542995ec70e8f97,"['A', 'B', 'C', 'D', 'E', 'F']","[1, 0, 0, 1, 0, 0]","[0.03437550738453865, 0.006525709759443998, -0.004940638318657875, -0.01398912537842989, -0.012484013102948666, -0.00948743149638176]","[0.03437550738453865, 0.006525709759443998, -0.004940638318657875, -0.01398912537842989, -0.012484013102948666, -0.00948743149638176]","[-0.03437550738453865, -0.006525709759443998, 0.004940638318657875, 0.01398912537842989, 0.012484013102948666, 0.00948743149638176]",-1,-1,True,"['A', 'D']","['A', 'D']"
5abd259d55429924427fcf1a::working_set_pack_a,5abd259d55429924427fcf1a,"['A', 'B', 'C', 'D', 'E', 'F']","[1, 1, 0, 0, 0, 0]","[0.011604556813836098, 0.005234577227383852, 0.00594975333660841, 0.0057094213552773, 0.006634517107158899, -0.03513282537460327]","[0.011604556813836098, 0.005234577227383852, 0.00594975333660841, 0.0057094213552773, 0.006634517107158899, -0.03513282537460327]","[0.011604556813836098, 0.005234577227383852, 0.00594975333660841, 0.0057094213552773, 0.006634517107158899, -0.03513282537460327]",1,1,True,"['A', 'B']","['A', 'B']"
5abd259d55429924427fcf1a::active_set_pack_a,5abd259d55429924427fcf1a,"['A', 'B', 'C', 'D', 'E', 'F']","[1, 1, 0, 0, 0, 0]","[0.020872723311185837, 0.00407735351473093, 0.001963326008990407, 0.00030126364436000586, 0.001105845789425075, -0.028320521116256714]","[0.020872723311185837, 0.00407735351473093, 0.001963326008990407, 0.00030126364436000586, 0.001105845789425075, -0.028320521116256714]","[0.020872723311185837, 0.00407735351473093, 0.001963326008990407, 0.00030126364436000586, 0.001105845789425075, -0.028320521116256714]",1,1,True,"['A', 'B']","['A', 'B']"
5abd259d55429924427fcf1a::working_set_pack_b,5abd259d55429924427fcf1a,"['A', 'B', 'C', 'D', 'E', 'F']","[1, 1, 0, 0, 0, 0]","[0.0315275602042675, 0.004057006910443306, -0.0074076843447983265, -0.01171940192580223, -0.010432512499392033, -0.006024960428476334]","[0.0315275602042675, 0.004057006910443306, -0.0074076843447983265, -0.01171940192580223, -0.010432512499392033, -0.006024960428476334]","[-0.0315275602042675, -0.004057006910443306, 0.0074076843447983265, 0.01171940192580223, 0.010432512499392033, 0.006024960428476334]",-1,-1,True,"['A', 'B']","['A', 'B']"
5abd259d55429924427fcf1a::active_set_pack_b,5abd259d55429924427fcf1a,"['A', 'B', 'C', 'D', 'E', 'F']","[1, 1, 0, 0, 0, 0]","[0.008858260698616505, 0.003504987107589841, 0.008569946512579918, 0.008039908483624458, 0.012402539141476154, -0.04137562960386276]","[0.008858260698616505, 0.003504987107589841, 0.008569946512579918, 0.008039908483624458, 0.012402539141476154, -0.04137562960386276]","[0.008858260698616505, 0.003504987107589841, 0.008569946512579918, 0.008039908483624458, 0.012402539141476154, -0.04137562960386276]",1,1,True,"['A', 'B']","['A', 'B']"
5a8a3e745542996c9b8d5e70::working_set_pack_a,5a8a3e745542996c9b8d5e70,"['A', 'B', 'C', 'D', 'E', 'F']","[0, 1, 0, 0, 1, 0]","[-0.028272131457924843, -0.018101951107382774, -0.021534601226449013, -0.021365556865930557, 0.10564744472503662, -0.01637323573231697]","[-0.028272131457924843, -0.018101951107382774, -0.021534601226449013, -0.021365556865930557, 0.10564744472503662, -0.01637323573231697]","[0.028272131457924843, 0.018101951107382774, 0.021534601226449013, 0.021365556865930557, -0.10564744472503662, 0.01637323573231697]",-1,-1,False,"['A', 'E']","['B', 'E']"
5a8a3e745542996c9b8d5e70::active_set_pack_a,5a8a3e745542996c9b8d5e70,"['A', 'B', 'C', 'D', 'E', 'F']","[0, 1, 0, 0, 1, 0]","[-0.025210680440068245, -0.015081527642905712, -0.018530461937189102, -0.018465690314769745, 0.0898224264383316, -0.012534026056528091]","[-0.025210680440068245, -0.015081527642905712, -0.018530461937189102, -0.018465690314769745, 0.0898224264383316, -0.012534026056528091]","[0.025210680440068245, 0.015081527642905712, 0.018530461937189102, 0.018465690314769745, -0.0898224264383316, 0.012534026056528091]",-1,-1,False,"['A', 'E']","['B', 'E']"
5a8a3e745542996c9b8d5e70::working_set_pack_b,5a8a3e745542996c9b8d5e70,"['A', 'B', 'C', 'D', 'E', 'F']","[0, 1, 0, 0, 1, 0]","[-0.04552232474088669, 0.004005930852144957, -0.005034023895859718, -0.0035137117374688387, 0.04777016490697861, 0.0022939748596400023]","[-0.04552232474088669, 0.004005930852144957, -0.005034023895859718, -0.0035137117374688387, 0.04777016490697861, 0.0022939748596400023]","[0.04552232474088669, -0.004005930852144957, 0.005034023895859718, 0.0035137117374688387, -0.04777016490697861, -0.0022939748596400023]",-1,-1,False,"['A', 'E']","['B', 'E']"
5a8a3e745542996c9b8d5e70::active_set_pack_b,5a8a3e745542996c9b8d5e70,"['A', 'B', 'C', 'D', 'E', 'F']","[0, 1, 0, 0, 1, 0]","[-0.032124169170856476, -0.014265984296798706, -0.019320480525493622, -0.01872442290186882, 0.09775187820196152, -0.013316797092556953]","[-0.032124169170856476, -0.014265984296798706, -0.019320480525493622, -0.01872442290186882, 0.09775187820196152, -0.013316797092556953]","[0.032124169170856476, 0.014265984296798706, 0.019320480525493622, 0.01872442290186882, -0.09775187820196152, 0.013316797092556953]",-1,-1,False,"['A', 'E']","['B', 'E']"
5ac23ff0554299636651994d::working_set_pack_a,5ac23ff0554299636651994d,"['A', 'B', 'C', 'D', 'E', 'F']","[0, 0, 0, 1, 0, 1]","[-0.04257335513830185, -0.04730088263750076, -0.04344268515706062, 0.22104890644550323, -0.04419893026351929, -0.04353306442499161]","[-0.04257335513830185, -0.04730088263750076, -0.04344268515706062, 0.22104890644550323, -0.04419893026351929, -0.04353306442499161]","[0.04257335513830185, 0.04730088263750076, 0.04344268515706062, -0.22104890644550323, 0.04419893026351929, 0.04353306442499161]",-1,-1,False,"['A', 'D']","['D', 'F']"
5ac23ff0554299636651994d::active_set_pack_a,5ac23ff0554299636651994d,"['A', 'B', 'C', 'D', 'E', 'F']","[0, 0, 0, 1, 0, 1]","[-0.048307668417692184, -0.05188619717955589, -0.04906777665019035, 0.24826927483081818, -0.04979150369763374, -0.04921618476510048]","[-0.048307668417692184, -0.05188619717955589, -0.04906777665019035, 0.24826927483081818, -0.04979150369763374, -0.04921618476510048]","[0.048307668417692184, 0.05188619717955589, 0.04906777665019035, -0.24826927483081818, 0.04979150369763374, 0.04921618476510048]",-1,-1,False,"['A', 'D']","['D', 'F']"
5ac23ff0554299636651994d::working_set_pack_b,5ac23ff0554299636651994d,"['A', 'B', 'C', 'D', 'E', 'F']","[0, 0, 0, 1, 0, 1]","[-0.05377478897571564, -0.058259591460227966, -0.05567236617207527, 0.28050950169563293, -0.05641850829124451, -0.056384194642305374]","[-0.05377478897571564, -0.058259591460227966, -0.05567236617207527, 0.28050950169563293, -0.05641850829124451, -0.056384194642305374]","[0.05377478897571564, 0.058259591460227966, 0.05567236617207527, -0.28050950169563293, 0.05641850829124451, 0.056384194642305374]",-1,-1,False,"['A', 'D']","['D', 'F']"
5ac23ff0554299636651994d::active_set_pack_b,5ac23ff0554299636651994d,"['A', 'B', 'C', 'D', 'E', 'F']","[0, 0, 0, 1, 0, 1]","[-0.05266484618186951, -0.05834082141518593, -0.05596115440130234, 0.27994006872177124, -0.056298643350601196, -0.056674543768167496]","[0.05266484618186951, 0.05834082141518593, 0.05596115440130234, -0.27994006872177124, 0.056298643350601196, 0.056674543768167496]","[0.05266484618186951, 0.05834082141518593, 0.05596115440130234, -0.27994006872177124, 0.056298643350601196, 0.056674543768167496]",-1,1,False,"['A', 'F']","['D', 'F']"
5ae4a3265542995ad6573de5::working_set_pack_a,5ae4a3265542995ad6573de5,"['A', 'B', 'C', 'D', 'E', 'F']","[0, 0, 1, 0, 1, 0]","[0.054926082491874695, 0.052439916878938675, 0.054289381951093674, 0.04781302064657211, 0.04678497835993767, -0.25625327229499817]","[-0.054926082491874695, -0.052439916878938675, -0.054289381951093674, -0.04781302064657211, -0.04678497835993767, 0.25625327229499817]","[0.054926082491874695, 0.052439916878938675, 0.054289381951093674, 0.04781302064657211, 0.04678497835993767, -0.25625327229499817]",1,-1,False,"['A', 'F']","['C', 'E']"
5ae4a3265542995ad6573de5::active_set_pack_a,5ae4a3265542995ad6573de5,"['A', 'B', 'C', 'D', 'E', 'F']","[0, 0, 1, 0, 1, 0]","[0.0691528469324112, 0.0653454065322876, 0.06697344779968262, 0.06237748637795448, 0.08546598255634308, -0.34931525588035583]","[-0.0691528469324112, -0.0653454065322876, -0.06697344779968262, -0.06237748637795448, -0.08546598255634308, 0.34931525588035583]","[-0.0691528469324112, -0.0653454065322876, -0.06697344779968262, -0.06237748637795448, -0.08546598255634308, 0.34931525588035583]",-1,1,False,"['A', 'F']","['C', 'E']"
5ae4a3265542995ad6573de5::working_set_pack_b,5ae4a3265542995ad6573de5,"['A', 'B', 'C', 'D', 'E', 'F']","[0, 0, 1, 0, 1, 0]","[-0.05304726958274841, -0.04883132129907608, -0.05040718987584114, -0.05160387232899666, 0.20650695264339447, -0.0026173060759902]","[0.05304726958274841, 0.04883132129907608, 0.05040718987584114, 0.05160387232899666, -0.20650695264339447, 0.0026173060759902]","[0.05304726958274841, 0.04883132129907608, 0.05040718987584114, 0.05160387232899666, -0.20650695264339447, 0.0026173060759902]",-1,1,False,"['A', 'F']","['C', 'E']"
5ae4a3265542995ad6573de5::active_set_pack_b,5ae4a3265542995ad6573de5,"['A', 'B', 'C', 'D', 'E', 'F']","[0, 0, 1, 0, 1, 0]","[-0.07946380227804184, -0.0698169395327568, -0.07345878332853317, -0.07197768986225128, 0.16973207890987396, 0.1249852254986763]","[0.07946380227804184, 0.0698169395327568, 0.07345878332853317, 0.07197768986225128, -0.16973207890987396, -0.1249852254986763]","[0.07946380227804184, 0.0698169395327568, 0.07345878332853317, 0.07197768986225128, -0.16973207890987396, -0.1249852254986763]",-1,1,False,"['A', 'C']","['C', 'E']"
5a7a06935542990198eaf050::working_set_pack_a,5a7a06935542990198eaf050,"['A', 'B', 'C', 'D', 'E', 'F']","[0, 1, 0, 0, 0, 1]","[0.008511136285960674, 0.036114368587732315, 0.00435525132343173, 0.007025066297501326, -0.06485792249441147, 0.008852101862430573]","[-0.008511136285960674, -0.036114368587732315, -0.00435525132343173, -0.007025066297501326, 0.06485792249441147, -0.008852101862430573]","[0.008511136285960674, 0.036114368587732315, 0.00435525132343173, 0.007025066297501326, -0.06485792249441147, 0.008852101862430573]",1,-1,False,"['A', 'E']","['B', 'F']"
5a7a06935542990198eaf050::active_set_pack_a,5a7a06935542990198eaf050,"['A', 'B', 'C', 'D', 'E', 'F']","[0, 1, 0, 0, 0, 1]","[0.009206530638039112, 0.0285577941685915, 0.00596593925729394, 0.007293392438441515, -0.06067439168691635, 0.009650729596614838]","[-0.009206530638039112, -0.0285577941685915, -0.00596593925729394, -0.007293392438441515, 0.06067439168691635, -0.009650729596614838]","[0.009206530638039112, 0.0285577941685915, 0.00596593925729394, 0.007293392438441515, -0.06067439168691635, 0.009650729596614838]",1,-1,False,"['A', 'E']","['B', 'F']"
5a7a06935542990198eaf050::working_set_pack_b,5a7a06935542990198eaf050,"['A', 'B', 'C', 'D', 'E', 'F']","[0, 1, 0, 0, 0, 1]","[-0.024788593873381615, 0.11651111394166946, -0.019160795956850052, -0.024027204141020775, -0.023751623928546906, -0.02478289045393467]","[0.024788593873381615, -0.11651111394166946, 0.019160795956850052, 0.024027204141020775, 0.023751623928546906, 0.02478289045393467]","[0.024788593873381615, -0.11651111394166946, 0.019160795956850052, 0.024027204141020775, 0.023751623928546906, 0.02478289045393467]",-1,1,False,"['A', 'E']","['B', 'F']"
5a7a06935542990198eaf050::active_set_pack_b,5a7a06935542990198eaf050,"['A', 'B', 'C', 'D', 'E', 'F']","[0, 1, 0, 0, 0, 1]","[-0.016876786947250366, 0.1232614517211914, -0.014855128712952137, -0.01687854714691639, -0.05746965482831001, -0.017181364819407463]","[0.016876786947250366, -0.1232614517211914, 0.014855128712952137, 0.01687854714691639, 0.05746965482831001, 0.017181364819407463]","[0.016876786947250366, -0.1232614517211914, 0.014855128712952137, 0.01687854714691639, 0.05746965482831001, 0.017181364819407463]",-1,1,False,"['A', 'E']","['B', 'F']"
5a879ab05542996e4f30887e::working_set_pack_a,5a879ab05542996e4f30887e,"['A', 'B', 'C', 'D', 'E', 'F']","[1, 0, 0, 0, 0, 1]","[0.023442944511771202, 0.01789514161646366, 0.020497668534517288, -0.10349100083112717, 0.01979435794055462, 0.02186090126633644]","[0.023442944511771202, 0.01789514161646366, 0.020497668534517288, -0.10349100083112717, 0.01979435794055462, 0.02186090126633644]","[0.023442944511771202, 0.01789514161646366, 0.020497668534517288, -0.10349100083112717, 0.01979435794055462, 0.02186090126633644]",1,1,True,"['A', 'F']","['A', 'F']"
5a879ab05542996e4f30887e::active_set_pack_a,5a879ab05542996e4f30887e,"['A', 'B', 'C', 'D', 'E', 'F']","[1, 0, 0, 0, 0, 1]","[0.020257070660591125, 0.015286882407963276, 0.017754049971699715, -0.08953259885311127, 0.016827458515763283, 0.019407128915190697]","[0.020257070660591125, 0.015286882407963276, 0.017754049971699715, -0.08953259885311127, 0.016827458515763283, 0.019407128915190697]","[0.020257070660591125, 0.015286882407963276, 0.017754049971699715, -0.08953259885311127, 0.016827458515763283, 0.019407128915190697]",1,1,True,"['A', 'F']","['A', 'F']"
5a879ab05542996e4f30887e::working_set_pack_b,5a879ab05542996e4f30887e,"['A', 'B', 'C', 'D', 'E', 'F']","[1, 0, 0, 0, 0, 1]","[0.02638726681470871, 0.021465811878442764, 0.02368730865418911, -0.11638778448104858, 0.021003253757953644, 0.02384413406252861]","[0.02638726681470871, 0.021465811878442764, 0.02368730865418911, -0.11638778448104858, 0.021003253757953644, 0.02384413406252861]","[0.02638726681470871, 0.021465811878442764, 0.02368730865418911, -0.11638778448104858, 0.021003253757953644, 0.02384413406252861]",1,1,True,"['A', 'F']","['A', 'F']"
5a879ab05542996e4f30887e::active_set_pack_b,5a879ab05542996e4f30887e,"['A', 'B', 'C', 'D', 'E', 'F']","[1, 0, 0, 0, 0, 1]","[0.033165883272886276, 0.02412191778421402, 0.029540224000811577, -0.14726971089839935, 0.029250530526041985, 0.03119116649031639]","[0.033165883272886276, 0.02412191778421402, 0.029540224000811577, -0.14726971089839935, 0.029250530526041985, 0.03119116649031639]","[0.033165883272886276, 0.02412191778421402, 0.029540224000811577, -0.14726971089839935, 0.029250530526041985, 0.03119116649031639]",1,1,True,"['A', 'F']","['A', 'F']"
5a84dd955542997b5ce3ff79::working_set_pack_a,5a84dd955542997b5ce3ff79,"['A', 'B', 'C', 'D', 'E', 'F']","[0, 1, 0, 1, 0, 0]","[0.0029158848337829113, 0.009932512417435646, 0.0118173286318779, -0.0005051104817539454, 0.0028878245502710342, -0.027048442512750626]","[0.0029158848337829113, 0.009932512417435646, 0.0118173286318779, -0.0005051104817539454, 0.0028878245502710342, -0.027048442512750626]","[0.0029158848337829113, 0.009932512417435646, 0.0118173286318779, -0.0005051104817539454, 0.0028878245502710342, -0.027048442512750626]",1,1,False,"['A', 'E']","['B', 'D']"
5a84dd955542997b5ce3ff79::active_set_pack_a,5a84dd955542997b5ce3ff79,"['A', 'B', 'C', 'D', 'E', 'F']","[0, 1, 0, 1, 0, 0]","[0.0026132441125810146, 0.011073947884142399, 0.010794557631015778, -0.0002565295435488224, 0.0020465049892663956, -0.026271726936101913]","[0.0026132441125810146, 0.011073947884142399, 0.010794557631015778, -0.0002565295435488224, 0.0020465049892663956, -0.026271726936101913]","[0.0026132441125810146, 0.011073947884142399, 0.010794557631015778, -0.0002565295435488224, 0.0020465049892663956, -0.026271726936101913]",1,1,False,"['A', 'E']","['B', 'D']"
5a84dd955542997b5ce3ff79::working_set_pack_b,5a84dd955542997b5ce3ff79,"['A', 'B', 'C', 'D', 'E', 'F']","[0, 1, 0, 1, 0, 0]","[0.0018337138462811708, 0.012207870371639729, 0.011183628812432289, 0.0003104198258370161, 0.0026723032351583242, -0.028207935392856598]","[0.0018337138462811708, 0.012207870371639729, 0.011183628812432289, 0.0003104198258370161, 0.0026723032351583242, -0.028207935392856598]","[0.0018337138462811708, 0.012207870371639729, 0.011183628812432289, 0.0003104198258370161, 0.0026723032351583242, -0.028207935392856598]",1,1,False,"['A', 'E']","['B', 'D']"
5a84dd955542997b5ce3ff79::active_set_pack_b,5a84dd955542997b5ce3ff79,"['A', 'B', 'C', 'D', 'E', 'F']","[0, 1, 0, 1, 0, 0]","[-0.002170685911551118, 0.030181201174855232, -0.001408986048772931, -0.009274541400372982, -0.007808329537510872, -0.009518652223050594]","[0.002170685911551118, -0.030181201174855232, 0.001408986048772931, 0.009274541400372982, 0.007808329537510872, 0.009518652223050594]","[0.002170685911551118, -0.030181201174855232, 0.001408986048772931, 0.009274541400372982, 0.007808329537510872, 0.009518652223050594]",-1,1,False,"['A', 'E']","['B', 'D']"
5a7d0db955429909bec76924::working_set_pack_a,5a7d0db955429909bec76924,"['A', 'B', 'C', 'D', 'E', 'F']","[0, 0, 0, 0, 1, 1]","[0.035922300070524216, 0.032507430762052536, 0.030169323086738586, -0.16973711550235748, 0.03670279681682587, 0.03443526849150658]","[0.035922300070524216, 0.032507430762052536, 0.030169323086738586, -0.16973711550235748, 0.03670279681682587, 0.03443526849150658]","[0.035922300070524216, 0.032507430762052536, 0.030169323086738586, -0.16973711550235748, 0.03670279681682587, 0.03443526849150658]",1,1,False,"['A', 'F']","['E', 'F']"
5a7d0db955429909bec76924::active_set_pack_a,5a7d0db955429909bec76924,"['A', 'B', 'C', 'D', 'E', 'F']","[0, 0, 0, 0, 1, 1]","[0.03325142711400986, 0.03002198040485382, 0.027562443166971207, -0.1552874594926834, 0.0328463539481163, 0.03160519897937775]","[0.03325142711400986, 0.03002198040485382, 0.027562443166971207, -0.1552874594926834, 0.0328463539481163, 0.03160519897937775]","[0.03325142711400986, 0.03002198040485382, 0.027562443166971207, -0.1552874594926834, 0.0328463539481163, 0.03160519897937775]",1,1,False,"['A', 'F']","['E', 'F']"
5a7d0db955429909bec76924::working_set_pack_b,5a7d0db955429909bec76924,"['A', 'B', 'C', 'D', 'E', 'F']","[0, 0, 0, 0, 1, 1]","[0.03557586669921875, 0.03241114690899849, 0.03031000867486, -0.16753602027893066, 0.03439544141292572, 0.0348435677587986]","[0.03557586669921875, 0.03241114690899849, 0.03031000867486, -0.16753602027893066, 0.03439544141292572, 0.0348435677587986]","[0.03557586669921875, 0.03241114690899849, 0.03031000867486, -0.16753602027893066, 0.03439544141292572, 0.0348435677587986]",1,1,False,"['A', 'C']","['E', 'F']"
5a7d0db955429909bec76924::active_set_pack_b,5a7d0db955429909bec76924,"['A', 'B', 'C', 'D', 'E', 'F']","[0, 0, 0, 0, 1, 1]","[0.03688643127679825, 0.02485363930463791, 0.02978125587105751, -0.16277553141117096, 0.03606954589486122, 0.03518470749258995]","[0.03688643127679825, 0.02485363930463791, 0.02978125587105751, -0.16277553141117096, 0.03606954589486122, 0.03518470749258995]","[0.03688643127679825, 0.02485363930463791, 0.02978125587105751, -0.16277553141117096, 0.03606954589486122, 0.03518470749258995]",1,1,False,"['A', 'F']","['E', 'F']"
5abd90545542996e802b47d7::working_set_pack_a,5abd90545542996e802b47d7,"['A', 'B', 'C', 'D', 'E', 'F']","[0, 0, 0, 1, 0, 1]","[-0.04159342497587204, 0.0011219128500670195, 0.006099185906350613, 0.000889018177986145, 0.002195296110585332, 0.03128800168633461]","[0.04159342497587204, -0.0011219128500670195, -0.006099185906350613, -0.000889018177986145, -0.002195296110585332, -0.03128800168633461]","[-0.04159342497587204, 0.0011219128500670195, 0.006099185906350613, 0.000889018177986145, 0.002195296110585332, 0.03128800168633461]",1,-1,False,"['A', 'D']","['D', 'F']"
5abd90545542996e802b47d7::active_set_pack_a,5abd90545542996e802b47d7,"['A', 'B', 'C', 'D', 'E', 'F']","[0, 0, 0, 1, 0, 1]","[-0.04196343570947647, 0.0075250002555549145, 0.012882537208497524, 0.0035984108690172434, 0.007660439237952232, 0.010297052562236786]","[0.04196343570947647, -0.0075250002555549145, -0.012882537208497524, -0.0035984108690172434, -0.007660439237952232, -0.010297052562236786]","[-0.04196343570947647, 0.0075250002555549145, 0.012882537208497524, 0.0035984108690172434, 0.007660439237952232, 0.010297052562236786]",1,-1,False,"['A', 'D']","['D', 'F']"
5abd90545542996e802b47d7::working_set_pack_b,5abd90545542996e802b47d7,"['A', 'B', 'C', 'D', 'E', 'F']","[0, 0, 0, 1, 0, 1]","[-0.03788624331355095, 0.007031526416540146, 0.012727065943181515, 0.0028539802879095078, 0.00814016629010439, 0.007133501581847668]","[0.03788624331355095, -0.007031526416540146, -0.012727065943181515, -0.0028539802879095078, -0.00814016629010439, -0.007133501581847668]","[-0.03788624331355095, 0.007031526416540146, 0.012727065943181515, 0.0028539802879095078, 0.00814016629010439, 0.007133501581847668]",1,-1,False,"['A', 'D']","['D', 'F']"
5abd90545542996e802b47d7::active_set_pack_b,5abd90545542996e802b47d7,"['A', 'B', 'C', 'D', 'E', 'F']","[0, 0, 0, 1, 0, 1]","[-0.04384925588965416, 0.010821506381034851, 0.017920847982168198, -0.0005131643265485764, 0.009499604813754559, 0.006120441947132349]","[0.04384925588965416, -0.010821506381034851, -0.017920847982168198, 0.0005131643265485764, -0.009499604813754559, -0.006120441947132349]","[-0.04384925588965416, 0.010821506381034851, 0.017920847982168198, -0.0005131643265485764, 0.009499604813754559, 0.006120441947132349]",1,-1,False,"['A', 'D']","['D', 'F']"
5a7722d655429966f1a36c99::working_set_pack_a,5a7722d655429966f1a36c99,"['A', 'B', 'C', 'D', 'E', 'F']","[1, 0, 0, 0, 1, 0]","[0.007929719984531403, -0.05813206732273102, 0.009262360632419586, 0.01687508635222912, 0.01374970655888319, 0.010315213352441788]","[0.007929719984531403, -0.05813206732273102, 0.009262360632419586, 0.01687508635222912, 0.01374970655888319, 0.010315213352441788]","[-0.007929719984531403, 0.05813206732273102, -0.009262360632419586, -0.01687508635222912, -0.01374970655888319, -0.010315213352441788]",-1,-1,False,"['A', 'C']","['A', 'E']"
5a7722d655429966f1a36c99::active_set_pack_a,5a7722d655429966f1a36c99,"['A', 'B', 'C', 'D', 'E', 'F']","[1, 0, 0, 0, 1, 0]","[0.001968780066817999, -0.03641216456890106, 0.002192931016907096, 0.018077533692121506, 0.01113259419798851, 0.0030403269920498133]","[-0.001968780066817999, 0.03641216456890106, -0.002192931016907096, -0.018077533692121506, -0.01113259419798851, -0.0030403269920498133]","[-0.001968780066817999, 0.03641216456890106, -0.002192931016907096, -0.018077533692121506, -0.01113259419798851, -0.0030403269920498133]",-1,1,False,"['A', 'B']","['A', 'E']"
5a7722d655429966f1a36c99::working_set_pack_b,5a7722d655429966f1a36c99,"['A', 'B', 'C', 'D', 'E', 'F']","[1, 0, 0, 0, 1, 0]","[0.005397378467023373, -0.03949207812547684, 0.003125946968793869, 0.016430728137493134, 0.011367805302143097, 0.0031702204141765833]","[-0.005397378467023373, 0.03949207812547684, -0.003125946968793869, -0.016430728137493134, -0.011367805302143097, -0.0031702204141765833]","[-0.005397378467023373, 0.03949207812547684, -0.003125946968793869, -0.016430728137493134, -0.011367805302143097, -0.0031702204141765833]",-1,1,False,"['A', 'B']","['A', 'E']"
5a7722d655429966f1a36c99::active_set_pack_b,5a7722d655429966f1a36c99,"['A', 'B', 'C', 'D', 'E', 'F']","[1, 0, 0, 0, 1, 0]","[0.013929159380495548, -0.07643701136112213, 0.013890636153519154, 0.017383622005581856, 0.017277561128139496, 0.0139560392126441]","[-0.013929159380495548, 0.07643701136112213, -0.013890636153519154, -0.017383622005581856, -0.017277561128139496, -0.0139560392126441]","[-0.013929159380495548, 0.07643701136112213, -0.013890636153519154, -0.017383622005581856, -0.017277561128139496, -0.0139560392126441]",-1,1,False,"['A', 'B']","['A', 'E']"
5ade025e5542997dc790711e::working_set_pack_a,5ade025e5542997dc790711e,"['A', 'B', 'C', 'D', 'E', 'F']","[0, 0, 1, 0, 0, 1]","[-0.01041678711771965, -0.030920013785362244, 0.014376714825630188, 0.02915054000914097, -0.004926498048007488, 0.0027360469102859497]","[-0.01041678711771965, -0.030920013785362244, 0.014376714825630188, 0.02915054000914097, -0.004926498048007488, 0.0027360469102859497]","[0.01041678711771965, 0.030920013785362244, -0.014376714825630188, -0.02915054000914097, 0.004926498048007488, -0.0027360469102859497]",-1,-1,False,"['A', 'C']","['C', 'F']"
5ade025e5542997dc790711e::active_set_pack_a,5ade025e5542997dc790711e,"['A', 'B', 'C', 'D', 'E', 'F']","[0, 0, 1, 0, 0, 1]","[-0.0037811307702213526, -0.03559271618723869, 0.017130626365542412, 0.017917614430189133, -0.0008153831004165113, 0.005140970461070538]","[-0.0037811307702213526, -0.03559271618723869, 0.017130626365542412, 0.017917614430189133, -0.0008153831004165113, 0.005140970461070538]","[0.0037811307702213526, 0.03559271618723869, -0.017130626365542412, -0.017917614430189133, 0.0008153831004165113, -0.005140970461070538]",-1,-1,False,"['A', 'C']","['C', 'F']"
5ade025e5542997dc790711e::working_set_pack_b,5ade025e5542997dc790711e,"['A', 'B', 'C', 'D', 'E', 'F']","[0, 0, 1, 0, 0, 1]","[-0.008909485302865505, -0.028502793982625008, 0.009155984036624432, 0.03018730878829956, -0.00553517322987318, 0.0036041727289557457]","[-0.008909485302865505, -0.028502793982625008, 0.009155984036624432, 0.03018730878829956, -0.00553517322987318, 0.0036041727289557457]","[0.008909485302865505, 0.028502793982625008, -0.009155984036624432, -0.03018730878829956, 0.00553517322987318, -0.0036041727289557457]",-1,-1,False,"['A', 'C']","['C', 'F']"
5ade025e5542997dc790711e::active_set_pack_b,5ade025e5542997dc790711e,"['A', 'B', 'C', 'D', 'E', 'F']","[0, 0, 1, 0, 0, 1]","[0.00639997236430645, -0.05314893275499344, 0.015721894800662994, 0.014084207825362682, 0.007273153401911259, 0.009669693186879158]","[0.00639997236430645, -0.05314893275499344, 0.015721894800662994, 0.014084207825362682, 0.007273153401911259, 0.009669693186879158]","[-0.00639997236430645, 0.05314893275499344, -0.015721894800662994, -0.014084207825362682, -0.007273153401911259, -0.009669693186879158]",-1,-1,False,"['A', 'C']","['C', 'F']"
5ab381b155429969a97a816b::working_set_pack_a,5ab381b155429969a97a816b,"['A', 'B', 'C', 'D', 'E', 'F']","[0, 0, 0, 0, 1, 1]","[0.022774843499064445, 0.02450980804860592, 0.02398005872964859, -0.13957832753658295, 0.023962311446666718, 0.04435131698846817]","[0.022774843499064445, 0.02450980804860592, 0.02398005872964859, -0.13957832753658295, 0.023962311446666718, 0.04435131698846817]","[-0.022774843499064445, -0.02450980804860592, -0.02398005872964859, 0.13957832753658295, -0.023962311446666718, -0.04435131698846817]",-1,-1,False,"['A', 'E']","['E', 'F']"
5ab381b155429969a97a816b::active_set_pack_a,5ab381b155429969a97a816b,"['A', 'B', 'C', 'D', 'E', 'F']","[0, 0, 0, 0, 1, 1]","[0.0268853772431612, 0.027866831049323082, 0.027905836701393127, -0.1573481261730194, 0.02789425104856491, 0.0467957966029644]","[0.0268853772431612, 0.027866831049323082, 0.027905836701393127, -0.1573481261730194, 0.02789425104856491, 0.0467957966029644]","[-0.0268853772431612, -0.027866831049323082, -0.027905836701393127, 0.1573481261730194, -0.02789425104856491, -0.0467957966029644]",-1,-1,False,"['A', 'E']","['E', 'F']"
5ab381b155429969a97a816b::working_set_pack_b,5ab381b155429969a97a816b,"['A', 'B', 'C', 'D', 'E', 'F']","[0, 0, 0, 0, 1, 1]","[0.029968420043587685, 0.032221633940935135, 0.03221234679222107, -0.16503286361694336, 0.03226694464683533, 0.0383634977042675]","[0.029968420043587685, 0.032221633940935135, 0.03221234679222107, -0.16503286361694336, 0.03226694464683533, 0.0383634977042675]","[-0.029968420043587685, -0.032221633940935135, -0.03221234679222107, 0.16503286361694336, -0.03226694464683533, -0.0383634977042675]",-1,-1,False,"['A', 'E']","['E', 'F']"
5ab381b155429969a97a816b::active_set_pack_b,5ab381b155429969a97a816b,"['A', 'B', 'C', 'D', 'E', 'F']","[0, 0, 0, 0, 1, 1]","[0.011962546035647392, 0.01685071922838688, 0.014621540904045105, -0.16690418124198914, 0.014020842500030994, 0.10944853723049164]","[0.011962546035647392, 0.01685071922838688, 0.014621540904045105, -0.16690418124198914, 0.014020842500030994, 0.10944853723049164]","[-0.011962546035647392, -0.01685071922838688, -0.014621540904045105, 0.16690418124198914, -0.014020842500030994, -0.10944853723049164]",-1,-1,False,"['A', 'E']","['E', 'F']"
5ac2a5d455429921a00ab01b::working_set_pack_a,5ac2a5d455429921a00ab01b,"['A', 'B', 'C', 'D', 'E', 'F']","[0, 1, 0, 0, 1, 0]","[-0.05679505690932274, 0.0651712566614151, -0.05689116567373276, -0.05763405188918114, -0.05708945915102959, 0.16323846578598022]","[0.05679505690932274, -0.0651712566614151, 0.05689116567373276, 0.05763405188918114, 0.05708945915102959, -0.16323846578598022]","[0.05679505690932274, -0.0651712566614151, 0.05689116567373276, 0.05763405188918114, 0.05708945915102959, -0.16323846578598022]",-1,1,False,"['A', 'E']","['B', 'E']"
5ac2a5d455429921a00ab01b::active_set_pack_a,5ac2a5d455429921a00ab01b,"['A', 'B', 'C', 'D', 'E', 'F']","[0, 1, 0, 0, 1, 0]","[0.05597070977091789, -0.05508952960371971, 0.05587371066212654, 0.05666876956820488, 0.056249793618917465, -0.16967348754405975]","[0.05597070977091789, -0.05508952960371971, 0.05587371066212654, 0.05666876956820488, 0.056249793618917465, -0.16967348754405975]","[0.05597070977091789, -0.05508952960371971, 0.05587371066212654, 0.05666876956820488, 0.056249793618917465, -0.16967348754405975]",1,1,False,"['A', 'E']","['B', 'E']"
5ac2a5d455429921a00ab01b::working_set_pack_b,5ac2a5d455429921a00ab01b,"['A', 'B', 'C', 'D', 'E', 'F']","[0, 1, 0, 0, 1, 0]","[-0.06532835960388184, 0.12708057463169098, -0.06452593952417374, -0.06652478128671646, -0.06354076415300369, 0.13283927738666534]","[0.06532835960388184, -0.12708057463169098, 0.06452593952417374, 0.06652478128671646, 0.06354076415300369, -0.13283927738666534]","[0.06532835960388184, -0.12708057463169098, 0.06452593952417374, 0.06652478128671646, 0.06354076415300369, -0.13283927738666534]",-1,1,False,"['A', 'E']","['B', 'E']"
5ac2a5d455429921a00ab01b::active_set_pack_b,5ac2a5d455429921a00ab01b,"['A', 'B', 'C', 'D', 'E', 'F']","[0, 1, 0, 0, 1, 0]","[-0.05825674161314964, 0.06684379279613495, -0.05811537057161331, -0.059224896132946014, -0.05724935233592987, 0.166002556681633]","[0.05825674161314964, -0.06684379279613495, 0.05811537057161331, 0.059224896132946014, 0.05724935233592987, -0.166002556681633]","[0.05825674161314964, -0.06684379279613495, 0.05811537057161331, 0.059224896132946014, 0.05724935233592987, -0.166002556681633]",-1,1,False,"['A', 'E']","['B', 'E']"
5adc1309554299438c868d3b::working_set_pack_a,5adc1309554299438c868d3b,"['A', 'B', 'C', 'D', 'E', 'F']","[0, 0, 0, 1, 0, 1]","[-0.018176525831222534, -0.01721317134797573, -0.016561366617679596, -0.018166834488511086, -0.020194141194224358, 0.09031204879283905]","[0.018176525831222534, 0.01721317134797573, 0.016561366617679596, 0.018166834488511086, 0.020194141194224358, -0.09031204879283905]","[0.018176525831222534, 0.01721317134797573, 0.016561366617679596, 0.018166834488511086, 0.020194141194224358, -0.09031204879283905]",-1,1,False,"['A', 'D']","['D', 'F']"
5adc1309554299438c868d3b::active_set_pack_a,5adc1309554299438c868d3b,"['A', 'B', 'C', 'D', 'E', 'F']","[0, 0, 0, 1, 0, 1]","[-0.016666755080223083, -0.015747766941785812, -0.014916185289621353, -0.017333095893263817, -0.018480250611901283, 0.08314405381679535]","[0.016666755080223083, 0.015747766941785812, 0.014916185289621353, 0.017333095893263817, 0.018480250611901283, -0.08314405381679535]","[0.016666755080223083, 0.015747766941785812, 0.014916185289621353, 0.017333095893263817, 0.018480250611901283, -0.08314405381679535]",-1,1,False,"['A', 'D']","['D', 'F']"
5adc1309554299438c868d3b::working_set_pack_b,5adc1309554299438c868d3b,"['A', 'B', 'C', 'D', 'E', 'F']","[0, 0, 0, 1, 0, 1]","[-0.015295013785362244, -0.013161218725144863, -0.011849792674183846, -0.01153495255857706, -0.016318516805768013, 0.06815951317548752]","[-0.015295013785362244, -0.013161218725144863, -0.011849792674183846, -0.01153495255857706, -0.016318516805768013, 0.06815951317548752]","[0.015295013785362244, 0.013161218725144863, 0.011849792674183846, 0.01153495255857706, 0.016318516805768013, -0.06815951317548752]",-1,-1,False,"['A', 'F']","['D', 'F']"
5adc1309554299438c868d3b::active_set_pack_b,5adc1309554299438c868d3b,"['A', 'B', 'C', 'D', 'E', 'F']","[0, 0, 0, 1, 0, 1]","[-0.02589797042310238, -0.023417847231030464, -0.02319151721894741, -0.020142026245594025, -0.026773303747177124, 0.11942267417907715]","[0.02589797042310238, 0.023417847231030464, 0.02319151721894741, 0.020142026245594025, 0.026773303747177124, -0.11942267417907715]","[0.02589797042310238, 0.023417847231030464, 0.02319151721894741, 0.020142026245594025, 0.026773303747177124, -0.11942267417907715]",-1,1,False,"['A', 'D']","['D', 'F']"
5a83168855429966c78a6b2e::working_set_pack_a,5a83168855429966c78a6b2e,"['A', 'B', 'C', 'D', 'E', 'F']","[0, 0, 0, 1, 1, 0]","[-0.046174149960279465, -0.04795604944229126, -0.03553880378603935, 0.21569082140922546, -0.03935026004910469, -0.04667156562209129]","[-0.046174149960279465, -0.04795604944229126, -0.03553880378603935, 0.21569082140922546, -0.03935026004910469, -0.04667156562209129]","[0.046174149960279465, 0.04795604944229126, 0.03553880378603935, -0.21569082140922546, 0.03935026004910469, 0.04667156562209129]",-1,-1,False,"['A', 'D']","['D', 'E']"
5a83168855429966c78a6b2e::active_set_pack_a,5a83168855429966c78a6b2e,"['A', 'B', 'C', 'D', 'E', 'F']","[0, 0, 0, 1, 1, 0]","[-0.04939276725053787, -0.05010177940130234, -0.0368778333067894, 0.22433960437774658, -0.03906506299972534, -0.0489022321999073]","[0.04939276725053787, 0.05010177940130234, 0.0368778333067894, -0.22433960437774658, 0.03906506299972534, 0.0489022321999073]","[0.04939276725053787, 0.05010177940130234, 0.0368778333067894, -0.22433960437774658, 0.03906506299972534, 0.0489022321999073]",-1,1,False,"['A', 'E']","['D', 'E']"
5a83168855429966c78a6b2e::working_set_pack_b,5a83168855429966c78a6b2e,"['A', 'B', 'C', 'D', 'E', 'F']","[0, 0, 0, 1, 1, 0]","[-0.025545170530676842, -0.026707416400313377, -0.022582218050956726, 0.13411498069763184, -0.03200666606426239, -0.02727348916232586]","[0.025545170530676842, 0.026707416400313377, 0.022582218050956726, -0.13411498069763184, 0.03200666606426239, 0.02727348916232586]","[0.025545170530676842, 0.026707416400313377, 0.022582218050956726, -0.13411498069763184, 0.03200666606426239, 0.02727348916232586]",-1,1,False,"['A', 'E']","['D', 'E']"
5a83168855429966c78a6b2e::active_set_pack_b,5a83168855429966c78a6b2e,"['A', 'B', 'C', 'D', 'E', 'F']","[0, 0, 0, 1, 1, 0]","[-0.05091151222586632, -0.05099131539463997, -0.038041144609451294, 0.22637219727039337, -0.036852505058050156, -0.04957566782832146]","[0.05091151222586632, 0.05099131539463997, 0.038041144609451294, -0.22637219727039337, 0.036852505058050156, 0.04957566782832146]","[0.05091151222586632, 0.05099131539463997, 0.038041144609451294, -0.22637219727039337, 0.036852505058050156, 0.04957566782832146]",-1,1,False,"['A', 'E']","['D', 'E']"
5ab345db55429969a97a8122::working_set_pack_a,5ab345db55429969a97a8122,"['A', 'B', 'C', 'D', 'E', 'F']","[0, 1, 1, 0, 0, 0]","[-0.01151981484144926, -0.01431620866060257, 0.07427527010440826, -0.017313724383711815, -0.01602933183312416, -0.015096169896423817]","[0.01151981484144926, 0.01431620866060257, -0.07427527010440826, 0.017313724383711815, 0.01602933183312416, 0.015096169896423817]","[0.01151981484144926, 0.01431620866060257, -0.07427527010440826, 0.017313724383711815, 0.01602933183312416, 0.015096169896423817]",-1,1,False,"['A', 'B']","['B', 'C']"
5ab345db55429969a97a8122::active_set_pack_a,5ab345db55429969a97a8122,"['A', 'B', 'C', 'D', 'E', 'F']","[0, 1, 1, 0, 0, 0]","[-0.009673865512013435, -0.01187383197247982, 0.06490154564380646, -0.015694914385676384, -0.01438056118786335, -0.013278365135192871]","[0.009673865512013435, 0.01187383197247982, -0.06490154564380646, 0.015694914385676384, 0.01438056118786335, 0.013278365135192871]","[0.009673865512013435, 0.01187383197247982, -0.06490154564380646, 0.015694914385676384, 0.01438056118786335, 0.013278365135192871]",-1,1,False,"['A', 'B']","['B', 'C']"
5ab345db55429969a97a8122::working_set_pack_b,5ab345db55429969a97a8122,"['A', 'B', 'C', 'D', 'E', 'F']","[0, 1, 1, 0, 0, 0]","[-0.009858940728008747, -0.009113862179219723, 0.06155013665556908, -0.015042439103126526, -0.015173850581049919, -0.01236105989664793]","[0.009858940728008747, 0.009113862179219723, -0.06155013665556908, 0.015042439103126526, 0.015173850581049919, 0.01236105989664793]","[0.009858940728008747, 0.009113862179219723, -0.06155013665556908, 0.015042439103126526, 0.015173850581049919, 0.01236105989664793]",-1,1,False,"['A', 'B']","['B', 'C']"
5ab345db55429969a97a8122::active_set_pack_b,5ab345db55429969a97a8122,"['A', 'B', 'C', 'D', 'E', 'F']","[0, 1, 1, 0, 0, 0]","[-0.00813217367976904, -0.006280218716710806, 0.06086374446749687, -0.01707511767745018, -0.0166296549141407, -0.012746595777571201]","[0.00813217367976904, 0.006280218716710806, -0.06086374446749687, 0.01707511767745018, 0.0166296549141407, 0.012746595777571201]","[0.00813217367976904, 0.006280218716710806, -0.06086374446749687, 0.01707511767745018, 0.0166296549141407, 0.012746595777571201]",-1,1,False,"['A', 'B']","['B', 'C']"
5adf732a5542993a75d264e9::working_set_pack_a,5adf732a5542993a75d264e9,"['A', 'B', 'C', 'D', 'E', 'F']","[1, 1, 0, 0, 0, 0]","[0.0530497245490551, 0.007799313869327307, -0.007047981023788452, -0.040954362601041794, -0.009716295637190342, -0.0031304238364100456]","[0.0530497245490551, 0.007799313869327307, -0.007047981023788452, -0.040954362601041794, -0.009716295637190342, -0.0031304238364100456]","[-0.0530497245490551, -0.007799313869327307, 0.007047981023788452, 0.040954362601041794, 0.009716295637190342, 0.0031304238364100456]",-1,-1,True,"['A', 'B']","['A', 'B']"
5adf732a5542993a75d264e9::active_set_pack_a,5adf732a5542993a75d264e9,"['A', 'B', 'C', 'D', 'E', 'F']","[1, 1, 0, 0, 0, 0]","[0.05192568898200989, 0.005839797668159008, -0.0092323562130332, -0.030442235991358757, -0.012393759563565254, -0.005697130691260099]","[0.05192568898200989, 0.005839797668159008, -0.0092323562130332, -0.030442235991358757, -0.012393759563565254, -0.005697130691260099]","[-0.05192568898200989, -0.005839797668159008, 0.0092323562130332, 0.030442235991358757, 0.012393759563565254, 0.005697130691260099]",-1,-1,True,"['A', 'B']","['A', 'B']"
5adf732a5542993a75d264e9::working_set_pack_b,5adf732a5542993a75d264e9,"['A', 'B', 'C', 'D', 'E', 'F']","[1, 1, 0, 0, 0, 0]","[0.06674335151910782, 0.0038645530585199594, -0.016379596665501595, -0.01910204254090786, -0.020335698500275612, -0.014790558256208897]","[0.06674335151910782, 0.0038645530585199594, -0.016379596665501595, -0.01910204254090786, -0.020335698500275612, -0.014790558256208897]","[-0.06674335151910782, -0.0038645530585199594, 0.016379596665501595, 0.01910204254090786, 0.020335698500275612, 0.014790558256208897]",-1,-1,True,"['A', 'B']","['A', 'B']"
5adf732a5542993a75d264e9::active_set_pack_b,5adf732a5542993a75d264e9,"['A', 'B', 'C', 'D', 'E', 'F']","[1, 1, 0, 0, 0, 0]","[0.07146241515874863, 0.005875840783119202, -0.01762390322983265, -0.021751917898654938, -0.021608760580420494, -0.01635364256799221]","[0.07146241515874863, 0.005875840783119202, -0.01762390322983265, -0.021751917898654938, -0.021608760580420494, -0.01635364256799221]","[-0.07146241515874863, -0.005875840783119202, 0.01762390322983265, 0.021751917898654938, 0.021608760580420494, 0.01635364256799221]",-1,-1,True,"['A', 'B']","['A', 'B']"
5a7272eb5542997f827839d7::working_set_pack_a,5a7272eb5542997f827839d7,"['A', 'B', 'C', 'D', 'E', 'F']","[0, 0, 0, 0, 1, 1]","[-0.02068309113383293, -0.01937400922179222, -0.017095552757382393, 0.001074896426871419, -0.028368419036269188, 0.08444616198539734]","[-0.02068309113383293, -0.01937400922179222, -0.017095552757382393, 0.001074896426871419, -0.028368419036269188, 0.08444616198539734]","[0.02068309113383293, 0.01937400922179222, 0.017095552757382393, -0.001074896426871419, 0.028368419036269188, -0.08444616198539734]",-1,-1,False,"['A', 'F']","['E', 'F']"
5a7272eb5542997f827839d7::active_set_pack_a,5a7272eb5542997f827839d7,"['A', 'B', 'C', 'D', 'E', 'F']","[0, 0, 0, 0, 1, 1]","[-0.021981196478009224, -0.02091757021844387, -0.018404386937618256, -0.0010300609283149242, -0.02310672029852867, 0.08543992042541504]","[0.021981196478009224, 0.02091757021844387, 0.018404386937618256, 0.0010300609283149242, 0.02310672029852867, -0.08543992042541504]","[0.021981196478009224, 0.02091757021844387, 0.018404386937618256, 0.0010300609283149242, 0.02310672029852867, -0.08543992042541504]",-1,1,False,"['A', 'E']","['E', 'F']"
5a7272eb5542997f827839d7::working_set_pack_b,5a7272eb5542997f827839d7,"['A', 'B', 'C', 'D', 'E', 'F']","[0, 0, 0, 0, 1, 1]","[-0.01905185915529728, -0.017961718142032623, -0.015703361481428146, -0.0003544453938957304, -0.02740435302257538, 0.08047574013471603]","[-0.01905185915529728, -0.017961718142032623, -0.015703361481428146, -0.0003544453938957304, -0.02740435302257538, 0.08047574013471603]","[0.01905185915529728, 0.017961718142032623, 0.015703361481428146, 0.0003544453938957304, 0.02740435302257538, -0.08047574013471603]",-1,-1,False,"['A', 'F']","['E', 'F']"
5a7272eb5542997f827839d7::active_set_pack_b,5a7272eb5542997f827839d7,"['A', 'B', 'C', 'D', 'E', 'F']","[0, 0, 0, 0, 1, 1]","[-0.02032458782196045, -0.01983688957989216, -0.017064614221453667, 0.0011252696858718991, -0.023604432120919228, 0.07970522344112396]","[0.02032458782196045, 0.01983688957989216, 0.017064614221453667, -0.0011252696858718991, 0.023604432120919228, -0.07970522344112396]","[0.02032458782196045, 0.01983688957989216, 0.017064614221453667, -0.0011252696858718991, 0.023604432120919228, -0.07970522344112396]",-1,1,False,"['A', 'E']","['E', 'F']"
5ac2c3545542990b17b1548b::working_set_pack_a,5ac2c3545542990b17b1548b,"['A', 'B', 'C', 'D', 'E', 'F']","[1, 0, 0, 1, 0, 0]","[0.00504321837797761, 0.008509716019034386, 0.008099737577140331, 0.027040967717766762, 0.003338724374771118, -0.05203239247202873]","[0.00504321837797761, 0.008509716019034386, 0.008099737577140331, 0.027040967717766762, 0.003338724374771118, -0.05203239247202873]","[0.00504321837797761, 0.008509716019034386, 0.008099737577140331, 0.027040967717766762, 0.003338724374771118, -0.05203239247202873]",1,1,True,"['A', 'D']","['A', 'D']"
5ac2c3545542990b17b1548b::active_set_pack_a,5ac2c3545542990b17b1548b,"['A', 'B', 'C', 'D', 'E', 'F']","[1, 0, 0, 1, 0, 0]","[0.0043904162012040615, 0.008782602846622467, 0.008470415137708187, 0.026539141312241554, 0.003995871637016535, -0.05217843875288963]","[0.0043904162012040615, 0.008782602846622467, 0.008470415137708187, 0.026539141312241554, 0.003995871637016535, -0.05217843875288963]","[0.0043904162012040615, 0.008782602846622467, 0.008470415137708187, 0.026539141312241554, 0.003995871637016535, -0.05217843875288963]",1,1,True,"['A', 'D']","['A', 'D']"
5ac2c3545542990b17b1548b::working_set_pack_b,5ac2c3545542990b17b1548b,"['A', 'B', 'C', 'D', 'E', 'F']","[1, 0, 0, 1, 0, 0]","[0.006608201190829277, 0.012632832862436771, 0.010455528274178505, 0.025889696553349495, 0.004861273802816868, -0.06044752895832062]","[0.006608201190829277, 0.012632832862436771, 0.010455528274178505, 0.025889696553349495, 0.004861273802816868, -0.06044752895832062]","[0.006608201190829277, 0.012632832862436771, 0.010455528274178505, 0.025889696553349495, 0.004861273802816868, -0.06044752895832062]",1,1,True,"['A', 'D']","['A', 'D']"
5ac2c3545542990b17b1548b::active_set_pack_b,5ac2c3545542990b17b1548b,"['A', 'B', 'C', 'D', 'E', 'F']","[1, 0, 0, 1, 0, 0]","[0.006187818944454193, 0.012630869634449482, 0.011181022971868515, 0.027189821004867554, 0.004447013605386019, -0.06163656339049339]","[0.006187818944454193, 0.012630869634449482, 0.011181022971868515, 0.027189821004867554, 0.004447013605386019, -0.06163656339049339]","[0.006187818944454193, 0.012630869634449482, 0.011181022971868515, 0.027189821004867554, 0.004447013605386019, -0.06163656339049339]",1,1,True,"['A', 'D']","['A', 'D']"
5a76a401554299373536012b::working_set_pack_a,5a76a401554299373536012b,"['A', 'B', 'C', 'D', 'E', 'F']","[0, 1, 1, 0, 0, 0]","[0.04155987128615379, 0.040531355887651443, 0.040351610630750656, -0.1900234967470169, 0.028701739385724068, 0.038878876715898514]","[0.04155987128615379, 0.040531355887651443, 0.040351610630750656, -0.1900234967470169, 0.028701739385724068, 0.038878876715898514]","[0.04155987128615379, 0.040531355887651443, 0.040351610630750656, -0.1900234967470169, 0.028701739385724068, 0.038878876715898514]",1,1,False,"['A', 'C']","['B', 'C']"
5a76a401554299373536012b::active_set_pack_a,5a76a401554299373536012b,"['A', 'B', 'C', 'D', 'E', 'F']","[0, 1, 1, 0, 0, 0]","[0.03923496603965759, 0.038455937057733536, 0.038451556116342545, -0.18249927461147308, 0.029772626236081123, 0.036584220826625824]","[0.03923496603965759, 0.038455937057733536, 0.038451556116342545, -0.18249927461147308, 0.029772626236081123, 0.036584220826625824]","[0.03923496603965759, 0.038455937057733536, 0.038451556116342545, -0.18249927461147308, 0.029772626236081123, 0.036584220826625824]",1,1,False,"['A', 'C']","['B', 'C']"
5a76a401554299373536012b::working_set_pack_b,5a76a401554299373536012b,"['A', 'B', 'C', 'D', 'E', 'F']","[0, 1, 1, 0, 0, 0]","[0.04126472771167755, 0.03737492114305496, 0.04130873456597328, -0.19315683841705322, 0.034768540412187576, 0.038439877331256866]","[0.04126472771167755, 0.03737492114305496, 0.04130873456597328, -0.19315683841705322, 0.034768540412187576, 0.038439877331256866]","[0.04126472771167755, 0.03737492114305496, 0.04130873456597328, -0.19315683841705322, 0.034768540412187576, 0.038439877331256866]",1,1,False,"['A', 'B']","['B', 'C']"
5a76a401554299373536012b::active_set_pack_b,5a76a401554299373536012b,"['A', 'B', 'C', 'D', 'E', 'F']","[0, 1, 1, 0, 0, 0]","[0.03182210028171539, 0.021067380905151367, 0.03240494802594185, -0.1376056969165802, 0.023536181077361107, 0.028775082901120186]","[0.03182210028171539, 0.021067380905151367, 0.03240494802594185, -0.1376056969165802, 0.023536181077361107, 0.028775082901120186]","[0.03182210028171539, 0.021067380905151367, 0.03240494802594185, -0.1376056969165802, 0.023536181077361107, 0.028775082901120186]",1,1,False,"['A', 'B']","['B', 'C']"
5ae3918b5542994393b9e709::working_set_pack_a,5ae3918b5542994393b9e709,"['A', 'B', 'C', 'D', 'E', 'F']","[0, 0, 1, 0, 1, 0]","[-0.044741712510585785, -0.042529135942459106, -0.03420276194810867, -0.04210366681218147, 0.19839219748973846, -0.03481493517756462]","[-0.044741712510585785, -0.042529135942459106, -0.03420276194810867, -0.04210366681218147, 0.19839219748973846, -0.03481493517756462]","[0.044741712510585785, 0.042529135942459106, 0.03420276194810867, 0.04210366681218147, -0.19839219748973846, 0.03481493517756462]",-1,-1,False,"['A', 'E']","['C', 'E']"
5ae3918b5542994393b9e709::active_set_pack_a,5ae3918b5542994393b9e709,"['A', 'B', 'C', 'D', 'E', 'F']","[0, 0, 1, 0, 1, 0]","[-0.04641124978661537, -0.04376159980893135, -0.035172007977962494, -0.043622661381959915, 0.205141082406044, -0.036173563450574875]","[-0.04641124978661537, -0.04376159980893135, -0.035172007977962494, -0.043622661381959915, 0.205141082406044, -0.036173563450574875]","[0.04641124978661537, 0.04376159980893135, 0.035172007977962494, 0.043622661381959915, -0.205141082406044, 0.036173563450574875]",-1,-1,False,"['A', 'E']","['C', 'E']"
5ae3918b5542994393b9e709::working_set_pack_b,5ae3918b5542994393b9e709,"['A', 'B', 'C', 'D', 'E', 'F']","[0, 0, 1, 0, 1, 0]","[-0.039233848452568054, -0.03701898083090782, -0.027062073349952698, -0.036210451275110245, 0.17014947533607483, -0.030624110251665115]","[-0.039233848452568054, -0.03701898083090782, -0.027062073349952698, -0.036210451275110245, 0.17014947533607483, -0.030624110251665115]","[0.039233848452568054, 0.03701898083090782, 0.027062073349952698, 0.036210451275110245, -0.17014947533607483, 0.030624110251665115]",-1,-1,False,"['A', 'E']","['C', 'E']"
5ae3918b5542994393b9e709::active_set_pack_b,5ae3918b5542994393b9e709,"['A', 'B', 'C', 'D', 'E', 'F']","[0, 0, 1, 0, 1, 0]","[-0.0431322418153286, -0.039985693991184235, -0.02901078574359417, -0.04021903872489929, 0.1841626614332199, -0.03181486204266548]","[-0.0431322418153286, -0.039985693991184235, -0.02901078574359417, -0.04021903872489929, 0.1841626614332199, -0.03181486204266548]","[0.0431322418153286, 0.039985693991184235, 0.02901078574359417, 0.04021903872489929, -0.1841626614332199, 0.03181486204266548]",-1,-1,False,"['A', 'E']","['C', 'E']"
5a8efd3c55429918e830d179::working_set_pack_a,5a8efd3c55429918e830d179,"['A', 'B', 'C', 'D', 'E', 'F']","[0, 0, 0, 1, 1, 0]","[-0.057478006929159164, 0.017214545980095863, 0.005567665211856365, 0.013576789759099483, 0.014851221814751625, 0.006267777178436518]","[0.057478006929159164, -0.017214545980095863, -0.005567665211856365, -0.013576789759099483, -0.014851221814751625, -0.006267777178436518]","[-0.057478006929159164, 0.017214545980095863, 0.005567665211856365, 0.013576789759099483, 0.014851221814751625, 0.006267777178436518]",1,-1,False,"['A', 'D']","['D', 'E']"
5a8efd3c55429918e830d179::active_set_pack_a,5a8efd3c55429918e830d179,"['A', 'B', 'C', 'D', 'E', 'F']","[0, 0, 0, 1, 1, 0]","[-0.06068756803870201, 0.019264567643404007, 0.006153935566544533, 0.014096030965447426, 0.014913725666701794, 0.006259319372475147]","[0.06068756803870201, -0.019264567643404007, -0.006153935566544533, -0.014096030965447426, -0.014913725666701794, -0.006259319372475147]","[-0.06068756803870201, 0.019264567643404007, 0.006153935566544533, 0.014096030965447426, 0.014913725666701794, 0.006259319372475147]",1,-1,False,"['A', 'D']","['D', 'E']"
5a8efd3c55429918e830d179::working_set_pack_b,5a8efd3c55429918e830d179,"['A', 'B', 'C', 'D', 'E', 'F']","[0, 0, 0, 1, 1, 0]","[-0.062454912811517715, 0.01627783291041851, 0.007299463264644146, 0.014332021586596966, 0.016378913074731827, 0.008166691288352013]","[0.062454912811517715, -0.01627783291041851, -0.007299463264644146, -0.014332021586596966, -0.016378913074731827, -0.008166691288352013]","[-0.062454912811517715, 0.01627783291041851, 0.007299463264644146, 0.014332021586596966, 0.016378913074731827, 0.008166691288352013]",1,-1,False,"['A', 'D']","['D', 'E']"
5a8efd3c55429918e830d179::active_set_pack_b,5a8efd3c55429918e830d179,"['A', 'B', 'C', 'D', 'E', 'F']","[0, 0, 0, 1, 1, 0]","[-0.060137685388326645, 0.013949720188975334, 0.005504184402525425, 0.018992416560649872, 0.015474062412977219, 0.00621730787679553]","[0.060137685388326645, -0.013949720188975334, -0.005504184402525425, -0.018992416560649872, -0.015474062412977219, -0.00621730787679553]","[-0.060137685388326645, 0.013949720188975334, 0.005504184402525425, 0.018992416560649872, 0.015474062412977219, 0.00621730787679553]",1,-1,False,"['A', 'D']","['D', 'E']"
5a8b63755542997f31a41cfe::working_set_pack_a,5a8b63755542997f31a41cfe,"['A', 'B', 'C', 'D', 'E', 'F']","[1, 0, 0, 0, 0, 1]","[0.014313781633973122, 0.013049491681158543, 0.011853986419737339, -0.06493641436100006, 0.012102252803742886, 0.013616920448839664]","[0.014313781633973122, 0.013049491681158543, 0.011853986419737339, -0.06493641436100006, 0.012102252803742886, 0.013616920448839664]","[0.014313781633973122, 0.013049491681158543, 0.011853986419737339, -0.06493641436100006, 0.012102252803742886, 0.013616920448839664]",1,1,True,"['A', 'F']","['A', 'F']"
5a8b63755542997f31a41cfe::active_set_pack_a,5a8b63755542997f31a41cfe,"['A', 'B', 'C', 'D', 'E', 'F']","[1, 0, 0, 0, 0, 1]","[0.014830288477241993, 0.013361739926040173, 0.012118787504732609, -0.06692066788673401, 0.01248629204928875, 0.014123565517365932]","[0.014830288477241993, 0.013361739926040173, 0.012118787504732609, -0.06692066788673401, 0.01248629204928875, 0.014123565517365932]","[0.014830288477241993, 0.013361739926040173, 0.012118787504732609, -0.06692066788673401, 0.01248629204928875, 0.014123565517365932]",1,1,True,"['A', 'F']","['A', 'F']"
5a8b63755542997f31a41cfe::working_set_pack_b,5a8b63755542997f31a41cfe,"['A', 'B', 'C', 'D', 'E', 'F']","[1, 0, 0, 0, 0, 1]","[0.01682964526116848, 0.00961694959551096, 0.007461545988917351, -0.05467136576771736, 0.009309482760727406, 0.011453741230070591]","[0.01682964526116848, 0.00961694959551096, 0.007461545988917351, -0.05467136576771736, 0.009309482760727406, 0.011453741230070591]","[0.01682964526116848, 0.00961694959551096, 0.007461545988917351, -0.05467136576771736, 0.009309482760727406, 0.011453741230070591]",1,1,True,"['A', 'F']","['A', 'F']"
5a8b63755542997f31a41cfe::active_set_pack_b,5a8b63755542997f31a41cfe,"['A', 'B', 'C', 'D', 'E', 'F']","[1, 0, 0, 0, 0, 1]","[0.013937190175056458, 0.005237814504653215, 0.003310370957478881, -0.04858311638236046, 0.006157062016427517, 0.019940651953220367]","[0.013937190175056458, 0.005237814504653215, 0.003310370957478881, -0.04858311638236046, 0.006157062016427517, 0.019940651953220367]","[0.013937190175056458, 0.005237814504653215, 0.003310370957478881, -0.04858311638236046, 0.006157062016427517, 0.019940651953220367]",1,1,True,"['A', 'F']","['A', 'F']"
5a7a02235542996c55b2dcd3::working_set_pack_a,5a7a02235542996c55b2dcd3,"['A', 'B', 'C', 'D', 'E', 'F']","[0, 1, 0, 0, 1, 0]","[-0.02017924189567566, -0.008564741350710392, -0.010709315538406372, -0.014136156067252159, 0.07173651456832886, -0.018147075548768044]","[-0.02017924189567566, -0.008564741350710392, -0.010709315538406372, -0.014136156067252159, 0.07173651456832886, -0.018147075548768044]","[0.02017924189567566, 0.008564741350710392, 0.010709315538406372, 0.014136156067252159, -0.07173651456832886, 0.018147075548768044]",-1,-1,False,"['A', 'E']","['B', 'E']"
5a7a02235542996c55b2dcd3::active_set_pack_a,5a7a02235542996c55b2dcd3,"['A', 'B', 'C', 'D', 'E', 'F']","[0, 1, 0, 0, 1, 0]","[-0.018204044550657272, -0.007414301857352257, -0.009287129156291485, -0.014117554761469364, 0.06663814187049866, -0.01761511154472828]","[-0.018204044550657272, -0.007414301857352257, -0.009287129156291485, -0.014117554761469364, 0.06663814187049866, -0.01761511154472828]","[0.018204044550657272, 0.007414301857352257, 0.009287129156291485, 0.014117554761469364, -0.06663814187049866, 0.01761511154472828]",-1,-1,False,"['A', 'E']","['B', 'E']"
5a7a02235542996c55b2dcd3::working_set_pack_b,5a7a02235542996c55b2dcd3,"['A', 'B', 'C', 'D', 'E', 'F']","[0, 1, 0, 0, 1, 0]","[-0.021746424958109856, -0.011948075145483017, -0.012225332669913769, -0.014283649623394012, 0.07855991274118423, -0.01835647225379944]","[0.021746424958109856, 0.011948075145483017, 0.012225332669913769, 0.014283649623394012, -0.07855991274118423, 0.01835647225379944]","[0.021746424958109856, 0.011948075145483017, 0.012225332669913769, 0.014283649623394012, -0.07855991274118423, 0.01835647225379944]",-1,1,False,"['A', 'B']","['B', 'E']"
5a7a02235542996c55b2dcd3::active_set_pack_b,5a7a02235542996c55b2dcd3,"['A', 'B', 'C', 'D', 'E', 'F']","[0, 1, 0, 0, 1, 0]","[-0.02039230801165104, -0.016340432688593864, -0.013902979902923107, -0.015466961078345776, 0.0858568474650383, -0.019754189997911453]","[-0.02039230801165104, -0.016340432688593864, -0.013902979902923107, -0.015466961078345776, 0.0858568474650383, -0.019754189997911453]","[0.02039230801165104, 0.016340432688593864, 0.013902979902923107, 0.015466961078345776, -0.0858568474650383, 0.019754189997911453]",-1,-1,False,"['A', 'E']","['B', 'E']"
5ac061ab554299294b218fac::working_set_pack_a,5ac061ab554299294b218fac,"['A', 'B', 'C', 'D', 'E', 'F']","[0, 1, 0, 1, 0, 0]","[-0.03568079322576523, -0.03016188181936741, -0.0353117510676384, 0.17024654150009155, -0.03259652107954025, -0.036495596170425415]","[-0.03568079322576523, -0.03016188181936741, -0.0353117510676384, 0.17024654150009155, -0.03259652107954025, -0.036495596170425415]","[0.03568079322576523, 0.03016188181936741, 0.0353117510676384, -0.17024654150009155, 0.03259652107954025, 0.036495596170425415]",-1,-1,False,"['A', 'D']","['B', 'D']"
5ac061ab554299294b218fac::active_set_pack_a,5ac061ab554299294b218fac,"['A', 'B', 'C', 'D', 'E', 'F']","[0, 1, 0, 1, 0, 0]","[-0.03431045264005661, -0.02960939332842827, -0.03406686335802078, 0.15845008194446564, -0.02534092403948307, -0.03512248396873474]","[-0.03431045264005661, -0.02960939332842827, -0.03406686335802078, 0.15845008194446564, -0.02534092403948307, -0.03512248396873474]","[0.03431045264005661, 0.02960939332842827, 0.03406686335802078, -0.15845008194446564, 0.02534092403948307, 0.03512248396873474]",-1,-1,False,"['A', 'D']","['B', 'D']"
5ac061ab554299294b218fac::working_set_pack_b,5ac061ab554299294b218fac,"['A', 'B', 'C', 'D', 'E', 'F']","[0, 1, 0, 1, 0, 0]","[-0.03435390070080757, -0.029214482754468918, -0.034142136573791504, 0.15908917784690857, -0.026504481211304665, -0.03487415984272957]","[-0.03435390070080757, -0.029214482754468918, -0.034142136573791504, 0.15908917784690857, -0.026504481211304665, -0.03487415984272957]","[0.03435390070080757, 0.029214482754468918, 0.034142136573791504, -0.15908917784690857, 0.026504481211304665, 0.03487415984272957]",-1,-1,False,"['A', 'D']","['B', 'D']"
5ac061ab554299294b218fac::active_set_pack_b,5ac061ab554299294b218fac,"['A', 'B', 'C', 'D', 'E', 'F']","[0, 1, 0, 1, 0, 0]","[-0.04045034572482109, -0.03302115947008133, -0.039467643946409225, 0.16392864286899567, -0.011545853689312935, -0.039443619549274445]","[-0.04045034572482109, -0.03302115947008133, -0.039467643946409225, 0.16392864286899567, -0.011545853689312935, -0.039443619549274445]","[0.04045034572482109, 0.03302115947008133, 0.039467643946409225, -0.16392864286899567, 0.011545853689312935, 0.039443619549274445]",-1,-1,False,"['A', 'D']","['B', 'D']"
5ab5a2f85542997d4ad1f197::working_set_pack_a,5ab5a2f85542997d4ad1f197,"['A', 'B', 'C', 'D', 'E', 'F']","[0, 0, 1, 0, 0, 1]","[0.015738967806100845, 0.005070575978606939, 0.008914217352867126, 0.005285089369863272, -0.04779147356748581, 0.012782617472112179]","[0.015738967806100845, 0.005070575978606939, 0.008914217352867126, 0.005285089369863272, -0.04779147356748581, 0.012782617472112179]","[0.015738967806100845, 0.005070575978606939, 0.008914217352867126, 0.005285089369863272, -0.04779147356748581, 0.012782617472112179]",1,1,False,"['A', 'C']","['C', 'F']"
5ab5a2f85542997d4ad1f197::active_set_pack_a,5ab5a2f85542997d4ad1f197,"['A', 'B', 'C', 'D', 'E', 'F']","[0, 0, 1, 0, 0, 1]","[0.0238331351429224, -0.0009086768259294331, 0.008149669505655766, -0.0034631872549653053, -0.0348515510559082, 0.007240592502057552]","[0.0238331351429224, -0.0009086768259294331, 0.008149669505655766, -0.0034631872549653053, -0.0348515510559082, 0.007240592502057552]","[0.0238331351429224, -0.0009086768259294331, 0.008149669505655766, -0.0034631872549653053, -0.0348515510559082, 0.007240592502057552]",1,1,False,"['A', 'C']","['C', 'F']"
5ab5a2f85542997d4ad1f197::working_set_pack_b,5ab5a2f85542997d4ad1f197,"['A', 'B', 'C', 'D', 'E', 'F']","[0, 0, 1, 0, 0, 1]","[0.018279556185007095, 0.0037349998019635677, 0.009438647888600826, 0.002984029008075595, -0.046552665531635284, 0.012115421704947948]","[0.018279556185007095, 0.0037349998019635677, 0.009438647888600826, 0.002984029008075595, -0.046552665531635284, 0.012115421704947948]","[0.018279556185007095, 0.0037349998019635677, 0.009438647888600826, 0.002984029008075595, -0.046552665531635284, 0.012115421704947948]",1,1,False,"['A', 'C']","['C', 'F']"
5ab5a2f85542997d4ad1f197::active_set_pack_b,5ab5a2f85542997d4ad1f197,"['A', 'B', 'C', 'D', 'E', 'F']","[0, 0, 1, 0, 0, 1]","[-0.04980270937085152, 0.007855621166527271, -0.0011081931879743934, 0.010365420952439308, 0.02598971128463745, 0.006700146943330765]","[0.04980270937085152, -0.007855621166527271, 0.0011081931879743934, -0.010365420952439308, -0.02598971128463745, -0.006700146943330765]","[-0.04980270937085152, 0.007855621166527271, -0.0011081931879743934, 0.010365420952439308, 0.02598971128463745, 0.006700146943330765]",1,-1,False,"['A', 'C']","['C', 'F']"
5abd7ca05542993062266cab::working_set_pack_a,5abd7ca05542993062266cab,"['A', 'B', 'C', 'D', 'E', 'F']","[1, 0, 1, 0, 0, 0]","[0.036791738122701645, 0.03308020532131195, 0.035413097590208054, 0.03645804896950722, 0.01184096373617649, -0.1535840481519699]","[0.036791738122701645, 0.03308020532131195, 0.035413097590208054, 0.03645804896950722, 0.01184096373617649, -0.1535840481519699]","[0.036791738122701645, 0.03308020532131195, 0.035413097590208054, 0.03645804896950722, 0.01184096373617649, -0.1535840481519699]",1,1,True,"['A', 'C']","['A', 'C']"
5abd7ca05542993062266cab::active_set_pack_a,5abd7ca05542993062266cab,"['A', 'B', 'C', 'D', 'E', 'F']","[1, 0, 1, 0, 0, 0]","[0.045062705874443054, 0.0407131128013134, 0.04456169530749321, 0.044958751648664474, 0.013908669352531433, -0.18920494616031647]","[0.045062705874443054, 0.0407131128013134, 0.04456169530749321, 0.044958751648664474, 0.013908669352531433, -0.18920494616031647]","[0.045062705874443054, 0.0407131128013134, 0.04456169530749321, 0.044958751648664474, 0.013908669352531433, -0.18920494616031647]",1,1,True,"['A', 'C']","['A', 'C']"
5abd7ca05542993062266cab::working_set_pack_b,5abd7ca05542993062266cab,"['A', 'B', 'C', 'D', 'E', 'F']","[1, 0, 1, 0, 0, 0]","[0.014190689660608768, 0.009587980806827545, 0.010591628029942513, 0.013392920605838299, 0.03149592503905296, -0.07925915718078613]","[0.014190689660608768, 0.009587980806827545, 0.010591628029942513, 0.013392920605838299, 0.03149592503905296, -0.07925915718078613]","[0.014190689660608768, 0.009587980806827545, 0.010591628029942513, 0.013392920605838299, 0.03149592503905296, -0.07925915718078613]",1,1,True,"['A', 'C']","['A', 'C']"
5abd7ca05542993062266cab::active_set_pack_b,5abd7ca05542993062266cab,"['A', 'B', 'C', 'D', 'E', 'F']","[1, 0, 1, 0, 0, 0]","[0.045370008796453476, 0.03873230889439583, 0.04563010483980179, 0.04575096443295479, 0.00922402460128069, -0.1847073882818222]","[0.045370008796453476, 0.03873230889439583, 0.04563010483980179, 0.04575096443295479, 0.00922402460128069, -0.1847073882818222]","[0.045370008796453476, 0.03873230889439583, 0.04563010483980179, 0.04575096443295479, 0.00922402460128069, -0.1847073882818222]",1,1,True,"['A', 'C']","['A', 'C']"
5ae732685542991e8301cbc3::working_set_pack_a,5ae732685542991e8301cbc3,"['A', 'B', 'C', 'D', 'E', 'F']","[1, 0, 1, 0, 0, 0]","[0.06469391286373138, 0.0442626066505909, 0.06034202128648758, -0.012890156358480453, -0.21325118839740753, 0.056842777878046036]","[0.06469391286373138, 0.0442626066505909, 0.06034202128648758, -0.012890156358480453, -0.21325118839740753, 0.056842777878046036]","[0.06469391286373138, 0.0442626066505909, 0.06034202128648758, -0.012890156358480453, -0.21325118839740753, 0.056842777878046036]",1,1,True,"['A', 'C']","['A', 'C']"
5ae732685542991e8301cbc3::active_set_pack_a,5ae732685542991e8301cbc3,"['A', 'B', 'C', 'D', 'E', 'F']","[1, 0, 1, 0, 0, 0]","[0.05834060534834862, 0.045973408967256546, 0.05440547317266464, -0.002515657339245081, -0.2074577361345291, 0.05125390738248825]","[0.05834060534834862, 0.045973408967256546, 0.05440547317266464, -0.002515657339245081, -0.2074577361345291, 0.05125390738248825]","[0.05834060534834862, 0.045973408967256546, 0.05440547317266464, -0.002515657339245081, -0.2074577361345291, 0.05125390738248825]",1,1,True,"['A', 'C']","['A', 'C']"
5ae732685542991e8301cbc3::working_set_pack_b,5ae732685542991e8301cbc3,"['A', 'B', 'C', 'D', 'E', 'F']","[1, 0, 1, 0, 0, 0]","[0.046321138739585876, 0.033639248460531235, 0.04418674483895302, -0.02813994511961937, -0.1336773782968521, 0.037670236080884933]","[0.046321138739585876, 0.033639248460531235, 0.04418674483895302, -0.02813994511961937, -0.1336773782968521, 0.037670236080884933]","[0.046321138739585876, 0.033639248460531235, 0.04418674483895302, -0.02813994511961937, -0.1336773782968521, 0.037670236080884933]",1,1,True,"['A', 'C']","['A', 'C']"
5ae732685542991e8301cbc3::active_set_pack_b,5ae732685542991e8301cbc3,"['A', 'B', 'C', 'D', 'E', 'F']","[1, 0, 1, 0, 0, 0]","[0.06993234902620316, 0.03876186162233353, 0.06733929365873337, -0.04606689512729645, -0.18960070610046387, 0.059634018689394]","[0.06993234902620316, 0.03876186162233353, 0.06733929365873337, -0.04606689512729645, -0.18960070610046387, 0.059634018689394]","[0.06993234902620316, 0.03876186162233353, 0.06733929365873337, -0.04606689512729645, -0.18960070610046387, 0.059634018689394]",1,1,True,"['A', 'C']","['A', 'C']"
5a8a2ebc5542996c9b8d5e33::working_set_pack_a,5a8a2ebc5542996c9b8d5e33,"['A', 'B', 'C', 'D', 'E', 'F']","[0, 0, 1, 0, 1, 0]","[-0.020720481872558594, -0.002032667864114046, -0.02529148943722248, -0.01577785052359104, 0.08058524131774902, -0.01676275208592415]","[0.020720481872558594, 0.002032667864114046, 0.02529148943722248, 0.01577785052359104, -0.08058524131774902, 0.01676275208592415]","[0.020720481872558594, 0.002032667864114046, 0.02529148943722248, 0.01577785052359104, -0.08058524131774902, 0.01676275208592415]",-1,1,False,"['A', 'C']","['C', 'E']"
5a8a2ebc5542996c9b8d5e33::active_set_pack_a,5a8a2ebc5542996c9b8d5e33,"['A', 'B', 'C', 'D', 'E', 'F']","[0, 0, 1, 0, 1, 0]","[-0.03201346471905708, -0.016967402771115303, -0.024767132475972176, -0.027230121195316315, 0.1289653331041336, -0.02798725664615631]","[0.03201346471905708, 0.016967402771115303, 0.024767132475972176, 0.027230121195316315, -0.1289653331041336, 0.02798725664615631]","[0.03201346471905708, 0.016967402771115303, 0.024767132475972176, 0.027230121195316315, -0.1289653331041336, 0.02798725664615631]",-1,1,False,"['A', 'C']","['C', 'E']"
5a8a2ebc5542996c9b8d5e33::working_set_pack_b,5a8a2ebc5542996c9b8d5e33,"['A', 'B', 'C', 'D', 'E', 'F']","[0, 0, 1, 0, 1, 0]","[-0.05081647261977196, -0.040421754121780396, -0.03942051902413368, -0.04652080312371254, 0.2243088334798813, -0.04712928831577301]","[0.05081647261977196, 0.040421754121780396, 0.03942051902413368, 0.04652080312371254, -0.2243088334798813, 0.04712928831577301]","[0.05081647261977196, 0.040421754121780396, 0.03942051902413368, 0.04652080312371254, -0.2243088334798813, 0.04712928831577301]",-1,1,False,"['A', 'C']","['C', 'E']"
5a8a2ebc5542996c9b8d5e33::active_set_pack_b,5a8a2ebc5542996c9b8d5e33,"['A', 'B', 'C', 'D', 'E', 'F']","[0, 0, 1, 0, 1, 0]","[-0.06917788088321686, -0.06012309342622757, 0.1364518254995346, -0.06622298806905746, 0.12416395545005798, -0.06509178131818771]","[-0.06917788088321686, -0.06012309342622757, 0.1364518254995346, -0.06622298806905746, 0.12416395545005798, -0.06509178131818771]","[0.06917788088321686, 0.06012309342622757, -0.1364518254995346, 0.06622298806905746, -0.12416395545005798, 0.06509178131818771]",-1,-1,False,"['A', 'C']","['C', 'E']"
5add28c85542992ae4cec4be::working_set_pack_a,5add28c85542992ae4cec4be,"['A', 'B', 'C', 'D', 'E', 'F']","[0, 0, 1, 0, 0, 1]","[-0.13682159781455994, -0.13511039316654205, -0.13092295825481415, -0.1351180523633957, -0.1367644965648651, 0.6747373342514038]","[-0.13682159781455994, -0.13511039316654205, -0.13092295825481415, -0.1351180523633957, -0.1367644965648651, 0.6747373342514038]","[-0.13682159781455994, -0.13511039316654205, -0.13092295825481415, -0.1351180523633957, -0.1367644965648651, 0.6747373342514038]",1,1,False,"['A', 'F']","['C', 'F']"
5add28c85542992ae4cec4be::active_set_pack_a,5add28c85542992ae4cec4be,"['A', 'B', 'C', 'D', 'E', 'F']","[0, 0, 1, 0, 0, 1]","[-0.13805948197841644, -0.1376446634531021, -0.1337677389383316, -0.13712242245674133, -0.1380186378955841, 0.6846128702163696]","[-0.13805948197841644, -0.1376446634531021, -0.1337677389383316, -0.13712242245674133, -0.1380186378955841, 0.6846128702163696]","[-0.13805948197841644, -0.1376446634531021, -0.1337677389383316, -0.13712242245674133, -0.1380186378955841, 0.6846128702163696]",1,1,False,"['A', 'F']","['C', 'F']"
5add28c85542992ae4cec4be::working_set_pack_b,5add28c85542992ae4cec4be,"['A', 'B', 'C', 'D', 'E', 'F']","[0, 0, 1, 0, 0, 1]","[-0.09035250544548035, -0.08840157091617584, -0.08453065156936646, -0.08862865716218948, -0.09005418419837952, 0.44196754693984985]","[-0.09035250544548035, -0.08840157091617584, -0.08453065156936646, -0.08862865716218948, -0.09005418419837952, 0.44196754693984985]","[-0.09035250544548035, -0.08840157091617584, -0.08453065156936646, -0.08862865716218948, -0.09005418419837952, 0.44196754693984985]",1,1,False,"['A', 'F']","['C', 'F']"
5add28c85542992ae4cec4be::active_set_pack_b,5add28c85542992ae4cec4be,"['A', 'B', 'C', 'D', 'E', 'F']","[0, 0, 1, 0, 0, 1]","[-0.14799600839614868, -0.14605587720870972, -0.1395096778869629, -0.14655297994613647, -0.14752298593521118, 0.7276374101638794]","[-0.14799600839614868, -0.14605587720870972, -0.1395096778869629, -0.14655297994613647, -0.14752298593521118, 0.7276374101638794]","[-0.14799600839614868, -0.14605587720870972, -0.1395096778869629, -0.14655297994613647, -0.14752298593521118, 0.7276374101638794]",1,1,False,"['A', 'F']","['C', 'F']"
5ae78ec5554299540e5a5605::working_set_pack_a,5ae78ec5554299540e5a5605,"['A', 'B', 'C', 'D', 'E', 'F']","[0, 0, 1, 1, 0, 0]","[-0.03648664057254791, -0.030810119584202766, -0.03064361959695816, 0.16313786804676056, -0.03215906769037247, -0.03303845226764679]","[-0.03648664057254791, -0.030810119584202766, -0.03064361959695816, 0.16313786804676056, -0.03215906769037247, -0.03303845226764679]","[0.03648664057254791, 0.030810119584202766, 0.03064361959695816, -0.16313786804676056, 0.03215906769037247, 0.03303845226764679]",-1,-1,False,"['A', 'D']","['C', 'D']"
5ae78ec5554299540e5a5605::active_set_pack_a,5ae78ec5554299540e5a5605,"['A', 'B', 'C', 'D', 'E', 'F']","[0, 0, 1, 1, 0, 0]","[-0.03258659318089485, -0.02447132207453251, -0.023144951090216637, 0.13207556307315826, -0.025238463655114174, -0.02663424052298069]","[-0.03258659318089485, -0.02447132207453251, -0.023144951090216637, 0.13207556307315826, -0.025238463655114174, -0.02663424052298069]","[0.03258659318089485, 0.02447132207453251, 0.023144951090216637, -0.13207556307315826, 0.025238463655114174, 0.02663424052298069]",-1,-1,False,"['A', 'D']","['C', 'D']"
5ae78ec5554299540e5a5605::working_set_pack_b,5ae78ec5554299540e5a5605,"['A', 'B', 'C', 'D', 'E', 'F']","[0, 0, 1, 1, 0, 0]","[-0.042938344180583954, -0.022985830903053284, -0.020168477669358253, 0.13565953075885773, -0.023454327136278152, -0.026112545281648636]","[-0.042938344180583954, -0.022985830903053284, -0.020168477669358253, 0.13565953075885773, -0.023454327136278152, -0.026112545281648636]","[0.042938344180583954, 0.022985830903053284, 0.020168477669358253, -0.13565953075885773, 0.023454327136278152, 0.026112545281648636]",-1,-1,False,"['A', 'D']","['C', 'D']"
5ae78ec5554299540e5a5605::active_set_pack_b,5ae78ec5554299540e5a5605,"['A', 'B', 'C', 'D', 'E', 'F']","[0, 0, 1, 1, 0, 0]","[-0.028953537344932556, -0.015801411122083664, -0.014413660392165184, 0.09380192309617996, -0.016018744558095932, -0.01861453801393509]","[-0.028953537344932556, -0.015801411122083664, -0.014413660392165184, 0.09380192309617996, -0.016018744558095932, -0.01861453801393509]","[0.028953537344932556, 0.015801411122083664, 0.014413660392165184, -0.09380192309617996, 0.016018744558095932, 0.01861453801393509]",-1,-1,False,"['A', 'D']","['C', 'D']"
5a7a52745542996c55b2dd4f::working_set_pack_a,5a7a52745542996c55b2dd4f,"['A', 'B', 'C', 'D', 'E', 'F']","[1, 0, 0, 1, 0, 0]","[0.029152536764740944, 0.025520620867609978, 0.026335442438721657, 0.018284926190972328, 0.02496705763041973, -0.1242605671286583]","[-0.029152536764740944, -0.025520620867609978, -0.026335442438721657, -0.018284926190972328, -0.02496705763041973, 0.1242605671286583]","[-0.029152536764740944, -0.025520620867609978, -0.026335442438721657, -0.018284926190972328, -0.02496705763041973, 0.1242605671286583]",-1,1,False,"['A', 'F']","['A', 'D']"
5a7a52745542996c55b2dd4f::active_set_pack_a,5a7a52745542996c55b2dd4f,"['A', 'B', 'C', 'D', 'E', 'F']","[1, 0, 0, 1, 0, 0]","[0.025007355958223343, 0.020470991730690002, 0.02177647314965725, 0.014897231943905354, 0.020448705181479454, -0.10260073095560074]","[-0.025007355958223343, -0.020470991730690002, -0.02177647314965725, -0.014897231943905354, -0.020448705181479454, 0.10260073095560074]","[0.025007355958223343, 0.020470991730690002, 0.02177647314965725, 0.014897231943905354, 0.020448705181479454, -0.10260073095560074]",1,-1,False,"['A', 'F']","['A', 'D']"
5a7a52745542996c55b2dd4f::working_set_pack_b,5a7a52745542996c55b2dd4f,"['A', 'B', 'C', 'D', 'E', 'F']","[1, 0, 0, 1, 0, 0]","[0.022476159036159515, 0.01757490262389183, 0.012689302675426006, 0.007387541234493256, 0.011339870281517506, -0.0714677944779396]","[0.022476159036159515, 0.01757490262389183, 0.012689302675426006, 0.007387541234493256, 0.011339870281517506, -0.0714677944779396]","[-0.022476159036159515, -0.01757490262389183, -0.012689302675426006, -0.007387541234493256, -0.011339870281517506, 0.0714677944779396]",-1,-1,False,"['A', 'B']","['A', 'D']"
5a7a52745542996c55b2dd4f::active_set_pack_b,5a7a52745542996c55b2dd4f,"['A', 'B', 'C', 'D', 'E', 'F']","[1, 0, 0, 1, 0, 0]","[0.025353694334626198, 0.01891188882291317, 0.019992850720882416, 0.012036286294460297, 0.01899917982518673, -0.09529388695955276]","[-0.025353694334626198, -0.01891188882291317, -0.019992850720882416, -0.012036286294460297, -0.01899917982518673, 0.09529388695955276]","[-0.025353694334626198, -0.01891188882291317, -0.019992850720882416, -0.012036286294460297, -0.01899917982518673, 0.09529388695955276]",-1,1,False,"['A', 'F']","['A', 'D']"
5a74248855429929fddd83e5::working_set_pack_a,5a74248855429929fddd83e5,"['A', 'B', 'C', 'D', 'E', 'F']","[0, 0, 0, 0, 1, 1]","[-0.06677263230085373, -0.06813409179449081, -0.09058593958616257, -0.06700398027896881, 0.3435733914375305, -0.05107678845524788]","[-0.06677263230085373, -0.06813409179449081, -0.09058593958616257, -0.06700398027896881, 0.3435733914375305, -0.05107678845524788]","[-0.06677263230085373, -0.06813409179449081, -0.09058593958616257, -0.06700398027896881, 0.3435733914375305, -0.05107678845524788]",1,1,False,"['A', 'E']","['E', 'F']"
5a74248855429929fddd83e5::active_set_pack_a,5a74248855429929fddd83e5,"['A', 'B', 'C', 'D', 'E', 'F']","[0, 0, 0, 0, 1, 1]","[-0.06404106318950653, -0.06520627439022064, -0.09320183098316193, -0.06436056643724442, 0.3362211585044861, -0.049411460757255554]","[-0.06404106318950653, -0.06520627439022064, -0.09320183098316193, -0.06436056643724442, 0.3362211585044861, -0.049411460757255554]","[-0.06404106318950653, -0.06520627439022064, -0.09320183098316193, -0.06436056643724442, 0.3362211585044861, -0.049411460757255554]",1,1,False,"['A', 'E']","['E', 'F']"
5a74248855429929fddd83e5::working_set_pack_b,5a74248855429929fddd83e5,"['A', 'B', 'C', 'D', 'E', 'F']","[0, 0, 0, 0, 1, 1]","[-0.06606937944889069, -0.06731262803077698, -0.08030039072036743, -0.06550490111112595, 0.3358631134033203, -0.056675780564546585]","[-0.06606937944889069, -0.06731262803077698, -0.08030039072036743, -0.06550490111112595, 0.3358631134033203, -0.056675780564546585]","[-0.06606937944889069, -0.06731262803077698, -0.08030039072036743, -0.06550490111112595, 0.3358631134033203, -0.056675780564546585]",1,1,False,"['A', 'E']","['E', 'F']"
5a74248855429929fddd83e5::active_set_pack_b,5a74248855429929fddd83e5,"['A', 'B', 'C', 'D', 'E', 'F']","[0, 0, 0, 0, 1, 1]","[-0.12050796300172806, -0.12318186461925507, -0.12316903471946716, -0.11979662626981735, 0.5914718508720398, -0.10481644421815872]","[-0.12050796300172806, -0.12318186461925507, -0.12316903471946716, -0.11979662626981735, 0.5914718508720398, -0.10481644421815872]","[0.12050796300172806, 0.12318186461925507, 0.12316903471946716, 0.11979662626981735, -0.5914718508720398, 0.10481644421815872]",-1,-1,False,"['A', 'E']","['E', 'F']"
5abd04f15542996e802b467e::working_set_pack_a,5abd04f15542996e802b467e,"['A', 'B', 'C', 'D', 'E', 'F']","[0, 0, 0, 0, 1, 1]","[-0.005817167926579714, -0.01378670148551464, -0.010951977223157883, -0.007926559075713158, -0.004048134200274944, 0.042530544102191925]","[-0.005817167926579714, -0.01378670148551464, -0.010951977223157883, -0.007926559075713158, -0.004048134200274944, 0.042530544102191925]","[0.005817167926579714, 0.01378670148551464, 0.010951977223157883, 0.007926559075713158, 0.004048134200274944, -0.042530544102191925]",-1,-1,False,"['A', 'F']","['E', 'F']"
5abd04f15542996e802b467e::active_set_pack_a,5abd04f15542996e802b467e,"['A', 'B', 'C', 'D', 'E', 'F']","[0, 0, 0, 0, 1, 1]","[-0.004698977340012789, -0.014647075906395912, -0.010374204255640507, -0.008684303611516953, -0.003676998894661665, 0.0420815646648407]","[-0.004698977340012789, -0.014647075906395912, -0.010374204255640507, -0.008684303611516953, -0.003676998894661665, 0.0420815646648407]","[0.004698977340012789, 0.014647075906395912, 0.010374204255640507, 0.008684303611516953, 0.003676998894661665, -0.0420815646648407]",-1,-1,False,"['A', 'F']","['E', 'F']"
5abd04f15542996e802b467e::working_set_pack_b,5abd04f15542996e802b467e,"['A', 'B', 'C', 'D', 'E', 'F']","[0, 0, 0, 0, 1, 1]","[-0.004100779537111521, -0.014249569736421108, -0.008474620059132576, -0.008985495194792747, -0.004782590549439192, 0.040593042969703674]","[-0.004100779537111521, -0.014249569736421108, -0.008474620059132576, -0.008985495194792747, -0.004782590549439192, 0.040593042969703674]","[0.004100779537111521, 0.014249569736421108, 0.008474620059132576, 0.008985495194792747, 0.004782590549439192, -0.040593042969703674]",-1,-1,False,"['A', 'F']","['E', 'F']"
5abd04f15542996e802b467e::active_set_pack_b,5abd04f15542996e802b467e,"['A', 'B', 'C', 'D', 'E', 'F']","[0, 0, 0, 0, 1, 1]","[-0.010410787537693977, -0.01237738598138094, -0.012808443047106266, -0.008295859210193157, -0.00385317113250494, 0.04774564877152443]","[-0.010410787537693977, -0.01237738598138094, -0.012808443047106266, -0.008295859210193157, -0.00385317113250494, 0.04774564877152443]","[0.010410787537693977, 0.01237738598138094, 0.012808443047106266, 0.008295859210193157, 0.00385317113250494, -0.04774564877152443]",-1,-1,False,"['A', 'F']","['E', 'F']"
5ac3ad225542995ef918c1da::working_set_pack_a,5ac3ad225542995ef918c1da,"['A', 'B', 'C', 'D', 'E', 'F']","[0, 1, 1, 0, 0, 0]","[-0.03386048972606659, 0.026181556284427643, 0.005246905144304037, -0.0024343898985534906, -0.0030128832440823317, 0.007879274897277355]","[0.03386048972606659, -0.026181556284427643, -0.005246905144304037, 0.0024343898985534906, 0.0030128832440823317, -0.007879274897277355]","[-0.03386048972606659, 0.026181556284427643, 0.005246905144304037, -0.0024343898985534906, -0.0030128832440823317, 0.007879274897277355]",1,-1,False,"['A', 'B']","['B', 'C']"
5ac3ad225542995ef918c1da::active_set_pack_a,5ac3ad225542995ef918c1da,"['A', 'B', 'C', 'D', 'E', 'F']","[0, 1, 1, 0, 0, 0]","[-0.01917136088013649, -0.004663672763854265, 0.04242895543575287, -0.007365602999925613, -0.0051276893354952335, -0.006100631784647703]","[0.01917136088013649, 0.004663672763854265, -0.04242895543575287, 0.007365602999925613, 0.0051276893354952335, 0.006100631784647703]","[-0.01917136088013649, -0.004663672763854265, 0.04242895543575287, -0.007365602999925613, -0.0051276893354952335, -0.006100631784647703]",1,-1,False,"['A', 'B']","['B', 'C']"
5ac3ad225542995ef918c1da::working_set_pack_b,5ac3ad225542995ef918c1da,"['A', 'B', 'C', 'D', 'E', 'F']","[0, 1, 1, 0, 0, 0]","[-0.033077191561460495, 0.015806755051016808, 0.008180547505617142, -0.0015301537932828069, -0.0017626960761845112, 0.01238273736089468]","[0.033077191561460495, -0.015806755051016808, -0.008180547505617142, 0.0015301537932828069, 0.0017626960761845112, -0.01238273736089468]","[-0.033077191561460495, 0.015806755051016808, 0.008180547505617142, -0.0015301537932828069, -0.0017626960761845112, 0.01238273736089468]",1,-1,False,"['A', 'B']","['B', 'C']"
5ac3ad225542995ef918c1da::active_set_pack_b,5ac3ad225542995ef918c1da,"['A', 'B', 'C', 'D', 'E', 'F']","[0, 1, 1, 0, 0, 0]","[-0.013637000694870949, -0.015920370817184448, 0.04572378098964691, -0.006634295452386141, -0.0034986347891390324, -0.006033489014953375]","[0.013637000694870949, 0.015920370817184448, -0.04572378098964691, 0.006634295452386141, 0.0034986347891390324, 0.006033489014953375]","[0.013637000694870949, 0.015920370817184448, -0.04572378098964691, 0.006634295452386141, 0.0034986347891390324, 0.006033489014953375]",-1,1,False,"['A', 'B']","['B', 'C']"
5a736bfa5542991f29ee2e03::working_set_pack_a,5a736bfa5542991f29ee2e03,"['A', 'B', 'C', 'D', 'E', 'F']","[1, 0, 1, 0, 0, 0]","[0.01333549339324236, 0.012903580442070961, 0.01586342044174671, 0.010660398751497269, 0.005582807119935751, -0.0583457350730896]","[0.01333549339324236, 0.012903580442070961, 0.01586342044174671, 0.010660398751497269, 0.005582807119935751, -0.0583457350730896]","[0.01333549339324236, 0.012903580442070961, 0.01586342044174671, 0.010660398751497269, 0.005582807119935751, -0.0583457350730896]",1,1,True,"['A', 'C']","['A', 'C']"
5a736bfa5542991f29ee2e03::active_set_pack_a,5a736bfa5542991f29ee2e03,"['A', 'B', 'C', 'D', 'E', 'F']","[1, 0, 1, 0, 0, 0]","[0.013091164641082287, 0.010177342221140862, 0.016924327239394188, 0.006330111064016819, 0.002303134882822633, -0.04882611334323883]","[0.013091164641082287, 0.010177342221140862, 0.016924327239394188, 0.006330111064016819, 0.002303134882822633, -0.04882611334323883]","[0.013091164641082287, 0.010177342221140862, 0.016924327239394188, 0.006330111064016819, 0.002303134882822633, -0.04882611334323883]",1,1,True,"['A', 'C']","['A', 'C']"
5a736bfa5542991f29ee2e03::working_set_pack_b,5a736bfa5542991f29ee2e03,"['A', 'B', 'C', 'D', 'E', 'F']","[1, 0, 1, 0, 0, 0]","[0.033336393535137177, -0.013517928309738636, 0.019773442298173904, -0.008912784047424793, -0.009159956127405167, -0.021519167348742485]","[0.033336393535137177, -0.013517928309738636, 0.019773442298173904, -0.008912784047424793, -0.009159956127405167, -0.021519167348742485]","[-0.033336393535137177, 0.013517928309738636, -0.019773442298173904, 0.008912784047424793, 0.009159956127405167, 0.021519167348742485]",-1,-1,True,"['A', 'C']","['A', 'C']"
5a736bfa5542991f29ee2e03::active_set_pack_b,5a736bfa5542991f29ee2e03,"['A', 'B', 'C', 'D', 'E', 'F']","[1, 0, 1, 0, 0, 0]","[0.013282411731779575, 0.011398633010685444, 0.013028600253164768, 0.008195742964744568, 0.0047148424200713634, -0.050620246678590775]","[0.013282411731779575, 0.011398633010685444, 0.013028600253164768, 0.008195742964744568, 0.0047148424200713634, -0.050620246678590775]","[0.013282411731779575, 0.011398633010685444, 0.013028600253164768, 0.008195742964744568, 0.0047148424200713634, -0.050620246678590775]",1,1,True,"['A', 'C']","['A', 'C']"
5a7a0a965542996c55b2dce7::working_set_pack_a,5a7a0a965542996c55b2dce7,"['A', 'B', 'C', 'D', 'E', 'F']","[0, 1, 0, 0, 1, 0]","[-0.026744375005364418, 0.009177283383905888, 0.000511127698700875, 0.0030091749504208565, 0.010743639431893826, 0.0033031415659934282]","[0.026744375005364418, -0.009177283383905888, -0.000511127698700875, -0.0030091749504208565, -0.010743639431893826, -0.0033031415659934282]","[-0.026744375005364418, 0.009177283383905888, 0.000511127698700875, 0.0030091749504208565, 0.010743639431893826, 0.0033031415659934282]",1,-1,False,"['A', 'E']","['B', 'E']"
5a7a0a965542996c55b2dce7::active_set_pack_a,5a7a0a965542996c55b2dce7,"['A', 'B', 'C', 'D', 'E', 'F']","[0, 1, 0, 0, 1, 0]","[-0.027232784777879715, 0.0019727591425180435, 0.003931174520403147, 0.006300927605479956, 0.007446530740708113, 0.007581395097076893]","[0.027232784777879715, -0.0019727591425180435, -0.003931174520403147, -0.006300927605479956, -0.007446530740708113, -0.007581395097076893]","[-0.027232784777879715, 0.0019727591425180435, 0.003931174520403147, 0.006300927605479956, 0.007446530740708113, 0.007581395097076893]",1,-1,False,"['A', 'E']","['B', 'E']"
5a7a0a965542996c55b2dce7::working_set_pack_b,5a7a0a965542996c55b2dce7,"['A', 'B', 'C', 'D', 'E', 'F']","[0, 1, 0, 0, 1, 0]","[0.016014911234378815, 0.0231148861348629, -0.010455366224050522, -0.011583753861486912, -0.002923941006883979, -0.014166738837957382]","[0.016014911234378815, 0.0231148861348629, -0.010455366224050522, -0.011583753861486912, -0.002923941006883979, -0.014166738837957382]","[-0.016014911234378815, -0.0231148861348629, 0.010455366224050522, 0.011583753861486912, 0.002923941006883979, 0.014166738837957382]",-1,-1,False,"['A', 'E']","['B', 'E']"
5a7a0a965542996c55b2dce7::active_set_pack_b,5a7a0a965542996c55b2dce7,"['A', 'B', 'C', 'D', 'E', 'F']","[0, 1, 0, 0, 1, 0]","[-0.009420192800462246, 0.051126912236213684, -0.011744490824639797, -0.012044752016663551, -0.003768244991078973, -0.014149250462651253]","[0.009420192800462246, -0.051126912236213684, 0.011744490824639797, 0.012044752016663551, 0.003768244991078973, 0.014149250462651253]","[0.009420192800462246, -0.051126912236213684, 0.011744490824639797, 0.012044752016663551, 0.003768244991078973, 0.014149250462651253]",-1,1,False,"['A', 'E']","['B', 'E']"
5a8ae49155429951533613a3::working_set_pack_a,5a8ae49155429951533613a3,"['A', 'B', 'C', 'D', 'E', 'F']","[1, 0, 1, 0, 0, 0]","[-0.0239387359470129, -0.007667130790650845, 0.07056409120559692, -0.006091490853577852, -0.020523907616734505, -0.012342823669314384]","[-0.0239387359470129, -0.007667130790650845, 0.07056409120559692, -0.006091490853577852, -0.020523907616734505, -0.012342823669314384]","[-0.0239387359470129, -0.007667130790650845, 0.07056409120559692, -0.006091490853577852, -0.020523907616734505, -0.012342823669314384]",1,1,True,"['A', 'C']","['A', 'C']"
5a8ae49155429951533613a3::active_set_pack_a,5a8ae49155429951533613a3,"['A', 'B', 'C', 'D', 'E', 'F']","[1, 0, 1, 0, 0, 0]","[-0.025608420372009277, -0.00153604825027287, 0.05830023065209389, -0.0002577464038040489, -0.0219879150390625, -0.00891009159386158]","[-0.025608420372009277, -0.00153604825027287, 0.05830023065209389, -0.0002577464038040489, -0.0219879150390625, -0.00891009159386158]","[-0.025608420372009277, -0.00153604825027287, 0.05830023065209389, -0.0002577464038040489, -0.0219879150390625, -0.00891009159386158]",1,1,True,"['A', 'C']","['A', 'C']"
5a8ae49155429951533613a3::working_set_pack_b,5a8ae49155429951533613a3,"['A', 'B', 'C', 'D', 'E', 'F']","[1, 0, 1, 0, 0, 0]","[0.04918206110596657, -0.013466420583426952, -0.01775132678449154, -0.01641707681119442, 0.0054402099922299385, -0.006987454369664192]","[0.04918206110596657, -0.013466420583426952, -0.01775132678449154, -0.01641707681119442, 0.0054402099922299385, -0.006987454369664192]","[-0.04918206110596657, 0.013466420583426952, 0.01775132678449154, 0.01641707681119442, -0.0054402099922299385, 0.006987454369664192]",-1,-1,True,"['A', 'C']","['A', 'C']"
5a8ae49155429951533613a3::active_set_pack_b,5a8ae49155429951533613a3,"['A', 'B', 'C', 'D', 'E', 'F']","[1, 0, 1, 0, 0, 0]","[0.0557621531188488, -0.012432914227247238, -0.02263820730149746, -0.01611153781414032, 0.002988256048411131, -0.0075677502900362015]","[0.0557621531188488, -0.012432914227247238, -0.02263820730149746, -0.01611153781414032, 0.002988256048411131, -0.0075677502900362015]","[-0.0557621531188488, 0.012432914227247238, 0.02263820730149746, 0.01611153781414032, -0.002988256048411131, 0.0075677502900362015]",-1,-1,True,"['A', 'C']","['A', 'C']"
5ab99943554299131ca42391::working_set_pack_a,5ab99943554299131ca42391,"['A', 'B', 'C', 'D', 'E', 'F']","[1, 0, 0, 0, 0, 1]","[-0.02603265270590782, -0.025445526465773582, -0.025075579062104225, -0.025591319426894188, -0.024076830595731735, 0.1262218952178955]","[-0.02603265270590782, -0.025445526465773582, -0.025075579062104225, -0.025591319426894188, -0.024076830595731735, 0.1262218952178955]","[0.02603265270590782, 0.025445526465773582, 0.025075579062104225, 0.025591319426894188, 0.024076830595731735, -0.1262218952178955]",-1,-1,True,"['A', 'F']","['A', 'F']"
5ab99943554299131ca42391::active_set_pack_a,5ab99943554299131ca42391,"['A', 'B', 'C', 'D', 'E', 'F']","[1, 0, 0, 0, 0, 1]","[-0.021487580612301826, -0.020942458882927895, -0.020656967535614967, -0.021109173074364662, -0.01934470236301422, 0.10354085266590118]","[-0.021487580612301826, -0.020942458882927895, -0.020656967535614967, -0.021109173074364662, -0.01934470236301422, 0.10354085266590118]","[0.021487580612301826, 0.020942458882927895, 0.020656967535614967, 0.021109173074364662, 0.01934470236301422, -0.10354085266590118]",-1,-1,True,"['A', 'F']","['A', 'F']"
5ab99943554299131ca42391::working_set_pack_b,5ab99943554299131ca42391,"['A', 'B', 'C', 'D', 'E', 'F']","[1, 0, 0, 0, 0, 1]","[-0.01809949241578579, -0.017500832676887512, -0.017396219074726105, -0.017576351761817932, -0.01707594282925129, 0.08764880150556564]","[-0.01809949241578579, -0.017500832676887512, -0.017396219074726105, -0.017576351761817932, -0.01707594282925129, 0.08764880150556564]","[-0.01809949241578579, -0.017500832676887512, -0.017396219074726105, -0.017576351761817932, -0.01707594282925129, 0.08764880150556564]",1,1,True,"['A', 'F']","['A', 'F']"
5ab99943554299131ca42391::active_set_pack_b,5ab99943554299131ca42391,"['A', 'B', 'C', 'D', 'E', 'F']","[1, 0, 0, 0, 0, 1]","[-0.028747202828526497, -0.027363374829292297, -0.028035111725330353, -0.028170758858323097, -0.02836739644408226, 0.14068388938903809]","[-0.028747202828526497, -0.027363374829292297, -0.028035111725330353, -0.028170758858323097, -0.02836739644408226, 0.14068388938903809]","[-0.028747202828526497, -0.027363374829292297, -0.028035111725330353, -0.028170758858323097, -0.02836739644408226, 0.14068388938903809]",1,1,True,"['A', 'F']","['A', 'F']"
5ab70446554299110f219a94::working_set_pack_a,5ab70446554299110f219a94,"['A', 'B', 'C', 'D', 'E', 'F']","[0, 0, 1, 0, 0, 1]","[0.03517666086554527, 0.03532937169075012, 0.03481190279126167, 0.035972028970718384, -0.17891234159469604, 0.03762241452932358]","[0.03517666086554527, 0.03532937169075012, 0.03481190279126167, 0.035972028970718384, -0.17891234159469604, 0.03762241452932358]","[0.03517666086554527, 0.03532937169075012, 0.03481190279126167, 0.035972028970718384, -0.17891234159469604, 0.03762241452932358]",1,1,False,"['A', 'F']","['C', 'F']"
5ab70446554299110f219a94::active_set_pack_a,5ab70446554299110f219a94,"['A', 'B', 'C', 'D', 'E', 'F']","[0, 0, 1, 0, 0, 1]","[0.03451933711767197, 0.034645237028598785, 0.03405240178108215, 0.03458636999130249, -0.1749398410320282, 0.037136513739824295]","[0.03451933711767197, 0.034645237028598785, 0.03405240178108215, 0.03458636999130249, -0.1749398410320282, 0.037136513739824295]","[0.03451933711767197, 0.034645237028598785, 0.03405240178108215, 0.03458636999130249, -0.1749398410320282, 0.037136513739824295]",1,1,False,"['A', 'F']","['C', 'F']"
5ab70446554299110f219a94::working_set_pack_b,5ab70446554299110f219a94,"['A', 'B', 'C', 'D', 'E', 'F']","[0, 0, 1, 0, 0, 1]","[0.0449235625565052, 0.04458033666014671, 0.04383840784430504, 0.04610661044716835, -0.2214113175868988, 0.041962433606386185]","[0.0449235625565052, 0.04458033666014671, 0.04383840784430504, 0.04610661044716835, -0.2214113175868988, 0.041962433606386185]","[0.0449235625565052, 0.04458033666014671, 0.04383840784430504, 0.04610661044716835, -0.2214113175868988, 0.041962433606386185]",1,1,False,"['A', 'F']","['C', 'F']"
5ab70446554299110f219a94::active_set_pack_b,5ab70446554299110f219a94,"['A', 'B', 'C', 'D', 'E', 'F']","[0, 0, 1, 0, 0, 1]","[0.010903126560151577, 0.011455918662250042, 0.010901156812906265, 0.013113658875226974, -0.13240958750247955, 0.08603571355342865]","[0.010903126560151577, 0.011455918662250042, 0.010901156812906265, 0.013113658875226974, -0.13240958750247955, 0.08603571355342865]","[0.010903126560151577, 0.011455918662250042, 0.010901156812906265, 0.013113658875226974, -0.13240958750247955, 0.08603571355342865]",1,1,False,"['A', 'F']","['C', 'F']"
5ae6038155429929b0807a55::working_set_pack_a,5ae6038155429929b0807a55,"['A', 'B', 'C', 'D', 'E', 'F']","[0, 0, 1, 1, 0, 0]","[-0.007521685678511858, -0.0061357165686786175, 0.03709472715854645, -0.010550448670983315, -0.0028776999097317457, -0.01000917237251997]","[0.007521685678511858, 0.0061357165686786175, -0.03709472715854645, 0.010550448670983315, 0.0028776999097317457, 0.01000917237251997]","[0.007521685678511858, 0.0061357165686786175, -0.03709472715854645, 0.010550448670983315, 0.0028776999097317457, 0.01000917237251997]",-1,1,False,"['A', 'D']","['C', 'D']"
5ae6038155429929b0807a55::active_set_pack_a,5ae6038155429929b0807a55,"['A', 'B', 'C', 'D', 'E', 'F']","[0, 0, 1, 1, 0, 0]","[-0.006716946139931679, -0.005635461304336786, 0.035987645387649536, -0.009198597632348537, -0.0036466121673583984, -0.010790014639496803]","[0.006716946139931679, 0.005635461304336786, -0.035987645387649536, 0.009198597632348537, 0.0036466121673583984, 0.010790014639496803]","[0.006716946139931679, 0.005635461304336786, -0.035987645387649536, 0.009198597632348537, 0.0036466121673583984, 0.010790014639496803]",-1,1,False,"['A', 'D']","['C', 'D']"
5ae6038155429929b0807a55::working_set_pack_b,5ae6038155429929b0807a55,"['A', 'B', 'C', 'D', 'E', 'F']","[0, 0, 1, 1, 0, 0]","[-0.004065586254000664, -0.0034084583166986704, 0.033602166920900345, -0.00771992327645421, -0.004945409018546343, -0.013462775386869907]","[0.004065586254000664, 0.0034084583166986704, -0.033602166920900345, 0.00771992327645421, 0.004945409018546343, 0.013462775386869907]","[0.004065586254000664, 0.0034084583166986704, -0.033602166920900345, 0.00771992327645421, 0.004945409018546343, 0.013462775386869907]",-1,1,False,"['A', 'D']","['C', 'D']"
5ae6038155429929b0807a55::active_set_pack_b,5ae6038155429929b0807a55,"['A', 'B', 'C', 'D', 'E', 'F']","[0, 0, 1, 1, 0, 0]","[0.0071670678444206715, -0.04035549238324165, 0.006617785431444645, 0.009271195158362389, 0.008620880544185638, 0.008678586222231388]","[0.0071670678444206715, -0.04035549238324165, 0.006617785431444645, 0.009271195158362389, 0.008620880544185638, 0.008678586222231388]","[0.0071670678444206715, -0.04035549238324165, 0.006617785431444645, 0.009271195158362389, 0.008620880544185638, 0.008678586222231388]",1,1,False,"['A', 'C']","['C', 'D']"
5a71458e5542994082a3e738::working_set_pack_a,5a71458e5542994082a3e738,"['A', 'B', 'C', 'D', 'E', 'F']","[0, 0, 0, 1, 0, 1]","[-0.06504207849502563, -0.06467028707265854, -0.06492217630147934, -0.05608366057276726, -0.08357232064008713, 0.3342905342578888]","[-0.06504207849502563, -0.06467028707265854, -0.06492217630147934, -0.05608366057276726, -0.08357232064008713, 0.3342905342578888]","[-0.06504207849502563, -0.06467028707265854, -0.06492217630147934, -0.05608366057276726, -0.08357232064008713, 0.3342905342578888]",1,1,False,"['A', 'F']","['D', 'F']"
5a71458e5542994082a3e738::active_set_pack_a,5a71458e5542994082a3e738,"['A', 'B', 'C', 'D', 'E', 'F']","[0, 0, 0, 1, 0, 1]","[-0.045903630554676056, -0.045702703297138214, -0.046037424355745316, -0.040901876986026764, -0.07510906457901001, 0.2536546587944031]","[-0.045903630554676056, -0.045702703297138214, -0.046037424355745316, -0.040901876986026764, -0.07510906457901001, 0.2536546587944031]","[-0.045903630554676056, -0.045702703297138214, -0.046037424355745316, -0.040901876986026764, -0.07510906457901001, 0.2536546587944031]",1,1,False,"['A', 'F']","['D', 'F']"
5a71458e5542994082a3e738::working_set_pack_b,5a71458e5542994082a3e738,"['A', 'B', 'C', 'D', 'E', 'F']","[0, 0, 0, 1, 0, 1]","[0.029857562854886055, 0.030260439962148666, 0.029372522607445717, 0.03055095486342907, -0.20521485805511475, 0.08517338335514069]","[0.029857562854886055, 0.030260439962148666, 0.029372522607445717, 0.03055095486342907, -0.20521485805511475, 0.08517338335514069]","[0.029857562854886055, 0.030260439962148666, 0.029372522607445717, 0.03055095486342907, -0.20521485805511475, 0.08517338335514069]",1,1,False,"['A', 'F']","['D', 'F']"
5a71458e5542994082a3e738::active_set_pack_b,5a71458e5542994082a3e738,"['A', 'B', 'C', 'D', 'E', 'F']","[0, 0, 0, 1, 0, 1]","[-0.08824428170919418, -0.08715860545635223, -0.08815353363752365, -0.08181703090667725, -0.09624994546175003, 0.44162341952323914]","[-0.08824428170919418, -0.08715860545635223, -0.08815353363752365, -0.08181703090667725, -0.09624994546175003, 0.44162341952323914]","[-0.08824428170919418, -0.08715860545635223, -0.08815353363752365, -0.08181703090667725, -0.09624994546175003, 0.44162341952323914]",1,1,False,"['A', 'F']","['D', 'F']"
5ae500fd55429908b63264d8::working_set_pack_a,5ae500fd55429908b63264d8,"['A', 'B', 'C', 'D', 'E', 'F']","[1, 0, 0, 1, 0, 0]","[-0.010125243104994297, -0.005927421618252993, -0.011689424514770508, 0.043094296008348465, -0.007192032411694527, -0.008160165511071682]","[-0.010125243104994297, -0.005927421618252993, -0.011689424514770508, 0.043094296008348465, -0.007192032411694527, -0.008160165511071682]","[0.010125243104994297, 0.005927421618252993, 0.011689424514770508, -0.043094296008348465, 0.007192032411694527, 0.008160165511071682]",-1,-1,True,"['A', 'D']","['A', 'D']"
5ae500fd55429908b63264d8::active_set_pack_a,5ae500fd55429908b63264d8,"['A', 'B', 'C', 'D', 'E', 'F']","[1, 0, 0, 1, 0, 0]","[-0.009812990203499794, -0.006705578416585922, -0.011224418878555298, 0.042091526091098785, -0.006782619748264551, -0.007565902080386877]","[-0.009812990203499794, -0.006705578416585922, -0.011224418878555298, 0.042091526091098785, -0.006782619748264551, -0.007565902080386877]","[0.009812990203499794, 0.006705578416585922, 0.011224418878555298, -0.042091526091098785, 0.006782619748264551, 0.007565902080386877]",-1,-1,True,"['A', 'D']","['A', 'D']"
5ae500fd55429908b63264d8::working_set_pack_b,5ae500fd55429908b63264d8,"['A', 'B', 'C', 'D', 'E', 'F']","[1, 0, 0, 1, 0, 0]","[-0.010101246647536755, -0.016826685518026352, -0.00979919545352459, 0.05187477171421051, -0.007232335861772299, -0.00791532639414072]","[-0.010101246647536755, -0.016826685518026352, -0.00979919545352459, 0.05187477171421051, -0.007232335861772299, -0.00791532639414072]","[0.010101246647536755, 0.016826685518026352, 0.00979919545352459, -0.05187477171421051, 0.007232335861772299, 0.00791532639414072]",-1,-1,True,"['A', 'D']","['A', 'D']"
5ae500fd55429908b63264d8::active_set_pack_b,5ae500fd55429908b63264d8,"['A', 'B', 'C', 'D', 'E', 'F']","[1, 0, 0, 1, 0, 0]","[-0.00851769931614399, -0.018838217481970787, -0.00861068069934845, 0.04813636839389801, -0.006142181809991598, -0.006027596071362495]","[-0.00851769931614399, -0.018838217481970787, -0.00861068069934845, 0.04813636839389801, -0.006142181809991598, -0.006027596071362495]","[0.00851769931614399, 0.018838217481970787, 0.00861068069934845, -0.04813636839389801, 0.006142181809991598, 0.006027596071362495]",-1,-1,True,"['A', 'D']","['A', 'D']"
5a8514545542992a431d1ad2::working_set_pack_a,5a8514545542992a431d1ad2,"['A', 'B', 'C', 'D', 'E', 'F']","[0, 0, 0, 1, 1, 0]","[-0.045967284590005875, -0.045669905841350555, -0.04416102170944214, 0.1878983974456787, -0.0066095092333853245, -0.045490674674510956]","[-0.045967284590005875, -0.045669905841350555, -0.04416102170944214, 0.1878983974456787, -0.0066095092333853245, -0.045490674674510956]","[0.045967284590005875, 0.045669905841350555, 0.04416102170944214, -0.1878983974456787, 0.0066095092333853245, 0.045490674674510956]",-1,-1,False,"['A', 'D']","['D', 'E']"
5a8514545542992a431d1ad2::active_set_pack_a,5a8514545542992a431d1ad2,"['A', 'B', 'C', 'D', 'E', 'F']","[0, 0, 0, 1, 1, 0]","[-0.04174453020095825, -0.041576433926820755, -0.039388272911310196, 0.15342086553573608, 0.010488975793123245, -0.04120061546564102]","[-0.04174453020095825, -0.041576433926820755, -0.039388272911310196, 0.15342086553573608, 0.010488975793123245, -0.04120061546564102]","[0.04174453020095825, 0.041576433926820755, 0.039388272911310196, -0.15342086553573608, -0.010488975793123245, 0.04120061546564102]",-1,-1,False,"['A', 'D']","['D', 'E']"
5a8514545542992a431d1ad2::working_set_pack_b,5a8514545542992a431d1ad2,"['A', 'B', 'C', 'D', 'E', 'F']","[0, 0, 0, 1, 1, 0]","[-0.03658176213502884, -0.03579792380332947, -0.0348038487136364, 0.13432449102401733, 0.008597198873758316, -0.03573818504810333]","[-0.03658176213502884, -0.03579792380332947, -0.0348038487136364, 0.13432449102401733, 0.008597198873758316, -0.03573818504810333]","[0.03658176213502884, 0.03579792380332947, 0.0348038487136364, -0.13432449102401733, -0.008597198873758316, 0.03573818504810333]",-1,-1,False,"['A', 'D']","['D', 'E']"
5a8514545542992a431d1ad2::active_set_pack_b,5a8514545542992a431d1ad2,"['A', 'B', 'C', 'D', 'E', 'F']","[0, 0, 0, 1, 1, 0]","[-0.04672928899526596, -0.046019140630960464, -0.04536711424589157, 0.18116773664951324, 0.0030728180427104235, -0.04612500220537186]","[-0.04672928899526596, -0.046019140630960464, -0.04536711424589157, 0.18116773664951324, 0.0030728180427104235, -0.04612500220537186]","[0.04672928899526596, 0.046019140630960464, 0.04536711424589157, -0.18116773664951324, -0.0030728180427104235, 0.04612500220537186]",-1,-1,False,"['A', 'D']","['D', 'E']"
5ae3345f55429928c4239682::working_set_pack_a,5ae3345f55429928c4239682,"['A', 'B', 'C', 'D', 'E', 'F']","[1, 1, 0, 0, 0, 0]","[0.038836706429719925, -0.002862949389964342, -0.006708809640258551, -0.01268882118165493, -0.009651144035160542, -0.006924995221197605]","[0.038836706429719925, -0.002862949389964342, -0.006708809640258551, -0.01268882118165493, -0.009651144035160542, -0.006924995221197605]","[0.038836706429719925, -0.002862949389964342, -0.006708809640258551, -0.01268882118165493, -0.009651144035160542, -0.006924995221197605]",1,1,False,"['A', 'C']","['A', 'B']"
5ae3345f55429928c4239682::active_set_pack_a,5ae3345f55429928c4239682,"['A', 'B', 'C', 'D', 'E', 'F']","[1, 1, 0, 0, 0, 0]","[0.03775205835700035, -0.0015997478039935231, -0.005420009605586529, -0.01649913191795349, -0.00829748623073101, -0.005935675464570522]","[0.03775205835700035, -0.0015997478039935231, -0.005420009605586529, -0.01649913191795349, -0.00829748623073101, -0.005935675464570522]","[0.03775205835700035, -0.0015997478039935231, -0.005420009605586529, -0.01649913191795349, -0.00829748623073101, -0.005935675464570522]",1,1,False,"['A', 'C']","['A', 'B']"
5ae3345f55429928c4239682::working_set_pack_b,5ae3345f55429928c4239682,"['A', 'B', 'C', 'D', 'E', 'F']","[1, 1, 0, 0, 0, 0]","[0.04749801382422447, -0.0027753941249102354, -0.008347416296601295, -0.015179730951786041, -0.011592691764235497, -0.009602779522538185]","[0.04749801382422447, -0.0027753941249102354, -0.008347416296601295, -0.015179730951786041, -0.011592691764235497, -0.009602779522538185]","[-0.04749801382422447, 0.0027753941249102354, 0.008347416296601295, 0.015179730951786041, 0.011592691764235497, 0.009602779522538185]",-1,-1,True,"['A', 'B']","['A', 'B']"
5ae3345f55429928c4239682::active_set_pack_b,5ae3345f55429928c4239682,"['A', 'B', 'C', 'D', 'E', 'F']","[1, 1, 0, 0, 0, 0]","[0.04946528747677803, -0.0025527779944241047, -0.010382186621427536, -0.012053769081830978, -0.013284371234476566, -0.01119218673557043]","[0.04946528747677803, -0.0025527779944241047, -0.010382186621427536, -0.012053769081830978, -0.013284371234476566, -0.01119218673557043]","[-0.04946528747677803, 0.0025527779944241047, 0.010382186621427536, 0.012053769081830978, 0.013284371234476566, 0.01119218673557043]",-1,-1,True,"['A', 'B']","['A', 'B']"
5ac1b48f55429963665198f3::working_set_pack_a,5ac1b48f55429963665198f3,"['A', 'B', 'C', 'D', 'E', 'F']","[0, 0, 1, 1, 0, 0]","[-0.03226638585329056, 0.017609603703022003, 0.01348553504794836, 0.0012624531518667936, -0.00041190633783116937, 0.0003206868132110685]","[0.03226638585329056, -0.017609603703022003, -0.01348553504794836, -0.0012624531518667936, 0.00041190633783116937, -0.0003206868132110685]","[-0.03226638585329056, 0.017609603703022003, 0.01348553504794836, 0.0012624531518667936, -0.00041190633783116937, 0.0003206868132110685]",1,-1,False,"['A', 'D']","['C', 'D']"
5ac1b48f55429963665198f3::active_set_pack_a,5ac1b48f55429963665198f3,"['A', 'B', 'C', 'D', 'E', 'F']","[0, 0, 1, 1, 0, 0]","[-0.028450598940253258, 0.019967420026659966, 0.010495384223759174, -0.0005605468177236617, -0.0015333556802943349, 8.17020918475464e-05]","[0.028450598940253258, -0.019967420026659966, -0.010495384223759174, 0.0005605468177236617, 0.0015333556802943349, -8.17020918475464e-05]","[-0.028450598940253258, 0.019967420026659966, 0.010495384223759174, -0.0005605468177236617, -0.0015333556802943349, 8.17020918475464e-05]",1,-1,False,"['A', 'D']","['C', 'D']"
5ac1b48f55429963665198f3::working_set_pack_b,5ac1b48f55429963665198f3,"['A', 'B', 'C', 'D', 'E', 'F']","[0, 0, 1, 1, 0, 0]","[-0.03488374873995781, 0.022065019235014915, 0.00929300207644701, 0.003009147010743618, -0.00018334078777115792, 0.0006999206962063909]","[0.03488374873995781, -0.022065019235014915, -0.00929300207644701, -0.003009147010743618, 0.00018334078777115792, -0.0006999206962063909]","[-0.03488374873995781, 0.022065019235014915, 0.00929300207644701, 0.003009147010743618, -0.00018334078777115792, 0.0006999206962063909]",1,-1,False,"['A', 'D']","['C', 'D']"
5ac1b48f55429963665198f3::active_set_pack_b,5ac1b48f55429963665198f3,"['A', 'B', 'C', 'D', 'E', 'F']","[0, 0, 1, 1, 0, 0]","[-0.016272716224193573, -0.016397418454289436, -0.005173732992261648, 0.047501299530267715, -0.004018902312964201, -0.005638531409204006]","[-0.016272716224193573, -0.016397418454289436, -0.005173732992261648, 0.047501299530267715, -0.004018902312964201, -0.005638531409204006]","[0.016272716224193573, 0.016397418454289436, 0.005173732992261648, -0.047501299530267715, 0.004018902312964201, 0.005638531409204006]",-1,-1,False,"['A', 'D']","['C', 'D']"
5ab9d58855429939ce03dc3a::working_set_pack_a,5ab9d58855429939ce03dc3a,"['A', 'B', 'C', 'D', 'E', 'F']","[1, 0, 1, 0, 0, 0]","[0.059735435992479324, -0.009836805053055286, -0.013501210138201714, -0.006693776231259108, -0.016569804400205612, -0.013133835047483444]","[0.059735435992479324, -0.009836805053055286, -0.013501210138201714, -0.006693776231259108, -0.016569804400205612, -0.013133835047483444]","[-0.059735435992479324, 0.009836805053055286, 0.013501210138201714, 0.006693776231259108, 0.016569804400205612, 0.013133835047483444]",-1,-1,True,"['A', 'C']","['A', 'C']"
5ab9d58855429939ce03dc3a::active_set_pack_a,5ab9d58855429939ce03dc3a,"['A', 'B', 'C', 'D', 'E', 'F']","[1, 0, 1, 0, 0, 0]","[0.061580777168273926, -0.00946542713791132, -0.013873296789824963, -0.008120566606521606, -0.016820671036839485, -0.013300804421305656]","[0.061580777168273926, -0.00946542713791132, -0.013873296789824963, -0.008120566606521606, -0.016820671036839485, -0.013300804421305656]","[-0.061580777168273926, 0.00946542713791132, 0.013873296789824963, 0.008120566606521606, 0.016820671036839485, 0.013300804421305656]",-1,-1,True,"['A', 'C']","['A', 'C']"
5ab9d58855429939ce03dc3a::working_set_pack_b,5ab9d58855429939ce03dc3a,"['A', 'B', 'C', 'D', 'E', 'F']","[1, 0, 1, 0, 0, 0]","[0.062356896698474884, -0.007791485171765089, -0.013211690820753574, -0.008819231763482094, -0.018334340304136276, -0.014200148172676563]","[0.062356896698474884, -0.007791485171765089, -0.013211690820753574, -0.008819231763482094, -0.018334340304136276, -0.014200148172676563]","[-0.062356896698474884, 0.007791485171765089, 0.013211690820753574, 0.008819231763482094, 0.018334340304136276, 0.014200148172676563]",-1,-1,False,"['A', 'B']","['A', 'C']"
5ab9d58855429939ce03dc3a::active_set_pack_b,5ab9d58855429939ce03dc3a,"['A', 'B', 'C', 'D', 'E', 'F']","[1, 0, 1, 0, 0, 0]","[0.05953609570860863, -0.008679290302097797, -0.012143529020249844, -0.0074435011483728886, -0.01797829195857048, -0.013291477225720882]","[0.05953609570860863, -0.008679290302097797, -0.012143529020249844, -0.0074435011483728886, -0.01797829195857048, -0.013291477225720882]","[-0.05953609570860863, 0.008679290302097797, 0.012143529020249844, 0.0074435011483728886, 0.01797829195857048, 0.013291477225720882]",-1,-1,False,"['A', 'B']","['A', 'C']"
5ab9121555429919ba4e238a::working_set_pack_a,5ab9121555429919ba4e238a,"['A', 'B', 'C', 'D', 'E', 'F']","[0, 1, 0, 0, 1, 0]","[-0.0372762605547905, -0.03223078325390816, -0.03577073663473129, -0.03643084317445755, 0.1733810305595398, -0.031672339886426926]","[-0.0372762605547905, -0.03223078325390816, -0.03577073663473129, -0.03643084317445755, 0.1733810305595398, -0.031672339886426926]","[0.0372762605547905, 0.03223078325390816, 0.03577073663473129, 0.03643084317445755, -0.1733810305595398, 0.031672339886426926]",-1,-1,False,"['A', 'E']","['B', 'E']"
5ab9121555429919ba4e238a::active_set_pack_a,5ab9121555429919ba4e238a,"['A', 'B', 'C', 'D', 'E', 'F']","[0, 1, 0, 0, 1, 0]","[-0.03572971001267433, -0.03061552345752716, -0.033262938261032104, -0.03411262854933739, 0.16346941888332367, -0.029748650267720222]","[-0.03572971001267433, -0.03061552345752716, -0.033262938261032104, -0.03411262854933739, 0.16346941888332367, -0.029748650267720222]","[0.03572971001267433, 0.03061552345752716, 0.033262938261032104, 0.03411262854933739, -0.16346941888332367, 0.029748650267720222]",-1,-1,False,"['A', 'E']","['B', 'E']"
5ab9121555429919ba4e238a::working_set_pack_b,5ab9121555429919ba4e238a,"['A', 'B', 'C', 'D', 'E', 'F']","[0, 1, 0, 0, 1, 0]","[-0.03603333607316017, -0.03495776653289795, -0.03224220871925354, -0.03627331927418709, 0.17371872067451477, -0.034212082624435425]","[-0.03603333607316017, -0.03495776653289795, -0.03224220871925354, -0.03627331927418709, 0.17371872067451477, -0.034212082624435425]","[0.03603333607316017, 0.03495776653289795, 0.03224220871925354, 0.03627331927418709, -0.17371872067451477, 0.034212082624435425]",-1,-1,False,"['A', 'E']","['B', 'E']"
5ab9121555429919ba4e238a::active_set_pack_b,5ab9121555429919ba4e238a,"['A', 'B', 'C', 'D', 'E', 'F']","[0, 1, 0, 0, 1, 0]","[-0.03061256930232048, -0.028606604784727097, -0.029239723458886147, -0.031776878982782364, 0.14795461297035217, -0.027718860656023026]","[-0.03061256930232048, -0.028606604784727097, -0.029239723458886147, -0.031776878982782364, 0.14795461297035217, -0.027718860656023026]","[0.03061256930232048, 0.028606604784727097, 0.029239723458886147, 0.031776878982782364, -0.14795461297035217, 0.027718860656023026]",-1,-1,False,"['A', 'E']","['B', 'E']"
5abf037a5542993fe9a41dbe::working_set_pack_a,5abf037a5542993fe9a41dbe,"['A', 'B', 'C', 'D', 'E', 'F']","[0, 0, 0, 1, 1, 0]","[0.01813490502536297, 0.020684722810983658, 0.021000077947974205, 0.012800061143934727, 0.016710590571165085, -0.08933038264513016]","[-0.01813490502536297, -0.020684722810983658, -0.021000077947974205, -0.012800061143934727, -0.016710590571165085, 0.08933038264513016]","[0.01813490502536297, 0.020684722810983658, 0.021000077947974205, 0.012800061143934727, 0.016710590571165085, -0.08933038264513016]",1,-1,False,"['A', 'F']","['D', 'E']"
5abf037a5542993fe9a41dbe::active_set_pack_a,5abf037a5542993fe9a41dbe,"['A', 'B', 'C', 'D', 'E', 'F']","[0, 0, 0, 1, 1, 0]","[0.01703501306474209, 0.020473508164286613, 0.02059810236096382, 0.012661040760576725, 0.01602531224489212, -0.0867929756641388]","[-0.01703501306474209, -0.020473508164286613, -0.02059810236096382, -0.012661040760576725, -0.01602531224489212, 0.0867929756641388]","[0.01703501306474209, 0.020473508164286613, 0.02059810236096382, 0.012661040760576725, 0.01602531224489212, -0.0867929756641388]",1,-1,False,"['A', 'F']","['D', 'E']"
5abf037a5542993fe9a41dbe::working_set_pack_b,5abf037a5542993fe9a41dbe,"['A', 'B', 'C', 'D', 'E', 'F']","[0, 0, 0, 1, 1, 0]","[0.02121518738567829, 0.024218013510107994, 0.024400511756539345, 0.01746436022222042, 0.020111795514822006, -0.10740987956523895]","[-0.02121518738567829, -0.024218013510107994, -0.024400511756539345, -0.01746436022222042, -0.020111795514822006, 0.10740987956523895]","[0.02121518738567829, 0.024218013510107994, 0.024400511756539345, 0.01746436022222042, 0.020111795514822006, -0.10740987956523895]",1,-1,False,"['A', 'F']","['D', 'E']"
5abf037a5542993fe9a41dbe::active_set_pack_b,5abf037a5542993fe9a41dbe,"['A', 'B', 'C', 'D', 'E', 'F']","[0, 0, 0, 1, 1, 0]","[0.031612761318683624, 0.036508750170469284, 0.03597341105341911, 0.021456250920891762, 0.030110958963632584, -0.15566213428974152]","[-0.031612761318683624, -0.036508750170469284, -0.03597341105341911, -0.021456250920891762, -0.030110958963632584, 0.15566213428974152]","[0.031612761318683624, 0.036508750170469284, 0.03597341105341911, 0.021456250920891762, 0.030110958963632584, -0.15566213428974152]",1,-1,False,"['A', 'F']","['D', 'E']"
5a74f2ff5542993748c89748::working_set_pack_a,5a74f2ff5542993748c89748,"['A', 'B', 'C', 'D', 'E', 'F']","[1, 0, 0, 0, 1, 0]","[0.047952525317668915, 0.03490256890654564, 0.037804920226335526, -0.1777772158384323, 0.03792688250541687, 0.019190361723303795]","[0.047952525317668915, 0.03490256890654564, 0.037804920226335526, -0.1777772158384323, 0.03792688250541687, 0.019190361723303795]","[0.047952525317668915, 0.03490256890654564, 0.037804920226335526, -0.1777772158384323, 0.03792688250541687, 0.019190361723303795]",1,1,True,"['A', 'E']","['A', 'E']"
5a74f2ff5542993748c89748::active_set_pack_a,5a74f2ff5542993748c89748,"['A', 'B', 'C', 'D', 'E', 'F']","[1, 0, 0, 0, 1, 0]","[0.045348357409238815, 0.03415127471089363, 0.03677087649703026, -0.17324908077716827, 0.036759283393621445, 0.02021927386522293]","[0.045348357409238815, 0.03415127471089363, 0.03677087649703026, -0.17324908077716827, 0.036759283393621445, 0.02021927386522293]","[0.045348357409238815, 0.03415127471089363, 0.03677087649703026, -0.17324908077716827, 0.036759283393621445, 0.02021927386522293]",1,1,True,"['A', 'E']","['A', 'E']"
5a74f2ff5542993748c89748::working_set_pack_b,5a74f2ff5542993748c89748,"['A', 'B', 'C', 'D', 'E', 'F']","[1, 0, 0, 0, 1, 0]","[0.05743775889277458, 0.04933859407901764, 0.051373519003391266, -0.2522757649421692, 0.0523042194545269, 0.04182163253426552]","[0.05743775889277458, 0.04933859407901764, 0.051373519003391266, -0.2522757649421692, 0.0523042194545269, 0.04182163253426552]","[0.05743775889277458, 0.04933859407901764, 0.051373519003391266, -0.2522757649421692, 0.0523042194545269, 0.04182163253426552]",1,1,True,"['A', 'E']","['A', 'E']"
5a74f2ff5542993748c89748::active_set_pack_b,5a74f2ff5542993748c89748,"['A', 'B', 'C', 'D', 'E', 'F']","[1, 0, 0, 0, 1, 0]","[0.04840768128633499, 0.03513440862298012, 0.037681397050619125, -0.18711158633232117, 0.03785156086087227, 0.02803654596209526]","[0.04840768128633499, 0.03513440862298012, 0.037681397050619125, -0.18711158633232117, 0.03785156086087227, 0.02803654596209526]","[0.04840768128633499, 0.03513440862298012, 0.037681397050619125, -0.18711158633232117, 0.03785156086087227, 0.02803654596209526]",1,1,True,"['A', 'E']","['A', 'E']"
5ac52b495542994611c8b3de::working_set_pack_a,5ac52b495542994611c8b3de,"['A', 'B', 'C', 'D', 'E', 'F']","[1, 0, 1, 0, 0, 0]","[-0.023852916434407234, -0.009286622516810894, 0.054681241512298584, -0.008732730522751808, -0.004341344349086285, -0.008467644453048706]","[-0.023852916434407234, -0.009286622516810894, 0.054681241512298584, -0.008732730522751808, -0.004341344349086285, -0.008467644453048706]","[-0.023852916434407234, -0.009286622516810894, 0.054681241512298584, -0.008732730522751808, -0.004341344349086285, -0.008467644453048706]",1,1,True,"['A', 'C']","['A', 'C']"
5ac52b495542994611c8b3de::active_set_pack_a,5ac52b495542994611c8b3de,"['A', 'B', 'C', 'D', 'E', 'F']","[1, 0, 1, 0, 0, 0]","[-0.020988143980503082, -0.009848487563431263, 0.05292710289359093, -0.009062238037586212, -0.004890958312898874, -0.008137294091284275]","[-0.020988143980503082, -0.009848487563431263, 0.05292710289359093, -0.009062238037586212, -0.004890958312898874, -0.008137294091284275]","[-0.020988143980503082, -0.009848487563431263, 0.05292710289359093, -0.009062238037586212, -0.004890958312898874, -0.008137294091284275]",1,1,True,"['A', 'C']","['A', 'C']"
5ac52b495542994611c8b3de::working_set_pack_b,5ac52b495542994611c8b3de,"['A', 'B', 'C', 'D', 'E', 'F']","[1, 0, 1, 0, 0, 0]","[0.049273308366537094, -0.003022831631824374, -0.013285072520375252, -0.006219170987606049, -0.012713695876300335, -0.014032536186277866]","[0.049273308366537094, -0.003022831631824374, -0.013285072520375252, -0.006219170987606049, -0.012713695876300335, -0.014032536186277866]","[-0.049273308366537094, 0.003022831631824374, 0.013285072520375252, 0.006219170987606049, 0.012713695876300335, 0.014032536186277866]",-1,-1,True,"['A', 'C']","['A', 'C']"
5ac52b495542994611c8b3de::active_set_pack_b,5ac52b495542994611c8b3de,"['A', 'B', 'C', 'D', 'E', 'F']","[1, 0, 1, 0, 0, 0]","[-0.016245881095528603, -0.01826459728181362, 0.08230472356081009, -0.017845002934336662, -0.013520525768399239, -0.016428697854280472]","[-0.016245881095528603, -0.01826459728181362, 0.08230472356081009, -0.017845002934336662, -0.013520525768399239, -0.016428697854280472]","[-0.016245881095528603, -0.01826459728181362, 0.08230472356081009, -0.017845002934336662, -0.013520525768399239, -0.016428697854280472]",1,1,True,"['A', 'C']","['A', 'C']"
5a72b1c25542992359bc3172::working_set_pack_a,5a72b1c25542992359bc3172,"['A', 'B', 'C', 'D', 'E', 'F']","[1, 0, 0, 1, 0, 0]","[0.03945600241422653, 0.042426761239767075, 0.041053418070077896, 0.05919060856103897, 0.041053708642721176, -0.22318042814731598]","[0.03945600241422653, 0.042426761239767075, 0.041053418070077896, 0.05919060856103897, 0.041053708642721176, -0.22318042814731598]","[0.03945600241422653, 0.042426761239767075, 0.041053418070077896, 0.05919060856103897, 0.041053708642721176, -0.22318042814731598]",1,1,True,"['A', 'D']","['A', 'D']"
5a72b1c25542992359bc3172::active_set_pack_a,5a72b1c25542992359bc3172,"['A', 'B', 'C', 'D', 'E', 'F']","[1, 0, 0, 1, 0, 0]","[0.04092736542224884, 0.044745661318302155, 0.043293729424476624, 0.049408670514822006, 0.04315393418073654, -0.22152939438819885]","[0.04092736542224884, 0.044745661318302155, 0.043293729424476624, 0.049408670514822006, 0.04315393418073654, -0.22152939438819885]","[0.04092736542224884, 0.044745661318302155, 0.043293729424476624, 0.049408670514822006, 0.04315393418073654, -0.22152939438819885]",1,1,True,"['A', 'D']","['A', 'D']"
5a72b1c25542992359bc3172::working_set_pack_b,5a72b1c25542992359bc3172,"['A', 'B', 'C', 'D', 'E', 'F']","[1, 0, 0, 1, 0, 0]","[0.034932300448417664, 0.040866125375032425, 0.039286497980356216, 0.03567393869161606, 0.038899991661310196, -0.18965888023376465]","[0.034932300448417664, 0.040866125375032425, 0.039286497980356216, 0.03567393869161606, 0.038899991661310196, -0.18965888023376465]","[0.034932300448417664, 0.040866125375032425, 0.039286497980356216, 0.03567393869161606, 0.038899991661310196, -0.18965888023376465]",1,1,True,"['A', 'D']","['A', 'D']"
5a72b1c25542992359bc3172::active_set_pack_b,5a72b1c25542992359bc3172,"['A', 'B', 'C', 'D', 'E', 'F']","[1, 0, 0, 1, 0, 0]","[0.04238305240869522, 0.05052562430500984, 0.049483317881822586, 0.046523649245500565, 0.04994267225265503, -0.23885828256607056]","[0.04238305240869522, 0.05052562430500984, 0.049483317881822586, 0.046523649245500565, 0.04994267225265503, -0.23885828256607056]","[0.04238305240869522, 0.05052562430500984, 0.049483317881822586, 0.046523649245500565, 0.04994267225265503, -0.23885828256607056]",1,1,True,"['A', 'D']","['A', 'D']"
5ab39701554299233954ff5e::working_set_pack_a,5ab39701554299233954ff5e,"['A', 'B', 'C', 'D', 'E', 'F']","[0, 0, 1, 1, 0, 0]","[-0.013007593341171741, -0.01293855905532837, -0.01568359136581421, 0.06336662918329239, -0.011763744056224823, -0.009973150677978992]","[-0.013007593341171741, -0.01293855905532837, -0.01568359136581421, 0.06336662918329239, -0.011763744056224823, -0.009973150677978992]","[-0.013007593341171741, -0.01293855905532837, -0.01568359136581421, 0.06336662918329239, -0.011763744056224823, -0.009973150677978992]",1,1,False,"['A', 'D']","['C', 'D']"
5ab39701554299233954ff5e::active_set_pack_a,5ab39701554299233954ff5e,"['A', 'B', 'C', 'D', 'E', 'F']","[0, 0, 1, 1, 0, 0]","[-0.014196389354765415, -0.014321059919893742, -0.01774313859641552, 0.07239299267530441, -0.014343381859362125, -0.011789043433964252]","[-0.014196389354765415, -0.014321059919893742, -0.01774313859641552, 0.07239299267530441, -0.014343381859362125, -0.011789043433964252]","[-0.014196389354765415, -0.014321059919893742, -0.01774313859641552, 0.07239299267530441, -0.014343381859362125, -0.011789043433964252]",1,1,False,"['A', 'D']","['C', 'D']"
5ab39701554299233954ff5e::working_set_pack_b,5ab39701554299233954ff5e,"['A', 'B', 'C', 'D', 'E', 'F']","[0, 0, 1, 1, 0, 0]","[-0.016987117007374763, -0.009241155348718166, -0.0002876349026337266, 0.028684722259640694, 0.001954301493242383, -0.0041231256909668446]","[-0.016987117007374763, -0.009241155348718166, -0.0002876349026337266, 0.028684722259640694, 0.001954301493242383, -0.0041231256909668446]","[0.016987117007374763, 0.009241155348718166, 0.0002876349026337266, -0.028684722259640694, -0.001954301493242383, 0.0041231256909668446]",-1,-1,False,"['A', 'D']","['C', 'D']"
5ab39701554299233954ff5e::active_set_pack_b,5ab39701554299233954ff5e,"['A', 'B', 'C', 'D', 'E', 'F']","[0, 0, 1, 1, 0, 0]","[-0.017734212800860405, -0.017772028222680092, -0.021116403862833977, 0.0864359587430954, -0.015092125162482262, -0.014721172861754894]","[-0.017734212800860405, -0.017772028222680092, -0.021116403862833977, 0.0864359587430954, -0.015092125162482262, -0.014721172861754894]","[0.017734212800860405, 0.017772028222680092, 0.021116403862833977, -0.0864359587430954, 0.015092125162482262, 0.014721172861754894]",-1,-1,False,"['A', 'D']","['C', 'D']"
5adf8d5b5542995534e8c7e1::working_set_pack_a,5adf8d5b5542995534e8c7e1,"['A', 'B', 'C', 'D', 'E', 'F']","[0, 0, 0, 1, 1, 0]","[-0.1570795625448227, 0.02252584509551525, 0.032896921038627625, 0.036135002970695496, 0.03580935299396515, 0.02971244417130947]","[0.1570795625448227, -0.02252584509551525, -0.032896921038627625, -0.036135002970695496, -0.03580935299396515, -0.02971244417130947]","[-0.1570795625448227, 0.02252584509551525, 0.032896921038627625, 0.036135002970695496, 0.03580935299396515, 0.02971244417130947]",1,-1,False,"['A', 'B']","['D', 'E']"
5adf8d5b5542995534e8c7e1::active_set_pack_a,5adf8d5b5542995534e8c7e1,"['A', 'B', 'C', 'D', 'E', 'F']","[0, 0, 0, 1, 1, 0]","[-0.12673601508140564, 0.01570066064596176, 0.026784086599946022, 0.029719680547714233, 0.029428474605083466, 0.025103073567152023]","[0.12673601508140564, -0.01570066064596176, -0.026784086599946022, -0.029719680547714233, -0.029428474605083466, -0.025103073567152023]","[-0.12673601508140564, 0.01570066064596176, 0.026784086599946022, 0.029719680547714233, 0.029428474605083466, 0.025103073567152023]",1,-1,False,"['A', 'B']","['D', 'E']"
5adf8d5b5542995534e8c7e1::working_set_pack_b,5adf8d5b5542995534e8c7e1,"['A', 'B', 'C', 'D', 'E', 'F']","[0, 0, 0, 1, 1, 0]","[-0.16323229670524597, 0.02475767582654953, 0.02892717346549034, 0.03821047022938728, 0.03775523975491524, 0.033581748604774475]","[0.16323229670524597, -0.02475767582654953, -0.02892717346549034, -0.03821047022938728, -0.03775523975491524, -0.033581748604774475]","[-0.16323229670524597, 0.02475767582654953, 0.02892717346549034, 0.03821047022938728, 0.03775523975491524, 0.033581748604774475]",1,-1,False,"['A', 'B']","['D', 'E']"
5adf8d5b5542995534e8c7e1::active_set_pack_b,5adf8d5b5542995534e8c7e1,"['A', 'B', 'C', 'D', 'E', 'F']","[0, 0, 0, 1, 1, 0]","[-0.11849672347307205, 0.006298962980508804, 0.024869266897439957, 0.03108314797282219, 0.031151017174124718, 0.025094350799918175]","[0.11849672347307205, -0.006298962980508804, -0.024869266897439957, -0.03108314797282219, -0.031151017174124718, -0.025094350799918175]","[-0.11849672347307205, 0.006298962980508804, 0.024869266897439957, 0.03108314797282219, 0.031151017174124718, 0.025094350799918175]",1,-1,False,"['A', 'B']","['D', 'E']"
5ae5b3df5542992663a4f20b::working_set_pack_a,5ae5b3df5542992663a4f20b,"['A', 'B', 'C', 'D', 'E', 'F']","[0, 0, 1, 1, 0, 0]","[0.006491623353213072, -0.005716981366276741, 0.029269125312566757, -0.005078593268990517, -0.013539740815758705, -0.011425439268350601]","[0.006491623353213072, -0.005716981366276741, 0.029269125312566757, -0.005078593268990517, -0.013539740815758705, -0.011425439268350601]","[-0.006491623353213072, 0.005716981366276741, -0.029269125312566757, 0.005078593268990517, 0.013539740815758705, 0.011425439268350601]",-1,-1,False,"['A', 'D']","['C', 'D']"
5ae5b3df5542992663a4f20b::active_set_pack_a,5ae5b3df5542992663a4f20b,"['A', 'B', 'C', 'D', 'E', 'F']","[0, 0, 1, 1, 0, 0]","[0.006285684648901224, -0.006193556357175112, 0.028999824076890945, -0.004616334568709135, -0.013233441859483719, -0.011242152191698551]","[0.006285684648901224, -0.006193556357175112, 0.028999824076890945, -0.004616334568709135, -0.013233441859483719, -0.011242152191698551]","[-0.006285684648901224, 0.006193556357175112, -0.028999824076890945, 0.004616334568709135, 0.013233441859483719, 0.011242152191698551]",-1,-1,False,"['A', 'D']","['C', 'D']"
5ae5b3df5542992663a4f20b::working_set_pack_b,5ae5b3df5542992663a4f20b,"['A', 'B', 'C', 'D', 'E', 'F']","[0, 0, 1, 1, 0, 0]","[0.0031462807673960924, -0.005952214356511831, 0.03509102761745453, -0.0048215086571872234, -0.014768927358090878, -0.01269465684890747]","[-0.0031462807673960924, 0.005952214356511831, -0.03509102761745453, 0.0048215086571872234, 0.014768927358090878, 0.01269465684890747]","[-0.0031462807673960924, 0.005952214356511831, -0.03509102761745453, 0.0048215086571872234, 0.014768927358090878, 0.01269465684890747]",-1,1,False,"['A', 'D']","['C', 'D']"
5ae5b3df5542992663a4f20b::active_set_pack_b,5ae5b3df5542992663a4f20b,"['A', 'B', 'C', 'D', 'E', 'F']","[0, 0, 1, 1, 0, 0]","[0.009947694838047028, -0.006063626613467932, 0.03316934406757355, -0.009889008477330208, -0.01449713483452797, -0.012667271308600903]","[0.009947694838047028, -0.006063626613467932, 0.03316934406757355, -0.009889008477330208, -0.01449713483452797, -0.012667271308600903]","[-0.009947694838047028, 0.006063626613467932, -0.03316934406757355, 0.009889008477330208, 0.01449713483452797, 0.012667271308600903]",-1,-1,False,"['A', 'D']","['C', 'D']"
5ac2423755429951e9e684ff::working_set_pack_a,5ac2423755429951e9e684ff,"['A', 'B', 'C', 'D', 'E', 'F']","[1, 0, 0, 0, 0, 1]","[-0.0004540236259344965, -0.0400468185544014, 0.002181688556447625, 0.004850291181355715, 0.005978217348456383, 0.027490628883242607]","[-0.0004540236259344965, -0.0400468185544014, 0.002181688556447625, 0.004850291181355715, 0.005978217348456383, 0.027490628883242607]","[-0.0004540236259344965, -0.0400468185544014, 0.002181688556447625, 0.004850291181355715, 0.005978217348456383, 0.027490628883242607]",1,1,True,"['A', 'F']","['A', 'F']"
5ac2423755429951e9e684ff::active_set_pack_a,5ac2423755429951e9e684ff,"['A', 'B', 'C', 'D', 'E', 'F']","[1, 0, 0, 0, 0, 1]","[-0.002182614989578724, -0.03864557296037674, -0.00011628580250544474, 0.0024479867424815893, 0.004161122255027294, 0.03433535620570183]","[-0.002182614989578724, -0.03864557296037674, -0.00011628580250544474, 0.0024479867424815893, 0.004161122255027294, 0.03433535620570183]","[-0.002182614989578724, -0.03864557296037674, -0.00011628580250544474, 0.0024479867424815893, 0.004161122255027294, 0.03433535620570183]",1,1,True,"['A', 'F']","['A', 'F']"
5ac2423755429951e9e684ff::working_set_pack_b,5ac2423755429951e9e684ff,"['A', 'B', 'C', 'D', 'E', 'F']","[1, 0, 0, 0, 0, 1]","[-0.007512027397751808, -0.034228961914777756, -0.0038779214955866337, -0.0018176803132519126, -0.0005935825756751001, 0.04803016036748886]","[-0.007512027397751808, -0.034228961914777756, -0.0038779214955866337, -0.0018176803132519126, -0.0005935825756751001, 0.04803016036748886]","[-0.007512027397751808, -0.034228961914777756, -0.0038779214955866337, -0.0018176803132519126, -0.0005935825756751001, 0.04803016036748886]",1,1,True,"['A', 'F']","['A', 'F']"
5ac2423755429951e9e684ff::active_set_pack_b,5ac2423755429951e9e684ff,"['A', 'B', 'C', 'D', 'E', 'F']","[1, 0, 0, 0, 0, 1]","[-0.01210785936564207, -0.02824501506984234, -0.010909395292401314, -0.009325142949819565, -0.00765814958140254, 0.06824556738138199]","[-0.01210785936564207, -0.02824501506984234, -0.010909395292401314, -0.009325142949819565, -0.00765814958140254, 0.06824556738138199]","[-0.01210785936564207, -0.02824501506984234, -0.010909395292401314, -0.009325142949819565, -0.00765814958140254, 0.06824556738138199]",1,1,True,"['A', 'F']","['A', 'F']"
5a822d4655429926c1cdae45::working_set_pack_a,5a822d4655429926c1cdae45,"['A', 'B', 'C', 'D', 'E', 'F']","[0, 1, 0, 0, 0, 1]","[-0.0003713305341079831, 0.043236143887043, -0.011861605569720268, -0.011287091299891472, -0.015468388795852661, -0.004247716162353754]","[0.0003713305341079831, -0.043236143887043, 0.011861605569720268, 0.011287091299891472, 0.015468388795852661, 0.004247716162353754]","[0.0003713305341079831, -0.043236143887043, 0.011861605569720268, 0.011287091299891472, 0.015468388795852661, 0.004247716162353754]",-1,1,False,"['A', 'F']","['B', 'F']"
5a822d4655429926c1cdae45::active_set_pack_a,5a822d4655429926c1cdae45,"['A', 'B', 'C', 'D', 'E', 'F']","[0, 1, 0, 0, 0, 1]","[-0.000909134279936552, 0.04102696105837822, -0.011819579638540745, -0.011284304782748222, -0.012812841683626175, -0.004201112315058708]","[0.000909134279936552, -0.04102696105837822, 0.011819579638540745, 0.011284304782748222, 0.012812841683626175, 0.004201112315058708]","[0.000909134279936552, -0.04102696105837822, 0.011819579638540745, 0.011284304782748222, 0.012812841683626175, 0.004201112315058708]",-1,1,False,"['A', 'F']","['B', 'F']"
5a822d4655429926c1cdae45::working_set_pack_b,5a822d4655429926c1cdae45,"['A', 'B', 'C', 'D', 'E', 'F']","[0, 1, 0, 0, 0, 1]","[0.008019429631531239, 0.016871893778443336, 0.004741047043353319, 0.003988661337643862, -0.04303978011012077, 0.00941874086856842]","[0.008019429631531239, 0.016871893778443336, 0.004741047043353319, 0.003988661337643862, -0.04303978011012077, 0.00941874086856842]","[-0.008019429631531239, -0.016871893778443336, -0.004741047043353319, -0.003988661337643862, 0.04303978011012077, -0.00941874086856842]",-1,-1,False,"['A', 'F']","['B', 'F']"
5a822d4655429926c1cdae45::active_set_pack_b,5a822d4655429926c1cdae45,"['A', 'B', 'C', 'D', 'E', 'F']","[0, 1, 0, 0, 0, 1]","[-0.0017785474192351103, 0.047034043818712234, -0.011465809307992458, -0.010720821097493172, -0.01976938545703888, -0.003299473086372018]","[0.0017785474192351103, -0.047034043818712234, 0.011465809307992458, 0.010720821097493172, 0.01976938545703888, 0.003299473086372018]","[0.0017785474192351103, -0.047034043818712234, 0.011465809307992458, 0.010720821097493172, 0.01976938545703888, 0.003299473086372018]",-1,1,False,"['A', 'F']","['B', 'F']"
5ab9672655429970cfb8eabd::working_set_pack_a,5ab9672655429970cfb8eabd,"['A', 'B', 'C', 'D', 'E', 'F']","[0, 0, 1, 1, 0, 0]","[-0.1575201153755188, 0.03158516436815262, 0.03177610784769058, 0.030547378584742546, 0.03089156001806259, 0.032719917595386505]","[0.1575201153755188, -0.03158516436815262, -0.03177610784769058, -0.030547378584742546, -0.03089156001806259, -0.032719917595386505]","[-0.1575201153755188, 0.03158516436815262, 0.03177610784769058, 0.030547378584742546, 0.03089156001806259, 0.032719917595386505]",1,-1,False,"['A', 'D']","['C', 'D']"
5ab9672655429970cfb8eabd::active_set_pack_a,5ab9672655429970cfb8eabd,"['A', 'B', 'C', 'D', 'E', 'F']","[0, 0, 1, 1, 0, 0]","[-0.15087512135505676, 0.0299982950091362, 0.030309753492474556, 0.029152793809771538, 0.02979886159300804, 0.031615398824214935]","[0.15087512135505676, -0.0299982950091362, -0.030309753492474556, -0.029152793809771538, -0.02979886159300804, -0.031615398824214935]","[-0.15087512135505676, 0.0299982950091362, 0.030309753492474556, 0.029152793809771538, 0.02979886159300804, 0.031615398824214935]",1,-1,False,"['A', 'D']","['C', 'D']"
5ab9672655429970cfb8eabd::working_set_pack_b,5ab9672655429970cfb8eabd,"['A', 'B', 'C', 'D', 'E', 'F']","[0, 0, 1, 1, 0, 0]","[-0.09753517806529999, 0.01931064948439598, 0.017760777845978737, 0.0207375418394804, 0.017548030242323875, 0.022178199142217636]","[0.09753517806529999, -0.01931064948439598, -0.017760777845978737, -0.0207375418394804, -0.017548030242323875, -0.022178199142217636]","[-0.09753517806529999, 0.01931064948439598, 0.017760777845978737, 0.0207375418394804, 0.017548030242323875, 0.022178199142217636]",1,-1,False,"['A', 'D']","['C', 'D']"
5ab9672655429970cfb8eabd::active_set_pack_b,5ab9672655429970cfb8eabd,"['A', 'B', 'C', 'D', 'E', 'F']","[0, 0, 1, 1, 0, 0]","[-0.0783470869064331, 0.012411406263709068, 0.013687006197869778, 0.023230724036693573, 0.011530861258506775, 0.017487062141299248]","[0.0783470869064331, -0.012411406263709068, -0.013687006197869778, -0.023230724036693573, -0.011530861258506775, -0.017487062141299248]","[-0.0783470869064331, 0.012411406263709068, 0.013687006197869778, 0.023230724036693573, 0.011530861258506775, 0.017487062141299248]",1,-1,False,"['A', 'D']","['C', 'D']"
5abb1f745542996cc5e49fb5::working_set_pack_a,5abb1f745542996cc5e49fb5,"['A', 'B', 'C', 'D', 'E', 'F']","[1, 0, 0, 0, 0, 1]","[0.017111094668507576, 0.009783053770661354, 0.01061233039945364, 0.007422171998769045, -0.03260161727666855, -0.012327028438448906]","[0.017111094668507576, 0.009783053770661354, 0.01061233039945364, 0.007422171998769045, -0.03260161727666855, -0.012327028438448906]","[0.017111094668507576, 0.009783053770661354, 0.01061233039945364, 0.007422171998769045, -0.03260161727666855, -0.012327028438448906]",1,1,False,"['A', 'D']","['A', 'F']"
5abb1f745542996cc5e49fb5::active_set_pack_a,5abb1f745542996cc5e49fb5,"['A', 'B', 'C', 'D', 'E', 'F']","[1, 0, 0, 0, 0, 1]","[0.023359328508377075, 0.006883630994707346, 0.0074158282950520515, 0.004485669080168009, -0.031250037252902985, -0.010894418694078922]","[0.023359328508377075, 0.006883630994707346, 0.0074158282950520515, 0.004485669080168009, -0.031250037252902985, -0.010894418694078922]","[0.023359328508377075, 0.006883630994707346, 0.0074158282950520515, 0.004485669080168009, -0.031250037252902985, -0.010894418694078922]",1,1,False,"['A', 'D']","['A', 'F']"
5abb1f745542996cc5e49fb5::working_set_pack_b,5abb1f745542996cc5e49fb5,"['A', 'B', 'C', 'D', 'E', 'F']","[1, 0, 0, 0, 0, 1]","[0.03822492063045502, -0.003916063345968723, -0.004853278864175081, -0.004827861674129963, -0.016384510323405266, -0.008243209682404995]","[0.03822492063045502, -0.003916063345968723, -0.004853278864175081, -0.004827861674129963, -0.016384510323405266, -0.008243209682404995]","[-0.03822492063045502, 0.003916063345968723, 0.004853278864175081, 0.004827861674129963, 0.016384510323405266, 0.008243209682404995]",-1,-1,False,"['A', 'D']","['A', 'F']"
5abb1f745542996cc5e49fb5::active_set_pack_b,5abb1f745542996cc5e49fb5,"['A', 'B', 'C', 'D', 'E', 'F']","[1, 0, 0, 0, 0, 1]","[0.03986460715532303, -0.005158261861652136, -0.0060902428813278675, -0.006048459559679031, -0.01408375147730112, -0.00848388671875]","[0.03986460715532303, -0.005158261861652136, -0.0060902428813278675, -0.006048459559679031, -0.01408375147730112, -0.00848388671875]","[-0.03986460715532303, 0.005158261861652136, 0.0060902428813278675, 0.006048459559679031, 0.01408375147730112, 0.00848388671875]",-1,-1,False,"['A', 'D']","['A', 'F']"
5abbbd0f55429931dba144d5::working_set_pack_a,5abbbd0f55429931dba144d5,"['A', 'B', 'C', 'D', 'E', 'F']","[0, 1, 0, 1, 0, 0]","[-0.01765991374850273, 0.06774108856916428, -0.015534723177552223, -0.0034439940936863422, -0.01407529879361391, -0.01702718622982502]","[-0.01765991374850273, 0.06774108856916428, -0.015534723177552223, -0.0034439940936863422, -0.01407529879361391, -0.01702718622982502]","[0.01765991374850273, -0.06774108856916428, 0.015534723177552223, 0.0034439940936863422, 0.01407529879361391, 0.01702718622982502]",-1,-1,False,"['A', 'B']","['B', 'D']"
5abbbd0f55429931dba144d5::active_set_pack_a,5abbbd0f55429931dba144d5,"['A', 'B', 'C', 'D', 'E', 'F']","[0, 1, 0, 1, 0, 0]","[-0.01792321167886257, 0.07374103367328644, -0.016629964113235474, -0.005815430078655481, -0.015391002409160137, -0.017981447279453278]","[-0.01792321167886257, 0.07374103367328644, -0.016629964113235474, -0.005815430078655481, -0.015391002409160137, -0.017981447279453278]","[0.01792321167886257, -0.07374103367328644, 0.016629964113235474, 0.005815430078655481, 0.015391002409160137, 0.017981447279453278]",-1,-1,False,"['A', 'B']","['B', 'D']"
5abbbd0f55429931dba144d5::working_set_pack_b,5abbbd0f55429931dba144d5,"['A', 'B', 'C', 'D', 'E', 'F']","[0, 1, 0, 1, 0, 0]","[-0.013741033151745796, 0.0590936504304409, -0.011216865852475166, -0.005646397825330496, -0.016176462173461914, -0.012312871403992176]","[-0.013741033151745796, 0.0590936504304409, -0.011216865852475166, -0.005646397825330496, -0.016176462173461914, -0.012312871403992176]","[0.013741033151745796, -0.0590936504304409, 0.011216865852475166, 0.005646397825330496, 0.016176462173461914, 0.012312871403992176]",-1,-1,False,"['A', 'B']","['B', 'D']"
5abbbd0f55429931dba144d5::active_set_pack_b,5abbbd0f55429931dba144d5,"['A', 'B', 'C', 'D', 'E', 'F']","[0, 1, 0, 1, 0, 0]","[-0.013429827988147736, 0.06410297006368637, -0.012258452363312244, -0.006721357814967632, -0.017962777987122536, -0.01373056136071682]","[-0.013429827988147736, 0.06410297006368637, -0.012258452363312244, -0.006721357814967632, -0.017962777987122536, -0.01373056136071682]","[0.013429827988147736, -0.06410297006368637, 0.012258452363312244, 0.006721357814967632, 0.017962777987122536, 0.01373056136071682]",-1,-1,False,"['A', 'B']","['B', 'D']"
5ac3e8c65542997ea680c993::working_set_pack_a,5ac3e8c65542997ea680c993,"['A', 'B', 'C', 'D', 'E', 'F']","[0, 0, 0, 0, 1, 1]","[-0.008452203124761581, -0.010907109826803207, -0.007102541625499725, -0.0069624618627130985, -0.008547922596335411, 0.04197223484516144]","[-0.008452203124761581, -0.010907109826803207, -0.007102541625499725, -0.0069624618627130985, -0.008547922596335411, 0.04197223484516144]","[0.008452203124761581, 0.010907109826803207, 0.007102541625499725, 0.0069624618627130985, 0.008547922596335411, -0.04197223484516144]",-1,-1,False,"['A', 'F']","['E', 'F']"
5ac3e8c65542997ea680c993::active_set_pack_a,5ac3e8c65542997ea680c993,"['A', 'B', 'C', 'D', 'E', 'F']","[0, 0, 0, 0, 1, 1]","[-0.0081170117482543, -0.01114355307072401, -0.006612676661461592, -0.006395381409674883, -0.008049202151596546, 0.04031781852245331]","[-0.0081170117482543, -0.01114355307072401, -0.006612676661461592, -0.006395381409674883, -0.008049202151596546, 0.04031781852245331]","[0.0081170117482543, 0.01114355307072401, 0.006612676661461592, 0.006395381409674883, 0.008049202151596546, -0.04031781852245331]",-1,-1,False,"['A', 'F']","['E', 'F']"
5ac3e8c65542997ea680c993::working_set_pack_b,5ac3e8c65542997ea680c993,"['A', 'B', 'C', 'D', 'E', 'F']","[0, 0, 0, 0, 1, 1]","[-0.006964076776057482, -0.009887545369565487, -0.006671132519841194, -0.006001939531415701, -0.007415792904794216, 0.03694048896431923]","[-0.006964076776057482, -0.009887545369565487, -0.006671132519841194, -0.006001939531415701, -0.007415792904794216, 0.03694048896431923]","[0.006964076776057482, 0.009887545369565487, 0.006671132519841194, 0.006001939531415701, 0.007415792904794216, -0.03694048896431923]",-1,-1,False,"['A', 'F']","['E', 'F']"
5ac3e8c65542997ea680c993::active_set_pack_b,5ac3e8c65542997ea680c993,"['A', 'B', 'C', 'D', 'E', 'F']","[0, 0, 0, 0, 1, 1]","[-0.009518928825855255, -0.012791725806891918, -0.007591287139803171, -0.008225448429584503, -0.010368021205067635, 0.048495419323444366]","[-0.009518928825855255, -0.012791725806891918, -0.007591287139803171, -0.008225448429584503, -0.010368021205067635, 0.048495419323444366]","[0.009518928825855255, 0.012791725806891918, 0.007591287139803171, 0.008225448429584503, 0.010368021205067635, -0.048495419323444366]",-1,-1,False,"['A', 'F']","['E', 'F']"
5a87390555429960ec39b769::working_set_pack_a,5a87390555429960ec39b769,"['A', 'B', 'C', 'D', 'E', 'F']","[1, 0, 0, 0, 1, 0]","[-0.006284275092184544, -0.007860700599849224, -0.009457956068217754, -0.011328411288559437, 0.04861729219555855, -0.013685978949069977]","[-0.006284275092184544, -0.007860700599849224, -0.009457956068217754, -0.011328411288559437, 0.04861729219555855, -0.013685978949069977]","[0.006284275092184544, 0.007860700599849224, 0.009457956068217754, 0.011328411288559437, -0.04861729219555855, 0.013685978949069977]",-1,-1,True,"['A', 'E']","['A', 'E']"
5a87390555429960ec39b769::active_set_pack_a,5a87390555429960ec39b769,"['A', 'B', 'C', 'D', 'E', 'F']","[1, 0, 0, 0, 1, 0]","[-0.0066996123641729355, -0.008558287285268307, -0.009802998043596745, -0.011655688285827637, 0.05056947097182274, -0.013852891512215137]","[-0.0066996123641729355, -0.008558287285268307, -0.009802998043596745, -0.011655688285827637, 0.05056947097182274, -0.013852891512215137]","[0.0066996123641729355, 0.008558287285268307, 0.009802998043596745, 0.011655688285827637, -0.05056947097182274, 0.013852891512215137]",-1,-1,True,"['A', 'E']","['A', 'E']"
5a87390555429960ec39b769::working_set_pack_b,5a87390555429960ec39b769,"['A', 'B', 'C', 'D', 'E', 'F']","[1, 0, 0, 0, 1, 0]","[-0.0022118345368653536, -0.00793653167784214, -0.007645114324986935, -0.011836015619337559, 0.04315889626741409, -0.0135293984785676]","[-0.0022118345368653536, -0.00793653167784214, -0.007645114324986935, -0.011836015619337559, 0.04315889626741409, -0.0135293984785676]","[0.0022118345368653536, 0.00793653167784214, 0.007645114324986935, 0.011836015619337559, -0.04315889626741409, 0.0135293984785676]",-1,-1,True,"['A', 'E']","['A', 'E']"
5a87390555429960ec39b769::active_set_pack_b,5a87390555429960ec39b769,"['A', 'B', 'C', 'D', 'E', 'F']","[1, 0, 0, 0, 1, 0]","[-0.008234219625592232, -0.010062944144010544, -0.009658579714596272, -0.011497177183628082, 0.0535089373588562, -0.014056029729545116]","[0.008234219625592232, 0.010062944144010544, 0.009658579714596272, 0.011497177183628082, -0.0535089373588562, 0.014056029729545116]","[0.008234219625592232, 0.010062944144010544, 0.009658579714596272, 0.011497177183628082, -0.0535089373588562, 0.014056029729545116]",-1,1,False,"['A', 'C']","['A', 'E']"
5a8766cb5542996e4f3087d6::working_set_pack_a,5a8766cb5542996e4f3087d6,"['A', 'B', 'C', 'D', 'E', 'F']","[0, 0, 0, 1, 1, 0]","[-0.04676661640405655, 0.016723010689020157, 0.003946832846850157, 0.01547174621373415, 0.006809331476688385, 0.0038156884256750345]","[0.04676661640405655, -0.016723010689020157, -0.003946832846850157, -0.01547174621373415, -0.006809331476688385, -0.0038156884256750345]","[0.04676661640405655, -0.016723010689020157, -0.003946832846850157, -0.01547174621373415, -0.006809331476688385, -0.0038156884256750345]",-1,1,False,"['A', 'B']","['D', 'E']"
5a8766cb5542996e4f3087d6::active_set_pack_a,5a8766cb5542996e4f3087d6,"['A', 'B', 'C', 'D', 'E', 'F']","[0, 0, 0, 1, 1, 0]","[-0.04145330563187599, 0.027448398992419243, 0.0005224442575126886, 0.006311562843620777, 0.006286834366619587, 0.0008840481168590486]","[0.04145330563187599, -0.027448398992419243, -0.0005224442575126886, -0.006311562843620777, -0.006286834366619587, -0.0008840481168590486]","[-0.04145330563187599, 0.027448398992419243, 0.0005224442575126886, 0.006311562843620777, 0.006286834366619587, 0.0008840481168590486]",1,-1,False,"['A', 'B']","['D', 'E']"
5a8766cb5542996e4f3087d6::working_set_pack_b,5a8766cb5542996e4f3087d6,"['A', 'B', 'C', 'D', 'E', 'F']","[0, 0, 0, 1, 1, 0]","[-0.05510469898581505, 0.018454965204000473, 0.008666351437568665, 0.009580275043845177, 0.010246670804917812, 0.008156432770192623]","[0.05510469898581505, -0.018454965204000473, -0.008666351437568665, -0.009580275043845177, -0.010246670804917812, -0.008156432770192623]","[-0.05510469898581505, 0.018454965204000473, 0.008666351437568665, 0.009580275043845177, 0.010246670804917812, 0.008156432770192623]",1,-1,False,"['A', 'B']","['D', 'E']"
5a8766cb5542996e4f3087d6::active_set_pack_b,5a8766cb5542996e4f3087d6,"['A', 'B', 'C', 'D', 'E', 'F']","[0, 0, 0, 1, 1, 0]","[-0.05028453469276428, 0.01989426091313362, 0.005541965831071138, 0.010851590894162655, 0.008950293064117432, 0.005046412348747253]","[0.05028453469276428, -0.01989426091313362, -0.005541965831071138, -0.010851590894162655, -0.008950293064117432, -0.005046412348747253]","[-0.05028453469276428, 0.01989426091313362, 0.005541965831071138, 0.010851590894162655, 0.008950293064117432, 0.005046412348747253]",1,-1,False,"['A', 'B']","['D', 'E']"
5a7ca54c55429935c91b527f::working_set_pack_a,5a7ca54c55429935c91b527f,"['A', 'B', 'C', 'D', 'E', 'F']","[0, 1, 0, 0, 1, 0]","[-0.057406213134527206, -0.012261390686035156, -0.01762777380645275, -0.011222023516893387, 0.10807448625564575, -0.009557109326124191]","[-0.057406213134527206, -0.012261390686035156, -0.01762777380645275, -0.011222023516893387, 0.10807448625564575, -0.009557109326124191]","[0.057406213134527206, 0.012261390686035156, 0.01762777380645275, 0.011222023516893387, -0.10807448625564575, 0.009557109326124191]",-1,-1,False,"['A', 'E']","['B', 'E']"
5a7ca54c55429935c91b527f::active_set_pack_a,5a7ca54c55429935c91b527f,"['A', 'B', 'C', 'D', 'E', 'F']","[0, 1, 0, 0, 1, 0]","[-0.046750668436288834, -0.015827909111976624, -0.022365951910614967, -0.01571275107562542, 0.11440809071063995, -0.013750745914876461]","[-0.046750668436288834, -0.015827909111976624, -0.022365951910614967, -0.01571275107562542, 0.11440809071063995, -0.013750745914876461]","[0.046750668436288834, 0.015827909111976624, 0.022365951910614967, 0.01571275107562542, -0.11440809071063995, 0.013750745914876461]",-1,-1,False,"['A', 'E']","['B', 'E']"
5a7ca54c55429935c91b527f::working_set_pack_b,5a7ca54c55429935c91b527f,"['A', 'B', 'C', 'D', 'E', 'F']","[0, 1, 0, 0, 1, 0]","[-0.09523680061101913, 0.014379734173417091, 0.009434829466044903, 0.017516061663627625, 0.03600010275840759, 0.017906103283166885]","[0.09523680061101913, -0.014379734173417091, -0.009434829466044903, -0.017516061663627625, -0.03600010275840759, -0.017906103283166885]","[-0.09523680061101913, 0.014379734173417091, 0.009434829466044903, 0.017516061663627625, 0.03600010275840759, 0.017906103283166885]",1,-1,False,"['A', 'E']","['B', 'E']"
5a7ca54c55429935c91b527f::active_set_pack_b,5a7ca54c55429935c91b527f,"['A', 'B', 'C', 'D', 'E', 'F']","[0, 1, 0, 0, 1, 0]","[-0.03854285553097725, -0.013372635468840599, -0.02858525700867176, -0.013758091256022453, 0.10545933246612549, -0.011200488545000553]","[-0.03854285553097725, -0.013372635468840599, -0.02858525700867176, -0.013758091256022453, 0.10545933246612549, -0.011200488545000553]","[0.03854285553097725, 0.013372635468840599, 0.02858525700867176, 0.013758091256022453, -0.10545933246612549, 0.011200488545000553]",-1,-1,False,"['A', 'E']","['B', 'E']"
5a90c2b35542995651fb51df::working_set_pack_a,5a90c2b35542995651fb51df,"['A', 'B', 'C', 'D', 'E', 'F']","[0, 1, 0, 1, 0, 0]","[-0.03624861314892769, -0.01990184560418129, 0.017472844570875168, 0.08133472502231598, -0.022906482219696045, -0.019750654697418213]","[0.03624861314892769, 0.01990184560418129, -0.017472844570875168, -0.08133472502231598, 0.022906482219696045, 0.019750654697418213]","[0.03624861314892769, 0.01990184560418129, -0.017472844570875168, -0.08133472502231598, 0.022906482219696045, 0.019750654697418213]",-1,1,False,"['A', 'C']","['B', 'D']"
5a90c2b35542995651fb51df::active_set_pack_a,5a90c2b35542995651fb51df,"['A', 'B', 'C', 'D', 'E', 'F']","[0, 1, 0, 1, 0, 0]","[-0.03295418620109558, -0.027830680832266808, -0.017180103808641434, 0.13789694011211395, -0.031363338232040405, -0.028568612411618233]","[0.03295418620109558, 0.027830680832266808, 0.017180103808641434, -0.13789694011211395, 0.031363338232040405, 0.028568612411618233]","[0.03295418620109558, 0.027830680832266808, 0.017180103808641434, -0.13789694011211395, 0.031363338232040405, 0.028568612411618233]",-1,1,False,"['A', 'C']","['B', 'D']"
5a90c2b35542995651fb51df::working_set_pack_b,5a90c2b35542995651fb51df,"['A', 'B', 'C', 'D', 'E', 'F']","[0, 1, 0, 1, 0, 0]","[0.03634687140583992, 0.011105586774647236, -0.06798415631055832, -0.0023993183858692646, 0.011710992082953453, 0.011220059357583523]","[-0.03634687140583992, -0.011105586774647236, 0.06798415631055832, 0.0023993183858692646, -0.011710992082953453, -0.011220059357583523]","[0.03634687140583992, 0.011105586774647236, -0.06798415631055832, -0.0023993183858692646, 0.011710992082953453, 0.011220059357583523]",1,-1,False,"['A', 'C']","['B', 'D']"
5a90c2b35542995651fb51df::active_set_pack_b,5a90c2b35542995651fb51df,"['A', 'B', 'C', 'D', 'E', 'F']","[0, 1, 0, 1, 0, 0]","[0.043907053768634796, 0.03776727616786957, -0.19783267378807068, 0.036704905331134796, 0.03965163603425026, 0.03980183228850365]","[-0.043907053768634796, -0.03776727616786957, 0.19783267378807068, -0.036704905331134796, -0.03965163603425026, -0.03980183228850365]","[0.043907053768634796, 0.03776727616786957, -0.19783267378807068, 0.036704905331134796, 0.03965163603425026, 0.03980183228850365]",1,-1,False,"['A', 'C']","['B', 'D']"
5a74a3bd55429979e28829da::working_set_pack_a,5a74a3bd55429979e28829da,"['A', 'B', 'C', 'D', 'E', 'F']","[0, 1, 0, 0, 1, 0]","[0.007892697118222713, 0.019643496721982956, 0.01331497821956873, 0.01855856366455555, 0.016976339742541313, -0.07638608664274216]","[-0.007892697118222713, -0.019643496721982956, -0.01331497821956873, -0.01855856366455555, -0.016976339742541313, 0.07638608664274216]","[0.007892697118222713, 0.019643496721982956, 0.01331497821956873, 0.01855856366455555, 0.016976339742541313, -0.07638608664274216]",1,-1,False,"['A', 'F']","['B', 'E']"
5a74a3bd55429979e28829da::active_set_pack_a,5a74a3bd55429979e28829da,"['A', 'B', 'C', 'D', 'E', 'F']","[0, 1, 0, 0, 1, 0]","[0.012041500769555569, 0.022063348442316055, 0.01629934087395668, 0.02101157233119011, 0.01979597471654415, -0.09121176600456238]","[-0.012041500769555569, -0.022063348442316055, -0.01629934087395668, -0.02101157233119011, -0.01979597471654415, 0.09121176600456238]","[0.012041500769555569, 0.022063348442316055, 0.01629934087395668, 0.02101157233119011, 0.01979597471654415, -0.09121176600456238]",1,-1,False,"['A', 'F']","['B', 'E']"
5a74a3bd55429979e28829da::working_set_pack_b,5a74a3bd55429979e28829da,"['A', 'B', 'C', 'D', 'E', 'F']","[0, 1, 0, 0, 1, 0]","[1.3185313036956359e-05, 0.0190516896545887, 0.011363557539880276, 0.018284739926457405, 0.016472071409225464, -0.06518522650003433]","[-1.3185313036956359e-05, -0.0190516896545887, -0.011363557539880276, -0.018284739926457405, -0.016472071409225464, 0.06518522650003433]","[1.3185313036956359e-05, 0.0190516896545887, 0.011363557539880276, 0.018284739926457405, 0.016472071409225464, -0.06518522650003433]",1,-1,False,"['A', 'F']","['B', 'E']"
5a74a3bd55429979e28829da::active_set_pack_b,5a74a3bd55429979e28829da,"['A', 'B', 'C', 'D', 'E', 'F']","[0, 1, 0, 0, 1, 0]","[0.010466573759913445, 0.02135661244392395, 0.016571911051869392, 0.020674528554081917, 0.01978527568280697, -0.08885495364665985]","[-0.010466573759913445, -0.02135661244392395, -0.016571911051869392, -0.020674528554081917, -0.01978527568280697, 0.08885495364665985]","[0.010466573759913445, 0.02135661244392395, 0.016571911051869392, 0.020674528554081917, 0.01978527568280697, -0.08885495364665985]",1,-1,False,"['A', 'F']","['B', 'E']"
5add3b665542997545bbbcd2::working_set_pack_a,5add3b665542997545bbbcd2,"['A', 'B', 'C', 'D', 'E', 'F']","[1, 1, 0, 0, 0, 0]","[0.030558869242668152, -0.005897160619497299, -0.01553436554968357, 0.01585092581808567, -0.012756763957440853, -0.012221505865454674]","[0.030558869242668152, -0.005897160619497299, -0.01553436554968357, 0.01585092581808567, -0.012756763957440853, -0.012221505865454674]","[-0.030558869242668152, 0.005897160619497299, 0.01553436554968357, -0.01585092581808567, 0.012756763957440853, 0.012221505865454674]",-1,-1,True,"['A', 'B']","['A', 'B']"
5add3b665542997545bbbcd2::active_set_pack_a,5add3b665542997545bbbcd2,"['A', 'B', 'C', 'D', 'E', 'F']","[1, 1, 0, 0, 0, 0]","[0.029376067221164703, -0.005317234434187412, -0.014451264403760433, 0.014801220037043095, -0.012527087703347206, -0.011881701648235321]","[0.029376067221164703, -0.005317234434187412, -0.014451264403760433, 0.014801220037043095, -0.012527087703347206, -0.011881701648235321]","[-0.029376067221164703, 0.005317234434187412, 0.014451264403760433, -0.014801220037043095, 0.012527087703347206, 0.011881701648235321]",-1,-1,True,"['A', 'B']","['A', 'B']"
5add3b665542997545bbbcd2::working_set_pack_b,5add3b665542997545bbbcd2,"['A', 'B', 'C', 'D', 'E', 'F']","[1, 1, 0, 0, 0, 0]","[0.03464217856526375, -0.008217661641538143, -0.013337626121938229, 0.016853192821145058, -0.01566702499985695, -0.01427305955439806]","[0.03464217856526375, -0.008217661641538143, -0.013337626121938229, 0.016853192821145058, -0.01566702499985695, -0.01427305955439806]","[-0.03464217856526375, 0.008217661641538143, 0.013337626121938229, -0.016853192821145058, 0.01566702499985695, 0.01427305955439806]",-1,-1,True,"['A', 'B']","['A', 'B']"
5add3b665542997545bbbcd2::active_set_pack_b,5add3b665542997545bbbcd2,"['A', 'B', 'C', 'D', 'E', 'F']","[1, 1, 0, 0, 0, 0]","[0.02865125611424446, -0.009297511540353298, -0.015892067924141884, 0.02727820724248886, -0.016130933538079262, -0.014608954079449177]","[0.02865125611424446, -0.009297511540353298, -0.015892067924141884, 0.02727820724248886, -0.016130933538079262, -0.014608954079449177]","[-0.02865125611424446, 0.009297511540353298, 0.015892067924141884, -0.02727820724248886, 0.016130933538079262, 0.014608954079449177]",-1,-1,True,"['A', 'B']","['A', 'B']"
5ab728e45542992aa3b8c7b4::working_set_pack_a,5ab728e45542992aa3b8c7b4,"['A', 'B', 'C', 'D', 'E', 'F']","[0, 0, 0, 1, 0, 1]","[0.015477101318538189, 0.005040849093347788, 0.000678680429700762, 0.00500709842890501, -0.041902896016836166, 0.015699148178100586]","[0.015477101318538189, 0.005040849093347788, 0.000678680429700762, 0.00500709842890501, -0.041902896016836166, 0.015699148178100586]","[0.015477101318538189, 0.005040849093347788, 0.000678680429700762, 0.00500709842890501, -0.041902896016836166, 0.015699148178100586]",1,1,False,"['A', 'F']","['D', 'F']"
5ab728e45542992aa3b8c7b4::active_set_pack_a,5ab728e45542992aa3b8c7b4,"['A', 'B', 'C', 'D', 'E', 'F']","[0, 0, 0, 1, 0, 1]","[0.01476044487208128, 0.005227545276284218, 0.001149026327766478, 0.00529501074925065, -0.043748024851083755, 0.017316017299890518]","[0.01476044487208128, 0.005227545276284218, 0.001149026327766478, 0.00529501074925065, -0.043748024851083755, 0.017316017299890518]","[0.01476044487208128, 0.005227545276284218, 0.001149026327766478, 0.00529501074925065, -0.043748024851083755, 0.017316017299890518]",1,1,False,"['A', 'D']","['D', 'F']"
5ab728e45542992aa3b8c7b4::working_set_pack_b,5ab728e45542992aa3b8c7b4,"['A', 'B', 'C', 'D', 'E', 'F']","[0, 0, 0, 1, 0, 1]","[0.006896328181028366, -0.0020484854467213154, -0.005423815920948982, -0.002568774623796344, -0.02918979525566101, 0.03233454376459122]","[0.006896328181028366, -0.0020484854467213154, -0.005423815920948982, -0.002568774623796344, -0.02918979525566101, 0.03233454376459122]","[0.006896328181028366, -0.0020484854467213154, -0.005423815920948982, -0.002568774623796344, -0.02918979525566101, 0.03233454376459122]",1,1,False,"['A', 'D']","['D', 'F']"
5ab728e45542992aa3b8c7b4::active_set_pack_b,5ab728e45542992aa3b8c7b4,"['A', 'B', 'C', 'D', 'E', 'F']","[0, 0, 0, 1, 0, 1]","[0.020602576434612274, 0.01591513678431511, 0.011591427028179169, 0.016360586509108543, -0.09447194635868073, 0.03000221587717533]","[-0.020602576434612274, -0.01591513678431511, -0.011591427028179169, -0.016360586509108543, 0.09447194635868073, -0.03000221587717533]","[0.020602576434612274, 0.01591513678431511, 0.011591427028179169, 0.016360586509108543, -0.09447194635868073, 0.03000221587717533]",1,-1,False,"['A', 'E']","['D', 'F']"
5a74fbe55542996c70cfae63::working_set_pack_a,5a74fbe55542996c70cfae63,"['A', 'B', 'C', 'D', 'E', 'F']","[1, 0, 1, 0, 0, 0]","[0.000513416132889688, -0.0068301972933113575, 0.06587869673967361, -0.003587312065064907, -0.0031382024753838778, -0.05283640697598457]","[0.000513416132889688, -0.0068301972933113575, 0.06587869673967361, -0.003587312065064907, -0.0031382024753838778, -0.05283640697598457]","[0.000513416132889688, -0.0068301972933113575, 0.06587869673967361, -0.003587312065064907, -0.0031382024753838778, -0.05283640697598457]",1,1,True,"['A', 'C']","['A', 'C']"
5a74fbe55542996c70cfae63::active_set_pack_a,5a74fbe55542996c70cfae63,"['A', 'B', 'C', 'D', 'E', 'F']","[1, 0, 1, 0, 0, 0]","[-0.02271422930061817, -0.02742937207221985, 0.12970994412899017, -0.02538258209824562, -0.025052634999155998, -0.029131168499588966]","[-0.02271422930061817, -0.02742937207221985, 0.12970994412899017, -0.02538258209824562, -0.025052634999155998, -0.029131168499588966]","[0.02271422930061817, 0.02742937207221985, -0.12970994412899017, 0.02538258209824562, 0.025052634999155998, 0.029131168499588966]",-1,-1,True,"['A', 'C']","['A', 'C']"
5a74fbe55542996c70cfae63::working_set_pack_b,5a74fbe55542996c70cfae63,"['A', 'B', 'C', 'D', 'E', 'F']","[1, 0, 1, 0, 0, 0]","[0.04896566644310951, -0.015691563487052917, -0.002309535862877965, -0.00626093614846468, -0.005676543805748224, -0.019027091562747955]","[0.04896566644310951, -0.015691563487052917, -0.002309535862877965, -0.00626093614846468, -0.005676543805748224, -0.019027091562747955]","[-0.04896566644310951, 0.015691563487052917, 0.002309535862877965, 0.00626093614846468, 0.005676543805748224, 0.019027091562747955]",-1,-1,True,"['A', 'C']","['A', 'C']"
5a74fbe55542996c70cfae63::active_set_pack_b,5a74fbe55542996c70cfae63,"['A', 'B', 'C', 'D', 'E', 'F']","[1, 0, 1, 0, 0, 0]","[-0.026998165994882584, -0.033474236726760864, 0.1501641720533371, -0.030200324952602386, -0.029883775860071182, -0.02960769645869732]","[-0.026998165994882584, -0.033474236726760864, 0.1501641720533371, -0.030200324952602386, -0.029883775860071182, -0.02960769645869732]","[0.026998165994882584, 0.033474236726760864, -0.1501641720533371, 0.030200324952602386, 0.029883775860071182, 0.02960769645869732]",-1,-1,True,"['A', 'C']","['A', 'C']"
5ab30bbb55429976abd1bc39::working_set_pack_a,5ab30bbb55429976abd1bc39,"['A', 'B', 'C', 'D', 'E', 'F']","[1, 0, 0, 1, 0, 0]","[0.03944392874836922, 0.0012765622232109308, -0.006854280363768339, 0.0007527764537371695, -0.015988493338227272, -0.018630484119057655]","[0.03944392874836922, 0.0012765622232109308, -0.006854280363768339, 0.0007527764537371695, -0.015988493338227272, -0.018630484119057655]","[-0.03944392874836922, -0.0012765622232109308, 0.006854280363768339, -0.0007527764537371695, 0.015988493338227272, 0.018630484119057655]",-1,-1,True,"['A', 'D']","['A', 'D']"
5ab30bbb55429976abd1bc39::active_set_pack_a,5ab30bbb55429976abd1bc39,"['A', 'B', 'C', 'D', 'E', 'F']","[1, 0, 0, 1, 0, 0]","[0.03847205638885498, 1.4603234603782766e-06, -0.00882068369537592, 0.00624602846801281, -0.017717452719807625, -0.018181413412094116]","[0.03847205638885498, 1.4603234603782766e-06, -0.00882068369537592, 0.00624602846801281, -0.017717452719807625, -0.018181413412094116]","[-0.03847205638885498, -1.4603234603782766e-06, 0.00882068369537592, -0.00624602846801281, 0.017717452719807625, 0.018181413412094116]",-1,-1,True,"['A', 'D']","['A', 'D']"
5ab30bbb55429976abd1bc39::working_set_pack_b,5ab30bbb55429976abd1bc39,"['A', 'B', 'C', 'D', 'E', 'F']","[1, 0, 0, 1, 0, 0]","[0.042363859713077545, -0.0012651849538087845, -0.00757751427590847, -0.0013760781148448586, -0.01968349516391754, -0.01246159803122282]","[0.042363859713077545, -0.0012651849538087845, -0.00757751427590847, -0.0013760781148448586, -0.01968349516391754, -0.01246159803122282]","[-0.042363859713077545, 0.0012651849538087845, 0.00757751427590847, 0.0013760781148448586, 0.01968349516391754, 0.01246159803122282]",-1,-1,True,"['A', 'D']","['A', 'D']"
5ab30bbb55429976abd1bc39::active_set_pack_b,5ab30bbb55429976abd1bc39,"['A', 'B', 'C', 'D', 'E', 'F']","[1, 0, 0, 1, 0, 0]","[0.048725757747888565, -0.0026486385613679886, -0.009435389190912247, -0.0026277198921889067, -0.019866639748215675, -0.01414736732840538]","[0.048725757747888565, -0.0026486385613679886, -0.009435389190912247, -0.0026277198921889067, -0.019866639748215675, -0.01414736732840538]","[-0.048725757747888565, 0.0026486385613679886, 0.009435389190912247, 0.0026277198921889067, 0.019866639748215675, 0.01414736732840538]",-1,-1,True,"['A', 'D']","['A', 'D']"
5abdbeed5542993062266cdd::working_set_pack_a,5abdbeed5542993062266cdd,"['A', 'B', 'C', 'D', 'E', 'F']","[0, 0, 1, 0, 1, 0]","[0.02611517161130905, 0.029427627101540565, 0.028436696156859398, -0.1392955332994461, 0.026853501796722412, 0.028462568297982216]","[0.02611517161130905, 0.029427627101540565, 0.028436696156859398, -0.1392955332994461, 0.026853501796722412, 0.028462568297982216]","[0.02611517161130905, 0.029427627101540565, 0.028436696156859398, -0.1392955332994461, 0.026853501796722412, 0.028462568297982216]",1,1,False,"['A', 'E']","['C', 'E']"
5abdbeed5542993062266cdd::active_set_pack_a,5abdbeed5542993062266cdd,"['A', 'B', 'C', 'D', 'E', 'F']","[0, 0, 1, 0, 1, 0]","[0.024029916152358055, 0.027565842494368553, 0.02701404318213463, -0.13040666282176971, 0.02501906082034111, 0.02677784115076065]","[-0.024029916152358055, -0.027565842494368553, -0.02701404318213463, 0.13040666282176971, -0.02501906082034111, -0.02677784115076065]","[0.024029916152358055, 0.027565842494368553, 0.02701404318213463, -0.13040666282176971, 0.02501906082034111, 0.02677784115076065]",1,-1,False,"['A', 'D']","['C', 'E']"
5abdbeed5542993062266cdd::working_set_pack_b,5abdbeed5542993062266cdd,"['A', 'B', 'C', 'D', 'E', 'F']","[0, 0, 1, 0, 1, 0]","[0.01805061101913452, 0.02245231904089451, 0.022589612752199173, -0.10786613076925278, 0.02222360670566559, 0.022549979388713837]","[-0.01805061101913452, -0.02245231904089451, -0.022589612752199173, 0.10786613076925278, -0.02222360670566559, -0.022549979388713837]","[0.01805061101913452, 0.02245231904089451, 0.022589612752199173, -0.10786613076925278, 0.02222360670566559, 0.022549979388713837]",1,-1,False,"['A', 'D']","['C', 'E']"
5abdbeed5542993062266cdd::active_set_pack_b,5abdbeed5542993062266cdd,"['A', 'B', 'C', 'D', 'E', 'F']","[0, 0, 1, 0, 1, 0]","[0.025926463305950165, 0.03086084872484207, 0.02959676831960678, -0.14304307103157043, 0.026716334745287895, 0.02994268760085106]","[-0.025926463305950165, -0.03086084872484207, -0.02959676831960678, 0.14304307103157043, -0.026716334745287895, -0.02994268760085106]","[0.025926463305950165, 0.03086084872484207, 0.02959676831960678, -0.14304307103157043, 0.026716334745287895, 0.02994268760085106]",1,-1,False,"['A', 'D']","['C', 'E']"
5ab6e84a554299710c8d1fab::working_set_pack_a,5ab6e84a554299710c8d1fab,"['A', 'B', 'C', 'D', 'E', 'F']","[1, 1, 0, 0, 0, 0]","[-0.033823899924755096, 0.16799034178256989, -0.03702695295214653, -0.03451978787779808, -0.039413899183273315, -0.023205745965242386]","[-0.033823899924755096, 0.16799034178256989, -0.03702695295214653, -0.03451978787779808, -0.039413899183273315, -0.023205745965242386]","[0.033823899924755096, -0.16799034178256989, 0.03702695295214653, 0.03451978787779808, 0.039413899183273315, 0.023205745965242386]",-1,-1,True,"['A', 'B']","['A', 'B']"
5ab6e84a554299710c8d1fab::active_set_pack_a,5ab6e84a554299710c8d1fab,"['A', 'B', 'C', 'D', 'E', 'F']","[1, 1, 0, 0, 0, 0]","[-0.03126973658800125, 0.1552310287952423, -0.03406812995672226, -0.03198830783367157, -0.03686247393488884, -0.021042419597506523]","[-0.03126973658800125, 0.1552310287952423, -0.03406812995672226, -0.03198830783367157, -0.03686247393488884, -0.021042419597506523]","[0.03126973658800125, -0.1552310287952423, 0.03406812995672226, 0.03198830783367157, 0.03686247393488884, 0.021042419597506523]",-1,-1,True,"['A', 'B']","['A', 'B']"
5ab6e84a554299710c8d1fab::working_set_pack_b,5ab6e84a554299710c8d1fab,"['A', 'B', 'C', 'D', 'E', 'F']","[1, 1, 0, 0, 0, 0]","[-0.03267018496990204, 0.16584786772727966, -0.036990538239479065, -0.035051509737968445, -0.03962211310863495, -0.021513506770133972]","[-0.03267018496990204, 0.16584786772727966, -0.036990538239479065, -0.035051509737968445, -0.03962211310863495, -0.021513506770133972]","[0.03267018496990204, -0.16584786772727966, 0.036990538239479065, 0.035051509737968445, 0.03962211310863495, 0.021513506770133972]",-1,-1,True,"['A', 'B']","['A', 'B']"
5ab6e84a554299710c8d1fab::active_set_pack_b,5ab6e84a554299710c8d1fab,"['A', 'B', 'C', 'D', 'E', 'F']","[1, 1, 0, 0, 0, 0]","[-0.0271417535841465, 0.14535187184810638, -0.03282036632299423, -0.030500855296850204, -0.03578342869877815, -0.019105462357401848]","[-0.0271417535841465, 0.14535187184810638, -0.03282036632299423, -0.030500855296850204, -0.03578342869877815, -0.019105462357401848]","[0.0271417535841465, -0.14535187184810638, 0.03282036632299423, 0.030500855296850204, 0.03578342869877815, 0.019105462357401848]",-1,-1,True,"['A', 'B']","['A', 'B']"
5a90454855429933b8a204bb::working_set_pack_a,5a90454855429933b8a204bb,"['A', 'B', 'C', 'D', 'E', 'F']","[0, 1, 0, 0, 1, 0]","[-0.019039003178477287, 0.08873298764228821, -0.017031123861670494, -0.013733691535890102, -0.01812015473842621, -0.0208089929074049]","[-0.019039003178477287, 0.08873298764228821, -0.017031123861670494, -0.013733691535890102, -0.01812015473842621, -0.0208089929074049]","[0.019039003178477287, -0.08873298764228821, 0.017031123861670494, 0.013733691535890102, 0.01812015473842621, 0.0208089929074049]",-1,-1,False,"['A', 'B']","['B', 'E']"
5a90454855429933b8a204bb::active_set_pack_a,5a90454855429933b8a204bb,"['A', 'B', 'C', 'D', 'E', 'F']","[0, 1, 0, 0, 1, 0]","[-0.015301099978387356, 0.06992107629776001, -0.013126237317919731, -0.00959635991603136, -0.014290368184447289, -0.017606966197490692]","[0.015301099978387356, -0.06992107629776001, 0.013126237317919731, 0.00959635991603136, 0.014290368184447289, 0.017606966197490692]","[0.015301099978387356, -0.06992107629776001, 0.013126237317919731, 0.00959635991603136, 0.014290368184447289, 0.017606966197490692]",-1,1,False,"['A', 'D']","['B', 'E']"
5a90454855429933b8a204bb::working_set_pack_b,5a90454855429933b8a204bb,"['A', 'B', 'C', 'D', 'E', 'F']","[0, 1, 0, 0, 1, 0]","[-0.013057352975010872, 0.06342048197984695, -0.011024894192814827, -0.010272751562297344, -0.012374835088849068, -0.016690654680132866]","[-0.013057352975010872, 0.06342048197984695, -0.011024894192814827, -0.010272751562297344, -0.012374835088849068, -0.016690654680132866]","[0.013057352975010872, -0.06342048197984695, 0.011024894192814827, 0.010272751562297344, 0.012374835088849068, 0.016690654680132866]",-1,-1,False,"['A', 'B']","['B', 'E']"
5a90454855429933b8a204bb::active_set_pack_b,5a90454855429933b8a204bb,"['A', 'B', 'C', 'D', 'E', 'F']","[0, 1, 0, 0, 1, 0]","[-0.017641237005591393, 0.08572787046432495, -0.01631489396095276, -0.011833606287837029, -0.01827515847980976, -0.0216629970818758]","[-0.017641237005591393, 0.08572787046432495, -0.01631489396095276, -0.011833606287837029, -0.01827515847980976, -0.0216629970818758]","[0.017641237005591393, -0.08572787046432495, 0.01631489396095276, 0.011833606287837029, 0.01827515847980976, 0.0216629970818758]",-1,-1,False,"['A', 'B']","['B', 'E']"
5abeed7e5542993fe9a41da0::working_set_pack_a,5abeed7e5542993fe9a41da0,"['A', 'B', 'C', 'D', 'E', 'F']","[1, 0, 1, 0, 0, 0]","[-0.01993979699909687, -0.020091675221920013, 0.09736891090869904, -0.02394113875925541, -0.023141374811530113, -0.010254929773509502]","[-0.01993979699909687, -0.020091675221920013, 0.09736891090869904, -0.02394113875925541, -0.023141374811530113, -0.010254929773509502]","[0.01993979699909687, 0.020091675221920013, -0.09736891090869904, 0.02394113875925541, 0.023141374811530113, 0.010254929773509502]",-1,-1,True,"['A', 'C']","['A', 'C']"
5abeed7e5542993fe9a41da0::active_set_pack_a,5abeed7e5542993fe9a41da0,"['A', 'B', 'C', 'D', 'E', 'F']","[1, 0, 1, 0, 0, 0]","[-0.019128892570734024, -0.019741658121347427, 0.09591376036405563, -0.023956824094057083, -0.023015521466732025, -0.01007087528705597]","[-0.019128892570734024, -0.019741658121347427, 0.09591376036405563, -0.023956824094057083, -0.023015521466732025, -0.01007087528705597]","[0.019128892570734024, 0.019741658121347427, -0.09591376036405563, 0.023956824094057083, 0.023015521466732025, 0.01007087528705597]",-1,-1,True,"['A', 'C']","['A', 'C']"
5abeed7e5542993fe9a41da0::working_set_pack_b,5abeed7e5542993fe9a41da0,"['A', 'B', 'C', 'D', 'E', 'F']","[1, 0, 1, 0, 0, 0]","[-0.021469011902809143, -0.020423524081707, 0.09828013181686401, -0.02438312955200672, -0.023641088977456093, -0.008363365195691586]","[-0.021469011902809143, -0.020423524081707, 0.09828013181686401, -0.02438312955200672, -0.023641088977456093, -0.008363365195691586]","[0.021469011902809143, 0.020423524081707, -0.09828013181686401, 0.02438312955200672, 0.023641088977456093, 0.008363365195691586]",-1,-1,True,"['A', 'C']","['A', 'C']"
5abeed7e5542993fe9a41da0::active_set_pack_b,5abeed7e5542993fe9a41da0,"['A', 'B', 'C', 'D', 'E', 'F']","[1, 0, 1, 0, 0, 0]","[-0.024241384118795395, -0.022110696882009506, 0.115622378885746, -0.028425658121705055, -0.027002952992916107, -0.013841681182384491]","[-0.024241384118795395, -0.022110696882009506, 0.115622378885746, -0.028425658121705055, -0.027002952992916107, -0.013841681182384491]","[0.024241384118795395, 0.022110696882009506, -0.115622378885746, 0.028425658121705055, 0.027002952992916107, 0.013841681182384491]",-1,-1,True,"['A', 'C']","['A', 'C']"
5ab5141a5542991779162d70::working_set_pack_a,5ab5141a5542991779162d70,"['A', 'B', 'C', 'D', 'E', 'F']","[0, 0, 0, 1, 1, 0]","[0.023890184238553047, 0.017211800441145897, 0.020446646958589554, 0.024571800604462624, 0.023455562070012093, -0.10957599431276321]","[0.023890184238553047, 0.017211800441145897, 0.020446646958589554, 0.024571800604462624, 0.023455562070012093, -0.10957599431276321]","[0.023890184238553047, 0.017211800441145897, 0.020446646958589554, 0.024571800604462624, 0.023455562070012093, -0.10957599431276321]",1,1,False,"['A', 'D']","['D', 'E']"
5ab5141a5542991779162d70::active_set_pack_a,5ab5141a5542991779162d70,"['A', 'B', 'C', 'D', 'E', 'F']","[0, 0, 0, 1, 1, 0]","[0.016430243849754333, 0.0013959495117887855, 0.005928134545683861, 0.013992388732731342, 0.007311813998967409, -0.04505855590105057]","[0.016430243849754333, 0.0013959495117887855, 0.005928134545683861, 0.013992388732731342, 0.007311813998967409, -0.04505855590105057]","[0.016430243849754333, 0.0013959495117887855, 0.005928134545683861, 0.013992388732731342, 0.007311813998967409, -0.04505855590105057]",1,1,False,"['A', 'D']","['D', 'E']"
5ab5141a5542991779162d70::working_set_pack_b,5ab5141a5542991779162d70,"['A', 'B', 'C', 'D', 'E', 'F']","[0, 0, 0, 1, 1, 0]","[0.025484973564743996, 0.018032144755125046, 0.0234867874532938, 0.024394333362579346, 0.024955686181783676, -0.11635393649339676]","[0.025484973564743996, 0.018032144755125046, 0.0234867874532938, 0.024394333362579346, 0.024955686181783676, -0.11635393649339676]","[0.025484973564743996, 0.018032144755125046, 0.0234867874532938, 0.024394333362579346, 0.024955686181783676, -0.11635393649339676]",1,1,False,"['A', 'D']","['D', 'E']"
5ab5141a5542991779162d70::active_set_pack_b,5ab5141a5542991779162d70,"['A', 'B', 'C', 'D', 'E', 'F']","[0, 0, 0, 1, 1, 0]","[0.019082041457295418, 0.012356169521808624, 0.013188577257096767, 0.025720098987221718, 0.015909243375062943, -0.08625610917806625]","[0.019082041457295418, 0.012356169521808624, 0.013188577257096767, 0.025720098987221718, 0.015909243375062943, -0.08625610917806625]","[0.019082041457295418, 0.012356169521808624, 0.013188577257096767, 0.025720098987221718, 0.015909243375062943, -0.08625610917806625]",1,1,False,"['A', 'D']","['D', 'E']"
5a7a0d455542990783324e13::working_set_pack_a,5a7a0d455542990783324e13,"['A', 'B', 'C', 'D', 'E', 'F']","[0, 1, 0, 0, 0, 1]","[-0.06091662496328354, -0.061167337000370026, -0.06405729800462723, -0.06523700803518295, -0.06291808933019638, 0.3142963647842407]","[-0.06091662496328354, -0.061167337000370026, -0.06405729800462723, -0.06523700803518295, -0.06291808933019638, 0.3142963647842407]","[-0.06091662496328354, -0.061167337000370026, -0.06405729800462723, -0.06523700803518295, -0.06291808933019638, 0.3142963647842407]",1,1,False,"['A', 'F']","['B', 'F']"
5a7a0d455542990783324e13::active_set_pack_a,5a7a0d455542990783324e13,"['A', 'B', 'C', 'D', 'E', 'F']","[0, 1, 0, 0, 0, 1]","[-0.05691153183579445, -0.057380326092243195, -0.05955498665571213, -0.06056978181004524, -0.05842871591448784, 0.2928452789783478]","[-0.05691153183579445, -0.057380326092243195, -0.05955498665571213, -0.06056978181004524, -0.05842871591448784, 0.2928452789783478]","[-0.05691153183579445, -0.057380326092243195, -0.05955498665571213, -0.06056978181004524, -0.05842871591448784, 0.2928452789783478]",1,1,False,"['A', 'F']","['B', 'F']"
5a7a0d455542990783324e13::working_set_pack_b,5a7a0d455542990783324e13,"['A', 'B', 'C', 'D', 'E', 'F']","[0, 1, 0, 0, 0, 1]","[-0.0475957877933979, -0.048366744071245193, -0.05158528313040733, -0.05346168205142021, -0.05004416033625603, 0.25105369091033936]","[-0.0475957877933979, -0.048366744071245193, -0.05158528313040733, -0.05346168205142021, -0.05004416033625603, 0.25105369091033936]","[0.0475957877933979, 0.048366744071245193, 0.05158528313040733, 0.05346168205142021, 0.05004416033625603, -0.25105369091033936]",-1,-1,False,"['A', 'F']","['B', 'F']"
5a7a0d455542990783324e13::active_set_pack_b,5a7a0d455542990783324e13,"['A', 'B', 'C', 'D', 'E', 'F']","[0, 1, 0, 0, 0, 1]","[-0.08884722739458084, -0.08802258968353271, -0.09115207940340042, -0.09244102239608765, -0.09067797660827637, 0.4511408805847168]","[-0.08884722739458084, -0.08802258968353271, -0.09115207940340042, -0.09244102239608765, -0.09067797660827637, 0.4511408805847168]","[-0.08884722739458084, -0.08802258968353271, -0.09115207940340042, -0.09244102239608765, -0.09067797660827637, 0.4511408805847168]",1,1,False,"['A', 'F']","['B', 'F']"
5ab42ebd5542992339550047::working_set_pack_a,5ab42ebd5542992339550047,"['A', 'B', 'C', 'D', 'E', 'F']","[0, 1, 0, 0, 0, 1]","[-0.02389371581375599, 0.07240373641252518, -0.019648898392915726, -0.017795056104660034, 0.008215567097067833, -0.019281618297100067]","[-0.02389371581375599, 0.07240373641252518, -0.019648898392915726, -0.017795056104660034, 0.008215567097067833, -0.019281618297100067]","[0.02389371581375599, -0.07240373641252518, 0.019648898392915726, 0.017795056104660034, -0.008215567097067833, 0.019281618297100067]",-1,-1,False,"['A', 'B']","['B', 'F']"
5ab42ebd5542992339550047::active_set_pack_a,5ab42ebd5542992339550047,"['A', 'B', 'C', 'D', 'E', 'F']","[0, 1, 0, 0, 0, 1]","[-0.021675201132893562, 0.05807267874479294, -0.016443025320768356, -0.014578414149582386, 0.009241531603038311, -0.014617573469877243]","[-0.021675201132893562, 0.05807267874479294, -0.016443025320768356, -0.014578414149582386, 0.009241531603038311, -0.014617573469877243]","[0.021675201132893562, -0.05807267874479294, 0.016443025320768356, 0.014578414149582386, -0.009241531603038311, 0.014617573469877243]",-1,-1,False,"['A', 'B']","['B', 'F']"
5ab42ebd5542992339550047::working_set_pack_b,5ab42ebd5542992339550047,"['A', 'B', 'C', 'D', 'E', 'F']","[0, 1, 0, 0, 0, 1]","[-0.015544322319328785, 0.05966877564787865, -0.01553791668266058, -0.015345356427133083, 0.00048082496505230665, -0.013722000643610954]","[-0.015544322319328785, 0.05966877564787865, -0.01553791668266058, -0.015345356427133083, 0.00048082496505230665, -0.013722000643610954]","[0.015544322319328785, -0.05966877564787865, 0.01553791668266058, 0.015345356427133083, -0.00048082496505230665, 0.013722000643610954]",-1,-1,False,"['A', 'B']","['B', 'F']"
5ab42ebd5542992339550047::active_set_pack_b,5ab42ebd5542992339550047,"['A', 'B', 'C', 'D', 'E', 'F']","[0, 1, 0, 0, 0, 1]","[-0.019323956221342087, 0.08856767416000366, -0.022747352719306946, -0.020667826756834984, -0.006489519029855728, -0.019339028745889664]","[-0.019323956221342087, 0.08856767416000366, -0.022747352719306946, -0.020667826756834984, -0.006489519029855728, -0.019339028745889664]","[0.019323956221342087, -0.08856767416000366, 0.022747352719306946, 0.020667826756834984, 0.006489519029855728, 0.019339028745889664]",-1,-1,False,"['A', 'B']","['B', 'F']"
5a804fc45542992bc0c4a6f0::working_set_pack_a,5a804fc45542992bc0c4a6f0,"['A', 'B', 'C', 'D', 'E', 'F']","[0, 1, 0, 0, 1, 0]","[-0.026097288355231285, -0.014455079101026058, -0.02591560408473015, -0.026227813214063644, 0.11928198486566544, -0.026586154475808144]","[-0.026097288355231285, -0.014455079101026058, -0.02591560408473015, -0.026227813214063644, 0.11928198486566544, -0.026586154475808144]","[0.026097288355231285, 0.014455079101026058, 0.02591560408473015, 0.026227813214063644, -0.11928198486566544, 0.026586154475808144]",-1,-1,False,"['A', 'E']","['B', 'E']"
5a804fc45542992bc0c4a6f0::active_set_pack_a,5a804fc45542992bc0c4a6f0,"['A', 'B', 'C', 'D', 'E', 'F']","[0, 1, 0, 0, 1, 0]","[-0.027080867439508438, -0.013349048793315887, -0.026969145983457565, -0.027983317151665688, 0.12293605506420135, -0.02755369432270527]","[-0.027080867439508438, -0.013349048793315887, -0.026969145983457565, -0.027983317151665688, 0.12293605506420135, -0.02755369432270527]","[0.027080867439508438, 0.013349048793315887, 0.026969145983457565, 0.027983317151665688, -0.12293605506420135, 0.02755369432270527]",-1,-1,False,"['A', 'E']","['B', 'E']"
5a804fc45542992bc0c4a6f0::working_set_pack_b,5a804fc45542992bc0c4a6f0,"['A', 'B', 'C', 'D', 'E', 'F']","[0, 1, 0, 0, 1, 0]","[-0.01730111427605152, -0.004173586145043373, -0.01930740661919117, -0.020539866760373116, 0.0801854357123375, -0.018863452598452568]","[0.01730111427605152, 0.004173586145043373, 0.01930740661919117, 0.020539866760373116, -0.0801854357123375, 0.018863452598452568]","[0.01730111427605152, 0.004173586145043373, 0.01930740661919117, 0.020539866760373116, -0.0801854357123375, 0.018863452598452568]",-1,1,False,"['A', 'B']","['B', 'E']"
5a804fc45542992bc0c4a6f0::active_set_pack_b,5a804fc45542992bc0c4a6f0,"['A', 'B', 'C', 'D', 'E', 'F']","[0, 1, 0, 0, 1, 0]","[-0.026543043553829193, 0.004847276955842972, -0.028938941657543182, -0.029511936008930206, 0.10710400342941284, -0.026957370340824127]","[0.026543043553829193, -0.004847276955842972, 0.028938941657543182, 0.029511936008930206, -0.10710400342941284, 0.026957370340824127]","[0.026543043553829193, -0.004847276955842972, 0.028938941657543182, 0.029511936008930206, -0.10710400342941284, 0.026957370340824127]",-1,1,False,"['A', 'B']","['B', 'E']"
5add85b65542997545bbbd61::working_set_pack_a,5add85b65542997545bbbd61,"['A', 'B', 'C', 'D', 'E', 'F']","[0, 1, 0, 0, 0, 1]","[-0.011012258939445019, 0.04627135396003723, -0.006279603112488985, -0.010114503093063831, -0.008829672820866108, -0.010035337880253792]","[-0.011012258939445019, 0.04627135396003723, -0.006279603112488985, -0.010114503093063831, -0.008829672820866108, -0.010035337880253792]","[0.011012258939445019, -0.04627135396003723, 0.006279603112488985, 0.010114503093063831, 0.008829672820866108, 0.010035337880253792]",-1,-1,False,"['A', 'B']","['B', 'F']"
5add85b65542997545bbbd61::active_set_pack_a,5add85b65542997545bbbd61,"['A', 'B', 'C', 'D', 'E', 'F']","[0, 1, 0, 0, 0, 1]","[-0.011924803256988525, 0.044566188007593155, -0.005545449908822775, -0.0100036496296525, -0.008057587780058384, -0.009034677408635616]","[-0.011924803256988525, 0.044566188007593155, -0.005545449908822775, -0.0100036496296525, -0.008057587780058384, -0.009034677408635616]","[0.011924803256988525, -0.044566188007593155, 0.005545449908822775, 0.0100036496296525, 0.008057587780058384, 0.009034677408635616]",-1,-1,False,"['A', 'B']","['B', 'F']"
5add85b65542997545bbbd61::working_set_pack_b,5add85b65542997545bbbd61,"['A', 'B', 'C', 'D', 'E', 'F']","[0, 1, 0, 0, 0, 1]","[-0.009696667082607746, 0.04078945890069008, -0.004598570521920919, -0.009351566433906555, -0.00827900879085064, -0.00886363722383976]","[-0.009696667082607746, 0.04078945890069008, -0.004598570521920919, -0.009351566433906555, -0.00827900879085064, -0.00886363722383976]","[0.009696667082607746, -0.04078945890069008, 0.004598570521920919, 0.009351566433906555, 0.00827900879085064, 0.00886363722383976]",-1,-1,False,"['A', 'B']","['B', 'F']"
5add85b65542997545bbbd61::active_set_pack_b,5add85b65542997545bbbd61,"['A', 'B', 'C', 'D', 'E', 'F']","[0, 1, 0, 0, 0, 1]","[-0.017048342153429985, 0.07467728853225708, -0.013357198797166348, -0.015272551216185093, -0.013607560656964779, -0.01539166271686554]","[-0.017048342153429985, 0.07467728853225708, -0.013357198797166348, -0.015272551216185093, -0.013607560656964779, -0.01539166271686554]","[0.017048342153429985, -0.07467728853225708, 0.013357198797166348, 0.015272551216185093, 0.013607560656964779, 0.01539166271686554]",-1,-1,False,"['A', 'B']","['B', 'F']"
5ac068d25542996f0d89cba2::working_set_pack_a,5ac068d25542996f0d89cba2,"['A', 'B', 'C', 'D', 'E', 'F']","[1, 0, 0, 1, 0, 0]","[0.05188789218664169, -0.013249106705188751, -0.019206643104553223, 0.009035970084369183, -0.014903644099831581, -0.013564457185566425]","[0.05188789218664169, -0.013249106705188751, -0.019206643104553223, 0.009035970084369183, -0.014903644099831581, -0.013564457185566425]","[-0.05188789218664169, 0.013249106705188751, 0.019206643104553223, -0.009035970084369183, 0.014903644099831581, 0.013564457185566425]",-1,-1,True,"['A', 'D']","['A', 'D']"
5ac068d25542996f0d89cba2::active_set_pack_a,5ac068d25542996f0d89cba2,"['A', 'B', 'C', 'D', 'E', 'F']","[1, 0, 0, 1, 0, 0]","[0.04854438453912735, -0.013227714225649834, -0.019007036462426186, 0.011491922661662102, -0.014611294493079185, -0.013190261088311672]","[0.04854438453912735, -0.013227714225649834, -0.019007036462426186, 0.011491922661662102, -0.014611294493079185, -0.013190261088311672]","[-0.04854438453912735, 0.013227714225649834, 0.019007036462426186, -0.011491922661662102, 0.014611294493079185, 0.013190261088311672]",-1,-1,True,"['A', 'D']","['A', 'D']"
5ac068d25542996f0d89cba2::working_set_pack_b,5ac068d25542996f0d89cba2,"['A', 'B', 'C', 'D', 'E', 'F']","[1, 0, 0, 1, 0, 0]","[0.053770583122968674, -0.01389824878424406, -0.019140014424920082, 0.007035990245640278, -0.014531547203660011, -0.013236749917268753]","[0.053770583122968674, -0.01389824878424406, -0.019140014424920082, 0.007035990245640278, -0.014531547203660011, -0.013236749917268753]","[-0.053770583122968674, 0.01389824878424406, 0.019140014424920082, -0.007035990245640278, 0.014531547203660011, 0.013236749917268753]",-1,-1,True,"['A', 'D']","['A', 'D']"
5ac068d25542996f0d89cba2::active_set_pack_b,5ac068d25542996f0d89cba2,"['A', 'B', 'C', 'D', 'E', 'F']","[1, 0, 0, 1, 0, 0]","[0.046742070466279984, -0.014246386475861073, -0.023430954664945602, 0.025477489456534386, -0.018022703006863594, -0.016519520431756973]","[0.046742070466279984, -0.014246386475861073, -0.023430954664945602, 0.025477489456534386, -0.018022703006863594, -0.016519520431756973]","[-0.046742070466279984, 0.014246386475861073, 0.023430954664945602, -0.025477489456534386, 0.018022703006863594, 0.016519520431756973]",-1,-1,True,"['A', 'D']","['A', 'D']"
5ade8f5e55429975fa854f11::working_set_pack_a,5ade8f5e55429975fa854f11,"['A', 'B', 'C', 'D', 'E', 'F']","[0, 1, 0, 0, 0, 1]","[-0.021332761272788048, -0.01784537173807621, -0.021444927901029587, -0.02225547470152378, -0.021855145692825317, 0.10473368316888809]","[-0.021332761272788048, -0.01784537173807621, -0.021444927901029587, -0.02225547470152378, -0.021855145692825317, 0.10473368316888809]","[0.021332761272788048, 0.01784537173807621, 0.021444927901029587, 0.02225547470152378, 0.021855145692825317, -0.10473368316888809]",-1,-1,False,"['A', 'F']","['B', 'F']"
5ade8f5e55429975fa854f11::active_set_pack_a,5ade8f5e55429975fa854f11,"['A', 'B', 'C', 'D', 'E', 'F']","[0, 1, 0, 0, 0, 1]","[-0.019511504098773003, -0.015658380463719368, -0.019239768385887146, -0.020120296627283096, -0.019925011321902275, 0.09445496648550034]","[-0.019511504098773003, -0.015658380463719368, -0.019239768385887146, -0.020120296627283096, -0.019925011321902275, 0.09445496648550034]","[0.019511504098773003, 0.015658380463719368, 0.019239768385887146, 0.020120296627283096, 0.019925011321902275, -0.09445496648550034]",-1,-1,False,"['A', 'F']","['B', 'F']"
5ade8f5e55429975fa854f11::working_set_pack_b,5ade8f5e55429975fa854f11,"['A', 'B', 'C', 'D', 'E', 'F']","[0, 1, 0, 0, 0, 1]","[-0.023655729368329048, -0.020164182409644127, -0.023242473602294922, -0.02455584704875946, -0.025706984102725983, 0.11732521653175354]","[-0.023655729368329048, -0.020164182409644127, -0.023242473602294922, -0.02455584704875946, -0.025706984102725983, 0.11732521653175354]","[0.023655729368329048, 0.020164182409644127, 0.023242473602294922, 0.02455584704875946, 0.025706984102725983, -0.11732521653175354]",-1,-1,False,"['A', 'F']","['B', 'F']"
5ade8f5e55429975fa854f11::active_set_pack_b,5ade8f5e55429975fa854f11,"['A', 'B', 'C', 'D', 'E', 'F']","[0, 1, 0, 0, 0, 1]","[-0.04065569117665291, -0.03201529383659363, -0.04081353545188904, -0.04186077043414116, -0.04295220971107483, 0.19829757511615753]","[-0.04065569117665291, -0.03201529383659363, -0.04081353545188904, -0.04186077043414116, -0.04295220971107483, 0.19829757511615753]","[0.04065569117665291, 0.03201529383659363, 0.04081353545188904, 0.04186077043414116, 0.04295220971107483, -0.19829757511615753]",-1,-1,False,"['A', 'F']","['B', 'F']"
5ac1b7495542994ab5c67dd9::working_set_pack_a,5ac1b7495542994ab5c67dd9,"['A', 'B', 'C', 'D', 'E', 'F']","[0, 0, 1, 1, 0, 0]","[-0.014446639455854893, -0.01527374517172575, 0.0793110728263855, -0.014623117633163929, -0.019327150657773018, -0.015640445053577423]","[-0.014446639455854893, -0.01527374517172575, 0.0793110728263855, -0.014623117633163929, -0.019327150657773018, -0.015640445053577423]","[0.014446639455854893, 0.01527374517172575, -0.0793110728263855, 0.014623117633163929, 0.019327150657773018, 0.015640445053577423]",-1,-1,False,"['A', 'C']","['C', 'D']"
5ac1b7495542994ab5c67dd9::active_set_pack_a,5ac1b7495542994ab5c67dd9,"['A', 'B', 'C', 'D', 'E', 'F']","[0, 0, 1, 1, 0, 0]","[-0.01624569110572338, -0.017088020220398903, 0.0869922935962677, -0.016352230682969093, -0.020935598760843277, -0.016370736062526703]","[-0.01624569110572338, -0.017088020220398903, 0.0869922935962677, -0.016352230682969093, -0.020935598760843277, -0.016370736062526703]","[0.01624569110572338, 0.017088020220398903, -0.0869922935962677, 0.016352230682969093, 0.020935598760843277, 0.016370736062526703]",-1,-1,False,"['A', 'C']","['C', 'D']"
5ac1b7495542994ab5c67dd9::working_set_pack_b,5ac1b7495542994ab5c67dd9,"['A', 'B', 'C', 'D', 'E', 'F']","[0, 0, 1, 1, 0, 0]","[-0.008914298377931118, -0.011427631601691246, 0.056049641221761703, -0.012772008776664734, -0.014828451909124851, -0.008107238449156284]","[0.008914298377931118, 0.011427631601691246, -0.056049641221761703, 0.012772008776664734, 0.014828451909124851, 0.008107238449156284]","[0.008914298377931118, 0.011427631601691246, -0.056049641221761703, 0.012772008776664734, 0.014828451909124851, 0.008107238449156284]",-1,1,False,"['A', 'B']","['C', 'D']"
5ac1b7495542994ab5c67dd9::active_set_pack_b,5ac1b7495542994ab5c67dd9,"['A', 'B', 'C', 'D', 'E', 'F']","[0, 0, 1, 1, 0, 0]","[-0.010568267665803432, -0.01174458023160696, 0.06804855912923813, -0.012649857439100742, -0.01657503843307495, -0.016510820016264915]","[0.010568267665803432, 0.01174458023160696, -0.06804855912923813, 0.012649857439100742, 0.01657503843307495, 0.016510820016264915]","[0.010568267665803432, 0.01174458023160696, -0.06804855912923813, 0.012649857439100742, 0.01657503843307495, 0.016510820016264915]",-1,1,False,"['A', 'B']","['C', 'D']"
5ae4b3da55429913cc2044d6::working_set_pack_a,5ae4b3da55429913cc2044d6,"['A', 'B', 'C', 'D', 'E', 'F']","[0, 0, 1, 0, 0, 1]","[-0.09669489413499832, 0.019539479166269302, 0.029993589967489243, 0.007365584839135408, 0.022880082949995995, 0.016916129738092422]","[0.09669489413499832, -0.019539479166269302, -0.029993589967489243, -0.007365584839135408, -0.022880082949995995, -0.016916129738092422]","[-0.09669489413499832, 0.019539479166269302, 0.029993589967489243, 0.007365584839135408, 0.022880082949995995, 0.016916129738092422]",1,-1,False,"['A', 'C']","['C', 'F']"
5ae4b3da55429913cc2044d6::active_set_pack_a,5ae4b3da55429913cc2044d6,"['A', 'B', 'C', 'D', 'E', 'F']","[0, 0, 1, 0, 0, 1]","[-0.10689303278923035, 0.02070070430636406, 0.030057111755013466, 0.01371307298541069, 0.024425232782959938, 0.017996912822127342]","[0.10689303278923035, -0.02070070430636406, -0.030057111755013466, -0.01371307298541069, -0.024425232782959938, -0.017996912822127342]","[-0.10689303278923035, 0.02070070430636406, 0.030057111755013466, 0.01371307298541069, 0.024425232782959938, 0.017996912822127342]",1,-1,False,"['A', 'C']","['C', 'F']"
5ae4b3da55429913cc2044d6::working_set_pack_b,5ae4b3da55429913cc2044d6,"['A', 'B', 'C', 'D', 'E', 'F']","[0, 0, 1, 0, 0, 1]","[-0.044494204223155975, 0.0070913913659751415, 0.0042854310013353825, 0.0072136446833610535, 0.008295142091810703, 0.017608586698770523]","[0.044494204223155975, -0.0070913913659751415, -0.0042854310013353825, -0.0072136446833610535, -0.008295142091810703, -0.017608586698770523]","[-0.044494204223155975, 0.0070913913659751415, 0.0042854310013353825, 0.0072136446833610535, 0.008295142091810703, 0.017608586698770523]",1,-1,False,"['A', 'C']","['C', 'F']"
5ae4b3da55429913cc2044d6::active_set_pack_b,5ae4b3da55429913cc2044d6,"['A', 'B', 'C', 'D', 'E', 'F']","[0, 0, 1, 0, 0, 1]","[-0.018640322610735893, -0.019424038007855415, 0.09465500712394714, -0.017164673656225204, -0.015624498948454857, -0.023801514878869057]","[-0.018640322610735893, -0.019424038007855415, 0.09465500712394714, -0.017164673656225204, -0.015624498948454857, -0.023801514878869057]","[0.018640322610735893, 0.019424038007855415, -0.09465500712394714, 0.017164673656225204, 0.015624498948454857, 0.023801514878869057]",-1,-1,False,"['A', 'C']","['C', 'F']"
5ab93287554299753720f78f::working_set_pack_a,5ab93287554299753720f78f,"['A', 'B', 'C', 'D', 'E', 'F']","[0, 0, 1, 0, 1, 0]","[-0.04797862842679024, 0.004711020737886429, 0.0037280807737261057, 0.013864676468074322, 0.014909541234374046, 0.010765310376882553]","[0.04797862842679024, -0.004711020737886429, -0.0037280807737261057, -0.013864676468074322, -0.014909541234374046, -0.010765310376882553]","[-0.04797862842679024, 0.004711020737886429, 0.0037280807737261057, 0.013864676468074322, 0.014909541234374046, 0.010765310376882553]",1,-1,False,"['A', 'E']","['C', 'E']"
5ab93287554299753720f78f::active_set_pack_a,5ab93287554299753720f78f,"['A', 'B', 'C', 'D', 'E', 'F']","[0, 0, 1, 0, 1, 0]","[-0.04349459335207939, 0.003297911025583744, 0.0021404032595455647, 0.013876425102353096, 0.014458795078098774, 0.0097210593521595]","[0.04349459335207939, -0.003297911025583744, -0.0021404032595455647, -0.013876425102353096, -0.014458795078098774, -0.0097210593521595]","[-0.04349459335207939, 0.003297911025583744, 0.0021404032595455647, 0.013876425102353096, 0.014458795078098774, 0.0097210593521595]",1,-1,False,"['A', 'E']","['C', 'E']"
5ab93287554299753720f78f::working_set_pack_b,5ab93287554299753720f78f,"['A', 'B', 'C', 'D', 'E', 'F']","[0, 0, 1, 0, 1, 0]","[-0.044229619204998016, 0.0021808824967592955, 0.0009084079647436738, 0.014362492598593235, 0.015606388449668884, 0.011171451769769192]","[0.044229619204998016, -0.0021808824967592955, -0.0009084079647436738, -0.014362492598593235, -0.015606388449668884, -0.011171451769769192]","[-0.044229619204998016, 0.0021808824967592955, 0.0009084079647436738, 0.014362492598593235, 0.015606388449668884, 0.011171451769769192]",1,-1,False,"['A', 'E']","['C', 'E']"
5ab93287554299753720f78f::active_set_pack_b,5ab93287554299753720f78f,"['A', 'B', 'C', 'D', 'E', 'F']","[0, 0, 1, 0, 1, 0]","[-0.04530404880642891, 0.0018488107016310096, 0.0010125311091542244, 0.01568479835987091, 0.015592164359986782, 0.011165745556354523]","[0.04530404880642891, -0.0018488107016310096, -0.0010125311091542244, -0.01568479835987091, -0.015592164359986782, -0.011165745556354523]","[-0.04530404880642891, 0.0018488107016310096, 0.0010125311091542244, 0.01568479835987091, 0.015592164359986782, 0.011165745556354523]",1,-1,False,"['A', 'E']","['C', 'E']"
5ae64cbf5542992ae0d162c1::working_set_pack_a,5ae64cbf5542992ae0d162c1,"['A', 'B', 'C', 'D', 'E', 'F']","[1, 0, 0, 1, 0, 0]","[0.022719142958521843, 0.02168910764157772, 0.022478120401501656, 0.01868443749845028, 0.02170046977698803, -0.10727126896381378]","[0.022719142958521843, 0.02168910764157772, 0.022478120401501656, 0.01868443749845028, 0.02170046977698803, -0.10727126896381378]","[0.022719142958521843, 0.02168910764157772, 0.022478120401501656, 0.01868443749845028, 0.02170046977698803, -0.10727126896381378]",1,1,True,"['A', 'D']","['A', 'D']"
5ae64cbf5542992ae0d162c1::active_set_pack_a,5ae64cbf5542992ae0d162c1,"['A', 'B', 'C', 'D', 'E', 'F']","[1, 0, 0, 1, 0, 0]","[0.028900805860757828, 0.026962822303175926, 0.02776656113564968, 0.025544315576553345, 0.027510395273566246, -0.1366848647594452]","[0.028900805860757828, 0.026962822303175926, 0.02776656113564968, 0.025544315576553345, 0.027510395273566246, -0.1366848647594452]","[0.028900805860757828, 0.026962822303175926, 0.02776656113564968, 0.025544315576553345, 0.027510395273566246, -0.1366848647594452]",1,1,True,"['A', 'D']","['A', 'D']"
5ae64cbf5542992ae0d162c1::working_set_pack_b,5ae64cbf5542992ae0d162c1,"['A', 'B', 'C', 'D', 'E', 'F']","[1, 0, 0, 1, 0, 0]","[-0.016439272090792656, -0.012001345865428448, -0.011556520126760006, 0.07475823909044266, -0.011490672826766968, -0.023270439356565475]","[-0.016439272090792656, -0.012001345865428448, -0.011556520126760006, 0.07475823909044266, -0.011490672826766968, -0.023270439356565475]","[-0.016439272090792656, -0.012001345865428448, -0.011556520126760006, 0.07475823909044266, -0.011490672826766968, -0.023270439356565475]",1,1,True,"['A', 'D']","['A', 'D']"
5ae64cbf5542992ae0d162c1::active_set_pack_b,5ae64cbf5542992ae0d162c1,"['A', 'B', 'C', 'D', 'E', 'F']","[1, 0, 0, 1, 0, 0]","[0.025950783863663673, 0.022828560322523117, 0.024409741163253784, 0.020987797528505325, 0.024486571550369263, -0.1186634749174118]","[0.025950783863663673, 0.022828560322523117, 0.024409741163253784, 0.020987797528505325, 0.024486571550369263, -0.1186634749174118]","[0.025950783863663673, 0.022828560322523117, 0.024409741163253784, 0.020987797528505325, 0.024486571550369263, -0.1186634749174118]",1,1,True,"['A', 'D']","['A', 'D']"
5abae52a5542996cc5e49eea::working_set_pack_a,5abae52a5542996cc5e49eea,"['A', 'B', 'C', 'D', 'E', 'F']","[0, 1, 0, 0, 0, 1]","[-0.013148827478289604, 0.06283534318208694, -0.011737658642232418, -0.011697869747877121, -0.011728337965905666, -0.01452265027910471]","[-0.013148827478289604, 0.06283534318208694, -0.011737658642232418, -0.011697869747877121, -0.011728337965905666, -0.01452265027910471]","[0.013148827478289604, -0.06283534318208694, 0.011737658642232418, 0.011697869747877121, 0.011728337965905666, 0.01452265027910471]",-1,-1,False,"['A', 'B']","['B', 'F']"
5abae52a5542996cc5e49eea::active_set_pack_a,5abae52a5542996cc5e49eea,"['A', 'B', 'C', 'D', 'E', 'F']","[0, 1, 0, 0, 0, 1]","[-0.007860560901463032, 0.05015437677502632, -0.010087337344884872, -0.00990309752523899, -0.01000413578003645, -0.01229922752827406]","[-0.007860560901463032, 0.05015437677502632, -0.010087337344884872, -0.00990309752523899, -0.01000413578003645, -0.01229922752827406]","[0.007860560901463032, -0.05015437677502632, 0.010087337344884872, 0.00990309752523899, 0.01000413578003645, 0.01229922752827406]",-1,-1,False,"['A', 'B']","['B', 'F']"
5abae52a5542996cc5e49eea::working_set_pack_b,5abae52a5542996cc5e49eea,"['A', 'B', 'C', 'D', 'E', 'F']","[0, 1, 0, 0, 0, 1]","[-0.008009224198758602, 0.053517263382673264, -0.010940583422780037, -0.010887200012803078, -0.011309009976685047, -0.01237128023058176]","[-0.008009224198758602, 0.053517263382673264, -0.010940583422780037, -0.010887200012803078, -0.011309009976685047, -0.01237128023058176]","[0.008009224198758602, -0.053517263382673264, 0.010940583422780037, 0.010887200012803078, 0.011309009976685047, 0.01237128023058176]",-1,-1,False,"['A', 'B']","['B', 'F']"
5abae52a5542996cc5e49eea::active_set_pack_b,5abae52a5542996cc5e49eea,"['A', 'B', 'C', 'D', 'E', 'F']","[0, 1, 0, 0, 0, 1]","[-0.006883313879370689, 0.04866059496998787, -0.01002991758286953, -0.009902235120534897, -0.010132286697626114, -0.011712844483554363]","[-0.006883313879370689, 0.04866059496998787, -0.01002991758286953, -0.009902235120534897, -0.010132286697626114, -0.011712844483554363]","[0.006883313879370689, -0.04866059496998787, 0.01002991758286953, 0.009902235120534897, 0.010132286697626114, 0.011712844483554363]",-1,-1,False,"['A', 'B']","['B', 'F']"
5ae2e27155429928c423952a::working_set_pack_a,5ae2e27155429928c423952a,"['A', 'B', 'C', 'D', 'E', 'F']","[0, 0, 0, 0, 1, 1]","[0.04379713535308838, 0.042988866567611694, -0.21346406638622284, 0.042776934802532196, 0.0420537069439888, 0.041847359389066696]","[0.04379713535308838, 0.042988866567611694, -0.21346406638622284, 0.042776934802532196, 0.0420537069439888, 0.041847359389066696]","[0.04379713535308838, 0.042988866567611694, -0.21346406638622284, 0.042776934802532196, 0.0420537069439888, 0.041847359389066696]",1,1,False,"['A', 'F']","['E', 'F']"
5ae2e27155429928c423952a::active_set_pack_a,5ae2e27155429928c423952a,"['A', 'B', 'C', 'D', 'E', 'F']","[0, 0, 0, 0, 1, 1]","[0.0396302305161953, 0.03931692615151405, -0.19371670484542847, 0.038778144866228104, 0.03816797584295273, 0.03782342001795769]","[0.0396302305161953, 0.03931692615151405, -0.19371670484542847, 0.038778144866228104, 0.03816797584295273, 0.03782342001795769]","[0.0396302305161953, 0.03931692615151405, -0.19371670484542847, 0.038778144866228104, 0.03816797584295273, 0.03782342001795769]",1,1,False,"['A', 'F']","['E', 'F']"
5ae2e27155429928c423952a::working_set_pack_b,5ae2e27155429928c423952a,"['A', 'B', 'C', 'D', 'E', 'F']","[0, 0, 0, 0, 1, 1]","[0.0453239306807518, 0.044890522956848145, -0.2222074717283249, 0.04451553896069527, 0.043817490339279175, 0.04365994408726692]","[0.0453239306807518, 0.044890522956848145, -0.2222074717283249, 0.04451553896069527, 0.043817490339279175, 0.04365994408726692]","[0.0453239306807518, 0.044890522956848145, -0.2222074717283249, 0.04451553896069527, 0.043817490339279175, 0.04365994408726692]",1,1,False,"['A', 'B']","['E', 'F']"
5ae2e27155429928c423952a::active_set_pack_b,5ae2e27155429928c423952a,"['A', 'B', 'C', 'D', 'E', 'F']","[0, 0, 0, 0, 1, 1]","[0.041247881948947906, 0.04153452068567276, -0.20304450392723083, 0.04125877469778061, 0.039700403809547424, 0.03930291905999184]","[0.041247881948947906, 0.04153452068567276, -0.20304450392723083, 0.04125877469778061, 0.039700403809547424, 0.03930291905999184]","[0.041247881948947906, 0.04153452068567276, -0.20304450392723083, 0.04125877469778061, 0.039700403809547424, 0.03930291905999184]",1,1,False,"['A', 'F']","['E', 'F']"
5a80d30655429938b61421fe::working_set_pack_a,5a80d30655429938b61421fe,"['A', 'B', 'C', 'D', 'E', 'F']","[0, 0, 1, 0, 1, 0]","[-0.002121974481269717, 0.02785426564514637, -0.008333639241755009, -0.01849551685154438, 0.016685621812939644, -0.01558875385671854]","[-0.002121974481269717, 0.02785426564514637, -0.008333639241755009, -0.01849551685154438, 0.016685621812939644, -0.01558875385671854]","[0.002121974481269717, -0.02785426564514637, 0.008333639241755009, 0.01849551685154438, -0.016685621812939644, 0.01558875385671854]",-1,-1,False,"['A', 'E']","['C', 'E']"
5a80d30655429938b61421fe::active_set_pack_a,5a80d30655429938b61421fe,"['A', 'B', 'C', 'D', 'E', 'F']","[0, 0, 1, 0, 1, 0]","[0.0006918350118212402, 0.024671558290719986, -0.007178208325058222, -0.018897539004683495, 0.01600671000778675, -0.015294365584850311]","[-0.0006918350118212402, -0.024671558290719986, 0.007178208325058222, 0.018897539004683495, -0.01600671000778675, 0.015294365584850311]","[-0.0006918350118212402, -0.024671558290719986, 0.007178208325058222, 0.018897539004683495, -0.01600671000778675, 0.015294365584850311]",-1,1,False,"['A', 'C']","['C', 'E']"
5a80d30655429938b61421fe::working_set_pack_b,5a80d30655429938b61421fe,"['A', 'B', 'C', 'D', 'E', 'F']","[0, 0, 1, 0, 1, 0]","[-0.0029827465768903494, -0.04298070818185806, 0.006972545757889748, 0.01873902417719364, 0.0028999787755310535, 0.0173519104719162]","[0.0029827465768903494, 0.04298070818185806, -0.006972545757889748, -0.01873902417719364, -0.0028999787755310535, -0.0173519104719162]","[-0.0029827465768903494, -0.04298070818185806, 0.006972545757889748, 0.01873902417719364, 0.0028999787755310535, 0.0173519104719162]",1,-1,False,"['A', 'E']","['C', 'E']"
5a80d30655429938b61421fe::active_set_pack_b,5a80d30655429938b61421fe,"['A', 'B', 'C', 'D', 'E', 'F']","[0, 0, 1, 0, 1, 0]","[-0.002008279552683234, -0.04002595692873001, 0.00564573984593153, 0.01919124647974968, -0.0007352377288043499, 0.01793249137699604]","[-0.002008279552683234, -0.04002595692873001, 0.00564573984593153, 0.01919124647974968, -0.0007352377288043499, 0.01793249137699604]","[-0.002008279552683234, -0.04002595692873001, 0.00564573984593153, 0.01919124647974968, -0.0007352377288043499, 0.01793249137699604]",1,1,False,"['A', 'C']","['C', 'E']"
5a77bd595542995d83181291::working_set_pack_a,5a77bd595542995d83181291,"['A', 'B', 'C', 'D', 'E', 'F']","[1, 1, 0, 0, 0, 0]","[0.04924100264906883, 0.009153230115771294, -0.013451678678393364, -0.018360260874032974, -0.011877770535647869, -0.01470453105866909]","[0.04924100264906883, 0.009153230115771294, -0.013451678678393364, -0.018360260874032974, -0.011877770535647869, -0.01470453105866909]","[-0.04924100264906883, -0.009153230115771294, 0.013451678678393364, 0.018360260874032974, 0.011877770535647869, 0.01470453105866909]",-1,-1,True,"['A', 'B']","['A', 'B']"
5a77bd595542995d83181291::active_set_pack_a,5a77bd595542995d83181291,"['A', 'B', 'C', 'D', 'E', 'F']","[1, 1, 0, 0, 0, 0]","[0.04464184492826462, 0.01059851236641407, -0.013010146096348763, -0.017980078235268593, -0.010482586920261383, -0.013767555356025696]","[0.04464184492826462, 0.01059851236641407, -0.013010146096348763, -0.017980078235268593, -0.010482586920261383, -0.013767555356025696]","[-0.04464184492826462, -0.01059851236641407, 0.013010146096348763, 0.017980078235268593, 0.010482586920261383, 0.013767555356025696]",-1,-1,True,"['A', 'B']","['A', 'B']"
5a77bd595542995d83181291::working_set_pack_b,5a77bd595542995d83181291,"['A', 'B', 'C', 'D', 'E', 'F']","[1, 1, 0, 0, 0, 0]","[0.047055307775735855, 0.0053817336447536945, -0.012399877421557903, -0.017131520435214043, -0.009804918430745602, -0.013100729323923588]","[0.047055307775735855, 0.0053817336447536945, -0.012399877421557903, -0.017131520435214043, -0.009804918430745602, -0.013100729323923588]","[-0.047055307775735855, -0.0053817336447536945, 0.012399877421557903, 0.017131520435214043, 0.009804918430745602, 0.013100729323923588]",-1,-1,True,"['A', 'B']","['A', 'B']"
5a77bd595542995d83181291::active_set_pack_b,5a77bd595542995d83181291,"['A', 'B', 'C', 'D', 'E', 'F']","[1, 1, 0, 0, 0, 0]","[0.054445575922727585, 0.005151277873665094, -0.014561192132532597, -0.01933443546295166, -0.011006985791027546, -0.014694234356284142]","[0.054445575922727585, 0.005151277873665094, -0.014561192132532597, -0.01933443546295166, -0.011006985791027546, -0.014694234356284142]","[-0.054445575922727585, -0.005151277873665094, 0.014561192132532597, 0.01933443546295166, 0.011006985791027546, 0.014694234356284142]",-1,-1,True,"['A', 'B']","['A', 'B']"
5abffc58554299012d1db552::working_set_pack_a,5abffc58554299012d1db552,"['A', 'B', 'C', 'D', 'E', 'F']","[0, 0, 1, 0, 1, 0]","[-0.04780260846018791, -0.048074472695589066, -0.04728461429476738, -0.03286794573068619, 0.21523810923099518, -0.03920849785208702]","[-0.04780260846018791, -0.048074472695589066, -0.04728461429476738, -0.03286794573068619, 0.21523810923099518, -0.03920849785208702]","[0.04780260846018791, 0.048074472695589066, 0.04728461429476738, 0.03286794573068619, -0.21523810923099518, 0.03920849785208702]",-1,-1,False,"['A', 'E']","['C', 'E']"
5abffc58554299012d1db552::active_set_pack_a,5abffc58554299012d1db552,"['A', 'B', 'C', 'D', 'E', 'F']","[0, 0, 1, 0, 1, 0]","[-0.048083338886499405, -0.04915929213166237, -0.048341989517211914, -0.03416122496128082, 0.21401306986808777, -0.034267228096723557]","[-0.048083338886499405, -0.04915929213166237, -0.048341989517211914, -0.03416122496128082, 0.21401306986808777, -0.034267228096723557]","[0.048083338886499405, 0.04915929213166237, 0.048341989517211914, 0.03416122496128082, -0.21401306986808777, 0.034267228096723557]",-1,-1,False,"['A', 'E']","['C', 'E']"
5abffc58554299012d1db552::working_set_pack_b,5abffc58554299012d1db552,"['A', 'B', 'C', 'D', 'E', 'F']","[0, 0, 1, 0, 1, 0]","[-0.04044276475906372, -0.04071277007460594, -0.040191713720560074, -0.02730867639183998, 0.1801905483007431, -0.03153465688228607]","[-0.04044276475906372, -0.04071277007460594, -0.040191713720560074, -0.02730867639183998, 0.1801905483007431, -0.03153465688228607]","[0.04044276475906372, 0.04071277007460594, 0.040191713720560074, 0.02730867639183998, -0.1801905483007431, 0.03153465688228607]",-1,-1,False,"['A', 'E']","['C', 'E']"
5abffc58554299012d1db552::active_set_pack_b,5abffc58554299012d1db552,"['A', 'B', 'C', 'D', 'E', 'F']","[0, 0, 1, 0, 1, 0]","[-0.03463704511523247, -0.03604802116751671, -0.03478172793984413, -0.03383932635188103, 0.1671292781829834, -0.027823174372315407]","[-0.03463704511523247, -0.03604802116751671, -0.03478172793984413, -0.03383932635188103, 0.1671292781829834, -0.027823174372315407]","[0.03463704511523247, 0.03604802116751671, 0.03478172793984413, 0.03383932635188103, -0.1671292781829834, 0.027823174372315407]",-1,-1,False,"['A', 'E']","['C', 'E']"
5ac12fda5542994d76dccdb0::working_set_pack_a,5ac12fda5542994d76dccdb0,"['A', 'B', 'C', 'D', 'E', 'F']","[0, 1, 0, 0, 1, 0]","[-0.03171098604798317, 0.16425171494483948, -0.03293269872665405, -0.033090028911828995, -0.03237327188253403, -0.03414468467235565]","[-0.03171098604798317, 0.16425171494483948, -0.03293269872665405, -0.033090028911828995, -0.03237327188253403, -0.03414468467235565]","[0.03171098604798317, -0.16425171494483948, 0.03293269872665405, 0.033090028911828995, 0.03237327188253403, 0.03414468467235565]",-1,-1,False,"['A', 'B']","['B', 'E']"
5ac12fda5542994d76dccdb0::active_set_pack_a,5ac12fda5542994d76dccdb0,"['A', 'B', 'C', 'D', 'E', 'F']","[0, 1, 0, 0, 1, 0]","[-0.030224254354834557, 0.15397362411022186, -0.031006107106804848, -0.031159762293100357, -0.03030858002603054, -0.03127501159906387]","[-0.030224254354834557, 0.15397362411022186, -0.031006107106804848, -0.031159762293100357, -0.03030858002603054, -0.03127501159906387]","[0.030224254354834557, -0.15397362411022186, 0.031006107106804848, 0.031159762293100357, 0.03030858002603054, 0.03127501159906387]",-1,-1,False,"['A', 'B']","['B', 'E']"
5ac12fda5542994d76dccdb0::working_set_pack_b,5ac12fda5542994d76dccdb0,"['A', 'B', 'C', 'D', 'E', 'F']","[0, 1, 0, 0, 1, 0]","[-0.020072635263204575, 0.0842776894569397, -0.016126208007335663, -0.016561252996325493, -0.015693332999944687, -0.0158242080360651]","[-0.020072635263204575, 0.0842776894569397, -0.016126208007335663, -0.016561252996325493, -0.015693332999944687, -0.0158242080360651]","[0.020072635263204575, -0.0842776894569397, 0.016126208007335663, 0.016561252996325493, 0.015693332999944687, 0.0158242080360651]",-1,-1,False,"['A', 'B']","['B', 'E']"
5ac12fda5542994d76dccdb0::active_set_pack_b,5ac12fda5542994d76dccdb0,"['A', 'B', 'C', 'D', 'E', 'F']","[0, 1, 0, 0, 1, 0]","[-0.022568052634596825, 0.11384814977645874, -0.023182876408100128, -0.023133933544158936, -0.022500157356262207, -0.02246316894888878]","[-0.022568052634596825, 0.11384814977645874, -0.023182876408100128, -0.023133933544158936, -0.022500157356262207, -0.02246316894888878]","[0.022568052634596825, -0.11384814977645874, 0.023182876408100128, 0.023133933544158936, 0.022500157356262207, 0.02246316894888878]",-1,-1,False,"['A', 'B']","['B', 'E']"
5a8e171b554299068b959e5a::working_set_pack_a,5a8e171b554299068b959e5a,"['A', 'B', 'C', 'D', 'E', 'F']","[1, 0, 0, 0, 0, 1]","[-0.08753921836614609, -0.08797583729028702, -0.088327556848526, -0.09000136703252792, -0.08936761319637299, 0.4432116448879242]","[-0.08753921836614609, -0.08797583729028702, -0.088327556848526, -0.09000136703252792, -0.08936761319637299, 0.4432116448879242]","[-0.08753921836614609, -0.08797583729028702, -0.088327556848526, -0.09000136703252792, -0.08936761319637299, 0.4432116448879242]",1,1,True,"['A', 'F']","['A', 'F']"
5a8e171b554299068b959e5a::active_set_pack_a,5a8e171b554299068b959e5a,"['A', 'B', 'C', 'D', 'E', 'F']","[1, 0, 0, 0, 0, 1]","[-0.10821385681629181, -0.10831860452890396, -0.10878678411245346, -0.11041849851608276, -0.10971143841743469, 0.5454490780830383]","[-0.10821385681629181, -0.10831860452890396, -0.10878678411245346, -0.11041849851608276, -0.10971143841743469, 0.5454490780830383]","[-0.10821385681629181, -0.10831860452890396, -0.10878678411245346, -0.11041849851608276, -0.10971143841743469, 0.5454490780830383]",1,1,True,"['A', 'F']","['A', 'F']"
5a8e171b554299068b959e5a::working_set_pack_b,5a8e171b554299068b959e5a,"['A', 'B', 'C', 'D', 'E', 'F']","[1, 0, 0, 0, 0, 1]","[-0.06610629707574844, -0.0666390210390091, -0.06706957519054413, -0.06808482855558395, -0.06824184209108353, 0.33614155650138855]","[-0.06610629707574844, -0.0666390210390091, -0.06706957519054413, -0.06808482855558395, -0.06824184209108353, 0.33614155650138855]","[-0.06610629707574844, -0.0666390210390091, -0.06706957519054413, -0.06808482855558395, -0.06824184209108353, 0.33614155650138855]",1,1,True,"['A', 'F']","['A', 'F']"
5a8e171b554299068b959e5a::active_set_pack_b,5a8e171b554299068b959e5a,"['A', 'B', 'C', 'D', 'E', 'F']","[1, 0, 0, 0, 0, 1]","[-0.09144991636276245, -0.0927560031414032, -0.09263049066066742, -0.09372249990701675, -0.09369932115077972, 0.46425822377204895]","[-0.09144991636276245, -0.0927560031414032, -0.09263049066066742, -0.09372249990701675, -0.09369932115077972, 0.46425822377204895]","[-0.09144991636276245, -0.0927560031414032, -0.09263049066066742, -0.09372249990701675, -0.09369932115077972, 0.46425822377204895]",1,1,True,"['A', 'F']","['A', 'F']"
5ae377a35542994393b9e6db::working_set_pack_a,5ae377a35542994393b9e6db,"['A', 'B', 'C', 'D', 'E', 'F']","[0, 1, 0, 1, 0, 0]","[-0.008934912271797657, 0.06365951150655746, -0.01251995749771595, -0.015242633409798145, -0.01580416038632393, -0.011157809756696224]","[0.008934912271797657, -0.06365951150655746, 0.01251995749771595, 0.015242633409798145, 0.01580416038632393, 0.011157809756696224]","[0.008934912271797657, -0.06365951150655746, 0.01251995749771595, 0.015242633409798145, 0.01580416038632393, 0.011157809756696224]",-1,1,False,"['A', 'F']","['B', 'D']"
5ae377a35542994393b9e6db::active_set_pack_a,5ae377a35542994393b9e6db,"['A', 'B', 'C', 'D', 'E', 'F']","[0, 1, 0, 1, 0, 0]","[-0.008469990454614162, 0.06270565092563629, -0.011821609921753407, -0.015972625464200974, -0.015775712206959724, -0.010665733367204666]","[0.008469990454614162, -0.06270565092563629, 0.011821609921753407, 0.015972625464200974, 0.015775712206959724, 0.010665733367204666]","[0.008469990454614162, -0.06270565092563629, 0.011821609921753407, 0.015972625464200974, 0.015775712206959724, 0.010665733367204666]",-1,1,False,"['A', 'F']","['B', 'D']"
5ae377a35542994393b9e6db::working_set_pack_b,5ae377a35542994393b9e6db,"['A', 'B', 'C', 'D', 'E', 'F']","[0, 1, 0, 1, 0, 0]","[-0.005025976337492466, 0.05784992501139641, -0.011336032301187515, -0.015525195747613907, -0.014587019570171833, -0.011375689879059792]","[-0.005025976337492466, 0.05784992501139641, -0.011336032301187515, -0.015525195747613907, -0.014587019570171833, -0.011375689879059792]","[0.005025976337492466, -0.05784992501139641, 0.011336032301187515, 0.015525195747613907, 0.014587019570171833, 0.011375689879059792]",-1,-1,False,"['A', 'B']","['B', 'D']"
5ae377a35542994393b9e6db::active_set_pack_b,5ae377a35542994393b9e6db,"['A', 'B', 'C', 'D', 'E', 'F']","[0, 1, 0, 1, 0, 0]","[-0.007989445701241493, 0.07103295624256134, -0.01327927503734827, -0.017104361206293106, -0.017042744904756546, -0.015617120079696178]","[0.007989445701241493, -0.07103295624256134, 0.01327927503734827, 0.017104361206293106, 0.017042744904756546, 0.015617120079696178]","[0.007989445701241493, -0.07103295624256134, 0.01327927503734827, 0.017104361206293106, 0.017042744904756546, 0.015617120079696178]",-1,1,False,"['A', 'F']","['B', 'D']"
5a7906f55542990784727792::working_set_pack_a,5a7906f55542990784727792,"['A', 'B', 'C', 'D', 'E', 'F']","[0, 0, 0, 0, 1, 1]","[-0.017136098816990852, -0.019454948604106903, -0.021991576999425888, -0.02152259089052677, -0.012700462713837624, 0.09280569851398468]","[0.017136098816990852, 0.019454948604106903, 0.021991576999425888, 0.02152259089052677, 0.012700462713837624, -0.09280569851398468]","[-0.017136098816990852, -0.019454948604106903, -0.021991576999425888, -0.02152259089052677, -0.012700462713837624, 0.09280569851398468]",1,-1,False,"['A', 'D']","['E', 'F']"
5a7906f55542990784727792::active_set_pack_a,5a7906f55542990784727792,"['A', 'B', 'C', 'D', 'E', 'F']","[0, 0, 0, 0, 1, 1]","[-0.0140787148848176, -0.017559882253408432, -0.02013378217816353, -0.020038262009620667, -0.01028988417237997, 0.08210056275129318]","[0.0140787148848176, 0.017559882253408432, 0.02013378217816353, 0.020038262009620667, 0.01028988417237997, -0.08210056275129318]","[0.0140787148848176, 0.017559882253408432, 0.02013378217816353, 0.020038262009620667, 0.01028988417237997, -0.08210056275129318]",-1,1,False,"['A', 'E']","['E', 'F']"
5a7906f55542990784727792::working_set_pack_b,5a7906f55542990784727792,"['A', 'B', 'C', 'D', 'E', 'F']","[0, 0, 0, 0, 1, 1]","[0.0035777243319898844, -0.018941035494208336, -0.02263796702027321, -0.024248767644166946, -0.008705907501280308, 0.07095595449209213]","[-0.0035777243319898844, 0.018941035494208336, 0.02263796702027321, 0.024248767644166946, 0.008705907501280308, -0.07095595449209213]","[-0.0035777243319898844, 0.018941035494208336, 0.02263796702027321, 0.024248767644166946, 0.008705907501280308, -0.07095595449209213]",-1,1,False,"['A', 'E']","['E', 'F']"
5a7906f55542990784727792::active_set_pack_b,5a7906f55542990784727792,"['A', 'B', 'C', 'D', 'E', 'F']","[0, 0, 0, 0, 1, 1]","[-0.01746821030974388, -0.021252138540148735, -0.024136656895279884, -0.024165403097867966, -0.01700260303914547, 0.10402501374483109]","[-0.01746821030974388, -0.021252138540148735, -0.024136656895279884, -0.024165403097867966, -0.01700260303914547, 0.10402501374483109]","[-0.01746821030974388, -0.021252138540148735, -0.024136656895279884, -0.024165403097867966, -0.01700260303914547, 0.10402501374483109]",1,1,False,"['A', 'F']","['E', 'F']"
5ab74412554299110f219ae8::working_set_pack_a,5ab74412554299110f219ae8,"['A', 'B', 'C', 'D', 'E', 'F']","[1, 1, 0, 0, 0, 0]","[0.004186580423265696, 0.042204082012176514, -0.011397160589694977, -0.011323381215333939, -0.01322429534047842, -0.010445833206176758]","[0.004186580423265696, 0.042204082012176514, -0.011397160589694977, -0.011323381215333939, -0.01322429534047842, -0.010445833206176758]","[-0.004186580423265696, -0.042204082012176514, 0.011397160589694977, 0.011323381215333939, 0.01322429534047842, 0.010445833206176758]",-1,-1,True,"['A', 'B']","['A', 'B']"
5ab74412554299110f219ae8::active_set_pack_a,5ab74412554299110f219ae8,"['A', 'B', 'C', 'D', 'E', 'F']","[1, 1, 0, 0, 0, 0]","[0.00018873726367019117, 0.037922561168670654, -0.009410995990037918, -0.009306552819907665, -0.011206663213670254, -0.008187062107026577]","[0.00018873726367019117, 0.037922561168670654, -0.009410995990037918, -0.009306552819907665, -0.011206663213670254, -0.008187062107026577]","[-0.00018873726367019117, -0.037922561168670654, 0.009410995990037918, 0.009306552819907665, 0.011206663213670254, 0.008187062107026577]",-1,-1,True,"['A', 'B']","['A', 'B']"
5ab74412554299110f219ae8::working_set_pack_b,5ab74412554299110f219ae8,"['A', 'B', 'C', 'D', 'E', 'F']","[1, 1, 0, 0, 0, 0]","[0.006104237865656614, 0.03494197130203247, -0.009995532222092152, -0.010088787414133549, -0.011560979299247265, -0.00940090324729681]","[0.006104237865656614, 0.03494197130203247, -0.009995532222092152, -0.010088787414133549, -0.011560979299247265, -0.00940090324729681]","[-0.006104237865656614, -0.03494197130203247, 0.009995532222092152, 0.010088787414133549, 0.011560979299247265, 0.00940090324729681]",-1,-1,True,"['A', 'B']","['A', 'B']"
5ab74412554299110f219ae8::active_set_pack_b,5ab74412554299110f219ae8,"['A', 'B', 'C', 'D', 'E', 'F']","[1, 1, 0, 0, 0, 0]","[0.005351068452000618, 0.041142746806144714, -0.011665374040603638, -0.01145094446837902, -0.013108990155160427, -0.010268477723002434]","[0.005351068452000618, 0.041142746806144714, -0.011665374040603638, -0.01145094446837902, -0.013108990155160427, -0.010268477723002434]","[-0.005351068452000618, -0.041142746806144714, 0.011665374040603638, 0.01145094446837902, 0.013108990155160427, 0.010268477723002434]",-1,-1,True,"['A', 'B']","['A', 'B']"
5ac4bfd05542997ea680caab::working_set_pack_a,5ac4bfd05542997ea680caab,"['A', 'B', 'C', 'D', 'E', 'F']","[1, 0, 0, 1, 0, 0]","[0.037061452865600586, 0.03626735135912895, 0.022710196673870087, 0.030886918306350708, -0.14106391370296478, 0.014137957245111465]","[0.037061452865600586, 0.03626735135912895, 0.022710196673870087, 0.030886918306350708, -0.14106391370296478, 0.014137957245111465]","[0.037061452865600586, 0.03626735135912895, 0.022710196673870087, 0.030886918306350708, -0.14106391370296478, 0.014137957245111465]",1,1,True,"['A', 'D']","['A', 'D']"
5ac4bfd05542997ea680caab::active_set_pack_a,5ac4bfd05542997ea680caab,"['A', 'B', 'C', 'D', 'E', 'F']","[1, 0, 0, 1, 0, 0]","[0.03703351691365242, 0.03630828112363815, 0.024852346628904343, 0.03056197054684162, -0.13387900590896606, 0.005122870672494173]","[0.03703351691365242, 0.03630828112363815, 0.024852346628904343, 0.03056197054684162, -0.13387900590896606, 0.005122870672494173]","[0.03703351691365242, 0.03630828112363815, 0.024852346628904343, 0.03056197054684162, -0.13387900590896606, 0.005122870672494173]",1,1,True,"['A', 'D']","['A', 'D']"
5ac4bfd05542997ea680caab::working_set_pack_b,5ac4bfd05542997ea680caab,"['A', 'B', 'C', 'D', 'E', 'F']","[1, 0, 0, 1, 0, 0]","[0.030108608305454254, 0.028082164004445076, 0.026246363297104836, 0.02418394759297371, -0.10480935126543045, -0.003811715869233012]","[0.030108608305454254, 0.028082164004445076, 0.026246363297104836, 0.02418394759297371, -0.10480935126543045, -0.003811715869233012]","[0.030108608305454254, 0.028082164004445076, 0.026246363297104836, 0.02418394759297371, -0.10480935126543045, -0.003811715869233012]",1,1,True,"['A', 'D']","['A', 'D']"
5ac4bfd05542997ea680caab::active_set_pack_b,5ac4bfd05542997ea680caab,"['A', 'B', 'C', 'D', 'E', 'F']","[1, 0, 0, 1, 0, 0]","[0.03603239357471466, 0.03251349925994873, 0.032849568873643875, 0.03783506155014038, -0.1125650629401207, -0.02666546404361725]","[0.03603239357471466, 0.03251349925994873, 0.032849568873643875, 0.03783506155014038, -0.1125650629401207, -0.02666546404361725]","[0.03603239357471466, 0.03251349925994873, 0.032849568873643875, 0.03783506155014038, -0.1125650629401207, -0.02666546404361725]",1,1,True,"['A', 'D']","['A', 'D']"
5ab72adb5542993667793f5d::working_set_pack_a,5ab72adb5542993667793f5d,"['A', 'B', 'C', 'D', 'E', 'F']","[1, 0, 0, 0, 0, 1]","[0.03509989008307457, -0.18010136485099792, 0.0360507108271122, 0.03756572678685188, 0.03553300350904465, 0.03585204482078552]","[-0.03509989008307457, 0.18010136485099792, -0.0360507108271122, -0.03756572678685188, -0.03553300350904465, -0.03585204482078552]","[0.03509989008307457, -0.18010136485099792, 0.0360507108271122, 0.03756572678685188, 0.03553300350904465, 0.03585204482078552]",1,-1,False,"['A', 'B']","['A', 'F']"
5ab72adb5542993667793f5d::active_set_pack_a,5ab72adb5542993667793f5d,"['A', 'B', 'C', 'D', 'E', 'F']","[1, 0, 0, 0, 0, 1]","[0.03579621762037277, -0.18475234508514404, 0.036943208426237106, 0.03868614882230759, 0.03639024496078491, 0.03693653643131256]","[-0.03579621762037277, 0.18475234508514404, -0.036943208426237106, -0.03868614882230759, -0.03639024496078491, -0.03693653643131256]","[0.03579621762037277, -0.18475234508514404, 0.036943208426237106, 0.03868614882230759, 0.03639024496078491, 0.03693653643131256]",1,-1,False,"['A', 'B']","['A', 'F']"
5ab72adb5542993667793f5d::working_set_pack_b,5ab72adb5542993667793f5d,"['A', 'B', 'C', 'D', 'E', 'F']","[1, 0, 0, 0, 0, 1]","[0.029603466391563416, -0.15432971715927124, 0.031301893293857574, 0.03235399350523949, 0.0301986001431942, 0.030871765688061714]","[-0.029603466391563416, 0.15432971715927124, -0.031301893293857574, -0.03235399350523949, -0.0301986001431942, -0.030871765688061714]","[0.029603466391563416, -0.15432971715927124, 0.031301893293857574, 0.03235399350523949, 0.0301986001431942, 0.030871765688061714]",1,-1,False,"['A', 'B']","['A', 'F']"
5ab72adb5542993667793f5d::active_set_pack_b,5ab72adb5542993667793f5d,"['A', 'B', 'C', 'D', 'E', 'F']","[1, 0, 0, 0, 0, 1]","[0.027222102507948875, -0.14602839946746826, 0.029994366690516472, 0.03125239163637161, 0.029241640120744705, 0.028317930176854134]","[-0.027222102507948875, 0.14602839946746826, -0.029994366690516472, -0.03125239163637161, -0.029241640120744705, -0.028317930176854134]","[0.027222102507948875, -0.14602839946746826, 0.029994366690516472, 0.03125239163637161, 0.029241640120744705, 0.028317930176854134]",1,-1,False,"['A', 'B']","['A', 'F']"
5abb06bc554299232ef4a3bb::working_set_pack_a,5abb06bc554299232ef4a3bb,"['A', 'B', 'C', 'D', 'E', 'F']","[0, 0, 0, 1, 0, 1]","[0.05023524537682533, -0.002191648120060563, -0.05033637210726738, -0.000613844022154808, 0.00030639738542959094, 0.002600210253149271]","[-0.05023524537682533, 0.002191648120060563, 0.05033637210726738, 0.000613844022154808, -0.00030639738542959094, -0.002600210253149271]","[0.05023524537682533, -0.002191648120060563, -0.05033637210726738, -0.000613844022154808, 0.00030639738542959094, 0.002600210253149271]",1,-1,False,"['A', 'C']","['D', 'F']"
5abb06bc554299232ef4a3bb::active_set_pack_a,5abb06bc554299232ef4a3bb,"['A', 'B', 'C', 'D', 'E', 'F']","[0, 0, 0, 1, 0, 1]","[-0.04668145626783371, 0.0038408872205764055, 0.03478855639696121, 0.004208592232316732, 0.003450163872912526, 0.0003932612016797066]","[0.04668145626783371, -0.0038408872205764055, -0.03478855639696121, -0.004208592232316732, -0.003450163872912526, -0.0003932612016797066]","[0.04668145626783371, -0.0038408872205764055, -0.03478855639696121, -0.004208592232316732, -0.003450163872912526, -0.0003932612016797066]",-1,1,False,"['A', 'C']","['D', 'F']"
5abb06bc554299232ef4a3bb::working_set_pack_b,5abb06bc554299232ef4a3bb,"['A', 'B', 'C', 'D', 'E', 'F']","[0, 0, 0, 1, 0, 1]","[-0.0594918355345726, 0.0028766775503754616, 0.018593307584524155, 0.015469645150005817, 0.014494388364255428, 0.008057822473347187]","[0.0594918355345726, -0.0028766775503754616, -0.018593307584524155, -0.015469645150005817, -0.014494388364255428, -0.008057822473347187]","[0.0594918355345726, -0.0028766775503754616, -0.018593307584524155, -0.015469645150005817, -0.014494388364255428, -0.008057822473347187]",-1,1,False,"['A', 'C']","['D', 'F']"
5abb06bc554299232ef4a3bb::active_set_pack_b,5abb06bc554299232ef4a3bb,"['A', 'B', 'C', 'D', 'E', 'F']","[0, 0, 0, 1, 0, 1]","[0.03616511449217796, 0.0014286054065451026, -0.08656211942434311, 0.015574516728520393, 0.016621064394712448, 0.016772830858826637]","[-0.03616511449217796, -0.0014286054065451026, 0.08656211942434311, -0.015574516728520393, -0.016621064394712448, -0.016772830858826637]","[0.03616511449217796, 0.0014286054065451026, -0.08656211942434311, 0.015574516728520393, 0.016621064394712448, 0.016772830858826637]",1,-1,False,"['A', 'C']","['D', 'F']"
5ae3cf7e5542990afbd1e1e2::working_set_pack_a,5ae3cf7e5542990afbd1e1e2,"['A', 'B', 'C', 'D', 'E', 'F']","[1, 0, 1, 0, 0, 0]","[-0.03293229267001152, -0.031732670962810516, 0.1633358597755432, -0.032493893057107925, -0.03291624039411545, -0.033260781317949295]","[-0.03293229267001152, -0.031732670962810516, 0.1633358597755432, -0.032493893057107925, -0.03291624039411545, -0.033260781317949295]","[0.03293229267001152, 0.031732670962810516, -0.1633358597755432, 0.032493893057107925, 0.03291624039411545, 0.033260781317949295]",-1,-1,True,"['A', 'C']","['A', 'C']"
5ae3cf7e5542990afbd1e1e2::active_set_pack_a,5ae3cf7e5542990afbd1e1e2,"['A', 'B', 'C', 'D', 'E', 'F']","[1, 0, 1, 0, 0, 0]","[-0.030940603464841843, -0.02943868190050125, 0.1527343988418579, -0.030307114124298096, -0.030810896307229996, -0.03123711608350277]","[-0.030940603464841843, -0.02943868190050125, 0.1527343988418579, -0.030307114124298096, -0.030810896307229996, -0.03123711608350277]","[0.030940603464841843, 0.02943868190050125, -0.1527343988418579, 0.030307114124298096, 0.030810896307229996, 0.03123711608350277]",-1,-1,True,"['A', 'C']","['A', 'C']"
5ae3cf7e5542990afbd1e1e2::working_set_pack_b,5ae3cf7e5542990afbd1e1e2,"['A', 'B', 'C', 'D', 'E', 'F']","[1, 0, 1, 0, 0, 0]","[-0.03498467803001404, -0.033294424414634705, 0.17142602801322937, -0.034081801772117615, -0.03415624052286148, -0.034908853471279144]","[-0.03498467803001404, -0.033294424414634705, 0.17142602801322937, -0.034081801772117615, -0.03415624052286148, -0.034908853471279144]","[0.03498467803001404, 0.033294424414634705, -0.17142602801322937, 0.034081801772117615, 0.03415624052286148, 0.034908853471279144]",-1,-1,True,"['A', 'C']","['A', 'C']"
5ae3cf7e5542990afbd1e1e2::active_set_pack_b,5ae3cf7e5542990afbd1e1e2,"['A', 'B', 'C', 'D', 'E', 'F']","[1, 0, 1, 0, 0, 0]","[-0.028355209156870842, -0.01900317147374153, 0.1354195773601532, -0.02937673032283783, -0.02915077842772007, -0.029533667489886284]","[-0.028355209156870842, -0.01900317147374153, 0.1354195773601532, -0.02937673032283783, -0.02915077842772007, -0.029533667489886284]","[0.028355209156870842, 0.01900317147374153, -0.1354195773601532, 0.02937673032283783, 0.02915077842772007, 0.029533667489886284]",-1,-1,True,"['A', 'C']","['A', 'C']"
5a7315015542994cef4bc448::working_set_pack_a,5a7315015542994cef4bc448,"['A', 'B', 'C', 'D', 'E', 'F']","[1, 0, 0, 0, 1, 0]","[-0.012898730114102364, -0.016135146841406822, -0.007946427911520004, -0.010831606574356556, 0.060996152460575104, -0.013184226118028164]","[-0.012898730114102364, -0.016135146841406822, -0.007946427911520004, -0.010831606574356556, 0.060996152460575104, -0.013184226118028164]","[-0.012898730114102364, -0.016135146841406822, -0.007946427911520004, -0.010831606574356556, 0.060996152460575104, -0.013184226118028164]",1,1,True,"['A', 'E']","['A', 'E']"
5a7315015542994cef4bc448::active_set_pack_a,5a7315015542994cef4bc448,"['A', 'B', 'C', 'D', 'E', 'F']","[1, 0, 0, 0, 1, 0]","[-0.012163972482085228, -0.017013531178236008, -0.006985901389271021, -0.009908883832395077, 0.058662619441747665, -0.012590335682034492]","[-0.012163972482085228, -0.017013531178236008, -0.006985901389271021, -0.009908883832395077, 0.058662619441747665, -0.012590335682034492]","[-0.012163972482085228, -0.017013531178236008, -0.006985901389271021, -0.009908883832395077, 0.058662619441747665, -0.012590335682034492]",1,1,True,"['A', 'E']","['A', 'E']"
5a7315015542994cef4bc448::working_set_pack_b,5a7315015542994cef4bc448,"['A', 'B', 'C', 'D', 'E', 'F']","[1, 0, 0, 0, 1, 0]","[-0.01230489369481802, -0.017361702397465706, -0.00026858231285586953, -0.006538251414895058, 0.04510097950696945, -0.00862753577530384]","[-0.01230489369481802, -0.017361702397465706, -0.00026858231285586953, -0.006538251414895058, 0.04510097950696945, -0.00862753577530384]","[0.01230489369481802, 0.017361702397465706, 0.00026858231285586953, 0.006538251414895058, -0.04510097950696945, 0.00862753577530384]",-1,-1,True,"['A', 'E']","['A', 'E']"
5a7315015542994cef4bc448::active_set_pack_b,5a7315015542994cef4bc448,"['A', 'B', 'C', 'D', 'E', 'F']","[1, 0, 0, 0, 1, 0]","[-0.0024918150156736374, -0.046799227595329285, 0.006703813094645739, 0.0007025363156571984, 0.04490462318062782, -0.00301993265748024]","[-0.0024918150156736374, -0.046799227595329285, 0.006703813094645739, 0.0007025363156571984, 0.04490462318062782, -0.00301993265748024]","[-0.0024918150156736374, -0.046799227595329285, 0.006703813094645739, 0.0007025363156571984, 0.04490462318062782, -0.00301993265748024]",1,1,True,"['A', 'E']","['A', 'E']"
5ab1ce395542997061209579::working_set_pack_a,5ab1ce395542997061209579,"['A', 'B', 'C', 'D', 'E', 'F']","[1, 1, 0, 0, 0, 0]","[0.0011961625423282385, 0.008157034404575825, -9.03625987120904e-05, 0.009091462008655071, 0.010605749674141407, -0.02896004542708397]","[-0.0011961625423282385, -0.008157034404575825, 9.03625987120904e-05, -0.009091462008655071, -0.010605749674141407, 0.02896004542708397]","[0.0011961625423282385, 0.008157034404575825, -9.03625987120904e-05, 0.009091462008655071, 0.010605749674141407, -0.02896004542708397]",1,-1,False,"['A', 'F']","['A', 'B']"
5ab1ce395542997061209579::active_set_pack_a,5ab1ce395542997061209579,"['A', 'B', 'C', 'D', 'E', 'F']","[1, 1, 0, 0, 0, 0]","[0.0013313977979123592, 0.002521913731470704, 0.0006863000453449786, 0.010577267035841942, 0.01118436362594366, -0.02630125731229782]","[-0.0013313977979123592, -0.002521913731470704, -0.0006863000453449786, -0.010577267035841942, -0.01118436362594366, 0.02630125731229782]","[0.0013313977979123592, 0.002521913731470704, 0.0006863000453449786, 0.010577267035841942, 0.01118436362594366, -0.02630125731229782]",1,-1,False,"['A', 'F']","['A', 'B']"
5ab1ce395542997061209579::working_set_pack_b,5ab1ce395542997061209579,"['A', 'B', 'C', 'D', 'E', 'F']","[1, 1, 0, 0, 0, 0]","[0.0022404822520911694, 0.0032630697824060917, 0.0012387415627017617, 0.012183899991214275, 0.011171878315508366, -0.030098076909780502]","[-0.0022404822520911694, -0.0032630697824060917, -0.0012387415627017617, -0.012183899991214275, -0.011171878315508366, 0.030098076909780502]","[0.0022404822520911694, 0.0032630697824060917, 0.0012387415627017617, 0.012183899991214275, 0.011171878315508366, -0.030098076909780502]",1,-1,False,"['A', 'F']","['A', 'B']"
5ab1ce395542997061209579::active_set_pack_b,5ab1ce395542997061209579,"['A', 'B', 'C', 'D', 'E', 'F']","[1, 1, 0, 0, 0, 0]","[0.0012644053203985095, -0.0004606189322657883, -0.0062138172797858715, -0.012772551737725735, -0.012258746661245823, 0.030441327020525932]","[0.0012644053203985095, -0.0004606189322657883, -0.0062138172797858715, -0.012772551737725735, -0.012258746661245823, 0.030441327020525932]","[-0.0012644053203985095, 0.0004606189322657883, 0.0062138172797858715, 0.012772551737725735, 0.012258746661245823, -0.030441327020525932]",-1,-1,False,"['A', 'F']","['A', 'B']"
5a8afba155429949d91db458::working_set_pack_a,5a8afba155429949d91db458,"['A', 'B', 'C', 'D', 'E', 'F']","[0, 0, 0, 1, 1, 0]","[-0.023297637701034546, -0.006826348602771759, 0.0029422403313219547, -0.007537261117249727, 0.03546896204352379, -0.0007499523344449699]","[0.023297637701034546, 0.006826348602771759, -0.0029422403313219547, 0.007537261117249727, -0.03546896204352379, 0.0007499523344449699]","[0.023297637701034546, 0.006826348602771759, -0.0029422403313219547, 0.007537261117249727, -0.03546896204352379, 0.0007499523344449699]",-1,1,False,"['A', 'B']","['D', 'E']"
5a8afba155429949d91db458::active_set_pack_a,5a8afba155429949d91db458,"['A', 'B', 'C', 'D', 'E', 'F']","[0, 0, 0, 1, 1, 0]","[-0.021567920222878456, -0.006281310226768255, 0.00231156381778419, -0.008002866059541702, 0.03345191478729248, 8.860777597874403e-05]","[0.021567920222878456, 0.006281310226768255, -0.00231156381778419, 0.008002866059541702, -0.03345191478729248, -8.860777597874403e-05]","[0.021567920222878456, 0.006281310226768255, -0.00231156381778419, 0.008002866059541702, -0.03345191478729248, -8.860777597874403e-05]",-1,1,False,"['A', 'B']","['D', 'E']"
5a8afba155429949d91db458::working_set_pack_b,5a8afba155429949d91db458,"['A', 'B', 'C', 'D', 'E', 'F']","[0, 0, 0, 1, 1, 0]","[-0.017606737092137337, -0.005001837853342295, -0.010139931924641132, 0.04295426979660988, -0.012122243642807007, 0.0019164823461323977]","[0.017606737092137337, 0.005001837853342295, 0.010139931924641132, -0.04295426979660988, 0.012122243642807007, -0.0019164823461323977]","[-0.017606737092137337, -0.005001837853342295, -0.010139931924641132, 0.04295426979660988, -0.012122243642807007, 0.0019164823461323977]",1,-1,False,"['A', 'B']","['D', 'E']"
5a8afba155429949d91db458::active_set_pack_b,5a8afba155429949d91db458,"['A', 'B', 'C', 'D', 'E', 'F']","[0, 0, 0, 1, 1, 0]","[-0.021058959886431694, -0.01375123392790556, 0.005081867799162865, -0.007698340807110071, 0.036284878849983215, 0.0011417975183576345]","[-0.021058959886431694, -0.01375123392790556, 0.005081867799162865, -0.007698340807110071, 0.036284878849983215, 0.0011417975183576345]","[0.021058959886431694, 0.01375123392790556, -0.005081867799162865, 0.007698340807110071, -0.036284878849983215, -0.0011417975183576345]",-1,-1,False,"['A', 'E']","['D', 'E']"
5ade5a245542997c77adee0c::working_set_pack_a,5ade5a245542997c77adee0c,"['A', 'B', 'C', 'D', 'E', 'F']","[0, 0, 1, 0, 1, 0]","[-0.057696372270584106, 0.012159397825598717, 0.011283316649496555, 0.011699934490025043, 0.015642918646335602, 0.006910799071192741]","[0.057696372270584106, -0.012159397825598717, -0.011283316649496555, -0.011699934490025043, -0.015642918646335602, -0.006910799071192741]","[-0.057696372270584106, 0.012159397825598717, 0.011283316649496555, 0.011699934490025043, 0.015642918646335602, 0.006910799071192741]",1,-1,False,"['A', 'E']","['C', 'E']"
5ade5a245542997c77adee0c::active_set_pack_a,5ade5a245542997c77adee0c,"['A', 'B', 'C', 'D', 'E', 'F']","[0, 0, 1, 0, 1, 0]","[-0.03774586319923401, 0.007025876082479954, 0.006017967592924833, 0.006525914650410414, 0.01762612909078598, 0.0005499751423485577]","[0.03774586319923401, -0.007025876082479954, -0.006017967592924833, -0.006525914650410414, -0.01762612909078598, -0.0005499751423485577]","[-0.03774586319923401, 0.007025876082479954, 0.006017967592924833, 0.006525914650410414, 0.01762612909078598, 0.0005499751423485577]",1,-1,False,"['A', 'E']","['C', 'E']"
5ade5a245542997c77adee0c::working_set_pack_b,5ade5a245542997c77adee0c,"['A', 'B', 'C', 'D', 'E', 'F']","[0, 0, 1, 0, 1, 0]","[-0.08027544617652893, 0.01706049032509327, 0.01634605973958969, 0.016550088301301003, 0.019246889278292656, 0.011071914806962013]","[0.08027544617652893, -0.01706049032509327, -0.01634605973958969, -0.016550088301301003, -0.019246889278292656, -0.011071914806962013]","[-0.08027544617652893, 0.01706049032509327, 0.01634605973958969, 0.016550088301301003, 0.019246889278292656, 0.011071914806962013]",1,-1,False,"['A', 'B']","['C', 'E']"
5ade5a245542997c77adee0c::active_set_pack_b,5ade5a245542997c77adee0c,"['A', 'B', 'C', 'D', 'E', 'F']","[0, 0, 1, 0, 1, 0]","[-0.05018679052591324, 0.011080623604357243, 0.010016080923378468, 0.01046726107597351, 0.01614830084145069, 0.0024745319969952106]","[0.05018679052591324, -0.011080623604357243, -0.010016080923378468, -0.01046726107597351, -0.01614830084145069, -0.0024745319969952106]","[-0.05018679052591324, 0.011080623604357243, 0.010016080923378468, 0.01046726107597351, 0.01614830084145069, 0.0024745319969952106]",1,-1,False,"['A', 'C']","['C', 'E']"
5ae65d055542996d980e7b14::working_set_pack_a,5ae65d055542996d980e7b14,"['A', 'B', 'C', 'D', 'E', 'F']","[0, 0, 1, 1, 0, 0]","[-0.012625849805772305, -0.013199342414736748, 0.060754869133234024, -0.009475705213844776, -0.013076527044177055, -0.012377447448670864]","[0.012625849805772305, 0.013199342414736748, -0.060754869133234024, 0.009475705213844776, 0.013076527044177055, 0.012377447448670864]","[0.012625849805772305, 0.013199342414736748, -0.060754869133234024, 0.009475705213844776, 0.013076527044177055, 0.012377447448670864]",-1,1,False,"['A', 'D']","['C', 'D']"
5ae65d055542996d980e7b14::active_set_pack_a,5ae65d055542996d980e7b14,"['A', 'B', 'C', 'D', 'E', 'F']","[0, 0, 1, 1, 0, 0]","[-0.010583262890577316, -0.012274282984435558, 0.055354826152324677, -0.009109997190535069, -0.011234080418944359, -0.012153205461800098]","[0.010583262890577316, 0.012274282984435558, -0.055354826152324677, 0.009109997190535069, 0.011234080418944359, 0.012153205461800098]","[0.010583262890577316, 0.012274282984435558, -0.055354826152324677, 0.009109997190535069, 0.011234080418944359, 0.012153205461800098]",-1,1,False,"['A', 'D']","['C', 'D']"
5ae65d055542996d980e7b14::working_set_pack_b,5ae65d055542996d980e7b14,"['A', 'B', 'C', 'D', 'E', 'F']","[0, 0, 1, 1, 0, 0]","[-0.01789589412510395, -0.01799020916223526, 0.08655942231416702, -0.01597817800939083, -0.017649970948696136, -0.017045173794031143]","[0.01789589412510395, 0.01799020916223526, -0.08655942231416702, 0.01597817800939083, 0.017649970948696136, 0.017045173794031143]","[0.01789589412510395, 0.01799020916223526, -0.08655942231416702, 0.01597817800939083, 0.017649970948696136, 0.017045173794031143]",-1,1,False,"['A', 'D']","['C', 'D']"
5ae65d055542996d980e7b14::active_set_pack_b,5ae65d055542996d980e7b14,"['A', 'B', 'C', 'D', 'E', 'F']","[0, 0, 1, 1, 0, 0]","[-0.015891309827566147, -0.00951365102082491, 0.05246477946639061, -0.006275634281337261, -0.012188528664410114, -0.008595645427703857]","[0.015891309827566147, 0.00951365102082491, -0.05246477946639061, 0.006275634281337261, 0.012188528664410114, 0.008595645427703857]","[-0.015891309827566147, -0.00951365102082491, 0.05246477946639061, -0.006275634281337261, -0.012188528664410114, -0.008595645427703857]",1,-1,False,"['A', 'D']","['C', 'D']"
5a8a698255429930ff3c0dcf::working_set_pack_a,5a8a698255429930ff3c0dcf,"['A', 'B', 'C', 'D', 'E', 'F']","[0, 1, 0, 1, 0, 0]","[0.017895950004458427, 0.013760795816779137, 0.016117868945002556, 0.01723978854715824, -0.08013210445642471, 0.01511771883815527]","[0.017895950004458427, 0.013760795816779137, 0.016117868945002556, 0.01723978854715824, -0.08013210445642471, 0.01511771883815527]","[0.017895950004458427, 0.013760795816779137, 0.016117868945002556, 0.01723978854715824, -0.08013210445642471, 0.01511771883815527]",1,1,False,"['A', 'D']","['B', 'D']"
5a8a698255429930ff3c0dcf::active_set_pack_a,5a8a698255429930ff3c0dcf,"['A', 'B', 'C', 'D', 'E', 'F']","[0, 1, 0, 1, 0, 0]","[0.019999058917164803, 0.016456805169582367, 0.018512550741434097, 0.019896699115633965, -0.09265108406543732, 0.017785949632525444]","[0.019999058917164803, 0.016456805169582367, 0.018512550741434097, 0.019896699115633965, -0.09265108406543732, 0.017785949632525444]","[0.019999058917164803, 0.016456805169582367, 0.018512550741434097, 0.019896699115633965, -0.09265108406543732, 0.017785949632525444]",1,1,False,"['A', 'D']","['B', 'D']"
5a8a698255429930ff3c0dcf::working_set_pack_b,5a8a698255429930ff3c0dcf,"['A', 'B', 'C', 'D', 'E', 'F']","[0, 1, 0, 1, 0, 0]","[0.01900811307132244, 0.014473940245807171, 0.018947431817650795, 0.015856144949793816, -0.08697187900543213, 0.018686240538954735]","[0.01900811307132244, 0.014473940245807171, 0.018947431817650795, 0.015856144949793816, -0.08697187900543213, 0.018686240538954735]","[0.01900811307132244, 0.014473940245807171, 0.018947431817650795, 0.015856144949793816, -0.08697187900543213, 0.018686240538954735]",1,1,False,"['A', 'D']","['B', 'D']"
5a8a698255429930ff3c0dcf::active_set_pack_b,5a8a698255429930ff3c0dcf,"['A', 'B', 'C', 'D', 'E', 'F']","[0, 1, 0, 1, 0, 0]","[0.018174655735492706, 0.015462763607501984, 0.019156334921717644, 0.01733110472559929, -0.08927205950021744, 0.01914718933403492]","[0.018174655735492706, 0.015462763607501984, 0.019156334921717644, 0.01733110472559929, -0.08927205950021744, 0.01914718933403492]","[0.018174655735492706, 0.015462763607501984, 0.019156334921717644, 0.01733110472559929, -0.08927205950021744, 0.01914718933403492]",1,1,False,"['A', 'D']","['B', 'D']"
5ac4f4255542996feb3fe99d::working_set_pack_a,5ac4f4255542996feb3fe99d,"['A', 'B', 'C', 'D', 'E', 'F']","[0, 1, 0, 0, 0, 1]","[0.012067059986293316, 0.005691151134669781, 0.01025561522692442, 0.013206771574914455, -0.05263349413871765, 0.01141289807856083]","[0.012067059986293316, 0.005691151134669781, 0.01025561522692442, 0.013206771574914455, -0.05263349413871765, 0.01141289807856083]","[0.012067059986293316, 0.005691151134669781, 0.01025561522692442, 0.013206771574914455, -0.05263349413871765, 0.01141289807856083]",1,1,False,"['A', 'F']","['B', 'F']"
5ac4f4255542996feb3fe99d::active_set_pack_a,5ac4f4255542996feb3fe99d,"['A', 'B', 'C', 'D', 'E', 'F']","[0, 1, 0, 0, 0, 1]","[0.011997465044260025, 0.005556200165301561, 0.01011238805949688, 0.012749630957841873, -0.05065687373280525, 0.010241197422146797]","[0.011997465044260025, 0.005556200165301561, 0.01011238805949688, 0.012749630957841873, -0.05065687373280525, 0.010241197422146797]","[0.011997465044260025, 0.005556200165301561, 0.01011238805949688, 0.012749630957841873, -0.05065687373280525, 0.010241197422146797]",1,1,False,"['A', 'F']","['B', 'F']"
5ac4f4255542996feb3fe99d::working_set_pack_b,5ac4f4255542996feb3fe99d,"['A', 'B', 'C', 'D', 'E', 'F']","[0, 1, 0, 0, 0, 1]","[0.011231835931539536, 0.0037792788352817297, 0.010305547155439854, 0.012464066967368126, -0.047438379377126694, 0.009657666087150574]","[0.011231835931539536, 0.0037792788352817297, 0.010305547155439854, 0.012464066967368126, -0.047438379377126694, 0.009657666087150574]","[0.011231835931539536, 0.0037792788352817297, 0.010305547155439854, 0.012464066967368126, -0.047438379377126694, 0.009657666087150574]",1,1,False,"['A', 'F']","['B', 'F']"
5ac4f4255542996feb3fe99d::active_set_pack_b,5ac4f4255542996feb3fe99d,"['A', 'B', 'C', 'D', 'E', 'F']","[0, 1, 0, 0, 0, 1]","[-0.013193782418966293, -0.012921124696731567, -0.013560349121689796, -0.013272905722260475, -0.019322335720062256, 0.07227052003145218]","[-0.013193782418966293, -0.012921124696731567, -0.013560349121689796, -0.013272905722260475, -0.019322335720062256, 0.07227052003145218]","[-0.013193782418966293, -0.012921124696731567, -0.013560349121689796, -0.013272905722260475, -0.019322335720062256, 0.07227052003145218]",1,1,False,"['A', 'F']","['B', 'F']"
5a85d5ba5542997175ce205a::working_set_pack_a,5a85d5ba5542997175ce205a,"['A', 'B', 'C', 'D', 'E', 'F']","[0, 0, 1, 0, 1, 0]","[-0.004435048438608646, -0.030263295397162437, 0.005398354027420282, 0.009141270071268082, 0.010354182682931423, 0.009804541245102882]","[-0.004435048438608646, -0.030263295397162437, 0.005398354027420282, 0.009141270071268082, 0.010354182682931423, 0.009804541245102882]","[-0.004435048438608646, -0.030263295397162437, 0.005398354027420282, 0.009141270071268082, 0.010354182682931423, 0.009804541245102882]",1,1,False,"['A', 'D']","['C', 'E']"
5a85d5ba5542997175ce205a::active_set_pack_a,5a85d5ba5542997175ce205a,"['A', 'B', 'C', 'D', 'E', 'F']","[0, 0, 1, 0, 1, 0]","[-0.006741784047335386, -0.02619049698114395, 0.0049982559867203236, 0.0074204690754413605, 0.012079279869794846, 0.008434289135038853]","[-0.006741784047335386, -0.02619049698114395, 0.0049982559867203236, 0.0074204690754413605, 0.012079279869794846, 0.008434289135038853]","[0.006741784047335386, 0.02619049698114395, -0.0049982559867203236, -0.0074204690754413605, -0.012079279869794846, -0.008434289135038853]",-1,-1,False,"['A', 'D']","['C', 'E']"
5a85d5ba5542997175ce205a::working_set_pack_b,5a85d5ba5542997175ce205a,"['A', 'B', 'C', 'D', 'E', 'F']","[0, 0, 1, 0, 1, 0]","[-0.007540928665548563, -0.030690845102071762, 0.005137961823493242, 0.011126324534416199, 0.008896100334823132, 0.01307140663266182]","[0.007540928665548563, 0.030690845102071762, -0.005137961823493242, -0.011126324534416199, -0.008896100334823132, -0.01307140663266182]","[-0.007540928665548563, -0.030690845102071762, 0.005137961823493242, 0.011126324534416199, 0.008896100334823132, 0.01307140663266182]",1,-1,False,"['A', 'B']","['C', 'E']"
5a85d5ba5542997175ce205a::active_set_pack_b,5a85d5ba5542997175ce205a,"['A', 'B', 'C', 'D', 'E', 'F']","[0, 0, 1, 0, 1, 0]","[-0.0059927115216851234, -0.03296929970383644, 0.004756103735417128, 0.012132161296904087, 0.008700953796505928, 0.013372805900871754]","[0.0059927115216851234, 0.03296929970383644, -0.004756103735417128, -0.012132161296904087, -0.008700953796505928, -0.013372805900871754]","[-0.0059927115216851234, -0.03296929970383644, 0.004756103735417128, 0.012132161296904087, 0.008700953796505928, 0.013372805900871754]",1,-1,False,"['A', 'B']","['C', 'E']"
5a8a1eb755429970aeb70261::working_set_pack_a,5a8a1eb755429970aeb70261,"['A', 'B', 'C', 'D', 'E', 'F']","[0, 0, 1, 0, 0, 1]","[-0.01968354359269142, -0.017802903428673744, -0.01340431161224842, -0.01705164834856987, -0.017730440944433212, 0.08567284047603607]","[-0.01968354359269142, -0.017802903428673744, -0.01340431161224842, -0.01705164834856987, -0.017730440944433212, 0.08567284047603607]","[0.01968354359269142, 0.017802903428673744, 0.01340431161224842, 0.01705164834856987, 0.017730440944433212, -0.08567284047603607]",-1,-1,False,"['A', 'F']","['C', 'F']"
5a8a1eb755429970aeb70261::active_set_pack_a,5a8a1eb755429970aeb70261,"['A', 'B', 'C', 'D', 'E', 'F']","[0, 0, 1, 0, 0, 1]","[-0.01900476962327957, -0.01719927415251732, -0.011387771926820278, -0.01641855575144291, -0.017002707347273827, 0.08101307600736618]","[-0.01900476962327957, -0.01719927415251732, -0.011387771926820278, -0.01641855575144291, -0.017002707347273827, 0.08101307600736618]","[0.01900476962327957, 0.01719927415251732, 0.011387771926820278, 0.01641855575144291, 0.017002707347273827, -0.08101307600736618]",-1,-1,False,"['A', 'F']","['C', 'F']"
5a8a1eb755429970aeb70261::working_set_pack_b,5a8a1eb755429970aeb70261,"['A', 'B', 'C', 'D', 'E', 'F']","[0, 0, 1, 0, 0, 1]","[-0.012767198495566845, -0.012630993500351906, -0.007308563217520714, -0.012081504799425602, -0.011349838227033615, 0.05613812431693077]","[-0.012767198495566845, -0.012630993500351906, -0.007308563217520714, -0.012081504799425602, -0.011349838227033615, 0.05613812431693077]","[0.012767198495566845, 0.012630993500351906, 0.007308563217520714, 0.012081504799425602, 0.011349838227033615, -0.05613812431693077]",-1,-1,False,"['A', 'F']","['C', 'F']"
5a8a1eb755429970aeb70261::active_set_pack_b,5a8a1eb755429970aeb70261,"['A', 'B', 'C', 'D', 'E', 'F']","[0, 0, 1, 0, 0, 1]","[-0.013148839585483074, -0.015565629117190838, -0.017187736928462982, -0.013043508864939213, -0.014338294044137001, 0.07328400015830994]","[-0.013148839585483074, -0.015565629117190838, -0.017187736928462982, -0.013043508864939213, -0.014338294044137001, 0.07328400015830994]","[0.013148839585483074, 0.015565629117190838, 0.017187736928462982, 0.013043508864939213, 0.014338294044137001, -0.07328400015830994]",-1,-1,False,"['A', 'F']","['C', 'F']"
5ac3bb805542993915413909::working_set_pack_a,5ac3bb805542993915413909,"['A', 'B', 'C', 'D', 'E', 'F']","[0, 1, 1, 0, 0, 0]","[-0.06932505965232849, 0.0451725497841835, 0.0014673847472295165, 0.0026045592967420816, 0.017359523102641106, 0.0027210265398025513]","[0.06932505965232849, -0.0451725497841835, -0.0014673847472295165, -0.0026045592967420816, -0.017359523102641106, -0.0027210265398025513]","[-0.06932505965232849, 0.0451725497841835, 0.0014673847472295165, 0.0026045592967420816, 0.017359523102641106, 0.0027210265398025513]",1,-1,False,"['A', 'B']","['B', 'C']"
5ac3bb805542993915413909::active_set_pack_a,5ac3bb805542993915413909,"['A', 'B', 'C', 'D', 'E', 'F']","[0, 1, 1, 0, 0, 0]","[-0.03329142555594444, 0.08483859896659851, -0.012620956636965275, -0.012487588450312614, -0.013869489543139935, -0.012569146230816841]","[-0.03329142555594444, 0.08483859896659851, -0.012620956636965275, -0.012487588450312614, -0.013869489543139935, -0.012569146230816841]","[0.03329142555594444, -0.08483859896659851, 0.012620956636965275, 0.012487588450312614, 0.013869489543139935, 0.012569146230816841]",-1,-1,False,"['A', 'B']","['B', 'C']"
5ac3bb805542993915413909::working_set_pack_b,5ac3bb805542993915413909,"['A', 'B', 'C', 'D', 'E', 'F']","[0, 1, 1, 0, 0, 0]","[-0.07768245786428452, 0.018882645294070244, 0.008237064816057682, 0.011616978794336319, 0.027335694059729576, 0.011610056273639202]","[0.07768245786428452, -0.018882645294070244, -0.008237064816057682, -0.011616978794336319, -0.027335694059729576, -0.011610056273639202]","[-0.07768245786428452, 0.018882645294070244, 0.008237064816057682, 0.011616978794336319, 0.027335694059729576, 0.011610056273639202]",1,-1,False,"['A', 'B']","['B', 'C']"
5ac3bb805542993915413909::active_set_pack_b,5ac3bb805542993915413909,"['A', 'B', 'C', 'D', 'E', 'F']","[0, 1, 1, 0, 0, 0]","[-0.08739398419857025, 0.02580532431602478, 0.008105004206299782, 0.010638534091413021, 0.032084930688142776, 0.010760166682302952]","[0.08739398419857025, -0.02580532431602478, -0.008105004206299782, -0.010638534091413021, -0.032084930688142776, -0.010760166682302952]","[-0.08739398419857025, 0.02580532431602478, 0.008105004206299782, 0.010638534091413021, 0.032084930688142776, 0.010760166682302952]",1,-1,False,"['A', 'B']","['B', 'C']"
5a81102b554299260e20a22a::working_set_pack_a,5a81102b554299260e20a22a,"['A', 'B', 'C', 'D', 'E', 'F']","[1, 0, 1, 0, 0, 0]","[0.012229462154209614, 0.012616746127605438, 0.015695612877607346, 0.014503582380712032, -0.06771797686815262, 0.012672576121985912]","[-0.012229462154209614, -0.012616746127605438, -0.015695612877607346, -0.014503582380712032, 0.06771797686815262, -0.012672576121985912]","[0.012229462154209614, 0.012616746127605438, 0.015695612877607346, 0.014503582380712032, -0.06771797686815262, 0.012672576121985912]",1,-1,False,"['A', 'E']","['A', 'C']"
5a81102b554299260e20a22a::active_set_pack_a,5a81102b554299260e20a22a,"['A', 'B', 'C', 'D', 'E', 'F']","[1, 0, 1, 0, 0, 0]","[0.011755482293665409, 0.012401184998452663, 0.015322146937251091, 0.014786492101848125, -0.06628856062889099, 0.012023288756608963]","[-0.011755482293665409, -0.012401184998452663, -0.015322146937251091, -0.014786492101848125, 0.06628856062889099, -0.012023288756608963]","[0.011755482293665409, 0.012401184998452663, 0.015322146937251091, 0.014786492101848125, -0.06628856062889099, 0.012023288756608963]",1,-1,False,"['A', 'E']","['A', 'C']"
5a81102b554299260e20a22a::working_set_pack_b,5a81102b554299260e20a22a,"['A', 'B', 'C', 'D', 'E', 'F']","[1, 0, 1, 0, 0, 0]","[0.003747419686987996, 0.01357246097177267, 0.009381516836583614, 0.023881446570158005, -0.05524696409702301, 0.00466413889080286]","[-0.003747419686987996, -0.01357246097177267, -0.009381516836583614, -0.023881446570158005, 0.05524696409702301, -0.00466413889080286]","[0.003747419686987996, 0.01357246097177267, 0.009381516836583614, 0.023881446570158005, -0.05524696409702301, 0.00466413889080286]",1,-1,False,"['A', 'E']","['A', 'C']"
5a81102b554299260e20a22a::active_set_pack_b,5a81102b554299260e20a22a,"['A', 'B', 'C', 'D', 'E', 'F']","[1, 0, 1, 0, 0, 0]","[0.0017373791197314858, 0.010054830461740494, 0.00636278185993433, 0.03898199275135994, -0.0601016990840435, 0.002964696614071727]","[-0.0017373791197314858, -0.010054830461740494, -0.00636278185993433, -0.03898199275135994, 0.0601016990840435, -0.002964696614071727]","[0.0017373791197314858, 0.010054830461740494, 0.00636278185993433, 0.03898199275135994, -0.0601016990840435, 0.002964696614071727]",1,-1,False,"['A', 'E']","['A', 'C']"
5a77a0205542995d83181225::working_set_pack_a,5a77a0205542995d83181225,"['A', 'B', 'C', 'D', 'E', 'F']","[0, 1, 0, 0, 0, 1]","[-0.0085605438798666, -0.007008119951933622, -0.013917128555476665, -0.014619306661188602, -0.011668706312775612, 0.055773794651031494]","[-0.0085605438798666, -0.007008119951933622, -0.013917128555476665, -0.014619306661188602, -0.011668706312775612, 0.055773794651031494]","[0.0085605438798666, 0.007008119951933622, 0.013917128555476665, 0.014619306661188602, 0.011668706312775612, -0.055773794651031494]",-1,-1,False,"['A', 'F']","['B', 'F']"
5a77a0205542995d83181225::active_set_pack_a,5a77a0205542995d83181225,"['A', 'B', 'C', 'D', 'E', 'F']","[0, 1, 0, 0, 0, 1]","[-0.007841089740395546, -0.004938837140798569, -0.012919248081743717, -0.014118213206529617, -0.010544993914663792, 0.05036238580942154]","[-0.007841089740395546, -0.004938837140798569, -0.012919248081743717, -0.014118213206529617, -0.010544993914663792, 0.05036238580942154]","[0.007841089740395546, 0.004938837140798569, 0.012919248081743717, 0.014118213206529617, 0.010544993914663792, -0.05036238580942154]",-1,-1,False,"['A', 'F']","['B', 'F']"
5a77a0205542995d83181225::working_set_pack_b,5a77a0205542995d83181225,"['A', 'B', 'C', 'D', 'E', 'F']","[0, 1, 0, 0, 0, 1]","[-0.007683127652853727, 0.013531845062971115, -0.01263169664889574, -0.01677280105650425, -0.012592339888215065, 0.036148130893707275]","[-0.007683127652853727, 0.013531845062971115, -0.01263169664889574, -0.01677280105650425, -0.012592339888215065, 0.036148130893707275]","[0.007683127652853727, -0.013531845062971115, 0.01263169664889574, 0.01677280105650425, 0.012592339888215065, -0.036148130893707275]",-1,-1,False,"['A', 'B']","['B', 'F']"
5a77a0205542995d83181225::active_set_pack_b,5a77a0205542995d83181225,"['A', 'B', 'C', 'D', 'E', 'F']","[0, 1, 0, 0, 0, 1]","[-0.008941755630075932, -0.00633548479527235, -0.014748724177479744, -0.017318394035100937, -0.013962316326797009, 0.06130671128630638]","[-0.008941755630075932, -0.00633548479527235, -0.014748724177479744, -0.017318394035100937, -0.013962316326797009, 0.06130671128630638]","[0.008941755630075932, 0.00633548479527235, 0.014748724177479744, 0.017318394035100937, 0.013962316326797009, -0.06130671128630638]",-1,-1,False,"['A', 'F']","['B', 'F']"
5a8f7992554299458435d64c::working_set_pack_a,5a8f7992554299458435d64c,"['A', 'B', 'C', 'D', 'E', 'F']","[1, 0, 1, 0, 0, 0]","[0.03808453306555748, 0.005469905212521553, 0.016149647533893585, 0.030402591452002525, 0.025231556966900826, -0.11533821374177933]","[0.03808453306555748, 0.005469905212521553, 0.016149647533893585, 0.030402591452002525, 0.025231556966900826, -0.11533821374177933]","[0.03808453306555748, 0.005469905212521553, 0.016149647533893585, 0.030402591452002525, 0.025231556966900826, -0.11533821374177933]",1,1,True,"['A', 'C']","['A', 'C']"
5a8f7992554299458435d64c::active_set_pack_a,5a8f7992554299458435d64c,"['A', 'B', 'C', 'D', 'E', 'F']","[1, 0, 1, 0, 0, 0]","[0.035698048770427704, 0.007621264550834894, 0.01648283563554287, 0.02990582026541233, 0.02516324259340763, -0.11487114429473877]","[0.035698048770427704, 0.007621264550834894, 0.01648283563554287, 0.02990582026541233, 0.02516324259340763, -0.11487114429473877]","[0.035698048770427704, 0.007621264550834894, 0.01648283563554287, 0.02990582026541233, 0.02516324259340763, -0.11487114429473877]",1,1,True,"['A', 'C']","['A', 'C']"
5a8f7992554299458435d64c::working_set_pack_b,5a8f7992554299458435d64c,"['A', 'B', 'C', 'D', 'E', 'F']","[1, 0, 1, 0, 0, 0]","[0.0389707051217556, 0.02162039838731289, 0.02650110423564911, 0.03259028494358063, 0.027748996391892433, -0.14743146300315857]","[0.0389707051217556, 0.02162039838731289, 0.02650110423564911, 0.03259028494358063, 0.027748996391892433, -0.14743146300315857]","[0.0389707051217556, 0.02162039838731289, 0.02650110423564911, 0.03259028494358063, 0.027748996391892433, -0.14743146300315857]",1,1,True,"['A', 'C']","['A', 'C']"
5a8f7992554299458435d64c::active_set_pack_b,5a8f7992554299458435d64c,"['A', 'B', 'C', 'D', 'E', 'F']","[1, 0, 1, 0, 0, 0]","[0.04083535447716713, 0.02592226304113865, 0.01613645814359188, 0.03228902071714401, 0.030040042474865913, -0.14522309601306915]","[0.04083535447716713, 0.02592226304113865, 0.01613645814359188, 0.03228902071714401, 0.030040042474865913, -0.14522309601306915]","[0.04083535447716713, 0.02592226304113865, 0.01613645814359188, 0.03228902071714401, 0.030040042474865913, -0.14522309601306915]",1,1,True,"['A', 'C']","['A', 'C']"
5a83088a55429966c78a6afc::working_set_pack_a,5a83088a55429966c78a6afc,"['A', 'B', 'C', 'D', 'E', 'F']","[0, 1, 0, 0, 1, 0]","[-0.04560789093375206, -0.04929213970899582, -0.05554523691534996, -0.053150784224271774, 0.25858479738235474, -0.054988715797662735]","[-0.04560789093375206, -0.04929213970899582, -0.05554523691534996, -0.053150784224271774, 0.25858479738235474, -0.054988715797662735]","[0.04560789093375206, 0.04929213970899582, 0.05554523691534996, 0.053150784224271774, -0.25858479738235474, 0.054988715797662735]",-1,-1,False,"['A', 'E']","['B', 'E']"
5a83088a55429966c78a6afc::active_set_pack_a,5a83088a55429966c78a6afc,"['A', 'B', 'C', 'D', 'E', 'F']","[0, 1, 0, 0, 1, 0]","[-0.04575363174080849, -0.0495859831571579, -0.056025486439466476, -0.05337938293814659, 0.2601563334465027, -0.05541184917092323]","[-0.04575363174080849, -0.0495859831571579, -0.056025486439466476, -0.05337938293814659, 0.2601563334465027, -0.05541184917092323]","[0.04575363174080849, 0.0495859831571579, 0.056025486439466476, 0.05337938293814659, -0.2601563334465027, 0.05541184917092323]",-1,-1,False,"['A', 'E']","['B', 'E']"
5a83088a55429966c78a6afc::working_set_pack_b,5a83088a55429966c78a6afc,"['A', 'B', 'C', 'D', 'E', 'F']","[0, 1, 0, 0, 1, 0]","[-0.04721412807703018, -0.049970969557762146, -0.057275477796792984, -0.05482731759548187, 0.2659505307674408, -0.05666269734501839]","[-0.04721412807703018, -0.049970969557762146, -0.057275477796792984, -0.05482731759548187, 0.2659505307674408, -0.05666269734501839]","[0.04721412807703018, 0.049970969557762146, 0.057275477796792984, 0.05482731759548187, -0.2659505307674408, 0.05666269734501839]",-1,-1,False,"['A', 'E']","['B', 'E']"
5a83088a55429966c78a6afc::active_set_pack_b,5a83088a55429966c78a6afc,"['A', 'B', 'C', 'D', 'E', 'F']","[0, 1, 0, 0, 1, 0]","[-0.05603599548339844, -0.05639587342739105, -0.06626992672681808, -0.06359387189149857, 0.3076828718185425, -0.06538715958595276]","[-0.05603599548339844, -0.05639587342739105, -0.06626992672681808, -0.06359387189149857, 0.3076828718185425, -0.06538715958595276]","[0.05603599548339844, 0.05639587342739105, 0.06626992672681808, 0.06359387189149857, -0.3076828718185425, 0.06538715958595276]",-1,-1,False,"['A', 'E']","['B', 'E']"
5ab54b5c5542992aa134a298::working_set_pack_a,5ab54b5c5542992aa134a298,"['A', 'B', 'C', 'D', 'E', 'F']","[0, 1, 0, 0, 1, 0]","[-0.05369424819946289, -0.028302336111664772, -0.02876541204750538, 0.08594263345003128, 0.049248404800891876, -0.024429040029644966]","[0.05369424819946289, 0.028302336111664772, 0.02876541204750538, -0.08594263345003128, -0.049248404800891876, 0.024429040029644966]","[0.05369424819946289, 0.028302336111664772, 0.02876541204750538, -0.08594263345003128, -0.049248404800891876, 0.024429040029644966]",-1,1,False,"['A', 'E']","['B', 'E']"
5ab54b5c5542992aa134a298::active_set_pack_a,5ab54b5c5542992aa134a298,"['A', 'B', 'C', 'D', 'E', 'F']","[0, 1, 0, 0, 1, 0]","[-0.08287417888641357, -0.017796240746974945, -0.0194629468023777, 0.0868043452501297, 0.04898543655872345, -0.01565640978515148]","[0.08287417888641357, 0.017796240746974945, 0.0194629468023777, -0.0868043452501297, -0.04898543655872345, 0.01565640978515148]","[0.08287417888641357, 0.017796240746974945, 0.0194629468023777, -0.0868043452501297, -0.04898543655872345, 0.01565640978515148]",-1,1,False,"['A', 'E']","['B', 'E']"
5ab54b5c5542992aa134a298::working_set_pack_b,5ab54b5c5542992aa134a298,"['A', 'B', 'C', 'D', 'E', 'F']","[0, 1, 0, 0, 1, 0]","[-0.07649321109056473, 0.0003875908732879907, -0.0021355755161494017, 0.03254743292927742, 0.04519665613770485, 0.0004970979643985629]","[0.07649321109056473, -0.0003875908732879907, 0.0021355755161494017, -0.03254743292927742, -0.04519665613770485, -0.0004970979643985629]","[0.07649321109056473, -0.0003875908732879907, 0.0021355755161494017, -0.03254743292927742, -0.04519665613770485, -0.0004970979643985629]",-1,1,False,"['A', 'B']","['B', 'E']"
5ab54b5c5542992aa134a298::active_set_pack_b,5ab54b5c5542992aa134a298,"['A', 'B', 'C', 'D', 'E', 'F']","[0, 1, 0, 0, 1, 0]","[-0.12593713402748108, 0.010882340371608734, 0.006473231129348278, 0.043946802616119385, 0.055786482989788055, 0.00884823128581047]","[0.12593713402748108, -0.010882340371608734, -0.006473231129348278, -0.043946802616119385, -0.055786482989788055, -0.00884823128581047]","[0.12593713402748108, -0.010882340371608734, -0.006473231129348278, -0.043946802616119385, -0.055786482989788055, -0.00884823128581047]",-1,1,False,"['A', 'B']","['B', 'E']"
5ac23b6f55429951e9e684b4::working_set_pack_a,5ac23b6f55429951e9e684b4,"['A', 'B', 'C', 'D', 'E', 'F']","[0, 1, 0, 0, 1, 0]","[-0.013052748516201973, -0.01998746581375599, -0.009679763577878475, -0.008012163452804089, 0.06183034926652908, -0.011098209768533707]","[-0.013052748516201973, -0.01998746581375599, -0.009679763577878475, -0.008012163452804089, 0.06183034926652908, -0.011098209768533707]","[0.013052748516201973, 0.01998746581375599, 0.009679763577878475, 0.008012163452804089, -0.06183034926652908, 0.011098209768533707]",-1,-1,False,"['A', 'E']","['B', 'E']"
5ac23b6f55429951e9e684b4::active_set_pack_a,5ac23b6f55429951e9e684b4,"['A', 'B', 'C', 'D', 'E', 'F']","[0, 1, 0, 0, 1, 0]","[-0.020653480663895607, -0.021570801734924316, -0.017940891906619072, -0.016486072912812233, 0.09616497159004211, -0.0195136908441782]","[-0.020653480663895607, -0.021570801734924316, -0.017940891906619072, -0.016486072912812233, 0.09616497159004211, -0.0195136908441782]","[0.020653480663895607, 0.021570801734924316, 0.017940891906619072, 0.016486072912812233, -0.09616497159004211, 0.0195136908441782]",-1,-1,False,"['A', 'E']","['B', 'E']"
5ac23b6f55429951e9e684b4::working_set_pack_b,5ac23b6f55429951e9e684b4,"['A', 'B', 'C', 'D', 'E', 'F']","[0, 1, 0, 0, 1, 0]","[0.010700919665396214, 0.021952209994196892, -0.0631389245390892, 0.009587918408215046, 0.006209935061633587, 0.014687941409647465]","[0.010700919665396214, 0.021952209994196892, -0.0631389245390892, 0.009587918408215046, 0.006209935061633587, 0.014687941409647465]","[0.010700919665396214, 0.021952209994196892, -0.0631389245390892, 0.009587918408215046, 0.006209935061633587, 0.014687941409647465]",1,1,False,"['A', 'E']","['B', 'E']"
5ac23b6f55429951e9e684b4::active_set_pack_b,5ac23b6f55429951e9e684b4,"['A', 'B', 'C', 'D', 'E', 'F']","[0, 1, 0, 0, 1, 0]","[-0.004937743302434683, -0.03570741415023804, -0.0010810394305735826, -0.004471379332244396, 0.05396518483757973, -0.0077675930224359035]","[-0.004937743302434683, -0.03570741415023804, -0.0010810394305735826, -0.004471379332244396, 0.05396518483757973, -0.0077675930224359035]","[0.004937743302434683, 0.03570741415023804, 0.0010810394305735826, 0.004471379332244396, -0.05396518483757973, 0.0077675930224359035]",-1,-1,False,"['A', 'E']","['B', 'E']"
5a7d231555429909bec76986::working_set_pack_a,5a7d231555429909bec76986,"['A', 'B', 'C', 'D', 'E', 'F']","[0, 1, 0, 0, 0, 1]","[-0.015083790756762028, 0.055603038519620895, -0.0035222505684942007, -0.016793183982372284, -0.017954079434275627, -0.0022497312165796757]","[0.015083790756762028, -0.055603038519620895, 0.0035222505684942007, 0.016793183982372284, 0.017954079434275627, 0.0022497312165796757]","[0.015083790756762028, -0.055603038519620895, 0.0035222505684942007, 0.016793183982372284, 0.017954079434275627, 0.0022497312165796757]",-1,1,False,"['A', 'C']","['B', 'F']"
5a7d231555429909bec76986::active_set_pack_a,5a7d231555429909bec76986,"['A', 'B', 'C', 'D', 'E', 'F']","[0, 1, 0, 0, 0, 1]","[-0.00644601508975029, 0.04355071112513542, 0.005360860843211412, -0.03855287656188011, -0.008756086230278015, 0.0048433877527713776]","[0.00644601508975029, -0.04355071112513542, -0.005360860843211412, 0.03855287656188011, 0.008756086230278015, -0.0048433877527713776]","[0.00644601508975029, -0.04355071112513542, -0.005360860843211412, 0.03855287656188011, 0.008756086230278015, -0.0048433877527713776]",-1,1,False,"['A', 'C']","['B', 'F']"
5a7d231555429909bec76986::working_set_pack_b,5a7d231555429909bec76986,"['A', 'B', 'C', 'D', 'E', 'F']","[0, 1, 0, 0, 0, 1]","[-0.008120246231555939, 0.04861697927117348, 0.006743540521711111, -0.040375638753175735, -0.010523451492190361, 0.003658813424408436]","[0.008120246231555939, -0.04861697927117348, -0.006743540521711111, 0.040375638753175735, 0.010523451492190361, -0.003658813424408436]","[0.008120246231555939, -0.04861697927117348, -0.006743540521711111, 0.040375638753175735, 0.010523451492190361, -0.003658813424408436]",-1,1,False,"['A', 'C']","['B', 'F']"
5a7d231555429909bec76986::active_set_pack_b,5a7d231555429909bec76986,"['A', 'B', 'C', 'D', 'E', 'F']","[0, 1, 0, 0, 0, 1]","[-0.009877389296889305, 0.047876641154289246, 0.006358320824801922, -0.036375660449266434, -0.011863372288644314, 0.003881484270095825]","[0.009877389296889305, -0.047876641154289246, -0.006358320824801922, 0.036375660449266434, 0.011863372288644314, -0.003881484270095825]","[0.009877389296889305, -0.047876641154289246, -0.006358320824801922, 0.036375660449266434, 0.011863372288644314, -0.003881484270095825]",-1,1,False,"['A', 'C']","['B', 'F']"
5a79cc3c5542994bb94570b6::working_set_pack_a,5a79cc3c5542994bb94570b6,"['A', 'B', 'C', 'D', 'E', 'F']","[0, 1, 0, 1, 0, 0]","[-0.03587474673986435, 0.04661784693598747, -0.0025509418919682503, -0.01045888103544712, 0.0033623597119003534, -0.0010956565383821726]","[0.03587474673986435, -0.04661784693598747, 0.0025509418919682503, 0.01045888103544712, -0.0033623597119003534, 0.0010956565383821726]","[-0.03587474673986435, 0.04661784693598747, -0.0025509418919682503, -0.01045888103544712, 0.0033623597119003534, -0.0010956565383821726]",1,-1,False,"['A', 'D']","['B', 'D']"
5a79cc3c5542994bb94570b6::active_set_pack_a,5a79cc3c5542994bb94570b6,"['A', 'B', 'C', 'D', 'E', 'F']","[0, 1, 0, 1, 0, 0]","[-0.026745900511741638, 0.05243116617202759, -0.006914840079843998, -0.00963420420885086, -0.0036413774359971285, -0.005494825076311827]","[0.026745900511741638, -0.05243116617202759, 0.006914840079843998, 0.00963420420885086, 0.0036413774359971285, 0.005494825076311827]","[-0.026745900511741638, 0.05243116617202759, -0.006914840079843998, -0.00963420420885086, -0.0036413774359971285, -0.005494825076311827]",1,-1,False,"['A', 'D']","['B', 'D']"
5a79cc3c5542994bb94570b6::working_set_pack_b,5a79cc3c5542994bb94570b6,"['A', 'B', 'C', 'D', 'E', 'F']","[0, 1, 0, 1, 0, 0]","[-0.05019998177886009, 0.050780944526195526, -0.001420221058651805, -0.006393082439899445, 0.006044335663318634, 0.0011880365200340748]","[-0.05019998177886009, 0.050780944526195526, -0.001420221058651805, -0.006393082439899445, 0.006044335663318634, 0.0011880365200340748]","[-0.05019998177886009, 0.050780944526195526, -0.001420221058651805, -0.006393082439899445, 0.006044335663318634, 0.0011880365200340748]",1,1,False,"['A', 'B']","['B', 'D']"
5a79cc3c5542994bb94570b6::active_set_pack_b,5a79cc3c5542994bb94570b6,"['A', 'B', 'C', 'D', 'E', 'F']","[0, 1, 0, 1, 0, 0]","[-0.019252894446253777, 0.06024545058608055, -0.010554147884249687, -0.011868681758642197, -0.008663482964038849, -0.009906242601573467]","[-0.019252894446253777, 0.06024545058608055, -0.010554147884249687, -0.011868681758642197, -0.008663482964038849, -0.009906242601573467]","[-0.019252894446253777, 0.06024545058608055, -0.010554147884249687, -0.011868681758642197, -0.008663482964038849, -0.009906242601573467]",1,1,False,"['A', 'B']","['B', 'D']"
5a769ac95542993569682c4f::working_set_pack_a,5a769ac95542993569682c4f,"['A', 'B', 'C', 'D', 'E', 'F']","[1, 0, 1, 0, 0, 0]","[-0.0022222143597900867, -0.0101107656955719, 0.0669039934873581, -0.01827385276556015, -0.021952593699097633, -0.014344564639031887]","[-0.0022222143597900867, -0.0101107656955719, 0.0669039934873581, -0.01827385276556015, -0.021952593699097633, -0.014344564639031887]","[0.0022222143597900867, 0.0101107656955719, -0.0669039934873581, 0.01827385276556015, 0.021952593699097633, 0.014344564639031887]",-1,-1,True,"['A', 'C']","['A', 'C']"
5a769ac95542993569682c4f::active_set_pack_a,5a769ac95542993569682c4f,"['A', 'B', 'C', 'D', 'E', 'F']","[1, 0, 1, 0, 0, 0]","[-0.0015279807848855853, -0.011234844103455544, 0.06552551686763763, -0.01776175945997238, -0.02153320237994194, -0.013467731885612011]","[-0.0015279807848855853, -0.011234844103455544, 0.06552551686763763, -0.01776175945997238, -0.02153320237994194, -0.013467731885612011]","[0.0015279807848855853, 0.011234844103455544, -0.06552551686763763, 0.01776175945997238, 0.02153320237994194, 0.013467731885612011]",-1,-1,True,"['A', 'C']","['A', 'C']"
5a769ac95542993569682c4f::working_set_pack_b,5a769ac95542993569682c4f,"['A', 'B', 'C', 'D', 'E', 'F']","[1, 0, 1, 0, 0, 0]","[0.001120142755098641, -0.012747268192470074, 0.0702018141746521, -0.01964792050421238, -0.023010743781924248, -0.015916038304567337]","[0.001120142755098641, -0.012747268192470074, 0.0702018141746521, -0.01964792050421238, -0.023010743781924248, -0.015916038304567337]","[-0.001120142755098641, 0.012747268192470074, -0.0702018141746521, 0.01964792050421238, 0.023010743781924248, 0.015916038304567337]",-1,-1,True,"['A', 'C']","['A', 'C']"
5a769ac95542993569682c4f::active_set_pack_b,5a769ac95542993569682c4f,"['A', 'B', 'C', 'D', 'E', 'F']","[1, 0, 1, 0, 0, 0]","[0.0024596659932285547, -0.01202450506389141, 0.0691053569316864, -0.02002662606537342, -0.023726308718323708, -0.01578759215772152]","[-0.0024596659932285547, 0.01202450506389141, -0.0691053569316864, 0.02002662606537342, 0.023726308718323708, 0.01578759215772152]","[-0.0024596659932285547, 0.01202450506389141, -0.0691053569316864, 0.02002662606537342, 0.023726308718323708, 0.01578759215772152]",-1,1,False,"['A', 'B']","['A', 'C']"
5adf01425542995ec70e8f53::working_set_pack_a,5adf01425542995ec70e8f53,"['A', 'B', 'C', 'D', 'E', 'F']","[0, 0, 0, 0, 1, 1]","[-0.0061303675174713135, -6.800029950682074e-05, -0.0026429330464452505, -0.003981930203735828, 0.05805140361189842, -0.04522815719246864]","[-0.0061303675174713135, -6.800029950682074e-05, -0.0026429330464452505, -0.003981930203735828, 0.05805140361189842, -0.04522815719246864]","[-0.0061303675174713135, -6.800029950682074e-05, -0.0026429330464452505, -0.003981930203735828, 0.05805140361189842, -0.04522815719246864]",1,1,False,"['A', 'E']","['E', 'F']"
5adf01425542995ec70e8f53::active_set_pack_a,5adf01425542995ec70e8f53,"['A', 'B', 'C', 'D', 'E', 'F']","[0, 0, 0, 0, 1, 1]","[-0.00023820973001420498, -0.003525139531120658, -0.002803831361234188, -0.0011439449153840542, -0.04658176377415657, 0.054292913526296616]","[0.00023820973001420498, 0.003525139531120658, 0.002803831361234188, 0.0011439449153840542, 0.04658176377415657, -0.054292913526296616]","[0.00023820973001420498, 0.003525139531120658, 0.002803831361234188, 0.0011439449153840542, 0.04658176377415657, -0.054292913526296616]",-1,1,False,"['A', 'E']","['E', 'F']"
5adf01425542995ec70e8f53::working_set_pack_b,5adf01425542995ec70e8f53,"['A', 'B', 'C', 'D', 'E', 'F']","[0, 0, 0, 0, 1, 1]","[-0.009055020287632942, -0.010925030335783958, -0.012994276359677315, -0.010381437838077545, -0.022258561104536057, 0.06561429798603058]","[0.009055020287632942, 0.010925030335783958, 0.012994276359677315, 0.010381437838077545, 0.022258561104536057, -0.06561429798603058]","[0.009055020287632942, 0.010925030335783958, 0.012994276359677315, 0.010381437838077545, 0.022258561104536057, -0.06561429798603058]",-1,1,False,"['A', 'E']","['E', 'F']"
5adf01425542995ec70e8f53::active_set_pack_b,5adf01425542995ec70e8f53,"['A', 'B', 'C', 'D', 'E', 'F']","[0, 0, 0, 0, 1, 1]","[-0.04119377210736275, 0.004849255084991455, -0.002970225177705288, -0.0031284051947295666, 0.06988127529621124, -0.02743811346590519]","[-0.04119377210736275, 0.004849255084991455, -0.002970225177705288, -0.0031284051947295666, 0.06988127529621124, -0.02743811346590519]","[-0.04119377210736275, 0.004849255084991455, -0.002970225177705288, -0.0031284051947295666, 0.06988127529621124, -0.02743811346590519]",1,1,False,"['A', 'E']","['E', 'F']"
5adc1b1a55429944faac2422::working_set_pack_a,5adc1b1a55429944faac2422,"['A', 'B', 'C', 'D', 'E', 'F']","[1, 0, 0, 0, 1, 0]","[0.04001503810286522, -0.05253196880221367, 0.0032332988921552896, -0.0010321919107809663, 0.009342905133962631, 0.0009729142184369266]","[0.04001503810286522, -0.05253196880221367, 0.0032332988921552896, -0.0010321919107809663, 0.009342905133962631, 0.0009729142184369266]","[0.04001503810286522, -0.05253196880221367, 0.0032332988921552896, -0.0010321919107809663, 0.009342905133962631, 0.0009729142184369266]",1,1,False,"['A', 'F']","['A', 'E']"
5adc1b1a55429944faac2422::active_set_pack_a,5adc1b1a55429944faac2422,"['A', 'B', 'C', 'D', 'E', 'F']","[1, 0, 0, 0, 1, 0]","[0.05041709169745445, -0.053085360676050186, 0.0017282123444601893, -0.0020304997451603413, 0.007235578261315823, -0.004265015944838524]","[0.05041709169745445, -0.053085360676050186, 0.0017282123444601893, -0.0020304997451603413, 0.007235578261315823, -0.004265015944838524]","[0.05041709169745445, -0.053085360676050186, 0.0017282123444601893, -0.0020304997451603413, 0.007235578261315823, -0.004265015944838524]",1,1,False,"['A', 'F']","['A', 'E']"
5adc1b1a55429944faac2422::working_set_pack_b,5adc1b1a55429944faac2422,"['A', 'B', 'C', 'D', 'E', 'F']","[1, 0, 0, 0, 1, 0]","[0.07249218970537186, -0.05388347804546356, -0.004982935730367899, -0.006892582401633263, 0.0006460426957346499, -0.007379216141998768]","[0.07249218970537186, -0.05388347804546356, -0.004982935730367899, -0.006892582401633263, 0.0006460426957346499, -0.007379216141998768]","[0.07249218970537186, -0.05388347804546356, -0.004982935730367899, -0.006892582401633263, 0.0006460426957346499, -0.007379216141998768]",1,1,False,"['A', 'F']","['A', 'E']"
5adc1b1a55429944faac2422::active_set_pack_b,5adc1b1a55429944faac2422,"['A', 'B', 'C', 'D', 'E', 'F']","[1, 0, 0, 0, 1, 0]","[0.06539399921894073, -0.012438615784049034, -0.007510422263294458, -0.00815117359161377, -0.005073645617812872, -0.03222012147307396]","[0.06539399921894073, -0.012438615784049034, -0.007510422263294458, -0.00815117359161377, -0.005073645617812872, -0.03222012147307396]","[0.06539399921894073, -0.012438615784049034, -0.007510422263294458, -0.00815117359161377, -0.005073645617812872, -0.03222012147307396]",1,1,False,"['A', 'F']","['A', 'E']"
5add67b05542995b365fab2a::working_set_pack_a,5add67b05542995b365fab2a,"['A', 'B', 'C', 'D', 'E', 'F']","[1, 0, 0, 0, 1, 0]","[0.050285641103982925, -0.008894476108253002, -0.009872553870081902, -0.013853881508111954, -0.004796384833753109, -0.012868348509073257]","[0.050285641103982925, -0.008894476108253002, -0.009872553870081902, -0.013853881508111954, -0.004796384833753109, -0.012868348509073257]","[0.050285641103982925, -0.008894476108253002, -0.009872553870081902, -0.013853881508111954, -0.004796384833753109, -0.012868348509073257]",1,1,True,"['A', 'E']","['A', 'E']"
5add67b05542995b365fab2a::active_set_pack_a,5add67b05542995b365fab2a,"['A', 'B', 'C', 'D', 'E', 'F']","[1, 0, 0, 0, 1, 0]","[0.048607081174850464, -0.008845939300954342, -0.010027164593338966, -0.013537283055484295, -0.00318735558539629, -0.013009347952902317]","[0.048607081174850464, -0.008845939300954342, -0.010027164593338966, -0.013537283055484295, -0.00318735558539629, -0.013009347952902317]","[0.048607081174850464, -0.008845939300954342, -0.010027164593338966, -0.013537283055484295, -0.00318735558539629, -0.013009347952902317]",1,1,True,"['A', 'E']","['A', 'E']"
5add67b05542995b365fab2a::working_set_pack_b,5add67b05542995b365fab2a,"['A', 'B', 'C', 'D', 'E', 'F']","[1, 0, 0, 0, 1, 0]","[0.05507221817970276, -0.021153567358851433, -0.010201198980212212, -0.01401358749717474, 0.004181020427495241, -0.013884887099266052]","[0.05507221817970276, -0.021153567358851433, -0.010201198980212212, -0.01401358749717474, 0.004181020427495241, -0.013884887099266052]","[0.05507221817970276, -0.021153567358851433, -0.010201198980212212, -0.01401358749717474, 0.004181020427495241, -0.013884887099266052]",1,1,True,"['A', 'E']","['A', 'E']"
5add67b05542995b365fab2a::active_set_pack_b,5add67b05542995b365fab2a,"['A', 'B', 'C', 'D', 'E', 'F']","[1, 0, 0, 0, 1, 0]","[0.019859911873936653, -0.06742696464061737, 0.009476596489548683, 0.005582598969340324, 0.026447715237736702, 0.0060601490549743176]","[0.019859911873936653, -0.06742696464061737, 0.009476596489548683, 0.005582598969340324, 0.026447715237736702, 0.0060601490549743176]","[0.019859911873936653, -0.06742696464061737, 0.009476596489548683, 0.005582598969340324, 0.026447715237736702, 0.0060601490549743176]",1,1,True,"['A', 'E']","['A', 'E']"
5ac25c9055429951e9e68580::working_set_pack_a,5ac25c9055429951e9e68580,"['A', 'B', 'C', 'D', 'E', 'F']","[0, 1, 0, 0, 0, 1]","[0.04550504311919212, 0.04373927414417267, 0.043198440223932266, -0.2201603204011917, 0.04364003613591194, 0.04407750815153122]","[0.04550504311919212, 0.04373927414417267, 0.043198440223932266, -0.2201603204011917, 0.04364003613591194, 0.04407750815153122]","[0.04550504311919212, 0.04373927414417267, 0.043198440223932266, -0.2201603204011917, 0.04364003613591194, 0.04407750815153122]",1,1,False,"['A', 'B']","['B', 'F']"
5ac25c9055429951e9e68580::active_set_pack_a,5ac25c9055429951e9e68580,"['A', 'B', 'C', 'D', 'E', 'F']","[0, 1, 0, 0, 0, 1]","[0.046485185623168945, 0.044294215738773346, 0.04347006976604462, -0.22284117341041565, 0.044095903635025024, 0.04449578747153282]","[0.046485185623168945, 0.044294215738773346, 0.04347006976604462, -0.22284117341041565, 0.044095903635025024, 0.04449578747153282]","[0.046485185623168945, 0.044294215738773346, 0.04347006976604462, -0.22284117341041565, 0.044095903635025024, 0.04449578747153282]",1,1,False,"['A', 'B']","['B', 'F']"
5ac25c9055429951e9e68580::working_set_pack_b,5ac25c9055429951e9e68580,"['A', 'B', 'C', 'D', 'E', 'F']","[0, 1, 0, 0, 0, 1]","[0.04134535789489746, 0.03796081244945526, 0.03771244361996651, -0.1968712955713272, 0.039303869009017944, 0.04054876044392586]","[0.04134535789489746, 0.03796081244945526, 0.03771244361996651, -0.1968712955713272, 0.039303869009017944, 0.04054876044392586]","[0.04134535789489746, 0.03796081244945526, 0.03771244361996651, -0.1968712955713272, 0.039303869009017944, 0.04054876044392586]",1,1,False,"['A', 'B']","['B', 'F']"
5ac25c9055429951e9e68580::active_set_pack_b,5ac25c9055429951e9e68580,"['A', 'B', 'C', 'D', 'E', 'F']","[0, 1, 0, 0, 0, 1]","[0.03357187286019325, 0.025987613946199417, 0.02922315150499344, -0.15082445740699768, 0.030245153233408928, 0.03179668262600899]","[0.03357187286019325, 0.025987613946199417, 0.02922315150499344, -0.15082445740699768, 0.030245153233408928, 0.03179668262600899]","[0.03357187286019325, 0.025987613946199417, 0.02922315150499344, -0.15082445740699768, 0.030245153233408928, 0.03179668262600899]",1,1,False,"['A', 'B']","['B', 'F']"
5a8ef28c5542995b44241f0f::working_set_pack_a,5a8ef28c5542995b44241f0f,"['A', 'B', 'C', 'D', 'E', 'F']","[0, 1, 0, 1, 0, 0]","[-0.05483171343803406, -0.04955027997493744, -0.04945714771747589, 0.19310736656188965, 0.009534567594528198, -0.04880281537771225]","[0.05483171343803406, 0.04955027997493744, 0.04945714771747589, -0.19310736656188965, -0.009534567594528198, 0.04880281537771225]","[0.05483171343803406, 0.04955027997493744, 0.04945714771747589, -0.19310736656188965, -0.009534567594528198, 0.04880281537771225]",-1,1,False,"['A', 'B']","['B', 'D']"
5a8ef28c5542995b44241f0f::active_set_pack_a,5a8ef28c5542995b44241f0f,"['A', 'B', 'C', 'D', 'E', 'F']","[0, 1, 0, 1, 0, 0]","[-0.05059390515089035, -0.04583221301436424, -0.046254586428403854, 0.18590864539146423, 0.0023675730917602777, -0.04559553414583206]","[0.05059390515089035, 0.04583221301436424, 0.046254586428403854, -0.18590864539146423, -0.0023675730917602777, 0.04559553414583206]","[0.05059390515089035, 0.04583221301436424, 0.046254586428403854, -0.18590864539146423, -0.0023675730917602777, 0.04559553414583206]",-1,1,False,"['A', 'B']","['B', 'D']"
5a8ef28c5542995b44241f0f::working_set_pack_b,5a8ef28c5542995b44241f0f,"['A', 'B', 'C', 'D', 'E', 'F']","[0, 1, 0, 1, 0, 0]","[-0.052606627345085144, -0.04817704111337662, -0.048201341181993484, 0.175907164812088, 0.020663300529122353, -0.047585487365722656]","[0.052606627345085144, 0.04817704111337662, 0.048201341181993484, -0.175907164812088, -0.020663300529122353, 0.047585487365722656]","[0.052606627345085144, 0.04817704111337662, 0.048201341181993484, -0.175907164812088, -0.020663300529122353, 0.047585487365722656]",-1,1,False,"['A', 'B']","['B', 'D']"
5a8ef28c5542995b44241f0f::active_set_pack_b,5a8ef28c5542995b44241f0f,"['A', 'B', 'C', 'D', 'E', 'F']","[0, 1, 0, 1, 0, 0]","[-0.050266023725271225, -0.0434989407658577, -0.04417404532432556, 0.15490767359733582, 0.026519153267145157, -0.04348781704902649]","[0.050266023725271225, 0.0434989407658577, 0.04417404532432556, -0.15490767359733582, -0.026519153267145157, 0.04348781704902649]","[0.050266023725271225, 0.0434989407658577, 0.04417404532432556, -0.15490767359733582, -0.026519153267145157, 0.04348781704902649]",-1,1,False,"['A', 'B']","['B', 'D']"
5ab808755542990e739ec7f2::working_set_pack_a,5ab808755542990e739ec7f2,"['A', 'B', 'C', 'D', 'E', 'F']","[0, 0, 0, 0, 1, 1]","[-0.008202599361538887, -0.007233149372041225, -0.008235972374677658, -0.008789013139903545, 0.003129459684714675, 0.029331259429454803]","[0.008202599361538887, 0.007233149372041225, 0.008235972374677658, 0.008789013139903545, -0.003129459684714675, -0.029331259429454803]","[0.008202599361538887, 0.007233149372041225, 0.008235972374677658, 0.008789013139903545, -0.003129459684714675, -0.029331259429454803]",-1,1,False,"['A', 'E']","['E', 'F']"
5ab808755542990e739ec7f2::active_set_pack_a,5ab808755542990e739ec7f2,"['A', 'B', 'C', 'D', 'E', 'F']","[0, 0, 0, 0, 1, 1]","[-0.006551600992679596, -0.008196549490094185, -0.008590491488575935, -0.009127501398324966, 0.009415647946298122, 0.023050498217344284]","[-0.006551600992679596, -0.008196549490094185, -0.008590491488575935, -0.009127501398324966, 0.009415647946298122, 0.023050498217344284]","[0.006551600992679596, 0.008196549490094185, 0.008590491488575935, 0.009127501398324966, -0.009415647946298122, -0.023050498217344284]",-1,-1,False,"['A', 'E']","['E', 'F']"
5ab808755542990e739ec7f2::working_set_pack_b,5ab808755542990e739ec7f2,"['A', 'B', 'C', 'D', 'E', 'F']","[0, 0, 0, 0, 1, 1]","[-0.009481358341872692, -0.007294483948498964, -0.006406875792890787, -0.008203142322599888, 0.0022665837313979864, 0.02911926433444023]","[0.009481358341872692, 0.007294483948498964, 0.006406875792890787, 0.008203142322599888, -0.0022665837313979864, -0.02911926433444023]","[0.009481358341872692, 0.007294483948498964, 0.006406875792890787, 0.008203142322599888, -0.0022665837313979864, -0.02911926433444023]",-1,1,False,"['A', 'E']","['E', 'F']"
5ab808755542990e739ec7f2::active_set_pack_b,5ab808755542990e739ec7f2,"['A', 'B', 'C', 'D', 'E', 'F']","[0, 0, 0, 0, 1, 1]","[-0.005293088965117931, -0.010364007204771042, -0.008272345177829266, -0.009574159979820251, 0.002485870383679867, 0.031017733737826347]","[0.005293088965117931, 0.010364007204771042, 0.008272345177829266, 0.009574159979820251, -0.002485870383679867, -0.031017733737826347]","[0.005293088965117931, 0.010364007204771042, 0.008272345177829266, 0.009574159979820251, -0.002485870383679867, -0.031017733737826347]",-1,1,False,"['A', 'E']","['E', 'F']"
5a7d15e35542995ed0d165dd::working_set_pack_a,5a7d15e35542995ed0d165dd,"['A', 'B', 'C', 'D', 'E', 'F']","[0, 1, 0, 0, 0, 1]","[-0.09447580575942993, -0.08178529888391495, -0.09429196268320084, -0.09573527425527573, -0.09467315673828125, 0.46096158027648926]","[-0.09447580575942993, -0.08178529888391495, -0.09429196268320084, -0.09573527425527573, -0.09467315673828125, 0.46096158027648926]","[-0.09447580575942993, -0.08178529888391495, -0.09429196268320084, -0.09573527425527573, -0.09467315673828125, 0.46096158027648926]",1,1,False,"['A', 'F']","['B', 'F']"
5a7d15e35542995ed0d165dd::active_set_pack_a,5a7d15e35542995ed0d165dd,"['A', 'B', 'C', 'D', 'E', 'F']","[0, 1, 0, 0, 0, 1]","[-0.08038055151700974, -0.06828944385051727, -0.08022791147232056, -0.08247193694114685, -0.0808320939540863, 0.39220190048217773]","[-0.08038055151700974, -0.06828944385051727, -0.08022791147232056, -0.08247193694114685, -0.0808320939540863, 0.39220190048217773]","[-0.08038055151700974, -0.06828944385051727, -0.08022791147232056, -0.08247193694114685, -0.0808320939540863, 0.39220190048217773]",1,1,False,"['A', 'F']","['B', 'F']"
5a7d15e35542995ed0d165dd::working_set_pack_b,5a7d15e35542995ed0d165dd,"['A', 'B', 'C', 'D', 'E', 'F']","[0, 1, 0, 0, 0, 1]","[-0.06965998560190201, -0.06010202318429947, -0.06965181231498718, -0.07219109684228897, -0.07013151049613953, 0.34173643589019775]","[0.06965998560190201, 0.06010202318429947, 0.06965181231498718, 0.07219109684228897, 0.07013151049613953, -0.34173643589019775]","[-0.06965998560190201, -0.06010202318429947, -0.06965181231498718, -0.07219109684228897, -0.07013151049613953, 0.34173643589019775]",1,-1,False,"['A', 'B']","['B', 'F']"
5a7d15e35542995ed0d165dd::active_set_pack_b,5a7d15e35542995ed0d165dd,"['A', 'B', 'C', 'D', 'E', 'F']","[0, 1, 0, 0, 0, 1]","[-0.15524043142795563, -0.1458161622285843, -0.1558893322944641, -0.15489666163921356, -0.157231405377388, 0.7690743207931519]","[-0.15524043142795563, -0.1458161622285843, -0.1558893322944641, -0.15489666163921356, -0.157231405377388, 0.7690743207931519]","[-0.15524043142795563, -0.1458161622285843, -0.1558893322944641, -0.15489666163921356, -0.157231405377388, 0.7690743207931519]",1,1,False,"['A', 'F']","['B', 'F']"
5ac5247c55429924173fb602::working_set_pack_a,5ac5247c55429924173fb602,"['A', 'B', 'C', 'D', 'E', 'F']","[1, 0, 0, 1, 0, 0]","[-0.009231817908585072, -0.07276943325996399, 0.01969546638429165, 0.02327883616089821, 0.019928012043237686, 0.019098911434412003]","[-0.009231817908585072, -0.07276943325996399, 0.01969546638429165, 0.02327883616089821, 0.019928012043237686, 0.019098911434412003]","[-0.009231817908585072, -0.07276943325996399, 0.01969546638429165, 0.02327883616089821, 0.019928012043237686, 0.019098911434412003]",1,1,True,"['A', 'D']","['A', 'D']"
5ac5247c55429924173fb602::active_set_pack_a,5ac5247c55429924173fb602,"['A', 'B', 'C', 'D', 'E', 'F']","[1, 0, 0, 1, 0, 0]","[0.033030856400728226, 0.04620494320988655, -0.01743311993777752, -0.02352236397564411, -0.01956458017230034, -0.01871574856340885]","[0.033030856400728226, 0.04620494320988655, -0.01743311993777752, -0.02352236397564411, -0.01956458017230034, -0.01871574856340885]","[-0.033030856400728226, -0.04620494320988655, 0.01743311993777752, 0.02352236397564411, 0.01956458017230034, 0.01871574856340885]",-1,-1,True,"['A', 'D']","['A', 'D']"
5ac5247c55429924173fb602::working_set_pack_b,5ac5247c55429924173fb602,"['A', 'B', 'C', 'D', 'E', 'F']","[1, 0, 0, 1, 0, 0]","[0.009499886073172092, -0.10194728523492813, 0.022647669538855553, 0.024288827553391457, 0.022964442148804665, 0.02254645898938179]","[0.009499886073172092, -0.10194728523492813, 0.022647669538855553, 0.024288827553391457, 0.022964442148804665, 0.02254645898938179]","[0.009499886073172092, -0.10194728523492813, 0.022647669538855553, 0.024288827553391457, 0.022964442148804665, 0.02254645898938179]",1,1,True,"['A', 'D']","['A', 'D']"
5ac5247c55429924173fb602::active_set_pack_b,5ac5247c55429924173fb602,"['A', 'B', 'C', 'D', 'E', 'F']","[1, 0, 0, 1, 0, 0]","[0.00677948584780097, -0.0990186333656311, 0.02207113988697529, 0.0253983736038208, 0.022698068991303444, 0.02207152545452118]","[0.00677948584780097, -0.0990186333656311, 0.02207113988697529, 0.0253983736038208, 0.022698068991303444, 0.02207152545452118]","[0.00677948584780097, -0.0990186333656311, 0.02207113988697529, 0.0253983736038208, 0.022698068991303444, 0.02207152545452118]",1,1,True,"['A', 'D']","['A', 'D']"
5a80b23a5542992bc0c4a7b2::working_set_pack_a,5a80b23a5542992bc0c4a7b2,"['A', 'B', 'C', 'D', 'E', 'F']","[0, 0, 1, 0, 0, 1]","[-0.02975437231361866, -0.03063926286995411, 0.1445813775062561, -0.031108049675822258, -0.025549430400133133, -0.027530254796147346]","[-0.02975437231361866, -0.03063926286995411, 0.1445813775062561, -0.031108049675822258, -0.025549430400133133, -0.027530254796147346]","[0.02975437231361866, 0.03063926286995411, -0.1445813775062561, 0.031108049675822258, 0.025549430400133133, 0.027530254796147346]",-1,-1,False,"['A', 'C']","['C', 'F']"
5a80b23a5542992bc0c4a7b2::active_set_pack_a,5a80b23a5542992bc0c4a7b2,"['A', 'B', 'C', 'D', 'E', 'F']","[0, 0, 1, 0, 0, 1]","[-0.03213098272681236, -0.032631345093250275, 0.15538634359836578, -0.033104754984378815, -0.02775678224861622, -0.029762472957372665]","[-0.03213098272681236, -0.032631345093250275, 0.15538634359836578, -0.033104754984378815, -0.02775678224861622, -0.029762472957372665]","[0.03213098272681236, 0.032631345093250275, -0.15538634359836578, 0.033104754984378815, 0.02775678224861622, 0.029762472957372665]",-1,-1,False,"['A', 'C']","['C', 'F']"
5a80b23a5542992bc0c4a7b2::working_set_pack_b,5a80b23a5542992bc0c4a7b2,"['A', 'B', 'C', 'D', 'E', 'F']","[0, 0, 1, 0, 0, 1]","[-0.036512959748506546, -0.03708880394697189, 0.1776772439479828, -0.03745775669813156, -0.03262605145573616, -0.03399165719747543]","[-0.036512959748506546, -0.03708880394697189, 0.1776772439479828, -0.03745775669813156, -0.03262605145573616, -0.03399165719747543]","[0.036512959748506546, 0.03708880394697189, -0.1776772439479828, 0.03745775669813156, 0.03262605145573616, 0.03399165719747543]",-1,-1,False,"['A', 'C']","['C', 'F']"
5a80b23a5542992bc0c4a7b2::active_set_pack_b,5a80b23a5542992bc0c4a7b2,"['A', 'B', 'C', 'D', 'E', 'F']","[0, 0, 1, 0, 0, 1]","[-0.036233678460121155, -0.03607925772666931, 0.17516040802001953, -0.037187203764915466, -0.03209546580910683, -0.0335647277534008]","[-0.036233678460121155, -0.03607925772666931, 0.17516040802001953, -0.037187203764915466, -0.03209546580910683, -0.0335647277534008]","[0.036233678460121155, 0.03607925772666931, -0.17516040802001953, 0.037187203764915466, 0.03209546580910683, 0.0335647277534008]",-1,-1,False,"['A', 'C']","['C', 'F']"
5a8d209555429941ae14df84::working_set_pack_a,5a8d209555429941ae14df84,"['A', 'B', 'C', 'D', 'E', 'F']","[1, 0, 0, 1, 0, 0]","[0.023446429520845413, 0.0214378722012043, 0.02350563555955887, 0.006715796422213316, -0.09915253520011902, 0.02404678612947464]","[0.023446429520845413, 0.0214378722012043, 0.02350563555955887, 0.006715796422213316, -0.09915253520011902, 0.02404678612947464]","[0.023446429520845413, 0.0214378722012043, 0.02350563555955887, 0.006715796422213316, -0.09915253520011902, 0.02404678612947464]",1,1,True,"['A', 'D']","['A', 'D']"
5a8d209555429941ae14df84::active_set_pack_a,5a8d209555429941ae14df84,"['A', 'B', 'C', 'D', 'E', 'F']","[1, 0, 0, 1, 0, 0]","[0.027345754206180573, 0.025498798117041588, 0.02721804939210415, 0.008807916194200516, -0.11665787547826767, 0.027787379920482635]","[0.027345754206180573, 0.025498798117041588, 0.02721804939210415, 0.008807916194200516, -0.11665787547826767, 0.027787379920482635]","[0.027345754206180573, 0.025498798117041588, 0.02721804939210415, 0.008807916194200516, -0.11665787547826767, 0.027787379920482635]",1,1,True,"['A', 'D']","['A', 'D']"
5a8d209555429941ae14df84::working_set_pack_b,5a8d209555429941ae14df84,"['A', 'B', 'C', 'D', 'E', 'F']","[1, 0, 0, 1, 0, 0]","[0.01664826273918152, 0.0167132169008255, 0.018951255828142166, -0.016286464408040047, -0.05606706440448761, 0.020040802657604218]","[0.01664826273918152, 0.0167132169008255, 0.018951255828142166, -0.016286464408040047, -0.05606706440448761, 0.020040802657604218]","[0.01664826273918152, 0.0167132169008255, 0.018951255828142166, -0.016286464408040047, -0.05606706440448761, 0.020040802657604218]",1,1,True,"['A', 'D']","['A', 'D']"
5a8d209555429941ae14df84::active_set_pack_b,5a8d209555429941ae14df84,"['A', 'B', 'C', 'D', 'E', 'F']","[1, 0, 0, 1, 0, 0]","[0.01999431475996971, 0.018429607152938843, 0.02281162329018116, -0.007224147208034992, -0.07791418582201004, 0.0239027701318264]","[0.01999431475996971, 0.018429607152938843, 0.02281162329018116, -0.007224147208034992, -0.07791418582201004, 0.0239027701318264]","[0.01999431475996971, 0.018429607152938843, 0.02281162329018116, -0.007224147208034992, -0.07791418582201004, 0.0239027701318264]",1,1,True,"['A', 'D']","['A', 'D']"
5adf698f5542993a75d264e2::working_set_pack_a,5adf698f5542993a75d264e2,"['A', 'B', 'C', 'D', 'E', 'F']","[0, 1, 0, 0, 1, 0]","[-0.015046564862132072, -0.011282365769147873, -0.01701444387435913, -0.012959184125065804, 0.08950461447238922, -0.03320208564400673]","[-0.015046564862132072, -0.011282365769147873, -0.01701444387435913, -0.012959184125065804, 0.08950461447238922, -0.03320208564400673]","[-0.015046564862132072, -0.011282365769147873, -0.01701444387435913, -0.012959184125065804, 0.08950461447238922, -0.03320208564400673]",1,1,False,"['A', 'E']","['B', 'E']"
5adf698f5542993a75d264e2::active_set_pack_a,5adf698f5542993a75d264e2,"['A', 'B', 'C', 'D', 'E', 'F']","[0, 1, 0, 0, 1, 0]","[-0.015791157260537148, -0.012427285313606262, -0.017657212913036346, -0.013113195076584816, 0.09312543272972107, -0.0341365672647953]","[-0.015791157260537148, -0.012427285313606262, -0.017657212913036346, -0.013113195076584816, 0.09312543272972107, -0.0341365672647953]","[-0.015791157260537148, -0.012427285313606262, -0.017657212913036346, -0.013113195076584816, 0.09312543272972107, -0.0341365672647953]",1,1,False,"['A', 'E']","['B', 'E']"
5adf698f5542993a75d264e2::working_set_pack_b,5adf698f5542993a75d264e2,"['A', 'B', 'C', 'D', 'E', 'F']","[0, 1, 0, 0, 1, 0]","[-0.012363068759441376, -0.009042544290423393, -0.015211711637675762, -0.012073722667992115, 0.07912415266036987, -0.030433116480708122]","[-0.012363068759441376, -0.009042544290423393, -0.015211711637675762, -0.012073722667992115, 0.07912415266036987, -0.030433116480708122]","[0.012363068759441376, 0.009042544290423393, 0.015211711637675762, 0.012073722667992115, -0.07912415266036987, 0.030433116480708122]",-1,-1,False,"['A', 'E']","['B', 'E']"
5adf698f5542993a75d264e2::active_set_pack_b,5adf698f5542993a75d264e2,"['A', 'B', 'C', 'D', 'E', 'F']","[0, 1, 0, 0, 1, 0]","[-0.01832711324095726, -0.015143008902668953, -0.020055359229445457, -0.01729467138648033, 0.09983698278665543, -0.02901683747768402]","[-0.01832711324095726, -0.015143008902668953, -0.020055359229445457, -0.01729467138648033, 0.09983698278665543, -0.02901683747768402]","[-0.01832711324095726, -0.015143008902668953, -0.020055359229445457, -0.01729467138648033, 0.09983698278665543, -0.02901683747768402]",1,1,False,"['A', 'E']","['B', 'E']"
5a8e506d5542990e94052ac8::working_set_pack_a,5a8e506d5542990e94052ac8,"['A', 'B', 'C', 'D', 'E', 'F']","[0, 1, 0, 1, 0, 0]","[-0.017563456669449806, 0.07333487272262573, -0.015344223007559776, -0.009749260731041431, -0.013349517248570919, -0.01732839085161686]","[-0.017563456669449806, 0.07333487272262573, -0.015344223007559776, -0.009749260731041431, -0.013349517248570919, -0.01732839085161686]","[0.017563456669449806, -0.07333487272262573, 0.015344223007559776, 0.009749260731041431, 0.013349517248570919, 0.01732839085161686]",-1,-1,False,"['A', 'B']","['B', 'D']"
5a8e506d5542990e94052ac8::active_set_pack_a,5a8e506d5542990e94052ac8,"['A', 'B', 'C', 'D', 'E', 'F']","[0, 1, 0, 1, 0, 0]","[-0.017128566280007362, 0.07284518331289291, -0.015117195434868336, -0.010428735055029392, -0.013209547847509384, -0.016961144283413887]","[-0.017128566280007362, 0.07284518331289291, -0.015117195434868336, -0.010428735055029392, -0.013209547847509384, -0.016961144283413887]","[0.017128566280007362, -0.07284518331289291, 0.015117195434868336, 0.010428735055029392, 0.013209547847509384, 0.016961144283413887]",-1,-1,False,"['A', 'B']","['B', 'D']"
5a8e506d5542990e94052ac8::working_set_pack_b,5a8e506d5542990e94052ac8,"['A', 'B', 'C', 'D', 'E', 'F']","[0, 1, 0, 1, 0, 0]","[-0.01680946908891201, 0.07083512842655182, -0.014202656224370003, -0.011531766504049301, -0.0127614326775074, -0.015529757365584373]","[-0.01680946908891201, 0.07083512842655182, -0.014202656224370003, -0.011531766504049301, -0.0127614326775074, -0.015529757365584373]","[0.01680946908891201, -0.07083512842655182, 0.014202656224370003, 0.011531766504049301, 0.0127614326775074, 0.015529757365584373]",-1,-1,False,"['A', 'B']","['B', 'D']"
5a8e506d5542990e94052ac8::active_set_pack_b,5a8e506d5542990e94052ac8,"['A', 'B', 'C', 'D', 'E', 'F']","[0, 1, 0, 1, 0, 0]","[-0.030099235475063324, 0.13720129430294037, -0.027462918311357498, -0.0250079445540905, -0.026238687336444855, -0.028392573818564415]","[-0.030099235475063324, 0.13720129430294037, -0.027462918311357498, -0.0250079445540905, -0.026238687336444855, -0.028392573818564415]","[0.030099235475063324, -0.13720129430294037, 0.027462918311357498, 0.0250079445540905, 0.026238687336444855, 0.028392573818564415]",-1,-1,False,"['A', 'B']","['B', 'D']"
5ac3983a554299657fa290f5::working_set_pack_a,5ac3983a554299657fa290f5,"['A', 'B', 'C', 'D', 'E', 'F']","[1, 0, 1, 0, 0, 0]","[0.027788721024990082, 0.022972850129008293, 0.03319684788584709, 0.02960949018597603, -0.14428041875362396, 0.03071252815425396]","[0.027788721024990082, 0.022972850129008293, 0.03319684788584709, 0.02960949018597603, -0.14428041875362396, 0.03071252815425396]","[0.027788721024990082, 0.022972850129008293, 0.03319684788584709, 0.02960949018597603, -0.14428041875362396, 0.03071252815425396]",1,1,True,"['A', 'C']","['A', 'C']"
5ac3983a554299657fa290f5::active_set_pack_a,5ac3983a554299657fa290f5,"['A', 'B', 'C', 'D', 'E', 'F']","[1, 0, 1, 0, 0, 0]","[0.027725880965590477, 0.022684141993522644, 0.03317359462380409, 0.0297005083411932, -0.14395751059055328, 0.030673397704958916]","[0.027725880965590477, 0.022684141993522644, 0.03317359462380409, 0.0297005083411932, -0.14395751059055328, 0.030673397704958916]","[0.027725880965590477, 0.022684141993522644, 0.03317359462380409, 0.0297005083411932, -0.14395751059055328, 0.030673397704958916]",1,1,True,"['A', 'C']","['A', 'C']"
5ac3983a554299657fa290f5::working_set_pack_b,5ac3983a554299657fa290f5,"['A', 'B', 'C', 'D', 'E', 'F']","[1, 0, 1, 0, 0, 0]","[0.024172138422727585, 0.01842610538005829, 0.030602792277932167, 0.02604684978723526, -0.1260378360748291, 0.02678997442126274]","[0.024172138422727585, 0.01842610538005829, 0.030602792277932167, 0.02604684978723526, -0.1260378360748291, 0.02678997442126274]","[0.024172138422727585, 0.01842610538005829, 0.030602792277932167, 0.02604684978723526, -0.1260378360748291, 0.02678997442126274]",1,1,True,"['A', 'C']","['A', 'C']"
5ac3983a554299657fa290f5::active_set_pack_b,5ac3983a554299657fa290f5,"['A', 'B', 'C', 'D', 'E', 'F']","[1, 0, 1, 0, 0, 0]","[0.029639480635523796, 0.01788616180419922, 0.03675948083400726, 0.03335023298859596, -0.15154217183589935, 0.03390680253505707]","[0.029639480635523796, 0.01788616180419922, 0.03675948083400726, 0.03335023298859596, -0.15154217183589935, 0.03390680253505707]","[0.029639480635523796, 0.01788616180419922, 0.03675948083400726, 0.03335023298859596, -0.15154217183589935, 0.03390680253505707]",1,1,True,"['A', 'C']","['A', 'C']"
5ac1bfd85542994ab5c67dfb::working_set_pack_a,5ac1bfd85542994ab5c67dfb,"['A', 'B', 'C', 'D', 'E', 'F']","[0, 1, 0, 1, 0, 0]","[-0.025914134457707405, -0.024997355416417122, -0.025694143027067184, 0.12334796786308289, -0.02408105880022049, -0.02266124077141285]","[0.025914134457707405, 0.024997355416417122, 0.025694143027067184, -0.12334796786308289, 0.02408105880022049, 0.02266124077141285]","[0.025914134457707405, 0.024997355416417122, 0.025694143027067184, -0.12334796786308289, 0.02408105880022049, 0.02266124077141285]",-1,1,False,"['A', 'B']","['B', 'D']"
5ac1bfd85542994ab5c67dfb::active_set_pack_a,5ac1bfd85542994ab5c67dfb,"['A', 'B', 'C', 'D', 'E', 'F']","[0, 1, 0, 1, 0, 0]","[-0.025460369884967804, -0.02451620250940323, -0.025208337232470512, 0.12164188921451569, -0.023993246257305145, -0.02246374450623989]","[0.025460369884967804, 0.02451620250940323, 0.025208337232470512, -0.12164188921451569, 0.023993246257305145, 0.02246374450623989]","[0.025460369884967804, 0.02451620250940323, 0.025208337232470512, -0.12164188921451569, 0.023993246257305145, 0.02246374450623989]",-1,1,False,"['A', 'B']","['B', 'D']"
5ac1bfd85542994ab5c67dfb::working_set_pack_b,5ac1bfd85542994ab5c67dfb,"['A', 'B', 'C', 'D', 'E', 'F']","[0, 1, 0, 1, 0, 0]","[-0.023488931357860565, -0.022066686302423477, -0.0233161523938179, 0.11014164239168167, -0.02185562066733837, -0.019414274021983147]","[0.023488931357860565, 0.022066686302423477, 0.0233161523938179, -0.11014164239168167, 0.02185562066733837, 0.019414274021983147]","[0.023488931357860565, 0.022066686302423477, 0.0233161523938179, -0.11014164239168167, 0.02185562066733837, 0.019414274021983147]",-1,1,False,"['A', 'B']","['B', 'D']"
5ac1bfd85542994ab5c67dfb::active_set_pack_b,5ac1bfd85542994ab5c67dfb,"['A', 'B', 'C', 'D', 'E', 'F']","[0, 1, 0, 1, 0, 0]","[-0.018850652500987053, -0.019356584176421165, -0.018907785415649414, 0.08689375221729279, -0.01627960428595543, -0.013499109074473381]","[0.018850652500987053, 0.019356584176421165, 0.018907785415649414, -0.08689375221729279, 0.01627960428595543, 0.013499109074473381]","[0.018850652500987053, 0.019356584176421165, 0.018907785415649414, -0.08689375221729279, 0.01627960428595543, 0.013499109074473381]",-1,1,False,"['A', 'B']","['B', 'D']"
5a77251055429966f1a36ca5::working_set_pack_a,5a77251055429966f1a36ca5,"['A', 'B', 'C', 'D', 'E', 'F']","[1, 0, 0, 0, 0, 1]","[0.08427397906780243, -0.01769089698791504, -0.016151882708072662, -0.014635306783020496, -0.017929688096046448, -0.01786620356142521]","[0.08427397906780243, -0.01769089698791504, -0.016151882708072662, -0.014635306783020496, -0.017929688096046448, -0.01786620356142521]","[-0.08427397906780243, 0.01769089698791504, 0.016151882708072662, 0.014635306783020496, 0.017929688096046448, 0.01786620356142521]",-1,-1,True,"['A', 'F']","['A', 'F']"
5a77251055429966f1a36ca5::active_set_pack_a,5a77251055429966f1a36ca5,"['A', 'B', 'C', 'D', 'E', 'F']","[1, 0, 0, 0, 0, 1]","[0.11246798187494278, -0.023513387888669968, -0.022037770599126816, -0.01997465267777443, -0.023640552535653114, -0.023301612585783005]","[0.11246798187494278, -0.023513387888669968, -0.022037770599126816, -0.01997465267777443, -0.023640552535653114, -0.023301612585783005]","[-0.11246798187494278, 0.023513387888669968, 0.022037770599126816, 0.01997465267777443, 0.023640552535653114, 0.023301612585783005]",-1,-1,True,"['A', 'F']","['A', 'F']"
5a77251055429966f1a36ca5::working_set_pack_b,5a77251055429966f1a36ca5,"['A', 'B', 'C', 'D', 'E', 'F']","[1, 0, 0, 0, 0, 1]","[0.10932263731956482, -0.022815139964222908, -0.021589448675513268, -0.018307162448763847, -0.024001868441700935, -0.022609015926718712]","[0.10932263731956482, -0.022815139964222908, -0.021589448675513268, -0.018307162448763847, -0.024001868441700935, -0.022609015926718712]","[-0.10932263731956482, 0.022815139964222908, 0.021589448675513268, 0.018307162448763847, 0.024001868441700935, 0.022609015926718712]",-1,-1,True,"['A', 'F']","['A', 'F']"
5a77251055429966f1a36ca5::active_set_pack_b,5a77251055429966f1a36ca5,"['A', 'B', 'C', 'D', 'E', 'F']","[1, 0, 0, 0, 0, 1]","[0.11393145471811295, -0.022669397294521332, -0.022879332304000854, -0.019655754789710045, -0.026124941185116768, -0.022602073848247528]","[0.11393145471811295, -0.022669397294521332, -0.022879332304000854, -0.019655754789710045, -0.026124941185116768, -0.022602073848247528]","[-0.11393145471811295, 0.022669397294521332, 0.022879332304000854, 0.019655754789710045, 0.026124941185116768, 0.022602073848247528]",-1,-1,True,"['A', 'F']","['A', 'F']"
5ac3bf5e5542995ef918c20f::working_set_pack_a,5ac3bf5e5542995ef918c20f,"['A', 'B', 'C', 'D', 'E', 'F']","[0, 0, 1, 0, 1, 0]","[-0.020164867863059044, -0.025548074394464493, -0.02304093912243843, -0.023356208577752113, 0.1121421754360199, -0.020032024011015892]","[-0.020164867863059044, -0.025548074394464493, -0.02304093912243843, -0.023356208577752113, 0.1121421754360199, -0.020032024011015892]","[0.020164867863059044, 0.025548074394464493, 0.02304093912243843, 0.023356208577752113, -0.1121421754360199, 0.020032024011015892]",-1,-1,False,"['A', 'E']","['C', 'E']"
5ac3bf5e5542995ef918c20f::active_set_pack_a,5ac3bf5e5542995ef918c20f,"['A', 'B', 'C', 'D', 'E', 'F']","[0, 0, 1, 0, 1, 0]","[-0.021386176347732544, -0.026686901226639748, -0.023438850417733192, -0.024280063807964325, 0.11664082109928131, -0.020848868414759636]","[-0.021386176347732544, -0.026686901226639748, -0.023438850417733192, -0.024280063807964325, 0.11664082109928131, -0.020848868414759636]","[0.021386176347732544, 0.026686901226639748, 0.023438850417733192, 0.024280063807964325, -0.11664082109928131, 0.020848868414759636]",-1,-1,False,"['A', 'E']","['C', 'E']"
5ac3bf5e5542995ef918c20f::working_set_pack_b,5ac3bf5e5542995ef918c20f,"['A', 'B', 'C', 'D', 'E', 'F']","[0, 0, 1, 0, 1, 0]","[-0.015538283623754978, -0.023507609963417053, -0.022002892568707466, -0.02250022254884243, 0.10157499462366104, -0.01802598126232624]","[-0.015538283623754978, -0.023507609963417053, -0.022002892568707466, -0.02250022254884243, 0.10157499462366104, -0.01802598126232624]","[0.015538283623754978, 0.023507609963417053, 0.022002892568707466, 0.02250022254884243, -0.10157499462366104, 0.01802598126232624]",-1,-1,False,"['A', 'E']","['C', 'E']"
5ac3bf5e5542995ef918c20f::active_set_pack_b,5ac3bf5e5542995ef918c20f,"['A', 'B', 'C', 'D', 'E', 'F']","[0, 0, 1, 0, 1, 0]","[-0.028768451884388924, -0.036500826478004456, -0.028783926740288734, -0.03055247850716114, 0.15158091485500336, -0.02697523683309555]","[-0.028768451884388924, -0.036500826478004456, -0.028783926740288734, -0.03055247850716114, 0.15158091485500336, -0.02697523683309555]","[0.028768451884388924, 0.036500826478004456, 0.028783926740288734, 0.03055247850716114, -0.15158091485500336, 0.02697523683309555]",-1,-1,False,"['A', 'E']","['C', 'E']"
5a81fab9554299676cceb1b1::working_set_pack_a,5a81fab9554299676cceb1b1,"['A', 'B', 'C', 'D', 'E', 'F']","[1, 0, 0, 0, 0, 1]","[-0.1195770651102066, -0.11819189041852951, -0.11811190843582153, -0.11495396494865417, -0.11634964495897293, 0.5871844291687012]","[-0.1195770651102066, -0.11819189041852951, -0.11811190843582153, -0.11495396494865417, -0.11634964495897293, 0.5871844291687012]","[-0.1195770651102066, -0.11819189041852951, -0.11811190843582153, -0.11495396494865417, -0.11634964495897293, 0.5871844291687012]",1,1,True,"['A', 'F']","['A', 'F']"
5a81fab9554299676cceb1b1::active_set_pack_a,5a81fab9554299676cceb1b1,"['A', 'B', 'C', 'D', 'E', 'F']","[1, 0, 0, 0, 0, 1]","[-0.0937015563249588, -0.09244418144226074, -0.09220682084560394, -0.08921875804662704, -0.09085702151060104, 0.4584283232688904]","[-0.0937015563249588, -0.09244418144226074, -0.09220682084560394, -0.08921875804662704, -0.09085702151060104, 0.4584283232688904]","[-0.0937015563249588, -0.09244418144226074, -0.09220682084560394, -0.08921875804662704, -0.09085702151060104, 0.4584283232688904]",1,1,True,"['A', 'F']","['A', 'F']"
5a81fab9554299676cceb1b1::working_set_pack_b,5a81fab9554299676cceb1b1,"['A', 'B', 'C', 'D', 'E', 'F']","[1, 0, 0, 0, 0, 1]","[-0.10626530647277832, -0.10447777807712555, -0.10415171086788177, -0.10195982456207275, -0.10330934077501297, 0.5201638340950012]","[-0.10626530647277832, -0.10447777807712555, -0.10415171086788177, -0.10195982456207275, -0.10330934077501297, 0.5201638340950012]","[-0.10626530647277832, -0.10447777807712555, -0.10415171086788177, -0.10195982456207275, -0.10330934077501297, 0.5201638340950012]",1,1,True,"['A', 'F']","['A', 'F']"
5a81fab9554299676cceb1b1::active_set_pack_b,5a81fab9554299676cceb1b1,"['A', 'B', 'C', 'D', 'E', 'F']","[1, 0, 0, 0, 0, 1]","[-0.1396501064300537, -0.13848777115345, -0.1372329741716385, -0.13509224355220795, -0.13648264110088348, 0.6869455575942993]","[-0.1396501064300537, -0.13848777115345, -0.1372329741716385, -0.13509224355220795, -0.13648264110088348, 0.6869455575942993]","[-0.1396501064300537, -0.13848777115345, -0.1372329741716385, -0.13509224355220795, -0.13648264110088348, 0.6869455575942993]",1,1,True,"['A', 'F']","['A', 'F']"
5ac141dd5542991316484a9b::working_set_pack_a,5ac141dd5542991316484a9b,"['A', 'B', 'C', 'D', 'E', 'F']","[0, 0, 0, 1, 0, 1]","[-0.01736084744334221, -0.014987600967288017, -0.020689863711595535, -0.014310159720480442, -0.014169484376907349, 0.08151789754629135]","[0.01736084744334221, 0.014987600967288017, 0.020689863711595535, 0.014310159720480442, 0.014169484376907349, -0.08151789754629135]","[0.01736084744334221, 0.014987600967288017, 0.020689863711595535, 0.014310159720480442, 0.014169484376907349, -0.08151789754629135]",-1,1,False,"['A', 'D']","['D', 'F']"
5ac141dd5542991316484a9b::active_set_pack_a,5ac141dd5542991316484a9b,"['A', 'B', 'C', 'D', 'E', 'F']","[0, 0, 0, 1, 0, 1]","[-0.019120141863822937, -0.013402434065937996, -0.020833762362599373, -0.013300313614308834, -0.013336521573364735, 0.07999315857887268]","[0.019120141863822937, 0.013402434065937996, 0.020833762362599373, 0.013300313614308834, 0.013336521573364735, -0.07999315857887268]","[0.019120141863822937, 0.013402434065937996, 0.020833762362599373, 0.013300313614308834, 0.013336521573364735, -0.07999315857887268]",-1,1,False,"['A', 'D']","['D', 'F']"
5ac141dd5542991316484a9b::working_set_pack_b,5ac141dd5542991316484a9b,"['A', 'B', 'C', 'D', 'E', 'F']","[0, 0, 0, 1, 0, 1]","[-0.020843423902988434, -0.010494716465473175, -0.019010702148079872, -0.010043785907328129, -0.010872857645154, 0.07126551121473312]","[0.020843423902988434, 0.010494716465473175, 0.019010702148079872, 0.010043785907328129, 0.010872857645154, -0.07126551121473312]","[0.020843423902988434, 0.010494716465473175, 0.019010702148079872, 0.010043785907328129, 0.010872857645154, -0.07126551121473312]",-1,1,False,"['A', 'D']","['D', 'F']"
5ac141dd5542991316484a9b::active_set_pack_b,5ac141dd5542991316484a9b,"['A', 'B', 'C', 'D', 'E', 'F']","[0, 0, 0, 1, 0, 1]","[-0.025701060891151428, -0.0033277440816164017, -0.0226543340831995, 0.0017299400642514229, -0.0002876274520531297, 0.05024084076285362]","[0.025701060891151428, 0.0033277440816164017, 0.0226543340831995, -0.0017299400642514229, 0.0002876274520531297, -0.05024084076285362]","[0.025701060891151428, 0.0033277440816164017, 0.0226543340831995, -0.0017299400642514229, 0.0002876274520531297, -0.05024084076285362]",-1,1,False,"['A', 'D']","['D', 'F']"
5ab6ef2f554299710c8d1fc5::working_set_pack_a,5ab6ef2f554299710c8d1fc5,"['A', 'B', 'C', 'D', 'E', 'F']","[0, 0, 0, 1, 0, 1]","[0.007345870602875948, -0.1344188004732132, 0.013476552441716194, 0.07336824387311935, 0.015557661652565002, 0.024670429527759552]","[0.007345870602875948, -0.1344188004732132, 0.013476552441716194, 0.07336824387311935, 0.015557661652565002, 0.024670429527759552]","[0.007345870602875948, -0.1344188004732132, 0.013476552441716194, 0.07336824387311935, 0.015557661652565002, 0.024670429527759552]",1,1,False,"['A', 'D']","['D', 'F']"
5ab6ef2f554299710c8d1fc5::active_set_pack_a,5ab6ef2f554299710c8d1fc5,"['A', 'B', 'C', 'D', 'E', 'F']","[0, 0, 0, 1, 0, 1]","[-0.015596364624798298, -0.09037036448717117, -0.010343261994421482, 0.12263989448547363, -0.009481568820774555, 0.0031516491435468197]","[-0.015596364624798298, -0.09037036448717117, -0.010343261994421482, 0.12263989448547363, -0.009481568820774555, 0.0031516491435468197]","[-0.015596364624798298, -0.09037036448717117, -0.010343261994421482, 0.12263989448547363, -0.009481568820774555, 0.0031516491435468197]",1,1,False,"['A', 'D']","['D', 'F']"
5ab6ef2f554299710c8d1fc5::working_set_pack_b,5ab6ef2f554299710c8d1fc5,"['A', 'B', 'C', 'D', 'E', 'F']","[0, 0, 0, 1, 0, 1]","[-0.017644749954342842, -0.07776710391044617, -0.010433703660964966, 0.1098940297961235, -0.008977910503745079, 0.004929445683956146]","[-0.017644749954342842, -0.07776710391044617, -0.010433703660964966, 0.1098940297961235, -0.008977910503745079, 0.004929445683956146]","[-0.017644749954342842, -0.07776710391044617, -0.010433703660964966, 0.1098940297961235, -0.008977910503745079, 0.004929445683956146]",1,1,False,"['A', 'D']","['D', 'F']"
5ab6ef2f554299710c8d1fc5::active_set_pack_b,5ab6ef2f554299710c8d1fc5,"['A', 'B', 'C', 'D', 'E', 'F']","[0, 0, 0, 1, 0, 1]","[-0.03512372076511383, -0.056351158767938614, -0.03128864988684654, 0.1738489270210266, -0.03144650161266327, -0.0196389053016901]","[-0.03512372076511383, -0.056351158767938614, -0.03128864988684654, 0.1738489270210266, -0.03144650161266327, -0.0196389053016901]","[-0.03512372076511383, -0.056351158767938614, -0.03128864988684654, 0.1738489270210266, -0.03144650161266327, -0.0196389053016901]",1,1,False,"['A', 'D']","['D', 'F']"
5ae546be5542990ba0bbb251::working_set_pack_a,5ae546be5542990ba0bbb251,"['A', 'B', 'C', 'D', 'E', 'F']","[0, 1, 0, 0, 0, 1]","[-0.031904175877571106, -0.021129325032234192, -0.02402264066040516, -0.015700945630669594, -0.023178014904260635, 0.11593508720397949]","[-0.031904175877571106, -0.021129325032234192, -0.02402264066040516, -0.015700945630669594, -0.023178014904260635, 0.11593508720397949]","[0.031904175877571106, 0.021129325032234192, 0.02402264066040516, 0.015700945630669594, 0.023178014904260635, -0.11593508720397949]",-1,-1,False,"['A', 'F']","['B', 'F']"
5ae546be5542990ba0bbb251::active_set_pack_a,5ae546be5542990ba0bbb251,"['A', 'B', 'C', 'D', 'E', 'F']","[0, 1, 0, 0, 0, 1]","[-0.06814366579055786, -0.009695474989712238, -0.012361419387161732, -0.009561410173773766, -0.01100218202918768, 0.11076409369707108]","[-0.06814366579055786, -0.009695474989712238, -0.012361419387161732, -0.009561410173773766, -0.01100218202918768, 0.11076409369707108]","[0.06814366579055786, 0.009695474989712238, 0.012361419387161732, 0.009561410173773766, 0.01100218202918768, -0.11076409369707108]",-1,-1,False,"['A', 'F']","['B', 'F']"
5ae546be5542990ba0bbb251::working_set_pack_b,5ae546be5542990ba0bbb251,"['A', 'B', 'C', 'D', 'E', 'F']","[0, 1, 0, 0, 0, 1]","[-0.04028166085481644, -0.020039459690451622, -0.021668020635843277, -0.025039931759238243, -0.0213682372123003, 0.12839728593826294]","[-0.04028166085481644, -0.020039459690451622, -0.021668020635843277, -0.025039931759238243, -0.0213682372123003, 0.12839728593826294]","[0.04028166085481644, 0.020039459690451622, 0.021668020635843277, 0.025039931759238243, 0.0213682372123003, -0.12839728593826294]",-1,-1,False,"['A', 'F']","['B', 'F']"
5ae546be5542990ba0bbb251::active_set_pack_b,5ae546be5542990ba0bbb251,"['A', 'B', 'C', 'D', 'E', 'F']","[0, 1, 0, 0, 0, 1]","[-0.10202149301767349, -0.027464577928185463, -0.029521051794290543, -0.029928570613265038, -0.03006001189351082, 0.21899573504924774]","[-0.10202149301767349, -0.027464577928185463, -0.029521051794290543, -0.029928570613265038, -0.03006001189351082, 0.21899573504924774]","[0.10202149301767349, 0.027464577928185463, 0.029521051794290543, 0.029928570613265038, 0.03006001189351082, -0.21899573504924774]",-1,-1,False,"['A', 'F']","['B', 'F']"
5a73f2265542993a88ae2ea9::working_set_pack_a,5a73f2265542993a88ae2ea9,"['A', 'B', 'C', 'D', 'E', 'F']","[0, 0, 0, 1, 1, 0]","[-0.001160678337328136, -0.04330047592520714, -0.0019614072516560555, 0.0025746305473148823, 0.02985825575888157, 0.013989667408168316]","[-0.001160678337328136, -0.04330047592520714, -0.0019614072516560555, 0.0025746305473148823, 0.02985825575888157, 0.013989667408168316]","[0.001160678337328136, 0.04330047592520714, 0.0019614072516560555, -0.0025746305473148823, -0.02985825575888157, -0.013989667408168316]",-1,-1,False,"['A', 'E']","['D', 'E']"
5a73f2265542993a88ae2ea9::active_set_pack_a,5a73f2265542993a88ae2ea9,"['A', 'B', 'C', 'D', 'E', 'F']","[0, 0, 0, 1, 1, 0]","[0.004736298229545355, -0.05191024765372276, 0.005844015162438154, 0.013638798147439957, 0.01368943601846695, 0.014001707546412945]","[0.004736298229545355, -0.05191024765372276, 0.005844015162438154, 0.013638798147439957, 0.01368943601846695, 0.014001707546412945]","[0.004736298229545355, -0.05191024765372276, 0.005844015162438154, 0.013638798147439957, 0.01368943601846695, 0.014001707546412945]",1,1,False,"['A', 'E']","['D', 'E']"
5a73f2265542993a88ae2ea9::working_set_pack_b,5a73f2265542993a88ae2ea9,"['A', 'B', 'C', 'D', 'E', 'F']","[0, 0, 0, 1, 1, 0]","[0.007131599821150303, -0.05581638962030411, 0.007216221187263727, 0.012342236004769802, 0.01742813177406788, 0.011698205955326557]","[0.007131599821150303, -0.05581638962030411, 0.007216221187263727, 0.012342236004769802, 0.01742813177406788, 0.011698205955326557]","[0.007131599821150303, -0.05581638962030411, 0.007216221187263727, 0.012342236004769802, 0.01742813177406788, 0.011698205955326557]",1,1,False,"['A', 'E']","['D', 'E']"
5a73f2265542993a88ae2ea9::active_set_pack_b,5a73f2265542993a88ae2ea9,"['A', 'B', 'C', 'D', 'E', 'F']","[0, 0, 0, 1, 1, 0]","[0.0005476030637510121, -0.04526909440755844, -0.00031712616328150034, 0.002814320847392082, 0.029166078194975853, 0.01305822841823101]","[0.0005476030637510121, -0.04526909440755844, -0.00031712616328150034, 0.002814320847392082, 0.029166078194975853, 0.01305822841823101]","[-0.0005476030637510121, 0.04526909440755844, 0.00031712616328150034, -0.002814320847392082, -0.029166078194975853, -0.01305822841823101]",-1,-1,False,"['A', 'E']","['D', 'E']"
5a7cbd7c554299452d57b9e6::working_set_pack_a,5a7cbd7c554299452d57b9e6,"['A', 'B', 'C', 'D', 'E', 'F']","[0, 0, 0, 1, 0, 1]","[-0.04275049269199371, 0.007051526103168726, 0.020858515053987503, -0.0011192159727215767, 0.001322989002801478, 0.01463666744530201]","[0.04275049269199371, -0.007051526103168726, -0.020858515053987503, 0.0011192159727215767, -0.001322989002801478, -0.01463666744530201]","[0.04275049269199371, -0.007051526103168726, -0.020858515053987503, 0.0011192159727215767, -0.001322989002801478, -0.01463666744530201]",-1,1,False,"['A', 'D']","['D', 'F']"
5a7cbd7c554299452d57b9e6::active_set_pack_a,5a7cbd7c554299452d57b9e6,"['A', 'B', 'C', 'D', 'E', 'F']","[0, 0, 0, 1, 0, 1]","[-0.04383882135152817, 0.0069828033447265625, 0.018984084948897362, 0.0010366439819335938, 0.002287482377141714, 0.014547796919941902]","[0.04383882135152817, -0.0069828033447265625, -0.018984084948897362, -0.0010366439819335938, -0.002287482377141714, -0.014547796919941902]","[0.04383882135152817, -0.0069828033447265625, -0.018984084948897362, -0.0010366439819335938, -0.002287482377141714, -0.014547796919941902]",-1,1,False,"['A', 'D']","['D', 'F']"
5a7cbd7c554299452d57b9e6::working_set_pack_b,5a7cbd7c554299452d57b9e6,"['A', 'B', 'C', 'D', 'E', 'F']","[0, 0, 0, 1, 0, 1]","[-0.04789924994111061, 0.007914145477116108, 0.020664338022470474, 0.002859061351045966, 0.003279411466792226, 0.01318229828029871]","[0.04789924994111061, -0.007914145477116108, -0.020664338022470474, -0.002859061351045966, -0.003279411466792226, -0.01318229828029871]","[0.04789924994111061, -0.007914145477116108, -0.020664338022470474, -0.002859061351045966, -0.003279411466792226, -0.01318229828029871]",-1,1,False,"['A', 'D']","['D', 'F']"
5a7cbd7c554299452d57b9e6::active_set_pack_b,5a7cbd7c554299452d57b9e6,"['A', 'B', 'C', 'D', 'E', 'F']","[0, 0, 0, 1, 0, 1]","[-0.050529107451438904, 0.00835767574608326, 0.0188111774623394, 0.004746338352560997, 0.003853658214211464, 0.014760255813598633]","[0.050529107451438904, -0.00835767574608326, -0.0188111774623394, -0.004746338352560997, -0.003853658214211464, -0.014760255813598633]","[0.050529107451438904, -0.00835767574608326, -0.0188111774623394, -0.004746338352560997, -0.003853658214211464, -0.014760255813598633]",-1,1,False,"['A', 'D']","['D', 'F']"
5adf9e7e5542992d7e9f93be::working_set_pack_a,5adf9e7e5542992d7e9f93be,"['A', 'B', 'C', 'D', 'E', 'F']","[0, 1, 1, 0, 0, 0]","[0.010216798633337021, 0.007270048372447491, 0.00770787475630641, 0.005259030498564243, -0.04083528369665146, 0.010381560772657394]","[0.010216798633337021, 0.007270048372447491, 0.00770787475630641, 0.005259030498564243, -0.04083528369665146, 0.010381560772657394]","[0.010216798633337021, 0.007270048372447491, 0.00770787475630641, 0.005259030498564243, -0.04083528369665146, 0.010381560772657394]",1,1,False,"['A', 'B']","['B', 'C']"
5adf9e7e5542992d7e9f93be::active_set_pack_a,5adf9e7e5542992d7e9f93be,"['A', 'B', 'C', 'D', 'E', 'F']","[0, 1, 1, 0, 0, 0]","[0.011232697404921055, 0.010524933226406574, 0.010745888575911522, 0.008436215110123158, -0.05461706221103668, 0.013677317649126053]","[0.011232697404921055, 0.010524933226406574, 0.010745888575911522, 0.008436215110123158, -0.05461706221103668, 0.013677317649126053]","[0.011232697404921055, 0.010524933226406574, 0.010745888575911522, 0.008436215110123158, -0.05461706221103668, 0.013677317649126053]",1,1,False,"['A', 'B']","['B', 'C']"
5adf9e7e5542992d7e9f93be::working_set_pack_b,5adf9e7e5542992d7e9f93be,"['A', 'B', 'C', 'D', 'E', 'F']","[0, 1, 1, 0, 0, 0]","[0.020614463835954666, 0.022537466138601303, -0.011077256873250008, -0.013853945769369602, -0.01601031981408596, -0.002210414269939065]","[0.020614463835954666, 0.022537466138601303, -0.011077256873250008, -0.013853945769369602, -0.01601031981408596, -0.002210414269939065]","[-0.020614463835954666, -0.022537466138601303, 0.011077256873250008, 0.013853945769369602, 0.01601031981408596, 0.002210414269939065]",-1,-1,False,"['A', 'B']","['B', 'C']"
5adf9e7e5542992d7e9f93be::active_set_pack_b,5adf9e7e5542992d7e9f93be,"['A', 'B', 'C', 'D', 'E', 'F']","[0, 1, 1, 0, 0, 0]","[-0.00941993948072195, 0.056845925748348236, -0.014412011951208115, -0.01554176490753889, -0.011100847274065018, -0.006371393799781799]","[-0.00941993948072195, 0.056845925748348236, -0.014412011951208115, -0.01554176490753889, -0.011100847274065018, -0.006371393799781799]","[0.00941993948072195, -0.056845925748348236, 0.014412011951208115, 0.01554176490753889, 0.011100847274065018, 0.006371393799781799]",-1,-1,False,"['A', 'B']","['B', 'C']"
5a7b970c554299294a54aa0b::working_set_pack_a,5a7b970c554299294a54aa0b,"['A', 'B', 'C', 'D', 'E', 'F']","[0, 1, 1, 0, 0, 0]","[0.05459699407219887, 0.05286440625786781, 0.04568576440215111, -0.26447051763534546, 0.0554133765399456, 0.05591000244021416]","[0.05459699407219887, 0.05286440625786781, 0.04568576440215111, -0.26447051763534546, 0.0554133765399456, 0.05591000244021416]","[0.05459699407219887, 0.05286440625786781, 0.04568576440215111, -0.26447051763534546, 0.0554133765399456, 0.05591000244021416]",1,1,False,"['A', 'B']","['B', 'C']"
5a7b970c554299294a54aa0b::active_set_pack_a,5a7b970c554299294a54aa0b,"['A', 'B', 'C', 'D', 'E', 'F']","[0, 1, 1, 0, 0, 0]","[0.05373786389827728, 0.052209436893463135, 0.041409023106098175, -0.25659117102622986, 0.054350342601537704, 0.05488450080156326]","[0.05373786389827728, 0.052209436893463135, 0.041409023106098175, -0.25659117102622986, 0.054350342601537704, 0.05488450080156326]","[0.05373786389827728, 0.052209436893463135, 0.041409023106098175, -0.25659117102622986, 0.054350342601537704, 0.05488450080156326]",1,1,False,"['A', 'B']","['B', 'C']"
5a7b970c554299294a54aa0b::working_set_pack_b,5a7b970c554299294a54aa0b,"['A', 'B', 'C', 'D', 'E', 'F']","[0, 1, 1, 0, 0, 0]","[0.051984988152980804, 0.04483507201075554, 0.04636188969016075, -0.2512049078941345, 0.05379612743854523, 0.05422680824995041]","[0.051984988152980804, 0.04483507201075554, 0.04636188969016075, -0.2512049078941345, 0.05379612743854523, 0.05422680824995041]","[0.051984988152980804, 0.04483507201075554, 0.04636188969016075, -0.2512049078941345, 0.05379612743854523, 0.05422680824995041]",1,1,False,"['A', 'B']","['B', 'C']"
5a7b970c554299294a54aa0b::active_set_pack_b,5a7b970c554299294a54aa0b,"['A', 'B', 'C', 'D', 'E', 'F']","[0, 1, 1, 0, 0, 0]","[0.05071284621953964, 0.048892632126808167, 0.0444243848323822, -0.24963130056858063, 0.05249650776386261, 0.05310487747192383]","[0.05071284621953964, 0.048892632126808167, 0.0444243848323822, -0.24963130056858063, 0.05249650776386261, 0.05310487747192383]","[0.05071284621953964, 0.048892632126808167, 0.0444243848323822, -0.24963130056858063, 0.05249650776386261, 0.05310487747192383]",1,1,False,"['A', 'B']","['B', 'C']"
5ab8f24f55429934fafe6e20::working_set_pack_a,5ab8f24f55429934fafe6e20,"['A', 'B', 'C', 'D', 'E', 'F']","[1, 0, 0, 1, 0, 0]","[0.008280573412775993, 0.007656598463654518, 0.005940836388617754, 0.007836141623556614, -0.03820104897022247, 0.00848690327256918]","[-0.008280573412775993, -0.007656598463654518, -0.005940836388617754, -0.007836141623556614, 0.03820104897022247, -0.00848690327256918]","[0.008280573412775993, 0.007656598463654518, 0.005940836388617754, 0.007836141623556614, -0.03820104897022247, 0.00848690327256918]",1,-1,False,"['A', 'E']","['A', 'D']"
5ab8f24f55429934fafe6e20::active_set_pack_a,5ab8f24f55429934fafe6e20,"['A', 'B', 'C', 'D', 'E', 'F']","[1, 0, 0, 1, 0, 0]","[0.008434135466814041, 0.00788121484220028, 0.006037241313606501, 0.008110909722745419, -0.03945913538336754, 0.008995608426630497]","[-0.008434135466814041, -0.00788121484220028, -0.006037241313606501, -0.008110909722745419, 0.03945913538336754, -0.008995608426630497]","[0.008434135466814041, 0.00788121484220028, 0.006037241313606501, 0.008110909722745419, -0.03945913538336754, 0.008995608426630497]",1,-1,False,"['A', 'E']","['A', 'D']"
5ab8f24f55429934fafe6e20::working_set_pack_b,5ab8f24f55429934fafe6e20,"['A', 'B', 'C', 'D', 'E', 'F']","[1, 0, 0, 1, 0, 0]","[0.011982492171227932, 0.009502720087766647, 0.007984868250787258, 0.009639907628297806, -0.04919743910431862, 0.010087461210787296]","[-0.011982492171227932, -0.009502720087766647, -0.007984868250787258, -0.009639907628297806, 0.04919743910431862, -0.010087461210787296]","[0.011982492171227932, 0.009502720087766647, 0.007984868250787258, 0.009639907628297806, -0.04919743910431862, 0.010087461210787296]",1,-1,False,"['A', 'E']","['A', 'D']"
5ab8f24f55429934fafe6e20::active_set_pack_b,5ab8f24f55429934fafe6e20,"['A', 'B', 'C', 'D', 'E', 'F']","[1, 0, 0, 1, 0, 0]","[0.02062522992491722, 0.017530502751469612, 0.016810500994324684, 0.017774874344468117, -0.09040415287017822, 0.017663026228547096]","[-0.02062522992491722, -0.017530502751469612, -0.016810500994324684, -0.017774874344468117, 0.09040415287017822, -0.017663026228547096]","[0.02062522992491722, 0.017530502751469612, 0.016810500994324684, 0.017774874344468117, -0.09040415287017822, 0.017663026228547096]",1,-1,False,"['A', 'E']","['A', 'D']"
5a83cf395542996488c2e4e0::working_set_pack_a,5a83cf395542996488c2e4e0,"['A', 'B', 'C', 'D', 'E', 'F']","[0, 0, 1, 0, 0, 1]","[-0.024925686419010162, -0.0069719646126031876, 0.09908723086118698, -0.022389370948076248, -0.024401990696787834, -0.020398199558258057]","[-0.024925686419010162, -0.0069719646126031876, 0.09908723086118698, -0.022389370948076248, -0.024401990696787834, -0.020398199558258057]","[0.024925686419010162, 0.0069719646126031876, -0.09908723086118698, 0.022389370948076248, 0.024401990696787834, 0.020398199558258057]",-1,-1,False,"['A', 'C']","['C', 'F']"
5a83cf395542996488c2e4e0::active_set_pack_a,5a83cf395542996488c2e4e0,"['A', 'B', 'C', 'D', 'E', 'F']","[0, 0, 1, 0, 0, 1]","[-0.0250159353017807, -0.008126202039420605, 0.09972547739744186, -0.022170860320329666, -0.024265369400382042, -0.020147103816270828]","[-0.0250159353017807, -0.008126202039420605, 0.09972547739744186, -0.022170860320329666, -0.024265369400382042, -0.020147103816270828]","[0.0250159353017807, 0.008126202039420605, -0.09972547739744186, 0.022170860320329666, 0.024265369400382042, 0.020147103816270828]",-1,-1,False,"['A', 'C']","['C', 'F']"
5a83cf395542996488c2e4e0::working_set_pack_b,5a83cf395542996488c2e4e0,"['A', 'B', 'C', 'D', 'E', 'F']","[0, 0, 1, 0, 0, 1]","[-0.026214392855763435, 0.0015596895245835185, 0.09419961273670197, -0.022668061777949333, -0.02504749782383442, -0.021829353645443916]","[-0.026214392855763435, 0.0015596895245835185, 0.09419961273670197, -0.022668061777949333, -0.02504749782383442, -0.021829353645443916]","[0.026214392855763435, -0.0015596895245835185, -0.09419961273670197, 0.022668061777949333, 0.02504749782383442, 0.021829353645443916]",-1,-1,False,"['A', 'C']","['C', 'F']"
5a83cf395542996488c2e4e0::active_set_pack_b,5a83cf395542996488c2e4e0,"['A', 'B', 'C', 'D', 'E', 'F']","[0, 0, 1, 0, 0, 1]","[-0.026509281247854233, 0.057497162371873856, 0.04945322871208191, -0.025341426953673363, -0.029838189482688904, -0.025261495262384415]","[-0.026509281247854233, 0.057497162371873856, 0.04945322871208191, -0.025341426953673363, -0.029838189482688904, -0.025261495262384415]","[0.026509281247854233, -0.057497162371873856, -0.04945322871208191, 0.025341426953673363, 0.029838189482688904, 0.025261495262384415]",-1,-1,False,"['A', 'C']","['C', 'F']"
5ab265de5542993be8fa9901::working_set_pack_a,5ab265de5542993be8fa9901,"['A', 'B', 'C', 'D', 'E', 'F']","[0, 0, 0, 0, 1, 1]","[-0.049237195402383804, -0.03711533546447754, 0.0010442298371344805, -0.048358455300331116, 0.17991791665554047, -0.04625113680958748]","[-0.049237195402383804, -0.03711533546447754, 0.0010442298371344805, -0.048358455300331116, 0.17991791665554047, -0.04625113680958748]","[0.049237195402383804, 0.03711533546447754, -0.0010442298371344805, 0.048358455300331116, -0.17991791665554047, 0.04625113680958748]",-1,-1,False,"['A', 'E']","['E', 'F']"
5ab265de5542993be8fa9901::active_set_pack_a,5ab265de5542993be8fa9901,"['A', 'B', 'C', 'D', 'E', 'F']","[0, 0, 0, 0, 1, 1]","[-0.054254669696092606, -0.04598359018564224, 0.0718761682510376, -0.054895076900720596, 0.1360069066286087, -0.052749764174222946]","[-0.054254669696092606, -0.04598359018564224, 0.0718761682510376, -0.054895076900720596, 0.1360069066286087, -0.052749764174222946]","[0.054254669696092606, 0.04598359018564224, -0.0718761682510376, 0.054895076900720596, -0.1360069066286087, 0.052749764174222946]",-1,-1,False,"['A', 'E']","['E', 'F']"
5ab265de5542993be8fa9901::working_set_pack_b,5ab265de5542993be8fa9901,"['A', 'B', 'C', 'D', 'E', 'F']","[0, 0, 0, 0, 1, 1]","[0.03961123153567314, 0.040745023638010025, -0.1969314068555832, 0.043081678450107574, 0.03330950811505318, 0.040183912962675095]","[0.03961123153567314, 0.040745023638010025, -0.1969314068555832, 0.043081678450107574, 0.03330950811505318, 0.040183912962675095]","[0.03961123153567314, 0.040745023638010025, -0.1969314068555832, 0.043081678450107574, 0.03330950811505318, 0.040183912962675095]",1,1,False,"['A', 'F']","['E', 'F']"
5ab265de5542993be8fa9901::active_set_pack_b,5ab265de5542993be8fa9901,"['A', 'B', 'C', 'D', 'E', 'F']","[0, 0, 0, 0, 1, 1]","[-0.0342930369079113, -0.026410382241010666, 0.024174481630325317, -0.025212110951542854, 0.08525830507278442, -0.023517291992902756]","[0.0342930369079113, 0.026410382241010666, -0.024174481630325317, 0.025212110951542854, -0.08525830507278442, 0.023517291992902756]","[0.0342930369079113, 0.026410382241010666, -0.024174481630325317, 0.025212110951542854, -0.08525830507278442, 0.023517291992902756]",-1,1,False,"['A', 'F']","['E', 'F']"
5abc0e30554299700f9d77c5::working_set_pack_a,5abc0e30554299700f9d77c5,"['A', 'B', 'C', 'D', 'E', 'F']","[0, 1, 0, 0, 1, 0]","[-0.013046913780272007, -0.011392228305339813, -0.01013655960559845, -0.008434848859906197, 0.04701283201575279, -0.004002290777862072]","[-0.013046913780272007, -0.011392228305339813, -0.01013655960559845, -0.008434848859906197, 0.04701283201575279, -0.004002290777862072]","[0.013046913780272007, 0.011392228305339813, 0.01013655960559845, 0.008434848859906197, -0.04701283201575279, 0.004002290777862072]",-1,-1,False,"['A', 'E']","['B', 'E']"
5abc0e30554299700f9d77c5::active_set_pack_a,5abc0e30554299700f9d77c5,"['A', 'B', 'C', 'D', 'E', 'F']","[0, 1, 0, 0, 1, 0]","[-0.009726287797093391, -0.010787012055516243, -0.008112122304737568, -0.007357949856668711, 0.03940888121724129, -0.0034255043137818575]","[-0.009726287797093391, -0.010787012055516243, -0.008112122304737568, -0.007357949856668711, 0.03940888121724129, -0.0034255043137818575]","[0.009726287797093391, 0.010787012055516243, 0.008112122304737568, 0.007357949856668711, -0.03940888121724129, 0.0034255043137818575]",-1,-1,False,"['A', 'E']","['B', 'E']"
5abc0e30554299700f9d77c5::working_set_pack_b,5abc0e30554299700f9d77c5,"['A', 'B', 'C', 'D', 'E', 'F']","[0, 1, 0, 0, 1, 0]","[-0.016674233600497246, -0.011043921113014221, -0.007398484740406275, -0.002956676995381713, 0.040238406509160995, -0.002165092620998621]","[-0.016674233600497246, -0.011043921113014221, -0.007398484740406275, -0.002956676995381713, 0.040238406509160995, -0.002165092620998621]","[0.016674233600497246, 0.011043921113014221, 0.007398484740406275, 0.002956676995381713, -0.040238406509160995, 0.002165092620998621]",-1,-1,False,"['A', 'E']","['B', 'E']"
5abc0e30554299700f9d77c5::active_set_pack_b,5abc0e30554299700f9d77c5,"['A', 'B', 'C', 'D', 'E', 'F']","[0, 1, 0, 0, 1, 0]","[-0.019579537212848663, -0.015043542720377445, -0.008405612781643867, -0.0027192134875804186, 0.042425431311130524, 0.003322480944916606]","[0.019579537212848663, 0.015043542720377445, 0.008405612781643867, 0.0027192134875804186, -0.042425431311130524, -0.003322480944916606]","[0.019579537212848663, 0.015043542720377445, 0.008405612781643867, 0.0027192134875804186, -0.042425431311130524, -0.003322480944916606]",-1,1,False,"['A', 'B']","['B', 'E']"
5ae3417e5542990afbd1e0f7::working_set_pack_a,5ae3417e5542990afbd1e0f7,"['A', 'B', 'C', 'D', 'E', 'F']","[1, 0, 1, 0, 0, 0]","[0.019014529883861542, 0.01416746899485588, 0.013532772660255432, 0.013488132506608963, 0.013435049913823605, -0.0736379325389862]","[0.019014529883861542, 0.01416746899485588, 0.013532772660255432, 0.013488132506608963, 0.013435049913823605, -0.0736379325389862]","[0.019014529883861542, 0.01416746899485588, 0.013532772660255432, 0.013488132506608963, 0.013435049913823605, -0.0736379325389862]",1,1,False,"['A', 'E']","['A', 'C']"
5ae3417e5542990afbd1e0f7::active_set_pack_a,5ae3417e5542990afbd1e0f7,"['A', 'B', 'C', 'D', 'E', 'F']","[1, 0, 1, 0, 0, 0]","[0.02057979442179203, 0.01741226576268673, 0.01732986606657505, 0.01725793443620205, 0.01670973375439644, -0.0892895758152008]","[0.02057979442179203, 0.01741226576268673, 0.01732986606657505, 0.01725793443620205, 0.01670973375439644, -0.0892895758152008]","[0.02057979442179203, 0.01741226576268673, 0.01732986606657505, 0.01725793443620205, 0.01670973375439644, -0.0892895758152008]",1,1,False,"['A', 'E']","['A', 'C']"
5ae3417e5542990afbd1e0f7::working_set_pack_b,5ae3417e5542990afbd1e0f7,"['A', 'B', 'C', 'D', 'E', 'F']","[1, 0, 1, 0, 0, 0]","[0.02505624108016491, 0.02112549915909767, 0.020891986787319183, 0.020803358405828476, 0.01902499981224537, -0.1069021075963974]","[0.02505624108016491, 0.02112549915909767, 0.020891986787319183, 0.020803358405828476, 0.01902499981224537, -0.1069021075963974]","[0.02505624108016491, 0.02112549915909767, 0.020891986787319183, 0.020803358405828476, 0.01902499981224537, -0.1069021075963974]",1,1,False,"['A', 'B']","['A', 'C']"
5ae3417e5542990afbd1e0f7::active_set_pack_b,5ae3417e5542990afbd1e0f7,"['A', 'B', 'C', 'D', 'E', 'F']","[1, 0, 1, 0, 0, 0]","[0.04290642589330673, 0.041057683527469635, 0.04189101979136467, 0.04178906977176666, 0.04073221608996391, -0.2083764374256134]","[0.04290642589330673, 0.041057683527469635, 0.04189101979136467, 0.04178906977176666, 0.04073221608996391, -0.2083764374256134]","[0.04290642589330673, 0.041057683527469635, 0.04189101979136467, 0.04178906977176666, 0.04073221608996391, -0.2083764374256134]",1,1,False,"['A', 'B']","['A', 'C']"
5ae334345542991a06ce9951::working_set_pack_a,5ae334345542991a06ce9951,"['A', 'B', 'C', 'D', 'E', 'F']","[1, 0, 1, 0, 0, 0]","[-0.02112317644059658, -0.01888609491288662, 0.10224604606628418, -0.02281373366713524, -0.02056647092103958, -0.018856598064303398]","[-0.02112317644059658, -0.01888609491288662, 0.10224604606628418, -0.02281373366713524, -0.02056647092103958, -0.018856598064303398]","[-0.02112317644059658, -0.01888609491288662, 0.10224604606628418, -0.02281373366713524, -0.02056647092103958, -0.018856598064303398]",1,1,True,"['A', 'C']","['A', 'C']"
5ae334345542991a06ce9951::active_set_pack_a,5ae334345542991a06ce9951,"['A', 'B', 'C', 'D', 'E', 'F']","[1, 0, 1, 0, 0, 0]","[-0.016951629891991615, -0.01474339235574007, 0.07973895967006683, -0.01712960936129093, -0.016185108572244644, -0.014729195274412632]","[-0.016951629891991615, -0.01474339235574007, 0.07973895967006683, -0.01712960936129093, -0.016185108572244644, -0.014729195274412632]","[-0.016951629891991615, -0.01474339235574007, 0.07973895967006683, -0.01712960936129093, -0.016185108572244644, -0.014729195274412632]",1,1,True,"['A', 'C']","['A', 'C']"
5ae334345542991a06ce9951::working_set_pack_b,5ae334345542991a06ce9951,"['A', 'B', 'C', 'D', 'E', 'F']","[1, 0, 1, 0, 0, 0]","[-0.02774978056550026, -0.025324394926428795, 0.13689737021923065, -0.029822496697306633, -0.027999768033623695, -0.02600093185901642]","[-0.02774978056550026, -0.025324394926428795, 0.13689737021923065, -0.029822496697306633, -0.027999768033623695, -0.02600093185901642]","[-0.02774978056550026, -0.025324394926428795, 0.13689737021923065, -0.029822496697306633, -0.027999768033623695, -0.02600093185901642]",1,1,True,"['A', 'C']","['A', 'C']"
5ae334345542991a06ce9951::active_set_pack_b,5ae334345542991a06ce9951,"['A', 'B', 'C', 'D', 'E', 'F']","[1, 0, 1, 0, 0, 0]","[-0.029958564788103104, -0.026966363191604614, 0.14961864054203033, -0.03407740965485573, -0.03035842627286911, -0.02825787290930748]","[-0.029958564788103104, -0.026966363191604614, 0.14961864054203033, -0.03407740965485573, -0.03035842627286911, -0.02825787290930748]","[0.029958564788103104, 0.026966363191604614, -0.14961864054203033, 0.03407740965485573, 0.03035842627286911, 0.02825787290930748]",-1,-1,True,"['A', 'C']","['A', 'C']"
5abeb68d5542994516f453f9::working_set_pack_a,5abeb68d5542994516f453f9,"['A', 'B', 'C', 'D', 'E', 'F']","[1, 0, 0, 0, 0, 1]","[0.028558162972331047, 0.022913426160812378, -0.1419796645641327, 0.029501762241125107, 0.029801122844219208, 0.031205162405967712]","[0.028558162972331047, 0.022913426160812378, -0.1419796645641327, 0.029501762241125107, 0.029801122844219208, 0.031205162405967712]","[0.028558162972331047, 0.022913426160812378, -0.1419796645641327, 0.029501762241125107, 0.029801122844219208, 0.031205162405967712]",1,1,False,"['A', 'D']","['A', 'F']"
5abeb68d5542994516f453f9::active_set_pack_a,5abeb68d5542994516f453f9,"['A', 'B', 'C', 'D', 'E', 'F']","[1, 0, 0, 0, 0, 1]","[0.030689196661114693, 0.025986777618527412, -0.15202826261520386, 0.030934255570173264, 0.03176071122288704, 0.03265733644366264]","[0.030689196661114693, 0.025986777618527412, -0.15202826261520386, 0.030934255570173264, 0.03176071122288704, 0.03265733644366264]","[0.030689196661114693, 0.025986777618527412, -0.15202826261520386, 0.030934255570173264, 0.03176071122288704, 0.03265733644366264]",1,1,False,"['A', 'D']","['A', 'F']"
5abeb68d5542994516f453f9::working_set_pack_b,5abeb68d5542994516f453f9,"['A', 'B', 'C', 'D', 'E', 'F']","[1, 0, 0, 0, 0, 1]","[0.02287604659795761, 0.003319735638797283, -0.10291670262813568, 0.023688247427344322, 0.02373439073562622, 0.029298273846507072]","[0.02287604659795761, 0.003319735638797283, -0.10291670262813568, 0.023688247427344322, 0.02373439073562622, 0.029298273846507072]","[-0.02287604659795761, -0.003319735638797283, 0.10291670262813568, -0.023688247427344322, -0.02373439073562622, -0.029298273846507072]",-1,-1,False,"['A', 'D']","['A', 'F']"
5abeb68d5542994516f453f9::active_set_pack_b,5abeb68d5542994516f453f9,"['A', 'B', 'C', 'D', 'E', 'F']","[1, 0, 0, 0, 0, 1]","[0.030018702149391174, 0.005561807658523321, -0.129994735121727, 0.031059077009558678, 0.03120286948978901, 0.03215227648615837]","[0.030018702149391174, 0.005561807658523321, -0.129994735121727, 0.031059077009558678, 0.03120286948978901, 0.03215227648615837]","[0.030018702149391174, 0.005561807658523321, -0.129994735121727, 0.031059077009558678, 0.03120286948978901, 0.03215227648615837]",1,1,False,"['A', 'D']","['A', 'F']"
5ae1cab7554299492dc91b8a::working_set_pack_a,5ae1cab7554299492dc91b8a,"['A', 'B', 'C', 'D', 'E', 'F']","[0, 0, 1, 1, 0, 0]","[-0.03508203104138374, -0.036361757665872574, -0.03370411694049835, 0.17282734811306, -0.03325838968157768, -0.034421008080244064]","[-0.03508203104138374, -0.036361757665872574, -0.03370411694049835, 0.17282734811306, -0.03325838968157768, -0.034421008080244064]","[0.03508203104138374, 0.036361757665872574, 0.03370411694049835, -0.17282734811306, 0.03325838968157768, 0.034421008080244064]",-1,-1,False,"['A', 'D']","['C', 'D']"
5ae1cab7554299492dc91b8a::active_set_pack_a,5ae1cab7554299492dc91b8a,"['A', 'B', 'C', 'D', 'E', 'F']","[0, 0, 1, 1, 0, 0]","[-0.0319531224668026, -0.03311226889491081, -0.03130181133747101, 0.15728013217449188, -0.029848426580429077, -0.031064461916685104]","[-0.0319531224668026, -0.03311226889491081, -0.03130181133747101, 0.15728013217449188, -0.029848426580429077, -0.031064461916685104]","[0.0319531224668026, 0.03311226889491081, 0.03130181133747101, -0.15728013217449188, 0.029848426580429077, 0.031064461916685104]",-1,-1,False,"['A', 'D']","['C', 'D']"
5ae1cab7554299492dc91b8a::working_set_pack_b,5ae1cab7554299492dc91b8a,"['A', 'B', 'C', 'D', 'E', 'F']","[0, 0, 1, 1, 0, 0]","[-0.02593425288796425, -0.02801576256752014, -0.026620078831911087, 0.13224947452545166, -0.024494798853993416, -0.027184590697288513]","[-0.02593425288796425, -0.02801576256752014, -0.026620078831911087, 0.13224947452545166, -0.024494798853993416, -0.027184590697288513]","[0.02593425288796425, 0.02801576256752014, 0.026620078831911087, -0.13224947452545166, 0.024494798853993416, 0.027184590697288513]",-1,-1,False,"['A', 'D']","['C', 'D']"
5ae1cab7554299492dc91b8a::active_set_pack_b,5ae1cab7554299492dc91b8a,"['A', 'B', 'C', 'D', 'E', 'F']","[0, 0, 1, 1, 0, 0]","[-0.039904870092868805, -0.04200376197695732, -0.0393490232527256, 0.20281167328357697, -0.03910604119300842, -0.042447980493307114]","[-0.039904870092868805, -0.04200376197695732, -0.0393490232527256, 0.20281167328357697, -0.03910604119300842, -0.042447980493307114]","[0.039904870092868805, 0.04200376197695732, 0.0393490232527256, -0.20281167328357697, 0.03910604119300842, 0.042447980493307114]",-1,-1,False,"['A', 'D']","['C', 'D']"
5ae6e5d65542992ae0d163a1::working_set_pack_a,5ae6e5d65542992ae0d163a1,"['A', 'B', 'C', 'D', 'E', 'F']","[1, 0, 0, 0, 1, 0]","[0.02984745241701603, -0.15574604272842407, 0.030634110793471336, 0.032490868121385574, 0.03183117136359215, 0.030942460522055626]","[0.02984745241701603, -0.15574604272842407, 0.030634110793471336, 0.032490868121385574, 0.03183117136359215, 0.030942460522055626]","[0.02984745241701603, -0.15574604272842407, 0.030634110793471336, 0.032490868121385574, 0.03183117136359215, 0.030942460522055626]",1,1,False,"['A', 'D']","['A', 'E']"
5ae6e5d65542992ae0d163a1::active_set_pack_a,5ae6e5d65542992ae0d163a1,"['A', 'B', 'C', 'D', 'E', 'F']","[1, 0, 0, 0, 1, 0]","[0.02615439146757126, -0.13500644266605377, 0.026267915964126587, 0.028049668297171593, 0.02803986147046089, 0.02649458684027195]","[0.02615439146757126, -0.13500644266605377, 0.026267915964126587, 0.028049668297171593, 0.02803986147046089, 0.02649458684027195]","[0.02615439146757126, -0.13500644266605377, 0.026267915964126587, 0.028049668297171593, 0.02803986147046089, 0.02649458684027195]",1,1,False,"['A', 'D']","['A', 'E']"
5ae6e5d65542992ae0d163a1::working_set_pack_b,5ae6e5d65542992ae0d163a1,"['A', 'B', 'C', 'D', 'E', 'F']","[1, 0, 0, 0, 1, 0]","[0.026952173560857773, -0.1461392045021057, 0.02902236394584179, 0.03110317513346672, 0.030146153643727303, 0.028915351256728172]","[-0.026952173560857773, 0.1461392045021057, -0.02902236394584179, -0.03110317513346672, -0.030146153643727303, -0.028915351256728172]","[0.026952173560857773, -0.1461392045021057, 0.02902236394584179, 0.03110317513346672, 0.030146153643727303, 0.028915351256728172]",1,-1,False,"['A', 'B']","['A', 'E']"
5ae6e5d65542992ae0d163a1::active_set_pack_b,5ae6e5d65542992ae0d163a1,"['A', 'B', 'C', 'D', 'E', 'F']","[1, 0, 0, 0, 1, 0]","[0.025891251862049103, -0.14078134298324585, 0.028412608429789543, 0.030265994369983673, 0.028386665508151054, 0.027824783697724342]","[0.025891251862049103, -0.14078134298324585, 0.028412608429789543, 0.030265994369983673, 0.028386665508151054, 0.027824783697724342]","[0.025891251862049103, -0.14078134298324585, 0.028412608429789543, 0.030265994369983673, 0.028386665508151054, 0.027824783697724342]",1,1,False,"['A', 'D']","['A', 'E']"
5abaebab55429939ce03dd66::working_set_pack_a,5abaebab55429939ce03dd66,"['A', 'B', 'C', 'D', 'E', 'F']","[1, 0, 0, 0, 1, 0]","[0.04696710780262947, -0.01878504641354084, -0.01899993233382702, -0.007427542936056852, 0.013140100054442883, -0.014894705265760422]","[0.04696710780262947, -0.01878504641354084, -0.01899993233382702, -0.007427542936056852, 0.013140100054442883, -0.014894705265760422]","[-0.04696710780262947, 0.01878504641354084, 0.01899993233382702, 0.007427542936056852, -0.013140100054442883, 0.014894705265760422]",-1,-1,True,"['A', 'E']","['A', 'E']"
5abaebab55429939ce03dd66::active_set_pack_a,5abaebab55429939ce03dd66,"['A', 'B', 'C', 'D', 'E', 'F']","[1, 0, 0, 0, 1, 0]","[0.047079380601644516, -0.01834852807223797, -0.018481731414794922, -0.007318443618714809, 0.011319952085614204, -0.014250636100769043]","[0.047079380601644516, -0.01834852807223797, -0.018481731414794922, -0.007318443618714809, 0.011319952085614204, -0.014250636100769043]","[-0.047079380601644516, 0.01834852807223797, 0.018481731414794922, 0.007318443618714809, -0.011319952085614204, 0.014250636100769043]",-1,-1,True,"['A', 'E']","['A', 'E']"
5abaebab55429939ce03dd66::working_set_pack_b,5abaebab55429939ce03dd66,"['A', 'B', 'C', 'D', 'E', 'F']","[1, 0, 0, 0, 1, 0]","[0.05472267419099808, -0.018642224371433258, -0.019575223326683044, -0.00962754711508751, 0.008628030307590961, -0.015505700372159481]","[0.05472267419099808, -0.018642224371433258, -0.019575223326683044, -0.00962754711508751, 0.008628030307590961, -0.015505700372159481]","[-0.05472267419099808, 0.018642224371433258, 0.019575223326683044, 0.00962754711508751, -0.008628030307590961, 0.015505700372159481]",-1,-1,True,"['A', 'E']","['A', 'E']"
5abaebab55429939ce03dd66::active_set_pack_b,5abaebab55429939ce03dd66,"['A', 'B', 'C', 'D', 'E', 'F']","[1, 0, 0, 0, 1, 0]","[0.05010668560862541, -0.018503323197364807, -0.01947668381035328, -0.009952210821211338, 0.012804471887648106, -0.014978948049247265]","[0.05010668560862541, -0.018503323197364807, -0.01947668381035328, -0.009952210821211338, 0.012804471887648106, -0.014978948049247265]","[-0.05010668560862541, 0.018503323197364807, 0.01947668381035328, 0.009952210821211338, -0.012804471887648106, 0.014978948049247265]",-1,-1,True,"['A', 'E']","['A', 'E']"
5ab9149d5542991b5579f0e6::working_set_pack_a,5ab9149d5542991b5579f0e6,"['A', 'B', 'C', 'D', 'E', 'F']","[0, 0, 0, 0, 1, 1]","[-0.022077053785324097, -0.015770653262734413, -0.02287343144416809, -0.020603716373443604, 0.014455401338636875, 0.06686944514513016]","[0.022077053785324097, 0.015770653262734413, 0.02287343144416809, 0.020603716373443604, -0.014455401338636875, -0.06686944514513016]","[0.022077053785324097, 0.015770653262734413, 0.02287343144416809, 0.020603716373443604, -0.014455401338636875, -0.06686944514513016]",-1,1,False,"['A', 'E']","['E', 'F']"
5ab9149d5542991b5579f0e6::active_set_pack_a,5ab9149d5542991b5579f0e6,"['A', 'B', 'C', 'D', 'E', 'F']","[0, 0, 0, 0, 1, 1]","[-0.021539680659770966, -0.014900261536240578, -0.021725622937083244, -0.019632581621408463, 0.011060377582907677, 0.06673777848482132]","[0.021539680659770966, 0.014900261536240578, 0.021725622937083244, 0.019632581621408463, -0.011060377582907677, -0.06673777848482132]","[0.021539680659770966, 0.014900261536240578, 0.021725622937083244, 0.019632581621408463, -0.011060377582907677, -0.06673777848482132]",-1,1,False,"['A', 'E']","['E', 'F']"
5ab9149d5542991b5579f0e6::working_set_pack_b,5ab9149d5542991b5579f0e6,"['A', 'B', 'C', 'D', 'E', 'F']","[0, 0, 0, 0, 1, 1]","[-0.021076492965221405, -0.013416743837296963, -0.021842122077941895, -0.019264301285147667, 0.013068757019937038, 0.06253090500831604]","[0.021076492965221405, 0.013416743837296963, 0.021842122077941895, 0.019264301285147667, -0.013068757019937038, -0.06253090500831604]","[0.021076492965221405, 0.013416743837296963, 0.021842122077941895, 0.019264301285147667, -0.013068757019937038, -0.06253090500831604]",-1,1,False,"['A', 'E']","['E', 'F']"
5ab9149d5542991b5579f0e6::active_set_pack_b,5ab9149d5542991b5579f0e6,"['A', 'B', 'C', 'D', 'E', 'F']","[0, 0, 0, 0, 1, 1]","[-0.02366398647427559, -0.01668994128704071, -0.02447328343987465, -0.02248387597501278, 0.013300176709890366, 0.07401090115308762]","[0.02366398647427559, 0.01668994128704071, 0.02447328343987465, 0.02248387597501278, -0.013300176709890366, -0.07401090115308762]","[0.02366398647427559, 0.01668994128704071, 0.02447328343987465, 0.02248387597501278, -0.013300176709890366, -0.07401090115308762]",-1,1,False,"['A', 'E']","['E', 'F']"
5add57e35542992200553ac2::working_set_pack_a,5add57e35542992200553ac2,"['A', 'B', 'C', 'D', 'E', 'F']","[0, 0, 0, 1, 0, 1]","[0.03392908722162247, 0.02586715668439865, 0.026972945779561996, 0.02346618101000786, -0.1418764591217041, 0.03164109215140343]","[0.03392908722162247, 0.02586715668439865, 0.026972945779561996, 0.02346618101000786, -0.1418764591217041, 0.03164109215140343]","[0.03392908722162247, 0.02586715668439865, 0.026972945779561996, 0.02346618101000786, -0.1418764591217041, 0.03164109215140343]",1,1,False,"['A', 'C']","['D', 'F']"
5add57e35542992200553ac2::active_set_pack_a,5add57e35542992200553ac2,"['A', 'B', 'C', 'D', 'E', 'F']","[0, 0, 0, 1, 0, 1]","[0.02924346923828125, 0.025692449882626534, 0.026691092178225517, 0.02266761288046837, -0.13371872901916504, 0.02942410483956337]","[0.02924346923828125, 0.025692449882626534, 0.026691092178225517, 0.02266761288046837, -0.13371872901916504, 0.02942410483956337]","[0.02924346923828125, 0.025692449882626534, 0.026691092178225517, 0.02266761288046837, -0.13371872901916504, 0.02942410483956337]",1,1,False,"['A', 'C']","['D', 'F']"
5add57e35542992200553ac2::working_set_pack_b,5add57e35542992200553ac2,"['A', 'B', 'C', 'D', 'E', 'F']","[0, 0, 0, 1, 0, 1]","[0.041329916566610336, 0.02405249886214733, 0.021012110635638237, 0.022150827571749687, -0.1429436206817627, 0.03439830243587494]","[0.041329916566610336, 0.02405249886214733, 0.021012110635638237, 0.022150827571749687, -0.1429436206817627, 0.03439830243587494]","[0.041329916566610336, 0.02405249886214733, 0.021012110635638237, 0.022150827571749687, -0.1429436206817627, 0.03439830243587494]",1,1,False,"['A', 'C']","['D', 'F']"
5add57e35542992200553ac2::active_set_pack_b,5add57e35542992200553ac2,"['A', 'B', 'C', 'D', 'E', 'F']","[0, 0, 0, 1, 0, 1]","[0.04030735045671463, 0.02490253373980522, 0.021618282422423363, 0.020812692120671272, -0.1433895379304886, 0.03574872761964798]","[0.04030735045671463, 0.02490253373980522, 0.021618282422423363, 0.020812692120671272, -0.1433895379304886, 0.03574872761964798]","[0.04030735045671463, 0.02490253373980522, 0.021618282422423363, 0.020812692120671272, -0.1433895379304886, 0.03574872761964798]",1,1,False,"['A', 'C']","['D', 'F']"
5a8fae775542992414482b3b::working_set_pack_a,5a8fae775542992414482b3b,"['A', 'B', 'C', 'D', 'E', 'F']","[1, 0, 1, 0, 0, 0]","[-0.011547637172043324, -0.017285285517573357, 0.06531047821044922, -0.007202961947768927, -0.017282450571656227, -0.0119921350851655]","[-0.011547637172043324, -0.017285285517573357, 0.06531047821044922, -0.007202961947768927, -0.017282450571656227, -0.0119921350851655]","[-0.011547637172043324, -0.017285285517573357, 0.06531047821044922, -0.007202961947768927, -0.017282450571656227, -0.0119921350851655]",1,1,True,"['A', 'C']","['A', 'C']"
5a8fae775542992414482b3b::active_set_pack_a,5a8fae775542992414482b3b,"['A', 'B', 'C', 'D', 'E', 'F']","[1, 0, 1, 0, 0, 0]","[-0.012199953198432922, -0.015065154992043972, 0.07568048685789108, -0.002109385095536709, -0.015580857172608376, -0.03072512522339821]","[-0.012199953198432922, -0.015065154992043972, 0.07568048685789108, -0.002109385095536709, -0.015580857172608376, -0.03072512522339821]","[-0.012199953198432922, -0.015065154992043972, 0.07568048685789108, -0.002109385095536709, -0.015580857172608376, -0.03072512522339821]",1,1,True,"['A', 'C']","['A', 'C']"
5a8fae775542992414482b3b::working_set_pack_b,5a8fae775542992414482b3b,"['A', 'B', 'C', 'D', 'E', 'F']","[1, 0, 1, 0, 0, 0]","[0.04673305153846741, 0.00023850997968111187, 0.0012416992103680968, 0.0024655526503920555, -0.0079523716121912, -0.04272646829485893]","[0.04673305153846741, 0.00023850997968111187, 0.0012416992103680968, 0.0024655526503920555, -0.0079523716121912, -0.04272646829485893]","[0.04673305153846741, 0.00023850997968111187, 0.0012416992103680968, 0.0024655526503920555, -0.0079523716121912, -0.04272646829485893]",1,1,True,"['A', 'C']","['A', 'C']"
5a8fae775542992414482b3b::active_set_pack_b,5a8fae775542992414482b3b,"['A', 'B', 'C', 'D', 'E', 'F']","[1, 0, 1, 0, 0, 0]","[-0.019288623705506325, -0.020414158701896667, 0.09642140567302704, -0.011255050078034401, -0.02280479483306408, -0.022658739238977432]","[-0.019288623705506325, -0.020414158701896667, 0.09642140567302704, -0.011255050078034401, -0.02280479483306408, -0.022658739238977432]","[-0.019288623705506325, -0.020414158701896667, 0.09642140567302704, -0.011255050078034401, -0.02280479483306408, -0.022658739238977432]",1,1,True,"['A', 'C']","['A', 'C']"
5ab71f385542993667793f41::working_set_pack_a,5ab71f385542993667793f41,"['A', 'B', 'C', 'D', 'E', 'F']","[1, 0, 0, 0, 0, 1]","[-0.03946639597415924, -0.030055120587348938, -0.03115488402545452, -0.024791071191430092, -0.031116308644413948, 0.1565837860107422]","[-0.03946639597415924, -0.030055120587348938, -0.03115488402545452, -0.024791071191430092, -0.031116308644413948, 0.1565837860107422]","[-0.03946639597415924, -0.030055120587348938, -0.03115488402545452, -0.024791071191430092, -0.031116308644413948, 0.1565837860107422]",1,1,True,"['A', 'F']","['A', 'F']"
5ab71f385542993667793f41::active_set_pack_a,5ab71f385542993667793f41,"['A', 'B', 'C', 'D', 'E', 'F']","[1, 0, 0, 0, 0, 1]","[-0.04381392523646355, -0.03341148421168327, -0.03457886353135109, -0.028496861457824707, -0.03458352014422417, 0.174884632229805]","[-0.04381392523646355, -0.03341148421168327, -0.03457886353135109, -0.028496861457824707, -0.03458352014422417, 0.174884632229805]","[-0.04381392523646355, -0.03341148421168327, -0.03457886353135109, -0.028496861457824707, -0.03458352014422417, 0.174884632229805]",1,1,True,"['A', 'F']","['A', 'F']"
5ab71f385542993667793f41::working_set_pack_b,5ab71f385542993667793f41,"['A', 'B', 'C', 'D', 'E', 'F']","[1, 0, 0, 0, 0, 1]","[-0.032270994037389755, -0.011529476381838322, -0.011990182101726532, -0.008808213286101818, -0.011374564841389656, 0.07597341388463974]","[-0.032270994037389755, -0.011529476381838322, -0.011990182101726532, -0.008808213286101818, -0.011374564841389656, 0.07597341388463974]","[-0.032270994037389755, -0.011529476381838322, -0.011990182101726532, -0.008808213286101818, -0.011374564841389656, 0.07597341388463974]",1,1,True,"['A', 'F']","['A', 'F']"
5ab71f385542993667793f41::active_set_pack_b,5ab71f385542993667793f41,"['A', 'B', 'C', 'D', 'E', 'F']","[1, 0, 0, 0, 0, 1]","[-0.04076780378818512, -0.029844194650650024, -0.030913079157471657, -0.023310495540499687, -0.030109824612736702, 0.15494541823863983]","[-0.04076780378818512, -0.029844194650650024, -0.030913079157471657, -0.023310495540499687, -0.030109824612736702, 0.15494541823863983]","[-0.04076780378818512, -0.029844194650650024, -0.030913079157471657, -0.023310495540499687, -0.030109824612736702, 0.15494541823863983]",1,1,True,"['A', 'F']","['A', 'F']"
5a7d9eb55542990b8f5039cd::working_set_pack_a,5a7d9eb55542990b8f5039cd,"['A', 'B', 'C', 'D', 'E', 'F']","[1, 1, 0, 0, 0, 0]","[0.029838845133781433, 0.0034874409902840853, -0.008771340362727642, -0.008260615170001984, -0.007038290612399578, -0.009256042540073395]","[0.029838845133781433, 0.0034874409902840853, -0.008771340362727642, -0.008260615170001984, -0.007038290612399578, -0.009256042540073395]","[-0.029838845133781433, -0.0034874409902840853, 0.008771340362727642, 0.008260615170001984, 0.007038290612399578, 0.009256042540073395]",-1,-1,True,"['A', 'B']","['A', 'B']"
5a7d9eb55542990b8f5039cd::active_set_pack_a,5a7d9eb55542990b8f5039cd,"['A', 'B', 'C', 'D', 'E', 'F']","[1, 1, 0, 0, 0, 0]","[0.030815571546554565, 0.0042489697225391865, -0.009537644684314728, -0.00869480986148119, -0.007424339652061462, -0.009407749399542809]","[0.030815571546554565, 0.0042489697225391865, -0.009537644684314728, -0.00869480986148119, -0.007424339652061462, -0.009407749399542809]","[-0.030815571546554565, -0.0042489697225391865, 0.009537644684314728, 0.00869480986148119, 0.007424339652061462, 0.009407749399542809]",-1,-1,True,"['A', 'B']","['A', 'B']"
5a7d9eb55542990b8f5039cd::working_set_pack_b,5a7d9eb55542990b8f5039cd,"['A', 'B', 'C', 'D', 'E', 'F']","[1, 1, 0, 0, 0, 0]","[0.024929145351052284, 0.017886856570839882, -0.012373799458146095, -0.011579392477869987, -0.009612731635570526, -0.009250081144273281]","[0.024929145351052284, 0.017886856570839882, -0.012373799458146095, -0.011579392477869987, -0.009612731635570526, -0.009250081144273281]","[-0.024929145351052284, -0.017886856570839882, 0.012373799458146095, 0.011579392477869987, 0.009612731635570526, 0.009250081144273281]",-1,-1,True,"['A', 'B']","['A', 'B']"
5a7d9eb55542990b8f5039cd::active_set_pack_b,5a7d9eb55542990b8f5039cd,"['A', 'B', 'C', 'D', 'E', 'F']","[1, 1, 0, 0, 0, 0]","[-0.008793770335614681, 0.0578400194644928, -0.014326471835374832, -0.014951535500586033, -0.012083867564797401, -0.007684340700507164]","[-0.008793770335614681, 0.0578400194644928, -0.014326471835374832, -0.014951535500586033, -0.012083867564797401, -0.007684340700507164]","[0.008793770335614681, -0.0578400194644928, 0.014326471835374832, 0.014951535500586033, 0.012083867564797401, 0.007684340700507164]",-1,-1,True,"['A', 'B']","['A', 'B']"
5ae5e2285542996de7b71a5a::working_set_pack_a,5ae5e2285542996de7b71a5a,"['A', 'B', 'C', 'D', 'E', 'F']","[0, 0, 1, 0, 0, 1]","[-0.10774806886911392, 0.22799398005008698, -0.10245625674724579, -0.10607796907424927, -0.08988650143146515, 0.17817489802837372]","[-0.10774806886911392, 0.22799398005008698, -0.10245625674724579, -0.10607796907424927, -0.08988650143146515, 0.17817489802837372]","[0.10774806886911392, -0.22799398005008698, 0.10245625674724579, 0.10607796907424927, 0.08988650143146515, -0.17817489802837372]",-1,-1,False,"['A', 'F']","['C', 'F']"
5ae5e2285542996de7b71a5a::active_set_pack_a,5ae5e2285542996de7b71a5a,"['A', 'B', 'C', 'D', 'E', 'F']","[0, 0, 1, 0, 0, 1]","[-0.11091563105583191, 0.2266954779624939, -0.10633204877376556, -0.10952165722846985, -0.1056220605969429, 0.2056959718465805]","[-0.11091563105583191, 0.2266954779624939, -0.10633204877376556, -0.10952165722846985, -0.1056220605969429, 0.2056959718465805]","[0.11091563105583191, -0.2266954779624939, 0.10633204877376556, 0.10952165722846985, 0.1056220605969429, -0.2056959718465805]",-1,-1,False,"['A', 'F']","['C', 'F']"
5ae5e2285542996de7b71a5a::working_set_pack_b,5ae5e2285542996de7b71a5a,"['A', 'B', 'C', 'D', 'E', 'F']","[0, 0, 1, 0, 0, 1]","[-0.10514111071825027, 0.2250443696975708, -0.10097947716712952, -0.10353950411081314, -0.09001178294420242, 0.17462751269340515]","[-0.10514111071825027, 0.2250443696975708, -0.10097947716712952, -0.10353950411081314, -0.09001178294420242, 0.17462751269340515]","[0.10514111071825027, -0.2250443696975708, 0.10097947716712952, 0.10353950411081314, 0.09001178294420242, -0.17462751269340515]",-1,-1,False,"['A', 'B']","['C', 'F']"
5ae5e2285542996de7b71a5a::active_set_pack_b,5ae5e2285542996de7b71a5a,"['A', 'B', 'C', 'D', 'E', 'F']","[0, 0, 1, 0, 0, 1]","[-0.09477400034666061, 0.18861357867717743, -0.08993711322546005, -0.0931735560297966, -0.06320132315158844, 0.15247246623039246]","[-0.09477400034666061, 0.18861357867717743, -0.08993711322546005, -0.0931735560297966, -0.06320132315158844, 0.15247246623039246]","[0.09477400034666061, -0.18861357867717743, 0.08993711322546005, 0.0931735560297966, 0.06320132315158844, -0.15247246623039246]",-1,-1,False,"['A', 'B']","['C', 'F']"
5ac13d745542991316484a91::working_set_pack_a,5ac13d745542991316484a91,"['A', 'B', 'C', 'D', 'E', 'F']","[1, 0, 1, 0, 0, 0]","[0.019775545224547386, 0.007240836508572102, 0.0022223875857889652, 0.008921116590499878, -0.045903876423835754, 0.007744003087282181]","[0.019775545224547386, 0.007240836508572102, 0.0022223875857889652, 0.008921116590499878, -0.045903876423835754, 0.007744003087282181]","[0.019775545224547386, 0.007240836508572102, 0.0022223875857889652, 0.008921116590499878, -0.045903876423835754, 0.007744003087282181]",1,1,True,"['A', 'C']","['A', 'C']"
5ac13d745542991316484a91::active_set_pack_a,5ac13d745542991316484a91,"['A', 'B', 'C', 'D', 'E', 'F']","[1, 0, 1, 0, 0, 0]","[0.02187320962548256, 0.007031996734440327, 0.00045590486843138933, 0.008808878250420094, -0.04557483643293381, 0.007404825650155544]","[0.02187320962548256, 0.007031996734440327, 0.00045590486843138933, 0.008808878250420094, -0.04557483643293381, 0.007404825650155544]","[0.02187320962548256, 0.007031996734440327, 0.00045590486843138933, 0.008808878250420094, -0.04557483643293381, 0.007404825650155544]",1,1,True,"['A', 'C']","['A', 'C']"
5ac13d745542991316484a91::working_set_pack_b,5ac13d745542991316484a91,"['A', 'B', 'C', 'D', 'E', 'F']","[1, 0, 1, 0, 0, 0]","[0.03892287239432335, 0.0009540214668959379, -0.0037503442727029324, 0.0018557242583483458, -0.03886741027235985, 0.0008851439924910665]","[0.03892287239432335, 0.0009540214668959379, -0.0037503442727029324, 0.0018557242583483458, -0.03886741027235985, 0.0008851439924910665]","[0.03892287239432335, 0.0009540214668959379, -0.0037503442727029324, 0.0018557242583483458, -0.03886741027235985, 0.0008851439924910665]",1,1,True,"['A', 'C']","['A', 'C']"
5ac13d745542991316484a91::active_set_pack_b,5ac13d745542991316484a91,"['A', 'B', 'C', 'D', 'E', 'F']","[1, 0, 1, 0, 0, 0]","[0.01761479862034321, 0.0077838231809437275, 0.00965670682489872, 0.0105050103738904, -0.054843273013830185, 0.009282919578254223]","[0.01761479862034321, 0.0077838231809437275, 0.00965670682489872, 0.0105050103738904, -0.054843273013830185, 0.009282919578254223]","[0.01761479862034321, 0.0077838231809437275, 0.00965670682489872, 0.0105050103738904, -0.054843273013830185, 0.009282919578254223]",1,1,True,"['A', 'C']","['A', 'C']"
5a7d24f1554299452d57bb21::working_set_pack_a,5a7d24f1554299452d57bb21,"['A', 'B', 'C', 'D', 'E', 'F']","[0, 0, 1, 0, 0, 1]","[-0.003326061647385359, -0.010834963992238045, -0.01086481660604477, -0.004826366435736418, -0.005864516366273165, 0.03571672365069389]","[-0.003326061647385359, -0.010834963992238045, -0.01086481660604477, -0.004826366435736418, -0.005864516366273165, 0.03571672365069389]","[0.003326061647385359, 0.010834963992238045, 0.01086481660604477, 0.004826366435736418, 0.005864516366273165, -0.03571672365069389]",-1,-1,False,"['A', 'F']","['C', 'F']"
5a7d24f1554299452d57bb21::active_set_pack_a,5a7d24f1554299452d57bb21,"['A', 'B', 'C', 'D', 'E', 'F']","[0, 0, 1, 0, 0, 1]","[-0.0020510945469141006, -0.010883091948926449, -0.012445456348359585, -0.004378264769911766, -0.005547899287194014, 0.035305801779031754]","[0.0020510945469141006, 0.010883091948926449, 0.012445456348359585, 0.004378264769911766, 0.005547899287194014, -0.035305801779031754]","[0.0020510945469141006, 0.010883091948926449, 0.012445456348359585, 0.004378264769911766, 0.005547899287194014, -0.035305801779031754]",-1,1,False,"['A', 'D']","['C', 'F']"
5a7d24f1554299452d57bb21::working_set_pack_b,5a7d24f1554299452d57bb21,"['A', 'B', 'C', 'D', 'E', 'F']","[0, 0, 1, 0, 0, 1]","[-0.038758955895900726, 0.008832762017846107, 0.0036352467723190784, 0.007396601606160402, 0.008233939297497272, 0.010660406202077866]","[0.038758955895900726, -0.008832762017846107, -0.0036352467723190784, -0.007396601606160402, -0.008233939297497272, -0.010660406202077866]","[-0.038758955895900726, 0.008832762017846107, 0.0036352467723190784, 0.007396601606160402, 0.008233939297497272, 0.010660406202077866]",1,-1,False,"['A', 'D']","['C', 'F']"
5a7d24f1554299452d57bb21::active_set_pack_b,5a7d24f1554299452d57bb21,"['A', 'B', 'C', 'D', 'E', 'F']","[0, 0, 1, 0, 0, 1]","[-0.03647930175065994, 0.01121056079864502, 0.005330964922904968, 0.006763974204659462, 0.008654472418129444, 0.004519338253885508]","[0.03647930175065994, -0.01121056079864502, -0.005330964922904968, -0.006763974204659462, -0.008654472418129444, -0.004519338253885508]","[-0.03647930175065994, 0.01121056079864502, 0.005330964922904968, 0.006763974204659462, 0.008654472418129444, 0.004519338253885508]",1,-1,False,"['A', 'C']","['C', 'F']"
5ac28a21554299677310256e::working_set_pack_a,5ac28a21554299677310256e,"['A', 'B', 'C', 'D', 'E', 'F']","[0, 1, 0, 0, 1, 0]","[-0.016711758449673653, 0.057348866015672684, -0.014644423499703407, -0.007713638246059418, -0.004046272020787001, -0.014232780784368515]","[-0.016711758449673653, 0.057348866015672684, -0.014644423499703407, -0.007713638246059418, -0.004046272020787001, -0.014232780784368515]","[0.016711758449673653, -0.057348866015672684, 0.014644423499703407, 0.007713638246059418, 0.004046272020787001, 0.014232780784368515]",-1,-1,False,"['A', 'B']","['B', 'E']"
5ac28a21554299677310256e::active_set_pack_a,5ac28a21554299677310256e,"['A', 'B', 'C', 'D', 'E', 'F']","[0, 1, 0, 0, 1, 0]","[-0.018245739862322807, 0.06439598649740219, -0.015914177522063255, -0.009692026302218437, -0.005039987154304981, -0.015504062175750732]","[-0.018245739862322807, 0.06439598649740219, -0.015914177522063255, -0.009692026302218437, -0.005039987154304981, -0.015504062175750732]","[0.018245739862322807, -0.06439598649740219, 0.015914177522063255, 0.009692026302218437, 0.005039987154304981, 0.015504062175750732]",-1,-1,False,"['A', 'B']","['B', 'E']"
5ac28a21554299677310256e::working_set_pack_b,5ac28a21554299677310256e,"['A', 'B', 'C', 'D', 'E', 'F']","[0, 1, 0, 0, 1, 0]","[-0.020961906760931015, 0.07880102843046188, -0.019842471927404404, -0.006988713052123785, -0.012171695940196514, -0.018836233764886856]","[-0.020961906760931015, 0.07880102843046188, -0.019842471927404404, -0.006988713052123785, -0.012171695940196514, -0.018836233764886856]","[0.020961906760931015, -0.07880102843046188, 0.019842471927404404, 0.006988713052123785, 0.012171695940196514, 0.018836233764886856]",-1,-1,False,"['A', 'B']","['B', 'E']"
5ac28a21554299677310256e::active_set_pack_b,5ac28a21554299677310256e,"['A', 'B', 'C', 'D', 'E', 'F']","[0, 1, 0, 0, 1, 0]","[-0.025435835123062134, 0.09468794614076614, -0.023713724687695503, -0.008668823167681694, -0.014427212998270988, -0.022442352026700974]","[-0.025435835123062134, 0.09468794614076614, -0.023713724687695503, -0.008668823167681694, -0.014427212998270988, -0.022442352026700974]","[0.025435835123062134, -0.09468794614076614, 0.023713724687695503, 0.008668823167681694, 0.014427212998270988, 0.022442352026700974]",-1,-1,False,"['A', 'B']","['B', 'E']"
5a8f11fd554299458435d544::working_set_pack_a,5a8f11fd554299458435d544,"['A', 'B', 'C', 'D', 'E', 'F']","[0, 0, 0, 1, 1, 0]","[-0.0600150041282177, -0.037381865084171295, -0.0443679504096508, 0.229085311293602, -0.04214336723089218, -0.04517718777060509]","[-0.0600150041282177, -0.037381865084171295, -0.0443679504096508, 0.229085311293602, -0.04214336723089218, -0.04517718777060509]","[-0.0600150041282177, -0.037381865084171295, -0.0443679504096508, 0.229085311293602, -0.04214336723089218, -0.04517718777060509]",1,1,False,"['A', 'D']","['D', 'E']"
5a8f11fd554299458435d544::active_set_pack_a,5a8f11fd554299458435d544,"['A', 'B', 'C', 'D', 'E', 'F']","[0, 0, 0, 1, 1, 0]","[-0.06658666580915451, -0.04165983945131302, -0.0480695441365242, 0.251071959733963, -0.04580918699502945, -0.04894663020968437]","[-0.06658666580915451, -0.04165983945131302, -0.0480695441365242, 0.251071959733963, -0.04580918699502945, -0.04894663020968437]","[-0.06658666580915451, -0.04165983945131302, -0.0480695441365242, 0.251071959733963, -0.04580918699502945, -0.04894663020968437]",1,1,False,"['A', 'D']","['D', 'E']"
5a8f11fd554299458435d544::working_set_pack_b,5a8f11fd554299458435d544,"['A', 'B', 'C', 'D', 'E', 'F']","[0, 0, 0, 1, 1, 0]","[-0.1722439080476761, 0.03176035359501839, 0.03166551515460014, 0.04653938487172127, 0.031045278534293175, 0.031233370304107666]","[0.1722439080476761, -0.03176035359501839, -0.03166551515460014, -0.04653938487172127, -0.031045278534293175, -0.031233370304107666]","[-0.1722439080476761, 0.03176035359501839, 0.03166551515460014, 0.04653938487172127, 0.031045278534293175, 0.031233370304107666]",1,-1,False,"['A', 'D']","['D', 'E']"
5a8f11fd554299458435d544::active_set_pack_b,5a8f11fd554299458435d544,"['A', 'B', 'C', 'D', 'E', 'F']","[0, 0, 0, 1, 1, 0]","[-0.20053741335868835, 0.03346814587712288, 0.03281145542860031, 0.06973094493150711, 0.032134462147951126, 0.03239242359995842]","[0.20053741335868835, -0.03346814587712288, -0.03281145542860031, -0.06973094493150711, -0.032134462147951126, -0.03239242359995842]","[-0.20053741335868835, 0.03346814587712288, 0.03281145542860031, 0.06973094493150711, 0.032134462147951126, 0.03239242359995842]",1,-1,False,"['A', 'D']","['D', 'E']"
5abef2365542997ec76fd397::working_set_pack_a,5abef2365542997ec76fd397,"['A', 'B', 'C', 'D', 'E', 'F']","[1, 0, 0, 1, 0, 0]","[0.041588034480810165, -0.20419788360595703, 0.04152993485331535, 0.0427454449236393, 0.04032699391245842, 0.03800748288631439]","[0.041588034480810165, -0.20419788360595703, 0.04152993485331535, 0.0427454449236393, 0.04032699391245842, 0.03800748288631439]","[0.041588034480810165, -0.20419788360595703, 0.04152993485331535, 0.0427454449236393, 0.04032699391245842, 0.03800748288631439]",1,1,True,"['A', 'D']","['A', 'D']"
5abef2365542997ec76fd397::active_set_pack_a,5abef2365542997ec76fd397,"['A', 'B', 'C', 'D', 'E', 'F']","[1, 0, 0, 1, 0, 0]","[0.036578573286533356, -0.17987796664237976, 0.036907345056533813, 0.03815748915076256, 0.03533397614955902, 0.03290066123008728]","[0.036578573286533356, -0.17987796664237976, 0.036907345056533813, 0.03815748915076256, 0.03533397614955902, 0.03290066123008728]","[0.036578573286533356, -0.17987796664237976, 0.036907345056533813, 0.03815748915076256, 0.03533397614955902, 0.03290066123008728]",1,1,True,"['A', 'D']","['A', 'D']"
5abef2365542997ec76fd397::working_set_pack_b,5abef2365542997ec76fd397,"['A', 'B', 'C', 'D', 'E', 'F']","[1, 0, 0, 1, 0, 0]","[0.03940436989068985, -0.20090916752815247, 0.04099863022565842, 0.042583055794239044, 0.039864882826805115, 0.038058239966630936]","[0.03940436989068985, -0.20090916752815247, 0.04099863022565842, 0.042583055794239044, 0.039864882826805115, 0.038058239966630936]","[0.03940436989068985, -0.20090916752815247, 0.04099863022565842, 0.042583055794239044, 0.039864882826805115, 0.038058239966630936]",1,1,True,"['A', 'D']","['A', 'D']"
5abef2365542997ec76fd397::active_set_pack_b,5abef2365542997ec76fd397,"['A', 'B', 'C', 'D', 'E', 'F']","[1, 0, 0, 1, 0, 0]","[0.02685745619237423, -0.14920839667320251, 0.03174801915884018, 0.03367641195654869, 0.029968583956360817, 0.02695797011256218]","[0.02685745619237423, -0.14920839667320251, 0.03174801915884018, 0.03367641195654869, 0.029968583956360817, 0.02695797011256218]","[0.02685745619237423, -0.14920839667320251, 0.03174801915884018, 0.03367641195654869, 0.029968583956360817, 0.02695797011256218]",1,1,True,"['A', 'D']","['A', 'D']"
5a78d1bd55429974737f78bd::working_set_pack_a,5a78d1bd55429974737f78bd,"['A', 'B', 'C', 'D', 'E', 'F']","[0, 0, 0, 1, 1, 0]","[0.019797377288341522, -0.07516255974769592, 0.017429646104574203, 0.011601799167692661, 0.008474161848425865, 0.01785953901708126]","[-0.019797377288341522, 0.07516255974769592, -0.017429646104574203, -0.011601799167692661, -0.008474161848425865, -0.01785953901708126]","[0.019797377288341522, -0.07516255974769592, 0.017429646104574203, 0.011601799167692661, 0.008474161848425865, 0.01785953901708126]",1,-1,False,"['A', 'B']","['D', 'E']"
5a78d1bd55429974737f78bd::active_set_pack_a,5a78d1bd55429974737f78bd,"['A', 'B', 'C', 'D', 'E', 'F']","[0, 0, 0, 1, 1, 0]","[0.017799705266952515, -0.06647258251905441, 0.016597779467701912, 0.009469397366046906, 0.00581688666716218, 0.016788851469755173]","[-0.017799705266952515, 0.06647258251905441, -0.016597779467701912, -0.009469397366046906, -0.00581688666716218, -0.016788851469755173]","[0.017799705266952515, -0.06647258251905441, 0.016597779467701912, 0.009469397366046906, 0.00581688666716218, 0.016788851469755173]",1,-1,False,"['A', 'B']","['D', 'E']"
5a78d1bd55429974737f78bd::working_set_pack_b,5a78d1bd55429974737f78bd,"['A', 'B', 'C', 'D', 'E', 'F']","[0, 0, 0, 1, 1, 0]","[0.019897211343050003, -0.07374373823404312, 0.01648605428636074, 0.010803001932799816, 0.009734846651554108, 0.016822613775730133]","[-0.019897211343050003, 0.07374373823404312, -0.01648605428636074, -0.010803001932799816, -0.009734846651554108, -0.016822613775730133]","[0.019897211343050003, -0.07374373823404312, 0.01648605428636074, 0.010803001932799816, 0.009734846651554108, 0.016822613775730133]",1,-1,False,"['A', 'B']","['D', 'E']"
5a78d1bd55429974737f78bd::active_set_pack_b,5a78d1bd55429974737f78bd,"['A', 'B', 'C', 'D', 'E', 'F']","[0, 0, 0, 1, 1, 0]","[0.019957825541496277, -0.067500539124012, 0.01583717204630375, 0.008379114791750908, 0.008140426129102707, 0.015186012722551823]","[-0.019957825541496277, 0.067500539124012, -0.01583717204630375, -0.008379114791750908, -0.008140426129102707, -0.015186012722551823]","[0.019957825541496277, -0.067500539124012, 0.01583717204630375, 0.008379114791750908, 0.008140426129102707, 0.015186012722551823]",1,-1,False,"['A', 'B']","['D', 'E']"
5abdb9125542993f32c2a018::working_set_pack_a,5abdb9125542993f32c2a018,"['A', 'B', 'C', 'D', 'E', 'F']","[0, 0, 1, 1, 0, 0]","[0.01510319672524929, 0.016516605392098427, 0.021760394796729088, 0.020254196599125862, 0.015401539392769337, -0.08903595060110092]","[-0.01510319672524929, -0.016516605392098427, -0.021760394796729088, -0.020254196599125862, -0.015401539392769337, 0.08903595060110092]","[0.01510319672524929, 0.016516605392098427, 0.021760394796729088, 0.020254196599125862, 0.015401539392769337, -0.08903595060110092]",1,-1,False,"['A', 'F']","['C', 'D']"
5abdb9125542993f32c2a018::active_set_pack_a,5abdb9125542993f32c2a018,"['A', 'B', 'C', 'D', 'E', 'F']","[0, 0, 1, 1, 0, 0]","[0.012106465175747871, 0.012778843753039837, 0.019529158249497414, 0.01685972511768341, 0.011525175534188747, -0.07279936224222183]","[0.012106465175747871, 0.012778843753039837, 0.019529158249497414, 0.01685972511768341, 0.011525175534188747, -0.07279936224222183]","[0.012106465175747871, 0.012778843753039837, 0.019529158249497414, 0.01685972511768341, 0.011525175534188747, -0.07279936224222183]",1,1,False,"['A', 'D']","['C', 'D']"
5abdb9125542993f32c2a018::working_set_pack_b,5abdb9125542993f32c2a018,"['A', 'B', 'C', 'D', 'E', 'F']","[0, 0, 1, 1, 0, 0]","[0.022401899099349976, 0.024424009025096893, 0.029669638723134995, 0.029762886464595795, 0.024375690147280693, -0.13063408434391022]","[-0.022401899099349976, -0.024424009025096893, -0.029669638723134995, -0.029762886464595795, -0.024375690147280693, 0.13063408434391022]","[0.022401899099349976, 0.024424009025096893, 0.029669638723134995, 0.029762886464595795, 0.024375690147280693, -0.13063408434391022]",1,-1,False,"['A', 'F']","['C', 'D']"
5abdb9125542993f32c2a018::active_set_pack_b,5abdb9125542993f32c2a018,"['A', 'B', 'C', 'D', 'E', 'F']","[0, 0, 1, 1, 0, 0]","[0.025521883741021156, 0.024931002408266068, 0.033322010189294815, 0.03363436833024025, 0.02715231664478779, -0.14456157386302948]","[-0.025521883741021156, -0.024931002408266068, -0.033322010189294815, -0.03363436833024025, -0.02715231664478779, 0.14456157386302948]","[0.025521883741021156, 0.024931002408266068, 0.033322010189294815, 0.03363436833024025, 0.02715231664478779, -0.14456157386302948]",1,-1,False,"['A', 'F']","['C', 'D']"
5a745eb055429979e2882928::working_set_pack_a,5a745eb055429979e2882928,"['A', 'B', 'C', 'D', 'E', 'F']","[0, 0, 0, 1, 0, 1]","[-0.08396352827548981, -0.08256140351295471, -0.07600325345993042, 0.40600472688674927, -0.08164456486701965, -0.08183200657367706]","[-0.08396352827548981, -0.08256140351295471, -0.07600325345993042, 0.40600472688674927, -0.08164456486701965, -0.08183200657367706]","[-0.08396352827548981, -0.08256140351295471, -0.07600325345993042, 0.40600472688674927, -0.08164456486701965, -0.08183200657367706]",1,1,False,"['A', 'D']","['D', 'F']"
5a745eb055429979e2882928::active_set_pack_a,5a745eb055429979e2882928,"['A', 'B', 'C', 'D', 'E', 'F']","[0, 0, 0, 1, 0, 1]","[-0.09165583550930023, -0.09060444682836533, -0.08417981117963791, 0.4462408721446991, -0.0899571105837822, -0.0898437574505806]","[-0.09165583550930023, -0.09060444682836533, -0.08417981117963791, 0.4462408721446991, -0.0899571105837822, -0.0898437574505806]","[-0.09165583550930023, -0.09060444682836533, -0.08417981117963791, 0.4462408721446991, -0.0899571105837822, -0.0898437574505806]",1,1,False,"['A', 'D']","['D', 'F']"
5a745eb055429979e2882928::working_set_pack_b,5a745eb055429979e2882928,"['A', 'B', 'C', 'D', 'E', 'F']","[0, 0, 0, 1, 0, 1]","[-0.04839746281504631, -0.04566322639584541, -0.040178194642066956, 0.22223339974880219, -0.04377524182200432, -0.044219277799129486]","[-0.04839746281504631, -0.04566322639584541, -0.040178194642066956, 0.22223339974880219, -0.04377524182200432, -0.044219277799129486]","[-0.04839746281504631, -0.04566322639584541, -0.040178194642066956, 0.22223339974880219, -0.04377524182200432, -0.044219277799129486]",1,1,False,"['A', 'D']","['D', 'F']"
5a745eb055429979e2882928::active_set_pack_b,5a745eb055429979e2882928,"['A', 'B', 'C', 'D', 'E', 'F']","[0, 0, 0, 1, 0, 1]","[-0.1018599271774292, -0.10158982872962952, -0.0930960476398468, 0.4979945719242096, -0.10072153806686401, -0.1007271483540535]","[-0.1018599271774292, -0.10158982872962952, -0.0930960476398468, 0.4979945719242096, -0.10072153806686401, -0.1007271483540535]","[-0.1018599271774292, -0.10158982872962952, -0.0930960476398468, 0.4979945719242096, -0.10072153806686401, -0.1007271483540535]",1,1,False,"['A', 'D']","['D', 'F']"
5ab7f030554299366779405a::working_set_pack_a,5ab7f030554299366779405a,"['A', 'B', 'C', 'D', 'E', 'F']","[1, 1, 0, 0, 0, 0]","[0.015942571684718132, 0.029004165902733803, -0.010476330295205116, -0.012792233377695084, -0.010805854573845863, -0.01087230909615755]","[0.015942571684718132, 0.029004165902733803, -0.010476330295205116, -0.012792233377695084, -0.010805854573845863, -0.01087230909615755]","[-0.015942571684718132, -0.029004165902733803, 0.010476330295205116, 0.012792233377695084, 0.010805854573845863, 0.01087230909615755]",-1,-1,False,"['A', 'C']","['A', 'B']"
5ab7f030554299366779405a::active_set_pack_a,5ab7f030554299366779405a,"['A', 'B', 'C', 'D', 'E', 'F']","[1, 1, 0, 0, 0, 0]","[0.025242101401090622, 0.01723264716565609, -0.009720240719616413, -0.011002106592059135, -0.008459270000457764, -0.013293133117258549]","[0.025242101401090622, 0.01723264716565609, -0.009720240719616413, -0.011002106592059135, -0.008459270000457764, -0.013293133117258549]","[-0.025242101401090622, -0.01723264716565609, 0.009720240719616413, 0.011002106592059135, 0.008459270000457764, 0.013293133117258549]",-1,-1,False,"['A', 'C']","['A', 'B']"
5ab7f030554299366779405a::working_set_pack_b,5ab7f030554299366779405a,"['A', 'B', 'C', 'D', 'E', 'F']","[1, 1, 0, 0, 0, 0]","[0.04085632041096687, 0.0028166049160063267, -0.011580284684896469, -0.010820242576301098, -0.007973844185471535, -0.013298548758029938]","[0.04085632041096687, 0.0028166049160063267, -0.011580284684896469, -0.010820242576301098, -0.007973844185471535, -0.013298548758029938]","[-0.04085632041096687, -0.0028166049160063267, 0.011580284684896469, 0.010820242576301098, 0.007973844185471535, 0.013298548758029938]",-1,-1,True,"['A', 'B']","['A', 'B']"
5ab7f030554299366779405a::active_set_pack_b,5ab7f030554299366779405a,"['A', 'B', 'C', 'D', 'E', 'F']","[1, 1, 0, 0, 0, 0]","[0.03601927310228348, 0.004520093556493521, -0.009745188988745213, -0.010328245349228382, -0.007001983467489481, -0.013463952578604221]","[0.03601927310228348, 0.004520093556493521, -0.009745188988745213, -0.010328245349228382, -0.007001983467489481, -0.013463952578604221]","[-0.03601927310228348, -0.004520093556493521, 0.009745188988745213, 0.010328245349228382, 0.007001983467489481, 0.013463952578604221]",-1,-1,True,"['A', 'B']","['A', 'B']"
5a90bd6555429933b8a205cf::working_set_pack_a,5a90bd6555429933b8a205cf,"['A', 'B', 'C', 'D', 'E', 'F']","[0, 1, 0, 0, 0, 1]","[0.013640569522976875, -0.0027738260105252266, 0.0066329981200397015, 0.007348720449954271, -0.19308297336101532, 0.16823448240756989]","[-0.013640569522976875, 0.0027738260105252266, -0.0066329981200397015, -0.007348720449954271, 0.19308297336101532, -0.16823448240756989]","[-0.013640569522976875, 0.0027738260105252266, -0.0066329981200397015, -0.007348720449954271, 0.19308297336101532, -0.16823448240756989]",-1,1,False,"['A', 'E']","['B', 'F']"
5a90bd6555429933b8a205cf::active_set_pack_a,5a90bd6555429933b8a205cf,"['A', 'B', 'C', 'D', 'E', 'F']","[0, 1, 0, 0, 0, 1]","[0.018579600378870964, 0.006755179725587368, 0.011727271601557732, 0.012423212639987469, -0.21537314355373383, 0.16588784754276276]","[-0.018579600378870964, -0.006755179725587368, -0.011727271601557732, -0.012423212639987469, 0.21537314355373383, -0.16588784754276276]","[-0.018579600378870964, -0.006755179725587368, -0.011727271601557732, -0.012423212639987469, 0.21537314355373383, -0.16588784754276276]",-1,1,False,"['A', 'E']","['B', 'F']"
5a90bd6555429933b8a205cf::working_set_pack_b,5a90bd6555429933b8a205cf,"['A', 'B', 'C', 'D', 'E', 'F']","[0, 1, 0, 0, 0, 1]","[-0.029170822352170944, -0.021187473088502884, -0.030883580446243286, -0.029591165482997894, -0.08414473384618759, 0.1949777752161026]","[0.029170822352170944, 0.021187473088502884, 0.030883580446243286, 0.029591165482997894, 0.08414473384618759, -0.1949777752161026]","[0.029170822352170944, 0.021187473088502884, 0.030883580446243286, 0.029591165482997894, 0.08414473384618759, -0.1949777752161026]",-1,1,False,"['A', 'E']","['B', 'F']"
5a90bd6555429933b8a205cf::active_set_pack_b,5a90bd6555429933b8a205cf,"['A', 'B', 'C', 'D', 'E', 'F']","[0, 1, 0, 0, 0, 1]","[0.0850219652056694, 0.06285098940134048, 0.07640312612056732, 0.07781664282083511, -0.40455856919288635, 0.10246579349040985]","[-0.0850219652056694, -0.06285098940134048, -0.07640312612056732, -0.07781664282083511, 0.40455856919288635, -0.10246579349040985]","[0.0850219652056694, 0.06285098940134048, 0.07640312612056732, 0.07781664282083511, -0.40455856919288635, 0.10246579349040985]",1,-1,False,"['A', 'E']","['B', 'F']"
5ab433675542991751b4d6e6::working_set_pack_a,5ab433675542991751b4d6e6,"['A', 'B', 'C', 'D', 'E', 'F']","[0, 1, 1, 0, 0, 0]","[-0.035017117857933044, 0.03680548071861267, -0.006490632425993681, -0.0018592715496197343, 0.0055915904231369495, 0.0009699579095467925]","[-0.035017117857933044, 0.03680548071861267, -0.006490632425993681, -0.0018592715496197343, 0.0055915904231369495, 0.0009699579095467925]","[-0.035017117857933044, 0.03680548071861267, -0.006490632425993681, -0.0018592715496197343, 0.0055915904231369495, 0.0009699579095467925]",1,1,False,"['A', 'B']","['B', 'C']"
5ab433675542991751b4d6e6::active_set_pack_a,5ab433675542991751b4d6e6,"['A', 'B', 'C', 'D', 'E', 'F']","[0, 1, 1, 0, 0, 0]","[-0.029189256951212883, 0.0463697649538517, -0.009099975228309631, -0.005513323936611414, 0.0003682095848489553, -0.00293540395796299]","[-0.029189256951212883, 0.0463697649538517, -0.009099975228309631, -0.005513323936611414, 0.0003682095848489553, -0.00293540395796299]","[-0.029189256951212883, 0.0463697649538517, -0.009099975228309631, -0.005513323936611414, 0.0003682095848489553, -0.00293540395796299]",1,1,False,"['A', 'B']","['B', 'C']"
5ab433675542991751b4d6e6::working_set_pack_b,5ab433675542991751b4d6e6,"['A', 'B', 'C', 'D', 'E', 'F']","[0, 1, 1, 0, 0, 0]","[-0.03419971466064453, 0.06449693441390991, -0.010187430307269096, -0.010201018303632736, -0.002914086449891329, -0.0069946530275046825]","[-0.03419971466064453, 0.06449693441390991, -0.010187430307269096, -0.010201018303632736, -0.002914086449891329, -0.0069946530275046825]","[-0.03419971466064453, 0.06449693441390991, -0.010187430307269096, -0.010201018303632736, -0.002914086449891329, -0.0069946530275046825]",1,1,False,"['A', 'B']","['B', 'C']"
5ab433675542991751b4d6e6::active_set_pack_b,5ab433675542991751b4d6e6,"['A', 'B', 'C', 'D', 'E', 'F']","[0, 1, 1, 0, 0, 0]","[-0.027268938720226288, 0.09219930320978165, -0.016405407339334488, -0.018331460654735565, -0.014409231022000313, -0.01578432135283947]","[-0.027268938720226288, 0.09219930320978165, -0.016405407339334488, -0.018331460654735565, -0.014409231022000313, -0.01578432135283947]","[0.027268938720226288, -0.09219930320978165, 0.016405407339334488, 0.018331460654735565, 0.014409231022000313, 0.01578432135283947]",-1,-1,False,"['A', 'B']","['B', 'C']"
5ac47249554299194317399c::working_set_pack_a,5ac47249554299194317399c,"['A', 'B', 'C', 'D', 'E', 'F']","[1, 0, 0, 0, 1, 0]","[-0.04853313788771629, -0.043294720351696014, -0.04227098822593689, -0.04817979782819748, 0.228657528758049, -0.046378813683986664]","[-0.04853313788771629, -0.043294720351696014, -0.04227098822593689, -0.04817979782819748, 0.228657528758049, -0.046378813683986664]","[0.04853313788771629, 0.043294720351696014, 0.04227098822593689, 0.04817979782819748, -0.228657528758049, 0.046378813683986664]",-1,-1,True,"['A', 'E']","['A', 'E']"
5ac47249554299194317399c::active_set_pack_a,5ac47249554299194317399c,"['A', 'B', 'C', 'D', 'E', 'F']","[1, 0, 0, 0, 1, 0]","[-0.04675034061074257, -0.04259876534342766, -0.04169147089123726, -0.047044508159160614, 0.22312305867671967, -0.04503796622157097]","[-0.04675034061074257, -0.04259876534342766, -0.04169147089123726, -0.047044508159160614, 0.22312305867671967, -0.04503796622157097]","[0.04675034061074257, 0.04259876534342766, 0.04169147089123726, 0.047044508159160614, -0.22312305867671967, 0.04503796622157097]",-1,-1,True,"['A', 'E']","['A', 'E']"
5ac47249554299194317399c::working_set_pack_b,5ac47249554299194317399c,"['A', 'B', 'C', 'D', 'E', 'F']","[1, 0, 0, 0, 1, 0]","[-0.03804449737071991, -0.03168566897511482, -0.0318443737924099, -0.03661621734499931, 0.17150095105171204, -0.03331013768911362]","[-0.03804449737071991, -0.03168566897511482, -0.0318443737924099, -0.03661621734499931, 0.17150095105171204, -0.03331013768911362]","[0.03804449737071991, 0.03168566897511482, 0.0318443737924099, 0.03661621734499931, -0.17150095105171204, 0.03331013768911362]",-1,-1,True,"['A', 'E']","['A', 'E']"
5ac47249554299194317399c::active_set_pack_b,5ac47249554299194317399c,"['A', 'B', 'C', 'D', 'E', 'F']","[1, 0, 0, 0, 1, 0]","[-0.042100779712200165, -0.037503570318222046, -0.0375509150326252, -0.04215529188513756, 0.20115311443805695, -0.041842684149742126]","[-0.042100779712200165, -0.037503570318222046, -0.0375509150326252, -0.04215529188513756, 0.20115311443805695, -0.041842684149742126]","[0.042100779712200165, 0.037503570318222046, 0.0375509150326252, 0.04215529188513756, -0.20115311443805695, 0.041842684149742126]",-1,-1,True,"['A', 'E']","['A', 'E']"
5aba04fb55429939ce03dc54::working_set_pack_a,5aba04fb55429939ce03dc54,"['A', 'B', 'C', 'D', 'E', 'F']","[0, 0, 1, 0, 1, 0]","[-0.006716479081660509, -0.013947509229183197, 0.050839368253946304, -0.012700259685516357, -0.013628971762955189, -0.003846141742542386]","[0.006716479081660509, 0.013947509229183197, -0.050839368253946304, 0.012700259685516357, 0.013628971762955189, 0.003846141742542386]","[0.006716479081660509, 0.013947509229183197, -0.050839368253946304, 0.012700259685516357, 0.013628971762955189, 0.003846141742542386]",-1,1,False,"['A', 'B']","['C', 'E']"
5aba04fb55429939ce03dc54::active_set_pack_a,5aba04fb55429939ce03dc54,"['A', 'B', 'C', 'D', 'E', 'F']","[0, 0, 1, 0, 1, 0]","[-0.00790688581764698, -0.012669002637267113, 0.05110817775130272, -0.013524019159376621, -0.011942368000745773, -0.005065912380814552]","[0.00790688581764698, 0.012669002637267113, -0.05110817775130272, 0.013524019159376621, 0.011942368000745773, 0.005065912380814552]","[0.00790688581764698, 0.012669002637267113, -0.05110817775130272, 0.013524019159376621, 0.011942368000745773, 0.005065912380814552]",-1,1,False,"['A', 'B']","['C', 'E']"
5aba04fb55429939ce03dc54::working_set_pack_b,5aba04fb55429939ce03dc54,"['A', 'B', 'C', 'D', 'E', 'F']","[0, 0, 1, 0, 1, 0]","[-0.004197406582534313, -0.014044597744941711, 0.04360734298825264, -0.011630778200924397, -0.008719133213162422, -0.005015438888221979]","[0.004197406582534313, 0.014044597744941711, -0.04360734298825264, 0.011630778200924397, 0.008719133213162422, 0.005015438888221979]","[0.004197406582534313, 0.014044597744941711, -0.04360734298825264, 0.011630778200924397, 0.008719133213162422, 0.005015438888221979]",-1,1,False,"['A', 'B']","['C', 'E']"
5aba04fb55429939ce03dc54::active_set_pack_b,5aba04fb55429939ce03dc54,"['A', 'B', 'C', 'D', 'E', 'F']","[0, 0, 1, 0, 1, 0]","[0.01851244829595089, -0.08568675071001053, 0.019391397014260292, 0.0186166875064373, 0.010991639457643032, 0.0181745495647192]","[-0.01851244829595089, 0.08568675071001053, -0.019391397014260292, -0.0186166875064373, -0.010991639457643032, -0.0181745495647192]","[0.01851244829595089, -0.08568675071001053, 0.019391397014260292, 0.0186166875064373, 0.010991639457643032, 0.0181745495647192]",1,-1,False,"['A', 'B']","['C', 'E']"
5a79f2185542996a35c1703d::working_set_pack_a,5a79f2185542996a35c1703d,"['A', 'B', 'C', 'D', 'E', 'F']","[1, 1, 0, 0, 0, 0]","[0.040625542402267456, 0.007397892419248819, 0.0011793982703238726, -0.0088431341573596, -0.041534673422575, 0.0011749736731871963]","[0.040625542402267456, 0.007397892419248819, 0.0011793982703238726, -0.0088431341573596, -0.041534673422575, 0.0011749736731871963]","[-0.040625542402267456, -0.007397892419248819, -0.0011793982703238726, 0.0088431341573596, 0.041534673422575, -0.0011749736731871963]",-1,-1,False,"['A', 'D']","['A', 'B']"
5a79f2185542996a35c1703d::active_set_pack_a,5a79f2185542996a35c1703d,"['A', 'B', 'C', 'D', 'E', 'F']","[1, 1, 0, 0, 0, 0]","[0.04660849645733833, 0.006345588713884354, -0.004045173060148954, -0.010536192916333675, -0.03493066877126694, -0.0034420378506183624]","[0.04660849645733833, 0.006345588713884354, -0.004045173060148954, -0.010536192916333675, -0.03493066877126694, -0.0034420378506183624]","[-0.04660849645733833, -0.006345588713884354, 0.004045173060148954, 0.010536192916333675, 0.03493066877126694, 0.0034420378506183624]",-1,-1,False,"['A', 'D']","['A', 'B']"
5a79f2185542996a35c1703d::working_set_pack_b,5a79f2185542996a35c1703d,"['A', 'B', 'C', 'D', 'E', 'F']","[1, 1, 0, 0, 0, 0]","[0.053984735161066055, 0.0036818673834204674, -0.013666428625583649, -0.011565307155251503, -0.020041493698954582, -0.012393373996019363]","[0.053984735161066055, 0.0036818673834204674, -0.013666428625583649, -0.011565307155251503, -0.020041493698954582, -0.012393373996019363]","[-0.053984735161066055, -0.0036818673834204674, 0.013666428625583649, 0.011565307155251503, 0.020041493698954582, 0.012393373996019363]",-1,-1,True,"['A', 'B']","['A', 'B']"
5a79f2185542996a35c1703d::active_set_pack_b,5a79f2185542996a35c1703d,"['A', 'B', 'C', 'D', 'E', 'F']","[1, 1, 0, 0, 0, 0]","[0.05245543271303177, 0.004099456127732992, -0.01584663987159729, -0.011250857263803482, -0.015326582826673985, -0.014130806550383568]","[0.05245543271303177, 0.004099456127732992, -0.01584663987159729, -0.011250857263803482, -0.015326582826673985, -0.014130806550383568]","[-0.05245543271303177, -0.004099456127732992, 0.01584663987159729, 0.011250857263803482, 0.015326582826673985, 0.014130806550383568]",-1,-1,False,"['A', 'D']","['A', 'B']"
5ae0925e55429945ae9593c9::working_set_pack_a,5ae0925e55429945ae9593c9,"['A', 'B', 'C', 'D', 'E', 'F']","[0, 1, 1, 0, 0, 0]","[-0.03036937490105629, -0.03185087442398071, 0.1634320765733719, -0.03536836430430412, -0.033801112323999405, -0.032042331993579865]","[-0.03036937490105629, -0.03185087442398071, 0.1634320765733719, -0.03536836430430412, -0.033801112323999405, -0.032042331993579865]","[0.03036937490105629, 0.03185087442398071, -0.1634320765733719, 0.03536836430430412, 0.033801112323999405, 0.032042331993579865]",-1,-1,False,"['A', 'C']","['B', 'C']"
5ae0925e55429945ae9593c9::active_set_pack_a,5ae0925e55429945ae9593c9,"['A', 'B', 'C', 'D', 'E', 'F']","[0, 1, 1, 0, 0, 0]","[-0.02703033946454525, -0.028749698773026466, 0.14683036506175995, -0.032013215124607086, -0.030167048797011375, -0.02887018956243992]","[-0.02703033946454525, -0.028749698773026466, 0.14683036506175995, -0.032013215124607086, -0.030167048797011375, -0.02887018956243992]","[0.02703033946454525, 0.028749698773026466, -0.14683036506175995, 0.032013215124607086, 0.030167048797011375, 0.02887018956243992]",-1,-1,False,"['A', 'C']","['B', 'C']"
5ae0925e55429945ae9593c9::working_set_pack_b,5ae0925e55429945ae9593c9,"['A', 'B', 'C', 'D', 'E', 'F']","[0, 1, 1, 0, 0, 0]","[-0.0303973201662302, -0.03114144690334797, 0.15537624061107635, -0.032968588173389435, -0.03101400099694729, -0.02985493279993534]","[-0.0303973201662302, -0.03114144690334797, 0.15537624061107635, -0.032968588173389435, -0.03101400099694729, -0.02985493279993534]","[0.0303973201662302, 0.03114144690334797, -0.15537624061107635, 0.032968588173389435, 0.03101400099694729, 0.02985493279993534]",-1,-1,False,"['A', 'C']","['B', 'C']"
5ae0925e55429945ae9593c9::active_set_pack_b,5ae0925e55429945ae9593c9,"['A', 'B', 'C', 'D', 'E', 'F']","[0, 1, 1, 0, 0, 0]","[-0.03120017796754837, -0.029064558446407318, 0.14980201423168182, -0.031766626983881, -0.029801547527313232, -0.027969151735305786]","[0.03120017796754837, 0.029064558446407318, -0.14980201423168182, 0.031766626983881, 0.029801547527313232, 0.027969151735305786]","[0.03120017796754837, 0.029064558446407318, -0.14980201423168182, 0.031766626983881, 0.029801547527313232, 0.027969151735305786]",-1,1,False,"['A', 'B']","['B', 'C']"
5a7f165b55429934daa2fccd::working_set_pack_a,5a7f165b55429934daa2fccd,"['A', 'B', 'C', 'D', 'E', 'F']","[0, 0, 0, 1, 1, 0]","[-0.009675337001681328, -0.023713339120149612, -0.02008533477783203, 0.036379653960466385, 0.03485751152038574, -0.017763197422027588]","[-0.009675337001681328, -0.023713339120149612, -0.02008533477783203, 0.036379653960466385, 0.03485751152038574, -0.017763197422027588]","[0.009675337001681328, 0.023713339120149612, 0.02008533477783203, -0.036379653960466385, -0.03485751152038574, 0.017763197422027588]",-1,-1,False,"['A', 'D']","['D', 'E']"
5a7f165b55429934daa2fccd::active_set_pack_a,5a7f165b55429934daa2fccd,"['A', 'B', 'C', 'D', 'E', 'F']","[0, 0, 0, 1, 1, 0]","[-0.009923484176397324, -0.028148150071501732, -0.019758740440011024, 0.04265923798084259, 0.03273602947592735, -0.017564894631505013]","[-0.009923484176397324, -0.028148150071501732, -0.019758740440011024, 0.04265923798084259, 0.03273602947592735, -0.017564894631505013]","[0.009923484176397324, 0.028148150071501732, 0.019758740440011024, -0.04265923798084259, -0.03273602947592735, 0.017564894631505013]",-1,-1,False,"['A', 'E']","['D', 'E']"
5a7f165b55429934daa2fccd::working_set_pack_b,5a7f165b55429934daa2fccd,"['A', 'B', 'C', 'D', 'E', 'F']","[0, 0, 0, 1, 1, 0]","[-0.008961709216237068, -0.027934081852436066, -0.01939569227397442, 0.026602206751704216, 0.046491581946611404, -0.01680230163037777]","[-0.008961709216237068, -0.027934081852436066, -0.01939569227397442, 0.026602206751704216, 0.046491581946611404, -0.01680230163037777]","[0.008961709216237068, 0.027934081852436066, 0.01939569227397442, -0.026602206751704216, -0.046491581946611404, 0.01680230163037777]",-1,-1,False,"['A', 'E']","['D', 'E']"
5a7f165b55429934daa2fccd::active_set_pack_b,5a7f165b55429934daa2fccd,"['A', 'B', 'C', 'D', 'E', 'F']","[0, 0, 0, 1, 1, 0]","[-0.011633448302745819, -0.0225874874740839, -0.02215662971138954, 0.014484340324997902, 0.06067377328872681, -0.018780557438731194]","[-0.011633448302745819, -0.0225874874740839, -0.02215662971138954, 0.014484340324997902, 0.06067377328872681, -0.018780557438731194]","[0.011633448302745819, 0.0225874874740839, 0.02215662971138954, -0.014484340324997902, -0.06067377328872681, 0.018780557438731194]",-1,-1,False,"['A', 'E']","['D', 'E']"
5a8ba62d554299240d9c205c::working_set_pack_a,5a8ba62d554299240d9c205c,"['A', 'B', 'C', 'D', 'E', 'F']","[0, 1, 1, 0, 0, 0]","[-0.035218894481658936, 0.18393582105636597, -0.04042861983180046, -0.03697281330823898, -0.034969575703144073, -0.03634597361087799]","[-0.035218894481658936, 0.18393582105636597, -0.04042861983180046, -0.03697281330823898, -0.034969575703144073, -0.03634597361087799]","[0.035218894481658936, -0.18393582105636597, 0.04042861983180046, 0.03697281330823898, 0.034969575703144073, 0.03634597361087799]",-1,-1,False,"['A', 'B']","['B', 'C']"
5a8ba62d554299240d9c205c::active_set_pack_a,5a8ba62d554299240d9c205c,"['A', 'B', 'C', 'D', 'E', 'F']","[0, 1, 1, 0, 0, 0]","[-0.036106906831264496, 0.18991149961948395, -0.041828613728284836, -0.037932924926280975, -0.03672301396727562, -0.037320081144571304]","[-0.036106906831264496, 0.18991149961948395, -0.041828613728284836, -0.037932924926280975, -0.03672301396727562, -0.037320081144571304]","[0.036106906831264496, -0.18991149961948395, 0.041828613728284836, 0.037932924926280975, 0.03672301396727562, 0.037320081144571304]",-1,-1,False,"['A', 'B']","['B', 'C']"
5a8ba62d554299240d9c205c::working_set_pack_b,5a8ba62d554299240d9c205c,"['A', 'B', 'C', 'D', 'E', 'F']","[0, 1, 1, 0, 0, 0]","[-0.030271710827946663, 0.17001500725746155, -0.03846890851855278, -0.03426988422870636, -0.03348473459482193, -0.03351979702711105]","[-0.030271710827946663, 0.17001500725746155, -0.03846890851855278, -0.03426988422870636, -0.03348473459482193, -0.03351979702711105]","[0.030271710827946663, -0.17001500725746155, 0.03846890851855278, 0.03426988422870636, 0.03348473459482193, 0.03351979702711105]",-1,-1,False,"['A', 'B']","['B', 'C']"
5a8ba62d554299240d9c205c::active_set_pack_b,5a8ba62d554299240d9c205c,"['A', 'B', 'C', 'D', 'E', 'F']","[0, 1, 1, 0, 0, 0]","[-0.026404060423374176, 0.15471157431602478, -0.03508204594254494, -0.03197940066456795, -0.030380262061953545, -0.030865797773003578]","[-0.026404060423374176, 0.15471157431602478, -0.03508204594254494, -0.03197940066456795, -0.030380262061953545, -0.030865797773003578]","[0.026404060423374176, -0.15471157431602478, 0.03508204594254494, 0.03197940066456795, 0.030380262061953545, 0.030865797773003578]",-1,-1,False,"['A', 'B']","['B', 'C']"
5ae6053c55429929b0807a60::working_set_pack_a,5ae6053c55429929b0807a60,"['A', 'B', 'C', 'D', 'E', 'F']","[0, 1, 0, 1, 0, 0]","[0.01731017231941223, 0.016666119918227196, -0.0019035092554986477, 0.009120174683630466, -0.044694580137729645, 0.003501631785184145]","[0.01731017231941223, 0.016666119918227196, -0.0019035092554986477, 0.009120174683630466, -0.044694580137729645, 0.003501631785184145]","[0.01731017231941223, 0.016666119918227196, -0.0019035092554986477, 0.009120174683630466, -0.044694580137729645, 0.003501631785184145]",1,1,False,"['A', 'B']","['B', 'D']"
5ae6053c55429929b0807a60::active_set_pack_a,5ae6053c55429929b0807a60,"['A', 'B', 'C', 'D', 'E', 'F']","[0, 1, 0, 1, 0, 0]","[0.022287555038928986, 0.011621683835983276, -0.0025814399123191833, 0.008080295287072659, -0.04223007336258888, 0.002821966540068388]","[0.022287555038928986, 0.011621683835983276, -0.0025814399123191833, 0.008080295287072659, -0.04223007336258888, 0.002821966540068388]","[0.022287555038928986, 0.011621683835983276, -0.0025814399123191833, 0.008080295287072659, -0.04223007336258888, 0.002821966540068388]",1,1,False,"['A', 'B']","['B', 'D']"
5ae6053c55429929b0807a60::working_set_pack_b,5ae6053c55429929b0807a60,"['A', 'B', 'C', 'D', 'E', 'F']","[0, 1, 0, 1, 0, 0]","[0.01130054984241724, 0.010857115499675274, 0.004048118833452463, 0.01257147453725338, -0.044650960713624954, 0.005873705260455608]","[0.01130054984241724, 0.010857115499675274, 0.004048118833452463, 0.01257147453725338, -0.044650960713624954, 0.005873705260455608]","[0.01130054984241724, 0.010857115499675274, 0.004048118833452463, 0.01257147453725338, -0.044650960713624954, 0.005873705260455608]",1,1,False,"['A', 'B']","['B', 'D']"
5ae6053c55429929b0807a60::active_set_pack_b,5ae6053c55429929b0807a60,"['A', 'B', 'C', 'D', 'E', 'F']","[0, 1, 0, 1, 0, 0]","[-0.011657909490168095, 0.07103856652975082, -0.015015283599495888, -0.008333378471434116, -0.0234023779630661, -0.012629611417651176]","[-0.011657909490168095, 0.07103856652975082, -0.015015283599495888, -0.008333378471434116, -0.0234023779630661, -0.012629611417651176]","[-0.011657909490168095, 0.07103856652975082, -0.015015283599495888, -0.008333378471434116, -0.0234023779630661, -0.012629611417651176]",1,1,False,"['A', 'B']","['B', 'D']"
5ae42a195542995ad6573d0e::working_set_pack_a,5ae42a195542995ad6573d0e,"['A', 'B', 'C', 'D', 'E', 'F']","[1, 0, 0, 0, 1, 0]","[0.08228534460067749, -0.016277402639389038, -0.016291119158267975, -0.01732546277344227, -0.013357658870518208, -0.019033702090382576]","[0.08228534460067749, -0.016277402639389038, -0.016291119158267975, -0.01732546277344227, -0.013357658870518208, -0.019033702090382576]","[0.08228534460067749, -0.016277402639389038, -0.016291119158267975, -0.01732546277344227, -0.013357658870518208, -0.019033702090382576]",1,1,True,"['A', 'E']","['A', 'E']"
5ae42a195542995ad6573d0e::active_set_pack_a,5ae42a195542995ad6573d0e,"['A', 'B', 'C', 'D', 'E', 'F']","[1, 0, 0, 0, 1, 0]","[0.07958973199129105, -0.015457217581570148, -0.015514166094362736, -0.016964301466941833, -0.01387710776180029, -0.017776956781744957]","[0.07958973199129105, -0.015457217581570148, -0.015514166094362736, -0.016964301466941833, -0.01387710776180029, -0.017776956781744957]","[0.07958973199129105, -0.015457217581570148, -0.015514166094362736, -0.016964301466941833, -0.01387710776180029, -0.017776956781744957]",1,1,True,"['A', 'E']","['A', 'E']"
5ae42a195542995ad6573d0e::working_set_pack_b,5ae42a195542995ad6573d0e,"['A', 'B', 'C', 'D', 'E', 'F']","[1, 0, 0, 0, 1, 0]","[0.08832976222038269, -0.017673149704933167, -0.017893074080348015, -0.019694464281201363, -0.012537075206637383, -0.020531969144940376]","[0.08832976222038269, -0.017673149704933167, -0.017893074080348015, -0.019694464281201363, -0.012537075206637383, -0.020531969144940376]","[0.08832976222038269, -0.017673149704933167, -0.017893074080348015, -0.019694464281201363, -0.012537075206637383, -0.020531969144940376]",1,1,True,"['A', 'E']","['A', 'E']"
5ae42a195542995ad6573d0e::active_set_pack_b,5ae42a195542995ad6573d0e,"['A', 'B', 'C', 'D', 'E', 'F']","[1, 0, 0, 0, 1, 0]","[0.06411600857973099, -0.016513878479599953, -0.013613704591989517, -0.0171381626278162, 3.9206392102641985e-05, -0.016889462247490883]","[0.06411600857973099, -0.016513878479599953, -0.013613704591989517, -0.0171381626278162, 3.9206392102641985e-05, -0.016889462247490883]","[-0.06411600857973099, 0.016513878479599953, 0.013613704591989517, 0.0171381626278162, -3.9206392102641985e-05, 0.016889462247490883]",-1,-1,True,"['A', 'E']","['A', 'E']"
5ae1aed65542997f29b3c0ff::working_set_pack_a,5ae1aed65542997f29b3c0ff,"['A', 'B', 'C', 'D', 'E', 'F']","[1, 0, 0, 0, 0, 1]","[-0.03397807478904724, -0.02612675540149212, -0.027747366577386856, -0.02185499109327793, -0.024705199524760246, 0.13441237807273865]","[-0.03397807478904724, -0.02612675540149212, -0.027747366577386856, -0.02185499109327793, -0.024705199524760246, 0.13441237807273865]","[-0.03397807478904724, -0.02612675540149212, -0.027747366577386856, -0.02185499109327793, -0.024705199524760246, 0.13441237807273865]",1,1,True,"['A', 'F']","['A', 'F']"
5ae1aed65542997f29b3c0ff::active_set_pack_a,5ae1aed65542997f29b3c0ff,"['A', 'B', 'C', 'D', 'E', 'F']","[1, 0, 0, 0, 0, 1]","[-0.030237974599003792, -0.02078002505004406, -0.02254391647875309, -0.01874525472521782, -0.01817067340016365, 0.11047787219285965]","[-0.030237974599003792, -0.02078002505004406, -0.02254391647875309, -0.01874525472521782, -0.01817067340016365, 0.11047787219285965]","[-0.030237974599003792, -0.02078002505004406, -0.02254391647875309, -0.01874525472521782, -0.01817067340016365, 0.11047787219285965]",1,1,True,"['A', 'F']","['A', 'F']"
5ae1aed65542997f29b3c0ff::working_set_pack_b,5ae1aed65542997f29b3c0ff,"['A', 'B', 'C', 'D', 'E', 'F']","[1, 0, 0, 0, 0, 1]","[-0.03699466958642006, -0.026419995352625847, -0.029179874807596207, -0.028188267722725868, -0.02625875174999237, 0.14704158902168274]","[-0.03699466958642006, -0.026419995352625847, -0.029179874807596207, -0.028188267722725868, -0.02625875174999237, 0.14704158902168274]","[-0.03699466958642006, -0.026419995352625847, -0.029179874807596207, -0.028188267722725868, -0.02625875174999237, 0.14704158902168274]",1,1,True,"['A', 'F']","['A', 'F']"
5ae1aed65542997f29b3c0ff::active_set_pack_b,5ae1aed65542997f29b3c0ff,"['A', 'B', 'C', 'D', 'E', 'F']","[1, 0, 0, 0, 0, 1]","[-0.0685722827911377, -0.0657314881682396, -0.06922098249197006, -0.0649649128317833, -0.05586623027920723, 0.32435595989227295]","[-0.0685722827911377, -0.0657314881682396, -0.06922098249197006, -0.0649649128317833, -0.05586623027920723, 0.32435595989227295]","[-0.0685722827911377, -0.0657314881682396, -0.06922098249197006, -0.0649649128317833, -0.05586623027920723, 0.32435595989227295]",1,1,True,"['A', 'F']","['A', 'F']"
5a7c75a655429935c91b51c4::working_set_pack_a,5a7c75a655429935c91b51c4,"['A', 'B', 'C', 'D', 'E', 'F']","[0, 1, 1, 0, 0, 0]","[-0.04028521105647087, -0.003496311604976654, 0.017849210649728775, 0.010501306504011154, 0.00599193898960948, 0.00943906418979168]","[0.04028521105647087, 0.003496311604976654, -0.017849210649728775, -0.010501306504011154, -0.00599193898960948, -0.00943906418979168]","[-0.04028521105647087, -0.003496311604976654, 0.017849210649728775, 0.010501306504011154, 0.00599193898960948, 0.00943906418979168]",1,-1,False,"['A', 'C']","['B', 'C']"
5a7c75a655429935c91b51c4::active_set_pack_a,5a7c75a655429935c91b51c4,"['A', 'B', 'C', 'D', 'E', 'F']","[0, 1, 1, 0, 0, 0]","[-0.038563940674066544, -0.005277950316667557, 0.022152896970510483, 0.009547141380608082, 0.004234767984598875, 0.007907088845968246]","[0.038563940674066544, 0.005277950316667557, -0.022152896970510483, -0.009547141380608082, -0.004234767984598875, -0.007907088845968246]","[-0.038563940674066544, -0.005277950316667557, 0.022152896970510483, 0.009547141380608082, 0.004234767984598875, 0.007907088845968246]",1,-1,False,"['A', 'C']","['B', 'C']"
5a7c75a655429935c91b51c4::working_set_pack_b,5a7c75a655429935c91b51c4,"['A', 'B', 'C', 'D', 'E', 'F']","[0, 1, 1, 0, 0, 0]","[-0.04547128453850746, -0.004747380502521992, 0.01612517423927784, 0.013349149376153946, 0.00879750121384859, 0.01194683462381363]","[0.04547128453850746, 0.004747380502521992, -0.01612517423927784, -0.013349149376153946, -0.00879750121384859, -0.01194683462381363]","[-0.04547128453850746, -0.004747380502521992, 0.01612517423927784, 0.013349149376153946, 0.00879750121384859, 0.01194683462381363]",1,-1,False,"['A', 'C']","['B', 'C']"
5a7c75a655429935c91b51c4::active_set_pack_b,5a7c75a655429935c91b51c4,"['A', 'B', 'C', 'D', 'E', 'F']","[0, 1, 1, 0, 0, 0]","[-0.04996025934815407, -0.006071131210774183, 0.022350259125232697, 0.016352105885744095, 0.00662483973428607, 0.010704184882342815]","[0.04996025934815407, 0.006071131210774183, -0.022350259125232697, -0.016352105885744095, -0.00662483973428607, -0.010704184882342815]","[-0.04996025934815407, -0.006071131210774183, 0.022350259125232697, 0.016352105885744095, 0.00662483973428607, 0.010704184882342815]",1,-1,False,"['A', 'C']","['B', 'C']"
5a76c0d3554299373536019f::working_set_pack_a,5a76c0d3554299373536019f,"['A', 'B', 'C', 'D', 'E', 'F']","[0, 1, 0, 0, 0, 1]","[0.03192167356610298, 0.017750468105077744, 0.03512975201010704, -0.1543736457824707, 0.02669134922325611, 0.04288041964173317]","[0.03192167356610298, 0.017750468105077744, 0.03512975201010704, -0.1543736457824707, 0.02669134922325611, 0.04288041964173317]","[0.03192167356610298, 0.017750468105077744, 0.03512975201010704, -0.1543736457824707, 0.02669134922325611, 0.04288041964173317]",1,1,False,"['A', 'F']","['B', 'F']"
5a76c0d3554299373536019f::active_set_pack_a,5a76c0d3554299373536019f,"['A', 'B', 'C', 'D', 'E', 'F']","[0, 1, 0, 0, 0, 1]","[0.030935732647776604, 0.0172371007502079, 0.034497883170843124, -0.15124529600143433, 0.02580410987138748, 0.04277044162154198]","[0.030935732647776604, 0.0172371007502079, 0.034497883170843124, -0.15124529600143433, 0.02580410987138748, 0.04277044162154198]","[0.030935732647776604, 0.0172371007502079, 0.034497883170843124, -0.15124529600143433, 0.02580410987138748, 0.04277044162154198]",1,1,False,"['A', 'F']","['B', 'F']"
5a76c0d3554299373536019f::working_set_pack_b,5a76c0d3554299373536019f,"['A', 'B', 'C', 'D', 'E', 'F']","[0, 1, 0, 0, 0, 1]","[0.03695853799581528, 0.01598965935409069, 0.041328903287649155, -0.17116065323352814, 0.032990507781505585, 0.04389304295182228]","[0.03695853799581528, 0.01598965935409069, 0.041328903287649155, -0.17116065323352814, 0.032990507781505585, 0.04389304295182228]","[0.03695853799581528, 0.01598965935409069, 0.041328903287649155, -0.17116065323352814, 0.032990507781505585, 0.04389304295182228]",1,1,False,"['A', 'B']","['B', 'F']"
5a76c0d3554299373536019f::active_set_pack_b,5a76c0d3554299373536019f,"['A', 'B', 'C', 'D', 'E', 'F']","[0, 1, 0, 0, 0, 1]","[0.04545779153704643, 0.012387687340378761, 0.04933211952447891, -0.19921723008155823, 0.04221102595329285, 0.0498286634683609]","[0.04545779153704643, 0.012387687340378761, 0.04933211952447891, -0.19921723008155823, 0.04221102595329285, 0.0498286634683609]","[0.04545779153704643, 0.012387687340378761, 0.04933211952447891, -0.19921723008155823, 0.04221102595329285, 0.0498286634683609]",1,1,False,"['A', 'F']","['B', 'F']"
5a8b1fc955429971feec4643::working_set_pack_a,5a8b1fc955429971feec4643,"['A', 'B', 'C', 'D', 'E', 'F']","[1, 1, 0, 0, 0, 0]","[0.09352714568376541, -0.01697295717895031, -0.016778118908405304, -0.022235438227653503, -0.015406977385282516, -0.02213367633521557]","[0.09352714568376541, -0.01697295717895031, -0.016778118908405304, -0.022235438227653503, -0.015406977385282516, -0.02213367633521557]","[-0.09352714568376541, 0.01697295717895031, 0.016778118908405304, 0.022235438227653503, 0.015406977385282516, 0.02213367633521557]",-1,-1,True,"['A', 'B']","['A', 'B']"
5a8b1fc955429971feec4643::active_set_pack_a,5a8b1fc955429971feec4643,"['A', 'B', 'C', 'D', 'E', 'F']","[1, 1, 0, 0, 0, 0]","[0.0797172486782074, -0.0138773825019598, -0.013647270388901234, -0.019654521718621254, -0.012982368469238281, -0.01955573633313179]","[0.0797172486782074, -0.0138773825019598, -0.013647270388901234, -0.019654521718621254, -0.012982368469238281, -0.01955573633313179]","[-0.0797172486782074, 0.0138773825019598, 0.013647270388901234, 0.019654521718621254, 0.012982368469238281, 0.01955573633313179]",-1,-1,True,"['A', 'B']","['A', 'B']"
5a8b1fc955429971feec4643::working_set_pack_b,5a8b1fc955429971feec4643,"['A', 'B', 'C', 'D', 'E', 'F']","[1, 1, 0, 0, 0, 0]","[0.08558259159326553, -0.014811147935688496, -0.014926373958587646, -0.02079886384308338, -0.014187532477080822, -0.02085868827998638]","[0.08558259159326553, -0.014811147935688496, -0.014926373958587646, -0.02079886384308338, -0.014187532477080822, -0.02085868827998638]","[-0.08558259159326553, 0.014811147935688496, 0.014926373958587646, 0.02079886384308338, 0.014187532477080822, 0.02085868827998638]",-1,-1,True,"['A', 'B']","['A', 'B']"
5a8b1fc955429971feec4643::active_set_pack_b,5a8b1fc955429971feec4643,"['A', 'B', 'C', 'D', 'E', 'F']","[1, 1, 0, 0, 0, 0]","[0.08647990971803665, -0.01409068237990141, -0.014661827124655247, -0.021375786513090134, -0.014785129576921463, -0.021566463634371758]","[0.08647990971803665, -0.01409068237990141, -0.014661827124655247, -0.021375786513090134, -0.014785129576921463, -0.021566463634371758]","[-0.08647990971803665, 0.01409068237990141, 0.014661827124655247, 0.021375786513090134, 0.014785129576921463, 0.021566463634371758]",-1,-1,True,"['A', 'B']","['A', 'B']"
5a8add645542992d82986fb5::working_set_pack_a,5a8add645542992d82986fb5,"['A', 'B', 'C', 'D', 'E', 'F']","[0, 0, 0, 1, 0, 1]","[-0.06869678944349289, 0.014526745304465294, 0.012898404151201248, 0.011046572588384151, 0.01220326591283083, 0.018021799623966217]","[0.06869678944349289, -0.014526745304465294, -0.012898404151201248, -0.011046572588384151, -0.01220326591283083, -0.018021799623966217]","[0.06869678944349289, -0.014526745304465294, -0.012898404151201248, -0.011046572588384151, -0.01220326591283083, -0.018021799623966217]",-1,1,False,"['A', 'F']","['D', 'F']"
5a8add645542992d82986fb5::active_set_pack_a,5a8add645542992d82986fb5,"['A', 'B', 'C', 'D', 'E', 'F']","[0, 0, 0, 1, 0, 1]","[-0.06322082132101059, 0.012747235596179962, 0.01190204918384552, 0.009773493744432926, 0.009738164022564888, 0.019059868529438972]","[0.06322082132101059, -0.012747235596179962, -0.01190204918384552, -0.009773493744432926, -0.009738164022564888, -0.019059868529438972]","[0.06322082132101059, -0.012747235596179962, -0.01190204918384552, -0.009773493744432926, -0.009738164022564888, -0.019059868529438972]",-1,1,False,"['A', 'F']","['D', 'F']"
5a8add645542992d82986fb5::working_set_pack_b,5a8add645542992d82986fb5,"['A', 'B', 'C', 'D', 'E', 'F']","[0, 0, 0, 1, 0, 1]","[-0.02240885980427265, 0.02468390017747879, 0.0086749829351902, 0.012812351807951927, -0.036463867872953415, 0.012701490893959999]","[0.02240885980427265, -0.02468390017747879, -0.0086749829351902, -0.012812351807951927, 0.036463867872953415, -0.012701490893959999]","[-0.02240885980427265, 0.02468390017747879, 0.0086749829351902, 0.012812351807951927, -0.036463867872953415, 0.012701490893959999]",1,-1,False,"['A', 'F']","['D', 'F']"
5a8add645542992d82986fb5::active_set_pack_b,5a8add645542992d82986fb5,"['A', 'B', 'C', 'D', 'E', 'F']","[0, 0, 0, 1, 0, 1]","[-0.04798361659049988, 0.05471864342689514, 0.002341184765100479, 0.0007291949586942792, -0.01502298191189766, 0.0052175563760101795]","[0.04798361659049988, -0.05471864342689514, -0.002341184765100479, -0.0007291949586942792, 0.01502298191189766, -0.0052175563760101795]","[-0.04798361659049988, 0.05471864342689514, 0.002341184765100479, 0.0007291949586942792, -0.01502298191189766, 0.0052175563760101795]",1,-1,False,"['A', 'F']","['D', 'F']"
5a754aa455429916b01642e3::working_set_pack_a,5a754aa455429916b01642e3,"['A', 'B', 'C', 'D', 'E', 'F']","[0, 0, 1, 1, 0, 0]","[-0.012810873799026012, -0.008121710270643234, 0.03512861207127571, 0.002661300590261817, -0.004058073274791241, -0.012799235992133617]","[-0.012810873799026012, -0.008121710270643234, 0.03512861207127571, 0.002661300590261817, -0.004058073274791241, -0.012799235992133617]","[0.012810873799026012, 0.008121710270643234, -0.03512861207127571, -0.002661300590261817, 0.004058073274791241, 0.012799235992133617]",-1,-1,False,"['A', 'C']","['C', 'D']"
5a754aa455429916b01642e3::active_set_pack_a,5a754aa455429916b01642e3,"['A', 'B', 'C', 'D', 'E', 'F']","[0, 0, 1, 1, 0, 0]","[-0.013615336269140244, -0.009365081787109375, 0.029552878811955452, 0.006001235451549292, -0.002815101994201541, -0.009758587926626205]","[-0.013615336269140244, -0.009365081787109375, 0.029552878811955452, 0.006001235451549292, -0.002815101994201541, -0.009758587926626205]","[0.013615336269140244, 0.009365081787109375, -0.029552878811955452, -0.006001235451549292, 0.002815101994201541, 0.009758587926626205]",-1,-1,False,"['A', 'C']","['C', 'D']"
5a754aa455429916b01642e3::working_set_pack_b,5a754aa455429916b01642e3,"['A', 'B', 'C', 'D', 'E', 'F']","[0, 0, 1, 1, 0, 0]","[-0.028345618396997452, 0.0035606061574071646, 0.014373043552041054, 0.009508112445473671, 0.0027352513279765844, -0.001831394387409091]","[0.028345618396997452, -0.0035606061574071646, -0.014373043552041054, -0.009508112445473671, -0.0027352513279765844, 0.001831394387409091]","[0.028345618396997452, -0.0035606061574071646, -0.014373043552041054, -0.009508112445473671, -0.0027352513279765844, 0.001831394387409091]",-1,1,False,"['A', 'C']","['C', 'D']"
5a754aa455429916b01642e3::active_set_pack_b,5a754aa455429916b01642e3,"['A', 'B', 'C', 'D', 'E', 'F']","[0, 0, 1, 1, 0, 0]","[-0.021671509370207787, -0.018951991572976112, 0.08962856978178024, -0.013678576797246933, -0.016760097816586494, -0.018566416576504707]","[-0.021671509370207787, -0.018951991572976112, 0.08962856978178024, -0.013678576797246933, -0.016760097816586494, -0.018566416576504707]","[-0.021671509370207787, -0.018951991572976112, 0.08962856978178024, -0.013678576797246933, -0.016760097816586494, -0.018566416576504707]",1,1,False,"['A', 'C']","['C', 'D']"
5abad3395542996cc5e49e9f::working_set_pack_a,5abad3395542996cc5e49e9f,"['A', 'B', 'C', 'D', 'E', 'F']","[1, 0, 0, 0, 1, 0]","[0.017250191420316696, 0.014723991975188255, 0.0066684940829873085, 0.021455908194184303, 0.016049029305577278, -0.07614763081073761]","[0.017250191420316696, 0.014723991975188255, 0.0066684940829873085, 0.021455908194184303, 0.016049029305577278, -0.07614763081073761]","[0.017250191420316696, 0.014723991975188255, 0.0066684940829873085, 0.021455908194184303, 0.016049029305577278, -0.07614763081073761]",1,1,False,"['A', 'D']","['A', 'E']"
5abad3395542996cc5e49e9f::active_set_pack_a,5abad3395542996cc5e49e9f,"['A', 'B', 'C', 'D', 'E', 'F']","[1, 0, 0, 0, 1, 0]","[0.016571693122386932, 0.013815384358167648, 0.005846060812473297, 0.02071036398410797, 0.015031144954264164, -0.07197465002536774]","[0.016571693122386932, 0.013815384358167648, 0.005846060812473297, 0.02071036398410797, 0.015031144954264164, -0.07197465002536774]","[0.016571693122386932, 0.013815384358167648, 0.005846060812473297, 0.02071036398410797, 0.015031144954264164, -0.07197465002536774]",1,1,False,"['A', 'D']","['A', 'E']"
5abad3395542996cc5e49e9f::working_set_pack_b,5abad3395542996cc5e49e9f,"['A', 'B', 'C', 'D', 'E', 'F']","[1, 0, 0, 0, 1, 0]","[0.021447638049721718, 0.01868210732936859, 0.012667343951761723, 0.024425946176052094, 0.019990382716059685, -0.09721342474222183]","[0.021447638049721718, 0.01868210732936859, 0.012667343951761723, 0.024425946176052094, 0.019990382716059685, -0.09721342474222183]","[0.021447638049721718, 0.01868210732936859, 0.012667343951761723, 0.024425946176052094, 0.019990382716059685, -0.09721342474222183]",1,1,False,"['A', 'D']","['A', 'E']"
5abad3395542996cc5e49e9f::active_set_pack_b,5abad3395542996cc5e49e9f,"['A', 'B', 'C', 'D', 'E', 'F']","[1, 0, 0, 0, 1, 0]","[0.020215246826410294, 0.013186841271817684, 0.008084148168563843, 0.02347474917769432, 0.01603487879037857, -0.08099588006734848]","[0.020215246826410294, 0.013186841271817684, 0.008084148168563843, 0.02347474917769432, 0.01603487879037857, -0.08099588006734848]","[0.020215246826410294, 0.013186841271817684, 0.008084148168563843, 0.02347474917769432, 0.01603487879037857, -0.08099588006734848]",1,1,False,"['A', 'D']","['A', 'E']"
