prompt_id,example_id,pca_auc,norm_auc,pca_top2_correct,norm_top2_correct,target_overlap,matched_overlap_mean
5aba6de555429955dce3ee1d::working_set_pack_a,5aba6de555429955dce3ee1d,1.0,0.75,True,False,0.16632631188099814,0.055301505267020906
5aba6de555429955dce3ee1d::active_set_pack_a,5aba6de555429955dce3ee1d,1.0,0.875,True,False,0.16632631188099814,0.053673025025865725
5aba6de555429955dce3ee1d::working_set_pack_b,5aba6de555429955dce3ee1d,0.875,0.75,False,False,0.16632631188099814,0.049967343651238685
5aba6de555429955dce3ee1d::active_set_pack_b,5aba6de555429955dce3ee1d,1.0,0.5,True,False,0.16632631188099814,0.043352597726115216
5ae0abf655429945ae95940d::working_set_pack_a,5ae0abf655429945ae95940d,1.0,1.0,True,True,0.16775871501884088,0.04565784312556642
5ae0abf655429945ae95940d::active_set_pack_a,5ae0abf655429945ae95940d,1.0,0.875,True,False,0.16775871501884088,0.05329483273075179
5ae0abf655429945ae95940d::working_set_pack_b,5ae0abf655429945ae95940d,1.0,0.75,True,False,0.16775871501884088,0.055630785074755454
5ae0abf655429945ae95940d::active_set_pack_b,5ae0abf655429945ae95940d,1.0,0.875,True,False,0.16775871501884088,0.04870183159852552
5a7ba64c5542995eb53be97b::working_set_pack_a,5a7ba64c5542995eb53be97b,1.0,0.875,True,False,0.33764886804865835,0.044469639865594476
5a7ba64c5542995eb53be97b::active_set_pack_a,5a7ba64c5542995eb53be97b,1.0,0.875,True,False,0.33764886804865835,0.047040833264454726
5a7ba64c5542995eb53be97b::working_set_pack_b,5a7ba64c5542995eb53be97b,1.0,0.875,True,False,0.33764886804865835,0.045880184200635665
5a7ba64c5542995eb53be97b::active_set_pack_b,5a7ba64c5542995eb53be97b,1.0,0.875,True,False,0.33764886804865835,0.03963761057214066
5a8f20d655429924144829dc::working_set_pack_a,5a8f20d655429924144829dc,1.0,0.875,True,False,0.17293659924525281,0.15381508498081392
5a8f20d655429924144829dc::active_set_pack_a,5a8f20d655429924144829dc,1.0,1.0,True,True,0.17293659924525281,0.135489917067653
5a8f20d655429924144829dc::working_set_pack_b,5a8f20d655429924144829dc,1.0,0.75,True,False,0.17293659924525281,0.07409050684742936
5a8f20d655429924144829dc::active_set_pack_b,5a8f20d655429924144829dc,1.0,0.75,True,False,0.17293659924525281,0.14355335476709297
5ae70f035542991bbc9761b1::working_set_pack_a,5ae70f035542991bbc9761b1,1.0,0.75,True,False,0.1580952217312059,0.0535000100904295
5ae70f035542991bbc9761b1::active_set_pack_a,5ae70f035542991bbc9761b1,1.0,0.625,True,False,0.1580952217312059,0.06088185683625975
5ae70f035542991bbc9761b1::working_set_pack_b,5ae70f035542991bbc9761b1,1.0,0.875,True,False,0.1580952217312059,0.054852857545345
5ae70f035542991bbc9761b1::active_set_pack_b,5ae70f035542991bbc9761b1,1.0,0.875,True,False,0.1580952217312059,0.06618268199297633
5ae0af9a5542993d6555ec17::working_set_pack_a,5ae0af9a5542993d6555ec17,1.0,0.875,True,False,0.1299156097901111,0.03318286092330262
5ae0af9a5542993d6555ec17::active_set_pack_a,5ae0af9a5542993d6555ec17,1.0,0.75,True,False,0.1299156097901111,0.0
5ae0af9a5542993d6555ec17::working_set_pack_b,5ae0af9a5542993d6555ec17,1.0,1.0,True,True,0.1299156097901111,0.0
5ae0af9a5542993d6555ec17::active_set_pack_b,5ae0af9a5542993d6555ec17,1.0,1.0,True,True,0.1299156097901111,0.0
5a76b649554299373536017f::working_set_pack_a,5a76b649554299373536017f,1.0,1.0,True,True,0.6379955662958916,0.178758008955619
5a76b649554299373536017f::active_set_pack_a,5a76b649554299373536017f,1.0,0.875,True,False,0.6379955662958916,0.11853002450074532
5a76b649554299373536017f::working_set_pack_b,5a76b649554299373536017f,1.0,1.0,True,True,0.6379955662958916,0.06107961587346031
5a76b649554299373536017f::active_set_pack_b,5a76b649554299373536017f,1.0,0.875,True,False,0.6379955662958916,0.15294673224270283
5a778e1b5542995d831811c5::working_set_pack_a,5a778e1b5542995d831811c5,1.0,0.875,True,False,0.11272759873705482,0.12964437924459862
5a778e1b5542995d831811c5::active_set_pack_a,5a778e1b5542995d831811c5,1.0,1.0,True,True,0.11272759873705482,0.0917941656218404
5a778e1b5542995d831811c5::working_set_pack_b,5a778e1b5542995d831811c5,1.0,1.0,True,True,0.11272759873705482,0.09042620040650165
5a778e1b5542995d831811c5::active_set_pack_b,5a778e1b5542995d831811c5,1.0,1.0,True,True,0.11272759873705482,0.11699667304964614
5a7a0d665542990783324e14::working_set_pack_a,5a7a0d665542990783324e14,0.875,0.875,False,False,0.12122722685116363,0.08959613372126096
5a7a0d665542990783324e14::active_set_pack_a,5a7a0d665542990783324e14,0.875,0.75,False,False,0.12122722685116363,0.08815322382737648
5a7a0d665542990783324e14::working_set_pack_b,5a7a0d665542990783324e14,1.0,1.0,True,True,0.12122722685116363,0.021672920984526372
5a7a0d665542990783324e14::active_set_pack_b,5a7a0d665542990783324e14,0.75,0.75,False,False,0.12122722685116363,0.027018997580621845
5a82411055429940e5e1a815::working_set_pack_a,5a82411055429940e5e1a815,1.0,1.0,True,True,0.08520402358504287,0.05953076581543437
5a82411055429940e5e1a815::active_set_pack_a,5a82411055429940e5e1a815,1.0,0.875,True,False,0.08520402358504287,0.046473895234478445
5a82411055429940e5e1a815::working_set_pack_b,5a82411055429940e5e1a815,1.0,0.875,True,False,0.08520402358504287,0.06181427685864431
5a82411055429940e5e1a815::active_set_pack_b,5a82411055429940e5e1a815,1.0,0.875,True,False,0.08520402358504287,0.05556571150170312
5a7c7a8f55429907fabeef9c::working_set_pack_a,5a7c7a8f55429907fabeef9c,1.0,1.0,True,True,0.08414916722517138,0.042752849142235184
5a7c7a8f55429907fabeef9c::active_set_pack_a,5a7c7a8f55429907fabeef9c,1.0,1.0,True,True,0.08414916722517138,0.038756428582070596
5a7c7a8f55429907fabeef9c::working_set_pack_b,5a7c7a8f55429907fabeef9c,1.0,1.0,True,True,0.08414916722517138,0.03884260570906606
5a7c7a8f55429907fabeef9c::active_set_pack_b,5a7c7a8f55429907fabeef9c,1.0,0.875,True,False,0.08414916722517138,0.039670572172616
5a73589d55429901807dafd1::working_set_pack_a,5a73589d55429901807dafd1,1.0,1.0,True,True,0.12154944012867024,0.0845598203668924
5a73589d55429901807dafd1::active_set_pack_a,5a73589d55429901807dafd1,1.0,1.0,True,True,0.12154944012867024,0.09621619275540978
5a73589d55429901807dafd1::working_set_pack_b,5a73589d55429901807dafd1,1.0,1.0,True,True,0.12154944012867024,0.08158255133816006
5a73589d55429901807dafd1::active_set_pack_b,5a73589d55429901807dafd1,1.0,1.0,True,True,0.12154944012867024,0.10093206560046122
5add624c5542992200553adf::working_set_pack_a,5add624c5542992200553adf,1.0,0.875,True,False,0.0847592381888373,0.04005718811871965
5add624c5542992200553adf::active_set_pack_a,5add624c5542992200553adf,1.0,1.0,True,True,0.0847592381888373,0.0500017651652295
5add624c5542992200553adf::working_set_pack_b,5add624c5542992200553adf,1.0,0.75,True,False,0.0847592381888373,0.05593560874804785
5add624c5542992200553adf::active_set_pack_b,5add624c5542992200553adf,1.0,0.875,True,False,0.0847592381888373,0.040555924990057855
5ade14735542990dbb2f7f49::working_set_pack_a,5ade14735542990dbb2f7f49,1.0,0.625,True,False,0.3002222423961311,0.026585439255025652
5ade14735542990dbb2f7f49::active_set_pack_a,5ade14735542990dbb2f7f49,0.75,0.75,False,False,0.3002222423961311,0.025674504475351946
5ade14735542990dbb2f7f49::working_set_pack_b,5ade14735542990dbb2f7f49,1.0,0.75,True,False,0.3002222423961311,0.02873682615428594
5ade14735542990dbb2f7f49::active_set_pack_b,5ade14735542990dbb2f7f49,1.0,0.75,True,False,0.3002222423961311,0.03219447619572358
5ade18635542997c77aded3e::working_set_pack_a,5ade18635542997c77aded3e,1.0,0.875,True,False,0.3975848124659672,0.07213552174821941
5ade18635542997c77aded3e::active_set_pack_a,5ade18635542997c77aded3e,1.0,0.875,True,False,0.3975848124659672,0.08754795546176167
5ade18635542997c77aded3e::working_set_pack_b,5ade18635542997c77aded3e,1.0,0.75,True,False,0.3975848124659672,0.11659616663845256
5ade18635542997c77aded3e::active_set_pack_b,5ade18635542997c77aded3e,1.0,0.875,True,False,0.3975848124659672,0.1561386984532735
5ab1c5cb554299722f9b4c61::working_set_pack_a,5ab1c5cb554299722f9b4c61,1.0,1.0,True,True,0.07351431135736076,0.05228156641612021
5ab1c5cb554299722f9b4c61::active_set_pack_a,5ab1c5cb554299722f9b4c61,1.0,1.0,True,True,0.07351431135736076,0.06726290802552023
5ab1c5cb554299722f9b4c61::working_set_pack_b,5ab1c5cb554299722f9b4c61,1.0,1.0,True,True,0.07351431135736076,0.05968629651400942
5ab1c5cb554299722f9b4c61::active_set_pack_b,5ab1c5cb554299722f9b4c61,1.0,0.75,True,False,0.07351431135736076,0.056518555624697674
5ae73a195542991e8301cbfd::working_set_pack_a,5ae73a195542991e8301cbfd,1.0,0.75,True,False,0.12101141216062805,0.045664107935980816
5ae73a195542991e8301cbfd::active_set_pack_a,5ae73a195542991e8301cbfd,1.0,1.0,True,True,0.12101141216062805,0.04211149529308352
5ae73a195542991e8301cbfd::working_set_pack_b,5ae73a195542991e8301cbfd,1.0,0.875,True,False,0.12101141216062805,0.061213953343658006
5ae73a195542991e8301cbfd::active_set_pack_b,5ae73a195542991e8301cbfd,1.0,0.875,True,False,0.12101141216062805,0.04585158791525683
5ab55478554299488d4d993d::working_set_pack_a,5ab55478554299488d4d993d,0.875,0.75,False,False,0.07050591536813762,0.02700400305907635
5ab55478554299488d4d993d::active_set_pack_a,5ab55478554299488d4d993d,1.0,0.75,True,False,0.07050591536813762,0.02727373059393536
5ab55478554299488d4d993d::working_set_pack_b,5ab55478554299488d4d993d,0.875,0.75,False,False,0.07050591536813762,0.02975286814572829
5ab55478554299488d4d993d::active_set_pack_b,5ab55478554299488d4d993d,0.875,0.75,False,False,0.07050591536813762,0.02378833152883722
5ab373d6554299233954ff53::working_set_pack_a,5ab373d6554299233954ff53,1.0,0.5,True,False,0.12058197523825573,0.04820851688031802
5ab373d6554299233954ff53::active_set_pack_a,5ab373d6554299233954ff53,1.0,0.875,True,False,0.12058197523825573,0.05476163658912105
5ab373d6554299233954ff53::working_set_pack_b,5ab373d6554299233954ff53,1.0,0.5,True,False,0.12058197523825573,0.07903316108225233
5ab373d6554299233954ff53::active_set_pack_b,5ab373d6554299233954ff53,0.875,0.75,False,False,0.12058197523825573,0.042012601317313575
5a7a8dab554299042af8f66a::working_set_pack_a,5a7a8dab554299042af8f66a,1.0,1.0,True,True,0.37314480039455133,0.07159944411819205
5a7a8dab554299042af8f66a::active_set_pack_a,5a7a8dab554299042af8f66a,1.0,0.75,True,False,0.37314480039455133,0.06789920251873774
5a7a8dab554299042af8f66a::working_set_pack_b,5a7a8dab554299042af8f66a,1.0,0.875,True,False,0.37314480039455133,0.07005028879154811
5a7a8dab554299042af8f66a::active_set_pack_b,5a7a8dab554299042af8f66a,1.0,1.0,True,True,0.37314480039455133,0.10992667228413314
5ab3020e55429976abd1bc1a::working_set_pack_a,5ab3020e55429976abd1bc1a,1.0,0.875,True,False,0.18477093345797613,0.04007939376181886
5ab3020e55429976abd1bc1a::active_set_pack_a,5ab3020e55429976abd1bc1a,0.875,0.5,False,False,0.18477093345797613,0.04835426922247961
5ab3020e55429976abd1bc1a::working_set_pack_b,5ab3020e55429976abd1bc1a,1.0,0.875,True,False,0.18477093345797613,0.037784310968619644
5ab3020e55429976abd1bc1a::active_set_pack_b,5ab3020e55429976abd1bc1a,1.0,0.625,True,False,0.18477093345797613,0.04011599350314939
5ae726a1554299572ea54738::working_set_pack_a,5ae726a1554299572ea54738,1.0,0.75,True,False,0.33579885550553434,0.04337839504434565
5ae726a1554299572ea54738::active_set_pack_a,5ae726a1554299572ea54738,1.0,1.0,True,True,0.33579885550553434,0.038679105950196524
5ae726a1554299572ea54738::working_set_pack_b,5ae726a1554299572ea54738,1.0,0.75,True,False,0.33579885550553434,0.034343835322478415
5ae726a1554299572ea54738::active_set_pack_b,5ae726a1554299572ea54738,1.0,0.875,True,False,0.33579885550553434,0.038939196856763655
5a8b10c655429949d91db49c::working_set_pack_a,5a8b10c655429949d91db49c,1.0,1.0,True,True,0.0716708670028776,0.05337863965761027
5a8b10c655429949d91db49c::active_set_pack_a,5a8b10c655429949d91db49c,1.0,0.75,True,False,0.0716708670028776,0.04509706114580085
5a8b10c655429949d91db49c::working_set_pack_b,5a8b10c655429949d91db49c,1.0,0.875,True,False,0.0716708670028776,0.04986995577764383
5a8b10c655429949d91db49c::active_set_pack_b,5a8b10c655429949d91db49c,1.0,1.0,True,True,0.0716708670028776,0.027460107564167856
5ab3f9b95542992ade7c6f09::working_set_pack_a,5ab3f9b95542992ade7c6f09,1.0,1.0,True,True,0.2435130775575052,0.06034716080774981
5ab3f9b95542992ade7c6f09::active_set_pack_a,5ab3f9b95542992ade7c6f09,1.0,0.875,True,False,0.2435130775575052,0.054756820313919055
5ab3f9b95542992ade7c6f09::working_set_pack_b,5ab3f9b95542992ade7c6f09,1.0,0.75,True,False,0.2435130775575052,0.06414209283658169
5ab3f9b95542992ade7c6f09::active_set_pack_b,5ab3f9b95542992ade7c6f09,1.0,0.75,True,False,0.2435130775575052,0.05911420881440106
5ade45ed554299728e26c699::working_set_pack_a,5ade45ed554299728e26c699,1.0,1.0,True,True,0.06084431985971594,0.03072545175945684
5ade45ed554299728e26c699::active_set_pack_a,5ade45ed554299728e26c699,1.0,0.875,True,False,0.06084431985971594,0.0339932236151593
5ade45ed554299728e26c699::working_set_pack_b,5ade45ed554299728e26c699,1.0,0.875,True,False,0.06084431985971594,0.028877841745684245
5ade45ed554299728e26c699::active_set_pack_b,5ade45ed554299728e26c699,1.0,0.75,True,False,0.06084431985971594,0.030105564771681824
5adc432d55429944faac24a1::working_set_pack_a,5adc432d55429944faac24a1,1.0,1.0,True,True,0.33693053043077303,0.07973210612393927
5adc432d55429944faac24a1::active_set_pack_a,5adc432d55429944faac24a1,1.0,0.75,True,False,0.33693053043077303,0.06096714260684803
5adc432d55429944faac24a1::working_set_pack_b,5adc432d55429944faac24a1,1.0,1.0,True,True,0.33693053043077303,0.07907512651816816
5adc432d55429944faac24a1::active_set_pack_b,5adc432d55429944faac24a1,1.0,0.75,True,False,0.33693053043077303,0.12428906600441361
5adcf98255429947343537e9::working_set_pack_a,5adcf98255429947343537e9,1.0,0.75,True,False,0.07971586958061455,0.05453939484603481
5adcf98255429947343537e9::active_set_pack_a,5adcf98255429947343537e9,1.0,0.75,True,False,0.07971586958061455,0.05052064967495219
5adcf98255429947343537e9::working_set_pack_b,5adcf98255429947343537e9,1.0,0.75,True,False,0.07971586958061455,0.04625372204599561
5adcf98255429947343537e9::active_set_pack_b,5adcf98255429947343537e9,1.0,0.625,True,False,0.07971586958061455,0.04658235393622036
5ab285d0554299340b5254fa::working_set_pack_a,5ab285d0554299340b5254fa,1.0,0.625,True,False,0.20475482300358666,0.17796766516455637
5ab285d0554299340b5254fa::active_set_pack_a,5ab285d0554299340b5254fa,1.0,0.75,True,False,0.20475482300358666,0.08674154628546012
5ab285d0554299340b5254fa::working_set_pack_b,5ab285d0554299340b5254fa,1.0,0.875,True,False,0.20475482300358666,0.1759148315734873
5ab285d0554299340b5254fa::active_set_pack_b,5ab285d0554299340b5254fa,1.0,0.875,True,False,0.20475482300358666,0.06488328086562195
5a7317535542994cef4bc450::working_set_pack_a,5a7317535542994cef4bc450,1.0,0.875,True,False,0.10690434726110665,0.04244371847213056
5a7317535542994cef4bc450::active_set_pack_a,5a7317535542994cef4bc450,1.0,0.75,True,False,0.10690434726110665,0.10959748589084978
5a7317535542994cef4bc450::working_set_pack_b,5a7317535542994cef4bc450,1.0,0.75,True,False,0.10690434726110665,0.06699084830879037
5a7317535542994cef4bc450::active_set_pack_b,5a7317535542994cef4bc450,1.0,0.75,True,False,0.10690434726110665,0.07295936130695208
5a8d15b75542994ba4e3dbea::working_set_pack_a,5a8d15b75542994ba4e3dbea,1.0,0.875,True,False,0.01266951027920103,0.0
5a8d15b75542994ba4e3dbea::active_set_pack_a,5a8d15b75542994ba4e3dbea,1.0,0.875,True,False,0.01266951027920103,0.0
5a8d15b75542994ba4e3dbea::working_set_pack_b,5a8d15b75542994ba4e3dbea,1.0,1.0,True,True,0.01266951027920103,0.0
5a8d15b75542994ba4e3dbea::active_set_pack_b,5a8d15b75542994ba4e3dbea,1.0,0.875,True,False,0.01266951027920103,0.0
5a903a4855429933b8a204a9::working_set_pack_a,5a903a4855429933b8a204a9,1.0,0.875,True,False,0.14947768956572946,0.038891165930606396
5a903a4855429933b8a204a9::active_set_pack_a,5a903a4855429933b8a204a9,1.0,1.0,True,True,0.14947768956572946,0.04251814117352337
5a903a4855429933b8a204a9::working_set_pack_b,5a903a4855429933b8a204a9,1.0,1.0,True,True,0.14947768956572946,0.04039360112774358
5a903a4855429933b8a204a9::active_set_pack_b,5a903a4855429933b8a204a9,1.0,1.0,True,True,0.14947768956572946,0.040308004138605524
5abae247554299660624165c::working_set_pack_a,5abae247554299660624165c,1.0,1.0,True,True,0.06454105345330215,0.025919011105367713
5abae247554299660624165c::active_set_pack_a,5abae247554299660624165c,1.0,1.0,True,True,0.06454105345330215,0.019481322486111
5abae247554299660624165c::working_set_pack_b,5abae247554299660624165c,1.0,1.0,True,True,0.06454105345330215,0.021673593216743777
5abae247554299660624165c::active_set_pack_b,5abae247554299660624165c,1.0,1.0,True,True,0.06454105345330215,0.024531737668426742
5a8113ca55429938b61422ab::working_set_pack_a,5a8113ca55429938b61422ab,1.0,1.0,True,True,0.1660100277271075,0.0
5a8113ca55429938b61422ab::active_set_pack_a,5a8113ca55429938b61422ab,1.0,0.875,True,False,0.1660100277271075,0.0
5a8113ca55429938b61422ab::working_set_pack_b,5a8113ca55429938b61422ab,1.0,1.0,True,True,0.1660100277271075,0.0
5a8113ca55429938b61422ab::active_set_pack_b,5a8113ca55429938b61422ab,1.0,0.875,True,False,0.1660100277271075,0.0
5abb1cc55542992ccd8e7f16::working_set_pack_a,5abb1cc55542992ccd8e7f16,1.0,1.0,True,True,0.2483896986019093,0.07464577771822181
5abb1cc55542992ccd8e7f16::active_set_pack_a,5abb1cc55542992ccd8e7f16,1.0,1.0,True,True,0.2483896986019093,0.07052346393870157
5abb1cc55542992ccd8e7f16::working_set_pack_b,5abb1cc55542992ccd8e7f16,1.0,1.0,True,True,0.2483896986019093,0.06737772284604464
5abb1cc55542992ccd8e7f16::active_set_pack_b,5abb1cc55542992ccd8e7f16,1.0,1.0,True,True,0.2483896986019093,0.056484969537023186
5a80df91554299260e20a198::working_set_pack_a,5a80df91554299260e20a198,1.0,1.0,True,True,0.1106517242705681,0.075905538954953
5a80df91554299260e20a198::active_set_pack_a,5a80df91554299260e20a198,1.0,0.75,True,False,0.1106517242705681,0.06973051477537884
5a80df91554299260e20a198::working_set_pack_b,5a80df91554299260e20a198,1.0,1.0,True,True,0.1106517242705681,0.06555892182703356
5a80df91554299260e20a198::active_set_pack_b,5a80df91554299260e20a198,1.0,0.875,True,False,0.1106517242705681,0.07036832316115454
5a7d549f5542991319bc93ad::working_set_pack_a,5a7d549f5542991319bc93ad,1.0,0.5,True,False,0.06666612435518425,0.04689461039537398
5a7d549f5542991319bc93ad::active_set_pack_a,5a7d549f5542991319bc93ad,1.0,0.5,True,False,0.06666612435518425,0.0338030412634677
5a7d549f5542991319bc93ad::working_set_pack_b,5a7d549f5542991319bc93ad,1.0,0.5,True,False,0.06666612435518425,0.043134087022440815
5a7d549f5542991319bc93ad::active_set_pack_b,5a7d549f5542991319bc93ad,1.0,0.5,True,False,0.06666612435518425,0.048662162843412606
5ae68e9d55429908198fa60e::working_set_pack_a,5ae68e9d55429908198fa60e,1.0,1.0,True,True,0.1142694827853658,0.009729385942683156
5ae68e9d55429908198fa60e::active_set_pack_a,5ae68e9d55429908198fa60e,1.0,0.875,True,False,0.1142694827853658,0.07523331537714398
5ae68e9d55429908198fa60e::working_set_pack_b,5ae68e9d55429908198fa60e,1.0,0.875,True,False,0.1142694827853658,0.031029246468269513
5ae68e9d55429908198fa60e::active_set_pack_b,5ae68e9d55429908198fa60e,1.0,0.875,True,False,0.1142694827853658,0.026086074328634138
5a8285be55429966c78a6a41::working_set_pack_a,5a8285be55429966c78a6a41,1.0,1.0,True,True,0.23974748939532659,0.05694448744178274
5a8285be55429966c78a6a41::active_set_pack_a,5a8285be55429966c78a6a41,1.0,1.0,True,True,0.23974748939532659,0.07228654333021385
5a8285be55429966c78a6a41::working_set_pack_b,5a8285be55429966c78a6a41,1.0,0.875,True,False,0.23974748939532659,0.06979424538471439
5a8285be55429966c78a6a41::active_set_pack_b,5a8285be55429966c78a6a41,1.0,1.0,True,True,0.23974748939532659,0.05400813194781249
5a8e58cb5542990e94052ae0::working_set_pack_a,5a8e58cb5542990e94052ae0,1.0,0.75,True,False,0.2863421457814888,0.08365934911086677
5a8e58cb5542990e94052ae0::active_set_pack_a,5a8e58cb5542990e94052ae0,1.0,0.625,True,False,0.2863421457814888,0.07319590788092087
5a8e58cb5542990e94052ae0::working_set_pack_b,5a8e58cb5542990e94052ae0,1.0,0.625,True,False,0.2863421457814888,0.07866123078765998
5a8e58cb5542990e94052ae0::active_set_pack_b,5a8e58cb5542990e94052ae0,1.0,0.75,True,False,0.2863421457814888,0.05966994151359876
5a72d90d55429901807daf53::working_set_pack_a,5a72d90d55429901807daf53,1.0,0.75,True,False,0.18802600079379503,0.1707378083100214
5a72d90d55429901807daf53::active_set_pack_a,5a72d90d55429901807daf53,0.875,0.5,False,False,0.18802600079379503,0.19091524790708003
5a72d90d55429901807daf53::working_set_pack_b,5a72d90d55429901807daf53,1.0,0.875,True,False,0.18802600079379503,0.1808999555326119
5a72d90d55429901807daf53::active_set_pack_b,5a72d90d55429901807daf53,1.0,0.75,True,False,0.18802600079379503,0.16421771498513
5ab6a327554299110f219a45::working_set_pack_a,5ab6a327554299110f219a45,1.0,0.75,True,False,0.12371727678420165,0.1252241966418502
5ab6a327554299110f219a45::active_set_pack_a,5ab6a327554299110f219a45,1.0,0.875,True,False,0.12371727678420165,0.1286573300010503
5ab6a327554299110f219a45::working_set_pack_b,5ab6a327554299110f219a45,0.875,0.75,False,False,0.12371727678420165,0.10824026338710005
5ab6a327554299110f219a45::active_set_pack_b,5ab6a327554299110f219a45,1.0,0.75,True,False,0.12371727678420165,0.10045673235053008
5adc0856554299438c868d0d::working_set_pack_a,5adc0856554299438c868d0d,1.0,1.0,True,True,0.3315390827968666,0.04798718689392501
5adc0856554299438c868d0d::active_set_pack_a,5adc0856554299438c868d0d,1.0,1.0,True,True,0.3315390827968666,0.06317071129262583
5adc0856554299438c868d0d::working_set_pack_b,5adc0856554299438c868d0d,1.0,1.0,True,True,0.3315390827968666,0.05183075496133921
5adc0856554299438c868d0d::active_set_pack_b,5adc0856554299438c868d0d,1.0,1.0,True,True,0.3315390827968666,0.08642502956189314
5a7fb04d55429969796c1b24::working_set_pack_a,5a7fb04d55429969796c1b24,1.0,0.875,True,False,0.13316431380634122,0.11224778646453332
5a7fb04d55429969796c1b24::active_set_pack_a,5a7fb04d55429969796c1b24,0.875,0.875,False,False,0.13316431380634122,0.14157705932221137
5a7fb04d55429969796c1b24::working_set_pack_b,5a7fb04d55429969796c1b24,1.0,0.75,True,False,0.13316431380634122,0.12874674426958682
5a7fb04d55429969796c1b24::active_set_pack_b,5a7fb04d55429969796c1b24,1.0,0.875,True,False,0.13316431380634122,0.1129538788779067
5a790e91554299078472779e::working_set_pack_a,5a790e91554299078472779e,0.875,0.75,False,False,0.15910000806613617,0.12459443106914564
5a790e91554299078472779e::active_set_pack_a,5a790e91554299078472779e,0.875,0.5,False,False,0.15910000806613617,0.142473632793655
5a790e91554299078472779e::working_set_pack_b,5a790e91554299078472779e,0.875,0.875,False,False,0.15910000806613617,0.05571030793320916
5a790e91554299078472779e::active_set_pack_b,5a790e91554299078472779e,1.0,0.625,True,False,0.15910000806613617,0.13524705167845402
5a759ce25542996c70cfaf0e::working_set_pack_a,5a759ce25542996c70cfaf0e,1.0,0.75,True,False,0.3413304033271975,0.08143213318117551
5a759ce25542996c70cfaf0e::active_set_pack_a,5a759ce25542996c70cfaf0e,1.0,0.875,True,False,0.3413304033271975,0.08485189581410627
5a759ce25542996c70cfaf0e::working_set_pack_b,5a759ce25542996c70cfaf0e,1.0,0.75,True,False,0.3413304033271975,0.08250326691034245
5a759ce25542996c70cfaf0e::active_set_pack_b,5a759ce25542996c70cfaf0e,1.0,0.75,True,False,0.3413304033271975,0.06580711481296192
5ae3e9995542995dadf24247::working_set_pack_a,5ae3e9995542995dadf24247,1.0,0.875,True,False,0.1967378885933403,0.06087668483967417
5ae3e9995542995dadf24247::active_set_pack_a,5ae3e9995542995dadf24247,1.0,0.75,True,False,0.1967378885933403,0.04815196310165769
5ae3e9995542995dadf24247::working_set_pack_b,5ae3e9995542995dadf24247,1.0,1.0,True,True,0.1967378885933403,0.04816187596818649
5ae3e9995542995dadf24247::active_set_pack_b,5ae3e9995542995dadf24247,1.0,0.75,True,False,0.1967378885933403,0.04551419245297454
5a73668e55429901807db02e::working_set_pack_a,5a73668e55429901807db02e,1.0,1.0,True,True,0.199750377236966,0.04628963446534824
5a73668e55429901807db02e::active_set_pack_a,5a73668e55429901807db02e,1.0,1.0,True,True,0.199750377236966,0.042628852954229614
5a73668e55429901807db02e::working_set_pack_b,5a73668e55429901807db02e,1.0,1.0,True,True,0.199750377236966,0.03957856673744584
5a73668e55429901807db02e::active_set_pack_b,5a73668e55429901807db02e,1.0,1.0,True,True,0.199750377236966,0.06922450504801045
5a8ba093554299240d9c203f::working_set_pack_a,5a8ba093554299240d9c203f,1.0,1.0,True,True,0.16659115789941603,0.06874299768730208
5a8ba093554299240d9c203f::active_set_pack_a,5a8ba093554299240d9c203f,1.0,0.875,True,False,0.16659115789941603,0.1476653904984756
5a8ba093554299240d9c203f::working_set_pack_b,5a8ba093554299240d9c203f,1.0,0.875,True,False,0.16659115789941603,0.040404035215018765
5a8ba093554299240d9c203f::active_set_pack_b,5a8ba093554299240d9c203f,1.0,1.0,True,True,0.16659115789941603,0.08225610151710461
5ab6ea2955429954757d33b8::working_set_pack_a,5ab6ea2955429954757d33b8,1.0,1.0,True,True,0.30532998145152174,0.053476294738117845
5ab6ea2955429954757d33b8::active_set_pack_a,5ab6ea2955429954757d33b8,1.0,1.0,True,True,0.30532998145152174,0.05754547042959851
5ab6ea2955429954757d33b8::working_set_pack_b,5ab6ea2955429954757d33b8,1.0,1.0,True,True,0.30532998145152174,0.044664221523606815
5ab6ea2955429954757d33b8::active_set_pack_b,5ab6ea2955429954757d33b8,1.0,1.0,True,True,0.30532998145152174,0.04212383817139867
5ac04545554299294b218f6a::working_set_pack_a,5ac04545554299294b218f6a,1.0,0.75,True,False,0.1451564407181601,0.05624944118661378
5ac04545554299294b218f6a::active_set_pack_a,5ac04545554299294b218f6a,1.0,1.0,True,True,0.1451564407181601,0.04734557185837672
5ac04545554299294b218f6a::working_set_pack_b,5ac04545554299294b218f6a,1.0,0.875,True,False,0.1451564407181601,0.051396139040293866
5ac04545554299294b218f6a::active_set_pack_b,5ac04545554299294b218f6a,1.0,1.0,True,True,0.1451564407181601,0.05348672794695887
5abba5e75542992ccd8e7f64::working_set_pack_a,5abba5e75542992ccd8e7f64,1.0,0.875,True,False,0.18240267857973996,0.053022310850037425
5abba5e75542992ccd8e7f64::active_set_pack_a,5abba5e75542992ccd8e7f64,1.0,0.875,True,False,0.18240267857973996,0.04823020650864291
5abba5e75542992ccd8e7f64::working_set_pack_b,5abba5e75542992ccd8e7f64,1.0,0.625,True,False,0.18240267857973996,0.05482605127427671
5abba5e75542992ccd8e7f64::active_set_pack_b,5abba5e75542992ccd8e7f64,1.0,0.875,True,False,0.18240267857973996,0.05835019425712473
5a764234554299109176e6e6::working_set_pack_a,5a764234554299109176e6e6,1.0,0.875,True,False,0.20236047242986965,0.10397575424249642
5a764234554299109176e6e6::active_set_pack_a,5a764234554299109176e6e6,1.0,0.875,True,False,0.20236047242986965,0.09993528710371598
5a764234554299109176e6e6::working_set_pack_b,5a764234554299109176e6e6,1.0,1.0,True,True,0.20236047242986965,0.07847809565559125
5a764234554299109176e6e6::active_set_pack_b,5a764234554299109176e6e6,1.0,1.0,True,True,0.20236047242986965,0.09486566911636643
5a8b21cb55429971feec4647::working_set_pack_a,5a8b21cb55429971feec4647,1.0,1.0,True,True,0.1933292954130444,0.056081520746812843
5a8b21cb55429971feec4647::active_set_pack_a,5a8b21cb55429971feec4647,1.0,1.0,True,True,0.1933292954130444,0.05741362870404546
5a8b21cb55429971feec4647::working_set_pack_b,5a8b21cb55429971feec4647,1.0,1.0,True,True,0.1933292954130444,0.08151118189022659
5a8b21cb55429971feec4647::active_set_pack_b,5a8b21cb55429971feec4647,1.0,1.0,True,True,0.1933292954130444,0.06035854831048708
5a8e8fc75542990e94052b57::working_set_pack_a,5a8e8fc75542990e94052b57,1.0,0.875,True,False,0.13470097253623545,0.04263495221457071
5a8e8fc75542990e94052b57::active_set_pack_a,5a8e8fc75542990e94052b57,1.0,0.75,True,False,0.13470097253623545,0.04353464682378097
5a8e8fc75542990e94052b57::working_set_pack_b,5a8e8fc75542990e94052b57,1.0,0.75,True,False,0.13470097253623545,0.04559547316808197
5a8e8fc75542990e94052b57::active_set_pack_b,5a8e8fc75542990e94052b57,1.0,0.875,True,False,0.13470097253623545,0.04197783494916831
5ae1d33a554299492dc91b9d::working_set_pack_a,5ae1d33a554299492dc91b9d,1.0,1.0,True,True,0.12891285368676447,0.036288077361504925
5ae1d33a554299492dc91b9d::active_set_pack_a,5ae1d33a554299492dc91b9d,0.875,1.0,False,True,0.12891285368676447,0.04947316417292116
5ae1d33a554299492dc91b9d::working_set_pack_b,5ae1d33a554299492dc91b9d,1.0,1.0,True,True,0.12891285368676447,0.08150077315619504
5ae1d33a554299492dc91b9d::active_set_pack_b,5ae1d33a554299492dc91b9d,1.0,1.0,True,True,0.12891285368676447,0.04126860272140928
5a81e73f554299676cceb14d::working_set_pack_a,5a81e73f554299676cceb14d,1.0,1.0,True,True,0.21891613634942625,0.09122021032212227
5a81e73f554299676cceb14d::active_set_pack_a,5a81e73f554299676cceb14d,1.0,1.0,True,True,0.21891613634942625,0.055871860778712486
5a81e73f554299676cceb14d::working_set_pack_b,5a81e73f554299676cceb14d,1.0,0.75,True,False,0.21891613634942625,0.0614015135317006
5a81e73f554299676cceb14d::active_set_pack_b,5a81e73f554299676cceb14d,1.0,0.875,True,False,0.21891613634942625,0.047634450798207884
5ae8256355429952e35eaa59::working_set_pack_a,5ae8256355429952e35eaa59,1.0,1.0,True,True,0.10019970046716418,0.057567140389816696
5ae8256355429952e35eaa59::active_set_pack_a,5ae8256355429952e35eaa59,1.0,1.0,True,True,0.10019970046716418,0.05481237917064137
5ae8256355429952e35eaa59::working_set_pack_b,5ae8256355429952e35eaa59,1.0,1.0,True,True,0.10019970046716418,0.06868742798400627
5ae8256355429952e35eaa59::active_set_pack_b,5ae8256355429952e35eaa59,1.0,1.0,True,True,0.10019970046716418,0.05518323915158136
5a827a9f55429940e5e1a8cf::working_set_pack_a,5a827a9f55429940e5e1a8cf,1.0,0.75,True,False,0.11116895724033307,0.04661703838315692
5a827a9f55429940e5e1a8cf::active_set_pack_a,5a827a9f55429940e5e1a8cf,1.0,0.625,True,False,0.11116895724033307,0.07018200129399166
5a827a9f55429940e5e1a8cf::working_set_pack_b,5a827a9f55429940e5e1a8cf,1.0,0.75,True,False,0.11116895724033307,0.06034829234868172
5a827a9f55429940e5e1a8cf::active_set_pack_b,5a827a9f55429940e5e1a8cf,1.0,0.875,True,False,0.11116895724033307,0.07360868153249574
5a8d32ae5542994ba4e3dc1d::working_set_pack_a,5a8d32ae5542994ba4e3dc1d,1.0,1.0,True,True,0.09875174788619562,0.060016058823494686
5a8d32ae5542994ba4e3dc1d::active_set_pack_a,5a8d32ae5542994ba4e3dc1d,1.0,0.875,True,False,0.09875174788619562,0.05890384310145558
5a8d32ae5542994ba4e3dc1d::working_set_pack_b,5a8d32ae5542994ba4e3dc1d,1.0,0.75,True,False,0.09875174788619562,0.06719377946344793
5a8d32ae5542994ba4e3dc1d::active_set_pack_b,5a8d32ae5542994ba4e3dc1d,1.0,0.75,True,False,0.09875174788619562,0.06903722476079141
5a8634195542991e771815ba::working_set_pack_a,5a8634195542991e771815ba,1.0,0.75,True,False,0.3749189090088798,0.06572794240678363
5a8634195542991e771815ba::active_set_pack_a,5a8634195542991e771815ba,1.0,0.875,True,False,0.3749189090088798,0.06987710473459915
5a8634195542991e771815ba::working_set_pack_b,5a8634195542991e771815ba,1.0,0.75,True,False,0.3749189090088798,0.06147141847274338
5a8634195542991e771815ba::active_set_pack_b,5a8634195542991e771815ba,0.875,0.875,False,False,0.3749189090088798,0.08365884467109258
5ae1fc135542997283cd2309::working_set_pack_a,5ae1fc135542997283cd2309,1.0,0.75,True,False,0.12830237508970566,0.06786432684710232
5ae1fc135542997283cd2309::active_set_pack_a,5ae1fc135542997283cd2309,1.0,0.75,True,False,0.12830237508970566,0.06496956724013248
5ae1fc135542997283cd2309::working_set_pack_b,5ae1fc135542997283cd2309,0.875,0.625,False,False,0.12830237508970566,0.04441163302071589
5ae1fc135542997283cd2309::active_set_pack_b,5ae1fc135542997283cd2309,0.875,0.875,False,False,0.12830237508970566,0.05738760053995439
5a8844135542994846c1ce77::working_set_pack_a,5a8844135542994846c1ce77,1.0,0.75,True,False,0.11492075812826616,0.07982758237977126
5a8844135542994846c1ce77::active_set_pack_a,5a8844135542994846c1ce77,1.0,0.875,True,False,0.11492075812826616,0.0812716052634247
5a8844135542994846c1ce77::working_set_pack_b,5a8844135542994846c1ce77,1.0,0.75,True,False,0.11492075812826616,0.08112626583138752
5a8844135542994846c1ce77::active_set_pack_b,5a8844135542994846c1ce77,1.0,0.5,True,False,0.11492075812826616,0.11614322107023757
5ac0d9e55542992a796ded92::working_set_pack_a,5ac0d9e55542992a796ded92,1.0,0.75,True,False,0.06755808447280989,0.043125877665169905
5ac0d9e55542992a796ded92::active_set_pack_a,5ac0d9e55542992a796ded92,1.0,0.75,True,False,0.06755808447280989,0.047476094532652995
5ac0d9e55542992a796ded92::working_set_pack_b,5ac0d9e55542992a796ded92,1.0,0.875,True,False,0.06755808447280989,0.042762287649965466
5ac0d9e55542992a796ded92::active_set_pack_b,5ac0d9e55542992a796ded92,1.0,0.5,True,False,0.06755808447280989,0.03545006094267095
5a8a30ad5542992d82986eec::working_set_pack_a,5a8a30ad5542992d82986eec,1.0,0.875,True,False,0.1400644858781143,0.07958002239774739
5a8a30ad5542992d82986eec::active_set_pack_a,5a8a30ad5542992d82986eec,1.0,0.875,True,False,0.1400644858781143,0.055914632988319106
5a8a30ad5542992d82986eec::working_set_pack_b,5a8a30ad5542992d82986eec,1.0,1.0,True,True,0.1400644858781143,0.04953621702142296
5a8a30ad5542992d82986eec::active_set_pack_b,5a8a30ad5542992d82986eec,1.0,0.875,True,False,0.1400644858781143,0.06653557644984137
5a8deeb455429917b4a5bce2::working_set_pack_a,5a8deeb455429917b4a5bce2,1.0,1.0,True,True,0.03397490835194073,0.0
5a8deeb455429917b4a5bce2::active_set_pack_a,5a8deeb455429917b4a5bce2,1.0,0.875,True,False,0.03397490835194073,0.0
5a8deeb455429917b4a5bce2::working_set_pack_b,5a8deeb455429917b4a5bce2,1.0,0.75,True,False,0.03397490835194073,0.0
5a8deeb455429917b4a5bce2::active_set_pack_b,5a8deeb455429917b4a5bce2,1.0,0.75,True,False,0.03397490835194073,0.0
5a73035d5542992359bc31fd::working_set_pack_a,5a73035d5542992359bc31fd,1.0,0.875,True,False,0.08857208655011864,0.04395136288758187
5a73035d5542992359bc31fd::active_set_pack_a,5a73035d5542992359bc31fd,1.0,0.75,True,False,0.08857208655011864,0.04518995902703861
5a73035d5542992359bc31fd::working_set_pack_b,5a73035d5542992359bc31fd,1.0,0.875,True,False,0.08857208655011864,0.04891561684770919
5a73035d5542992359bc31fd::active_set_pack_b,5a73035d5542992359bc31fd,1.0,0.875,True,False,0.08857208655011864,0.04593611087049082
5ade4b7f55429939a52fe877::working_set_pack_a,5ade4b7f55429939a52fe877,1.0,0.875,True,False,0.3642054404493358,0.07282304548757028
5ade4b7f55429939a52fe877::active_set_pack_a,5ade4b7f55429939a52fe877,1.0,1.0,True,True,0.3642054404493358,0.06643556160528348
5ade4b7f55429939a52fe877::working_set_pack_b,5ade4b7f55429939a52fe877,1.0,0.875,True,False,0.3642054404493358,0.0869073027474022
5ade4b7f55429939a52fe877::active_set_pack_b,5ade4b7f55429939a52fe877,1.0,1.0,True,True,0.3642054404493358,0.0711170550742074
5a7bc8b1554299294a54aad0::working_set_pack_a,5a7bc8b1554299294a54aad0,1.0,0.625,True,False,0.007874738633677394,0.0018197771635821538
5a7bc8b1554299294a54aad0::active_set_pack_a,5a7bc8b1554299294a54aad0,1.0,0.875,True,False,0.007874738633677394,0.0
5a7bc8b1554299294a54aad0::working_set_pack_b,5a7bc8b1554299294a54aad0,1.0,0.875,True,False,0.007874738633677394,0.0022152182060560625
5a7bc8b1554299294a54aad0::active_set_pack_b,5a7bc8b1554299294a54aad0,1.0,0.75,True,False,0.007874738633677394,0.0037791074051698728
5abc2e3d554299114383a0f6::working_set_pack_a,5abc2e3d554299114383a0f6,1.0,0.875,True,False,0.14096248650440557,0.06434100223504083
5abc2e3d554299114383a0f6::active_set_pack_a,5abc2e3d554299114383a0f6,1.0,0.875,True,False,0.14096248650440557,0.09402372065015374
5abc2e3d554299114383a0f6::working_set_pack_b,5abc2e3d554299114383a0f6,1.0,0.625,True,False,0.14096248650440557,0.03975838217069767
5abc2e3d554299114383a0f6::active_set_pack_b,5abc2e3d554299114383a0f6,1.0,0.625,True,False,0.14096248650440557,0.06308434660199018
5a7929cf554299029c4b5f12::working_set_pack_a,5a7929cf554299029c4b5f12,1.0,0.875,True,False,0.549640361585731,0.11232614262531948
5a7929cf554299029c4b5f12::active_set_pack_a,5a7929cf554299029c4b5f12,1.0,1.0,True,True,0.549640361585731,0.08375256195033956
5a7929cf554299029c4b5f12::working_set_pack_b,5a7929cf554299029c4b5f12,1.0,1.0,True,True,0.549640361585731,0.11496419227106272
5a7929cf554299029c4b5f12::active_set_pack_b,5a7929cf554299029c4b5f12,1.0,0.875,True,False,0.549640361585731,0.09875712951175575
5ab964ae5542996be20204c0::working_set_pack_a,5ab964ae5542996be20204c0,1.0,0.875,True,False,0.1867695912859769,0.0935157231265598
5ab964ae5542996be20204c0::active_set_pack_a,5ab964ae5542996be20204c0,1.0,1.0,True,True,0.1867695912859769,0.08673771171330674
5ab964ae5542996be20204c0::working_set_pack_b,5ab964ae5542996be20204c0,1.0,1.0,True,True,0.1867695912859769,0.09660572489256739
5ab964ae5542996be20204c0::active_set_pack_b,5ab964ae5542996be20204c0,1.0,0.875,True,False,0.1867695912859769,0.09458393977307886
5add44235542995b365faae2::working_set_pack_a,5add44235542995b365faae2,1.0,1.0,True,True,0.1450479936836046,0.04871783838170978
5add44235542995b365faae2::active_set_pack_a,5add44235542995b365faae2,1.0,1.0,True,True,0.1450479936836046,0.046973785076784694
5add44235542995b365faae2::working_set_pack_b,5add44235542995b365faae2,1.0,1.0,True,True,0.1450479936836046,0.044956553808154054
5add44235542995b365faae2::active_set_pack_b,5add44235542995b365faae2,1.0,0.875,True,False,0.1450479936836046,0.05155977696897685
5a8a662755429930ff3c0dc5::working_set_pack_a,5a8a662755429930ff3c0dc5,1.0,1.0,True,True,0.19614481152641133,0.034366598499335155
5a8a662755429930ff3c0dc5::active_set_pack_a,5a8a662755429930ff3c0dc5,1.0,1.0,True,True,0.19614481152641133,0.02493160692944485
5a8a662755429930ff3c0dc5::working_set_pack_b,5a8a662755429930ff3c0dc5,1.0,0.875,True,False,0.19614481152641133,0.012692466819674703
5a8a662755429930ff3c0dc5::active_set_pack_b,5a8a662755429930ff3c0dc5,1.0,0.875,True,False,0.19614481152641133,0.030489357554633015
5ae750175542997b22f6a6b6::working_set_pack_a,5ae750175542997b22f6a6b6,1.0,0.875,True,False,0.3656209372387399,0.05961641637046201
5ae750175542997b22f6a6b6::active_set_pack_a,5ae750175542997b22f6a6b6,1.0,1.0,True,True,0.3656209372387399,0.10499620931353307
5ae750175542997b22f6a6b6::working_set_pack_b,5ae750175542997b22f6a6b6,1.0,1.0,True,True,0.3656209372387399,0.07260162223532622
5ae750175542997b22f6a6b6::active_set_pack_b,5ae750175542997b22f6a6b6,1.0,0.875,True,False,0.3656209372387399,0.09578867532235855
5a7794525542995d831811f3::working_set_pack_a,5a7794525542995d831811f3,1.0,1.0,True,True,0.11439309287201846,0.03534272612372833
5a7794525542995d831811f3::active_set_pack_a,5a7794525542995d831811f3,1.0,0.875,True,False,0.11439309287201846,0.02999146779184369
5a7794525542995d831811f3::working_set_pack_b,5a7794525542995d831811f3,1.0,1.0,True,True,0.11439309287201846,0.0335649584366793
5a7794525542995d831811f3::active_set_pack_b,5a7794525542995d831811f3,1.0,0.75,True,False,0.11439309287201846,0.03775475205596265
5ab542875542997d4ad1f0e1::working_set_pack_a,5ab542875542997d4ad1f0e1,1.0,0.875,True,False,0.13379502926094375,0.04848027224079718
5ab542875542997d4ad1f0e1::active_set_pack_a,5ab542875542997d4ad1f0e1,1.0,0.875,True,False,0.13379502926094375,0.04740159442154786
5ab542875542997d4ad1f0e1::working_set_pack_b,5ab542875542997d4ad1f0e1,1.0,0.875,True,False,0.13379502926094375,0.05252619513380499
5ab542875542997d4ad1f0e1::active_set_pack_b,5ab542875542997d4ad1f0e1,1.0,0.75,True,False,0.13379502926094375,0.049623029095692314
5ae1c9ea5542997f29b3c103::working_set_pack_a,5ae1c9ea5542997f29b3c103,1.0,1.0,True,True,0.2343818747994179,0.06519214677387261
5ae1c9ea5542997f29b3c103::active_set_pack_a,5ae1c9ea5542997f29b3c103,1.0,1.0,True,True,0.2343818747994179,0.04683960853467073
5ae1c9ea5542997f29b3c103::working_set_pack_b,5ae1c9ea5542997f29b3c103,1.0,1.0,True,True,0.2343818747994179,0.046196357560953236
5ae1c9ea5542997f29b3c103::active_set_pack_b,5ae1c9ea5542997f29b3c103,1.0,1.0,True,True,0.2343818747994179,0.04081671059290183
5ab61c7f554299710c8d1e64::working_set_pack_a,5ab61c7f554299710c8d1e64,1.0,0.875,True,False,0.044990977899818096,0.0
5ab61c7f554299710c8d1e64::active_set_pack_a,5ab61c7f554299710c8d1e64,1.0,1.0,True,True,0.044990977899818096,0.0
5ab61c7f554299710c8d1e64::working_set_pack_b,5ab61c7f554299710c8d1e64,1.0,1.0,True,True,0.044990977899818096,0.0
5ab61c7f554299710c8d1e64::active_set_pack_b,5ab61c7f554299710c8d1e64,1.0,1.0,True,True,0.044990977899818096,0.0
5a88b8e755429946c8d6e899::working_set_pack_a,5a88b8e755429946c8d6e899,1.0,1.0,True,True,0.0640094914291583,0.022014229646720673
5a88b8e755429946c8d6e899::active_set_pack_a,5a88b8e755429946c8d6e899,1.0,0.875,True,False,0.0640094914291583,0.0319055826855255
5a88b8e755429946c8d6e899::working_set_pack_b,5a88b8e755429946c8d6e899,1.0,1.0,True,True,0.0640094914291583,0.02467498361274351
5a88b8e755429946c8d6e899::active_set_pack_b,5a88b8e755429946c8d6e899,1.0,0.875,True,False,0.0640094914291583,0.02457463810394464
5ac3de5c5542995c82c4ac68::working_set_pack_a,5ac3de5c5542995c82c4ac68,1.0,0.875,True,False,0.1855662427007315,0.027513906043891548
5ac3de5c5542995c82c4ac68::active_set_pack_a,5ac3de5c5542995c82c4ac68,1.0,0.875,True,False,0.1855662427007315,0.02852359928376845
5ac3de5c5542995c82c4ac68::working_set_pack_b,5ac3de5c5542995c82c4ac68,1.0,1.0,True,True,0.1855662427007315,0.024442018994069347
5ac3de5c5542995c82c4ac68::active_set_pack_b,5ac3de5c5542995c82c4ac68,1.0,1.0,True,True,0.1855662427007315,0.03385006835304402
5aba7995554299232ef4a2e2::working_set_pack_a,5aba7995554299232ef4a2e2,1.0,1.0,True,True,0.06829081547385177,0.028304246171780262
5aba7995554299232ef4a2e2::active_set_pack_a,5aba7995554299232ef4a2e2,1.0,1.0,True,True,0.06829081547385177,0.030314099326604452
5aba7995554299232ef4a2e2::working_set_pack_b,5aba7995554299232ef4a2e2,1.0,1.0,True,True,0.06829081547385177,0.025501817139120867
5aba7995554299232ef4a2e2::active_set_pack_b,5aba7995554299232ef4a2e2,1.0,1.0,True,True,0.06829081547385177,0.04198468085369289
5a7db8d95542995ed0d16665::working_set_pack_a,5a7db8d95542995ed0d16665,1.0,1.0,True,True,0.2059140402294832,0.05790945897368991
5a7db8d95542995ed0d16665::active_set_pack_a,5a7db8d95542995ed0d16665,1.0,0.875,True,False,0.2059140402294832,0.07320459905112645
5a7db8d95542995ed0d16665::working_set_pack_b,5a7db8d95542995ed0d16665,1.0,1.0,True,True,0.2059140402294832,0.07464066971388253
5a7db8d95542995ed0d16665::active_set_pack_b,5a7db8d95542995ed0d16665,1.0,1.0,True,True,0.2059140402294832,0.05675592539829349
5ab488f85542990594ba9c58::working_set_pack_a,5ab488f85542990594ba9c58,1.0,0.875,True,False,0.08058287518506001,0.09595781539680963
5ab488f85542990594ba9c58::active_set_pack_a,5ab488f85542990594ba9c58,1.0,0.625,True,False,0.08058287518506001,0.07893028771356414
5ab488f85542990594ba9c58::working_set_pack_b,5ab488f85542990594ba9c58,1.0,0.75,True,False,0.08058287518506001,0.05057183008344095
5ab488f85542990594ba9c58::active_set_pack_b,5ab488f85542990594ba9c58,1.0,0.875,True,False,0.08058287518506001,0.02847303977376637
5a82a59855429940e5e1a909::working_set_pack_a,5a82a59855429940e5e1a909,1.0,1.0,True,True,0.2018951001306289,0.04735429484329852
5a82a59855429940e5e1a909::active_set_pack_a,5a82a59855429940e5e1a909,1.0,1.0,True,True,0.2018951001306289,0.04259280581169764
5a82a59855429940e5e1a909::working_set_pack_b,5a82a59855429940e5e1a909,1.0,0.875,True,False,0.2018951001306289,0.04396847280450809
5a82a59855429940e5e1a909::active_set_pack_b,5a82a59855429940e5e1a909,1.0,1.0,True,True,0.2018951001306289,0.04831139055812592
5a7e8a9c55429949594199fb::working_set_pack_a,5a7e8a9c55429949594199fb,1.0,1.0,True,True,0.43667656877986405,0.03796518027530433
5a7e8a9c55429949594199fb::active_set_pack_a,5a7e8a9c55429949594199fb,1.0,1.0,True,True,0.43667656877986405,0.04525490671885723
5a7e8a9c55429949594199fb::working_set_pack_b,5a7e8a9c55429949594199fb,1.0,0.75,True,False,0.43667656877986405,0.035209355792211065
5a7e8a9c55429949594199fb::active_set_pack_b,5a7e8a9c55429949594199fb,1.0,0.875,True,False,0.43667656877986405,0.04216627516995687
5a8c94a25542995e66a47628::working_set_pack_a,5a8c94a25542995e66a47628,1.0,0.875,True,False,0.12015910338168508,0.03507273385628347
5a8c94a25542995e66a47628::active_set_pack_a,5a8c94a25542995e66a47628,1.0,0.625,True,False,0.12015910338168508,0.03958212039224089
5a8c94a25542995e66a47628::working_set_pack_b,5a8c94a25542995e66a47628,1.0,0.75,True,False,0.12015910338168508,0.036290168277904454
5a8c94a25542995e66a47628::active_set_pack_b,5a8c94a25542995e66a47628,1.0,0.875,True,False,0.12015910338168508,0.03452279809528045
5a7cbb6d554299452d57b9d2::working_set_pack_a,5a7cbb6d554299452d57b9d2,0.875,0.75,False,False,0.15038441730934582,0.035778392160573554
5a7cbb6d554299452d57b9d2::active_set_pack_a,5a7cbb6d554299452d57b9d2,1.0,0.75,True,False,0.15038441730934582,0.06178239963160683
5a7cbb6d554299452d57b9d2::working_set_pack_b,5a7cbb6d554299452d57b9d2,1.0,0.625,True,False,0.15038441730934582,0.04656177623930436
5a7cbb6d554299452d57b9d2::active_set_pack_b,5a7cbb6d554299452d57b9d2,0.875,0.625,False,False,0.15038441730934582,0.09393775664098322
5ac2ac4d554299218029daf1::working_set_pack_a,5ac2ac4d554299218029daf1,1.0,0.75,True,False,0.13660668525952155,0.05048123962150625
5ac2ac4d554299218029daf1::active_set_pack_a,5ac2ac4d554299218029daf1,1.0,0.875,True,False,0.13660668525952155,0.053333632861850166
5ac2ac4d554299218029daf1::working_set_pack_b,5ac2ac4d554299218029daf1,1.0,0.875,True,False,0.13660668525952155,0.061129123466106376
5ac2ac4d554299218029daf1::active_set_pack_b,5ac2ac4d554299218029daf1,1.0,0.75,True,False,0.13660668525952155,0.05330790143801153
5a832ee355429954d2e2ec4d::working_set_pack_a,5a832ee355429954d2e2ec4d,1.0,1.0,True,True,0.22656865661935255,0.07404482470994742
5a832ee355429954d2e2ec4d::active_set_pack_a,5a832ee355429954d2e2ec4d,1.0,0.875,True,False,0.22656865661935255,0.056138740043662726
5a832ee355429954d2e2ec4d::working_set_pack_b,5a832ee355429954d2e2ec4d,1.0,0.875,True,False,0.22656865661935255,0.08704800574486335
5a832ee355429954d2e2ec4d::active_set_pack_b,5a832ee355429954d2e2ec4d,1.0,0.75,True,False,0.22656865661935255,0.062287509834201144
5abf82965542997719eab694::working_set_pack_a,5abf82965542997719eab694,1.0,0.875,True,False,0.23305625878572078,0.045679612361819937
5abf82965542997719eab694::active_set_pack_a,5abf82965542997719eab694,1.0,0.625,True,False,0.23305625878572078,0.04019262934883813
5abf82965542997719eab694::working_set_pack_b,5abf82965542997719eab694,1.0,0.625,True,False,0.23305625878572078,0.03584386354237135
5abf82965542997719eab694::active_set_pack_b,5abf82965542997719eab694,1.0,0.875,True,False,0.23305625878572078,0.03567063544484476
5a76c13555429937353601a0::working_set_pack_a,5a76c13555429937353601a0,1.0,0.875,True,False,0.09961493614462735,0.06349584743316564
5a76c13555429937353601a0::active_set_pack_a,5a76c13555429937353601a0,1.0,1.0,True,True,0.09961493614462735,0.05280895553388734
5a76c13555429937353601a0::working_set_pack_b,5a76c13555429937353601a0,1.0,1.0,True,True,0.09961493614462735,0.0589505151596294
5a76c13555429937353601a0::active_set_pack_b,5a76c13555429937353601a0,1.0,0.875,True,False,0.09961493614462735,0.05659026149129969
5adecc6355429975fa854f9c::working_set_pack_a,5adecc6355429975fa854f9c,1.0,1.0,True,True,0.22567507033265635,0.033597394637264716
5adecc6355429975fa854f9c::active_set_pack_a,5adecc6355429975fa854f9c,1.0,0.875,True,False,0.22567507033265635,0.020191218323555745
5adecc6355429975fa854f9c::working_set_pack_b,5adecc6355429975fa854f9c,1.0,1.0,True,True,0.22567507033265635,0.02963756788061051
5adecc6355429975fa854f9c::active_set_pack_b,5adecc6355429975fa854f9c,1.0,0.875,True,False,0.22567507033265635,0.028530904751289478
5abb89fc5542993f40c73b19::working_set_pack_a,5abb89fc5542993f40c73b19,1.0,0.75,True,False,0.1768794878226241,0.0648222500671819
5abb89fc5542993f40c73b19::active_set_pack_a,5abb89fc5542993f40c73b19,1.0,0.875,True,False,0.1768794878226241,0.0524227227499222
5abb89fc5542993f40c73b19::working_set_pack_b,5abb89fc5542993f40c73b19,1.0,1.0,True,True,0.1768794878226241,0.060662325714572175
5abb89fc5542993f40c73b19::active_set_pack_b,5abb89fc5542993f40c73b19,1.0,0.75,True,False,0.1768794878226241,0.048693825251131195
5aba8f7b55429901930fa832::working_set_pack_a,5aba8f7b55429901930fa832,1.0,0.875,True,False,0.11991176612488984,0.06255537854474628
5aba8f7b55429901930fa832::active_set_pack_a,5aba8f7b55429901930fa832,1.0,0.75,True,False,0.11991176612488984,0.04961292086478577
5aba8f7b55429901930fa832::working_set_pack_b,5aba8f7b55429901930fa832,1.0,1.0,True,True,0.11991176612488984,0.10336077518047063
5aba8f7b55429901930fa832::active_set_pack_b,5aba8f7b55429901930fa832,1.0,1.0,True,True,0.11991176612488984,0.04909555645717638
5ab413e55542996a3a969f1b::working_set_pack_a,5ab413e55542996a3a969f1b,1.0,1.0,True,True,0.2714875026226739,0.1176821024112519
5ab413e55542996a3a969f1b::active_set_pack_a,5ab413e55542996a3a969f1b,1.0,1.0,True,True,0.2714875026226739,0.11786656714780838
5ab413e55542996a3a969f1b::working_set_pack_b,5ab413e55542996a3a969f1b,1.0,0.875,True,False,0.2714875026226739,0.09575562700718152
5ab413e55542996a3a969f1b::active_set_pack_b,5ab413e55542996a3a969f1b,1.0,1.0,True,True,0.2714875026226739,0.13523889037412923
5a721dff55429971e9dc928c::working_set_pack_a,5a721dff55429971e9dc928c,0.875,0.625,False,False,0.10910539040504671,0.03867641937814422
5a721dff55429971e9dc928c::active_set_pack_a,5a721dff55429971e9dc928c,1.0,0.75,True,False,0.10910539040504671,0.03597372639957021
5a721dff55429971e9dc928c::working_set_pack_b,5a721dff55429971e9dc928c,1.0,0.75,True,False,0.10910539040504671,0.0347788516642052
5a721dff55429971e9dc928c::active_set_pack_b,5a721dff55429971e9dc928c,1.0,0.75,True,False,0.10910539040504671,0.03461858554514874
5ab395c4554299233954ff5a::working_set_pack_a,5ab395c4554299233954ff5a,1.0,1.0,True,True,0.16419388874077476,0.03911576211846247
5ab395c4554299233954ff5a::active_set_pack_a,5ab395c4554299233954ff5a,1.0,1.0,True,True,0.16419388874077476,0.03057664161072015
5ab395c4554299233954ff5a::working_set_pack_b,5ab395c4554299233954ff5a,1.0,1.0,True,True,0.16419388874077476,0.02753151342920942
5ab395c4554299233954ff5a::active_set_pack_b,5ab395c4554299233954ff5a,1.0,1.0,True,True,0.16419388874077476,0.038278488590471005
5ae33c6b5542992f92d82263::working_set_pack_a,5ae33c6b5542992f92d82263,1.0,0.875,True,False,0.0614230800090612,0.02355424926654201
5ae33c6b5542992f92d82263::active_set_pack_a,5ae33c6b5542992f92d82263,1.0,0.875,True,False,0.0614230800090612,0.015697299427479525
5ae33c6b5542992f92d82263::working_set_pack_b,5ae33c6b5542992f92d82263,1.0,0.5,True,False,0.0614230800090612,0.018505124629669165
5ae33c6b5542992f92d82263::active_set_pack_b,5ae33c6b5542992f92d82263,1.0,0.75,True,False,0.0614230800090612,0.027379691537173234
5ae2aa155542996483e64a23::working_set_pack_a,5ae2aa155542996483e64a23,1.0,0.75,True,False,0.21670944148693144,0.08442944198409291
5ae2aa155542996483e64a23::active_set_pack_a,5ae2aa155542996483e64a23,1.0,0.875,True,False,0.21670944148693144,0.04496868224142678
5ae2aa155542996483e64a23::working_set_pack_b,5ae2aa155542996483e64a23,1.0,1.0,True,True,0.21670944148693144,0.13177494780173507
5ae2aa155542996483e64a23::active_set_pack_b,5ae2aa155542996483e64a23,1.0,1.0,True,True,0.21670944148693144,0.07108633220749305
5ab8a17955429916710eb09e::working_set_pack_a,5ab8a17955429916710eb09e,0.75,0.875,False,False,0.15779486410016977,0.19478727550787098
5ab8a17955429916710eb09e::active_set_pack_a,5ab8a17955429916710eb09e,1.0,0.875,True,False,0.15779486410016977,0.1051446952553659
5ab8a17955429916710eb09e::working_set_pack_b,5ab8a17955429916710eb09e,1.0,0.875,True,False,0.15779486410016977,0.10621042077785305
5ab8a17955429916710eb09e::active_set_pack_b,5ab8a17955429916710eb09e,1.0,0.625,True,False,0.15779486410016977,0.07841228995320833
5a7bb84d554299294a54aaa1::working_set_pack_a,5a7bb84d554299294a54aaa1,1.0,1.0,True,True,0.10363942689694602,0.0574800129898136
5a7bb84d554299294a54aaa1::active_set_pack_a,5a7bb84d554299294a54aaa1,1.0,1.0,True,True,0.10363942689694602,0.05910975885850972
5a7bb84d554299294a54aaa1::working_set_pack_b,5a7bb84d554299294a54aaa1,1.0,1.0,True,True,0.10363942689694602,0.062220871029816126
5a7bb84d554299294a54aaa1::active_set_pack_b,5a7bb84d554299294a54aaa1,1.0,0.875,True,False,0.10363942689694602,0.037375237394229106
5adf97ae5542995534e8c800::working_set_pack_a,5adf97ae5542995534e8c800,1.0,0.875,True,False,0.1684302718109148,0.0
5adf97ae5542995534e8c800::active_set_pack_a,5adf97ae5542995534e8c800,1.0,0.875,True,False,0.1684302718109148,0.008891203282409423
5adf97ae5542995534e8c800::working_set_pack_b,5adf97ae5542995534e8c800,1.0,1.0,True,True,0.1684302718109148,0.01649199620517773
5adf97ae5542995534e8c800::active_set_pack_b,5adf97ae5542995534e8c800,1.0,0.875,True,False,0.1684302718109148,0.02525758426125102
5ac3231a5542995ef918c11a::working_set_pack_a,5ac3231a5542995ef918c11a,1.0,0.75,True,False,0.1304839406834954,0.046805823817678324
5ac3231a5542995ef918c11a::active_set_pack_a,5ac3231a5542995ef918c11a,1.0,0.875,True,False,0.1304839406834954,0.04721149184184275
5ac3231a5542995ef918c11a::working_set_pack_b,5ac3231a5542995ef918c11a,1.0,0.75,True,False,0.1304839406834954,0.04857795956395014
5ac3231a5542995ef918c11a::active_set_pack_b,5ac3231a5542995ef918c11a,0.875,0.75,False,False,0.1304839406834954,0.04616425127468067
5a760de1554299109176e63c::working_set_pack_a,5a760de1554299109176e63c,1.0,0.875,True,False,0.24014867432162668,0.05663464558472405
5a760de1554299109176e63c::active_set_pack_a,5a760de1554299109176e63c,1.0,0.875,True,False,0.24014867432162668,0.05755736905711839
5a760de1554299109176e63c::working_set_pack_b,5a760de1554299109176e63c,1.0,1.0,True,True,0.24014867432162668,0.055379499183241344
5a760de1554299109176e63c::active_set_pack_b,5a760de1554299109176e63c,1.0,1.0,True,True,0.24014867432162668,0.051178176438074784
5ab31d43554299233954ff0e::working_set_pack_a,5ab31d43554299233954ff0e,1.0,1.0,True,True,0.11348431671534111,0.0914102702000429
5ab31d43554299233954ff0e::active_set_pack_a,5ab31d43554299233954ff0e,1.0,0.875,True,False,0.11348431671534111,0.07924673672673227
5ab31d43554299233954ff0e::working_set_pack_b,5ab31d43554299233954ff0e,1.0,0.875,True,False,0.11348431671534111,0.09376827269236537
5ab31d43554299233954ff0e::active_set_pack_b,5ab31d43554299233954ff0e,1.0,0.875,True,False,0.11348431671534111,0.07622905340680944
5ab4330b55429942dd415edc::working_set_pack_a,5ab4330b55429942dd415edc,0.875,0.875,False,False,0.14806791556352117,0.051924904570933426
5ab4330b55429942dd415edc::active_set_pack_a,5ab4330b55429942dd415edc,1.0,0.875,True,False,0.14806791556352117,0.08500453835129901
5ab4330b55429942dd415edc::working_set_pack_b,5ab4330b55429942dd415edc,1.0,0.75,True,False,0.14806791556352117,0.050512126769476154
5ab4330b55429942dd415edc::active_set_pack_b,5ab4330b55429942dd415edc,0.875,0.75,False,False,0.14806791556352117,0.0844060132868737
5a7626bd554299109176e678::working_set_pack_a,5a7626bd554299109176e678,1.0,1.0,True,True,0.08406479560897823,0.04660565480017466
5a7626bd554299109176e678::active_set_pack_a,5a7626bd554299109176e678,1.0,0.875,True,False,0.08406479560897823,0.03699635492636588
5a7626bd554299109176e678::working_set_pack_b,5a7626bd554299109176e678,1.0,0.75,True,False,0.08406479560897823,0.05535746105659279
5a7626bd554299109176e678::active_set_pack_b,5a7626bd554299109176e678,1.0,1.0,True,True,0.08406479560897823,0.05749079691397153
5a7150665542994082a3e7bb::working_set_pack_a,5a7150665542994082a3e7bb,1.0,0.75,True,False,0.41007024426896577,0.02976460536481664
5a7150665542994082a3e7bb::active_set_pack_a,5a7150665542994082a3e7bb,1.0,0.625,True,False,0.41007024426896577,0.02534307171679555
5a7150665542994082a3e7bb::working_set_pack_b,5a7150665542994082a3e7bb,0.875,0.5,False,False,0.41007024426896577,0.03171715298662774
5a7150665542994082a3e7bb::active_set_pack_b,5a7150665542994082a3e7bb,0.875,0.625,False,False,0.41007024426896577,0.04311200503291626
5abe96e15542993f32c2a172::working_set_pack_a,5abe96e15542993f32c2a172,1.0,0.875,True,False,0.12291028109323791,0.05018270530331184
5abe96e15542993f32c2a172::active_set_pack_a,5abe96e15542993f32c2a172,1.0,0.875,True,False,0.12291028109323791,0.048713227674412066
5abe96e15542993f32c2a172::working_set_pack_b,5abe96e15542993f32c2a172,1.0,1.0,True,True,0.12291028109323791,0.054603563123434604
5abe96e15542993f32c2a172::active_set_pack_b,5abe96e15542993f32c2a172,1.0,0.875,True,False,0.12291028109323791,0.049650330781752225
5a8b3d1855429949d91db4fe::working_set_pack_a,5a8b3d1855429949d91db4fe,1.0,0.875,True,False,0.22681363954250167,0.12211937093315882
5a8b3d1855429949d91db4fe::active_set_pack_a,5a8b3d1855429949d91db4fe,1.0,0.875,True,False,0.22681363954250167,0.24044219761749389
5a8b3d1855429949d91db4fe::working_set_pack_b,5a8b3d1855429949d91db4fe,1.0,0.75,True,False,0.22681363954250167,0.22444803340684344
5a8b3d1855429949d91db4fe::active_set_pack_b,5a8b3d1855429949d91db4fe,1.0,1.0,True,True,0.22681363954250167,0.08383262831427356
5a804d725542995d8a8ddf60::working_set_pack_a,5a804d725542995d8a8ddf60,1.0,1.0,True,True,0.30627127489695016,0.05966443579250916
5a804d725542995d8a8ddf60::active_set_pack_a,5a804d725542995d8a8ddf60,1.0,0.875,True,False,0.30627127489695016,0.0385188064749197
5a804d725542995d8a8ddf60::working_set_pack_b,5a804d725542995d8a8ddf60,1.0,0.75,True,False,0.30627127489695016,0.05860069734386643
5a804d725542995d8a8ddf60::active_set_pack_b,5a804d725542995d8a8ddf60,1.0,1.0,True,True,0.30627127489695016,0.04012178708549444
5ab30cc755429976abd1bc3a::working_set_pack_a,5ab30cc755429976abd1bc3a,1.0,1.0,True,True,0.14111638654067846,0.00981618244594694
5ab30cc755429976abd1bc3a::active_set_pack_a,5ab30cc755429976abd1bc3a,1.0,1.0,True,True,0.14111638654067846,0.009959438160534032
5ab30cc755429976abd1bc3a::working_set_pack_b,5ab30cc755429976abd1bc3a,1.0,1.0,True,True,0.14111638654067846,0.009694618438093343
5ab30cc755429976abd1bc3a::active_set_pack_b,5ab30cc755429976abd1bc3a,1.0,1.0,True,True,0.14111638654067846,0.01638252651853994
5a89eca455429946c8d6ea11::working_set_pack_a,5a89eca455429946c8d6ea11,1.0,1.0,True,True,0.2244677815123675,0.07079695513739703
5a89eca455429946c8d6ea11::active_set_pack_a,5a89eca455429946c8d6ea11,1.0,0.875,True,False,0.2244677815123675,0.04520023302893535
5a89eca455429946c8d6ea11::working_set_pack_b,5a89eca455429946c8d6ea11,1.0,0.625,True,False,0.2244677815123675,0.04788405521366401
5a89eca455429946c8d6ea11::active_set_pack_b,5a89eca455429946c8d6ea11,1.0,0.875,True,False,0.2244677815123675,0.0490373884037449
5abaf3385542996cc5e49f2f::working_set_pack_a,5abaf3385542996cc5e49f2f,1.0,0.75,True,False,0.28528608106653675,0.09963153721895447
5abaf3385542996cc5e49f2f::active_set_pack_a,5abaf3385542996cc5e49f2f,1.0,0.75,True,False,0.28528608106653675,0.09733115495767321
5abaf3385542996cc5e49f2f::working_set_pack_b,5abaf3385542996cc5e49f2f,1.0,0.75,True,False,0.28528608106653675,0.09131468923823254
5abaf3385542996cc5e49f2f::active_set_pack_b,5abaf3385542996cc5e49f2f,0.875,0.75,False,False,0.28528608106653675,0.09314515386107532
5ae55c2b5542992663a4f1e4::working_set_pack_a,5ae55c2b5542992663a4f1e4,1.0,1.0,True,True,0.2296047010055618,0.046330753264618905
5ae55c2b5542992663a4f1e4::active_set_pack_a,5ae55c2b5542992663a4f1e4,1.0,1.0,True,True,0.2296047010055618,0.05342836584059164
5ae55c2b5542992663a4f1e4::working_set_pack_b,5ae55c2b5542992663a4f1e4,1.0,1.0,True,True,0.2296047010055618,0.05088670086460701
5ae55c2b5542992663a4f1e4::active_set_pack_b,5ae55c2b5542992663a4f1e4,1.0,1.0,True,True,0.2296047010055618,0.04629290770563181
5a8ce61555429941ae14df36::working_set_pack_a,5a8ce61555429941ae14df36,1.0,0.75,True,False,0.13355061872443214,0.0
5a8ce61555429941ae14df36::active_set_pack_a,5a8ce61555429941ae14df36,1.0,0.875,True,False,0.13355061872443214,0.0
5a8ce61555429941ae14df36::working_set_pack_b,5a8ce61555429941ae14df36,1.0,0.75,True,False,0.13355061872443214,0.0
5a8ce61555429941ae14df36::active_set_pack_b,5a8ce61555429941ae14df36,1.0,0.875,True,False,0.13355061872443214,0.01892354480074323
5aba8365554299232ef4a319::working_set_pack_a,5aba8365554299232ef4a319,1.0,0.875,True,False,0.16953568941199176,0.060847313280809064
5aba8365554299232ef4a319::active_set_pack_a,5aba8365554299232ef4a319,1.0,0.75,True,False,0.16953568941199176,0.06679813877123233
5aba8365554299232ef4a319::working_set_pack_b,5aba8365554299232ef4a319,1.0,0.875,True,False,0.16953568941199176,0.06421576581379261
5aba8365554299232ef4a319::active_set_pack_b,5aba8365554299232ef4a319,1.0,0.75,True,False,0.16953568941199176,0.053041470147011716
5abcff77554299700f9d794f::working_set_pack_a,5abcff77554299700f9d794f,1.0,0.875,True,False,0.057361195604888296,0.038992329606389355
5abcff77554299700f9d794f::active_set_pack_a,5abcff77554299700f9d794f,1.0,0.875,True,False,0.057361195604888296,0.04137243807988646
5abcff77554299700f9d794f::working_set_pack_b,5abcff77554299700f9d794f,1.0,1.0,True,True,0.057361195604888296,0.03594507750563278
5abcff77554299700f9d794f::active_set_pack_b,5abcff77554299700f9d794f,1.0,1.0,True,True,0.057361195604888296,0.038395258986630446
5ab56b71554299637185c586::working_set_pack_a,5ab56b71554299637185c586,1.0,1.0,True,True,0.19340067245774661,0.16809027265016802
5ab56b71554299637185c586::active_set_pack_a,5ab56b71554299637185c586,1.0,1.0,True,True,0.19340067245774661,0.16407213657411798
5ab56b71554299637185c586::working_set_pack_b,5ab56b71554299637185c586,1.0,1.0,True,True,0.19340067245774661,0.05470095272896931
5ab56b71554299637185c586::active_set_pack_b,5ab56b71554299637185c586,1.0,1.0,True,True,0.19340067245774661,0.06719860875673234
5a7ea5125542994959419a40::working_set_pack_a,5a7ea5125542994959419a40,1.0,0.75,True,False,0.43900232580016174,0.08030072049919745
5a7ea5125542994959419a40::active_set_pack_a,5a7ea5125542994959419a40,1.0,0.875,True,False,0.43900232580016174,0.08085867030860294
5a7ea5125542994959419a40::working_set_pack_b,5a7ea5125542994959419a40,1.0,0.625,True,False,0.43900232580016174,0.08807980945830365
5a7ea5125542994959419a40::active_set_pack_b,5a7ea5125542994959419a40,1.0,0.875,True,False,0.43900232580016174,0.07975742022286167
5ab90c2655429916710eb0ed::working_set_pack_a,5ab90c2655429916710eb0ed,1.0,1.0,True,True,0.20107405572915824,0.06831847615569274
5ab90c2655429916710eb0ed::active_set_pack_a,5ab90c2655429916710eb0ed,1.0,1.0,True,True,0.20107405572915824,0.0649503036125189
5ab90c2655429916710eb0ed::working_set_pack_b,5ab90c2655429916710eb0ed,1.0,1.0,True,True,0.20107405572915824,0.06736104300899795
5ab90c2655429916710eb0ed::active_set_pack_b,5ab90c2655429916710eb0ed,1.0,1.0,True,True,0.20107405572915824,0.06420297554215534
5abc2d7755429959677d6a29::working_set_pack_a,5abc2d7755429959677d6a29,1.0,1.0,True,True,0.15822224198894508,0.04977310207012297
5abc2d7755429959677d6a29::active_set_pack_a,5abc2d7755429959677d6a29,1.0,1.0,True,True,0.15822224198894508,0.049069327113840676
5abc2d7755429959677d6a29::working_set_pack_b,5abc2d7755429959677d6a29,1.0,1.0,True,True,0.15822224198894508,0.05503757102636895
5abc2d7755429959677d6a29::active_set_pack_b,5abc2d7755429959677d6a29,1.0,0.75,True,False,0.15822224198894508,0.05199709397407804
5a83143655429954d2e2ec0a::working_set_pack_a,5a83143655429954d2e2ec0a,1.0,0.75,True,False,0.08348171164079358,0.05502694254094094
5a83143655429954d2e2ec0a::active_set_pack_a,5a83143655429954d2e2ec0a,1.0,0.875,True,False,0.08348171164079358,0.05498512678943125
5a83143655429954d2e2ec0a::working_set_pack_b,5a83143655429954d2e2ec0a,1.0,0.875,True,False,0.08348171164079358,0.050479117235402396
5a83143655429954d2e2ec0a::active_set_pack_b,5a83143655429954d2e2ec0a,1.0,1.0,True,True,0.08348171164079358,0.058422722166539154
5ab691c5554299710c8d1ed3::working_set_pack_a,5ab691c5554299710c8d1ed3,1.0,0.875,True,False,0.20915148301195133,0.06833413577207299
5ab691c5554299710c8d1ed3::active_set_pack_a,5ab691c5554299710c8d1ed3,1.0,0.875,True,False,0.20915148301195133,0.04529446436071881
5ab691c5554299710c8d1ed3::working_set_pack_b,5ab691c5554299710c8d1ed3,1.0,0.75,True,False,0.20915148301195133,0.06808135234398702
5ab691c5554299710c8d1ed3::active_set_pack_b,5ab691c5554299710c8d1ed3,0.875,0.75,False,False,0.20915148301195133,0.06680208776793493
5a7528e75542996c70cfaea0::working_set_pack_a,5a7528e75542996c70cfaea0,1.0,1.0,True,True,0.281174556995073,0.12568513022062422
5a7528e75542996c70cfaea0::active_set_pack_a,5a7528e75542996c70cfaea0,1.0,1.0,True,True,0.281174556995073,0.11650481607854435
5a7528e75542996c70cfaea0::working_set_pack_b,5a7528e75542996c70cfaea0,1.0,1.0,True,True,0.281174556995073,0.10906962139687314
5a7528e75542996c70cfaea0::active_set_pack_b,5a7528e75542996c70cfaea0,1.0,1.0,True,True,0.281174556995073,0.11466957179985673
5ab4280b554299233955003a::working_set_pack_a,5ab4280b554299233955003a,1.0,0.625,True,False,0.26488317379055615,0.03836327186276163
5ab4280b554299233955003a::active_set_pack_a,5ab4280b554299233955003a,1.0,0.75,True,False,0.26488317379055615,0.04984317475936345
5ab4280b554299233955003a::working_set_pack_b,5ab4280b554299233955003a,1.0,0.875,True,False,0.26488317379055615,0.05913328727754613
5ab4280b554299233955003a::active_set_pack_b,5ab4280b554299233955003a,1.0,0.75,True,False,0.26488317379055615,0.03595562848946654
5ae3916d5542994393b9e708::working_set_pack_a,5ae3916d5542994393b9e708,1.0,0.75,True,False,0.6442251002273744,0.05619985217424651
5ae3916d5542994393b9e708::active_set_pack_a,5ae3916d5542994393b9e708,1.0,0.875,True,False,0.6442251002273744,0.058703838678518326
5ae3916d5542994393b9e708::working_set_pack_b,5ae3916d5542994393b9e708,1.0,1.0,True,True,0.6442251002273744,0.049573110925216324
5ae3916d5542994393b9e708::active_set_pack_b,5ae3916d5542994393b9e708,1.0,0.75,True,False,0.6442251002273744,0.044532105137499396
5adc32805542994650320cad::working_set_pack_a,5adc32805542994650320cad,1.0,0.875,True,False,0.06654919043198217,0.0152056239467512
5adc32805542994650320cad::active_set_pack_a,5adc32805542994650320cad,1.0,0.75,True,False,0.06654919043198217,0.029579774181858906
5adc32805542994650320cad::working_set_pack_b,5adc32805542994650320cad,1.0,0.625,True,False,0.06654919043198217,0.0
5adc32805542994650320cad::active_set_pack_b,5adc32805542994650320cad,1.0,0.75,True,False,0.06654919043198217,0.015351513007478045
5a7a1bb25542996a35c170d2::working_set_pack_a,5a7a1bb25542996a35c170d2,1.0,1.0,True,True,0.10424730689813427,0.06677310034757404
5a7a1bb25542996a35c170d2::active_set_pack_a,5a7a1bb25542996a35c170d2,1.0,0.5,True,False,0.10424730689813427,0.06169335166877096
5a7a1bb25542996a35c170d2::working_set_pack_b,5a7a1bb25542996a35c170d2,1.0,0.875,True,False,0.10424730689813427,0.06238424828460819
5a7a1bb25542996a35c170d2::active_set_pack_b,5a7a1bb25542996a35c170d2,1.0,0.75,True,False,0.10424730689813427,0.06187203012607926
5adc36475542996e685252e1::working_set_pack_a,5adc36475542996e685252e1,1.0,0.625,True,False,0.3660183209645128,0.15215874312846633
5adc36475542996e685252e1::active_set_pack_a,5adc36475542996e685252e1,1.0,0.625,True,False,0.3660183209645128,0.17932859511645957
5adc36475542996e685252e1::working_set_pack_b,5adc36475542996e685252e1,1.0,0.625,True,False,0.3660183209645128,0.14777476939107168
5adc36475542996e685252e1::active_set_pack_b,5adc36475542996e685252e1,1.0,0.625,True,False,0.3660183209645128,0.09235136676615398
5a7af39755429931da12c99d::working_set_pack_a,5a7af39755429931da12c99d,1.0,0.875,True,False,0.0840486051150103,0.04518084155689352
5a7af39755429931da12c99d::active_set_pack_a,5a7af39755429931da12c99d,1.0,0.75,True,False,0.0840486051150103,0.05011829351560406
5a7af39755429931da12c99d::working_set_pack_b,5a7af39755429931da12c99d,1.0,1.0,True,True,0.0840486051150103,0.05103752847301654
5a7af39755429931da12c99d::active_set_pack_b,5a7af39755429931da12c99d,1.0,1.0,True,True,0.0840486051150103,0.04220730608048576
5ade2af055429939a52fe84b::working_set_pack_a,5ade2af055429939a52fe84b,1.0,0.875,True,False,0.5898330035193937,0.049898955806215464
5ade2af055429939a52fe84b::active_set_pack_a,5ade2af055429939a52fe84b,1.0,1.0,True,True,0.5898330035193937,0.055785044125548106
5ade2af055429939a52fe84b::working_set_pack_b,5ade2af055429939a52fe84b,1.0,1.0,True,True,0.5898330035193937,0.05445688824198448
5ade2af055429939a52fe84b::active_set_pack_b,5ade2af055429939a52fe84b,1.0,0.875,True,False,0.5898330035193937,0.04439796886934951
5ab907c555429916710eb0e3::working_set_pack_a,5ab907c555429916710eb0e3,1.0,0.875,True,False,0.11745733017671553,0.075118534857011
5ab907c555429916710eb0e3::active_set_pack_a,5ab907c555429916710eb0e3,1.0,0.625,True,False,0.11745733017671553,0.07289724823450892
5ab907c555429916710eb0e3::working_set_pack_b,5ab907c555429916710eb0e3,1.0,1.0,True,True,0.11745733017671553,0.07704915694427131
5ab907c555429916710eb0e3::active_set_pack_b,5ab907c555429916710eb0e3,1.0,1.0,True,True,0.11745733017671553,0.07641253101949738
5a73630855429901807db021::working_set_pack_a,5a73630855429901807db021,1.0,0.875,True,False,0.17472352750431913,0.04153954542924013
5a73630855429901807db021::active_set_pack_a,5a73630855429901807db021,1.0,1.0,True,True,0.17472352750431913,0.04499083496989226
5a73630855429901807db021::working_set_pack_b,5a73630855429901807db021,1.0,0.875,True,False,0.17472352750431913,0.0362617978795592
5a73630855429901807db021::active_set_pack_b,5a73630855429901807db021,1.0,0.875,True,False,0.17472352750431913,0.0386031338005189
5abae0265542996cc5e49ec3::working_set_pack_a,5abae0265542996cc5e49ec3,1.0,1.0,True,True,0.1943611432795183,0.04232568286254459
5abae0265542996cc5e49ec3::active_set_pack_a,5abae0265542996cc5e49ec3,1.0,1.0,True,True,0.1943611432795183,0.0481617165885353
5abae0265542996cc5e49ec3::working_set_pack_b,5abae0265542996cc5e49ec3,1.0,1.0,True,True,0.1943611432795183,0.03865627001613578
5abae0265542996cc5e49ec3::active_set_pack_b,5abae0265542996cc5e49ec3,1.0,1.0,True,True,0.1943611432795183,0.04979350004351936
5ae061705542993d6555eb26::working_set_pack_a,5ae061705542993d6555eb26,1.0,0.875,True,False,0.11828842102665997,0.03213543295728622
5ae061705542993d6555eb26::active_set_pack_a,5ae061705542993d6555eb26,1.0,0.875,True,False,0.11828842102665997,0.029408351134229987
5ae061705542993d6555eb26::working_set_pack_b,5ae061705542993d6555eb26,1.0,0.75,True,False,0.11828842102665997,0.0339955401781091
5ae061705542993d6555eb26::active_set_pack_b,5ae061705542993d6555eb26,1.0,1.0,True,True,0.11828842102665997,0.03366893970418755
5a835bb5554299123d8c2102::working_set_pack_a,5a835bb5554299123d8c2102,1.0,1.0,True,True,0.0754081205235691,0.05125580699140041
5a835bb5554299123d8c2102::active_set_pack_a,5a835bb5554299123d8c2102,1.0,1.0,True,True,0.0754081205235691,0.043021640940556695
5a835bb5554299123d8c2102::working_set_pack_b,5a835bb5554299123d8c2102,1.0,1.0,True,True,0.0754081205235691,0.03726420059453606
5a835bb5554299123d8c2102::active_set_pack_b,5a835bb5554299123d8c2102,1.0,1.0,True,True,0.0754081205235691,0.05416630881600842
5ae05c3155429924de1b70b0::working_set_pack_a,5ae05c3155429924de1b70b0,1.0,1.0,True,True,0.0763644199227568,0.034260638390988266
5ae05c3155429924de1b70b0::active_set_pack_a,5ae05c3155429924de1b70b0,1.0,0.875,True,False,0.0763644199227568,0.032685221095581266
5ae05c3155429924de1b70b0::working_set_pack_b,5ae05c3155429924de1b70b0,1.0,0.625,True,False,0.0763644199227568,0.049021848893032585
5ae05c3155429924de1b70b0::active_set_pack_b,5ae05c3155429924de1b70b0,0.875,0.625,False,False,0.0763644199227568,0.03208766645515426
5ae225fb554299234fd043f8::working_set_pack_a,5ae225fb554299234fd043f8,1.0,0.875,True,False,0.056427771697967616,0.035045961023781894
5ae225fb554299234fd043f8::active_set_pack_a,5ae225fb554299234fd043f8,1.0,0.875,True,False,0.056427771697967616,0.0339288864346734
5ae225fb554299234fd043f8::working_set_pack_b,5ae225fb554299234fd043f8,1.0,1.0,True,True,0.056427771697967616,0.044993841584834465
5ae225fb554299234fd043f8::active_set_pack_b,5ae225fb554299234fd043f8,1.0,1.0,True,True,0.056427771697967616,0.03955474340041421
5ae513225542993aec5ec12e::working_set_pack_a,5ae513225542993aec5ec12e,1.0,1.0,True,True,0.14733887489842806,0.050971048572716
5ae513225542993aec5ec12e::active_set_pack_a,5ae513225542993aec5ec12e,1.0,1.0,True,True,0.14733887489842806,0.05993627372156563
5ae513225542993aec5ec12e::working_set_pack_b,5ae513225542993aec5ec12e,1.0,1.0,True,True,0.14733887489842806,0.05507173607948749
5ae513225542993aec5ec12e::active_set_pack_b,5ae513225542993aec5ec12e,1.0,0.75,True,False,0.14733887489842806,0.056261006599928234
5abd0749554299700f9d796f::working_set_pack_a,5abd0749554299700f9d796f,1.0,1.0,True,True,0.08681177481222738,0.04840762134088916
5abd0749554299700f9d796f::active_set_pack_a,5abd0749554299700f9d796f,1.0,0.875,True,False,0.08681177481222738,0.04758127653811152
5abd0749554299700f9d796f::working_set_pack_b,5abd0749554299700f9d796f,1.0,0.875,True,False,0.08681177481222738,0.051660274064396154
5abd0749554299700f9d796f::active_set_pack_b,5abd0749554299700f9d796f,1.0,1.0,True,True,0.08681177481222738,0.046975073783166774
5a8a28505542996c9b8d5e22::working_set_pack_a,5a8a28505542996c9b8d5e22,1.0,0.875,True,False,0.03148892929283754,0.0
5a8a28505542996c9b8d5e22::active_set_pack_a,5a8a28505542996c9b8d5e22,1.0,0.875,True,False,0.03148892929283754,0.0
5a8a28505542996c9b8d5e22::working_set_pack_b,5a8a28505542996c9b8d5e22,1.0,1.0,True,True,0.03148892929283754,0.0
5a8a28505542996c9b8d5e22::active_set_pack_b,5a8a28505542996c9b8d5e22,1.0,1.0,True,True,0.03148892929283754,0.0
5a727bb95542991f9a20c48d::working_set_pack_a,5a727bb95542991f9a20c48d,1.0,0.75,True,False,0.25330159692703685,0.09028544204488884
5a727bb95542991f9a20c48d::active_set_pack_a,5a727bb95542991f9a20c48d,1.0,0.75,True,False,0.25330159692703685,0.0883632075338955
5a727bb95542991f9a20c48d::working_set_pack_b,5a727bb95542991f9a20c48d,1.0,0.75,True,False,0.25330159692703685,0.07274302853507222
5a727bb95542991f9a20c48d::active_set_pack_b,5a727bb95542991f9a20c48d,1.0,0.875,True,False,0.25330159692703685,0.07281891874032584
5ae754725542995703ce8bf2::working_set_pack_a,5ae754725542995703ce8bf2,1.0,0.875,True,False,0.43379399122784346,0.05071487217495796
5ae754725542995703ce8bf2::active_set_pack_a,5ae754725542995703ce8bf2,1.0,1.0,True,True,0.43379399122784346,0.04661460790901432
5ae754725542995703ce8bf2::working_set_pack_b,5ae754725542995703ce8bf2,1.0,1.0,True,True,0.43379399122784346,0.04981445485014109
5ae754725542995703ce8bf2::active_set_pack_b,5ae754725542995703ce8bf2,1.0,1.0,True,True,0.43379399122784346,0.05720166363892788
5a740aa955429974ef308ba3::working_set_pack_a,5a740aa955429974ef308ba3,0.875,1.0,False,True,0.27455954298132595,0.09321130717125437
5a740aa955429974ef308ba3::active_set_pack_a,5a740aa955429974ef308ba3,1.0,0.875,True,False,0.27455954298132595,0.1009929844848315
5a740aa955429974ef308ba3::working_set_pack_b,5a740aa955429974ef308ba3,1.0,1.0,True,True,0.27455954298132595,0.10003175625966086
5a740aa955429974ef308ba3::active_set_pack_b,5a740aa955429974ef308ba3,1.0,0.875,True,False,0.27455954298132595,0.06342441732981509
5ae331f955429928c423966f::working_set_pack_a,5ae331f955429928c423966f,1.0,0.875,True,False,0.21937910988197054,0.028220525168032116
5ae331f955429928c423966f::active_set_pack_a,5ae331f955429928c423966f,1.0,1.0,True,True,0.21937910988197054,0.04720514294473688
5ae331f955429928c423966f::working_set_pack_b,5ae331f955429928c423966f,1.0,1.0,True,True,0.21937910988197054,0.0441222362555394
5ae331f955429928c423966f::active_set_pack_b,5ae331f955429928c423966f,1.0,0.875,True,False,0.21937910988197054,0.03504170579199816
5ade4e43554299728e26c6bb::working_set_pack_a,5ade4e43554299728e26c6bb,1.0,1.0,True,True,0.17409316895955843,0.04712173315550089
5ade4e43554299728e26c6bb::active_set_pack_a,5ade4e43554299728e26c6bb,1.0,1.0,True,True,0.17409316895955843,0.0434363916755684
5ade4e43554299728e26c6bb::working_set_pack_b,5ade4e43554299728e26c6bb,0.875,0.875,False,False,0.17409316895955843,0.05539890941900161
5ade4e43554299728e26c6bb::active_set_pack_b,5ade4e43554299728e26c6bb,1.0,1.0,True,True,0.17409316895955843,0.036160444356026285
5ac25c4a55429951e9e6857f::working_set_pack_a,5ac25c4a55429951e9e6857f,1.0,1.0,True,True,0.10270231040503432,0.06788530732040395
5ac25c4a55429951e9e6857f::active_set_pack_a,5ac25c4a55429951e9e6857f,1.0,1.0,True,True,0.10270231040503432,0.06249976473800124
5ac25c4a55429951e9e6857f::working_set_pack_b,5ac25c4a55429951e9e6857f,1.0,0.75,True,False,0.10270231040503432,0.08451744989264567
5ac25c4a55429951e9e6857f::active_set_pack_b,5ac25c4a55429951e9e6857f,1.0,0.875,True,False,0.10270231040503432,0.09131771507737073
5ae79c2b5542993210983eae::working_set_pack_a,5ae79c2b5542993210983eae,1.0,1.0,True,True,0.32996823550125465,0.06235707389144469
5ae79c2b5542993210983eae::active_set_pack_a,5ae79c2b5542993210983eae,1.0,0.875,True,False,0.32996823550125465,0.09986640194599664
5ae79c2b5542993210983eae::working_set_pack_b,5ae79c2b5542993210983eae,1.0,1.0,True,True,0.32996823550125465,0.08030508934580115
5ae79c2b5542993210983eae::active_set_pack_b,5ae79c2b5542993210983eae,1.0,1.0,True,True,0.32996823550125465,0.05941987285866562
5a73e07655429905862fe0ea::working_set_pack_a,5a73e07655429905862fe0ea,1.0,1.0,True,True,0.11440495891464993,0.04343212608344095
5a73e07655429905862fe0ea::active_set_pack_a,5a73e07655429905862fe0ea,1.0,1.0,True,True,0.11440495891464993,0.07685509993197147
5a73e07655429905862fe0ea::working_set_pack_b,5a73e07655429905862fe0ea,1.0,1.0,True,True,0.11440495891464993,0.06910469917829415
5a73e07655429905862fe0ea::active_set_pack_b,5a73e07655429905862fe0ea,1.0,0.875,True,False,0.11440495891464993,0.048383879863078925
5a8885b4554299206df2b2e4::working_set_pack_a,5a8885b4554299206df2b2e4,1.0,0.75,True,False,0.0892328495574477,0.04915205247463625
5a8885b4554299206df2b2e4::active_set_pack_a,5a8885b4554299206df2b2e4,1.0,1.0,True,True,0.0892328495574477,0.05129173914996961
5a8885b4554299206df2b2e4::working_set_pack_b,5a8885b4554299206df2b2e4,1.0,1.0,True,True,0.0892328495574477,0.04861617659002918
5a8885b4554299206df2b2e4::active_set_pack_b,5a8885b4554299206df2b2e4,1.0,0.75,True,False,0.0892328495574477,0.04856046498054495
5a7d20b055429909bec76973::working_set_pack_a,5a7d20b055429909bec76973,1.0,0.75,True,False,0.06090725666729569,0.0324861442044329
5a7d20b055429909bec76973::active_set_pack_a,5a7d20b055429909bec76973,1.0,0.75,True,False,0.06090725666729569,0.01748788384319092
5a7d20b055429909bec76973::working_set_pack_b,5a7d20b055429909bec76973,1.0,0.875,True,False,0.06090725666729569,0.05010152318057946
5a7d20b055429909bec76973::active_set_pack_b,5a7d20b055429909bec76973,1.0,0.75,True,False,0.06090725666729569,0.02298377903270995
5a793e77554299029c4b5f36::working_set_pack_a,5a793e77554299029c4b5f36,0.875,0.75,False,False,0.15359150681247466,0.047382780004312904
5a793e77554299029c4b5f36::active_set_pack_a,5a793e77554299029c4b5f36,1.0,1.0,True,True,0.15359150681247466,0.03944546899235823
5a793e77554299029c4b5f36::working_set_pack_b,5a793e77554299029c4b5f36,1.0,0.875,True,False,0.15359150681247466,0.041771739655078265
5a793e77554299029c4b5f36::active_set_pack_b,5a793e77554299029c4b5f36,1.0,0.875,True,False,0.15359150681247466,0.05464436646555164
5a8906515542993b751ca8f0::working_set_pack_a,5a8906515542993b751ca8f0,1.0,1.0,True,True,0.06863592861971517,0.037069717264412945
5a8906515542993b751ca8f0::active_set_pack_a,5a8906515542993b751ca8f0,1.0,0.875,True,False,0.06863592861971517,0.03936586084032606
5a8906515542993b751ca8f0::working_set_pack_b,5a8906515542993b751ca8f0,1.0,0.875,True,False,0.06863592861971517,0.035752503790776595
5a8906515542993b751ca8f0::active_set_pack_b,5a8906515542993b751ca8f0,1.0,0.875,True,False,0.06863592861971517,0.0454209217595032
5adf6abe5542993344016c8c::working_set_pack_a,5adf6abe5542993344016c8c,1.0,1.0,True,True,0.2292476752082852,0.06900691941936964
5adf6abe5542993344016c8c::active_set_pack_a,5adf6abe5542993344016c8c,1.0,1.0,True,True,0.2292476752082852,0.06780129734563768
5adf6abe5542993344016c8c::working_set_pack_b,5adf6abe5542993344016c8c,1.0,0.875,True,False,0.2292476752082852,0.0594044761510229
5adf6abe5542993344016c8c::active_set_pack_b,5adf6abe5542993344016c8c,1.0,1.0,True,True,0.2292476752082852,0.06236932548464439
5ab51c455542990594ba9d0a::working_set_pack_a,5ab51c455542990594ba9d0a,1.0,1.0,True,True,0.13818063486659876,0.1033732822130823
5ab51c455542990594ba9d0a::active_set_pack_a,5ab51c455542990594ba9d0a,1.0,0.75,True,False,0.13818063486659876,0.09331787115975308
5ab51c455542990594ba9d0a::working_set_pack_b,5ab51c455542990594ba9d0a,1.0,0.875,True,False,0.13818063486659876,0.08973295591751312
5ab51c455542990594ba9d0a::active_set_pack_b,5ab51c455542990594ba9d0a,1.0,0.75,True,False,0.13818063486659876,0.09373589842399205
5ae12f915542997b2ef7d11f::working_set_pack_a,5ae12f915542997b2ef7d11f,1.0,0.75,True,False,0.24209524438938904,0.04450463271978576
5ae12f915542997b2ef7d11f::active_set_pack_a,5ae12f915542997b2ef7d11f,1.0,1.0,True,True,0.24209524438938904,0.04960180885114339
5ae12f915542997b2ef7d11f::working_set_pack_b,5ae12f915542997b2ef7d11f,1.0,1.0,True,True,0.24209524438938904,0.06177901629505192
5ae12f915542997b2ef7d11f::active_set_pack_b,5ae12f915542997b2ef7d11f,1.0,1.0,True,True,0.24209524438938904,0.05331694706149076
5adbdb8955429944faac2389::working_set_pack_a,5adbdb8955429944faac2389,1.0,0.875,True,False,0.2053976395433189,0.03944450104066684
5adbdb8955429944faac2389::active_set_pack_a,5adbdb8955429944faac2389,1.0,0.875,True,False,0.2053976395433189,0.036053305553905124
5adbdb8955429944faac2389::working_set_pack_b,5adbdb8955429944faac2389,1.0,0.875,True,False,0.2053976395433189,0.034711193061091244
5adbdb8955429944faac2389::active_set_pack_b,5adbdb8955429944faac2389,1.0,1.0,True,True,0.2053976395433189,0.038269232751674945
5a74a7bf55429929fddd8494::working_set_pack_a,5a74a7bf55429929fddd8494,1.0,0.5,True,False,0.09550558509485758,0.11642585465952801
5a74a7bf55429929fddd8494::active_set_pack_a,5a74a7bf55429929fddd8494,0.875,0.5,False,False,0.09550558509485758,0.09696803042843533
5a74a7bf55429929fddd8494::working_set_pack_b,5a74a7bf55429929fddd8494,0.875,0.75,False,False,0.09550558509485758,0.09650796526611147
5a74a7bf55429929fddd8494::active_set_pack_b,5a74a7bf55429929fddd8494,1.0,0.625,True,False,0.09550558509485758,0.08718618948165843
5a89a59555429946c8d6e97e::working_set_pack_a,5a89a59555429946c8d6e97e,1.0,1.0,True,True,0.17395911669371694,0.10681966138637597
5a89a59555429946c8d6e97e::active_set_pack_a,5a89a59555429946c8d6e97e,1.0,0.875,True,False,0.17395911669371694,0.10417256030674413
5a89a59555429946c8d6e97e::working_set_pack_b,5a89a59555429946c8d6e97e,1.0,0.875,True,False,0.17395911669371694,0.037079356954730906
5a89a59555429946c8d6e97e::active_set_pack_b,5a89a59555429946c8d6e97e,1.0,0.75,True,False,0.17395911669371694,0.032589474440249414
5abe37295542993f32c2a090::working_set_pack_a,5abe37295542993f32c2a090,1.0,0.875,True,False,0.18257624999997837,0.06724582317168992
5abe37295542993f32c2a090::active_set_pack_a,5abe37295542993f32c2a090,1.0,0.75,True,False,0.18257624999997837,0.04977706630764327
5abe37295542993f32c2a090::working_set_pack_b,5abe37295542993f32c2a090,1.0,1.0,True,True,0.18257624999997837,0.03643191181031668
5abe37295542993f32c2a090::active_set_pack_b,5abe37295542993f32c2a090,1.0,0.75,True,False,0.18257624999997837,0.04006307528377893
5adf54605542993a75d264c6::working_set_pack_a,5adf54605542993a75d264c6,1.0,0.875,True,False,0.15484970797370384,0.10574846058654606
5adf54605542993a75d264c6::active_set_pack_a,5adf54605542993a75d264c6,1.0,1.0,True,True,0.15484970797370384,0.09070436111866131
5adf54605542993a75d264c6::working_set_pack_b,5adf54605542993a75d264c6,0.875,0.875,False,False,0.15484970797370384,0.11011186805473933
5adf54605542993a75d264c6::active_set_pack_b,5adf54605542993a75d264c6,1.0,0.625,True,False,0.15484970797370384,0.06659807668001079
5a7792435542995d831811e4::working_set_pack_a,5a7792435542995d831811e4,1.0,0.875,True,False,0.06750351110719235,0.0364854220682231
5a7792435542995d831811e4::active_set_pack_a,5a7792435542995d831811e4,1.0,0.875,True,False,0.06750351110719235,0.04735562493036539
5a7792435542995d831811e4::working_set_pack_b,5a7792435542995d831811e4,1.0,1.0,True,True,0.06750351110719235,0.0374939061929426
5a7792435542995d831811e4::active_set_pack_b,5a7792435542995d831811e4,1.0,1.0,True,True,0.06750351110719235,0.027062710404219467
5a8a481a55429930ff3c0d5a::working_set_pack_a,5a8a481a55429930ff3c0d5a,1.0,0.875,True,False,0.16639380110689145,0.03856074095336636
5a8a481a55429930ff3c0d5a::active_set_pack_a,5a8a481a55429930ff3c0d5a,1.0,0.875,True,False,0.16639380110689145,0.04981566465967653
5a8a481a55429930ff3c0d5a::working_set_pack_b,5a8a481a55429930ff3c0d5a,1.0,0.875,True,False,0.16639380110689145,0.04891482752481367
5a8a481a55429930ff3c0d5a::active_set_pack_b,5a8a481a55429930ff3c0d5a,1.0,0.875,True,False,0.16639380110689145,0.03341961624454593
5ac269a455429951e9e685aa::working_set_pack_a,5ac269a455429951e9e685aa,1.0,0.625,True,False,0.10125007142363783,0.1016735035061004
5ac269a455429951e9e685aa::active_set_pack_a,5ac269a455429951e9e685aa,1.0,0.75,True,False,0.10125007142363783,0.10057149216741419
5ac269a455429951e9e685aa::working_set_pack_b,5ac269a455429951e9e685aa,1.0,0.875,True,False,0.10125007142363783,0.0643169995829842
5ac269a455429951e9e685aa::active_set_pack_b,5ac269a455429951e9e685aa,1.0,0.75,True,False,0.10125007142363783,0.06645691039343458
5a7cd27e55429909bec76827::working_set_pack_a,5a7cd27e55429909bec76827,1.0,0.75,True,False,0.1463865649397399,0.0408326101717823
5a7cd27e55429909bec76827::active_set_pack_a,5a7cd27e55429909bec76827,1.0,0.75,True,False,0.1463865649397399,0.01668496196246765
5a7cd27e55429909bec76827::working_set_pack_b,5a7cd27e55429909bec76827,1.0,0.75,True,False,0.1463865649397399,0.04323684553542559
5a7cd27e55429909bec76827::active_set_pack_b,5a7cd27e55429909bec76827,1.0,0.75,True,False,0.1463865649397399,0.019449217469279287
5adbf5e255429947ff17386c::working_set_pack_a,5adbf5e255429947ff17386c,1.0,1.0,True,True,0.16397843691733263,0.07045682862629873
5adbf5e255429947ff17386c::active_set_pack_a,5adbf5e255429947ff17386c,1.0,1.0,True,True,0.16397843691733263,0.06879928849640424
5adbf5e255429947ff17386c::working_set_pack_b,5adbf5e255429947ff17386c,1.0,0.875,True,False,0.16397843691733263,0.04782215881642267
5adbf5e255429947ff17386c::active_set_pack_b,5adbf5e255429947ff17386c,1.0,0.875,True,False,0.16397843691733263,0.07352416214856262
5a764341554299109176e6e9::working_set_pack_a,5a764341554299109176e6e9,1.0,1.0,True,True,0.13786510061034762,0.09950822069303082
5a764341554299109176e6e9::active_set_pack_a,5a764341554299109176e6e9,1.0,1.0,True,True,0.13786510061034762,0.06459051421731997
5a764341554299109176e6e9::working_set_pack_b,5a764341554299109176e6e9,1.0,0.875,True,False,0.13786510061034762,0.09876899564744897
5a764341554299109176e6e9::active_set_pack_b,5a764341554299109176e6e9,1.0,0.875,True,False,0.13786510061034762,0.09827637128502617
5a7ded525542990b8f503af2::working_set_pack_a,5a7ded525542990b8f503af2,1.0,1.0,True,True,0.15501087657838494,0.05893054887959777
5a7ded525542990b8f503af2::active_set_pack_a,5a7ded525542990b8f503af2,1.0,1.0,True,True,0.15501087657838494,0.06148141957496174
5a7ded525542990b8f503af2::working_set_pack_b,5a7ded525542990b8f503af2,1.0,1.0,True,True,0.15501087657838494,0.06560050234853394
5a7ded525542990b8f503af2::active_set_pack_b,5a7ded525542990b8f503af2,1.0,1.0,True,True,0.15501087657838494,0.0601862177630225
5ae3aebf5542992f92d8233d::working_set_pack_a,5ae3aebf5542992f92d8233d,1.0,0.75,True,False,0.08445098647443205,0.045419867324465575
5ae3aebf5542992f92d8233d::active_set_pack_a,5ae3aebf5542992f92d8233d,1.0,0.875,True,False,0.08445098647443205,0.04100212032821156
5ae3aebf5542992f92d8233d::working_set_pack_b,5ae3aebf5542992f92d8233d,1.0,0.875,True,False,0.08445098647443205,0.04885696477095755
5ae3aebf5542992f92d8233d::active_set_pack_b,5ae3aebf5542992f92d8233d,1.0,0.75,True,False,0.08445098647443205,0.05488888876930101
5a7e15255542997cc2c4751d::working_set_pack_a,5a7e15255542997cc2c4751d,1.0,1.0,True,True,0.4129948843562147,0.03323816703528819
5a7e15255542997cc2c4751d::active_set_pack_a,5a7e15255542997cc2c4751d,1.0,1.0,True,True,0.4129948843562147,0.0329044011990245
5a7e15255542997cc2c4751d::working_set_pack_b,5a7e15255542997cc2c4751d,1.0,1.0,True,True,0.4129948843562147,0.06083751347842836
5a7e15255542997cc2c4751d::active_set_pack_b,5a7e15255542997cc2c4751d,1.0,0.875,True,False,0.4129948843562147,0.044782596165955035
5a8a07475542992e4fca84dc::working_set_pack_a,5a8a07475542992e4fca84dc,1.0,0.875,True,False,0.031246963061219928,0.0
5a8a07475542992e4fca84dc::active_set_pack_a,5a8a07475542992e4fca84dc,1.0,0.75,True,False,0.031246963061219928,0.0
5a8a07475542992e4fca84dc::working_set_pack_b,5a8a07475542992e4fca84dc,1.0,0.75,True,False,0.031246963061219928,0.0
5a8a07475542992e4fca84dc::active_set_pack_b,5a8a07475542992e4fca84dc,1.0,0.875,True,False,0.031246963061219928,0.0
5a7fea955542994857a7684a::working_set_pack_a,5a7fea955542994857a7684a,1.0,0.75,True,False,0.16801498477691484,0.05028322441526529
5a7fea955542994857a7684a::active_set_pack_a,5a7fea955542994857a7684a,1.0,0.875,True,False,0.16801498477691484,0.05601098618502334
5a7fea955542994857a7684a::working_set_pack_b,5a7fea955542994857a7684a,1.0,0.875,True,False,0.16801498477691484,0.08084530589547699
5a7fea955542994857a7684a::active_set_pack_b,5a7fea955542994857a7684a,1.0,0.75,True,False,0.16801498477691484,0.06547035904853041
5ab98b2d554299131ca4236e::working_set_pack_a,5ab98b2d554299131ca4236e,1.0,0.75,True,False,0.3062856975675783,0.035084253013741504
5ab98b2d554299131ca4236e::active_set_pack_a,5ab98b2d554299131ca4236e,1.0,0.875,True,False,0.3062856975675783,0.02978556440390652
5ab98b2d554299131ca4236e::working_set_pack_b,5ab98b2d554299131ca4236e,1.0,0.875,True,False,0.3062856975675783,0.05837034215283962
5ab98b2d554299131ca4236e::active_set_pack_b,5ab98b2d554299131ca4236e,1.0,1.0,True,True,0.3062856975675783,0.030880058592503756
5ae717ec5542995703ce8bd0::working_set_pack_a,5ae717ec5542995703ce8bd0,1.0,1.0,True,True,0.4406693124460518,0.029405785881167934
5ae717ec5542995703ce8bd0::active_set_pack_a,5ae717ec5542995703ce8bd0,1.0,0.875,True,False,0.4406693124460518,0.04007258580000619
5ae717ec5542995703ce8bd0::working_set_pack_b,5ae717ec5542995703ce8bd0,1.0,1.0,True,True,0.4406693124460518,0.03973403967302594
5ae717ec5542995703ce8bd0::active_set_pack_b,5ae717ec5542995703ce8bd0,1.0,1.0,True,True,0.4406693124460518,0.048745168913882364
5a7b5e55554299042af8f755::working_set_pack_a,5a7b5e55554299042af8f755,1.0,0.875,True,False,0.16831061979015324,0.03454181222542826
5a7b5e55554299042af8f755::active_set_pack_a,5a7b5e55554299042af8f755,1.0,0.875,True,False,0.16831061979015324,0.046530640709787824
5a7b5e55554299042af8f755::working_set_pack_b,5a7b5e55554299042af8f755,1.0,1.0,True,True,0.16831061979015324,0.0400277230831262
5a7b5e55554299042af8f755::active_set_pack_b,5a7b5e55554299042af8f755,1.0,0.875,True,False,0.16831061979015324,0.03967663704719734
5a7b96cf554299042af8f789::working_set_pack_a,5a7b96cf554299042af8f789,1.0,0.875,True,False,0.1606530871730572,0.06392240690219908
5a7b96cf554299042af8f789::active_set_pack_a,5a7b96cf554299042af8f789,1.0,1.0,True,True,0.1606530871730572,0.060264397230365155
5a7b96cf554299042af8f789::working_set_pack_b,5a7b96cf554299042af8f789,1.0,1.0,True,True,0.1606530871730572,0.06336489372022883
5a7b96cf554299042af8f789::active_set_pack_b,5a7b96cf554299042af8f789,1.0,0.625,True,False,0.1606530871730572,0.06286223904437442
5adca6c05542994d58a2f696::working_set_pack_a,5adca6c05542994d58a2f696,1.0,0.625,True,False,0.061198393148260546,0.04544490147858721
5adca6c05542994d58a2f696::active_set_pack_a,5adca6c05542994d58a2f696,1.0,0.875,True,False,0.061198393148260546,0.03679966870512842
5adca6c05542994d58a2f696::working_set_pack_b,5adca6c05542994d58a2f696,1.0,0.5,True,False,0.061198393148260546,0.025023206965789784
5adca6c05542994d58a2f696::active_set_pack_b,5adca6c05542994d58a2f696,1.0,0.625,True,False,0.061198393148260546,0.05523185683833034
5ab2a4165542992953946786::working_set_pack_a,5ab2a4165542992953946786,1.0,0.875,True,False,0.06177897373126913,0.04561818262702158
5ab2a4165542992953946786::active_set_pack_a,5ab2a4165542992953946786,1.0,1.0,True,True,0.06177897373126913,0.03407957807515538
5ab2a4165542992953946786::working_set_pack_b,5ab2a4165542992953946786,0.875,0.75,False,False,0.06177897373126913,0.05626852956098209
5ab2a4165542992953946786::active_set_pack_b,5ab2a4165542992953946786,0.875,0.875,False,False,0.06177897373126913,0.03275098471181248
5ae092fe554299603e418427::working_set_pack_a,5ae092fe554299603e418427,1.0,0.875,True,False,0.16292311401244403,0.021648939863971317
5ae092fe554299603e418427::active_set_pack_a,5ae092fe554299603e418427,1.0,0.75,True,False,0.16292311401244403,0.04240283005154487
5ae092fe554299603e418427::working_set_pack_b,5ae092fe554299603e418427,1.0,0.75,True,False,0.16292311401244403,0.032135200796045704
5ae092fe554299603e418427::active_set_pack_b,5ae092fe554299603e418427,1.0,0.625,True,False,0.16292311401244403,0.040299896779553764
5ac16fca5542994ab5c67d32::working_set_pack_a,5ac16fca5542994ab5c67d32,1.0,1.0,True,True,0.2249694704525895,0.07122248160277107
5ac16fca5542994ab5c67d32::active_set_pack_a,5ac16fca5542994ab5c67d32,1.0,0.875,True,False,0.2249694704525895,0.08064718296664257
5ac16fca5542994ab5c67d32::working_set_pack_b,5ac16fca5542994ab5c67d32,1.0,1.0,True,True,0.2249694704525895,0.06566842592050368
5ac16fca5542994ab5c67d32::active_set_pack_b,5ac16fca5542994ab5c67d32,1.0,0.5,True,False,0.2249694704525895,0.06324119198558807
5ab29b23554299706120966c::working_set_pack_a,5ab29b23554299706120966c,1.0,0.875,True,False,0.31774205710685,0.10455572174599181
5ab29b23554299706120966c::active_set_pack_a,5ab29b23554299706120966c,1.0,0.875,True,False,0.31774205710685,0.10712718010245617
5ab29b23554299706120966c::working_set_pack_b,5ab29b23554299706120966c,1.0,1.0,True,True,0.31774205710685,0.12689961350570783
5ab29b23554299706120966c::active_set_pack_b,5ab29b23554299706120966c,1.0,0.5,True,False,0.31774205710685,0.10746684678462534
5a8019cb5542992bc0c4a6a6::working_set_pack_a,5a8019cb5542992bc0c4a6a6,1.0,1.0,True,True,0.33368159819971666,0.03984651553575647
5a8019cb5542992bc0c4a6a6::active_set_pack_a,5a8019cb5542992bc0c4a6a6,1.0,0.875,True,False,0.33368159819971666,0.046585385812561886
5a8019cb5542992bc0c4a6a6::working_set_pack_b,5a8019cb5542992bc0c4a6a6,1.0,0.75,True,False,0.33368159819971666,0.047542813033978136
5a8019cb5542992bc0c4a6a6::active_set_pack_b,5a8019cb5542992bc0c4a6a6,1.0,0.875,True,False,0.33368159819971666,0.04960754877183674
5a81f60e55429903bc27ba09::working_set_pack_a,5a81f60e55429903bc27ba09,1.0,1.0,True,True,0.37903339944871983,0.029161528233692252
5a81f60e55429903bc27ba09::active_set_pack_a,5a81f60e55429903bc27ba09,1.0,1.0,True,True,0.37903339944871983,0.03524428296410443
5a81f60e55429903bc27ba09::working_set_pack_b,5a81f60e55429903bc27ba09,1.0,0.875,True,False,0.37903339944871983,0.03307785242164743
5a81f60e55429903bc27ba09::active_set_pack_b,5a81f60e55429903bc27ba09,1.0,1.0,True,True,0.37903339944871983,0.03189658367492879
5a734c425542994cef4bc514::working_set_pack_a,5a734c425542994cef4bc514,1.0,0.75,True,False,0.09015286494887426,0.04139662656718364
5a734c425542994cef4bc514::active_set_pack_a,5a734c425542994cef4bc514,1.0,1.0,True,True,0.09015286494887426,0.058059305187996214
5a734c425542994cef4bc514::working_set_pack_b,5a734c425542994cef4bc514,1.0,1.0,True,True,0.09015286494887426,0.04583151637405927
5a734c425542994cef4bc514::active_set_pack_b,5a734c425542994cef4bc514,1.0,1.0,True,True,0.09015286494887426,0.045275630944337855
5a7724de5542993569682cf9::working_set_pack_a,5a7724de5542993569682cf9,1.0,1.0,True,True,0.16870873257408422,0.041850998240658716
5a7724de5542993569682cf9::active_set_pack_a,5a7724de5542993569682cf9,1.0,1.0,True,True,0.16870873257408422,0.04210962316082727
5a7724de5542993569682cf9::working_set_pack_b,5a7724de5542993569682cf9,1.0,1.0,True,True,0.16870873257408422,0.038725848600456574
5a7724de5542993569682cf9::active_set_pack_b,5a7724de5542993569682cf9,0.875,0.625,False,False,0.16870873257408422,0.04804900265707588
5ae25ac85542996483e64983::working_set_pack_a,5ae25ac85542996483e64983,1.0,0.75,True,False,0.5249177389923576,0.0849489542946013
5ae25ac85542996483e64983::active_set_pack_a,5ae25ac85542996483e64983,1.0,0.75,True,False,0.5249177389923576,0.09015860377459287
5ae25ac85542996483e64983::working_set_pack_b,5ae25ac85542996483e64983,1.0,0.875,True,False,0.5249177389923576,0.07259799041184495
5ae25ac85542996483e64983::active_set_pack_b,5ae25ac85542996483e64983,1.0,0.875,True,False,0.5249177389923576,0.0699547638144784
5a747efc55429929fddd8455::working_set_pack_a,5a747efc55429929fddd8455,1.0,0.875,True,False,0.10883747617670145,0.06442579544126142
5a747efc55429929fddd8455::active_set_pack_a,5a747efc55429929fddd8455,1.0,0.75,True,False,0.10883747617670145,0.06731712410876134
5a747efc55429929fddd8455::working_set_pack_b,5a747efc55429929fddd8455,1.0,1.0,True,True,0.10883747617670145,0.014163302329828813
5a747efc55429929fddd8455::active_set_pack_b,5a747efc55429929fddd8455,1.0,1.0,True,True,0.10883747617670145,0.0
5ae7c7355542993210983f46::working_set_pack_a,5ae7c7355542993210983f46,1.0,0.875,True,False,0.06551509507803527,0.02532709620955556
5ae7c7355542993210983f46::active_set_pack_a,5ae7c7355542993210983f46,1.0,0.75,True,False,0.06551509507803527,0.02609540310047504
5ae7c7355542993210983f46::working_set_pack_b,5ae7c7355542993210983f46,1.0,0.875,True,False,0.06551509507803527,0.028044027757329164
5ae7c7355542993210983f46::active_set_pack_b,5ae7c7355542993210983f46,1.0,0.75,True,False,0.06551509507803527,0.026905394871489182
5adccebc5542992c1e3a240d::working_set_pack_a,5adccebc5542992c1e3a240d,1.0,0.625,True,False,0.1984565795999223,0.028608152727381615
5adccebc5542992c1e3a240d::active_set_pack_a,5adccebc5542992c1e3a240d,1.0,0.75,True,False,0.1984565795999223,0.04100635814058895
5adccebc5542992c1e3a240d::working_set_pack_b,5adccebc5542992c1e3a240d,1.0,0.625,True,False,0.1984565795999223,0.03429499139830597
5adccebc5542992c1e3a240d::active_set_pack_b,5adccebc5542992c1e3a240d,1.0,0.625,True,False,0.1984565795999223,0.038395727986995226
5a734fb35542992359bc32f7::working_set_pack_a,5a734fb35542992359bc32f7,1.0,1.0,True,True,0.3034521256643491,0.04430999853181691
5a734fb35542992359bc32f7::active_set_pack_a,5a734fb35542992359bc32f7,1.0,0.875,True,False,0.3034521256643491,0.0464160935145705
5a734fb35542992359bc32f7::working_set_pack_b,5a734fb35542992359bc32f7,1.0,0.5,True,False,0.3034521256643491,0.042156821526508646
5a734fb35542992359bc32f7::active_set_pack_b,5a734fb35542992359bc32f7,1.0,0.75,True,False,0.3034521256643491,0.04238086981871804
5ae140415542997b2ef7d179::working_set_pack_a,5ae140415542997b2ef7d179,1.0,1.0,True,True,0.2204637198299239,0.06494797401768693
5ae140415542997b2ef7d179::active_set_pack_a,5ae140415542997b2ef7d179,1.0,1.0,True,True,0.2204637198299239,0.05239786426768289
5ae140415542997b2ef7d179::working_set_pack_b,5ae140415542997b2ef7d179,1.0,1.0,True,True,0.2204637198299239,0.04958396425763255
5ae140415542997b2ef7d179::active_set_pack_b,5ae140415542997b2ef7d179,1.0,1.0,True,True,0.2204637198299239,0.06798221566454277
5ae3e5f55542996836b02beb::working_set_pack_a,5ae3e5f55542996836b02beb,1.0,0.625,True,False,0.4482078289667894,0.0740002558883629
5ae3e5f55542996836b02beb::active_set_pack_a,5ae3e5f55542996836b02beb,1.0,0.5,True,False,0.4482078289667894,0.09992817942948143
5ae3e5f55542996836b02beb::working_set_pack_b,5ae3e5f55542996836b02beb,1.0,0.5,True,False,0.4482078289667894,0.09582063326281154
5ae3e5f55542996836b02beb::active_set_pack_b,5ae3e5f55542996836b02beb,1.0,0.625,True,False,0.4482078289667894,0.09530333905638239
5a8f612b5542992414482a99::working_set_pack_a,5a8f612b5542992414482a99,1.0,0.875,True,False,0.2654872577847744,0.049534972521704065
5a8f612b5542992414482a99::active_set_pack_a,5a8f612b5542992414482a99,1.0,1.0,True,True,0.2654872577847744,0.07208493659189145
5a8f612b5542992414482a99::working_set_pack_b,5a8f612b5542992414482a99,1.0,0.875,True,False,0.2654872577847744,0.04933395278022166
5a8f612b5542992414482a99::active_set_pack_b,5a8f612b5542992414482a99,1.0,1.0,True,True,0.2654872577847744,0.053957618871311695
5ae3e6f85542996836b02bee::working_set_pack_a,5ae3e6f85542996836b02bee,1.0,0.875,True,False,0.30663709016723323,0.07447128953584196
5ae3e6f85542996836b02bee::active_set_pack_a,5ae3e6f85542996836b02bee,1.0,0.875,True,False,0.30663709016723323,0.08844340768393218
5ae3e6f85542996836b02bee::working_set_pack_b,5ae3e6f85542996836b02bee,1.0,1.0,True,True,0.30663709016723323,0.06343291326983273
5ae3e6f85542996836b02bee::active_set_pack_b,5ae3e6f85542996836b02bee,1.0,1.0,True,True,0.30663709016723323,0.08354756636259478
5adef2be5542993a75d263b1::working_set_pack_a,5adef2be5542993a75d263b1,1.0,0.875,True,False,0.2077985878815539,0.07194044645891771
5adef2be5542993a75d263b1::active_set_pack_a,5adef2be5542993a75d263b1,1.0,1.0,True,True,0.2077985878815539,0.06216921198251222
5adef2be5542993a75d263b1::working_set_pack_b,5adef2be5542993a75d263b1,1.0,1.0,True,True,0.2077985878815539,0.07650058684671666
5adef2be5542993a75d263b1::active_set_pack_b,5adef2be5542993a75d263b1,1.0,1.0,True,True,0.2077985878815539,0.0506436749879007
5ae3e1815542992e3233c49f::working_set_pack_a,5ae3e1815542992e3233c49f,1.0,0.75,True,False,0.12102230258419482,0.12052229744198772
5ae3e1815542992e3233c49f::active_set_pack_a,5ae3e1815542992e3233c49f,1.0,0.75,True,False,0.12102230258419482,0.10421730487577745
5ae3e1815542992e3233c49f::working_set_pack_b,5ae3e1815542992e3233c49f,1.0,0.625,True,False,0.12102230258419482,0.0901271989700857
5ae3e1815542992e3233c49f::active_set_pack_b,5ae3e1815542992e3233c49f,1.0,0.75,True,False,0.12102230258419482,0.10711928633227272
5ac25b125542992f1f2b3872::working_set_pack_a,5ac25b125542992f1f2b3872,1.0,1.0,True,True,0.3515434135502995,0.03942572219309322
5ac25b125542992f1f2b3872::active_set_pack_a,5ac25b125542992f1f2b3872,1.0,0.875,True,False,0.3515434135502995,0.05599456471199224
5ac25b125542992f1f2b3872::working_set_pack_b,5ac25b125542992f1f2b3872,1.0,0.875,True,False,0.3515434135502995,0.04136206955719679
5ac25b125542992f1f2b3872::active_set_pack_b,5ac25b125542992f1f2b3872,1.0,1.0,True,True,0.3515434135502995,0.04955263572593322
5a80c65f55429938b61421d4::working_set_pack_a,5a80c65f55429938b61421d4,1.0,1.0,True,True,0.37592641115745734,0.04442132479513068
5a80c65f55429938b61421d4::active_set_pack_a,5a80c65f55429938b61421d4,1.0,1.0,True,True,0.37592641115745734,0.05593517544022232
5a80c65f55429938b61421d4::working_set_pack_b,5a80c65f55429938b61421d4,1.0,1.0,True,True,0.37592641115745734,0.04227663435498688
5a80c65f55429938b61421d4::active_set_pack_b,5a80c65f55429938b61421d4,1.0,1.0,True,True,0.37592641115745734,0.04794877445654887
5a813d4a554299260e20a277::working_set_pack_a,5a813d4a554299260e20a277,1.0,1.0,True,True,0.135446510155295,0.0431061628990591
5a813d4a554299260e20a277::active_set_pack_a,5a813d4a554299260e20a277,1.0,0.875,True,False,0.135446510155295,0.04657972511882483
5a813d4a554299260e20a277::working_set_pack_b,5a813d4a554299260e20a277,1.0,1.0,True,True,0.135446510155295,0.037223008899712806
5a813d4a554299260e20a277::active_set_pack_b,5a813d4a554299260e20a277,1.0,0.875,True,False,0.135446510155295,0.04181911959022526
