prompt_id,example_id,pca_auc,norm_auc,pca_top2_correct,norm_top2_correct,pca_variance_explained
5aba6de555429955dce3ee1d::working_set_pack_a,5aba6de555429955dce3ee1d,1.0,0.875,True,False,"[0.9664761424064636, 0.016486261039972305, 0.0108183017000556]"
5aba6de555429955dce3ee1d::active_set_pack_a,5aba6de555429955dce3ee1d,1.0,0.75,True,False,"[0.9623739719390869, 0.020978836342692375, 0.010887058451771736]"
5aba6de555429955dce3ee1d::working_set_pack_b,5aba6de555429955dce3ee1d,1.0,0.75,True,False,"[0.9737840294837952, 0.01263939868658781, 0.010018478147685528]"
5aba6de555429955dce3ee1d::active_set_pack_b,5aba6de555429955dce3ee1d,1.0,0.75,True,False,"[0.9625505208969116, 0.02024581842124462, 0.012868565507233143]"
5ae0abf655429945ae95940d::working_set_pack_a,5ae0abf655429945ae95940d,0.875,0.875,False,False,"[0.7484071254730225, 0.17411717772483826, 0.040863268077373505]"
5ae0abf655429945ae95940d::active_set_pack_a,5ae0abf655429945ae95940d,1.0,0.875,True,False,"[0.7808862328529358, 0.14924678206443787, 0.04157385230064392]"
5ae0abf655429945ae95940d::working_set_pack_b,5ae0abf655429945ae95940d,0.875,0.625,False,False,"[0.7492282390594482, 0.17616909742355347, 0.03877813369035721]"
5ae0abf655429945ae95940d::active_set_pack_b,5ae0abf655429945ae95940d,1.0,0.75,True,False,"[0.7063829898834229, 0.190328449010849, 0.05627663433551788]"
5a7ba64c5542995eb53be97b::working_set_pack_a,5a7ba64c5542995eb53be97b,1.0,0.75,True,False,"[0.8079031109809875, 0.10534337908029556, 0.03871075436472893]"
5a7ba64c5542995eb53be97b::active_set_pack_a,5a7ba64c5542995eb53be97b,1.0,0.75,True,False,"[0.8197862505912781, 0.09350739419460297, 0.03938334807753563]"
5a7ba64c5542995eb53be97b::working_set_pack_b,5a7ba64c5542995eb53be97b,0.75,0.625,False,False,"[0.8846257328987122, 0.061026617884635925, 0.02558361552655697]"
5a7ba64c5542995eb53be97b::active_set_pack_b,5a7ba64c5542995eb53be97b,0.875,0.625,False,False,"[0.8273085951805115, 0.09479489177465439, 0.043817877769470215]"
5a8f20d655429924144829dc::working_set_pack_a,5a8f20d655429924144829dc,1.0,0.875,True,False,"[0.45567262172698975, 0.20119737088680267, 0.17940379679203033]"
5a8f20d655429924144829dc::active_set_pack_a,5a8f20d655429924144829dc,1.0,1.0,True,True,"[0.5430119037628174, 0.1683993935585022, 0.14097650349140167]"
5a8f20d655429924144829dc::working_set_pack_b,5a8f20d655429924144829dc,1.0,0.75,True,False,"[0.6509562730789185, 0.1337151825428009, 0.09386173635721207]"
5a8f20d655429924144829dc::active_set_pack_b,5a8f20d655429924144829dc,1.0,0.75,True,False,"[0.7318554520606995, 0.1049717515707016, 0.08331577479839325]"
5ae70f035542991bbc9761b1::working_set_pack_a,5ae70f035542991bbc9761b1,1.0,0.75,True,False,"[0.9234516620635986, 0.03154172748327255, 0.020127365365624428]"
5ae70f035542991bbc9761b1::active_set_pack_a,5ae70f035542991bbc9761b1,0.875,0.75,False,False,"[0.9286539554595947, 0.02856539748609066, 0.01895708031952381]"
5ae70f035542991bbc9761b1::working_set_pack_b,5ae70f035542991bbc9761b1,0.75,0.875,False,False,"[0.9353001713752747, 0.025186898186802864, 0.019999904558062553]"
5ae70f035542991bbc9761b1::active_set_pack_b,5ae70f035542991bbc9761b1,0.875,0.75,False,False,"[0.9229472279548645, 0.033714089542627335, 0.020452028140425682]"
5ae0af9a5542993d6555ec17::working_set_pack_a,5ae0af9a5542993d6555ec17,1.0,1.0,True,True,"[0.4633304178714752, 0.3098188042640686, 0.13416825234889984]"
5ae0af9a5542993d6555ec17::active_set_pack_a,5ae0af9a5542993d6555ec17,1.0,1.0,True,True,"[0.4083085060119629, 0.35511696338653564, 0.1307329386472702]"
5ae0af9a5542993d6555ec17::working_set_pack_b,5ae0af9a5542993d6555ec17,1.0,1.0,True,True,"[0.4909002184867859, 0.3069375157356262, 0.10877073556184769]"
5ae0af9a5542993d6555ec17::active_set_pack_b,5ae0af9a5542993d6555ec17,1.0,1.0,True,True,"[0.45340695977211, 0.28351810574531555, 0.20371414721012115]"
5a76b649554299373536017f::working_set_pack_a,5a76b649554299373536017f,1.0,1.0,True,True,"[0.6342543959617615, 0.3369201719760895, 0.015209573321044445]"
5a76b649554299373536017f::active_set_pack_a,5a76b649554299373536017f,1.0,1.0,True,True,"[0.7227452397346497, 0.24802590906620026, 0.01595352776348591]"
5a76b649554299373536017f::working_set_pack_b,5a76b649554299373536017f,1.0,1.0,True,True,"[0.7158273458480835, 0.24921198189258575, 0.019767727702856064]"
5a76b649554299373536017f::active_set_pack_b,5a76b649554299373536017f,1.0,1.0,True,True,"[0.6775392293930054, 0.26796281337738037, 0.03307114169001579]"
5a778e1b5542995d831811c5::working_set_pack_a,5a778e1b5542995d831811c5,1.0,1.0,True,True,"[0.4831676483154297, 0.34952154755592346, 0.11505478620529175]"
5a778e1b5542995d831811c5::active_set_pack_a,5a778e1b5542995d831811c5,1.0,1.0,True,True,"[0.5349908471107483, 0.29005464911460876, 0.11608374118804932]"
5a778e1b5542995d831811c5::working_set_pack_b,5a778e1b5542995d831811c5,1.0,1.0,True,True,"[0.5130592584609985, 0.22793065011501312, 0.15617239475250244]"
5a778e1b5542995d831811c5::active_set_pack_b,5a778e1b5542995d831811c5,1.0,1.0,True,True,"[0.5136656165122986, 0.22499345242977142, 0.1646071821451187]"
5a7a0d665542990783324e14::working_set_pack_a,5a7a0d665542990783324e14,0.875,0.75,False,False,"[0.8716069459915161, 0.060775529593229294, 0.03190423548221588]"
5a7a0d665542990783324e14::active_set_pack_a,5a7a0d665542990783324e14,0.875,0.75,False,False,"[0.8639615774154663, 0.06627622991800308, 0.03376692160964012]"
5a7a0d665542990783324e14::working_set_pack_b,5a7a0d665542990783324e14,0.875,0.75,False,False,"[0.8887503743171692, 0.05540960282087326, 0.025861546397209167]"
5a7a0d665542990783324e14::active_set_pack_b,5a7a0d665542990783324e14,0.75,0.75,False,False,"[0.8786735534667969, 0.05601989105343819, 0.029997874051332474]"
5a82411055429940e5e1a815::working_set_pack_a,5a82411055429940e5e1a815,1.0,1.0,True,True,"[0.9689059257507324, 0.02151321806013584, 0.004186759237200022]"
5a82411055429940e5e1a815::active_set_pack_a,5a82411055429940e5e1a815,1.0,1.0,True,True,"[0.9752652049064636, 0.01773376204073429, 0.0035456859041005373]"
5a82411055429940e5e1a815::working_set_pack_b,5a82411055429940e5e1a815,1.0,1.0,True,True,"[0.9785141348838806, 0.010947098955512047, 0.005259391851723194]"
5a82411055429940e5e1a815::active_set_pack_b,5a82411055429940e5e1a815,1.0,1.0,True,True,"[0.9844332337379456, 0.0099538154900074, 0.002725238213315606]"
5a7c7a8f55429907fabeef9c::working_set_pack_a,5a7c7a8f55429907fabeef9c,1.0,1.0,True,True,"[0.5370596647262573, 0.3677515983581543, 0.06074000149965286]"
5a7c7a8f55429907fabeef9c::active_set_pack_a,5a7c7a8f55429907fabeef9c,1.0,1.0,True,True,"[0.4670162796974182, 0.4218713045120239, 0.07049467414617538]"
5a7c7a8f55429907fabeef9c::working_set_pack_b,5a7c7a8f55429907fabeef9c,1.0,1.0,True,True,"[0.5208008885383606, 0.39264345169067383, 0.05377428978681564]"
5a7c7a8f55429907fabeef9c::active_set_pack_b,5a7c7a8f55429907fabeef9c,1.0,1.0,True,True,"[0.48183688521385193, 0.42693302035331726, 0.07103881239891052]"
5a73589d55429901807dafd1::working_set_pack_a,5a73589d55429901807dafd1,1.0,1.0,True,True,"[0.8419070839881897, 0.10564175993204117, 0.02316599152982235]"
5a73589d55429901807dafd1::active_set_pack_a,5a73589d55429901807dafd1,1.0,1.0,True,True,"[0.8736417889595032, 0.07749435305595398, 0.022802194580435753]"
5a73589d55429901807dafd1::working_set_pack_b,5a73589d55429901807dafd1,1.0,1.0,True,True,"[0.797688364982605, 0.13639716804027557, 0.03527742251753807]"
5a73589d55429901807dafd1::active_set_pack_b,5a73589d55429901807dafd1,1.0,1.0,True,True,"[0.798236072063446, 0.12923379242420197, 0.04378041625022888]"
5add624c5542992200553adf::working_set_pack_a,5add624c5542992200553adf,0.875,0.75,False,False,"[0.5515457391738892, 0.23604094982147217, 0.12261725962162018]"
5add624c5542992200553adf::active_set_pack_a,5add624c5542992200553adf,0.875,0.75,False,False,"[0.5642545223236084, 0.2281157672405243, 0.12148227542638779]"
5add624c5542992200553adf::working_set_pack_b,5add624c5542992200553adf,0.875,0.75,False,False,"[0.6017122268676758, 0.27374202013015747, 0.08182206004858017]"
5add624c5542992200553adf::active_set_pack_b,5add624c5542992200553adf,0.875,0.75,False,False,"[0.5805802345275879, 0.21258851885795593, 0.13678443431854248]"
5ade14735542990dbb2f7f49::working_set_pack_a,5ade14735542990dbb2f7f49,1.0,1.0,True,True,"[0.9357135891914368, 0.057006798684597015, 0.0032779471948742867]"
5ade14735542990dbb2f7f49::active_set_pack_a,5ade14735542990dbb2f7f49,1.0,1.0,True,True,"[0.9464637041091919, 0.046007487922906876, 0.003290424821898341]"
5ade14735542990dbb2f7f49::working_set_pack_b,5ade14735542990dbb2f7f49,1.0,1.0,True,True,"[0.9144583344459534, 0.07611839473247528, 0.005981097463518381]"
5ade14735542990dbb2f7f49::active_set_pack_b,5ade14735542990dbb2f7f49,1.0,1.0,True,True,"[0.9621994495391846, 0.029873628169298172, 0.003090279409661889]"
5ade18635542997c77aded3e::working_set_pack_a,5ade18635542997c77aded3e,1.0,0.75,True,False,"[0.9423016905784607, 0.026269719004631042, 0.018899165093898773]"
5ade18635542997c77aded3e::active_set_pack_a,5ade18635542997c77aded3e,1.0,0.625,True,False,"[0.9406052827835083, 0.027858968824148178, 0.02019205503165722]"
5ade18635542997c77aded3e::working_set_pack_b,5ade18635542997c77aded3e,1.0,0.625,True,False,"[0.9267795085906982, 0.03538060933351517, 0.02462000586092472]"
5ade18635542997c77aded3e::active_set_pack_b,5ade18635542997c77aded3e,0.875,0.625,False,False,"[0.9377914667129517, 0.029073191806674004, 0.019730612635612488]"
5ab1c5cb554299722f9b4c61::working_set_pack_a,5ab1c5cb554299722f9b4c61,1.0,1.0,True,True,"[0.7587636709213257, 0.22280274331569672, 0.010049228556454182]"
5ab1c5cb554299722f9b4c61::active_set_pack_a,5ab1c5cb554299722f9b4c61,1.0,1.0,True,True,"[0.7929680347442627, 0.18771831691265106, 0.010580603033304214]"
5ab1c5cb554299722f9b4c61::working_set_pack_b,5ab1c5cb554299722f9b4c61,1.0,1.0,True,True,"[0.7378310561180115, 0.24400818347930908, 0.010024701245129108]"
5ab1c5cb554299722f9b4c61::active_set_pack_b,5ab1c5cb554299722f9b4c61,1.0,1.0,True,True,"[0.813190221786499, 0.1602310836315155, 0.010822071693837643]"
5ae73a195542991e8301cbfd::working_set_pack_a,5ae73a195542991e8301cbfd,1.0,1.0,True,True,"[0.6538519263267517, 0.30675068497657776, 0.02278236858546734]"
5ae73a195542991e8301cbfd::active_set_pack_a,5ae73a195542991e8301cbfd,1.0,1.0,True,True,"[0.5842640995979309, 0.37761977314949036, 0.021272340789437294]"
5ae73a195542991e8301cbfd::working_set_pack_b,5ae73a195542991e8301cbfd,1.0,1.0,True,True,"[0.835049033164978, 0.1224023848772049, 0.02262389287352562]"
5ae73a195542991e8301cbfd::active_set_pack_b,5ae73a195542991e8301cbfd,1.0,1.0,True,True,"[0.7724450826644897, 0.14381380379199982, 0.03863290697336197]"
5ab55478554299488d4d993d::working_set_pack_a,5ab55478554299488d4d993d,1.0,0.75,True,False,"[0.6647130846977234, 0.15904825925827026, 0.1452338844537735]"
5ab55478554299488d4d993d::active_set_pack_a,5ab55478554299488d4d993d,1.0,0.75,True,False,"[0.6888591051101685, 0.14356158673763275, 0.13707959651947021]"
5ab55478554299488d4d993d::working_set_pack_b,5ab55478554299488d4d993d,1.0,0.75,True,False,"[0.5364050269126892, 0.23155632615089417, 0.1773814707994461]"
5ab55478554299488d4d993d::active_set_pack_b,5ab55478554299488d4d993d,1.0,0.75,True,False,"[0.6800848841667175, 0.1770799309015274, 0.10882989317178726]"
5ab373d6554299233954ff53::working_set_pack_a,5ab373d6554299233954ff53,0.875,0.625,False,False,"[0.7761397361755371, 0.14209049940109253, 0.03371862694621086]"
5ab373d6554299233954ff53::active_set_pack_a,5ab373d6554299233954ff53,0.875,0.5,False,False,"[0.8192843794822693, 0.11306692659854889, 0.027434010058641434]"
5ab373d6554299233954ff53::working_set_pack_b,5ab373d6554299233954ff53,0.875,0.5,False,False,"[0.8812724947929382, 0.057169534265995026, 0.02889244444668293]"
5ab373d6554299233954ff53::active_set_pack_b,5ab373d6554299233954ff53,0.875,0.5,False,False,"[0.8747656941413879, 0.06124544143676758, 0.030609983950853348]"
5a7a8dab554299042af8f66a::working_set_pack_a,5a7a8dab554299042af8f66a,1.0,1.0,True,True,"[0.4389515221118927, 0.26551324129104614, 0.16505536437034607]"
5a7a8dab554299042af8f66a::active_set_pack_a,5a7a8dab554299042af8f66a,1.0,0.875,True,False,"[0.48654767870903015, 0.25040918588638306, 0.1514522135257721]"
5a7a8dab554299042af8f66a::working_set_pack_b,5a7a8dab554299042af8f66a,1.0,0.75,True,False,"[0.48073041439056396, 0.22505174577236176, 0.1753646731376648]"
5a7a8dab554299042af8f66a::active_set_pack_b,5a7a8dab554299042af8f66a,1.0,0.625,True,False,"[0.5905555486679077, 0.19821208715438843, 0.10545070469379425]"
5ab3020e55429976abd1bc1a::working_set_pack_a,5ab3020e55429976abd1bc1a,1.0,1.0,True,True,"[0.6789431571960449, 0.23274709284305573, 0.06981560587882996]"
5ab3020e55429976abd1bc1a::active_set_pack_a,5ab3020e55429976abd1bc1a,1.0,1.0,True,True,"[0.7211502194404602, 0.19948014616966248, 0.06043565645813942]"
5ab3020e55429976abd1bc1a::working_set_pack_b,5ab3020e55429976abd1bc1a,1.0,1.0,True,True,"[0.616231381893158, 0.2028515636920929, 0.15784339606761932]"
5ab3020e55429976abd1bc1a::active_set_pack_b,5ab3020e55429976abd1bc1a,1.0,1.0,True,True,"[0.5629042387008667, 0.21893711388111115, 0.19416512548923492]"
5ae726a1554299572ea54738::working_set_pack_a,5ae726a1554299572ea54738,1.0,0.625,True,False,"[0.9705519676208496, 0.011611131019890308, 0.008712590672075748]"
5ae726a1554299572ea54738::active_set_pack_a,5ae726a1554299572ea54738,1.0,0.625,True,False,"[0.9656420350074768, 0.012738979421555996, 0.010258510708808899]"
5ae726a1554299572ea54738::working_set_pack_b,5ae726a1554299572ea54738,1.0,0.625,True,False,"[0.9694862365722656, 0.013793005608022213, 0.00812534336000681]"
5ae726a1554299572ea54738::active_set_pack_b,5ae726a1554299572ea54738,1.0,0.625,True,False,"[0.9715403318405151, 0.01182629819959402, 0.008663670159876347]"
5a8b10c655429949d91db49c::working_set_pack_a,5a8b10c655429949d91db49c,1.0,0.875,True,False,"[0.5219462513923645, 0.2550196349620819, 0.13346810638904572]"
5a8b10c655429949d91db49c::active_set_pack_a,5a8b10c655429949d91db49c,1.0,0.875,True,False,"[0.4906083047389984, 0.2711746394634247, 0.1434032917022705]"
5a8b10c655429949d91db49c::working_set_pack_b,5a8b10c655429949d91db49c,1.0,0.875,True,False,"[0.613822877407074, 0.23989653587341309, 0.0901997834444046]"
5a8b10c655429949d91db49c::active_set_pack_b,5a8b10c655429949d91db49c,1.0,1.0,True,True,"[0.5781967639923096, 0.27149808406829834, 0.09719144552946091]"
5ab3f9b95542992ade7c6f09::working_set_pack_a,5ab3f9b95542992ade7c6f09,0.75,0.75,False,False,"[0.9344442486763, 0.03184311091899872, 0.01726207695901394]"
5ab3f9b95542992ade7c6f09::active_set_pack_a,5ab3f9b95542992ade7c6f09,0.75,0.875,False,False,"[0.9306090474128723, 0.03180708736181259, 0.018382618203759193]"
5ab3f9b95542992ade7c6f09::working_set_pack_b,5ab3f9b95542992ade7c6f09,0.875,0.875,False,False,"[0.949633777141571, 0.02853347733616829, 0.010842825286090374]"
5ab3f9b95542992ade7c6f09::active_set_pack_b,5ab3f9b95542992ade7c6f09,0.875,0.875,False,False,"[0.9462229609489441, 0.029179377481341362, 0.01024490687996149]"
5ade45ed554299728e26c699::working_set_pack_a,5ade45ed554299728e26c699,1.0,1.0,True,True,"[0.5135675668716431, 0.44508710503578186, 0.019472386687994003]"
5ade45ed554299728e26c699::active_set_pack_a,5ade45ed554299728e26c699,1.0,1.0,True,True,"[0.5642262697219849, 0.3911656439304352, 0.02343233861029148]"
5ade45ed554299728e26c699::working_set_pack_b,5ade45ed554299728e26c699,1.0,1.0,True,True,"[0.6638450026512146, 0.3020889461040497, 0.019901158288121223]"
5ade45ed554299728e26c699::active_set_pack_b,5ade45ed554299728e26c699,1.0,1.0,True,True,"[0.4992683529853821, 0.4492286145687103, 0.03794373571872711]"
5adc432d55429944faac24a1::working_set_pack_a,5adc432d55429944faac24a1,1.0,0.875,True,False,"[0.815547525882721, 0.08683530241250992, 0.06970870494842529]"
5adc432d55429944faac24a1::active_set_pack_a,5adc432d55429944faac24a1,1.0,1.0,True,True,"[0.8810125589370728, 0.05883605405688286, 0.037747710943222046]"
5adc432d55429944faac24a1::working_set_pack_b,5adc432d55429944faac24a1,1.0,0.875,True,False,"[0.8086406588554382, 0.094500333070755, 0.077973872423172]"
5adc432d55429944faac24a1::active_set_pack_b,5adc432d55429944faac24a1,1.0,1.0,True,True,"[0.7885164022445679, 0.10079852491617203, 0.08627571165561676]"
5adcf98255429947343537e9::working_set_pack_a,5adcf98255429947343537e9,0.75,0.5,False,False,"[0.6991326212882996, 0.14272688329219818, 0.09687405824661255]"
5adcf98255429947343537e9::active_set_pack_a,5adcf98255429947343537e9,0.75,0.5,False,False,"[0.6893527507781982, 0.1469046026468277, 0.10168150067329407]"
5adcf98255429947343537e9::working_set_pack_b,5adcf98255429947343537e9,0.75,0.625,False,False,"[0.6128384470939636, 0.22545155882835388, 0.10157355666160583]"
5adcf98255429947343537e9::active_set_pack_b,5adcf98255429947343537e9,0.75,0.5,False,False,"[0.6776682138442993, 0.2038288712501526, 0.07597218453884125]"
5ab285d0554299340b5254fa::working_set_pack_a,5ab285d0554299340b5254fa,1.0,0.75,True,False,"[0.8259615898132324, 0.10441480576992035, 0.03542828932404518]"
5ab285d0554299340b5254fa::active_set_pack_a,5ab285d0554299340b5254fa,1.0,0.75,True,False,"[0.8285945057868958, 0.10769892483949661, 0.03280896693468094]"
5ab285d0554299340b5254fa::working_set_pack_b,5ab285d0554299340b5254fa,1.0,0.75,True,False,"[0.8334287405014038, 0.10222487896680832, 0.03425199165940285]"
5ab285d0554299340b5254fa::active_set_pack_b,5ab285d0554299340b5254fa,0.875,0.75,False,False,"[0.8492552638053894, 0.09183686226606369, 0.034513555467128754]"
5a7317535542994cef4bc450::working_set_pack_a,5a7317535542994cef4bc450,1.0,1.0,True,True,"[0.7492625713348389, 0.18469610810279846, 0.0514102429151535]"
5a7317535542994cef4bc450::active_set_pack_a,5a7317535542994cef4bc450,1.0,1.0,True,True,"[0.7646477222442627, 0.1744675189256668, 0.04628346115350723]"
5a7317535542994cef4bc450::working_set_pack_b,5a7317535542994cef4bc450,1.0,1.0,True,True,"[0.8719289302825928, 0.07867889851331711, 0.03797373175621033]"
5a7317535542994cef4bc450::active_set_pack_b,5a7317535542994cef4bc450,1.0,1.0,True,True,"[0.7383973598480225, 0.21259596943855286, 0.034781187772750854]"
5a8d15b75542994ba4e3dbea::working_set_pack_a,5a8d15b75542994ba4e3dbea,1.0,1.0,True,True,"[0.9750226736068726, 0.012658488936722279, 0.006979728117585182]"
5a8d15b75542994ba4e3dbea::active_set_pack_a,5a8d15b75542994ba4e3dbea,1.0,1.0,True,True,"[0.9665123224258423, 0.018742920830845833, 0.008307293057441711]"
5a8d15b75542994ba4e3dbea::working_set_pack_b,5a8d15b75542994ba4e3dbea,1.0,1.0,True,True,"[0.9731215834617615, 0.015100673772394657, 0.007797427475452423]"
5a8d15b75542994ba4e3dbea::active_set_pack_b,5a8d15b75542994ba4e3dbea,1.0,1.0,True,True,"[0.945445716381073, 0.03093535080552101, 0.015635456889867783]"
5a903a4855429933b8a204a9::working_set_pack_a,5a903a4855429933b8a204a9,1.0,1.0,True,True,"[0.6251060366630554, 0.3319917917251587, 0.02789677307009697]"
5a903a4855429933b8a204a9::active_set_pack_a,5a903a4855429933b8a204a9,1.0,1.0,True,True,"[0.6664438843727112, 0.29194533824920654, 0.02739202417433262]"
5a903a4855429933b8a204a9::working_set_pack_b,5a903a4855429933b8a204a9,1.0,1.0,True,True,"[0.6004530787467957, 0.35088056325912476, 0.023438623175024986]"
5a903a4855429933b8a204a9::active_set_pack_b,5a903a4855429933b8a204a9,1.0,1.0,True,True,"[0.5941689014434814, 0.3658688962459564, 0.023913124576210976]"
5abae247554299660624165c::working_set_pack_a,5abae247554299660624165c,1.0,1.0,True,True,"[0.6744629144668579, 0.28212735056877136, 0.03454945981502533]"
5abae247554299660624165c::active_set_pack_a,5abae247554299660624165c,1.0,1.0,True,True,"[0.5672414302825928, 0.38523852825164795, 0.040094032883644104]"
5abae247554299660624165c::working_set_pack_b,5abae247554299660624165c,1.0,1.0,True,True,"[0.806301474571228, 0.15381808578968048, 0.03022197261452675]"
5abae247554299660624165c::active_set_pack_b,5abae247554299660624165c,1.0,1.0,True,True,"[0.5565237998962402, 0.39779824018478394, 0.03754455968737602]"
5a8113ca55429938b61422ab::working_set_pack_a,5a8113ca55429938b61422ab,1.0,1.0,True,True,"[0.45218193531036377, 0.32290399074554443, 0.19895407557487488]"
5a8113ca55429938b61422ab::active_set_pack_a,5a8113ca55429938b61422ab,1.0,0.875,True,False,"[0.4963013827800751, 0.26500368118286133, 0.2126222550868988]"
5a8113ca55429938b61422ab::working_set_pack_b,5a8113ca55429938b61422ab,1.0,1.0,True,True,"[0.6802202463150024, 0.1954355388879776, 0.10418644547462463]"
5a8113ca55429938b61422ab::active_set_pack_b,5a8113ca55429938b61422ab,1.0,0.875,True,False,"[0.576640784740448, 0.21505917608737946, 0.171995148062706]"
5abb1cc55542992ccd8e7f16::working_set_pack_a,5abb1cc55542992ccd8e7f16,1.0,1.0,True,True,"[0.6949377059936523, 0.22382941842079163, 0.05045551061630249]"
5abb1cc55542992ccd8e7f16::active_set_pack_a,5abb1cc55542992ccd8e7f16,1.0,1.0,True,True,"[0.7153007388114929, 0.21019406616687775, 0.046737805008888245]"
5abb1cc55542992ccd8e7f16::working_set_pack_b,5abb1cc55542992ccd8e7f16,1.0,1.0,True,True,"[0.8945724964141846, 0.06272675096988678, 0.027589062228798866]"
5abb1cc55542992ccd8e7f16::active_set_pack_b,5abb1cc55542992ccd8e7f16,1.0,1.0,True,True,"[0.8621629476547241, 0.08152952790260315, 0.035052161663770676]"
5a80df91554299260e20a198::working_set_pack_a,5a80df91554299260e20a198,1.0,1.0,True,True,"[0.5315274596214294, 0.324268102645874, 0.12636424601078033]"
5a80df91554299260e20a198::active_set_pack_a,5a80df91554299260e20a198,1.0,1.0,True,True,"[0.5401804447174072, 0.3381558656692505, 0.10305628180503845]"
5a80df91554299260e20a198::working_set_pack_b,5a80df91554299260e20a198,1.0,1.0,True,True,"[0.5522239804267883, 0.3865875005722046, 0.043734531849622726]"
5a80df91554299260e20a198::active_set_pack_b,5a80df91554299260e20a198,1.0,1.0,True,True,"[0.6980720162391663, 0.22578270733356476, 0.04608699679374695]"
5a7d549f5542991319bc93ad::working_set_pack_a,5a7d549f5542991319bc93ad,0.875,0.5,False,False,"[0.8217218518257141, 0.09798465669155121, 0.03356573358178139]"
5a7d549f5542991319bc93ad::active_set_pack_a,5a7d549f5542991319bc93ad,0.875,0.5,False,False,"[0.8461230993270874, 0.08720079064369202, 0.02984035387635231]"
5a7d549f5542991319bc93ad::working_set_pack_b,5a7d549f5542991319bc93ad,0.875,0.5,False,False,"[0.8625422120094299, 0.0766177847981453, 0.032990071922540665]"
5a7d549f5542991319bc93ad::active_set_pack_b,5a7d549f5542991319bc93ad,0.875,0.5,False,False,"[0.8065683841705322, 0.11719322949647903, 0.0562000498175621]"
5ae68e9d55429908198fa60e::working_set_pack_a,5ae68e9d55429908198fa60e,0.75,0.5,False,False,"[0.6808655858039856, 0.2827698886394501, 0.014306946657598019]"
5ae68e9d55429908198fa60e::active_set_pack_a,5ae68e9d55429908198fa60e,0.75,0.5,False,False,"[0.6488317847251892, 0.3131367266178131, 0.014741726219654083]"
5ae68e9d55429908198fa60e::working_set_pack_b,5ae68e9d55429908198fa60e,0.75,0.5,False,False,"[0.496401846408844, 0.45777428150177, 0.02185516245663166]"
5ae68e9d55429908198fa60e::active_set_pack_b,5ae68e9d55429908198fa60e,0.75,0.625,False,False,"[0.5553750395774841, 0.3879043459892273, 0.03224460408091545]"
5a8285be55429966c78a6a41::working_set_pack_a,5a8285be55429966c78a6a41,1.0,1.0,True,True,"[0.8453227281570435, 0.1385296732187271, 0.011098917573690414]"
5a8285be55429966c78a6a41::active_set_pack_a,5a8285be55429966c78a6a41,1.0,1.0,True,True,"[0.8688839077949524, 0.11608266830444336, 0.008680058643221855]"
5a8285be55429966c78a6a41::working_set_pack_b,5a8285be55429966c78a6a41,1.0,1.0,True,True,"[0.9187426567077637, 0.0598967969417572, 0.011591791175305843]"
5a8285be55429966c78a6a41::active_set_pack_b,5a8285be55429966c78a6a41,1.0,1.0,True,True,"[0.9300830960273743, 0.04378946125507355, 0.012800555676221848]"
5a8e58cb5542990e94052ae0::working_set_pack_a,5a8e58cb5542990e94052ae0,0.875,0.75,False,False,"[0.7252314686775208, 0.25251486897468567, 0.017018919810652733]"
5a8e58cb5542990e94052ae0::active_set_pack_a,5a8e58cb5542990e94052ae0,1.0,0.75,True,False,"[0.621940016746521, 0.34745848178863525, 0.024106191471219063]"
5a8e58cb5542990e94052ae0::working_set_pack_b,5a8e58cb5542990e94052ae0,0.875,0.75,False,False,"[0.5999397039413452, 0.366517573595047, 0.025452978909015656]"
5a8e58cb5542990e94052ae0::active_set_pack_b,5a8e58cb5542990e94052ae0,1.0,0.75,True,False,"[0.6857946515083313, 0.2624704837799072, 0.035304758697748184]"
5a72d90d55429901807daf53::working_set_pack_a,5a72d90d55429901807daf53,1.0,0.875,True,False,"[0.9028565883636475, 0.06762444972991943, 0.014709602110087872]"
5a72d90d55429901807daf53::active_set_pack_a,5a72d90d55429901807daf53,1.0,0.75,True,False,"[0.9269713163375854, 0.04748309403657913, 0.012207668274641037]"
5a72d90d55429901807daf53::working_set_pack_b,5a72d90d55429901807daf53,1.0,0.75,True,False,"[0.9206182956695557, 0.05380105972290039, 0.011677558533847332]"
5a72d90d55429901807daf53::active_set_pack_b,5a72d90d55429901807daf53,1.0,0.75,True,False,"[0.9187554121017456, 0.04712394252419472, 0.017636949196457863]"
5ab6a327554299110f219a45::working_set_pack_a,5ab6a327554299110f219a45,0.875,0.625,False,False,"[0.5708656311035156, 0.4203682243824005, 0.004445169121026993]"
5ab6a327554299110f219a45::active_set_pack_a,5ab6a327554299110f219a45,0.875,0.625,False,False,"[0.5743612051010132, 0.41482871770858765, 0.0050856270827353]"
5ab6a327554299110f219a45::working_set_pack_b,5ab6a327554299110f219a45,0.875,0.625,False,False,"[0.5595371723175049, 0.42702803015708923, 0.0075123850256204605]"
5ab6a327554299110f219a45::active_set_pack_b,5ab6a327554299110f219a45,0.875,0.625,False,False,"[0.7004958391189575, 0.2854050397872925, 0.007060616742819548]"
5adc0856554299438c868d0d::working_set_pack_a,5adc0856554299438c868d0d,1.0,1.0,True,True,"[0.7515614032745361, 0.12183664739131927, 0.056521303951740265]"
5adc0856554299438c868d0d::active_set_pack_a,5adc0856554299438c868d0d,1.0,1.0,True,True,"[0.7974236607551575, 0.08493921905755997, 0.053199972957372665]"
5adc0856554299438c868d0d::working_set_pack_b,5adc0856554299438c868d0d,1.0,1.0,True,True,"[0.8071558475494385, 0.12986944615840912, 0.02862783521413803]"
5adc0856554299438c868d0d::active_set_pack_b,5adc0856554299438c868d0d,1.0,1.0,True,True,"[0.7007337212562561, 0.2290937453508377, 0.03459247574210167]"
5a7fb04d55429969796c1b24::working_set_pack_a,5a7fb04d55429969796c1b24,0.875,0.75,False,False,"[0.8525628447532654, 0.06879741698503494, 0.05463733151555061]"
5a7fb04d55429969796c1b24::active_set_pack_a,5a7fb04d55429969796c1b24,0.875,0.75,False,False,"[0.8117167949676514, 0.09329016506671906, 0.06176996976137161]"
5a7fb04d55429969796c1b24::working_set_pack_b,5a7fb04d55429969796c1b24,0.875,0.75,False,False,"[0.8777437806129456, 0.05829019844532013, 0.04534567520022392]"
5a7fb04d55429969796c1b24::active_set_pack_b,5a7fb04d55429969796c1b24,0.875,0.75,False,False,"[0.8268609046936035, 0.08420810848474503, 0.058274492621421814]"
5a790e91554299078472779e::working_set_pack_a,5a790e91554299078472779e,0.625,0.5,False,False,"[0.9115955829620361, 0.03532037511467934, 0.0237737949937582]"
5a790e91554299078472779e::active_set_pack_a,5a790e91554299078472779e,0.625,0.5,False,False,"[0.9339125752449036, 0.022730376571416855, 0.01858767308294773]"
5a790e91554299078472779e::working_set_pack_b,5a790e91554299078472779e,0.75,0.5,False,False,"[0.9394569993019104, 0.02509653940796852, 0.013708798214793205]"
5a790e91554299078472779e::active_set_pack_b,5a790e91554299078472779e,0.75,0.5,False,False,"[0.9272106885910034, 0.02887565828859806, 0.019231412559747696]"
5a759ce25542996c70cfaf0e::working_set_pack_a,5a759ce25542996c70cfaf0e,1.0,1.0,True,True,"[0.9273900389671326, 0.03024248220026493, 0.018592068925499916]"
5a759ce25542996c70cfaf0e::active_set_pack_a,5a759ce25542996c70cfaf0e,0.875,1.0,False,True,"[0.9368999004364014, 0.025382328778505325, 0.015906888991594315]"
5a759ce25542996c70cfaf0e::working_set_pack_b,5a759ce25542996c70cfaf0e,0.875,0.75,False,False,"[0.9218624830245972, 0.028835371136665344, 0.02361476607620716]"
5a759ce25542996c70cfaf0e::active_set_pack_b,5a759ce25542996c70cfaf0e,1.0,0.75,True,False,"[0.9302664995193481, 0.027169756591320038, 0.02016143687069416]"
5ae3e9995542995dadf24247::working_set_pack_a,5ae3e9995542995dadf24247,1.0,1.0,True,True,"[0.9233158230781555, 0.054445356130599976, 0.010199826210737228]"
5ae3e9995542995dadf24247::active_set_pack_a,5ae3e9995542995dadf24247,1.0,1.0,True,True,"[0.8844280242919922, 0.08809588104486465, 0.012271130457520485]"
5ae3e9995542995dadf24247::working_set_pack_b,5ae3e9995542995dadf24247,1.0,1.0,True,True,"[0.8444598913192749, 0.11022345721721649, 0.025887368246912956]"
5ae3e9995542995dadf24247::active_set_pack_b,5ae3e9995542995dadf24247,1.0,1.0,True,True,"[0.9098876714706421, 0.05380677059292793, 0.021487081423401833]"
5a73668e55429901807db02e::working_set_pack_a,5a73668e55429901807db02e,1.0,1.0,True,True,"[0.5279644727706909, 0.44592899084091187, 0.01776520349085331]"
5a73668e55429901807db02e::active_set_pack_a,5a73668e55429901807db02e,1.0,1.0,True,True,"[0.4911705553531647, 0.4834921061992645, 0.016073592007160187]"
5a73668e55429901807db02e::working_set_pack_b,5a73668e55429901807db02e,1.0,1.0,True,True,"[0.49256226420402527, 0.4774455726146698, 0.01974979043006897]"
5a73668e55429901807db02e::active_set_pack_b,5a73668e55429901807db02e,1.0,1.0,True,True,"[0.5573141574859619, 0.40477636456489563, 0.02398042567074299]"
5a8ba093554299240d9c203f::working_set_pack_a,5a8ba093554299240d9c203f,1.0,1.0,True,True,"[0.936927318572998, 0.02833520993590355, 0.01903531700372696]"
5a8ba093554299240d9c203f::active_set_pack_a,5a8ba093554299240d9c203f,1.0,1.0,True,True,"[0.9351212382316589, 0.02950890175998211, 0.019942311570048332]"
5a8ba093554299240d9c203f::working_set_pack_b,5a8ba093554299240d9c203f,0.875,0.75,False,False,"[0.9494748711585999, 0.019365627318620682, 0.01850237138569355]"
5a8ba093554299240d9c203f::active_set_pack_b,5a8ba093554299240d9c203f,1.0,0.75,True,False,"[0.9452672600746155, 0.030872484669089317, 0.013764379546046257]"
5ab6ea2955429954757d33b8::working_set_pack_a,5ab6ea2955429954757d33b8,1.0,0.875,True,False,"[0.9159651398658752, 0.04420548304915428, 0.027472740039229393]"
5ab6ea2955429954757d33b8::active_set_pack_a,5ab6ea2955429954757d33b8,1.0,0.875,True,False,"[0.9083998203277588, 0.049144644290208817, 0.0297369547188282]"
5ab6ea2955429954757d33b8::working_set_pack_b,5ab6ea2955429954757d33b8,1.0,0.875,True,False,"[0.8937345743179321, 0.05819063261151314, 0.03384876251220703]"
5ab6ea2955429954757d33b8::active_set_pack_b,5ab6ea2955429954757d33b8,1.0,1.0,True,True,"[0.8900991082191467, 0.06081876903772354, 0.034517426043748856]"
5ac04545554299294b218f6a::working_set_pack_a,5ac04545554299294b218f6a,1.0,1.0,True,True,"[0.8795427083969116, 0.08225711435079575, 0.02111770585179329]"
5ac04545554299294b218f6a::active_set_pack_a,5ac04545554299294b218f6a,1.0,1.0,True,True,"[0.8768092393875122, 0.08454031497240067, 0.02250959537923336]"
5ac04545554299294b218f6a::working_set_pack_b,5ac04545554299294b218f6a,1.0,1.0,True,True,"[0.9207617044448853, 0.05152002349495888, 0.01464924681931734]"
5ac04545554299294b218f6a::active_set_pack_b,5ac04545554299294b218f6a,1.0,1.0,True,True,"[0.9284392595291138, 0.03974137082695961, 0.01671663299202919]"
5abba5e75542992ccd8e7f64::working_set_pack_a,5abba5e75542992ccd8e7f64,1.0,0.875,True,False,"[0.9404521584510803, 0.0307663232088089, 0.01606781966984272]"
5abba5e75542992ccd8e7f64::active_set_pack_a,5abba5e75542992ccd8e7f64,1.0,0.875,True,False,"[0.9287731051445007, 0.036631036549806595, 0.018768301233649254]"
5abba5e75542992ccd8e7f64::working_set_pack_b,5abba5e75542992ccd8e7f64,1.0,0.75,True,False,"[0.9526323676109314, 0.020275557413697243, 0.016777530312538147]"
5abba5e75542992ccd8e7f64::active_set_pack_b,5abba5e75542992ccd8e7f64,1.0,0.75,True,False,"[0.9270802736282349, 0.03360773250460625, 0.021768424659967422]"
5a764234554299109176e6e6::working_set_pack_a,5a764234554299109176e6e6,1.0,1.0,True,True,"[0.7553806900978088, 0.18210218846797943, 0.03645438328385353]"
5a764234554299109176e6e6::active_set_pack_a,5a764234554299109176e6e6,1.0,1.0,True,True,"[0.7828705906867981, 0.16446128487586975, 0.02878742851316929]"
5a764234554299109176e6e6::working_set_pack_b,5a764234554299109176e6e6,1.0,1.0,True,True,"[0.6118266582489014, 0.33365434408187866, 0.029954586178064346]"
5a764234554299109176e6e6::active_set_pack_b,5a764234554299109176e6e6,1.0,1.0,True,True,"[0.6633895635604858, 0.2816532552242279, 0.027407456189393997]"
5a8b21cb55429971feec4647::working_set_pack_a,5a8b21cb55429971feec4647,1.0,1.0,True,True,"[0.5472694635391235, 0.42078375816345215, 0.021392228081822395]"
5a8b21cb55429971feec4647::active_set_pack_a,5a8b21cb55429971feec4647,1.0,1.0,True,True,"[0.6104769706726074, 0.35319894552230835, 0.02493687905371189]"
5a8b21cb55429971feec4647::working_set_pack_b,5a8b21cb55429971feec4647,1.0,1.0,True,True,"[0.4947413504123688, 0.4727875292301178, 0.02657865360379219]"
5a8b21cb55429971feec4647::active_set_pack_b,5a8b21cb55429971feec4647,1.0,1.0,True,True,"[0.5470547080039978, 0.4226824939250946, 0.02427157200872898]"
5a8e8fc75542990e94052b57::working_set_pack_a,5a8e8fc75542990e94052b57,0.875,0.625,False,False,"[0.8746588230133057, 0.04917089641094208, 0.04318692535161972]"
5a8e8fc75542990e94052b57::active_set_pack_a,5a8e8fc75542990e94052b57,0.875,0.625,False,False,"[0.8836567997932434, 0.046745311468839645, 0.03591246157884598]"
5a8e8fc75542990e94052b57::working_set_pack_b,5a8e8fc75542990e94052b57,1.0,0.625,True,False,"[0.8246756196022034, 0.068635955452919, 0.06371992826461792]"
5a8e8fc75542990e94052b57::active_set_pack_b,5a8e8fc75542990e94052b57,0.875,0.625,False,False,"[0.8744485974311829, 0.055011630058288574, 0.03851628303527832]"
5ae1d33a554299492dc91b9d::working_set_pack_a,5ae1d33a554299492dc91b9d,0.875,0.875,False,False,"[0.7193928956985474, 0.253702312707901, 0.013017055578529835]"
5ae1d33a554299492dc91b9d::active_set_pack_a,5ae1d33a554299492dc91b9d,0.875,0.875,False,False,"[0.6486561298370361, 0.31712132692337036, 0.01758985035121441]"
5ae1d33a554299492dc91b9d::working_set_pack_b,5ae1d33a554299492dc91b9d,0.875,0.875,False,False,"[0.5747844576835632, 0.4004829227924347, 0.014655932784080505]"
5ae1d33a554299492dc91b9d::active_set_pack_b,5ae1d33a554299492dc91b9d,0.875,0.75,False,False,"[0.5405351519584656, 0.4339646100997925, 0.01644737645983696]"
5a81e73f554299676cceb14d::working_set_pack_a,5a81e73f554299676cceb14d,1.0,0.875,True,False,"[0.46567878127098083, 0.26460084319114685, 0.22617295384407043]"
5a81e73f554299676cceb14d::active_set_pack_a,5a81e73f554299676cceb14d,1.0,0.875,True,False,"[0.43600836396217346, 0.29865264892578125, 0.2252524346113205]"
5a81e73f554299676cceb14d::working_set_pack_b,5a81e73f554299676cceb14d,1.0,1.0,True,True,"[0.5230484008789062, 0.30789127945899963, 0.13527177274227142]"
5a81e73f554299676cceb14d::active_set_pack_b,5a81e73f554299676cceb14d,1.0,1.0,True,True,"[0.6412996053695679, 0.24095331132411957, 0.08775022625923157]"
5ae8256355429952e35eaa59::working_set_pack_a,5ae8256355429952e35eaa59,1.0,1.0,True,True,"[0.5307555794715881, 0.3691362738609314, 0.06719393283128738]"
5ae8256355429952e35eaa59::active_set_pack_a,5ae8256355429952e35eaa59,1.0,1.0,True,True,"[0.6778223514556885, 0.25627338886260986, 0.036901529878377914]"
5ae8256355429952e35eaa59::working_set_pack_b,5ae8256355429952e35eaa59,1.0,1.0,True,True,"[0.4729483127593994, 0.4133680462837219, 0.07653434574604034]"
5ae8256355429952e35eaa59::active_set_pack_b,5ae8256355429952e35eaa59,1.0,1.0,True,True,"[0.49628153443336487, 0.4144990146160126, 0.05739022046327591]"
5a827a9f55429940e5e1a8cf::working_set_pack_a,5a827a9f55429940e5e1a8cf,1.0,1.0,True,True,"[0.8770639896392822, 0.0646679475903511, 0.04657066985964775]"
5a827a9f55429940e5e1a8cf::active_set_pack_a,5a827a9f55429940e5e1a8cf,1.0,1.0,True,True,"[0.8848139047622681, 0.06727145612239838, 0.03781360015273094]"
5a827a9f55429940e5e1a8cf::working_set_pack_b,5a827a9f55429940e5e1a8cf,1.0,1.0,True,True,"[0.8863416314125061, 0.061160728335380554, 0.03893598914146423]"
5a827a9f55429940e5e1a8cf::active_set_pack_b,5a827a9f55429940e5e1a8cf,1.0,1.0,True,True,"[0.9210448861122131, 0.03979787603020668, 0.027261950075626373]"
5a8d32ae5542994ba4e3dc1d::working_set_pack_a,5a8d32ae5542994ba4e3dc1d,0.75,0.5,False,False,"[0.6243652701377869, 0.2510325312614441, 0.07663452625274658]"
5a8d32ae5542994ba4e3dc1d::active_set_pack_a,5a8d32ae5542994ba4e3dc1d,0.75,0.5,False,False,"[0.6969080567359924, 0.1814199984073639, 0.07732611149549484]"
5a8d32ae5542994ba4e3dc1d::working_set_pack_b,5a8d32ae5542994ba4e3dc1d,0.875,0.625,False,False,"[0.5270044803619385, 0.3928751051425934, 0.045590370893478394]"
5a8d32ae5542994ba4e3dc1d::active_set_pack_b,5a8d32ae5542994ba4e3dc1d,1.0,0.75,True,False,"[0.5896485447883606, 0.26431676745414734, 0.07703623175621033]"
5a8634195542991e771815ba::working_set_pack_a,5a8634195542991e771815ba,1.0,1.0,True,True,"[0.9741334319114685, 0.013088628649711609, 0.006820164620876312]"
5a8634195542991e771815ba::active_set_pack_a,5a8634195542991e771815ba,1.0,1.0,True,True,"[0.9799642562866211, 0.009791058488190174, 0.005296169314533472]"
5a8634195542991e771815ba::working_set_pack_b,5a8634195542991e771815ba,1.0,1.0,True,True,"[0.9760781526565552, 0.010602711699903011, 0.00626659020781517]"
5a8634195542991e771815ba::active_set_pack_b,5a8634195542991e771815ba,0.875,1.0,False,True,"[0.9646009802818298, 0.013971948996186256, 0.008673070929944515]"
5ae1fc135542997283cd2309::working_set_pack_a,5ae1fc135542997283cd2309,1.0,0.75,True,False,"[0.8777867555618286, 0.055144052952528, 0.037512995302677155]"
5ae1fc135542997283cd2309::active_set_pack_a,5ae1fc135542997283cd2309,1.0,0.875,True,False,"[0.866100549697876, 0.06405223160982132, 0.03892187774181366]"
5ae1fc135542997283cd2309::working_set_pack_b,5ae1fc135542997283cd2309,1.0,0.875,True,False,"[0.8584488034248352, 0.06261356920003891, 0.038953814655542374]"
5ae1fc135542997283cd2309::active_set_pack_b,5ae1fc135542997283cd2309,1.0,0.625,True,False,"[0.8555772304534912, 0.07792992144823074, 0.034101296216249466]"
5a8844135542994846c1ce77::working_set_pack_a,5a8844135542994846c1ce77,1.0,0.5,True,False,"[0.8531049489974976, 0.05702924728393555, 0.038531363010406494]"
5a8844135542994846c1ce77::active_set_pack_a,5a8844135542994846c1ce77,1.0,0.5,True,False,"[0.8472993969917297, 0.058361295610666275, 0.03723062574863434]"
5a8844135542994846c1ce77::working_set_pack_b,5a8844135542994846c1ce77,0.875,0.5,False,False,"[0.8781306743621826, 0.050345055758953094, 0.03291202709078789]"
5a8844135542994846c1ce77::active_set_pack_b,5a8844135542994846c1ce77,0.75,0.5,False,False,"[0.8546397686004639, 0.0688338428735733, 0.03972411900758743]"
5ac0d9e55542992a796ded92::working_set_pack_a,5ac0d9e55542992a796ded92,0.875,0.875,False,False,"[0.6361514329910278, 0.18371598422527313, 0.10045301914215088]"
5ac0d9e55542992a796ded92::active_set_pack_a,5ac0d9e55542992a796ded92,0.875,0.875,False,False,"[0.6561316251754761, 0.17084556818008423, 0.09296069294214249]"
5ac0d9e55542992a796ded92::working_set_pack_b,5ac0d9e55542992a796ded92,0.75,0.875,False,False,"[0.8172125816345215, 0.10362082719802856, 0.04638472571969032]"
5ac0d9e55542992a796ded92::active_set_pack_b,5ac0d9e55542992a796ded92,0.875,0.875,False,False,"[0.8479769825935364, 0.07456865906715393, 0.04075201600790024]"
5a8a30ad5542992d82986eec::working_set_pack_a,5a8a30ad5542992d82986eec,0.875,0.5,False,False,"[0.6797064542770386, 0.14760926365852356, 0.09403600543737411]"
5a8a30ad5542992d82986eec::active_set_pack_a,5a8a30ad5542992d82986eec,0.875,0.5,False,False,"[0.6071505546569824, 0.21161073446273804, 0.1060740128159523]"
5a8a30ad5542992d82986eec::working_set_pack_b,5a8a30ad5542992d82986eec,0.875,0.5,False,False,"[0.6135525703430176, 0.1666640043258667, 0.13042494654655457]"
5a8a30ad5542992d82986eec::active_set_pack_b,5a8a30ad5542992d82986eec,0.75,0.5,False,False,"[0.6761765480041504, 0.12349134683609009, 0.1107279509305954]"
5a8deeb455429917b4a5bce2::working_set_pack_a,5a8deeb455429917b4a5bce2,1.0,0.75,True,False,"[0.39474838972091675, 0.25276070833206177, 0.22774548828601837]"
5a8deeb455429917b4a5bce2::active_set_pack_a,5a8deeb455429917b4a5bce2,1.0,0.875,True,False,"[0.44061389565467834, 0.2607842981815338, 0.20309042930603027]"
5a8deeb455429917b4a5bce2::working_set_pack_b,5a8deeb455429917b4a5bce2,1.0,0.875,True,False,"[0.5095727443695068, 0.24582399427890778, 0.13489887118339539]"
5a8deeb455429917b4a5bce2::active_set_pack_b,5a8deeb455429917b4a5bce2,1.0,0.875,True,False,"[0.5736027359962463, 0.181062713265419, 0.13629329204559326]"
5a73035d5542992359bc31fd::working_set_pack_a,5a73035d5542992359bc31fd,1.0,1.0,True,True,"[0.7223420143127441, 0.23480865359306335, 0.027441777288913727]"
5a73035d5542992359bc31fd::active_set_pack_a,5a73035d5542992359bc31fd,1.0,1.0,True,True,"[0.6781532764434814, 0.27534958720207214, 0.029163289815187454]"
5a73035d5542992359bc31fd::working_set_pack_b,5a73035d5542992359bc31fd,1.0,1.0,True,True,"[0.7274481058120728, 0.20378316938877106, 0.043806713074445724]"
5a73035d5542992359bc31fd::active_set_pack_b,5a73035d5542992359bc31fd,1.0,1.0,True,True,"[0.8289013504981995, 0.1156366840004921, 0.04202001169323921]"
5ade4b7f55429939a52fe877::working_set_pack_a,5ade4b7f55429939a52fe877,1.0,0.75,True,False,"[0.8660441040992737, 0.044836558401584625, 0.04113605245947838]"
5ade4b7f55429939a52fe877::active_set_pack_a,5ade4b7f55429939a52fe877,1.0,0.875,True,False,"[0.8445924520492554, 0.056609995663166046, 0.0509464368224144]"
5ade4b7f55429939a52fe877::working_set_pack_b,5ade4b7f55429939a52fe877,1.0,0.75,True,False,"[0.787743091583252, 0.10021649301052094, 0.05978231132030487]"
5ade4b7f55429939a52fe877::active_set_pack_b,5ade4b7f55429939a52fe877,1.0,0.875,True,False,"[0.8363269567489624, 0.08310582488775253, 0.0379883274435997]"
5a7bc8b1554299294a54aad0::working_set_pack_a,5a7bc8b1554299294a54aad0,1.0,0.625,True,False,"[0.9289658069610596, 0.03277937322854996, 0.02353750169277191]"
5a7bc8b1554299294a54aad0::active_set_pack_a,5a7bc8b1554299294a54aad0,1.0,0.625,True,False,"[0.9315237402915955, 0.03248903900384903, 0.023176519200205803]"
5a7bc8b1554299294a54aad0::working_set_pack_b,5a7bc8b1554299294a54aad0,1.0,0.75,True,False,"[0.9236641526222229, 0.03779289498925209, 0.029750825837254524]"
5a7bc8b1554299294a54aad0::active_set_pack_b,5a7bc8b1554299294a54aad0,1.0,0.75,True,False,"[0.9181545376777649, 0.04246899485588074, 0.026779187843203545]"
5abc2e3d554299114383a0f6::working_set_pack_a,5abc2e3d554299114383a0f6,1.0,1.0,True,True,"[0.9258595108985901, 0.02639198489487171, 0.02028707042336464]"
5abc2e3d554299114383a0f6::active_set_pack_a,5abc2e3d554299114383a0f6,0.875,1.0,False,True,"[0.8868377804756165, 0.04044630378484726, 0.03191923722624779]"
5abc2e3d554299114383a0f6::working_set_pack_b,5abc2e3d554299114383a0f6,0.875,0.875,False,False,"[0.856156587600708, 0.06931418180465698, 0.03640920668840408]"
5abc2e3d554299114383a0f6::active_set_pack_b,5abc2e3d554299114383a0f6,0.75,0.75,False,False,"[0.9359785318374634, 0.0267405454069376, 0.0174461267888546]"
5a7929cf554299029c4b5f12::working_set_pack_a,5a7929cf554299029c4b5f12,1.0,1.0,True,True,"[0.765380859375, 0.11842688918113708, 0.07657735794782639]"
5a7929cf554299029c4b5f12::active_set_pack_a,5a7929cf554299029c4b5f12,1.0,1.0,True,True,"[0.786064088344574, 0.10307254642248154, 0.07120523601770401]"
5a7929cf554299029c4b5f12::working_set_pack_b,5a7929cf554299029c4b5f12,1.0,1.0,True,True,"[0.743402361869812, 0.1378285437822342, 0.08314218372106552]"
5a7929cf554299029c4b5f12::active_set_pack_b,5a7929cf554299029c4b5f12,1.0,1.0,True,True,"[0.7788496017456055, 0.1190662607550621, 0.07101979851722717]"
5ab964ae5542996be20204c0::working_set_pack_a,5ab964ae5542996be20204c0,0.75,0.5,False,False,"[0.7300477623939514, 0.23960644006729126, 0.017425326630473137]"
5ab964ae5542996be20204c0::active_set_pack_a,5ab964ae5542996be20204c0,0.75,0.5,False,False,"[0.8074935674667358, 0.16479572653770447, 0.015108366496860981]"
5ab964ae5542996be20204c0::working_set_pack_b,5ab964ae5542996be20204c0,0.75,0.5,False,False,"[0.7597337365150452, 0.20754574239253998, 0.017368441447615623]"
5ab964ae5542996be20204c0::active_set_pack_b,5ab964ae5542996be20204c0,0.875,0.5,False,False,"[0.6654974818229675, 0.2942717969417572, 0.024746857583522797]"
5add44235542995b365faae2::working_set_pack_a,5add44235542995b365faae2,1.0,1.0,True,True,"[0.7989276051521301, 0.1841290295124054, 0.007415399886667728]"
5add44235542995b365faae2::active_set_pack_a,5add44235542995b365faae2,1.0,1.0,True,True,"[0.758691668510437, 0.2245340496301651, 0.0072186109609901905]"
5add44235542995b365faae2::working_set_pack_b,5add44235542995b365faae2,1.0,1.0,True,True,"[0.8365020751953125, 0.14965753257274628, 0.005056841764599085]"
5add44235542995b365faae2::active_set_pack_b,5add44235542995b365faae2,1.0,1.0,True,True,"[0.8260618448257446, 0.15225881338119507, 0.009800154715776443]"
5a8a662755429930ff3c0dc5::working_set_pack_a,5a8a662755429930ff3c0dc5,1.0,1.0,True,True,"[0.7285004258155823, 0.19905702769756317, 0.038687076419591904]"
5a8a662755429930ff3c0dc5::active_set_pack_a,5a8a662755429930ff3c0dc5,1.0,1.0,True,True,"[0.6718308329582214, 0.2740543782711029, 0.021433724090456963]"
5a8a662755429930ff3c0dc5::working_set_pack_b,5a8a662755429930ff3c0dc5,1.0,1.0,True,True,"[0.7004216313362122, 0.25624337792396545, 0.017144083976745605]"
5a8a662755429930ff3c0dc5::active_set_pack_b,5a8a662755429930ff3c0dc5,1.0,1.0,True,True,"[0.6215267181396484, 0.3332935571670532, 0.021285466849803925]"
5ae750175542997b22f6a6b6::working_set_pack_a,5ae750175542997b22f6a6b6,1.0,1.0,True,True,"[0.9377889037132263, 0.034134719520807266, 0.016013547778129578]"
5ae750175542997b22f6a6b6::active_set_pack_a,5ae750175542997b22f6a6b6,1.0,1.0,True,True,"[0.9247910976409912, 0.043765079230070114, 0.018269170075654984]"
5ae750175542997b22f6a6b6::working_set_pack_b,5ae750175542997b22f6a6b6,1.0,1.0,True,True,"[0.9405577778816223, 0.029935752972960472, 0.01885271817445755]"
5ae750175542997b22f6a6b6::active_set_pack_b,5ae750175542997b22f6a6b6,1.0,1.0,True,True,"[0.7766672372817993, 0.186117485165596, 0.0180023442953825]"
5a7794525542995d831811f3::working_set_pack_a,5a7794525542995d831811f3,1.0,1.0,True,True,"[0.8997873663902283, 0.05373084917664528, 0.026498109102249146]"
5a7794525542995d831811f3::active_set_pack_a,5a7794525542995d831811f3,1.0,1.0,True,True,"[0.8812873363494873, 0.07005755603313446, 0.02546367235481739]"
5a7794525542995d831811f3::working_set_pack_b,5a7794525542995d831811f3,1.0,1.0,True,True,"[0.8656313419342041, 0.07723059505224228, 0.031000453978776932]"
5a7794525542995d831811f3::active_set_pack_b,5a7794525542995d831811f3,1.0,1.0,True,True,"[0.8866820335388184, 0.06444099545478821, 0.025482745841145515]"
5ab542875542997d4ad1f0e1::working_set_pack_a,5ab542875542997d4ad1f0e1,1.0,0.875,True,False,"[0.990094780921936, 0.004305030219256878, 0.00317215989343822]"
5ab542875542997d4ad1f0e1::active_set_pack_a,5ab542875542997d4ad1f0e1,1.0,0.875,True,False,"[0.9898977875709534, 0.003939128015190363, 0.0033578751608729362]"
5ab542875542997d4ad1f0e1::working_set_pack_b,5ab542875542997d4ad1f0e1,0.875,0.875,False,False,"[0.987934410572052, 0.005821048282086849, 0.0035018010530620813]"
5ab542875542997d4ad1f0e1::active_set_pack_b,5ab542875542997d4ad1f0e1,1.0,0.875,True,False,"[0.9852602481842041, 0.00576379057019949, 0.0049957712180912495]"
5ae1c9ea5542997f29b3c103::working_set_pack_a,5ae1c9ea5542997f29b3c103,1.0,1.0,True,True,"[0.8252683281898499, 0.10979390144348145, 0.04795030876994133]"
5ae1c9ea5542997f29b3c103::active_set_pack_a,5ae1c9ea5542997f29b3c103,1.0,1.0,True,True,"[0.7887622714042664, 0.13771335780620575, 0.054822057485580444]"
5ae1c9ea5542997f29b3c103::working_set_pack_b,5ae1c9ea5542997f29b3c103,1.0,1.0,True,True,"[0.7745913863182068, 0.14949804544448853, 0.05981691554188728]"
5ae1c9ea5542997f29b3c103::active_set_pack_b,5ae1c9ea5542997f29b3c103,1.0,1.0,True,True,"[0.753497302532196, 0.16299036145210266, 0.05414896458387375]"
5ab61c7f554299710c8d1e64::working_set_pack_a,5ab61c7f554299710c8d1e64,1.0,1.0,True,True,"[0.6366601586341858, 0.2835663855075836, 0.034740861505270004]"
5ab61c7f554299710c8d1e64::active_set_pack_a,5ab61c7f554299710c8d1e64,1.0,1.0,True,True,"[0.7139775156974792, 0.20618551969528198, 0.035008881241083145]"
5ab61c7f554299710c8d1e64::working_set_pack_b,5ab61c7f554299710c8d1e64,1.0,1.0,True,True,"[0.61564701795578, 0.29876700043678284, 0.04123244807124138]"
5ab61c7f554299710c8d1e64::active_set_pack_b,5ab61c7f554299710c8d1e64,1.0,1.0,True,True,"[0.8592348098754883, 0.07994040101766586, 0.025707146152853966]"
5a88b8e755429946c8d6e899::working_set_pack_a,5a88b8e755429946c8d6e899,1.0,1.0,True,True,"[0.6410511136054993, 0.3071099519729614, 0.02297322079539299]"
5a88b8e755429946c8d6e899::active_set_pack_a,5a88b8e755429946c8d6e899,1.0,1.0,True,True,"[0.5769598484039307, 0.3643638491630554, 0.025264166295528412]"
5a88b8e755429946c8d6e899::working_set_pack_b,5a88b8e755429946c8d6e899,1.0,1.0,True,True,"[0.6693325638771057, 0.25600484013557434, 0.03924179822206497]"
5a88b8e755429946c8d6e899::active_set_pack_b,5a88b8e755429946c8d6e899,1.0,1.0,True,True,"[0.6720322966575623, 0.2284674197435379, 0.054591674357652664]"
5ac3de5c5542995c82c4ac68::working_set_pack_a,5ac3de5c5542995c82c4ac68,1.0,1.0,True,True,"[0.700293779373169, 0.2671528160572052, 0.01841837912797928]"
5ac3de5c5542995c82c4ac68::active_set_pack_a,5ac3de5c5542995c82c4ac68,1.0,1.0,True,True,"[0.804530143737793, 0.16878816485404968, 0.014385741204023361]"
5ac3de5c5542995c82c4ac68::working_set_pack_b,5ac3de5c5542995c82c4ac68,1.0,1.0,True,True,"[0.8053135871887207, 0.1698419153690338, 0.012755041942000389]"
5ac3de5c5542995c82c4ac68::active_set_pack_b,5ac3de5c5542995c82c4ac68,1.0,1.0,True,True,"[0.8221620917320251, 0.15120857954025269, 0.014033596962690353]"
5aba7995554299232ef4a2e2::working_set_pack_a,5aba7995554299232ef4a2e2,1.0,1.0,True,True,"[0.6784630417823792, 0.2123197764158249, 0.08348993957042694]"
5aba7995554299232ef4a2e2::active_set_pack_a,5aba7995554299232ef4a2e2,1.0,1.0,True,True,"[0.6369221806526184, 0.26716166734695435, 0.06662797182798386]"
5aba7995554299232ef4a2e2::working_set_pack_b,5aba7995554299232ef4a2e2,1.0,1.0,True,True,"[0.6546756029129028, 0.2380143404006958, 0.07577835768461227]"
5aba7995554299232ef4a2e2::active_set_pack_b,5aba7995554299232ef4a2e2,1.0,1.0,True,True,"[0.5350319743156433, 0.33782896399497986, 0.08736653625965118]"
5a7db8d95542995ed0d16665::working_set_pack_a,5a7db8d95542995ed0d16665,1.0,1.0,True,True,"[0.7253926992416382, 0.1689145416021347, 0.07277459651231766]"
5a7db8d95542995ed0d16665::active_set_pack_a,5a7db8d95542995ed0d16665,1.0,1.0,True,True,"[0.6144323945045471, 0.2713485658168793, 0.07548661530017853]"
5a7db8d95542995ed0d16665::working_set_pack_b,5a7db8d95542995ed0d16665,1.0,1.0,True,True,"[0.5978408455848694, 0.2869427800178528, 0.06563209742307663]"
5a7db8d95542995ed0d16665::active_set_pack_b,5a7db8d95542995ed0d16665,1.0,1.0,True,True,"[0.5633664131164551, 0.35398274660110474, 0.045005783438682556]"
5ab488f85542990594ba9c58::working_set_pack_a,5ab488f85542990594ba9c58,1.0,1.0,True,True,"[0.8044280409812927, 0.1506715565919876, 0.0403313934803009]"
5ab488f85542990594ba9c58::active_set_pack_a,5ab488f85542990594ba9c58,1.0,1.0,True,True,"[0.6825791597366333, 0.2573499381542206, 0.05365432798862457]"
5ab488f85542990594ba9c58::working_set_pack_b,5ab488f85542990594ba9c58,1.0,1.0,True,True,"[0.8625096082687378, 0.10322399437427521, 0.031595781445503235]"
5ab488f85542990594ba9c58::active_set_pack_b,5ab488f85542990594ba9c58,1.0,1.0,True,True,"[0.8225676417350769, 0.13447508215904236, 0.03840993717312813]"
5a82a59855429940e5e1a909::working_set_pack_a,5a82a59855429940e5e1a909,1.0,1.0,True,True,"[0.6398859024047852, 0.33235302567481995, 0.017601950094103813]"
5a82a59855429940e5e1a909::active_set_pack_a,5a82a59855429940e5e1a909,1.0,1.0,True,True,"[0.6668556928634644, 0.3023633062839508, 0.019744331017136574]"
5a82a59855429940e5e1a909::working_set_pack_b,5a82a59855429940e5e1a909,1.0,1.0,True,True,"[0.5281336903572083, 0.4205041527748108, 0.040276605635881424]"
5a82a59855429940e5e1a909::active_set_pack_b,5a82a59855429940e5e1a909,1.0,1.0,True,True,"[0.6033390164375305, 0.3563651442527771, 0.025078270584344864]"
5a7e8a9c55429949594199fb::working_set_pack_a,5a7e8a9c55429949594199fb,1.0,0.875,True,False,"[0.9687299132347107, 0.013583526015281677, 0.00894994754344225]"
5a7e8a9c55429949594199fb::active_set_pack_a,5a7e8a9c55429949594199fb,1.0,1.0,True,True,"[0.9614863395690918, 0.01772175170481205, 0.01141996681690216]"
5a7e8a9c55429949594199fb::working_set_pack_b,5a7e8a9c55429949594199fb,1.0,0.875,True,False,"[0.9790934920310974, 0.009744848124682903, 0.005391288083046675]"
5a7e8a9c55429949594199fb::active_set_pack_b,5a7e8a9c55429949594199fb,1.0,0.75,True,False,"[0.9755554795265198, 0.011047580279409885, 0.006459612865000963]"
5a8c94a25542995e66a47628::working_set_pack_a,5a8c94a25542995e66a47628,1.0,0.875,True,False,"[0.8899966478347778, 0.058156274259090424, 0.02841147966682911]"
5a8c94a25542995e66a47628::active_set_pack_a,5a8c94a25542995e66a47628,1.0,0.75,True,False,"[0.8303531408309937, 0.09698832780122757, 0.033362992107868195]"
5a8c94a25542995e66a47628::working_set_pack_b,5a8c94a25542995e66a47628,1.0,0.875,True,False,"[0.8608595728874207, 0.09195805341005325, 0.026926031336188316]"
5a8c94a25542995e66a47628::active_set_pack_b,5a8c94a25542995e66a47628,0.875,0.75,False,False,"[0.5876703858375549, 0.2766476273536682, 0.07717857509851456]"
5a7cbb6d554299452d57b9d2::working_set_pack_a,5a7cbb6d554299452d57b9d2,0.875,0.75,False,False,"[0.529029130935669, 0.24254761636257172, 0.15934209525585175]"
5a7cbb6d554299452d57b9d2::active_set_pack_a,5a7cbb6d554299452d57b9d2,0.875,0.75,False,False,"[0.5493767857551575, 0.2634723484516144, 0.12455578148365021]"
5a7cbb6d554299452d57b9d2::working_set_pack_b,5a7cbb6d554299452d57b9d2,1.0,0.75,True,False,"[0.7176521420478821, 0.13048072159290314, 0.08936271071434021]"
5a7cbb6d554299452d57b9d2::active_set_pack_b,5a7cbb6d554299452d57b9d2,1.0,0.75,True,False,"[0.5297560691833496, 0.27793174982070923, 0.12578389048576355]"
5ac2ac4d554299218029daf1::working_set_pack_a,5ac2ac4d554299218029daf1,1.0,1.0,True,True,"[0.8632711172103882, 0.08192601799964905, 0.0359007753431797]"
5ac2ac4d554299218029daf1::active_set_pack_a,5ac2ac4d554299218029daf1,1.0,1.0,True,True,"[0.8731571435928345, 0.07027331739664078, 0.036040958017110825]"
5ac2ac4d554299218029daf1::working_set_pack_b,5ac2ac4d554299218029daf1,1.0,1.0,True,True,"[0.8805065155029297, 0.06041866913437843, 0.02720028907060623]"
5ac2ac4d554299218029daf1::active_set_pack_b,5ac2ac4d554299218029daf1,1.0,1.0,True,True,"[0.8761742115020752, 0.06239261478185654, 0.02875118888914585]"
5a832ee355429954d2e2ec4d::working_set_pack_a,5a832ee355429954d2e2ec4d,1.0,1.0,True,True,"[0.7503664493560791, 0.2049332559108734, 0.02308223955333233]"
5a832ee355429954d2e2ec4d::active_set_pack_a,5a832ee355429954d2e2ec4d,1.0,1.0,True,True,"[0.8252001404762268, 0.11552832275629044, 0.03158712387084961]"
5a832ee355429954d2e2ec4d::working_set_pack_b,5a832ee355429954d2e2ec4d,1.0,1.0,True,True,"[0.7925292253494263, 0.14409415423870087, 0.03749746456742287]"
5a832ee355429954d2e2ec4d::active_set_pack_b,5a832ee355429954d2e2ec4d,1.0,1.0,True,True,"[0.7626016736030579, 0.1682090312242508, 0.04384694993495941]"
5abf82965542997719eab694::working_set_pack_a,5abf82965542997719eab694,1.0,1.0,True,True,"[0.6012635827064514, 0.3577280342578888, 0.03725050762295723]"
5abf82965542997719eab694::active_set_pack_a,5abf82965542997719eab694,1.0,1.0,True,True,"[0.7004494667053223, 0.2540164589881897, 0.041719917207956314]"
5abf82965542997719eab694::working_set_pack_b,5abf82965542997719eab694,1.0,1.0,True,True,"[0.8105587363243103, 0.14226333796977997, 0.038823794573545456]"
5abf82965542997719eab694::active_set_pack_b,5abf82965542997719eab694,1.0,1.0,True,True,"[0.9069442749023438, 0.053032174706459045, 0.03430573642253876]"
5a76c13555429937353601a0::working_set_pack_a,5a76c13555429937353601a0,1.0,0.875,True,False,"[0.5890510678291321, 0.2815110981464386, 0.089623361825943]"
5a76c13555429937353601a0::active_set_pack_a,5a76c13555429937353601a0,1.0,0.875,True,False,"[0.5656800866127014, 0.2977008819580078, 0.09755721688270569]"
5a76c13555429937353601a0::working_set_pack_b,5a76c13555429937353601a0,0.875,0.875,False,False,"[0.6057032346725464, 0.21443472802639008, 0.14803943037986755]"
5a76c13555429937353601a0::active_set_pack_b,5a76c13555429937353601a0,1.0,1.0,True,True,"[0.6732258200645447, 0.20155121386051178, 0.10941483825445175]"
5adecc6355429975fa854f9c::working_set_pack_a,5adecc6355429975fa854f9c,1.0,1.0,True,True,"[0.898754894733429, 0.07671115547418594, 0.011733656749129295]"
5adecc6355429975fa854f9c::active_set_pack_a,5adecc6355429975fa854f9c,1.0,1.0,True,True,"[0.8457945585250854, 0.12637464702129364, 0.012462395243346691]"
5adecc6355429975fa854f9c::working_set_pack_b,5adecc6355429975fa854f9c,1.0,1.0,True,True,"[0.833251416683197, 0.1379471719264984, 0.011866360902786255]"
5adecc6355429975fa854f9c::active_set_pack_b,5adecc6355429975fa854f9c,1.0,1.0,True,True,"[0.811431348323822, 0.1571318805217743, 0.01543991919606924]"
5abb89fc5542993f40c73b19::working_set_pack_a,5abb89fc5542993f40c73b19,1.0,0.625,True,False,"[0.681507408618927, 0.13460518419742584, 0.0889611691236496]"
5abb89fc5542993f40c73b19::active_set_pack_a,5abb89fc5542993f40c73b19,1.0,0.625,True,False,"[0.6215229630470276, 0.16567493975162506, 0.10816863179206848]"
5abb89fc5542993f40c73b19::working_set_pack_b,5abb89fc5542993f40c73b19,0.75,0.625,False,False,"[0.7232955694198608, 0.14586807787418365, 0.0652199387550354]"
5abb89fc5542993f40c73b19::active_set_pack_b,5abb89fc5542993f40c73b19,1.0,0.75,True,False,"[0.7139378786087036, 0.14176343381404877, 0.0699843168258667]"
5aba8f7b55429901930fa832::working_set_pack_a,5aba8f7b55429901930fa832,1.0,1.0,True,True,"[0.6260930299758911, 0.28515195846557617, 0.0472668781876564]"
5aba8f7b55429901930fa832::active_set_pack_a,5aba8f7b55429901930fa832,1.0,1.0,True,True,"[0.580942690372467, 0.3235568702220917, 0.050141070038080215]"
5aba8f7b55429901930fa832::working_set_pack_b,5aba8f7b55429901930fa832,1.0,1.0,True,True,"[0.557156503200531, 0.3685493469238281, 0.043428611010313034]"
5aba8f7b55429901930fa832::active_set_pack_b,5aba8f7b55429901930fa832,1.0,1.0,True,True,"[0.5256083011627197, 0.3916736841201782, 0.05253172665834427]"
5ab413e55542996a3a969f1b::working_set_pack_a,5ab413e55542996a3a969f1b,1.0,1.0,True,True,"[0.8671988844871521, 0.09471787512302399, 0.019147245213389397]"
5ab413e55542996a3a969f1b::active_set_pack_a,5ab413e55542996a3a969f1b,1.0,1.0,True,True,"[0.8833052515983582, 0.08429886400699615, 0.016744352877140045]"
5ab413e55542996a3a969f1b::working_set_pack_b,5ab413e55542996a3a969f1b,1.0,1.0,True,True,"[0.9090551733970642, 0.050829917192459106, 0.025016365572810173]"
5ab413e55542996a3a969f1b::active_set_pack_b,5ab413e55542996a3a969f1b,1.0,1.0,True,True,"[0.9030912518501282, 0.05074934661388397, 0.02830095775425434]"
5a721dff55429971e9dc928c::working_set_pack_a,5a721dff55429971e9dc928c,0.875,0.5,False,False,"[0.4460243880748749, 0.26607415080070496, 0.22231833636760712]"
5a721dff55429971e9dc928c::active_set_pack_a,5a721dff55429971e9dc928c,0.875,0.5,False,False,"[0.4552784860134125, 0.2468279004096985, 0.22706788778305054]"
5a721dff55429971e9dc928c::working_set_pack_b,5a721dff55429971e9dc928c,0.75,0.5,False,False,"[0.5160669684410095, 0.23406155407428741, 0.18504220247268677]"
5a721dff55429971e9dc928c::active_set_pack_b,5a721dff55429971e9dc928c,0.875,0.5,False,False,"[0.4761677086353302, 0.262836754322052, 0.21107034385204315]"
5ab395c4554299233954ff5a::working_set_pack_a,5ab395c4554299233954ff5a,1.0,1.0,True,True,"[0.8091571927070618, 0.16117338836193085, 0.01829296350479126]"
5ab395c4554299233954ff5a::active_set_pack_a,5ab395c4554299233954ff5a,1.0,1.0,True,True,"[0.8158028721809387, 0.1531873345375061, 0.019235162064433098]"
5ab395c4554299233954ff5a::working_set_pack_b,5ab395c4554299233954ff5a,1.0,1.0,True,True,"[0.7459149956703186, 0.2160523235797882, 0.021175364032387733]"
5ab395c4554299233954ff5a::active_set_pack_b,5ab395c4554299233954ff5a,1.0,1.0,True,True,"[0.7416852712631226, 0.19993886351585388, 0.03220304846763611]"
5ae33c6b5542992f92d82263::working_set_pack_a,5ae33c6b5542992f92d82263,1.0,1.0,True,True,"[0.8219435214996338, 0.137961745262146, 0.024081967771053314]"
5ae33c6b5542992f92d82263::active_set_pack_a,5ae33c6b5542992f92d82263,1.0,1.0,True,True,"[0.7299796342849731, 0.22714224457740784, 0.024083226919174194]"
5ae33c6b5542992f92d82263::working_set_pack_b,5ae33c6b5542992f92d82263,1.0,1.0,True,True,"[0.8545432090759277, 0.10331568121910095, 0.027704773470759392]"
5ae33c6b5542992f92d82263::active_set_pack_b,5ae33c6b5542992f92d82263,1.0,1.0,True,True,"[0.734542965888977, 0.17656995356082916, 0.057340532541275024]"
5ae2aa155542996483e64a23::working_set_pack_a,5ae2aa155542996483e64a23,1.0,0.875,True,False,"[0.9014236927032471, 0.050597622990608215, 0.03028114140033722]"
5ae2aa155542996483e64a23::active_set_pack_a,5ae2aa155542996483e64a23,1.0,1.0,True,True,"[0.8928143978118896, 0.05436329543590546, 0.03265073522925377]"
5ae2aa155542996483e64a23::working_set_pack_b,5ae2aa155542996483e64a23,1.0,0.875,True,False,"[0.9289764165878296, 0.038383569568395615, 0.016856005415320396]"
5ae2aa155542996483e64a23::active_set_pack_b,5ae2aa155542996483e64a23,1.0,0.75,True,False,"[0.9149658679962158, 0.05262746661901474, 0.015323593281209469]"
5ab8a17955429916710eb09e::working_set_pack_a,5ab8a17955429916710eb09e,0.875,0.75,False,False,"[0.8910902142524719, 0.06185116991400719, 0.032396312803030014]"
5ab8a17955429916710eb09e::active_set_pack_a,5ab8a17955429916710eb09e,0.875,0.75,False,False,"[0.8888111114501953, 0.05528217554092407, 0.037376534193754196]"
5ab8a17955429916710eb09e::working_set_pack_b,5ab8a17955429916710eb09e,0.875,0.75,False,False,"[0.953900158405304, 0.02610139735043049, 0.013978204689919949]"
5ab8a17955429916710eb09e::active_set_pack_b,5ab8a17955429916710eb09e,1.0,0.875,True,False,"[0.9356384873390198, 0.029994633048772812, 0.022842463105916977]"
5a7bb84d554299294a54aaa1::working_set_pack_a,5a7bb84d554299294a54aaa1,1.0,1.0,True,True,"[0.7555367946624756, 0.10090593248605728, 0.06996925175189972]"
5a7bb84d554299294a54aaa1::active_set_pack_a,5a7bb84d554299294a54aaa1,1.0,1.0,True,True,"[0.7924678325653076, 0.08032756298780441, 0.05919727310538292]"
5a7bb84d554299294a54aaa1::working_set_pack_b,5a7bb84d554299294a54aaa1,0.875,0.875,False,False,"[0.7891942262649536, 0.06858611106872559, 0.06644457578659058]"
5a7bb84d554299294a54aaa1::active_set_pack_b,5a7bb84d554299294a54aaa1,1.0,0.875,True,False,"[0.803973376750946, 0.08645401149988174, 0.04671822860836983]"
5adf97ae5542995534e8c800::working_set_pack_a,5adf97ae5542995534e8c800,0.875,1.0,False,True,"[0.962715744972229, 0.016270821914076805, 0.011472862213850021]"
5adf97ae5542995534e8c800::active_set_pack_a,5adf97ae5542995534e8c800,1.0,1.0,True,True,"[0.9630552530288696, 0.015828724950551987, 0.011369502171874046]"
5adf97ae5542995534e8c800::working_set_pack_b,5adf97ae5542995534e8c800,0.875,0.875,False,False,"[0.9579638838768005, 0.01956770569086075, 0.01224412489682436]"
5adf97ae5542995534e8c800::active_set_pack_b,5adf97ae5542995534e8c800,0.875,0.75,False,False,"[0.9305387735366821, 0.044857487082481384, 0.012950696051120758]"
5ac3231a5542995ef918c11a::working_set_pack_a,5ac3231a5542995ef918c11a,1.0,1.0,True,True,"[0.773185133934021, 0.11799274384975433, 0.04961292818188667]"
5ac3231a5542995ef918c11a::active_set_pack_a,5ac3231a5542995ef918c11a,1.0,1.0,True,True,"[0.8014729022979736, 0.08151835948228836, 0.0495748408138752]"
5ac3231a5542995ef918c11a::working_set_pack_b,5ac3231a5542995ef918c11a,1.0,1.0,True,True,"[0.8150131106376648, 0.08262899518013, 0.05557216331362724]"
5ac3231a5542995ef918c11a::active_set_pack_b,5ac3231a5542995ef918c11a,1.0,0.875,True,False,"[0.8038448095321655, 0.0998806282877922, 0.05643286928534508]"
5a760de1554299109176e63c::working_set_pack_a,5a760de1554299109176e63c,1.0,1.0,True,True,"[0.9374271035194397, 0.04229568690061569, 0.0156857892870903]"
5a760de1554299109176e63c::active_set_pack_a,5a760de1554299109176e63c,1.0,1.0,True,True,"[0.9272376298904419, 0.04868137463927269, 0.01822229102253914]"
5a760de1554299109176e63c::working_set_pack_b,5a760de1554299109176e63c,1.0,1.0,True,True,"[0.9267835021018982, 0.05164801701903343, 0.017035696655511856]"
5a760de1554299109176e63c::active_set_pack_b,5a760de1554299109176e63c,1.0,1.0,True,True,"[0.9039922952651978, 0.06305404007434845, 0.024454839527606964]"
5ab31d43554299233954ff0e::working_set_pack_a,5ab31d43554299233954ff0e,0.75,0.75,False,False,"[0.5717025399208069, 0.17981691658496857, 0.14128057658672333]"
5ab31d43554299233954ff0e::active_set_pack_a,5ab31d43554299233954ff0e,0.75,0.75,False,False,"[0.5916419625282288, 0.17684325575828552, 0.11776568740606308]"
5ab31d43554299233954ff0e::working_set_pack_b,5ab31d43554299233954ff0e,1.0,0.75,True,False,"[0.46686995029449463, 0.288230299949646, 0.1595078557729721]"
5ab31d43554299233954ff0e::active_set_pack_b,5ab31d43554299233954ff0e,1.0,0.625,True,False,"[0.36698806285858154, 0.3268885612487793, 0.13163673877716064]"
5ab4330b55429942dd415edc::working_set_pack_a,5ab4330b55429942dd415edc,0.875,0.625,False,False,"[0.6955465078353882, 0.2244090437889099, 0.050538673996925354]"
5ab4330b55429942dd415edc::active_set_pack_a,5ab4330b55429942dd415edc,0.875,0.625,False,False,"[0.6693790555000305, 0.24981172382831573, 0.04954587668180466]"
5ab4330b55429942dd415edc::working_set_pack_b,5ab4330b55429942dd415edc,1.0,0.625,True,False,"[0.6993876695632935, 0.24616318941116333, 0.029941581189632416]"
5ab4330b55429942dd415edc::active_set_pack_b,5ab4330b55429942dd415edc,0.875,0.625,False,False,"[0.7519698739051819, 0.18956120312213898, 0.03279890492558479]"
5a7626bd554299109176e678::working_set_pack_a,5a7626bd554299109176e678,1.0,1.0,True,True,"[0.8926252126693726, 0.055878836661577225, 0.028715722262859344]"
5a7626bd554299109176e678::active_set_pack_a,5a7626bd554299109176e678,1.0,0.875,True,False,"[0.8897656202316284, 0.05454830825328827, 0.029901618137955666]"
5a7626bd554299109176e678::working_set_pack_b,5a7626bd554299109176e678,1.0,1.0,True,True,"[0.8600954413414001, 0.0765124037861824, 0.03294410556554794]"
5a7626bd554299109176e678::active_set_pack_b,5a7626bd554299109176e678,1.0,1.0,True,True,"[0.879850447177887, 0.05839373916387558, 0.03484337404370308]"
5a7150665542994082a3e7bb::working_set_pack_a,5a7150665542994082a3e7bb,0.875,0.875,False,False,"[0.4529632031917572, 0.28179991245269775, 0.14710980653762817]"
5a7150665542994082a3e7bb::active_set_pack_a,5a7150665542994082a3e7bb,0.875,0.875,False,False,"[0.46556541323661804, 0.24441130459308624, 0.14044275879859924]"
5a7150665542994082a3e7bb::working_set_pack_b,5a7150665542994082a3e7bb,1.0,0.875,True,False,"[0.3248305320739746, 0.27526554465293884, 0.21691173315048218]"
5a7150665542994082a3e7bb::active_set_pack_b,5a7150665542994082a3e7bb,0.875,0.75,False,False,"[0.393863707780838, 0.25560781359672546, 0.19858300685882568]"
5abe96e15542993f32c2a172::working_set_pack_a,5abe96e15542993f32c2a172,0.875,0.875,False,False,"[0.9343764185905457, 0.04424094036221504, 0.011573857627809048]"
5abe96e15542993f32c2a172::active_set_pack_a,5abe96e15542993f32c2a172,0.875,0.875,False,False,"[0.928282618522644, 0.049391958862543106, 0.01160125806927681]"
5abe96e15542993f32c2a172::working_set_pack_b,5abe96e15542993f32c2a172,0.75,0.75,False,False,"[0.9040749669075012, 0.06851406395435333, 0.015491358004510403]"
5abe96e15542993f32c2a172::active_set_pack_b,5abe96e15542993f32c2a172,0.75,0.75,False,False,"[0.8145564198493958, 0.16118887066841125, 0.014118175953626633]"
5a8b3d1855429949d91db4fe::working_set_pack_a,5a8b3d1855429949d91db4fe,1.0,0.875,True,False,"[0.9258372187614441, 0.03239820525050163, 0.019801044836640358]"
5a8b3d1855429949d91db4fe::active_set_pack_a,5a8b3d1855429949d91db4fe,1.0,0.875,True,False,"[0.9497150778770447, 0.02311256155371666, 0.012686936184763908]"
5a8b3d1855429949d91db4fe::working_set_pack_b,5a8b3d1855429949d91db4fe,0.875,0.875,False,False,"[0.9551639556884766, 0.021408790722489357, 0.015278181061148643]"
5a8b3d1855429949d91db4fe::active_set_pack_b,5a8b3d1855429949d91db4fe,0.875,0.875,False,False,"[0.9496878981590271, 0.021501019597053528, 0.017120251432061195]"
5a804d725542995d8a8ddf60::working_set_pack_a,5a804d725542995d8a8ddf60,1.0,1.0,True,True,"[0.7896074652671814, 0.08875435590744019, 0.05927514657378197]"
5a804d725542995d8a8ddf60::active_set_pack_a,5a804d725542995d8a8ddf60,1.0,1.0,True,True,"[0.7251796722412109, 0.13041362166404724, 0.06919991225004196]"
5a804d725542995d8a8ddf60::working_set_pack_b,5a804d725542995d8a8ddf60,1.0,1.0,True,True,"[0.7910938262939453, 0.12450137734413147, 0.053957097232341766]"
5a804d725542995d8a8ddf60::active_set_pack_b,5a804d725542995d8a8ddf60,1.0,1.0,True,True,"[0.8827148079872131, 0.05116751790046692, 0.03186977654695511]"
5ab30cc755429976abd1bc3a::working_set_pack_a,5ab30cc755429976abd1bc3a,1.0,0.5,True,False,"[0.3226912021636963, 0.2857625186443329, 0.21667471528053284]"
5ab30cc755429976abd1bc3a::active_set_pack_a,5ab30cc755429976abd1bc3a,1.0,0.5,True,False,"[0.43597590923309326, 0.26759716868400574, 0.16334958374500275]"
5ab30cc755429976abd1bc3a::working_set_pack_b,5ab30cc755429976abd1bc3a,1.0,0.5,True,False,"[0.5046217441558838, 0.2961864769458771, 0.11053904891014099]"
5ab30cc755429976abd1bc3a::active_set_pack_b,5ab30cc755429976abd1bc3a,1.0,0.5,True,False,"[0.47470709681510925, 0.3721154034137726, 0.07446605712175369]"
5a89eca455429946c8d6ea11::working_set_pack_a,5a89eca455429946c8d6ea11,1.0,1.0,True,True,"[0.8531613349914551, 0.08289676159620285, 0.03528308868408203]"
5a89eca455429946c8d6ea11::active_set_pack_a,5a89eca455429946c8d6ea11,1.0,1.0,True,True,"[0.8520659804344177, 0.0807126834988594, 0.03765038028359413]"
5a89eca455429946c8d6ea11::working_set_pack_b,5a89eca455429946c8d6ea11,1.0,0.875,True,False,"[0.887904167175293, 0.053047604858875275, 0.032471273094415665]"
5a89eca455429946c8d6ea11::active_set_pack_b,5a89eca455429946c8d6ea11,1.0,0.875,True,False,"[0.8651612997055054, 0.06502535939216614, 0.03696940839290619]"
5abaf3385542996cc5e49f2f::working_set_pack_a,5abaf3385542996cc5e49f2f,0.75,0.625,False,False,"[0.6629641056060791, 0.14867448806762695, 0.09070337563753128]"
5abaf3385542996cc5e49f2f::active_set_pack_a,5abaf3385542996cc5e49f2f,0.75,0.625,False,False,"[0.6995095610618591, 0.13467121124267578, 0.08369521051645279]"
5abaf3385542996cc5e49f2f::working_set_pack_b,5abaf3385542996cc5e49f2f,0.75,0.5,False,False,"[0.7524976134300232, 0.11482246220111847, 0.06579923629760742]"
5abaf3385542996cc5e49f2f::active_set_pack_b,5abaf3385542996cc5e49f2f,0.75,0.625,False,False,"[0.5486794114112854, 0.24600191414356232, 0.09708695113658905]"
5ae55c2b5542992663a4f1e4::working_set_pack_a,5ae55c2b5542992663a4f1e4,1.0,1.0,True,True,"[0.5399698615074158, 0.3603343367576599, 0.053601548075675964]"
5ae55c2b5542992663a4f1e4::active_set_pack_a,5ae55c2b5542992663a4f1e4,1.0,1.0,True,True,"[0.5911545157432556, 0.3104492425918579, 0.04860502853989601]"
5ae55c2b5542992663a4f1e4::working_set_pack_b,5ae55c2b5542992663a4f1e4,1.0,1.0,True,True,"[0.6315152049064636, 0.31927692890167236, 0.026108868420124054]"
5ae55c2b5542992663a4f1e4::active_set_pack_b,5ae55c2b5542992663a4f1e4,1.0,1.0,True,True,"[0.5348750352859497, 0.4251434803009033, 0.017892926931381226]"
5a8ce61555429941ae14df36::working_set_pack_a,5a8ce61555429941ae14df36,0.75,0.75,False,False,"[0.9530079364776611, 0.030748285353183746, 0.01006842777132988]"
5a8ce61555429941ae14df36::active_set_pack_a,5a8ce61555429941ae14df36,0.75,0.75,False,False,"[0.9530970454216003, 0.030094515532255173, 0.009794511832296848]"
5a8ce61555429941ae14df36::working_set_pack_b,5a8ce61555429941ae14df36,0.75,0.75,False,False,"[0.9752940535545349, 0.011497186496853828, 0.006891761906445026]"
5a8ce61555429941ae14df36::active_set_pack_b,5a8ce61555429941ae14df36,0.875,0.75,False,False,"[0.9685020446777344, 0.016119781881570816, 0.010699993930757046]"
5aba8365554299232ef4a319::working_set_pack_a,5aba8365554299232ef4a319,0.875,0.875,False,False,"[0.8852539658546448, 0.056264664977788925, 0.03216284140944481]"
5aba8365554299232ef4a319::active_set_pack_a,5aba8365554299232ef4a319,1.0,0.875,True,False,"[0.8815682530403137, 0.061258040368556976, 0.033738791942596436]"
5aba8365554299232ef4a319::working_set_pack_b,5aba8365554299232ef4a319,0.875,0.625,False,False,"[0.9333704113960266, 0.0332011803984642, 0.015883006155490875]"
5aba8365554299232ef4a319::active_set_pack_b,5aba8365554299232ef4a319,0.875,0.625,False,False,"[0.9291656613349915, 0.0356181263923645, 0.016659846529364586]"
5abcff77554299700f9d794f::working_set_pack_a,5abcff77554299700f9d794f,1.0,0.875,True,False,"[0.8700010180473328, 0.059058208018541336, 0.03555769845843315]"
5abcff77554299700f9d794f::active_set_pack_a,5abcff77554299700f9d794f,1.0,0.875,True,False,"[0.8380117416381836, 0.07660197466611862, 0.04588223248720169]"
5abcff77554299700f9d794f::working_set_pack_b,5abcff77554299700f9d794f,1.0,0.875,True,False,"[0.7356123328208923, 0.12253543734550476, 0.09065409004688263]"
5abcff77554299700f9d794f::active_set_pack_b,5abcff77554299700f9d794f,1.0,1.0,True,True,"[0.6990625858306885, 0.16399192810058594, 0.09051197022199631]"
5ab56b71554299637185c586::working_set_pack_a,5ab56b71554299637185c586,1.0,1.0,True,True,"[0.7918083667755127, 0.16829457879066467, 0.024000979959964752]"
5ab56b71554299637185c586::active_set_pack_a,5ab56b71554299637185c586,1.0,1.0,True,True,"[0.7266532778739929, 0.22547097504138947, 0.026673845946788788]"
5ab56b71554299637185c586::working_set_pack_b,5ab56b71554299637185c586,1.0,1.0,True,True,"[0.7650169730186462, 0.2014445960521698, 0.018849510699510574]"
5ab56b71554299637185c586::active_set_pack_b,5ab56b71554299637185c586,1.0,1.0,True,True,"[0.6224594712257385, 0.3323006331920624, 0.02074109949171543]"
5a7ea5125542994959419a40::working_set_pack_a,5a7ea5125542994959419a40,0.875,0.625,False,False,"[0.733146607875824, 0.11367951333522797, 0.06878257542848587]"
5a7ea5125542994959419a40::active_set_pack_a,5a7ea5125542994959419a40,0.875,0.625,False,False,"[0.717639148235321, 0.12471257150173187, 0.07484956830739975]"
5a7ea5125542994959419a40::working_set_pack_b,5a7ea5125542994959419a40,0.875,0.625,False,False,"[0.7647451758384705, 0.10414304584264755, 0.053429216146469116]"
5a7ea5125542994959419a40::active_set_pack_b,5a7ea5125542994959419a40,1.0,0.875,True,False,"[0.7494480609893799, 0.1127796471118927, 0.06448575109243393]"
5ab90c2655429916710eb0ed::working_set_pack_a,5ab90c2655429916710eb0ed,1.0,0.875,True,False,"[0.5556691884994507, 0.2643183171749115, 0.171095073223114]"
5ab90c2655429916710eb0ed::active_set_pack_a,5ab90c2655429916710eb0ed,1.0,1.0,True,True,"[0.49547865986824036, 0.3142845630645752, 0.18111878633499146]"
5ab90c2655429916710eb0ed::working_set_pack_b,5ab90c2655429916710eb0ed,1.0,1.0,True,True,"[0.4681972563266754, 0.3957197666168213, 0.1246228888630867]"
5ab90c2655429916710eb0ed::active_set_pack_b,5ab90c2655429916710eb0ed,1.0,1.0,True,True,"[0.4970563054084778, 0.42221176624298096, 0.07420816272497177]"
5abc2d7755429959677d6a29::working_set_pack_a,5abc2d7755429959677d6a29,1.0,0.875,True,False,"[0.7326527833938599, 0.15412336587905884, 0.0613025426864624]"
5abc2d7755429959677d6a29::active_set_pack_a,5abc2d7755429959677d6a29,1.0,0.875,True,False,"[0.719305157661438, 0.1726139485836029, 0.05369507893919945]"
5abc2d7755429959677d6a29::working_set_pack_b,5abc2d7755429959677d6a29,0.875,0.875,False,False,"[0.5870370864868164, 0.23694463074207306, 0.10936443507671356]"
5abc2d7755429959677d6a29::active_set_pack_b,5abc2d7755429959677d6a29,1.0,0.75,True,False,"[0.6555273532867432, 0.19474752247333527, 0.08353142440319061]"
5a83143655429954d2e2ec0a::working_set_pack_a,5a83143655429954d2e2ec0a,1.0,0.625,True,False,"[0.8173456192016602, 0.07105965167284012, 0.057284075766801834]"
5a83143655429954d2e2ec0a::active_set_pack_a,5a83143655429954d2e2ec0a,1.0,0.875,True,False,"[0.7441297769546509, 0.107054702937603, 0.08188436925411224]"
5a83143655429954d2e2ec0a::working_set_pack_b,5a83143655429954d2e2ec0a,1.0,0.5,True,False,"[0.8858029246330261, 0.04576766863465309, 0.03265273943543434]"
5a83143655429954d2e2ec0a::active_set_pack_b,5a83143655429954d2e2ec0a,1.0,0.5,True,False,"[0.8819523453712463, 0.04098893702030182, 0.037203166633844376]"
5ab691c5554299710c8d1ed3::working_set_pack_a,5ab691c5554299710c8d1ed3,1.0,1.0,True,True,"[0.47445055842399597, 0.4040261209011078, 0.10004585981369019]"
5ab691c5554299710c8d1ed3::active_set_pack_a,5ab691c5554299710c8d1ed3,1.0,1.0,True,True,"[0.5231773257255554, 0.33838126063346863, 0.11570354551076889]"
5ab691c5554299710c8d1ed3::working_set_pack_b,5ab691c5554299710c8d1ed3,1.0,1.0,True,True,"[0.5513954162597656, 0.311700701713562, 0.11369255185127258]"
5ab691c5554299710c8d1ed3::active_set_pack_b,5ab691c5554299710c8d1ed3,1.0,1.0,True,True,"[0.4809083640575409, 0.3815361261367798, 0.11047092825174332]"
5a7528e75542996c70cfaea0::working_set_pack_a,5a7528e75542996c70cfaea0,1.0,1.0,True,True,"[0.9237012267112732, 0.06737231463193893, 0.007155148778110743]"
5a7528e75542996c70cfaea0::active_set_pack_a,5a7528e75542996c70cfaea0,1.0,1.0,True,True,"[0.9332953095436096, 0.06080694869160652, 0.0040892050601542]"
5a7528e75542996c70cfaea0::working_set_pack_b,5a7528e75542996c70cfaea0,1.0,1.0,True,True,"[0.8717679977416992, 0.11030160635709763, 0.015290149487555027]"
5a7528e75542996c70cfaea0::active_set_pack_b,5a7528e75542996c70cfaea0,1.0,1.0,True,True,"[0.9073207378387451, 0.07857934385538101, 0.010989960283041]"
5ab4280b554299233955003a::working_set_pack_a,5ab4280b554299233955003a,0.875,0.5,False,False,"[0.865492582321167, 0.06345931440591812, 0.03440296649932861]"
5ab4280b554299233955003a::active_set_pack_a,5ab4280b554299233955003a,0.875,0.5,False,False,"[0.8366445899009705, 0.0808473750948906, 0.04021596908569336]"
5ab4280b554299233955003a::working_set_pack_b,5ab4280b554299233955003a,0.875,0.5,False,False,"[0.7753803730010986, 0.10705095529556274, 0.062105558812618256]"
5ab4280b554299233955003a::active_set_pack_b,5ab4280b554299233955003a,0.875,0.5,False,False,"[0.7763141393661499, 0.1034388318657875, 0.06802897155284882]"
5ae3916d5542994393b9e708::working_set_pack_a,5ae3916d5542994393b9e708,0.875,0.875,False,False,"[0.6299511194229126, 0.2567481994628906, 0.08391020447015762]"
5ae3916d5542994393b9e708::active_set_pack_a,5ae3916d5542994393b9e708,0.875,0.875,False,False,"[0.7573996186256409, 0.16388404369354248, 0.05090510845184326]"
5ae3916d5542994393b9e708::working_set_pack_b,5ae3916d5542994393b9e708,0.875,0.875,False,False,"[0.7469602823257446, 0.15316292643547058, 0.07716000080108643]"
5ae3916d5542994393b9e708::active_set_pack_b,5ae3916d5542994393b9e708,0.875,0.875,False,False,"[0.6954317688941956, 0.18826374411582947, 0.08827392011880875]"
5adc32805542994650320cad::working_set_pack_a,5adc32805542994650320cad,0.875,0.75,False,False,"[0.44017598032951355, 0.3317180275917053, 0.1507941037416458]"
5adc32805542994650320cad::active_set_pack_a,5adc32805542994650320cad,0.75,0.75,False,False,"[0.6451947689056396, 0.2136438935995102, 0.08286666125059128]"
5adc32805542994650320cad::working_set_pack_b,5adc32805542994650320cad,0.75,0.625,False,False,"[0.4636474549770355, 0.3627229928970337, 0.09557200223207474]"
5adc32805542994650320cad::active_set_pack_b,5adc32805542994650320cad,0.875,0.625,False,False,"[0.46467316150665283, 0.3833310902118683, 0.07307574152946472]"
5a7a1bb25542996a35c170d2::working_set_pack_a,5a7a1bb25542996a35c170d2,1.0,1.0,True,True,"[0.870252251625061, 0.06559167057275772, 0.028639238327741623]"
5a7a1bb25542996a35c170d2::active_set_pack_a,5a7a1bb25542996a35c170d2,1.0,1.0,True,True,"[0.8817000985145569, 0.06322090327739716, 0.026801258325576782]"
5a7a1bb25542996a35c170d2::working_set_pack_b,5a7a1bb25542996a35c170d2,1.0,1.0,True,True,"[0.854136049747467, 0.07282540202140808, 0.03657107800245285]"
5a7a1bb25542996a35c170d2::active_set_pack_b,5a7a1bb25542996a35c170d2,1.0,1.0,True,True,"[0.9241005182266235, 0.041290104389190674, 0.01672283373773098]"
5adc36475542996e685252e1::working_set_pack_a,5adc36475542996e685252e1,0.875,0.5,False,False,"[0.595805823802948, 0.24605724215507507, 0.1169481873512268]"
5adc36475542996e685252e1::active_set_pack_a,5adc36475542996e685252e1,0.875,0.5,False,False,"[0.5783032774925232, 0.2699984312057495, 0.11195363104343414]"
5adc36475542996e685252e1::working_set_pack_b,5adc36475542996e685252e1,1.0,0.5,True,False,"[0.5717087388038635, 0.2183694839477539, 0.12945647537708282]"
5adc36475542996e685252e1::active_set_pack_b,5adc36475542996e685252e1,1.0,0.5,True,False,"[0.4260913133621216, 0.3680981993675232, 0.14005047082901]"
5a7af39755429931da12c99d::working_set_pack_a,5a7af39755429931da12c99d,1.0,0.75,True,False,"[0.9598682522773743, 0.02010931633412838, 0.00869411788880825]"
5a7af39755429931da12c99d::active_set_pack_a,5a7af39755429931da12c99d,1.0,0.75,True,False,"[0.9573920965194702, 0.02117515169084072, 0.009496723301708698]"
5a7af39755429931da12c99d::working_set_pack_b,5a7af39755429931da12c99d,0.625,0.625,False,False,"[0.9784464836120605, 0.009661990217864513, 0.006303709466010332]"
5a7af39755429931da12c99d::active_set_pack_b,5a7af39755429931da12c99d,1.0,0.625,True,False,"[0.9742792844772339, 0.014534087851643562, 0.0060933311469852924]"
5ade2af055429939a52fe84b::working_set_pack_a,5ade2af055429939a52fe84b,1.0,1.0,True,True,"[0.8895661234855652, 0.07695940881967545, 0.0158250629901886]"
5ade2af055429939a52fe84b::active_set_pack_a,5ade2af055429939a52fe84b,1.0,1.0,True,True,"[0.8742004632949829, 0.08923055231571198, 0.0200081467628479]"
5ade2af055429939a52fe84b::working_set_pack_b,5ade2af055429939a52fe84b,1.0,1.0,True,True,"[0.8735546469688416, 0.09171329438686371, 0.019270533695816994]"
5ade2af055429939a52fe84b::active_set_pack_b,5ade2af055429939a52fe84b,1.0,1.0,True,True,"[0.7988749146461487, 0.16385027766227722, 0.01916315406560898]"
5ab907c555429916710eb0e3::working_set_pack_a,5ab907c555429916710eb0e3,1.0,0.875,True,False,"[0.8796700239181519, 0.054455339908599854, 0.04927482828497887]"
5ab907c555429916710eb0e3::active_set_pack_a,5ab907c555429916710eb0e3,1.0,0.875,True,False,"[0.8732547760009766, 0.07012829184532166, 0.04124930500984192]"
5ab907c555429916710eb0e3::working_set_pack_b,5ab907c555429916710eb0e3,0.875,0.875,False,False,"[0.8294916749000549, 0.11719141155481339, 0.03468405827879906]"
5ab907c555429916710eb0e3::active_set_pack_b,5ab907c555429916710eb0e3,1.0,0.875,True,False,"[0.8580670356750488, 0.1056957021355629, 0.022772492840886116]"
5a73630855429901807db021::working_set_pack_a,5a73630855429901807db021,1.0,1.0,True,True,"[0.9295791983604431, 0.054393719881772995, 0.011693587526679039]"
5a73630855429901807db021::active_set_pack_a,5a73630855429901807db021,1.0,1.0,True,True,"[0.9180092811584473, 0.06483743339776993, 0.012789390049874783]"
5a73630855429901807db021::working_set_pack_b,5a73630855429901807db021,1.0,1.0,True,True,"[0.9415087103843689, 0.04166639596223831, 0.01324643287807703]"
5a73630855429901807db021::active_set_pack_b,5a73630855429901807db021,1.0,1.0,True,True,"[0.9107843041419983, 0.0700024738907814, 0.01577567867934704]"
5abae0265542996cc5e49ec3::working_set_pack_a,5abae0265542996cc5e49ec3,1.0,1.0,True,True,"[0.552071750164032, 0.38767895102500916, 0.04901532083749771]"
5abae0265542996cc5e49ec3::active_set_pack_a,5abae0265542996cc5e49ec3,1.0,1.0,True,True,"[0.6073862910270691, 0.3346094787120819, 0.04832584410905838]"
5abae0265542996cc5e49ec3::working_set_pack_b,5abae0265542996cc5e49ec3,1.0,1.0,True,True,"[0.5126315355300903, 0.41666337847709656, 0.06198391318321228]"
5abae0265542996cc5e49ec3::active_set_pack_b,5abae0265542996cc5e49ec3,1.0,1.0,True,True,"[0.5381656289100647, 0.36142948269844055, 0.09127537906169891]"
5ae061705542993d6555eb26::working_set_pack_a,5ae061705542993d6555eb26,1.0,1.0,True,True,"[0.7253817915916443, 0.16216427087783813, 0.07084309309720993]"
5ae061705542993d6555eb26::active_set_pack_a,5ae061705542993d6555eb26,1.0,1.0,True,True,"[0.7474473714828491, 0.15236912667751312, 0.05945691838860512]"
5ae061705542993d6555eb26::working_set_pack_b,5ae061705542993d6555eb26,1.0,1.0,True,True,"[0.6994237899780273, 0.18213699758052826, 0.07149148732423782]"
5ae061705542993d6555eb26::active_set_pack_b,5ae061705542993d6555eb26,1.0,1.0,True,True,"[0.5807381868362427, 0.2938340902328491, 0.09019719809293747]"
5a835bb5554299123d8c2102::working_set_pack_a,5a835bb5554299123d8c2102,1.0,1.0,True,True,"[0.8679105639457703, 0.09972522407770157, 0.022317208349704742]"
5a835bb5554299123d8c2102::active_set_pack_a,5a835bb5554299123d8c2102,1.0,1.0,True,True,"[0.8767566680908203, 0.09373781085014343, 0.019353268668055534]"
5a835bb5554299123d8c2102::working_set_pack_b,5a835bb5554299123d8c2102,1.0,1.0,True,True,"[0.8880912661552429, 0.09067737311124802, 0.014262673445045948]"
5a835bb5554299123d8c2102::active_set_pack_b,5a835bb5554299123d8c2102,1.0,1.0,True,True,"[0.7178539633750916, 0.2449137419462204, 0.02022189274430275]"
5ae05c3155429924de1b70b0::working_set_pack_a,5ae05c3155429924de1b70b0,1.0,1.0,True,True,"[0.6733424663543701, 0.22753141820430756, 0.05342414602637291]"
5ae05c3155429924de1b70b0::active_set_pack_a,5ae05c3155429924de1b70b0,1.0,1.0,True,True,"[0.5859060883522034, 0.29470303654670715, 0.06109507381916046]"
5ae05c3155429924de1b70b0::working_set_pack_b,5ae05c3155429924de1b70b0,1.0,1.0,True,True,"[0.6972527503967285, 0.1850997507572174, 0.0626751109957695]"
5ae05c3155429924de1b70b0::active_set_pack_b,5ae05c3155429924de1b70b0,1.0,1.0,True,True,"[0.7538127303123474, 0.15087246894836426, 0.05527839437127113]"
5ae225fb554299234fd043f8::working_set_pack_a,5ae225fb554299234fd043f8,1.0,1.0,True,True,"[0.6031424403190613, 0.29012367129325867, 0.07587713748216629]"
5ae225fb554299234fd043f8::active_set_pack_a,5ae225fb554299234fd043f8,1.0,1.0,True,True,"[0.5281834602355957, 0.36696305871009827, 0.07095596939325333]"
5ae225fb554299234fd043f8::working_set_pack_b,5ae225fb554299234fd043f8,1.0,1.0,True,True,"[0.767101526260376, 0.157845601439476, 0.05004886910319328]"
5ae225fb554299234fd043f8::active_set_pack_b,5ae225fb554299234fd043f8,1.0,1.0,True,True,"[0.5548041462898254, 0.3779451251029968, 0.04188534989953041]"
5ae513225542993aec5ec12e::working_set_pack_a,5ae513225542993aec5ec12e,1.0,0.75,True,False,"[0.5501452684402466, 0.26838964223861694, 0.13065463304519653]"
5ae513225542993aec5ec12e::active_set_pack_a,5ae513225542993aec5ec12e,1.0,0.75,True,False,"[0.44375330209732056, 0.3266369104385376, 0.16225950419902802]"
5ae513225542993aec5ec12e::working_set_pack_b,5ae513225542993aec5ec12e,1.0,0.75,True,False,"[0.6839960217475891, 0.1927902102470398, 0.09465786814689636]"
5ae513225542993aec5ec12e::active_set_pack_b,5ae513225542993aec5ec12e,1.0,0.75,True,False,"[0.7105134129524231, 0.1863175332546234, 0.08342602103948593]"
5abd0749554299700f9d796f::working_set_pack_a,5abd0749554299700f9d796f,1.0,1.0,True,True,"[0.9034836888313293, 0.06177632883191109, 0.026165928691625595]"
5abd0749554299700f9d796f::active_set_pack_a,5abd0749554299700f9d796f,1.0,1.0,True,True,"[0.8585397005081177, 0.10437265038490295, 0.026164088398218155]"
5abd0749554299700f9d796f::working_set_pack_b,5abd0749554299700f9d796f,1.0,1.0,True,True,"[0.9176873564720154, 0.0535673163831234, 0.021685469895601273]"
5abd0749554299700f9d796f::active_set_pack_b,5abd0749554299700f9d796f,1.0,1.0,True,True,"[0.9243101477622986, 0.03895493224263191, 0.025866972282528877]"
5a8a28505542996c9b8d5e22::working_set_pack_a,5a8a28505542996c9b8d5e22,1.0,1.0,True,True,"[0.8882243037223816, 0.05799228325486183, 0.029401468113064766]"
5a8a28505542996c9b8d5e22::active_set_pack_a,5a8a28505542996c9b8d5e22,1.0,1.0,True,True,"[0.9166261553764343, 0.03967505320906639, 0.02296220138669014]"
5a8a28505542996c9b8d5e22::working_set_pack_b,5a8a28505542996c9b8d5e22,1.0,1.0,True,True,"[0.8476039171218872, 0.09488435089588165, 0.031771715730428696]"
5a8a28505542996c9b8d5e22::active_set_pack_b,5a8a28505542996c9b8d5e22,1.0,1.0,True,True,"[0.9198081493377686, 0.041368693113327026, 0.019332557916641235]"
5a727bb95542991f9a20c48d::working_set_pack_a,5a727bb95542991f9a20c48d,0.75,0.625,False,False,"[0.8229077458381653, 0.1003975048661232, 0.03609532117843628]"
5a727bb95542991f9a20c48d::active_set_pack_a,5a727bb95542991f9a20c48d,0.75,0.625,False,False,"[0.8385522365570068, 0.09067507088184357, 0.034308843314647675]"
5a727bb95542991f9a20c48d::working_set_pack_b,5a727bb95542991f9a20c48d,0.75,0.5,False,False,"[0.8644729852676392, 0.08147601783275604, 0.028405942022800446]"
5a727bb95542991f9a20c48d::active_set_pack_b,5a727bb95542991f9a20c48d,0.75,0.5,False,False,"[0.8673954606056213, 0.08182600885629654, 0.027641912922263145]"
5ae754725542995703ce8bf2::working_set_pack_a,5ae754725542995703ce8bf2,1.0,1.0,True,True,"[0.8061105012893677, 0.1170276328921318, 0.04023163020610809]"
5ae754725542995703ce8bf2::active_set_pack_a,5ae754725542995703ce8bf2,1.0,1.0,True,True,"[0.8184452652931213, 0.10272981971502304, 0.04261964187026024]"
5ae754725542995703ce8bf2::working_set_pack_b,5ae754725542995703ce8bf2,1.0,1.0,True,True,"[0.87900310754776, 0.061470456421375275, 0.028501402586698532]"
5ae754725542995703ce8bf2::active_set_pack_b,5ae754725542995703ce8bf2,1.0,1.0,True,True,"[0.8019793033599854, 0.13187554478645325, 0.03082091361284256]"
5a740aa955429974ef308ba3::working_set_pack_a,5a740aa955429974ef308ba3,1.0,1.0,True,True,"[0.6833533644676208, 0.15442807972431183, 0.07918210327625275]"
5a740aa955429974ef308ba3::active_set_pack_a,5a740aa955429974ef308ba3,1.0,0.875,True,False,"[0.766754686832428, 0.08998054265975952, 0.06110498309135437]"
5a740aa955429974ef308ba3::working_set_pack_b,5a740aa955429974ef308ba3,1.0,0.75,True,False,"[0.7890642881393433, 0.07938239723443985, 0.05830664187669754]"
5a740aa955429974ef308ba3::active_set_pack_b,5a740aa955429974ef308ba3,1.0,1.0,True,True,"[0.7145522832870483, 0.13016802072525024, 0.07048433274030685]"
5ae331f955429928c423966f::working_set_pack_a,5ae331f955429928c423966f,1.0,1.0,True,True,"[0.8404225707054138, 0.13063226640224457, 0.017183177173137665]"
5ae331f955429928c423966f::active_set_pack_a,5ae331f955429928c423966f,1.0,1.0,True,True,"[0.8300453424453735, 0.14157815277576447, 0.01620994694530964]"
5ae331f955429928c423966f::working_set_pack_b,5ae331f955429928c423966f,1.0,1.0,True,True,"[0.8909362554550171, 0.08213291317224503, 0.018729686737060547]"
5ae331f955429928c423966f::active_set_pack_b,5ae331f955429928c423966f,1.0,1.0,True,True,"[0.8596798181533813, 0.1130005344748497, 0.016634192317724228]"
5ade4e43554299728e26c6bb::working_set_pack_a,5ade4e43554299728e26c6bb,0.875,0.75,False,False,"[0.8352257609367371, 0.07255364954471588, 0.046663153916597366]"
5ade4e43554299728e26c6bb::active_set_pack_a,5ade4e43554299728e26c6bb,0.875,0.75,False,False,"[0.8482752442359924, 0.06254773586988449, 0.0423276424407959]"
5ade4e43554299728e26c6bb::working_set_pack_b,5ade4e43554299728e26c6bb,1.0,0.75,True,False,"[0.8446882367134094, 0.06828681379556656, 0.044043343514204025]"
5ade4e43554299728e26c6bb::active_set_pack_b,5ade4e43554299728e26c6bb,0.875,1.0,False,True,"[0.7735339999198914, 0.09875158220529556, 0.06264649331569672]"
5ac25c4a55429951e9e6857f::working_set_pack_a,5ac25c4a55429951e9e6857f,1.0,1.0,True,True,"[0.8195766806602478, 0.10826822370290756, 0.04844777658581734]"
5ac25c4a55429951e9e6857f::active_set_pack_a,5ac25c4a55429951e9e6857f,1.0,1.0,True,True,"[0.8011980652809143, 0.11211065202951431, 0.054357677698135376]"
5ac25c4a55429951e9e6857f::working_set_pack_b,5ac25c4a55429951e9e6857f,1.0,0.75,True,False,"[0.6790443062782288, 0.14969821274280548, 0.10103228688240051]"
5ac25c4a55429951e9e6857f::active_set_pack_b,5ac25c4a55429951e9e6857f,1.0,0.75,True,False,"[0.5743264555931091, 0.21812419593334198, 0.13224662840366364]"
5ae79c2b5542993210983eae::working_set_pack_a,5ae79c2b5542993210983eae,0.875,0.625,False,False,"[0.6646624803543091, 0.2022305727005005, 0.05756000056862831]"
5ae79c2b5542993210983eae::active_set_pack_a,5ae79c2b5542993210983eae,0.875,0.875,False,False,"[0.6850568056106567, 0.18575868010520935, 0.060283735394477844]"
5ae79c2b5542993210983eae::working_set_pack_b,5ae79c2b5542993210983eae,1.0,0.75,True,False,"[0.6219334006309509, 0.1884266883134842, 0.09770975261926651]"
5ae79c2b5542993210983eae::active_set_pack_b,5ae79c2b5542993210983eae,1.0,1.0,True,True,"[0.6069063544273376, 0.16417576372623444, 0.12514284253120422]"
5a73e07655429905862fe0ea::working_set_pack_a,5a73e07655429905862fe0ea,0.875,0.75,False,False,"[0.8729200959205627, 0.06778528541326523, 0.040864262729883194]"
5a73e07655429905862fe0ea::active_set_pack_a,5a73e07655429905862fe0ea,0.75,0.75,False,False,"[0.8468172550201416, 0.07931077480316162, 0.05119216814637184]"
5a73e07655429905862fe0ea::working_set_pack_b,5a73e07655429905862fe0ea,1.0,0.75,True,False,"[0.9207606315612793, 0.03570053353905678, 0.03068523481488228]"
5a73e07655429905862fe0ea::active_set_pack_b,5a73e07655429905862fe0ea,0.875,0.75,False,False,"[0.9030504822731018, 0.043016217648983, 0.03692147135734558]"
5a8885b4554299206df2b2e4::working_set_pack_a,5a8885b4554299206df2b2e4,1.0,1.0,True,True,"[0.6859506368637085, 0.19137874245643616, 0.10174871981143951]"
5a8885b4554299206df2b2e4::active_set_pack_a,5a8885b4554299206df2b2e4,1.0,1.0,True,True,"[0.681654155254364, 0.1668419986963272, 0.1352575570344925]"
5a8885b4554299206df2b2e4::working_set_pack_b,5a8885b4554299206df2b2e4,0.875,0.875,False,False,"[0.5205543637275696, 0.2989685535430908, 0.1436830759048462]"
5a8885b4554299206df2b2e4::active_set_pack_b,5a8885b4554299206df2b2e4,1.0,1.0,True,True,"[0.3799892067909241, 0.32090649008750916, 0.2428082674741745]"
5a7d20b055429909bec76973::working_set_pack_a,5a7d20b055429909bec76973,1.0,0.625,True,False,"[0.9574927687644958, 0.023918798193335533, 0.008556435815989971]"
5a7d20b055429909bec76973::active_set_pack_a,5a7d20b055429909bec76973,1.0,0.625,True,False,"[0.9580007195472717, 0.02372061461210251, 0.008559775538742542]"
5a7d20b055429909bec76973::working_set_pack_b,5a7d20b055429909bec76973,1.0,0.625,True,False,"[0.9682353734970093, 0.01666880212724209, 0.007855139672756195]"
5a7d20b055429909bec76973::active_set_pack_b,5a7d20b055429909bec76973,1.0,0.625,True,False,"[0.9673115015029907, 0.0156208211556077, 0.007788775488734245]"
5a793e77554299029c4b5f36::working_set_pack_a,5a793e77554299029c4b5f36,1.0,1.0,True,True,"[0.7975832223892212, 0.17121826112270355, 0.017101937904953957]"
5a793e77554299029c4b5f36::active_set_pack_a,5a793e77554299029c4b5f36,1.0,1.0,True,True,"[0.7193277478218079, 0.25331634283065796, 0.015394167974591255]"
5a793e77554299029c4b5f36::working_set_pack_b,5a793e77554299029c4b5f36,1.0,1.0,True,True,"[0.7170453667640686, 0.24152331054210663, 0.028398364782333374]"
5a793e77554299029c4b5f36::active_set_pack_b,5a793e77554299029c4b5f36,1.0,1.0,True,True,"[0.7696164846420288, 0.18914572894573212, 0.023765763267874718]"
5a8906515542993b751ca8f0::working_set_pack_a,5a8906515542993b751ca8f0,1.0,0.875,True,False,"[0.5959355235099792, 0.19698892533779144, 0.11371169239282608]"
5a8906515542993b751ca8f0::active_set_pack_a,5a8906515542993b751ca8f0,0.875,0.875,False,False,"[0.6905253529548645, 0.15092313289642334, 0.084678053855896]"
5a8906515542993b751ca8f0::working_set_pack_b,5a8906515542993b751ca8f0,1.0,0.875,True,False,"[0.5798943042755127, 0.2272443026304245, 0.11339375376701355]"
5a8906515542993b751ca8f0::active_set_pack_b,5a8906515542993b751ca8f0,0.875,0.75,False,False,"[0.6218199729919434, 0.2001749575138092, 0.09811177104711533]"
5adf6abe5542993344016c8c::working_set_pack_a,5adf6abe5542993344016c8c,0.875,0.75,False,False,"[0.8707089424133301, 0.09608329087495804, 0.015567140653729439]"
5adf6abe5542993344016c8c::active_set_pack_a,5adf6abe5542993344016c8c,0.875,0.75,False,False,"[0.9155264496803284, 0.055121857672929764, 0.013854010961949825]"
5adf6abe5542993344016c8c::working_set_pack_b,5adf6abe5542993344016c8c,0.875,0.75,False,False,"[0.7766084671020508, 0.190416619181633, 0.015572840347886086]"
5adf6abe5542993344016c8c::active_set_pack_b,5adf6abe5542993344016c8c,0.875,0.75,False,False,"[0.9103715419769287, 0.06589917838573456, 0.011022190563380718]"
5ab51c455542990594ba9d0a::working_set_pack_a,5ab51c455542990594ba9d0a,0.875,0.75,False,False,"[0.5245296955108643, 0.31120359897613525, 0.09845929592847824]"
5ab51c455542990594ba9d0a::active_set_pack_a,5ab51c455542990594ba9d0a,0.875,0.75,False,False,"[0.4895821511745453, 0.36093032360076904, 0.08883005380630493]"
5ab51c455542990594ba9d0a::working_set_pack_b,5ab51c455542990594ba9d0a,0.875,0.75,False,False,"[0.49120137095451355, 0.33799025416374207, 0.11183499544858932]"
5ab51c455542990594ba9d0a::active_set_pack_b,5ab51c455542990594ba9d0a,0.75,0.75,False,False,"[0.5432127118110657, 0.3001178503036499, 0.10639692842960358]"
5ae12f915542997b2ef7d11f::working_set_pack_a,5ae12f915542997b2ef7d11f,1.0,1.0,True,True,"[0.709498405456543, 0.1591104120016098, 0.06627941876649857]"
5ae12f915542997b2ef7d11f::active_set_pack_a,5ae12f915542997b2ef7d11f,1.0,1.0,True,True,"[0.7177830338478088, 0.16510985791683197, 0.05582713708281517]"
5ae12f915542997b2ef7d11f::working_set_pack_b,5ae12f915542997b2ef7d11f,1.0,1.0,True,True,"[0.4714248776435852, 0.417309433221817, 0.05321212112903595]"
5ae12f915542997b2ef7d11f::active_set_pack_b,5ae12f915542997b2ef7d11f,1.0,1.0,True,True,"[0.48566505312919617, 0.378645658493042, 0.0645231157541275]"
5adbdb8955429944faac2389::working_set_pack_a,5adbdb8955429944faac2389,0.875,0.625,False,False,"[0.969579815864563, 0.015011036768555641, 0.008010727353394032]"
5adbdb8955429944faac2389::active_set_pack_a,5adbdb8955429944faac2389,0.875,0.625,False,False,"[0.9681875109672546, 0.015450973995029926, 0.008638528175652027]"
5adbdb8955429944faac2389::working_set_pack_b,5adbdb8955429944faac2389,0.875,0.625,False,False,"[0.965362012386322, 0.022896716371178627, 0.006962676998227835]"
5adbdb8955429944faac2389::active_set_pack_b,5adbdb8955429944faac2389,0.875,0.625,False,False,"[0.9687134027481079, 0.01985219679772854, 0.00726662203669548]"
5a74a7bf55429929fddd8494::working_set_pack_a,5a74a7bf55429929fddd8494,0.75,0.625,False,False,"[0.9224364161491394, 0.04422866180539131, 0.02065010741353035]"
5a74a7bf55429929fddd8494::active_set_pack_a,5a74a7bf55429929fddd8494,0.75,0.625,False,False,"[0.9207519292831421, 0.04504887014627457, 0.021361250430345535]"
5a74a7bf55429929fddd8494::working_set_pack_b,5a74a7bf55429929fddd8494,0.75,0.75,False,False,"[0.9129227995872498, 0.04974359646439552, 0.024318529292941093]"
5a74a7bf55429929fddd8494::active_set_pack_b,5a74a7bf55429929fddd8494,0.75,0.625,False,False,"[0.9264175295829773, 0.04083611071109772, 0.019348829984664917]"
5a89a59555429946c8d6e97e::working_set_pack_a,5a89a59555429946c8d6e97e,1.0,0.75,True,False,"[0.6713238954544067, 0.16140711307525635, 0.08786960691213608]"
5a89a59555429946c8d6e97e::active_set_pack_a,5a89a59555429946c8d6e97e,1.0,0.75,True,False,"[0.6982859969139099, 0.14206483960151672, 0.0824168249964714]"
5a89a59555429946c8d6e97e::working_set_pack_b,5a89a59555429946c8d6e97e,1.0,0.625,True,False,"[0.6059573888778687, 0.17938093841075897, 0.09619231522083282]"
5a89a59555429946c8d6e97e::active_set_pack_b,5a89a59555429946c8d6e97e,1.0,0.5,True,False,"[0.42561423778533936, 0.3347369134426117, 0.10586924850940704]"
5abe37295542993f32c2a090::working_set_pack_a,5abe37295542993f32c2a090,1.0,0.875,True,False,"[0.6093308329582214, 0.21026821434497833, 0.09453700482845306]"
5abe37295542993f32c2a090::active_set_pack_a,5abe37295542993f32c2a090,1.0,0.875,True,False,"[0.6458019018173218, 0.19745682179927826, 0.08590386062860489]"
5abe37295542993f32c2a090::working_set_pack_b,5abe37295542993f32c2a090,0.875,0.75,False,False,"[0.6432145237922668, 0.189551442861557, 0.07404575496912003]"
5abe37295542993f32c2a090::active_set_pack_b,5abe37295542993f32c2a090,0.875,0.75,False,False,"[0.7720377445220947, 0.13430029153823853, 0.039103493094444275]"
5adf54605542993a75d264c6::working_set_pack_a,5adf54605542993a75d264c6,1.0,1.0,True,True,"[0.9140942692756653, 0.04030122607946396, 0.02679135650396347]"
5adf54605542993a75d264c6::active_set_pack_a,5adf54605542993a75d264c6,1.0,1.0,True,True,"[0.9207050800323486, 0.03997422009706497, 0.024792391806840897]"
5adf54605542993a75d264c6::working_set_pack_b,5adf54605542993a75d264c6,1.0,0.75,True,False,"[0.9266358017921448, 0.03307448700070381, 0.022875895723700523]"
5adf54605542993a75d264c6::active_set_pack_b,5adf54605542993a75d264c6,1.0,0.875,True,False,"[0.9381954669952393, 0.03315925970673561, 0.01672845333814621]"
5a7792435542995d831811e4::working_set_pack_a,5a7792435542995d831811e4,0.875,0.5,False,False,"[0.6830909252166748, 0.21106310188770294, 0.04832126945257187]"
5a7792435542995d831811e4::active_set_pack_a,5a7792435542995d831811e4,1.0,0.5,True,False,"[0.6305327415466309, 0.21374402940273285, 0.07688330113887787]"
5a7792435542995d831811e4::working_set_pack_b,5a7792435542995d831811e4,0.875,0.5,False,False,"[0.8170744776725769, 0.13074105978012085, 0.02167383022606373]"
5a7792435542995d831811e4::active_set_pack_b,5a7792435542995d831811e4,0.875,0.5,False,False,"[0.7687248587608337, 0.13281597197055817, 0.041800446808338165]"
5a8a481a55429930ff3c0d5a::working_set_pack_a,5a8a481a55429930ff3c0d5a,1.0,1.0,True,True,"[0.8620190024375916, 0.09150286763906479, 0.040979959070682526]"
5a8a481a55429930ff3c0d5a::active_set_pack_a,5a8a481a55429930ff3c0d5a,1.0,1.0,True,True,"[0.8512517213821411, 0.1029142215847969, 0.03952964395284653]"
5a8a481a55429930ff3c0d5a::working_set_pack_b,5a8a481a55429930ff3c0d5a,1.0,0.875,True,False,"[0.9389028549194336, 0.031341638416051865, 0.02351454086601734]"
5a8a481a55429930ff3c0d5a::active_set_pack_b,5a8a481a55429930ff3c0d5a,1.0,1.0,True,True,"[0.8723198175430298, 0.08753225207328796, 0.030160851776599884]"
5ac269a455429951e9e685aa::working_set_pack_a,5ac269a455429951e9e685aa,1.0,1.0,True,True,"[0.6348651051521301, 0.32651033997535706, 0.02045677974820137]"
5ac269a455429951e9e685aa::active_set_pack_a,5ac269a455429951e9e685aa,1.0,1.0,True,True,"[0.7039873003959656, 0.26097217202186584, 0.019496362656354904]"
5ac269a455429951e9e685aa::working_set_pack_b,5ac269a455429951e9e685aa,1.0,1.0,True,True,"[0.7684910893440247, 0.18249189853668213, 0.0253136083483696]"
5ac269a455429951e9e685aa::active_set_pack_b,5ac269a455429951e9e685aa,1.0,1.0,True,True,"[0.7083094716072083, 0.21296073496341705, 0.04067004844546318]"
5a7cd27e55429909bec76827::working_set_pack_a,5a7cd27e55429909bec76827,1.0,0.75,True,False,"[0.8933648467063904, 0.04054741561412811, 0.032738830894231796]"
5a7cd27e55429909bec76827::active_set_pack_a,5a7cd27e55429909bec76827,1.0,0.75,True,False,"[0.8963170051574707, 0.040712520480155945, 0.029540665447711945]"
5a7cd27e55429909bec76827::working_set_pack_b,5a7cd27e55429909bec76827,1.0,0.75,True,False,"[0.9356274008750916, 0.023388713598251343, 0.0178268700838089]"
5a7cd27e55429909bec76827::active_set_pack_b,5a7cd27e55429909bec76827,1.0,0.625,True,False,"[0.9300752878189087, 0.022974839434027672, 0.020075442269444466]"
5adbf5e255429947ff17386c::working_set_pack_a,5adbf5e255429947ff17386c,1.0,1.0,True,True,"[0.612257182598114, 0.32940900325775146, 0.03924223408102989]"
5adbf5e255429947ff17386c::active_set_pack_a,5adbf5e255429947ff17386c,1.0,1.0,True,True,"[0.6916545629501343, 0.2531382739543915, 0.03612431883811951]"
5adbf5e255429947ff17386c::working_set_pack_b,5adbf5e255429947ff17386c,1.0,1.0,True,True,"[0.7063611745834351, 0.25752460956573486, 0.01856617070734501]"
5adbf5e255429947ff17386c::active_set_pack_b,5adbf5e255429947ff17386c,1.0,1.0,True,True,"[0.682443380355835, 0.26389917731285095, 0.03485430032014847]"
5a764341554299109176e6e9::working_set_pack_a,5a764341554299109176e6e9,0.875,0.75,False,False,"[0.9495079517364502, 0.016990486532449722, 0.016438091173768044]"
5a764341554299109176e6e9::active_set_pack_a,5a764341554299109176e6e9,0.875,0.75,False,False,"[0.9312669634819031, 0.02399061806499958, 0.023232821375131607]"
5a764341554299109176e6e9::working_set_pack_b,5a764341554299109176e6e9,0.75,0.5,False,False,"[0.872027575969696, 0.08697490394115448, 0.01963236927986145]"
5a764341554299109176e6e9::active_set_pack_b,5a764341554299109176e6e9,0.75,0.5,False,False,"[0.8683324456214905, 0.0816953033208847, 0.027059657499194145]"
5a7ded525542990b8f503af2::working_set_pack_a,5a7ded525542990b8f503af2,1.0,1.0,True,True,"[0.7398853898048401, 0.2173047959804535, 0.02234470844268799]"
5a7ded525542990b8f503af2::active_set_pack_a,5a7ded525542990b8f503af2,1.0,1.0,True,True,"[0.7826951742172241, 0.18055739998817444, 0.02016870118677616]"
5a7ded525542990b8f503af2::working_set_pack_b,5a7ded525542990b8f503af2,1.0,1.0,True,True,"[0.8256208300590515, 0.13681170344352722, 0.021297020837664604]"
5a7ded525542990b8f503af2::active_set_pack_b,5a7ded525542990b8f503af2,1.0,1.0,True,True,"[0.8908223509788513, 0.07536616921424866, 0.018267203122377396]"
5ae3aebf5542992f92d8233d::working_set_pack_a,5ae3aebf5542992f92d8233d,1.0,1.0,True,True,"[0.9447332620620728, 0.039820604026317596, 0.007397073786705732]"
5ae3aebf5542992f92d8233d::active_set_pack_a,5ae3aebf5542992f92d8233d,1.0,1.0,True,True,"[0.9501986503601074, 0.03305839002132416, 0.00724994158372283]"
5ae3aebf5542992f92d8233d::working_set_pack_b,5ae3aebf5542992f92d8233d,1.0,1.0,True,True,"[0.9591771364212036, 0.022481361404061317, 0.00959765911102295]"
5ae3aebf5542992f92d8233d::active_set_pack_b,5ae3aebf5542992f92d8233d,1.0,1.0,True,True,"[0.949855387210846, 0.030353229492902756, 0.009673411957919598]"
5a7e15255542997cc2c4751d::working_set_pack_a,5a7e15255542997cc2c4751d,1.0,1.0,True,True,"[0.43396642804145813, 0.2954671084880829, 0.21193768084049225]"
5a7e15255542997cc2c4751d::active_set_pack_a,5a7e15255542997cc2c4751d,1.0,1.0,True,True,"[0.4464021921157837, 0.30778977274894714, 0.18893837928771973]"
5a7e15255542997cc2c4751d::working_set_pack_b,5a7e15255542997cc2c4751d,1.0,1.0,True,True,"[0.44823455810546875, 0.3363804221153259, 0.1598196029663086]"
5a7e15255542997cc2c4751d::active_set_pack_b,5a7e15255542997cc2c4751d,1.0,1.0,True,True,"[0.5351328253746033, 0.3350895941257477, 0.08905228972434998]"
5a8a07475542992e4fca84dc::working_set_pack_a,5a8a07475542992e4fca84dc,0.875,0.625,False,False,"[0.5386844873428345, 0.3761327862739563, 0.06913012266159058]"
5a8a07475542992e4fca84dc::active_set_pack_a,5a8a07475542992e4fca84dc,0.875,0.5,False,False,"[0.4012094736099243, 0.3713233470916748, 0.21256129443645477]"
5a8a07475542992e4fca84dc::working_set_pack_b,5a8a07475542992e4fca84dc,0.875,0.625,False,False,"[0.48453882336616516, 0.4299955368041992, 0.0754941925406456]"
5a8a07475542992e4fca84dc::active_set_pack_b,5a8a07475542992e4fca84dc,0.75,0.75,False,False,"[0.419561505317688, 0.35200777649879456, 0.2166917622089386]"
5a7fea955542994857a7684a::working_set_pack_a,5a7fea955542994857a7684a,1.0,1.0,True,True,"[0.5284051299095154, 0.4311387240886688, 0.02427426353096962]"
5a7fea955542994857a7684a::active_set_pack_a,5a7fea955542994857a7684a,1.0,1.0,True,True,"[0.5381020307540894, 0.41308292746543884, 0.029039964079856873]"
5a7fea955542994857a7684a::working_set_pack_b,5a7fea955542994857a7684a,1.0,1.0,True,True,"[0.5587831139564514, 0.40671488642692566, 0.018529705703258514]"
5a7fea955542994857a7684a::active_set_pack_b,5a7fea955542994857a7684a,1.0,1.0,True,True,"[0.5802688598632812, 0.3865533769130707, 0.018501903861761093]"
5ab98b2d554299131ca4236e::working_set_pack_a,5ab98b2d554299131ca4236e,1.0,0.75,True,False,"[0.7219942212104797, 0.14194141328334808, 0.06922303140163422]"
5ab98b2d554299131ca4236e::active_set_pack_a,5ab98b2d554299131ca4236e,1.0,0.75,True,False,"[0.7039743661880493, 0.14425517618656158, 0.07836566865444183]"
5ab98b2d554299131ca4236e::working_set_pack_b,5ab98b2d554299131ca4236e,1.0,0.5,True,False,"[0.8137485384941101, 0.08780641853809357, 0.05804762244224548]"
5ab98b2d554299131ca4236e::active_set_pack_b,5ab98b2d554299131ca4236e,1.0,0.625,True,False,"[0.8527637720108032, 0.06163816899061203, 0.05795896425843239]"
5ae717ec5542995703ce8bd0::working_set_pack_a,5ae717ec5542995703ce8bd0,1.0,0.875,True,False,"[0.9746375679969788, 0.010952924378216267, 0.007005966268479824]"
5ae717ec5542995703ce8bd0::active_set_pack_a,5ae717ec5542995703ce8bd0,1.0,0.875,True,False,"[0.969968855381012, 0.011300475336611271, 0.008628049865365028]"
5ae717ec5542995703ce8bd0::working_set_pack_b,5ae717ec5542995703ce8bd0,0.875,1.0,False,True,"[0.9770174622535706, 0.007796723395586014, 0.00744979502633214]"
5ae717ec5542995703ce8bd0::active_set_pack_b,5ae717ec5542995703ce8bd0,0.75,0.625,False,False,"[0.9435688257217407, 0.03286869078874588, 0.011941042728722095]"
5a7b5e55554299042af8f755::working_set_pack_a,5a7b5e55554299042af8f755,1.0,1.0,True,True,"[0.8623628616333008, 0.10894999653100967, 0.019348185509443283]"
5a7b5e55554299042af8f755::active_set_pack_a,5a7b5e55554299042af8f755,1.0,1.0,True,True,"[0.880522608757019, 0.09340568631887436, 0.017683975398540497]"
5a7b5e55554299042af8f755::working_set_pack_b,5a7b5e55554299042af8f755,1.0,1.0,True,True,"[0.9334702491760254, 0.046949777752161026, 0.013655380345880985]"
5a7b5e55554299042af8f755::active_set_pack_b,5a7b5e55554299042af8f755,1.0,1.0,True,True,"[0.9084964990615845, 0.07202703505754471, 0.014490971341729164]"
5a7b96cf554299042af8f789::working_set_pack_a,5a7b96cf554299042af8f789,1.0,1.0,True,True,"[0.9099153876304626, 0.05961974710226059, 0.01596914604306221]"
5a7b96cf554299042af8f789::active_set_pack_a,5a7b96cf554299042af8f789,1.0,1.0,True,True,"[0.9700300693511963, 0.015789972618222237, 0.005511827766895294]"
5a7b96cf554299042af8f789::working_set_pack_b,5a7b96cf554299042af8f789,1.0,1.0,True,True,"[0.9625511169433594, 0.020883891731500626, 0.007714252453297377]"
5a7b96cf554299042af8f789::active_set_pack_b,5a7b96cf554299042af8f789,1.0,1.0,True,True,"[0.9615966081619263, 0.023005729541182518, 0.007484275847673416]"
5adca6c05542994d58a2f696::working_set_pack_a,5adca6c05542994d58a2f696,0.875,0.625,False,False,"[0.9358751773834229, 0.03508234769105911, 0.01486754696816206]"
5adca6c05542994d58a2f696::active_set_pack_a,5adca6c05542994d58a2f696,1.0,0.625,True,False,"[0.9343509078025818, 0.0321199931204319, 0.01684539020061493]"
5adca6c05542994d58a2f696::working_set_pack_b,5adca6c05542994d58a2f696,1.0,0.5,True,False,"[0.9142719507217407, 0.04558678716421127, 0.023116841912269592]"
5adca6c05542994d58a2f696::active_set_pack_b,5adca6c05542994d58a2f696,0.875,0.5,False,False,"[0.8991001844406128, 0.05675620213150978, 0.025853993371129036]"
5ab2a4165542992953946786::working_set_pack_a,5ab2a4165542992953946786,1.0,0.75,True,False,"[0.7022989392280579, 0.11659224331378937, 0.10613452643156052]"
5ab2a4165542992953946786::active_set_pack_a,5ab2a4165542992953946786,1.0,0.75,True,False,"[0.7993310689926147, 0.08667712658643723, 0.06153074651956558]"
5ab2a4165542992953946786::working_set_pack_b,5ab2a4165542992953946786,1.0,0.75,True,False,"[0.7591912746429443, 0.10051684081554413, 0.0782494768500328]"
5ab2a4165542992953946786::active_set_pack_b,5ab2a4165542992953946786,1.0,0.75,True,False,"[0.6589847803115845, 0.18303881585597992, 0.07743827253580093]"
5ae092fe554299603e418427::working_set_pack_a,5ae092fe554299603e418427,1.0,1.0,True,True,"[0.4851536154747009, 0.4206007719039917, 0.06189974397420883]"
5ae092fe554299603e418427::active_set_pack_a,5ae092fe554299603e418427,1.0,1.0,True,True,"[0.5179398059844971, 0.39002832770347595, 0.06456543505191803]"
5ae092fe554299603e418427::working_set_pack_b,5ae092fe554299603e418427,1.0,1.0,True,True,"[0.4981280565261841, 0.4445723295211792, 0.03905073180794716]"
5ae092fe554299603e418427::active_set_pack_b,5ae092fe554299603e418427,1.0,1.0,True,True,"[0.6337494254112244, 0.3233162760734558, 0.031252820044755936]"
5ac16fca5542994ab5c67d32::working_set_pack_a,5ac16fca5542994ab5c67d32,1.0,0.75,True,False,"[0.5638441443443298, 0.17102710902690887, 0.1544504463672638]"
5ac16fca5542994ab5c67d32::active_set_pack_a,5ac16fca5542994ab5c67d32,1.0,0.875,True,False,"[0.49084872007369995, 0.21831995248794556, 0.16597168147563934]"
5ac16fca5542994ab5c67d32::working_set_pack_b,5ac16fca5542994ab5c67d32,1.0,0.75,True,False,"[0.4528193473815918, 0.2322099655866623, 0.14751270413398743]"
5ac16fca5542994ab5c67d32::active_set_pack_b,5ac16fca5542994ab5c67d32,1.0,0.75,True,False,"[0.46044573187828064, 0.2407282590866089, 0.14178341627120972]"
5ab29b23554299706120966c::working_set_pack_a,5ab29b23554299706120966c,1.0,1.0,True,True,"[0.8479872941970825, 0.13084112107753754, 0.011741255410015583]"
5ab29b23554299706120966c::active_set_pack_a,5ab29b23554299706120966c,1.0,1.0,True,True,"[0.8520250916481018, 0.12216950207948685, 0.013873273506760597]"
5ab29b23554299706120966c::working_set_pack_b,5ab29b23554299706120966c,1.0,1.0,True,True,"[0.8907742500305176, 0.08322799205780029, 0.013515427708625793]"
5ab29b23554299706120966c::active_set_pack_b,5ab29b23554299706120966c,1.0,1.0,True,True,"[0.8452290296554565, 0.12257477641105652, 0.017473241314291954]"
5a8019cb5542992bc0c4a6a6::working_set_pack_a,5a8019cb5542992bc0c4a6a6,1.0,1.0,True,True,"[0.947304368019104, 0.038781262934207916, 0.006024086382240057]"
5a8019cb5542992bc0c4a6a6::active_set_pack_a,5a8019cb5542992bc0c4a6a6,1.0,1.0,True,True,"[0.9578503370285034, 0.028335394337773323, 0.0055731842294335365]"
5a8019cb5542992bc0c4a6a6::working_set_pack_b,5a8019cb5542992bc0c4a6a6,1.0,1.0,True,True,"[0.9719367027282715, 0.01478548627346754, 0.006457940209656954]"
5a8019cb5542992bc0c4a6a6::active_set_pack_b,5a8019cb5542992bc0c4a6a6,1.0,1.0,True,True,"[0.9646658301353455, 0.018180985003709793, 0.007596745155751705]"
5a81f60e55429903bc27ba09::working_set_pack_a,5a81f60e55429903bc27ba09,0.875,0.625,False,False,"[0.83050537109375, 0.12284643203020096, 0.026698781177401543]"
5a81f60e55429903bc27ba09::active_set_pack_a,5a81f60e55429903bc27ba09,0.875,0.625,False,False,"[0.7396298050880432, 0.19417420029640198, 0.04389066994190216]"
5a81f60e55429903bc27ba09::working_set_pack_b,5a81f60e55429903bc27ba09,0.75,0.5,False,False,"[0.6477516293525696, 0.20346853137016296, 0.13105735182762146]"
5a81f60e55429903bc27ba09::active_set_pack_b,5a81f60e55429903bc27ba09,0.75,0.5,False,False,"[0.7209970951080322, 0.18675406277179718, 0.0779326856136322]"
5a734c425542994cef4bc514::working_set_pack_a,5a734c425542994cef4bc514,0.875,0.875,False,False,"[0.6484189033508301, 0.3210337162017822, 0.01801486313343048]"
5a734c425542994cef4bc514::active_set_pack_a,5a734c425542994cef4bc514,0.875,0.875,False,False,"[0.6585677266120911, 0.311263769865036, 0.01891832984983921]"
5a734c425542994cef4bc514::working_set_pack_b,5a734c425542994cef4bc514,0.875,0.875,False,False,"[0.6718533635139465, 0.2974097728729248, 0.020160909742116928]"
5a734c425542994cef4bc514::active_set_pack_b,5a734c425542994cef4bc514,0.875,0.875,False,False,"[0.6668362021446228, 0.30625787377357483, 0.015797430649399757]"
5a7724de5542993569682cf9::working_set_pack_a,5a7724de5542993569682cf9,1.0,1.0,True,True,"[0.5724110007286072, 0.2616349756717682, 0.09150417149066925]"
5a7724de5542993569682cf9::active_set_pack_a,5a7724de5542993569682cf9,0.875,0.875,False,False,"[0.8221468925476074, 0.07142805308103561, 0.05535351112484932]"
5a7724de5542993569682cf9::working_set_pack_b,5a7724de5542993569682cf9,1.0,1.0,True,True,"[0.8192545175552368, 0.1183304563164711, 0.039209380745887756]"
5a7724de5542993569682cf9::active_set_pack_b,5a7724de5542993569682cf9,1.0,1.0,True,True,"[0.8875170946121216, 0.062033090740442276, 0.03288518264889717]"
5ae25ac85542996483e64983::working_set_pack_a,5ae25ac85542996483e64983,0.875,0.75,False,False,"[0.9041768312454224, 0.05352775380015373, 0.019896382465958595]"
5ae25ac85542996483e64983::active_set_pack_a,5ae25ac85542996483e64983,0.875,0.875,False,False,"[0.9088798761367798, 0.05155332013964653, 0.019274845719337463]"
5ae25ac85542996483e64983::working_set_pack_b,5ae25ac85542996483e64983,0.875,0.75,False,False,"[0.9273204803466797, 0.038051802664995193, 0.016873810440301895]"
5ae25ac85542996483e64983::active_set_pack_b,5ae25ac85542996483e64983,0.875,0.75,False,False,"[0.9403731822967529, 0.047797903418540955, 0.005400722846388817]"
5a747efc55429929fddd8455::working_set_pack_a,5a747efc55429929fddd8455,1.0,0.75,True,False,"[0.9068261384963989, 0.05816039815545082, 0.017532890662550926]"
5a747efc55429929fddd8455::active_set_pack_a,5a747efc55429929fddd8455,1.0,0.75,True,False,"[0.9304971098899841, 0.03823043778538704, 0.015490984544157982]"
5a747efc55429929fddd8455::working_set_pack_b,5a747efc55429929fddd8455,1.0,0.75,True,False,"[0.942400336265564, 0.031967900693416595, 0.013840693980455399]"
5a747efc55429929fddd8455::active_set_pack_b,5a747efc55429929fddd8455,1.0,0.75,True,False,"[0.9678221940994263, 0.014809763059020042, 0.009113303385674953]"
5ae7c7355542993210983f46::working_set_pack_a,5ae7c7355542993210983f46,1.0,1.0,True,True,"[0.4530370831489563, 0.33108213543891907, 0.14314958453178406]"
5ae7c7355542993210983f46::active_set_pack_a,5ae7c7355542993210983f46,1.0,1.0,True,True,"[0.44186487793922424, 0.3432169556617737, 0.13189581036567688]"
5ae7c7355542993210983f46::working_set_pack_b,5ae7c7355542993210983f46,1.0,1.0,True,True,"[0.4345687925815582, 0.36330947279930115, 0.12105177342891693]"
5ae7c7355542993210983f46::active_set_pack_b,5ae7c7355542993210983f46,1.0,1.0,True,True,"[0.45789971947669983, 0.3779338300228119, 0.08209863305091858]"
5adccebc5542992c1e3a240d::working_set_pack_a,5adccebc5542992c1e3a240d,0.875,0.5,False,False,"[0.9327945709228516, 0.048035647720098495, 0.008461413905024529]"
5adccebc5542992c1e3a240d::active_set_pack_a,5adccebc5542992c1e3a240d,0.875,0.5,False,False,"[0.9306738972663879, 0.046760689467191696, 0.01010095328092575]"
5adccebc5542992c1e3a240d::working_set_pack_b,5adccebc5542992c1e3a240d,0.875,0.5,False,False,"[0.9086046814918518, 0.07009132206439972, 0.009660163894295692]"
5adccebc5542992c1e3a240d::active_set_pack_b,5adccebc5542992c1e3a240d,0.875,0.5,False,False,"[0.9181650280952454, 0.06189660355448723, 0.009663359262049198]"
5a734fb35542992359bc32f7::working_set_pack_a,5a734fb35542992359bc32f7,1.0,1.0,True,True,"[0.8473573327064514, 0.1236775666475296, 0.014140472747385502]"
5a734fb35542992359bc32f7::active_set_pack_a,5a734fb35542992359bc32f7,1.0,1.0,True,True,"[0.8980739116668701, 0.07430772483348846, 0.013488787226378918]"
5a734fb35542992359bc32f7::working_set_pack_b,5a734fb35542992359bc32f7,1.0,1.0,True,True,"[0.8786643743515015, 0.10244335234165192, 0.008322298526763916]"
5a734fb35542992359bc32f7::active_set_pack_b,5a734fb35542992359bc32f7,1.0,1.0,True,True,"[0.8884876370429993, 0.09151743352413177, 0.007857538759708405]"
5ae140415542997b2ef7d179::working_set_pack_a,5ae140415542997b2ef7d179,1.0,1.0,True,True,"[0.534572184085846, 0.44289395213127136, 0.010349424555897713]"
5ae140415542997b2ef7d179::active_set_pack_a,5ae140415542997b2ef7d179,1.0,1.0,True,True,"[0.6049648523330688, 0.3745577931404114, 0.009100533090531826]"
5ae140415542997b2ef7d179::working_set_pack_b,5ae140415542997b2ef7d179,1.0,1.0,True,True,"[0.5579251646995544, 0.4185012876987457, 0.011361007578670979]"
5ae140415542997b2ef7d179::active_set_pack_b,5ae140415542997b2ef7d179,1.0,1.0,True,True,"[0.5787553191184998, 0.39298948645591736, 0.016637274995446205]"
5ae3e5f55542996836b02beb::working_set_pack_a,5ae3e5f55542996836b02beb,1.0,1.0,True,True,"[0.7930023670196533, 0.10950443893671036, 0.0580308623611927]"
5ae3e5f55542996836b02beb::active_set_pack_a,5ae3e5f55542996836b02beb,1.0,1.0,True,True,"[0.7870231866836548, 0.10287685692310333, 0.06636346876621246]"
5ae3e5f55542996836b02beb::working_set_pack_b,5ae3e5f55542996836b02beb,1.0,1.0,True,True,"[0.7902942895889282, 0.1226135715842247, 0.05104690045118332]"
5ae3e5f55542996836b02beb::active_set_pack_b,5ae3e5f55542996836b02beb,0.875,1.0,False,True,"[0.8738423585891724, 0.0651085153222084, 0.038681723177433014]"
5a8f612b5542992414482a99::working_set_pack_a,5a8f612b5542992414482a99,1.0,0.625,True,False,"[0.8772727847099304, 0.04618321731686592, 0.040498197078704834]"
5a8f612b5542992414482a99::active_set_pack_a,5a8f612b5542992414482a99,1.0,0.625,True,False,"[0.8283472657203674, 0.08178801089525223, 0.041522182524204254]"
5a8f612b5542992414482a99::working_set_pack_b,5a8f612b5542992414482a99,1.0,0.625,True,False,"[0.812090277671814, 0.10465177148580551, 0.04036206007003784]"
5a8f612b5542992414482a99::active_set_pack_b,5a8f612b5542992414482a99,0.875,0.625,False,False,"[0.8849133849143982, 0.0654449611902237, 0.028208833187818527]"
5ae3e6f85542996836b02bee::working_set_pack_a,5ae3e6f85542996836b02bee,1.0,1.0,True,True,"[0.6686825156211853, 0.28558459877967834, 0.02832614816725254]"
5ae3e6f85542996836b02bee::active_set_pack_a,5ae3e6f85542996836b02bee,1.0,1.0,True,True,"[0.6339564919471741, 0.316317081451416, 0.03132140263915062]"
5ae3e6f85542996836b02bee::working_set_pack_b,5ae3e6f85542996836b02bee,1.0,1.0,True,True,"[0.5182684063911438, 0.4291248023509979, 0.028765656054019928]"
5ae3e6f85542996836b02bee::active_set_pack_b,5ae3e6f85542996836b02bee,1.0,1.0,True,True,"[0.6596355438232422, 0.26891255378723145, 0.03595905378460884]"
5adef2be5542993a75d263b1::working_set_pack_a,5adef2be5542993a75d263b1,1.0,1.0,True,True,"[0.9562309384346008, 0.030338572338223457, 0.007327336352318525]"
5adef2be5542993a75d263b1::active_set_pack_a,5adef2be5542993a75d263b1,1.0,1.0,True,True,"[0.9578189849853516, 0.030621662735939026, 0.0060507976450026035]"
5adef2be5542993a75d263b1::working_set_pack_b,5adef2be5542993a75d263b1,1.0,1.0,True,True,"[0.9417729377746582, 0.041539791971445084, 0.009638017974793911]"
5adef2be5542993a75d263b1::active_set_pack_b,5adef2be5542993a75d263b1,1.0,1.0,True,True,"[0.8998718857765198, 0.07340596616268158, 0.01593746431171894]"
5ae3e1815542992e3233c49f::working_set_pack_a,5ae3e1815542992e3233c49f,0.875,0.75,False,False,"[0.722345769405365, 0.15662896633148193, 0.08066079020500183]"
5ae3e1815542992e3233c49f::active_set_pack_a,5ae3e1815542992e3233c49f,0.875,0.75,False,False,"[0.6785035133361816, 0.18718886375427246, 0.09073550254106522]"
5ae3e1815542992e3233c49f::working_set_pack_b,5ae3e1815542992e3233c49f,0.75,0.75,False,False,"[0.6612430214881897, 0.23633022606372833, 0.07126518338918686]"
5ae3e1815542992e3233c49f::active_set_pack_b,5ae3e1815542992e3233c49f,0.75,0.75,False,False,"[0.6741928458213806, 0.22749169170856476, 0.06748752295970917]"
5ac25b125542992f1f2b3872::working_set_pack_a,5ac25b125542992f1f2b3872,0.875,0.625,False,False,"[0.858174204826355, 0.07031399011611938, 0.03456343337893486]"
5ac25b125542992f1f2b3872::active_set_pack_a,5ac25b125542992f1f2b3872,0.875,0.625,False,False,"[0.8771947026252747, 0.05284605547785759, 0.03703809157013893]"
5ac25b125542992f1f2b3872::working_set_pack_b,5ac25b125542992f1f2b3872,0.875,0.625,False,False,"[0.7347469329833984, 0.16063718497753143, 0.04343064874410629]"
5ac25b125542992f1f2b3872::active_set_pack_b,5ac25b125542992f1f2b3872,0.875,0.625,False,False,"[0.6143859028816223, 0.25451332330703735, 0.056139521300792694]"
5a80c65f55429938b61421d4::working_set_pack_a,5a80c65f55429938b61421d4,1.0,1.0,True,True,"[0.5932402610778809, 0.34201523661613464, 0.0464644692838192]"
5a80c65f55429938b61421d4::active_set_pack_a,5a80c65f55429938b61421d4,1.0,1.0,True,True,"[0.6786201596260071, 0.2562621235847473, 0.04354505240917206]"
5a80c65f55429938b61421d4::working_set_pack_b,5a80c65f55429938b61421d4,1.0,1.0,True,True,"[0.525007963180542, 0.3118337392807007, 0.14166252315044403]"
5a80c65f55429938b61421d4::active_set_pack_b,5a80c65f55429938b61421d4,1.0,1.0,True,True,"[0.552363395690918, 0.3490275740623474, 0.08093778789043427]"
5a813d4a554299260e20a277::working_set_pack_a,5a813d4a554299260e20a277,0.875,0.875,False,False,"[0.5508515238761902, 0.3915335237979889, 0.035737209022045135]"
5a813d4a554299260e20a277::active_set_pack_a,5a813d4a554299260e20a277,0.875,0.875,False,False,"[0.5898157954216003, 0.35447490215301514, 0.035841114819049835]"
5a813d4a554299260e20a277::working_set_pack_b,5a813d4a554299260e20a277,0.875,0.875,False,False,"[0.718699038028717, 0.24794840812683105, 0.02019692398607731]"
5a813d4a554299260e20a277::active_set_pack_b,5a813d4a554299260e20a277,0.75,0.75,False,False,"[0.555120587348938, 0.407624214887619, 0.022108696401119232]"
