prompt_id,example_id,labels_present,is_gold,gold_oriented_scores,h1_oriented_scores,raw_scores,gold_sign,h1_sign,model_correct,model_preds,gold_labels
5a8b57f25542995d1e6f1371::working_set_pack_a,5a8b57f25542995d1e6f1371,"['A', 'B', 'C', 'D', 'E', 'F']","[0, 0, 0, 1, 0, 1]","[-0.06661617755889893, -0.05019327625632286, -0.033024728298187256, 0.2454250603914261, -0.08426186442375183, -0.011328977532684803]","[-0.06661617755889893, -0.05019327625632286, -0.033024728298187256, 0.2454250603914261, -0.08426186442375183, -0.011328977532684803]","[0.06661617755889893, 0.05019327625632286, 0.033024728298187256, -0.2454250603914261, 0.08426186442375183, 0.011328977532684803]",-1,-1,False,"['A', 'D']","['D', 'F']"
5a8b57f25542995d1e6f1371::active_set_pack_a,5a8b57f25542995d1e6f1371,"['A', 'B', 'C', 'D', 'E', 'F']","[0, 0, 0, 1, 0, 1]","[-0.0843479260802269, -0.05948611721396446, -0.04202965646982193, 0.29127421975135803, -0.10592955350875854, 0.0005188760696910322]","[-0.0843479260802269, -0.05948611721396446, -0.04202965646982193, 0.29127421975135803, -0.10592955350875854, 0.0005188760696910322]","[-0.0843479260802269, -0.05948611721396446, -0.04202965646982193, 0.29127421975135803, -0.10592955350875854, 0.0005188760696910322]",1,1,False,"['A', 'D']","['D', 'F']"
5a8b57f25542995d1e6f1371::working_set_pack_b,5a8b57f25542995d1e6f1371,"['A', 'B', 'C', 'D', 'E', 'F']","[0, 0, 0, 1, 0, 1]","[-0.08490150421857834, -0.06941086053848267, -0.04805082827806473, 0.3296148478984833, -0.09423618763685226, -0.033015403896570206]","[-0.08490150421857834, -0.06941086053848267, -0.04805082827806473, 0.3296148478984833, -0.09423618763685226, -0.033015403896570206]","[-0.08490150421857834, -0.06941086053848267, -0.04805082827806473, 0.3296148478984833, -0.09423618763685226, -0.033015403896570206]",1,1,False,"['A', 'D']","['D', 'F']"
5a8b57f25542995d1e6f1371::active_set_pack_b,5a8b57f25542995d1e6f1371,"['A', 'B', 'C', 'D', 'E', 'F']","[0, 0, 0, 1, 0, 1]","[-0.06977429240942001, -0.05918951705098152, -0.03644714877009392, 0.2570994794368744, -0.0967533141374588, 0.005064837168902159]","[-0.06977429240942001, -0.05918951705098152, -0.03644714877009392, 0.2570994794368744, -0.0967533141374588, 0.005064837168902159]","[0.06977429240942001, 0.05918951705098152, 0.03644714877009392, -0.2570994794368744, 0.0967533141374588, -0.005064837168902159]",-1,-1,False,"['A', 'D']","['D', 'F']"
5adbf0a255429947ff17385a::working_set_pack_a,5adbf0a255429947ff17385a,"['A', 'B', 'C', 'D', 'E', 'F']","[1, 0, 0, 0, 0, 1]","[0.11721853166818619, -0.08127167820930481, -0.07732602208852768, -0.04886095970869064, -0.05998391658067703, 0.15022414922714233]","[0.11721853166818619, -0.08127167820930481, -0.07732602208852768, -0.04886095970869064, -0.05998391658067703, 0.15022414922714233]","[-0.11721853166818619, 0.08127167820930481, 0.07732602208852768, 0.04886095970869064, 0.05998391658067703, -0.15022414922714233]",-1,-1,True,"['A', 'F']","['A', 'F']"
5adbf0a255429947ff17385a::active_set_pack_a,5adbf0a255429947ff17385a,"['A', 'B', 'C', 'D', 'E', 'F']","[1, 0, 0, 0, 0, 1]","[0.19937512278556824, -0.05663861334323883, -0.060434985905885696, -0.050401199609041214, -0.06141091510653496, 0.0295106153935194]","[0.19937512278556824, -0.05663861334323883, -0.060434985905885696, -0.050401199609041214, -0.06141091510653496, 0.0295106153935194]","[-0.19937512278556824, 0.05663861334323883, 0.060434985905885696, 0.050401199609041214, 0.06141091510653496, -0.0295106153935194]",-1,-1,True,"['A', 'F']","['A', 'F']"
5adbf0a255429947ff17385a::working_set_pack_b,5adbf0a255429947ff17385a,"['A', 'B', 'C', 'D', 'E', 'F']","[1, 0, 0, 0, 0, 1]","[0.22110697627067566, -0.04483696073293686, -0.0481739416718483, -0.05006639286875725, -0.052479349076747894, -0.025550348684191704]","[0.22110697627067566, -0.04483696073293686, -0.0481739416718483, -0.05006639286875725, -0.052479349076747894, -0.025550348684191704]","[-0.22110697627067566, 0.04483696073293686, 0.0481739416718483, 0.05006639286875725, 0.052479349076747894, 0.025550348684191704]",-1,-1,True,"['A', 'F']","['A', 'F']"
5adbf0a255429947ff17385a::active_set_pack_b,5adbf0a255429947ff17385a,"['A', 'B', 'C', 'D', 'E', 'F']","[1, 0, 0, 0, 0, 1]","[0.010700562968850136, -0.09060176461935043, -0.06586278975009918, -0.029903968796133995, -0.02224394492805004, 0.19791193306446075]","[0.010700562968850136, -0.09060176461935043, -0.06586278975009918, -0.029903968796133995, -0.02224394492805004, 0.19791193306446075]","[0.010700562968850136, -0.09060176461935043, -0.06586278975009918, -0.029903968796133995, -0.02224394492805004, 0.19791193306446075]",1,1,True,"['A', 'F']","['A', 'F']"
5a8e3ea95542995a26add48d::working_set_pack_a,5a8e3ea95542995a26add48d,"['A', 'B', 'C', 'D', 'E', 'F']","[0, 1, 0, 0, 0, 1]","[-0.11732326447963715, 0.011686855927109718, -0.08693239092826843, -0.07435891032218933, -0.10573644936084747, 0.3726641833782196]","[-0.11732326447963715, 0.011686855927109718, -0.08693239092826843, -0.07435891032218933, -0.10573644936084747, 0.3726641833782196]","[-0.11732326447963715, 0.011686855927109718, -0.08693239092826843, -0.07435891032218933, -0.10573644936084747, 0.3726641833782196]",1,1,False,"['A', 'F']","['B', 'F']"
5a8e3ea95542995a26add48d::active_set_pack_a,5a8e3ea95542995a26add48d,"['A', 'B', 'C', 'D', 'E', 'F']","[0, 1, 0, 0, 0, 1]","[-0.13225670158863068, -0.023381143808364868, -0.10772737860679626, -0.0946442112326622, -0.1265554428100586, 0.48456475138664246]","[-0.13225670158863068, -0.023381143808364868, -0.10772737860679626, -0.0946442112326622, -0.1265554428100586, 0.48456475138664246]","[-0.13225670158863068, -0.023381143808364868, -0.10772737860679626, -0.0946442112326622, -0.1265554428100586, 0.48456475138664246]",1,1,False,"['A', 'F']","['B', 'F']"
5a8e3ea95542995a26add48d::working_set_pack_b,5a8e3ea95542995a26add48d,"['A', 'B', 'C', 'D', 'E', 'F']","[0, 1, 0, 0, 0, 1]","[-0.14726436138153076, 0.012998542748391628, -0.11807718127965927, -0.11028718203306198, -0.15538683533668518, 0.5180169343948364]","[-0.14726436138153076, 0.012998542748391628, -0.11807718127965927, -0.11028718203306198, -0.15538683533668518, 0.5180169343948364]","[-0.14726436138153076, 0.012998542748391628, -0.11807718127965927, -0.11028718203306198, -0.15538683533668518, 0.5180169343948364]",1,1,False,"['A', 'F']","['B', 'F']"
5a8e3ea95542995a26add48d::active_set_pack_b,5a8e3ea95542995a26add48d,"['A', 'B', 'C', 'D', 'E', 'F']","[0, 1, 0, 0, 0, 1]","[-0.15060977637767792, -0.0041318628937006, -0.09391836822032928, -0.07840806990861893, -0.10477355122566223, 0.4318416118621826]","[-0.15060977637767792, -0.0041318628937006, -0.09391836822032928, -0.07840806990861893, -0.10477355122566223, 0.4318416118621826]","[-0.15060977637767792, -0.0041318628937006, -0.09391836822032928, -0.07840806990861893, -0.10477355122566223, 0.4318416118621826]",1,1,False,"['A', 'F']","['B', 'F']"
5abd94525542992ac4f382d2::working_set_pack_a,5abd94525542992ac4f382d2,"['A', 'B', 'C', 'D', 'E', 'F']","[1, 0, 0, 0, 1, 0]","[0.2407478541135788, -0.05667879432439804, -0.03632887452840805, -0.04436983913183212, -0.05688287690281868, -0.04648744687438011]","[0.2407478541135788, -0.05667879432439804, -0.03632887452840805, -0.04436983913183212, -0.05688287690281868, -0.04648744687438011]","[-0.2407478541135788, 0.05667879432439804, 0.03632887452840805, 0.04436983913183212, 0.05688287690281868, 0.04648744687438011]",-1,-1,True,"['A', 'E']","['A', 'E']"
5abd94525542992ac4f382d2::active_set_pack_a,5abd94525542992ac4f382d2,"['A', 'B', 'C', 'D', 'E', 'F']","[1, 0, 0, 0, 1, 0]","[0.25435733795166016, -0.0645703598856926, -0.05011298879981041, -0.05440935865044594, -0.03021557256579399, -0.05504907667636871]","[0.25435733795166016, -0.0645703598856926, -0.05011298879981041, -0.05440935865044594, -0.03021557256579399, -0.05504907667636871]","[-0.25435733795166016, 0.0645703598856926, 0.05011298879981041, 0.05440935865044594, 0.03021557256579399, 0.05504907667636871]",-1,-1,True,"['A', 'E']","['A', 'E']"
5abd94525542992ac4f382d2::working_set_pack_b,5abd94525542992ac4f382d2,"['A', 'B', 'C', 'D', 'E', 'F']","[1, 0, 0, 0, 1, 0]","[0.3199983835220337, -0.08340585976839066, -0.05463690310716629, -0.06589500606060028, -0.04744798690080643, -0.06861265003681183]","[0.3199983835220337, -0.08340585976839066, -0.05463690310716629, -0.06589500606060028, -0.04744798690080643, -0.06861265003681183]","[-0.3199983835220337, 0.08340585976839066, 0.05463690310716629, 0.06589500606060028, 0.04744798690080643, 0.06861265003681183]",-1,-1,True,"['A', 'E']","['A', 'E']"
5abd94525542992ac4f382d2::active_set_pack_b,5abd94525542992ac4f382d2,"['A', 'B', 'C', 'D', 'E', 'F']","[1, 0, 0, 0, 1, 0]","[0.28363004326820374, -0.07656100392341614, -0.019109757617115974, -0.05552314594388008, -0.07156796008348465, -0.060868218541145325]","[0.28363004326820374, -0.07656100392341614, -0.019109757617115974, -0.05552314594388008, -0.07156796008348465, -0.060868218541145325]","[-0.28363004326820374, 0.07656100392341614, 0.019109757617115974, 0.05552314594388008, 0.07156796008348465, 0.060868218541145325]",-1,-1,True,"['A', 'E']","['A', 'E']"
5a85b2d95542997b5ce40028::working_set_pack_a,5a85b2d95542997b5ce40028,"['A', 'B', 'C', 'D', 'E', 'F']","[0, 0, 0, 0, 1, 1]","[-0.05871642380952835, -0.0723089799284935, -0.07291161268949509, -0.06547507643699646, -0.048012226819992065, 0.31742435693740845]","[-0.05871642380952835, -0.0723089799284935, -0.07291161268949509, -0.06547507643699646, -0.048012226819992065, 0.31742435693740845]","[-0.05871642380952835, -0.0723089799284935, -0.07291161268949509, -0.06547507643699646, -0.048012226819992065, 0.31742435693740845]",1,1,False,"['A', 'F']","['E', 'F']"
5a85b2d95542997b5ce40028::active_set_pack_a,5a85b2d95542997b5ce40028,"['A', 'B', 'C', 'D', 'E', 'F']","[0, 0, 0, 0, 1, 1]","[-0.07002618163824081, -0.08897197991609573, -0.09041149914264679, -0.08082590997219086, -0.061794713139534, 0.3920302093029022]","[-0.07002618163824081, -0.08897197991609573, -0.09041149914264679, -0.08082590997219086, -0.061794713139534, 0.3920302093029022]","[-0.07002618163824081, -0.08897197991609573, -0.09041149914264679, -0.08082590997219086, -0.061794713139534, 0.3920302093029022]",1,1,False,"['A', 'F']","['E', 'F']"
5a85b2d95542997b5ce40028::working_set_pack_b,5a85b2d95542997b5ce40028,"['A', 'B', 'C', 'D', 'E', 'F']","[0, 0, 0, 0, 1, 1]","[-0.09519581496715546, -0.10588688403367996, -0.10721282660961151, -0.09680720418691635, -0.08114269375801086, 0.48624545335769653]","[-0.09519581496715546, -0.10588688403367996, -0.10721282660961151, -0.09680720418691635, -0.08114269375801086, 0.48624545335769653]","[-0.09519581496715546, -0.10588688403367996, -0.10721282660961151, -0.09680720418691635, -0.08114269375801086, 0.48624545335769653]",1,1,False,"['B', 'F']","['E', 'F']"
5a85b2d95542997b5ce40028::active_set_pack_b,5a85b2d95542997b5ce40028,"['A', 'B', 'C', 'D', 'E', 'F']","[0, 0, 0, 0, 1, 1]","[-0.08294034749269485, -0.09477904438972473, -0.0918259471654892, -0.08034513890743256, -0.07210545986890793, 0.42199596762657166]","[-0.08294034749269485, -0.09477904438972473, -0.0918259471654892, -0.08034513890743256, -0.07210545986890793, 0.42199596762657166]","[-0.08294034749269485, -0.09477904438972473, -0.0918259471654892, -0.08034513890743256, -0.07210545986890793, 0.42199596762657166]",1,1,False,"['A', 'F']","['E', 'F']"
5a87ab905542996e4f3088c1::working_set_pack_a,5a87ab905542996e4f3088c1,"['A', 'B', 'C', 'D', 'E', 'F']","[0, 0, 0, 0, 1, 1]","[-0.16008740663528442, -0.14361020922660828, -0.1564074605703354, -0.16292904317378998, 0.6039220690727234, 0.01911214552819729]","[0.16008740663528442, 0.14361020922660828, 0.1564074605703354, 0.16292904317378998, -0.6039220690727234, -0.01911214552819729]","[0.16008740663528442, 0.14361020922660828, 0.1564074605703354, 0.16292904317378998, -0.6039220690727234, -0.01911214552819729]",-1,1,False,"['A', 'F']","['E', 'F']"
5a87ab905542996e4f3088c1::active_set_pack_a,5a87ab905542996e4f3088c1,"['A', 'B', 'C', 'D', 'E', 'F']","[0, 0, 0, 0, 1, 1]","[-0.15977656841278076, -0.14303824305534363, -0.15541639924049377, -0.15761125087738037, 0.5983219742774963, 0.017520416527986526]","[0.15977656841278076, 0.14303824305534363, 0.15541639924049377, 0.15761125087738037, -0.5983219742774963, -0.017520416527986526]","[0.15977656841278076, 0.14303824305534363, 0.15541639924049377, 0.15761125087738037, -0.5983219742774963, -0.017520416527986526]",-1,1,False,"['A', 'F']","['E', 'F']"
5a87ab905542996e4f3088c1::working_set_pack_b,5a87ab905542996e4f3088c1,"['A', 'B', 'C', 'D', 'E', 'F']","[0, 0, 0, 0, 1, 1]","[-0.19564591348171234, -0.1834106147289276, -0.19225476682186127, -0.19960881769657135, 0.7693881392478943, 0.0015318009536713362]","[0.19564591348171234, 0.1834106147289276, 0.19225476682186127, 0.19960881769657135, -0.7693881392478943, -0.0015318009536713362]","[0.19564591348171234, 0.1834106147289276, 0.19225476682186127, 0.19960881769657135, -0.7693881392478943, -0.0015318009536713362]",-1,1,False,"['A', 'F']","['E', 'F']"
5a87ab905542996e4f3088c1::active_set_pack_b,5a87ab905542996e4f3088c1,"['A', 'B', 'C', 'D', 'E', 'F']","[0, 0, 0, 0, 1, 1]","[-0.1568753868341446, -0.12939563393592834, -0.15376168489456177, -0.16012804210186005, 0.5451982617378235, 0.054962459951639175]","[0.1568753868341446, 0.12939563393592834, 0.15376168489456177, 0.16012804210186005, -0.5451982617378235, -0.054962459951639175]","[-0.1568753868341446, -0.12939563393592834, -0.15376168489456177, -0.16012804210186005, 0.5451982617378235, 0.054962459951639175]",1,-1,False,"['A', 'F']","['E', 'F']"
5a8db19d5542994ba4e3dd00::working_set_pack_a,5a8db19d5542994ba4e3dd00,"['A', 'B', 'C', 'D', 'E', 'F']","[1, 0, 0, 1, 0, 0]","[-0.038994502276182175, -0.0597192719578743, -0.05324897915124893, 0.23285312950611115, -0.02683260478079319, -0.054057713598012924]","[-0.038994502276182175, -0.0597192719578743, -0.05324897915124893, 0.23285312950611115, -0.02683260478079319, -0.054057713598012924]","[-0.038994502276182175, -0.0597192719578743, -0.05324897915124893, 0.23285312950611115, -0.02683260478079319, -0.054057713598012924]",1,1,True,"['A', 'D']","['A', 'D']"
5a8db19d5542994ba4e3dd00::active_set_pack_a,5a8db19d5542994ba4e3dd00,"['A', 'B', 'C', 'D', 'E', 'F']","[1, 0, 0, 1, 0, 0]","[-0.04856142774224281, -0.05945991352200508, -0.058283306658267975, 0.2640568017959595, -0.03731948509812355, -0.06043252348899841]","[-0.04856142774224281, -0.05945991352200508, -0.058283306658267975, 0.2640568017959595, -0.03731948509812355, -0.06043252348899841]","[-0.04856142774224281, -0.05945991352200508, -0.058283306658267975, 0.2640568017959595, -0.03731948509812355, -0.06043252348899841]",1,1,True,"['A', 'D']","['A', 'D']"
5a8db19d5542994ba4e3dd00::working_set_pack_b,5a8db19d5542994ba4e3dd00,"['A', 'B', 'C', 'D', 'E', 'F']","[1, 0, 0, 1, 0, 0]","[-0.03641176223754883, -0.0674033984541893, -0.06428733468055725, 0.27444571256637573, -0.04188922047615051, -0.06445398926734924]","[-0.03641176223754883, -0.0674033984541893, -0.06428733468055725, 0.27444571256637573, -0.04188922047615051, -0.06445398926734924]","[-0.03641176223754883, -0.0674033984541893, -0.06428733468055725, 0.27444571256637573, -0.04188922047615051, -0.06445398926734924]",1,1,True,"['A', 'D']","['A', 'D']"
5a8db19d5542994ba4e3dd00::active_set_pack_b,5a8db19d5542994ba4e3dd00,"['A', 'B', 'C', 'D', 'E', 'F']","[1, 0, 0, 1, 0, 0]","[-0.05265534296631813, -0.06994602084159851, -0.0714607834815979, 0.31549280881881714, -0.05249280855059624, -0.0689379945397377]","[-0.05265534296631813, -0.06994602084159851, -0.0714607834815979, 0.31549280881881714, -0.05249280855059624, -0.0689379945397377]","[-0.05265534296631813, -0.06994602084159851, -0.0714607834815979, 0.31549280881881714, -0.05249280855059624, -0.0689379945397377]",1,1,True,"['A', 'D']","['A', 'D']"
5ab56e32554299637185c594::working_set_pack_a,5ab56e32554299637185c594,"['A', 'B', 'C', 'D', 'E', 'F']","[1, 0, 0, 0, 0, 1]","[-0.06930508464574814, -0.06910029798746109, -0.07120455801486969, -0.06863407045602798, -0.06282760947942734, 0.3410715162754059]","[0.06930508464574814, 0.06910029798746109, 0.07120455801486969, 0.06863407045602798, 0.06282760947942734, -0.3410715162754059]","[-0.06930508464574814, -0.06910029798746109, -0.07120455801486969, -0.06863407045602798, -0.06282760947942734, 0.3410715162754059]",1,-1,False,"['A', 'E']","['A', 'F']"
5ab56e32554299637185c594::active_set_pack_a,5ab56e32554299637185c594,"['A', 'B', 'C', 'D', 'E', 'F']","[1, 0, 0, 0, 0, 1]","[-0.06167016178369522, -0.061608266085386276, -0.06401652097702026, -0.06099623441696167, -0.0576239749789238, 0.30591508746147156]","[0.06167016178369522, 0.061608266085386276, 0.06401652097702026, 0.06099623441696167, 0.0576239749789238, -0.30591508746147156]","[-0.06167016178369522, -0.061608266085386276, -0.06401652097702026, -0.06099623441696167, -0.0576239749789238, 0.30591508746147156]",1,-1,False,"['A', 'E']","['A', 'F']"
5ab56e32554299637185c594::working_set_pack_b,5ab56e32554299637185c594,"['A', 'B', 'C', 'D', 'E', 'F']","[1, 0, 0, 0, 0, 1]","[-0.057719580829143524, -0.05916735157370567, -0.0608011931180954, -0.05427052080631256, -0.05200058966875076, 0.2839592397212982]","[0.057719580829143524, 0.05916735157370567, 0.0608011931180954, 0.05427052080631256, 0.05200058966875076, -0.2839592397212982]","[-0.057719580829143524, -0.05916735157370567, -0.0608011931180954, -0.05427052080631256, -0.05200058966875076, 0.2839592397212982]",1,-1,False,"['A', 'E']","['A', 'F']"
5ab56e32554299637185c594::active_set_pack_b,5ab56e32554299637185c594,"['A', 'B', 'C', 'D', 'E', 'F']","[1, 0, 0, 0, 0, 1]","[-0.05607178434729576, -0.05842537805438042, -0.059782058000564575, -0.053666725754737854, -0.04618574678897858, 0.2741316556930542]","[0.05607178434729576, 0.05842537805438042, 0.059782058000564575, 0.053666725754737854, 0.04618574678897858, -0.2741316556930542]","[-0.05607178434729576, -0.05842537805438042, -0.059782058000564575, -0.053666725754737854, -0.04618574678897858, 0.2741316556930542]",1,-1,False,"['A', 'E']","['A', 'F']"
5a75e05c55429976ec32bc5f::working_set_pack_a,5a75e05c55429976ec32bc5f,"['A', 'B', 'C', 'D', 'E', 'F']","[0, 1, 0, 0, 1, 0]","[-0.13252802193164825, 0.1584325134754181, -0.025265168398618698, 0.14886203408241272, -0.03890625014901161, -0.11059517413377762]","[0.13252802193164825, -0.1584325134754181, 0.025265168398618698, -0.14886203408241272, 0.03890625014901161, 0.11059517413377762]","[0.13252802193164825, -0.1584325134754181, 0.025265168398618698, -0.14886203408241272, 0.03890625014901161, 0.11059517413377762]",-1,1,False,"['A', 'E']","['B', 'E']"
5a75e05c55429976ec32bc5f::active_set_pack_a,5a75e05c55429976ec32bc5f,"['A', 'B', 'C', 'D', 'E', 'F']","[0, 1, 0, 0, 1, 0]","[-0.1233266294002533, 0.21746286749839783, -0.023855404928326607, 0.05958804488182068, -0.04140922427177429, -0.08845960348844528]","[0.1233266294002533, -0.21746286749839783, 0.023855404928326607, -0.05958804488182068, 0.04140922427177429, 0.08845960348844528]","[0.1233266294002533, -0.21746286749839783, 0.023855404928326607, -0.05958804488182068, 0.04140922427177429, 0.08845960348844528]",-1,1,False,"['A', 'E']","['B', 'E']"
5a75e05c55429976ec32bc5f::working_set_pack_b,5a75e05c55429976ec32bc5f,"['A', 'B', 'C', 'D', 'E', 'F']","[0, 1, 0, 0, 1, 0]","[-0.11395785957574844, 0.23542501032352448, -0.06453028321266174, -0.0024202498607337475, 0.042644232511520386, -0.0971609354019165]","[0.11395785957574844, -0.23542501032352448, 0.06453028321266174, 0.0024202498607337475, -0.042644232511520386, 0.0971609354019165]","[0.11395785957574844, -0.23542501032352448, 0.06453028321266174, 0.0024202498607337475, -0.042644232511520386, 0.0971609354019165]",-1,1,False,"['A', 'E']","['B', 'E']"
5a75e05c55429976ec32bc5f::active_set_pack_b,5a75e05c55429976ec32bc5f,"['A', 'B', 'C', 'D', 'E', 'F']","[0, 1, 0, 0, 1, 0]","[-0.1157483384013176, 0.20593851804733276, -0.007079997565597296, -0.0024852498900145292, -0.015947595238685608, -0.06467737257480621]","[0.1157483384013176, -0.20593851804733276, 0.007079997565597296, 0.0024852498900145292, 0.015947595238685608, 0.06467737257480621]","[0.1157483384013176, -0.20593851804733276, 0.007079997565597296, 0.0024852498900145292, 0.015947595238685608, 0.06467737257480621]",-1,1,False,"['A', 'E']","['B', 'E']"
5ab29c24554299449642c932::working_set_pack_a,5ab29c24554299449642c932,"['A', 'B', 'C', 'D', 'E', 'F']","[0, 1, 0, 1, 0, 0]","[-0.0505506694316864, 0.03331513702869415, -0.07504719495773315, -0.006661039311438799, 0.22572636604309082, -0.12678270041942596]","[0.0505506694316864, -0.03331513702869415, 0.07504719495773315, 0.006661039311438799, -0.22572636604309082, 0.12678270041942596]","[0.0505506694316864, -0.03331513702869415, 0.07504719495773315, 0.006661039311438799, -0.22572636604309082, 0.12678270041942596]",-1,1,False,"['A', 'B']","['B', 'D']"
5ab29c24554299449642c932::active_set_pack_a,5ab29c24554299449642c932,"['A', 'B', 'C', 'D', 'E', 'F']","[0, 1, 0, 1, 0, 0]","[-0.05286877229809761, 0.22258000075817108, -0.021122191101312637, 0.01956632360816002, -0.03894180431962013, -0.12921372056007385]","[-0.05286877229809761, 0.22258000075817108, -0.021122191101312637, 0.01956632360816002, -0.03894180431962013, -0.12921372056007385]","[0.05286877229809761, -0.22258000075817108, 0.021122191101312637, -0.01956632360816002, 0.03894180431962013, 0.12921372056007385]",-1,-1,False,"['A', 'B']","['B', 'D']"
5ab29c24554299449642c932::working_set_pack_b,5ab29c24554299449642c932,"['A', 'B', 'C', 'D', 'E', 'F']","[0, 1, 0, 1, 0, 0]","[-0.09335240721702576, 0.36829566955566406, -0.0717587098479271, 0.011798802763223648, -0.05157721787691116, -0.1634061187505722]","[-0.09335240721702576, 0.36829566955566406, -0.0717587098479271, 0.011798802763223648, -0.05157721787691116, -0.1634061187505722]","[0.09335240721702576, -0.36829566955566406, 0.0717587098479271, -0.011798802763223648, 0.05157721787691116, 0.1634061187505722]",-1,-1,False,"['A', 'B']","['B', 'D']"
5ab29c24554299449642c932::active_set_pack_b,5ab29c24554299449642c932,"['A', 'B', 'C', 'D', 'E', 'F']","[0, 1, 0, 1, 0, 0]","[-0.10285183787345886, 0.17128139734268188, -0.047489676624536514, 0.09628168493509293, 0.04630238190293312, -0.1635238379240036]","[0.10285183787345886, -0.17128139734268188, 0.047489676624536514, -0.09628168493509293, -0.04630238190293312, 0.1635238379240036]","[0.10285183787345886, -0.17128139734268188, 0.047489676624536514, -0.09628168493509293, -0.04630238190293312, 0.1635238379240036]",-1,1,False,"['A', 'D']","['B', 'D']"
5ae0d4c9554299603e418468::working_set_pack_a,5ae0d4c9554299603e418468,"['A', 'B', 'C', 'D', 'E', 'F']","[0, 1, 0, 0, 1, 0]","[-0.046183764934539795, -0.007239026017487049, -0.040396787226200104, -0.041417088359594345, 0.18434777855873108, -0.049111079424619675]","[-0.046183764934539795, -0.007239026017487049, -0.040396787226200104, -0.041417088359594345, 0.18434777855873108, -0.049111079424619675]","[0.046183764934539795, 0.007239026017487049, 0.040396787226200104, 0.041417088359594345, -0.18434777855873108, 0.049111079424619675]",-1,-1,False,"['A', 'E']","['B', 'E']"
5ae0d4c9554299603e418468::active_set_pack_a,5ae0d4c9554299603e418468,"['A', 'B', 'C', 'D', 'E', 'F']","[0, 1, 0, 0, 1, 0]","[-0.041662029922008514, 0.00754992151632905, -0.04038764536380768, -0.04311586916446686, 0.16842558979988098, -0.05080993473529816]","[-0.041662029922008514, 0.00754992151632905, -0.04038764536380768, -0.04311586916446686, 0.16842558979988098, -0.05080993473529816]","[-0.041662029922008514, 0.00754992151632905, -0.04038764536380768, -0.04311586916446686, 0.16842558979988098, -0.05080993473529816]",1,1,False,"['A', 'E']","['B', 'E']"
5ae0d4c9554299603e418468::working_set_pack_b,5ae0d4c9554299603e418468,"['A', 'B', 'C', 'D', 'E', 'F']","[0, 1, 0, 0, 1, 0]","[-0.0652582049369812, -0.008718570694327354, -0.0546652115881443, -0.051480960100889206, 0.2395339012145996, -0.05941096320748329]","[-0.0652582049369812, -0.008718570694327354, -0.0546652115881443, -0.051480960100889206, 0.2395339012145996, -0.05941096320748329]","[-0.0652582049369812, -0.008718570694327354, -0.0546652115881443, -0.051480960100889206, 0.2395339012145996, -0.05941096320748329]",1,1,False,"['A', 'E']","['B', 'E']"
5ae0d4c9554299603e418468::active_set_pack_b,5ae0d4c9554299603e418468,"['A', 'B', 'C', 'D', 'E', 'F']","[0, 1, 0, 0, 1, 0]","[-0.04176758602261543, 0.026564596220850945, -0.05167547985911369, -0.05064757913351059, 0.1749388873577118, -0.057412829250097275]","[-0.04176758602261543, 0.026564596220850945, -0.05167547985911369, -0.05064757913351059, 0.1749388873577118, -0.057412829250097275]","[-0.04176758602261543, 0.026564596220850945, -0.05167547985911369, -0.05064757913351059, 0.1749388873577118, -0.057412829250097275]",1,1,False,"['A', 'E']","['B', 'E']"
5a8133725542995ce29dcbdb::working_set_pack_a,5a8133725542995ce29dcbdb,"['A', 'B', 'C', 'D', 'E', 'F']","[0, 1, 1, 0, 0, 0]","[-0.008477837778627872, 0.14636731147766113, -0.10210128873586655, -0.01843862794339657, -0.02066369540989399, 0.0033141945023089647]","[0.008477837778627872, -0.14636731147766113, 0.10210128873586655, 0.01843862794339657, 0.02066369540989399, -0.0033141945023089647]","[0.008477837778627872, -0.14636731147766113, 0.10210128873586655, 0.01843862794339657, 0.02066369540989399, -0.0033141945023089647]",-1,1,False,"['A', 'C']","['B', 'C']"
5a8133725542995ce29dcbdb::active_set_pack_a,5a8133725542995ce29dcbdb,"['A', 'B', 'C', 'D', 'E', 'F']","[0, 1, 1, 0, 0, 0]","[-0.018630461767315865, -0.09622947871685028, 0.16352726519107819, -0.01421479880809784, -0.007924387231469154, -0.026528209447860718]","[-0.018630461767315865, -0.09622947871685028, 0.16352726519107819, -0.01421479880809784, -0.007924387231469154, -0.026528209447860718]","[0.018630461767315865, 0.09622947871685028, -0.16352726519107819, 0.01421479880809784, 0.007924387231469154, 0.026528209447860718]",-1,-1,False,"['A', 'C']","['B', 'C']"
5a8133725542995ce29dcbdb::working_set_pack_b,5a8133725542995ce29dcbdb,"['A', 'B', 'C', 'D', 'E', 'F']","[0, 1, 1, 0, 0, 0]","[-0.02680280990898609, -0.1264423280954361, 0.21485038101673126, -0.024552641436457634, -0.010867983102798462, -0.026184668764472008]","[-0.02680280990898609, -0.1264423280954361, 0.21485038101673126, -0.024552641436457634, -0.010867983102798462, -0.026184668764472008]","[-0.02680280990898609, -0.1264423280954361, 0.21485038101673126, -0.024552641436457634, -0.010867983102798462, -0.026184668764472008]",1,1,False,"['A', 'C']","['B', 'C']"
5a8133725542995ce29dcbdb::active_set_pack_b,5a8133725542995ce29dcbdb,"['A', 'B', 'C', 'D', 'E', 'F']","[0, 1, 1, 0, 0, 0]","[-0.007375320885330439, 0.17598527669906616, -0.13043063879013062, -0.01660565473139286, -0.020878322422504425, -0.0006953252013772726]","[0.007375320885330439, -0.17598527669906616, 0.13043063879013062, 0.01660565473139286, 0.020878322422504425, 0.0006953252013772726]","[0.007375320885330439, -0.17598527669906616, 0.13043063879013062, 0.01660565473139286, 0.020878322422504425, 0.0006953252013772726]",-1,1,False,"['A', 'C']","['B', 'C']"
5ae6050f55429929b0807a5e::working_set_pack_a,5ae6050f55429929b0807a5e,"['A', 'B', 'C', 'D', 'E', 'F']","[0, 0, 0, 1, 1, 0]","[-0.05734258517622948, -0.03297152742743492, 0.005037427414208651, -0.02261141687631607, 0.12965326011180878, -0.02176516316831112]","[-0.05734258517622948, -0.03297152742743492, 0.005037427414208651, -0.02261141687631607, 0.12965326011180878, -0.02176516316831112]","[-0.05734258517622948, -0.03297152742743492, 0.005037427414208651, -0.02261141687631607, 0.12965326011180878, -0.02176516316831112]",1,1,False,"['A', 'E']","['D', 'E']"
5ae6050f55429929b0807a5e::active_set_pack_a,5ae6050f55429929b0807a5e,"['A', 'B', 'C', 'D', 'E', 'F']","[0, 0, 0, 1, 1, 0]","[-0.042067334055900574, -0.04376873001456261, -0.013059805147349834, -0.032155126333236694, 0.16513748466968536, -0.03408637270331383]","[-0.042067334055900574, -0.04376873001456261, -0.013059805147349834, -0.032155126333236694, 0.16513748466968536, -0.03408637270331383]","[-0.042067334055900574, -0.04376873001456261, -0.013059805147349834, -0.032155126333236694, 0.16513748466968536, -0.03408637270331383]",1,1,False,"['A', 'E']","['D', 'E']"
5ae6050f55429929b0807a5e::working_set_pack_b,5ae6050f55429929b0807a5e,"['A', 'B', 'C', 'D', 'E', 'F']","[0, 0, 0, 1, 1, 0]","[-0.04927496239542961, -0.04845552518963814, -0.015917455777525902, -0.040627188980579376, 0.19983144104480743, -0.04555637761950493]","[-0.04927496239542961, -0.04845552518963814, -0.015917455777525902, -0.040627188980579376, 0.19983144104480743, -0.04555637761950493]","[-0.04927496239542961, -0.04845552518963814, -0.015917455777525902, -0.040627188980579376, 0.19983144104480743, -0.04555637761950493]",1,1,False,"['A', 'E']","['D', 'E']"
5ae6050f55429929b0807a5e::active_set_pack_b,5ae6050f55429929b0807a5e,"['A', 'B', 'C', 'D', 'E', 'F']","[0, 0, 0, 1, 1, 0]","[-0.05783989652991295, -0.05242086201906204, -0.024527888745069504, -0.04291853308677673, 0.223185732960701, -0.045478399842977524]","[-0.05783989652991295, -0.05242086201906204, -0.024527888745069504, -0.04291853308677673, 0.223185732960701, -0.045478399842977524]","[0.05783989652991295, 0.05242086201906204, 0.024527888745069504, 0.04291853308677673, -0.223185732960701, 0.045478399842977524]",-1,-1,False,"['A', 'E']","['D', 'E']"
5ae2070a5542994d89d5b313::working_set_pack_a,5ae2070a5542994d89d5b313,"['A', 'B', 'C', 'D', 'E', 'F']","[0, 0, 1, 1, 0, 0]","[0.03508366271853447, -0.01047507394105196, -0.09194245934486389, 0.12371805310249329, -0.01302157063037157, -0.043362606316804886]","[0.03508366271853447, -0.01047507394105196, -0.09194245934486389, 0.12371805310249329, -0.01302157063037157, -0.043362606316804886]","[-0.03508366271853447, 0.01047507394105196, 0.09194245934486389, -0.12371805310249329, 0.01302157063037157, 0.043362606316804886]",-1,-1,False,"['A', 'E']","['C', 'D']"
5ae2070a5542994d89d5b313::active_set_pack_a,5ae2070a5542994d89d5b313,"['A', 'B', 'C', 'D', 'E', 'F']","[0, 0, 1, 1, 0, 0]","[-0.04281279444694519, -0.00782041996717453, 0.14136506617069244, -0.12092402577400208, -0.0008087616879492998, 0.031000971794128418]","[0.04281279444694519, 0.00782041996717453, -0.14136506617069244, 0.12092402577400208, 0.0008087616879492998, -0.031000971794128418]","[-0.04281279444694519, -0.00782041996717453, 0.14136506617069244, -0.12092402577400208, -0.0008087616879492998, 0.031000971794128418]",1,-1,False,"['A', 'E']","['C', 'D']"
5ae2070a5542994d89d5b313::working_set_pack_b,5ae2070a5542994d89d5b313,"['A', 'B', 'C', 'D', 'E', 'F']","[0, 0, 1, 1, 0, 0]","[0.036512576043605804, 0.01005553174763918, -0.1080527976155281, 0.12244635075330734, -0.009635227732360363, -0.05132642015814781]","[0.036512576043605804, 0.01005553174763918, -0.1080527976155281, 0.12244635075330734, -0.009635227732360363, -0.05132642015814781]","[-0.036512576043605804, -0.01005553174763918, 0.1080527976155281, -0.12244635075330734, 0.009635227732360363, 0.05132642015814781]",-1,-1,False,"['A', 'E']","['C', 'D']"
5ae2070a5542994d89d5b313::active_set_pack_b,5ae2070a5542994d89d5b313,"['A', 'B', 'C', 'D', 'E', 'F']","[0, 0, 1, 1, 0, 0]","[-0.05840009078383446, -0.02984563075006008, 0.16453510522842407, -0.1176118552684784, -0.016973888501524925, 0.05829636752605438]","[0.05840009078383446, 0.02984563075006008, -0.16453510522842407, 0.1176118552684784, 0.016973888501524925, -0.05829636752605438]","[-0.05840009078383446, -0.02984563075006008, 0.16453510522842407, -0.1176118552684784, -0.016973888501524925, 0.05829636752605438]",1,-1,False,"['A', 'E']","['C', 'D']"
5a722b8655429971e9dc9329::working_set_pack_a,5a722b8655429971e9dc9329,"['A', 'B', 'C', 'D', 'E', 'F']","[1, 0, 1, 0, 0, 0]","[-0.0382295586168766, -0.009224813431501389, 0.18925893306732178, -0.1483035832643509, 0.022617552429437637, -0.016118453815579414]","[-0.0382295586168766, -0.009224813431501389, 0.18925893306732178, -0.1483035832643509, 0.022617552429437637, -0.016118453815579414]","[0.0382295586168766, 0.009224813431501389, -0.18925893306732178, 0.1483035832643509, -0.022617552429437637, 0.016118453815579414]",-1,-1,True,"['A', 'C']","['A', 'C']"
5a722b8655429971e9dc9329::active_set_pack_a,5a722b8655429971e9dc9329,"['A', 'B', 'C', 'D', 'E', 'F']","[1, 0, 1, 0, 0, 0]","[-0.0347546748816967, -0.018060561269521713, 0.21990828216075897, -0.14037568867206573, 0.0017727087251842022, -0.028490014374256134]","[-0.0347546748816967, -0.018060561269521713, 0.21990828216075897, -0.14037568867206573, 0.0017727087251842022, -0.028490014374256134]","[0.0347546748816967, 0.018060561269521713, -0.21990828216075897, 0.14037568867206573, -0.0017727087251842022, 0.028490014374256134]",-1,-1,True,"['A', 'C']","['A', 'C']"
5a722b8655429971e9dc9329::working_set_pack_b,5a722b8655429971e9dc9329,"['A', 'B', 'C', 'D', 'E', 'F']","[1, 0, 1, 0, 0, 0]","[-0.01762606017291546, -0.02979438006877899, 0.3064447343349457, -0.18931731581687927, -0.02559252642095089, -0.04411443695425987]","[-0.01762606017291546, -0.02979438006877899, 0.3064447343349457, -0.18931731581687927, -0.02559252642095089, -0.04411443695425987]","[-0.01762606017291546, -0.02979438006877899, 0.3064447343349457, -0.18931731581687927, -0.02559252642095089, -0.04411443695425987]",1,1,True,"['A', 'C']","['A', 'C']"
5a722b8655429971e9dc9329::active_set_pack_b,5a722b8655429971e9dc9329,"['A', 'B', 'C', 'D', 'E', 'F']","[1, 0, 1, 0, 0, 0]","[-0.07470762729644775, -0.019204121083021164, 0.3271685242652893, -0.2079993486404419, 0.016911013051867485, -0.042168375104665756]","[-0.07470762729644775, -0.019204121083021164, 0.3271685242652893, -0.2079993486404419, 0.016911013051867485, -0.042168375104665756]","[0.07470762729644775, 0.019204121083021164, -0.3271685242652893, 0.2079993486404419, -0.016911013051867485, 0.042168375104665756]",-1,-1,True,"['A', 'C']","['A', 'C']"
5adf37a95542995ec70e8f97::working_set_pack_a,5adf37a95542995ec70e8f97,"['A', 'B', 'C', 'D', 'E', 'F']","[1, 0, 0, 1, 0, 0]","[-0.038758765906095505, -0.054394062608480453, -0.08375810831785202, 0.11382367461919785, -0.0054463716223835945, 0.06853359937667847]","[0.038758765906095505, 0.054394062608480453, 0.08375810831785202, -0.11382367461919785, 0.0054463716223835945, -0.06853359937667847]","[-0.038758765906095505, -0.054394062608480453, -0.08375810831785202, 0.11382367461919785, -0.0054463716223835945, 0.06853359937667847]",1,-1,False,"['A', 'B']","['A', 'D']"
5adf37a95542995ec70e8f97::active_set_pack_a,5adf37a95542995ec70e8f97,"['A', 'B', 'C', 'D', 'E', 'F']","[1, 0, 0, 1, 0, 0]","[0.19780626893043518, 0.020511845126748085, -0.09544757008552551, -0.05108445882797241, -0.02388041466474533, -0.047905661165714264]","[0.19780626893043518, 0.020511845126748085, -0.09544757008552551, -0.05108445882797241, -0.02388041466474533, -0.047905661165714264]","[-0.19780626893043518, -0.020511845126748085, 0.09544757008552551, 0.05108445882797241, 0.02388041466474533, 0.047905661165714264]",-1,-1,False,"['A', 'B']","['A', 'D']"
5adf37a95542995ec70e8f97::working_set_pack_b,5adf37a95542995ec70e8f97,"['A', 'B', 'C', 'D', 'E', 'F']","[1, 0, 0, 1, 0, 0]","[0.2867273986339569, -0.013363550417125225, -0.08545379340648651, -0.06962349265813828, -0.05142265558242798, -0.06686399132013321]","[0.2867273986339569, -0.013363550417125225, -0.08545379340648651, -0.06962349265813828, -0.05142265558242798, -0.06686399132013321]","[-0.2867273986339569, 0.013363550417125225, 0.08545379340648651, 0.06962349265813828, 0.05142265558242798, 0.06686399132013321]",-1,-1,False,"['A', 'A']","['A', 'D']"
5adf37a95542995ec70e8f97::active_set_pack_b,5adf37a95542995ec70e8f97,"['A', 'B', 'C', 'D', 'E', 'F']","[1, 0, 0, 1, 0, 0]","[0.2062404900789261, 0.026812288910150528, -0.08411280810832977, -0.06933720409870148, -0.026373717933893204, -0.05322904884815216]","[0.2062404900789261, 0.026812288910150528, -0.08411280810832977, -0.06933720409870148, -0.026373717933893204, -0.05322904884815216]","[-0.2062404900789261, -0.026812288910150528, 0.08411280810832977, 0.06933720409870148, 0.026373717933893204, 0.05322904884815216]",-1,-1,False,"['A', 'C']","['A', 'D']"
5abd259d55429924427fcf1a::working_set_pack_a,5abd259d55429924427fcf1a,"['A', 'B', 'C', 'D', 'E', 'F']","[1, 1, 0, 0, 0, 0]","[-0.0672738254070282, 0.14548835158348083, -0.03141125664114952, -0.013995044864714146, -0.0013560584047809243, -0.031452156603336334]","[-0.0672738254070282, 0.14548835158348083, -0.03141125664114952, -0.013995044864714146, -0.0013560584047809243, -0.031452156603336334]","[-0.0672738254070282, 0.14548835158348083, -0.03141125664114952, -0.013995044864714146, -0.0013560584047809243, -0.031452156603336334]",1,1,True,"['A', 'B']","['A', 'B']"
5abd259d55429924427fcf1a::active_set_pack_a,5abd259d55429924427fcf1a,"['A', 'B', 'C', 'D', 'E', 'F']","[1, 1, 0, 0, 0, 0]","[-0.06554374098777771, 0.15738525986671448, -0.03602615371346474, -0.016826439648866653, -0.002719310810789466, -0.036269593983888626]","[-0.06554374098777771, 0.15738525986671448, -0.03602615371346474, -0.016826439648866653, -0.002719310810789466, -0.036269593983888626]","[-0.06554374098777771, 0.15738525986671448, -0.03602615371346474, -0.016826439648866653, -0.002719310810789466, -0.036269593983888626]",1,1,True,"['A', 'B']","['A', 'B']"
5abd259d55429924427fcf1a::working_set_pack_b,5abd259d55429924427fcf1a,"['A', 'B', 'C', 'D', 'E', 'F']","[1, 1, 0, 0, 0, 0]","[0.21727760136127472, -0.047350265085697174, -0.040772292762994766, -0.04085300862789154, -0.05359010398387909, -0.03471192717552185]","[0.21727760136127472, -0.047350265085697174, -0.040772292762994766, -0.04085300862789154, -0.05359010398387909, -0.03471192717552185]","[-0.21727760136127472, 0.047350265085697174, 0.040772292762994766, 0.04085300862789154, 0.05359010398387909, 0.03471192717552185]",-1,-1,True,"['A', 'B']","['A', 'B']"
5abd259d55429924427fcf1a::active_set_pack_b,5abd259d55429924427fcf1a,"['A', 'B', 'C', 'D', 'E', 'F']","[1, 1, 0, 0, 0, 0]","[0.19373883306980133, -0.08272106200456619, -0.024916205555200577, -0.02515992522239685, -0.04243819788098335, -0.018503433093428612]","[0.19373883306980133, -0.08272106200456619, -0.024916205555200577, -0.02515992522239685, -0.04243819788098335, -0.018503433093428612]","[-0.19373883306980133, 0.08272106200456619, 0.024916205555200577, 0.02515992522239685, 0.04243819788098335, 0.018503433093428612]",-1,-1,True,"['A', 'B']","['A', 'B']"
5a8a3e745542996c9b8d5e70::working_set_pack_a,5a8a3e745542996c9b8d5e70,"['A', 'B', 'C', 'D', 'E', 'F']","[0, 1, 0, 0, 1, 0]","[-0.20198485255241394, 0.037153635174036026, -0.18538974225521088, -0.18977773189544678, 0.7183817028999329, -0.17838294804096222]","[-0.20198485255241394, 0.037153635174036026, -0.18538974225521088, -0.18977773189544678, 0.7183817028999329, -0.17838294804096222]","[0.20198485255241394, -0.037153635174036026, 0.18538974225521088, 0.18977773189544678, -0.7183817028999329, 0.17838294804096222]",-1,-1,False,"['A', 'E']","['B', 'E']"
5a8a3e745542996c9b8d5e70::active_set_pack_a,5a8a3e745542996c9b8d5e70,"['A', 'B', 'C', 'D', 'E', 'F']","[0, 1, 0, 0, 1, 0]","[-0.1804029792547226, 0.06263758987188339, -0.17118826508522034, -0.17766405642032623, 0.6214669942855835, -0.1548495590686798]","[-0.1804029792547226, 0.06263758987188339, -0.17118826508522034, -0.17766405642032623, 0.6214669942855835, -0.1548495590686798]","[-0.1804029792547226, 0.06263758987188339, -0.17118826508522034, -0.17766405642032623, 0.6214669942855835, -0.1548495590686798]",1,1,False,"['A', 'E']","['B', 'E']"
5a8a3e745542996c9b8d5e70::working_set_pack_b,5a8a3e745542996c9b8d5e70,"['A', 'B', 'C', 'D', 'E', 'F']","[0, 1, 0, 0, 1, 0]","[-0.28080859780311584, 0.46267789602279663, -0.2301866114139557, -0.2317485213279724, 0.4858103096485138, -0.20574457943439484]","[-0.28080859780311584, 0.46267789602279663, -0.2301866114139557, -0.2317485213279724, 0.4858103096485138, -0.20574457943439484]","[0.28080859780311584, -0.46267789602279663, 0.2301866114139557, 0.2317485213279724, -0.4858103096485138, 0.20574457943439484]",-1,-1,False,"['A', 'E']","['B', 'E']"
5a8a3e745542996c9b8d5e70::active_set_pack_b,5a8a3e745542996c9b8d5e70,"['A', 'B', 'C', 'D', 'E', 'F']","[0, 1, 0, 0, 1, 0]","[-0.2531659007072449, 0.30354881286621094, -0.21282127499580383, -0.20850518345832825, 0.5520198941230774, -0.18107646703720093]","[-0.2531659007072449, 0.30354881286621094, -0.21282127499580383, -0.20850518345832825, 0.5520198941230774, -0.18107646703720093]","[0.2531659007072449, -0.30354881286621094, 0.21282127499580383, 0.20850518345832825, -0.5520198941230774, 0.18107646703720093]",-1,-1,False,"['A', 'E']","['B', 'E']"
5ac23ff0554299636651994d::working_set_pack_a,5ac23ff0554299636651994d,"['A', 'B', 'C', 'D', 'E', 'F']","[0, 0, 0, 1, 0, 1]","[0.02744675986468792, 0.0006072244723327458, -0.0037182942032814026, -0.04514186456799507, -0.13840891420841217, 0.15921515226364136]","[0.02744675986468792, 0.0006072244723327458, -0.0037182942032814026, -0.04514186456799507, -0.13840891420841217, 0.15921515226364136]","[-0.02744675986468792, -0.0006072244723327458, 0.0037182942032814026, 0.04514186456799507, 0.13840891420841217, -0.15921515226364136]",-1,-1,False,"['A', 'F']","['D', 'F']"
5ac23ff0554299636651994d::active_set_pack_a,5ac23ff0554299636651994d,"['A', 'B', 'C', 'D', 'E', 'F']","[0, 0, 0, 1, 0, 1]","[0.003145987866446376, -0.009779400192201138, -0.015691276639699936, -0.04775659367442131, -0.11235611140727997, 0.1824374496936798]","[0.003145987866446376, -0.009779400192201138, -0.015691276639699936, -0.04775659367442131, -0.11235611140727997, 0.1824374496936798]","[-0.003145987866446376, 0.009779400192201138, 0.015691276639699936, 0.04775659367442131, 0.11235611140727997, -0.1824374496936798]",-1,-1,False,"['A', 'F']","['D', 'F']"
5ac23ff0554299636651994d::working_set_pack_b,5ac23ff0554299636651994d,"['A', 'B', 'C', 'D', 'E', 'F']","[0, 0, 0, 1, 0, 1]","[-0.018272805958986282, -0.0025105481036007404, -0.009619787335395813, -0.11247803270816803, -0.08390418440103531, 0.226785346865654]","[-0.018272805958986282, -0.0025105481036007404, -0.009619787335395813, -0.11247803270816803, -0.08390418440103531, 0.226785346865654]","[0.018272805958986282, 0.0025105481036007404, 0.009619787335395813, 0.11247803270816803, 0.08390418440103531, -0.226785346865654]",-1,-1,False,"['A', 'F']","['D', 'F']"
5ac23ff0554299636651994d::active_set_pack_b,5ac23ff0554299636651994d,"['A', 'B', 'C', 'D', 'E', 'F']","[0, 0, 0, 1, 0, 1]","[0.07208994030952454, 0.01892496831715107, 0.014315268956124783, -0.05111309513449669, -0.16900278627872467, 0.11478564143180847]","[0.07208994030952454, 0.01892496831715107, 0.014315268956124783, -0.05111309513449669, -0.16900278627872467, 0.11478564143180847]","[0.07208994030952454, 0.01892496831715107, 0.014315268956124783, -0.05111309513449669, -0.16900278627872467, 0.11478564143180847]",1,1,False,"['A', 'F']","['D', 'F']"
5ae4a3265542995ad6573de5::working_set_pack_a,5ae4a3265542995ad6573de5,"['A', 'B', 'C', 'D', 'E', 'F']","[0, 0, 1, 0, 1, 0]","[-0.06883112341165543, -0.06117809936404228, 0.3035138249397278, -0.051858220249414444, -0.0670468658208847, -0.054599665105342865]","[-0.06883112341165543, -0.06117809936404228, 0.3035138249397278, -0.051858220249414444, -0.0670468658208847, -0.054599665105342865]","[-0.06883112341165543, -0.06117809936404228, 0.3035138249397278, -0.051858220249414444, -0.0670468658208847, -0.054599665105342865]",1,1,False,"['A', 'C']","['C', 'E']"
5ae4a3265542995ad6573de5::active_set_pack_a,5ae4a3265542995ad6573de5,"['A', 'B', 'C', 'D', 'E', 'F']","[0, 0, 1, 0, 1, 0]","[-0.08136199414730072, -0.07712802290916443, 0.3777199983596802, -0.06457855552434921, -0.08319424092769623, -0.07145718485116959]","[-0.08136199414730072, -0.07712802290916443, 0.3777199983596802, -0.06457855552434921, -0.08319424092769623, -0.07145718485116959]","[0.08136199414730072, 0.07712802290916443, -0.3777199983596802, 0.06457855552434921, 0.08319424092769623, 0.07145718485116959]",-1,-1,False,"['A', 'C']","['C', 'E']"
5ae4a3265542995ad6573de5::working_set_pack_b,5ae4a3265542995ad6573de5,"['A', 'B', 'C', 'D', 'E', 'F']","[0, 0, 1, 0, 1, 0]","[-0.1160813719034195, -0.13113075494766235, 0.5957692861557007, -0.1253669112920761, -0.11318902671337128, -0.11000113189220428]","[-0.1160813719034195, -0.13113075494766235, 0.5957692861557007, -0.1253669112920761, -0.11318902671337128, -0.11000113189220428]","[0.1160813719034195, 0.13113075494766235, -0.5957692861557007, 0.1253669112920761, 0.11318902671337128, 0.11000113189220428]",-1,-1,False,"['A', 'C']","['C', 'E']"
5ae4a3265542995ad6573de5::active_set_pack_b,5ae4a3265542995ad6573de5,"['A', 'B', 'C', 'D', 'E', 'F']","[0, 0, 1, 0, 1, 0]","[-0.08756405860185623, -0.08223054558038712, 0.33976978063583374, -0.032802894711494446, -0.07000011950731277, -0.06717214733362198]","[-0.08756405860185623, -0.08223054558038712, 0.33976978063583374, -0.032802894711494446, -0.07000011950731277, -0.06717214733362198]","[0.08756405860185623, 0.08223054558038712, -0.33976978063583374, 0.032802894711494446, 0.07000011950731277, 0.06717214733362198]",-1,-1,False,"['A', 'C']","['C', 'E']"
5a7a06935542990198eaf050::working_set_pack_a,5a7a06935542990198eaf050,"['A', 'B', 'C', 'D', 'E', 'F']","[0, 1, 0, 0, 0, 1]","[-0.06625176221132278, 0.3309447169303894, -0.07352713495492935, -0.05608217418193817, -0.024013955146074295, -0.11106966435909271]","[0.06625176221132278, -0.3309447169303894, 0.07352713495492935, 0.05608217418193817, 0.024013955146074295, 0.11106966435909271]","[0.06625176221132278, -0.3309447169303894, 0.07352713495492935, 0.05608217418193817, 0.024013955146074295, 0.11106966435909271]",-1,1,False,"['A', 'F']","['B', 'F']"
5a7a06935542990198eaf050::active_set_pack_a,5a7a06935542990198eaf050,"['A', 'B', 'C', 'D', 'E', 'F']","[0, 1, 0, 0, 0, 1]","[-0.06487672030925751, 0.34388524293899536, -0.09476767480373383, -0.04789755493402481, -0.02644808404147625, -0.10989508777856827]","[-0.06487672030925751, 0.34388524293899536, -0.09476767480373383, -0.04789755493402481, -0.02644808404147625, -0.10989508777856827]","[0.06487672030925751, -0.34388524293899536, 0.09476767480373383, 0.04789755493402481, 0.02644808404147625, 0.10989508777856827]",-1,-1,False,"['A', 'B']","['B', 'F']"
5a7a06935542990198eaf050::working_set_pack_b,5a7a06935542990198eaf050,"['A', 'B', 'C', 'D', 'E', 'F']","[0, 1, 0, 0, 0, 1]","[-0.12157191336154938, 0.5847917795181274, -0.10920757800340652, -0.11486106365919113, -0.08806392550468445, -0.15108731389045715]","[-0.12157191336154938, 0.5847917795181274, -0.10920757800340652, -0.11486106365919113, -0.08806392550468445, -0.15108731389045715]","[0.12157191336154938, -0.5847917795181274, 0.10920757800340652, 0.11486106365919113, 0.08806392550468445, 0.15108731389045715]",-1,-1,True,"['B', 'F']","['B', 'F']"
5a7a06935542990198eaf050::active_set_pack_b,5a7a06935542990198eaf050,"['A', 'B', 'C', 'D', 'E', 'F']","[0, 1, 0, 0, 0, 1]","[-0.08551201224327087, 0.3564416170120239, -0.05096227303147316, -0.06458677351474762, -0.03391938656568527, -0.12146131694316864]","[-0.08551201224327087, 0.3564416170120239, -0.05096227303147316, -0.06458677351474762, -0.03391938656568527, -0.12146131694316864]","[0.08551201224327087, -0.3564416170120239, 0.05096227303147316, 0.06458677351474762, 0.03391938656568527, 0.12146131694316864]",-1,-1,True,"['B', 'F']","['B', 'F']"
5a879ab05542996e4f30887e::working_set_pack_a,5a879ab05542996e4f30887e,"['A', 'B', 'C', 'D', 'E', 'F']","[1, 0, 0, 0, 0, 1]","[-0.07517289370298386, -0.09515299648046494, -0.09381748735904694, -0.0877809077501297, -0.08913622051477432, 0.4410606026649475]","[-0.07517289370298386, -0.09515299648046494, -0.09381748735904694, -0.0877809077501297, -0.08913622051477432, 0.4410606026649475]","[0.07517289370298386, 0.09515299648046494, 0.09381748735904694, 0.0877809077501297, 0.08913622051477432, -0.4410606026649475]",-1,-1,True,"['A', 'F']","['A', 'F']"
5a879ab05542996e4f30887e::active_set_pack_a,5a879ab05542996e4f30887e,"['A', 'B', 'C', 'D', 'E', 'F']","[1, 0, 0, 0, 0, 1]","[-0.09984748065471649, -0.12444952130317688, -0.12312163412570953, -0.11839998513460159, -0.11916930228471756, 0.5849879384040833]","[-0.09984748065471649, -0.12444952130317688, -0.12312163412570953, -0.11839998513460159, -0.11916930228471756, 0.5849879384040833]","[0.09984748065471649, 0.12444952130317688, 0.12312163412570953, 0.11839998513460159, 0.11916930228471756, -0.5849879384040833]",-1,-1,True,"['A', 'F']","['A', 'F']"
5a879ab05542996e4f30887e::working_set_pack_b,5a879ab05542996e4f30887e,"['A', 'B', 'C', 'D', 'E', 'F']","[1, 0, 0, 0, 0, 1]","[-0.055972278118133545, -0.1186598613858223, -0.09790197759866714, -0.10452107340097427, -0.10911168158054352, 0.48616695404052734]","[-0.055972278118133545, -0.1186598613858223, -0.09790197759866714, -0.10452107340097427, -0.10911168158054352, 0.48616695404052734]","[0.055972278118133545, 0.1186598613858223, 0.09790197759866714, 0.10452107340097427, 0.10911168158054352, -0.48616695404052734]",-1,-1,True,"['A', 'F']","['A', 'F']"
5a879ab05542996e4f30887e::active_set_pack_b,5a879ab05542996e4f30887e,"['A', 'B', 'C', 'D', 'E', 'F']","[1, 0, 0, 0, 0, 1]","[-0.060217127203941345, -0.11544071137905121, -0.10029721260070801, -0.10496585816144943, -0.1012999638915062, 0.48222091794013977]","[-0.060217127203941345, -0.11544071137905121, -0.10029721260070801, -0.10496585816144943, -0.1012999638915062, 0.48222091794013977]","[0.060217127203941345, 0.11544071137905121, 0.10029721260070801, 0.10496585816144943, 0.1012999638915062, -0.48222091794013977]",-1,-1,True,"['A', 'F']","['A', 'F']"
5a84dd955542997b5ce3ff79::working_set_pack_a,5a84dd955542997b5ce3ff79,"['A', 'B', 'C', 'D', 'E', 'F']","[0, 1, 0, 1, 0, 0]","[0.045743390917778015, -0.0007112615858204663, -0.13921445608139038, 0.07815354317426682, 0.0166097991168499, -0.0005810194998048246]","[0.045743390917778015, -0.0007112615858204663, -0.13921445608139038, 0.07815354317426682, 0.0166097991168499, -0.0005810194998048246]","[-0.045743390917778015, 0.0007112615858204663, 0.13921445608139038, -0.07815354317426682, -0.0166097991168499, 0.0005810194998048246]",-1,-1,False,"['A', 'E']","['B', 'D']"
5a84dd955542997b5ce3ff79::active_set_pack_a,5a84dd955542997b5ce3ff79,"['A', 'B', 'C', 'D', 'E', 'F']","[0, 1, 0, 1, 0, 0]","[0.00023377305478788912, -0.007536288816481829, -0.03109070286154747, 0.12431522458791733, -0.0955427959561348, 0.009620790369808674]","[-0.00023377305478788912, 0.007536288816481829, 0.03109070286154747, -0.12431522458791733, 0.0955427959561348, -0.009620790369808674]","[-0.00023377305478788912, 0.007536288816481829, 0.03109070286154747, -0.12431522458791733, 0.0955427959561348, -0.009620790369808674]",-1,1,False,"['A', 'E']","['B', 'D']"
5a84dd955542997b5ce3ff79::working_set_pack_b,5a84dd955542997b5ce3ff79,"['A', 'B', 'C', 'D', 'E', 'F']","[0, 1, 0, 1, 0, 0]","[0.030896039679646492, 0.002084685256704688, -0.07127299159765244, 0.11103274673223495, -0.10293027013540268, 0.0301897581666708]","[-0.030896039679646492, -0.002084685256704688, 0.07127299159765244, -0.11103274673223495, 0.10293027013540268, -0.0301897581666708]","[-0.030896039679646492, -0.002084685256704688, 0.07127299159765244, -0.11103274673223495, 0.10293027013540268, -0.0301897581666708]",-1,1,False,"['A', 'E']","['B', 'D']"
5a84dd955542997b5ce3ff79::active_set_pack_b,5a84dd955542997b5ce3ff79,"['A', 'B', 'C', 'D', 'E', 'F']","[0, 1, 0, 1, 0, 0]","[-0.05060717463493347, -0.021379869431257248, -0.04536524787545204, 0.1656413972377777, -0.03804774954915047, -0.010241354815661907]","[0.05060717463493347, 0.021379869431257248, 0.04536524787545204, -0.1656413972377777, 0.03804774954915047, 0.010241354815661907]","[0.05060717463493347, 0.021379869431257248, 0.04536524787545204, -0.1656413972377777, 0.03804774954915047, 0.010241354815661907]",-1,1,False,"['A', 'E']","['B', 'D']"
5a7d0db955429909bec76924::working_set_pack_a,5a7d0db955429909bec76924,"['A', 'B', 'C', 'D', 'E', 'F']","[0, 0, 0, 0, 1, 1]","[-0.23621921241283417, -0.200821191072464, -0.21324409544467926, -0.21467311680316925, 1.026928186416626, -0.1619706004858017]","[-0.23621921241283417, -0.200821191072464, -0.21324409544467926, -0.21467311680316925, 1.026928186416626, -0.1619706004858017]","[0.23621921241283417, 0.200821191072464, 0.21324409544467926, 0.21467311680316925, -1.026928186416626, 0.1619706004858017]",-1,-1,False,"['C', 'E']","['E', 'F']"
5a7d0db955429909bec76924::active_set_pack_a,5a7d0db955429909bec76924,"['A', 'B', 'C', 'D', 'E', 'F']","[0, 0, 0, 0, 1, 1]","[-0.2086813598871231, -0.17591728270053864, -0.19389258325099945, -0.18874849379062653, 0.8948635458946228, -0.12762384116649628]","[-0.2086813598871231, -0.17591728270053864, -0.19389258325099945, -0.18874849379062653, 0.8948635458946228, -0.12762384116649628]","[0.2086813598871231, 0.17591728270053864, 0.19389258325099945, 0.18874849379062653, -0.8948635458946228, 0.12762384116649628]",-1,-1,False,"['C', 'E']","['E', 'F']"
5a7d0db955429909bec76924::working_set_pack_b,5a7d0db955429909bec76924,"['A', 'B', 'C', 'D', 'E', 'F']","[0, 0, 0, 0, 1, 1]","[-0.2793787121772766, -0.24501819908618927, -0.2585654556751251, -0.2585809826850891, 1.230774998664856, -0.18923167884349823]","[-0.2793787121772766, -0.24501819908618927, -0.2585654556751251, -0.2585809826850891, 1.230774998664856, -0.18923167884349823]","[0.2793787121772766, 0.24501819908618927, 0.2585654556751251, 0.2585809826850891, -1.230774998664856, 0.18923167884349823]",-1,-1,False,"['C', 'E']","['E', 'F']"
5a7d0db955429909bec76924::active_set_pack_b,5a7d0db955429909bec76924,"['A', 'B', 'C', 'D', 'E', 'F']","[0, 0, 0, 0, 1, 1]","[-0.197509303689003, -0.16131913661956787, -0.2179448902606964, -0.17152708768844604, 0.8626421689987183, -0.1143418475985527]","[-0.197509303689003, -0.16131913661956787, -0.2179448902606964, -0.17152708768844604, 0.8626421689987183, -0.1143418475985527]","[0.197509303689003, 0.16131913661956787, 0.2179448902606964, 0.17152708768844604, -0.8626421689987183, 0.1143418475985527]",-1,-1,False,"['C', 'E']","['E', 'F']"
5abd90545542996e802b47d7::working_set_pack_a,5abd90545542996e802b47d7,"['A', 'B', 'C', 'D', 'E', 'F']","[0, 0, 0, 1, 0, 1]","[-0.19475941359996796, 0.028761684894561768, 0.02070646546781063, 0.05816935747861862, 0.06495869904756546, 0.02216312289237976]","[0.19475941359996796, -0.028761684894561768, -0.02070646546781063, -0.05816935747861862, -0.06495869904756546, -0.02216312289237976]","[-0.19475941359996796, 0.028761684894561768, 0.02070646546781063, 0.05816935747861862, 0.06495869904756546, 0.02216312289237976]",1,-1,False,"['A', 'F']","['D', 'F']"
5abd90545542996e802b47d7::active_set_pack_a,5abd90545542996e802b47d7,"['A', 'B', 'C', 'D', 'E', 'F']","[0, 0, 0, 1, 0, 1]","[-0.19125676155090332, 0.014444690197706223, 0.013078982941806316, 0.07777272909879684, 0.07812608778476715, 0.007834264077246189]","[0.19125676155090332, -0.014444690197706223, -0.013078982941806316, -0.07777272909879684, -0.07812608778476715, -0.007834264077246189]","[-0.19125676155090332, 0.014444690197706223, 0.013078982941806316, 0.07777272909879684, 0.07812608778476715, 0.007834264077246189]",1,-1,False,"['A', 'F']","['D', 'F']"
5abd90545542996e802b47d7::working_set_pack_b,5abd90545542996e802b47d7,"['A', 'B', 'C', 'D', 'E', 'F']","[0, 0, 0, 1, 0, 1]","[-0.2133127599954605, 0.009914296679198742, 0.01783849112689495, 0.07761431485414505, 0.06455983221530914, 0.0433858260512352]","[0.2133127599954605, -0.009914296679198742, -0.01783849112689495, -0.07761431485414505, -0.06455983221530914, -0.0433858260512352]","[-0.2133127599954605, 0.009914296679198742, 0.01783849112689495, 0.07761431485414505, 0.06455983221530914, 0.0433858260512352]",1,-1,False,"['A', 'F']","['D', 'F']"
5abd90545542996e802b47d7::active_set_pack_b,5abd90545542996e802b47d7,"['A', 'B', 'C', 'D', 'E', 'F']","[0, 0, 0, 1, 0, 1]","[0.07233865559101105, 0.008907073177397251, 0.011549646034836769, 0.01882818341255188, -0.20129552483558655, 0.08967196196317673]","[0.07233865559101105, 0.008907073177397251, 0.011549646034836769, 0.01882818341255188, -0.20129552483558655, 0.08967196196317673]","[0.07233865559101105, 0.008907073177397251, 0.011549646034836769, 0.01882818341255188, -0.20129552483558655, 0.08967196196317673]",1,1,False,"['A', 'F']","['D', 'F']"
5a7722d655429966f1a36c99::working_set_pack_a,5a7722d655429966f1a36c99,"['A', 'B', 'C', 'D', 'E', 'F']","[1, 0, 0, 0, 1, 0]","[-0.08072233945131302, -0.06220269203186035, -0.0027876959647983313, -0.06541328132152557, 0.27317482233047485, -0.06204875186085701]","[0.08072233945131302, 0.06220269203186035, 0.0027876959647983313, 0.06541328132152557, -0.27317482233047485, 0.06204875186085701]","[-0.08072233945131302, -0.06220269203186035, -0.0027876959647983313, -0.06541328132152557, 0.27317482233047485, -0.06204875186085701]",1,-1,False,"['A', 'F']","['A', 'E']"
5a7722d655429966f1a36c99::active_set_pack_a,5a7722d655429966f1a36c99,"['A', 'B', 'C', 'D', 'E', 'F']","[1, 0, 0, 0, 1, 0]","[-0.089744433760643, -0.07853475213050842, -0.04108506813645363, -0.08414867520332336, 0.37662795186042786, -0.08311491459608078]","[0.089744433760643, 0.07853475213050842, 0.04108506813645363, 0.08414867520332336, -0.37662795186042786, 0.08311491459608078]","[-0.089744433760643, -0.07853475213050842, -0.04108506813645363, -0.08414867520332336, 0.37662795186042786, -0.08311491459608078]",1,-1,False,"['A', 'F']","['A', 'E']"
5a7722d655429966f1a36c99::working_set_pack_b,5a7722d655429966f1a36c99,"['A', 'B', 'C', 'D', 'E', 'F']","[1, 0, 0, 0, 1, 0]","[-0.16658622026443481, -0.0464465394616127, 0.032130587846040726, -0.018188700079917908, 0.22550027072429657, -0.026409439742565155]","[-0.16658622026443481, -0.0464465394616127, 0.032130587846040726, -0.018188700079917908, 0.22550027072429657, -0.026409439742565155]","[-0.16658622026443481, -0.0464465394616127, 0.032130587846040726, -0.018188700079917908, 0.22550027072429657, -0.026409439742565155]",1,1,True,"['A', 'E']","['A', 'E']"
5a7722d655429966f1a36c99::active_set_pack_b,5a7722d655429966f1a36c99,"['A', 'B', 'C', 'D', 'E', 'F']","[1, 0, 0, 0, 1, 0]","[-0.058206796646118164, -0.059995606541633606, 0.012863559648394585, -0.07018699496984482, 0.24350781738758087, -0.06798186153173447]","[0.058206796646118164, 0.059995606541633606, -0.012863559648394585, 0.07018699496984482, -0.24350781738758087, 0.06798186153173447]","[-0.058206796646118164, -0.059995606541633606, 0.012863559648394585, -0.07018699496984482, 0.24350781738758087, -0.06798186153173447]",1,-1,False,"['A', 'F']","['A', 'E']"
5ade025e5542997dc790711e::working_set_pack_a,5ade025e5542997dc790711e,"['A', 'B', 'C', 'D', 'E', 'F']","[0, 0, 1, 0, 0, 1]","[-0.10605921596288681, -0.08282432705163956, 0.4239489734172821, -0.0594276525080204, -0.12007305771112442, -0.0555647574365139]","[-0.10605921596288681, -0.08282432705163956, 0.4239489734172821, -0.0594276525080204, -0.12007305771112442, -0.0555647574365139]","[-0.10605921596288681, -0.08282432705163956, 0.4239489734172821, -0.0594276525080204, -0.12007305771112442, -0.0555647574365139]",1,1,False,"['C', 'D']","['C', 'F']"
5ade025e5542997dc790711e::active_set_pack_a,5ade025e5542997dc790711e,"['A', 'B', 'C', 'D', 'E', 'F']","[0, 0, 1, 0, 0, 1]","[-0.1242150142788887, -0.10657204687595367, 0.5345271825790405, -0.08829250931739807, -0.13453887403011322, -0.08090873807668686]","[-0.1242150142788887, -0.10657204687595367, 0.5345271825790405, -0.08829250931739807, -0.13453887403011322, -0.08090873807668686]","[0.1242150142788887, 0.10657204687595367, -0.5345271825790405, 0.08829250931739807, 0.13453887403011322, 0.08090873807668686]",-1,-1,False,"['C', 'D']","['C', 'F']"
5ade025e5542997dc790711e::working_set_pack_b,5ade025e5542997dc790711e,"['A', 'B', 'C', 'D', 'E', 'F']","[0, 0, 1, 0, 0, 1]","[-0.14694331586360931, -0.12825463712215424, 0.6367418169975281, -0.10213666409254074, -0.15180757641792297, -0.10759954154491425]","[-0.14694331586360931, -0.12825463712215424, 0.6367418169975281, -0.10213666409254074, -0.15180757641792297, -0.10759954154491425]","[0.14694331586360931, 0.12825463712215424, -0.6367418169975281, 0.10213666409254074, 0.15180757641792297, 0.10759954154491425]",-1,-1,False,"['C', 'D']","['C', 'F']"
5ade025e5542997dc790711e::active_set_pack_b,5ade025e5542997dc790711e,"['A', 'B', 'C', 'D', 'E', 'F']","[0, 0, 1, 0, 0, 1]","[-0.13277584314346313, -0.10485439002513885, 0.5362688302993774, -0.07809017598628998, -0.1349395513534546, -0.08560887724161148]","[-0.13277584314346313, -0.10485439002513885, 0.5362688302993774, -0.07809017598628998, -0.1349395513534546, -0.08560887724161148]","[-0.13277584314346313, -0.10485439002513885, 0.5362688302993774, -0.07809017598628998, -0.1349395513534546, -0.08560887724161148]",1,1,False,"['C', 'D']","['C', 'F']"
5ab381b155429969a97a816b::working_set_pack_a,5ab381b155429969a97a816b,"['A', 'B', 'C', 'D', 'E', 'F']","[0, 0, 0, 0, 1, 1]","[-0.1505190134048462, -0.0860062763094902, 0.019121836870908737, -0.10593776404857635, 0.0044205691665410995, 0.31892064213752747]","[0.1505190134048462, 0.0860062763094902, -0.019121836870908737, 0.10593776404857635, -0.0044205691665410995, -0.31892064213752747]","[-0.1505190134048462, -0.0860062763094902, 0.019121836870908737, -0.10593776404857635, 0.0044205691665410995, 0.31892064213752747]",1,-1,False,"['A', 'E']","['E', 'F']"
5ab381b155429969a97a816b::active_set_pack_a,5ab381b155429969a97a816b,"['A', 'B', 'C', 'D', 'E', 'F']","[0, 0, 0, 0, 1, 1]","[-0.14816983044147491, -0.08316623419523239, 0.03318927064538002, -0.10672169178724289, -0.0014729719841852784, 0.3063414394855499]","[0.14816983044147491, 0.08316623419523239, -0.03318927064538002, 0.10672169178724289, 0.0014729719841852784, -0.3063414394855499]","[-0.14816983044147491, -0.08316623419523239, 0.03318927064538002, -0.10672169178724289, -0.0014729719841852784, 0.3063414394855499]",1,-1,False,"['A', 'E']","['E', 'F']"
5ab381b155429969a97a816b::working_set_pack_b,5ab381b155429969a97a816b,"['A', 'B', 'C', 'D', 'E', 'F']","[0, 0, 0, 0, 1, 1]","[-0.20882132649421692, -0.11656955629587173, 0.038542311638593674, -0.1365172415971756, 0.031415436416864395, 0.3919503390789032]","[-0.20882132649421692, -0.11656955629587173, 0.038542311638593674, -0.1365172415971756, 0.031415436416864395, 0.3919503390789032]","[-0.20882132649421692, -0.11656955629587173, 0.038542311638593674, -0.1365172415971756, 0.031415436416864395, 0.3919503390789032]",1,1,False,"['C', 'F']","['E', 'F']"
5ab381b155429969a97a816b::active_set_pack_b,5ab381b155429969a97a816b,"['A', 'B', 'C', 'D', 'E', 'F']","[0, 0, 0, 0, 1, 1]","[-0.2165726274251938, -0.08945384621620178, 0.036564819514751434, -0.12067272514104843, 0.04068250209093094, 0.34945186972618103]","[0.2165726274251938, 0.08945384621620178, -0.036564819514751434, 0.12067272514104843, -0.04068250209093094, -0.34945186972618103]","[-0.2165726274251938, -0.08945384621620178, 0.036564819514751434, -0.12067272514104843, 0.04068250209093094, 0.34945186972618103]",1,-1,False,"['A', 'E']","['E', 'F']"
5ac2a5d455429921a00ab01b::working_set_pack_a,5ac2a5d455429921a00ab01b,"['A', 'B', 'C', 'D', 'E', 'F']","[0, 1, 0, 0, 1, 0]","[-0.032584741711616516, -0.014021054841578007, -0.0654151663184166, 0.007579165976494551, 0.14675340056419373, -0.04231160134077072]","[-0.032584741711616516, -0.014021054841578007, -0.0654151663184166, 0.007579165976494551, 0.14675340056419373, -0.04231160134077072]","[-0.032584741711616516, -0.014021054841578007, -0.0654151663184166, 0.007579165976494551, 0.14675340056419373, -0.04231160134077072]",1,1,False,"['A', 'E']","['B', 'E']"
5ac2a5d455429921a00ab01b::active_set_pack_a,5ac2a5d455429921a00ab01b,"['A', 'B', 'C', 'D', 'E', 'F']","[0, 1, 0, 0, 1, 0]","[-0.043777208775281906, -0.025650879368185997, -0.04404674470424652, -0.015810582786798477, 0.1851515918970108, -0.05586623400449753]","[-0.043777208775281906, -0.025650879368185997, -0.04404674470424652, -0.015810582786798477, 0.1851515918970108, -0.05586623400449753]","[-0.043777208775281906, -0.025650879368185997, -0.04404674470424652, -0.015810582786798477, 0.1851515918970108, -0.05586623400449753]",1,1,False,"['A', 'E']","['B', 'E']"
5ac2a5d455429921a00ab01b::working_set_pack_b,5ac2a5d455429921a00ab01b,"['A', 'B', 'C', 'D', 'E', 'F']","[0, 1, 0, 0, 1, 0]","[0.03112644888460636, 0.02156256139278412, -0.21932534873485565, 0.06332774460315704, 0.02228408306837082, 0.08102444559335709]","[0.03112644888460636, 0.02156256139278412, -0.21932534873485565, 0.06332774460315704, 0.02228408306837082, 0.08102444559335709]","[0.03112644888460636, 0.02156256139278412, -0.21932534873485565, 0.06332774460315704, 0.02228408306837082, 0.08102444559335709]",1,1,True,"['B', 'E']","['B', 'E']"
5ac2a5d455429921a00ab01b::active_set_pack_b,5ac2a5d455429921a00ab01b,"['A', 'B', 'C', 'D', 'E', 'F']","[0, 1, 0, 0, 1, 0]","[0.01793018728494644, -8.408665598835796e-05, -0.18720103800296783, 0.08808805793523788, 0.02174069732427597, 0.0595262236893177]","[0.01793018728494644, -8.408665598835796e-05, -0.18720103800296783, 0.08808805793523788, 0.02174069732427597, 0.0595262236893177]","[0.01793018728494644, -8.408665598835796e-05, -0.18720103800296783, 0.08808805793523788, 0.02174069732427597, 0.0595262236893177]",1,1,False,"['A', 'E']","['B', 'E']"
5adc1309554299438c868d3b::working_set_pack_a,5adc1309554299438c868d3b,"['A', 'B', 'C', 'D', 'E', 'F']","[0, 0, 0, 1, 0, 1]","[-0.05502237007021904, -0.06227082386612892, -0.07117626070976257, 0.24956563115119934, -0.05425073578953743, -0.006845421623438597]","[-0.05502237007021904, -0.06227082386612892, -0.07117626070976257, 0.24956563115119934, -0.05425073578953743, -0.006845421623438597]","[-0.05502237007021904, -0.06227082386612892, -0.07117626070976257, 0.24956563115119934, -0.05425073578953743, -0.006845421623438597]",1,1,False,"['A', 'D']","['D', 'F']"
5adc1309554299438c868d3b::active_set_pack_a,5adc1309554299438c868d3b,"['A', 'B', 'C', 'D', 'E', 'F']","[0, 0, 0, 1, 0, 1]","[-0.06311067938804626, -0.06890682131052017, -0.07856694608926773, 0.2661181688308716, -0.06224061921238899, 0.006706997752189636]","[-0.06311067938804626, -0.06890682131052017, -0.07856694608926773, 0.2661181688308716, -0.06224061921238899, 0.006706997752189636]","[-0.06311067938804626, -0.06890682131052017, -0.07856694608926773, 0.2661181688308716, -0.06224061921238899, 0.006706997752189636]",1,1,False,"['A', 'D']","['D', 'F']"
5adc1309554299438c868d3b::working_set_pack_b,5adc1309554299438c868d3b,"['A', 'B', 'C', 'D', 'E', 'F']","[0, 0, 0, 1, 0, 1]","[-0.05615774542093277, -0.07493383437395096, -0.07910126447677612, 0.30680084228515625, -0.06279861181974411, -0.0338093638420105]","[-0.05615774542093277, -0.07493383437395096, -0.07910126447677612, 0.30680084228515625, -0.06279861181974411, -0.0338093638420105]","[-0.05615774542093277, -0.07493383437395096, -0.07910126447677612, 0.30680084228515625, -0.06279861181974411, -0.0338093638420105]",1,1,False,"['A', 'D']","['D', 'F']"
5adc1309554299438c868d3b::active_set_pack_b,5adc1309554299438c868d3b,"['A', 'B', 'C', 'D', 'E', 'F']","[0, 0, 0, 1, 0, 1]","[-0.07778948545455933, -0.08726591616868973, -0.08742174506187439, 0.3237833082675934, -0.07808706909418106, 0.006780911702662706]","[-0.07778948545455933, -0.08726591616868973, -0.08742174506187439, 0.3237833082675934, -0.07808706909418106, 0.006780911702662706]","[-0.07778948545455933, -0.08726591616868973, -0.08742174506187439, 0.3237833082675934, -0.07808706909418106, 0.006780911702662706]",1,1,False,"['A', 'D']","['D', 'F']"
5a83168855429966c78a6b2e::working_set_pack_a,5a83168855429966c78a6b2e,"['A', 'B', 'C', 'D', 'E', 'F']","[0, 0, 0, 1, 1, 0]","[-0.06702540814876556, -0.0941329225897789, 0.15922753512859344, 0.04587751626968384, -0.0009362406563013792, -0.04301048070192337]","[0.06702540814876556, 0.0941329225897789, -0.15922753512859344, -0.04587751626968384, 0.0009362406563013792, 0.04301048070192337]","[0.06702540814876556, 0.0941329225897789, -0.15922753512859344, -0.04587751626968384, 0.0009362406563013792, 0.04301048070192337]",-1,1,False,"['A', 'E']","['D', 'E']"
5a83168855429966c78a6b2e::active_set_pack_a,5a83168855429966c78a6b2e,"['A', 'B', 'C', 'D', 'E', 'F']","[0, 0, 0, 1, 1, 0]","[-0.0812285915017128, -0.13111817836761475, 0.19534039497375488, 0.12142857164144516, -0.0288762878626585, -0.07554594427347183]","[0.0812285915017128, 0.13111817836761475, -0.19534039497375488, -0.12142857164144516, 0.0288762878626585, 0.07554594427347183]","[-0.0812285915017128, -0.13111817836761475, 0.19534039497375488, 0.12142857164144516, -0.0288762878626585, -0.07554594427347183]",1,-1,False,"['A', 'E']","['D', 'E']"
5a83168855429966c78a6b2e::working_set_pack_b,5a83168855429966c78a6b2e,"['A', 'B', 'C', 'D', 'E', 'F']","[0, 0, 0, 1, 1, 0]","[-0.09499983489513397, -0.15847492218017578, 0.34098151326179504, 0.04112635552883148, -0.01591445319354534, -0.11271853744983673]","[0.09499983489513397, 0.15847492218017578, -0.34098151326179504, -0.04112635552883148, 0.01591445319354534, 0.11271853744983673]","[0.09499983489513397, 0.15847492218017578, -0.34098151326179504, -0.04112635552883148, 0.01591445319354534, 0.11271853744983673]",-1,1,False,"['A', 'E']","['D', 'E']"
5a83168855429966c78a6b2e::active_set_pack_b,5a83168855429966c78a6b2e,"['A', 'B', 'C', 'D', 'E', 'F']","[0, 0, 0, 1, 1, 0]","[-0.10171476751565933, -0.14679566025733948, 0.2979271113872528, 0.07868732511997223, -0.034878361970186234, -0.09322556853294373]","[0.10171476751565933, 0.14679566025733948, -0.2979271113872528, -0.07868732511997223, 0.034878361970186234, 0.09322556853294373]","[0.10171476751565933, 0.14679566025733948, -0.2979271113872528, -0.07868732511997223, 0.034878361970186234, 0.09322556853294373]",-1,1,False,"['A', 'E']","['D', 'E']"
5ab345db55429969a97a8122::working_set_pack_a,5ab345db55429969a97a8122,"['A', 'B', 'C', 'D', 'E', 'F']","[0, 1, 1, 0, 0, 0]","[0.02499353513121605, 0.04980345070362091, 0.042779501527547836, 0.037753570824861526, -0.21780464053153992, 0.06247458606958389]","[-0.02499353513121605, -0.04980345070362091, -0.042779501527547836, -0.037753570824861526, 0.21780464053153992, -0.06247458606958389]","[0.02499353513121605, 0.04980345070362091, 0.042779501527547836, 0.037753570824861526, -0.21780464053153992, 0.06247458606958389]",1,-1,False,"['A', 'E']","['B', 'C']"
5ab345db55429969a97a8122::active_set_pack_a,5ab345db55429969a97a8122,"['A', 'B', 'C', 'D', 'E', 'F']","[0, 1, 1, 0, 0, 0]","[0.02382039837539196, 0.051773373037576675, 0.051136620342731476, 0.03139302507042885, -0.22877982258796692, 0.0706564262509346]","[-0.02382039837539196, -0.051773373037576675, -0.051136620342731476, -0.03139302507042885, 0.22877982258796692, -0.0706564262509346]","[0.02382039837539196, 0.051773373037576675, 0.051136620342731476, 0.03139302507042885, -0.22877982258796692, 0.0706564262509346]",1,-1,False,"['A', 'E']","['B', 'C']"
5ab345db55429969a97a8122::working_set_pack_b,5ab345db55429969a97a8122,"['A', 'B', 'C', 'D', 'E', 'F']","[0, 1, 1, 0, 0, 0]","[0.021307816728949547, 0.04448515176773071, 0.056226205080747604, 0.04410197585821152, -0.2814343273639679, 0.11531312018632889]","[-0.021307816728949547, -0.04448515176773071, -0.056226205080747604, -0.04410197585821152, 0.2814343273639679, -0.11531312018632889]","[-0.021307816728949547, -0.04448515176773071, -0.056226205080747604, -0.04410197585821152, 0.2814343273639679, -0.11531312018632889]",-1,1,False,"['A', 'E']","['B', 'C']"
5ab345db55429969a97a8122::active_set_pack_b,5ab345db55429969a97a8122,"['A', 'B', 'C', 'D', 'E', 'F']","[0, 1, 1, 0, 0, 0]","[0.042921729385852814, 0.06849924474954605, 0.07222243398427963, 0.05773220211267471, -0.328588604927063, 0.08721302449703217]","[-0.042921729385852814, -0.06849924474954605, -0.07222243398427963, -0.05773220211267471, 0.328588604927063, -0.08721302449703217]","[0.042921729385852814, 0.06849924474954605, 0.07222243398427963, 0.05773220211267471, -0.328588604927063, 0.08721302449703217]",1,-1,False,"['A', 'E']","['B', 'C']"
5adf732a5542993a75d264e9::working_set_pack_a,5adf732a5542993a75d264e9,"['A', 'B', 'C', 'D', 'E', 'F']","[1, 1, 0, 0, 0, 0]","[0.03062601387500763, 0.023032642900943756, 0.04108138754963875, -0.17754164338111877, 0.05281858891248703, 0.02998301014304161]","[0.03062601387500763, 0.023032642900943756, 0.04108138754963875, -0.17754164338111877, 0.05281858891248703, 0.02998301014304161]","[0.03062601387500763, 0.023032642900943756, 0.04108138754963875, -0.17754164338111877, 0.05281858891248703, 0.02998301014304161]",1,1,True,"['A', 'B']","['A', 'B']"
5adf732a5542993a75d264e9::active_set_pack_a,5adf732a5542993a75d264e9,"['A', 'B', 'C', 'D', 'E', 'F']","[1, 1, 0, 0, 0, 0]","[-0.020562607795000076, 0.17820946872234344, -0.05486267805099487, -0.014566312544047832, -0.041613537818193436, -0.04660435765981674]","[-0.020562607795000076, 0.17820946872234344, -0.05486267805099487, -0.014566312544047832, -0.041613537818193436, -0.04660435765981674]","[-0.020562607795000076, 0.17820946872234344, -0.05486267805099487, -0.014566312544047832, -0.041613537818193436, -0.04660435765981674]",1,1,True,"['A', 'B']","['A', 'B']"
5adf732a5542993a75d264e9::working_set_pack_b,5adf732a5542993a75d264e9,"['A', 'B', 'C', 'D', 'E', 'F']","[1, 1, 0, 0, 0, 0]","[-0.06803864985704422, 0.33797019720077515, -0.08618390560150146, -0.013506808318197727, -0.08492769300937653, -0.08531318604946136]","[-0.06803864985704422, 0.33797019720077515, -0.08618390560150146, -0.013506808318197727, -0.08492769300937653, -0.08531318604946136]","[-0.06803864985704422, 0.33797019720077515, -0.08618390560150146, -0.013506808318197727, -0.08492769300937653, -0.08531318604946136]",1,1,False,"['B', 'D']","['A', 'B']"
5adf732a5542993a75d264e9::active_set_pack_b,5adf732a5542993a75d264e9,"['A', 'B', 'C', 'D', 'E', 'F']","[1, 1, 0, 0, 0, 0]","[-0.0025277952663600445, 0.20807376503944397, -0.06501539051532745, -0.0206711757928133, -0.05858157202601433, -0.06127791851758957]","[-0.0025277952663600445, 0.20807376503944397, -0.06501539051532745, -0.0206711757928133, -0.05858157202601433, -0.06127791851758957]","[-0.0025277952663600445, 0.20807376503944397, -0.06501539051532745, -0.0206711757928133, -0.05858157202601433, -0.06127791851758957]",1,1,True,"['A', 'B']","['A', 'B']"
5a7272eb5542997f827839d7::working_set_pack_a,5a7272eb5542997f827839d7,"['A', 'B', 'C', 'D', 'E', 'F']","[0, 0, 0, 0, 1, 1]","[-0.12091091275215149, -0.0969652533531189, -0.10396112501621246, 0.0787469819188118, -0.07554662972688675, 0.3186369836330414]","[-0.12091091275215149, -0.0969652533531189, -0.10396112501621246, 0.0787469819188118, -0.07554662972688675, 0.3186369836330414]","[-0.12091091275215149, -0.0969652533531189, -0.10396112501621246, 0.0787469819188118, -0.07554662972688675, 0.3186369836330414]",1,1,False,"['A', 'F']","['E', 'F']"
5a7272eb5542997f827839d7::active_set_pack_a,5a7272eb5542997f827839d7,"['A', 'B', 'C', 'D', 'E', 'F']","[0, 0, 0, 0, 1, 1]","[-0.11355221271514893, -0.09474270790815353, -0.10048382729291916, 0.049220893532037735, -0.07462594658136368, 0.3341839909553528]","[-0.11355221271514893, -0.09474270790815353, -0.10048382729291916, 0.049220893532037735, -0.07462594658136368, 0.3341839909553528]","[-0.11355221271514893, -0.09474270790815353, -0.10048382729291916, 0.049220893532037735, -0.07462594658136368, 0.3341839909553528]",1,1,False,"['A', 'F']","['E', 'F']"
5a7272eb5542997f827839d7::working_set_pack_b,5a7272eb5542997f827839d7,"['A', 'B', 'C', 'D', 'E', 'F']","[0, 0, 0, 0, 1, 1]","[-0.14392095804214478, -0.1070442795753479, -0.13381752371788025, 0.11293728649616241, -0.10398747771978378, 0.3758328855037689]","[-0.14392095804214478, -0.1070442795753479, -0.13381752371788025, 0.11293728649616241, -0.10398747771978378, 0.3758328855037689]","[-0.14392095804214478, -0.1070442795753479, -0.13381752371788025, 0.11293728649616241, -0.10398747771978378, 0.3758328855037689]",1,1,False,"['A', 'F']","['E', 'F']"
5a7272eb5542997f827839d7::active_set_pack_b,5a7272eb5542997f827839d7,"['A', 'B', 'C', 'D', 'E', 'F']","[0, 0, 0, 0, 1, 1]","[-0.14686642587184906, -0.08276727050542831, -0.08376425504684448, 0.044509708881378174, -0.052086543291807175, 0.320974737405777]","[-0.14686642587184906, -0.08276727050542831, -0.08376425504684448, 0.044509708881378174, -0.052086543291807175, 0.320974737405777]","[-0.14686642587184906, -0.08276727050542831, -0.08376425504684448, 0.044509708881378174, -0.052086543291807175, 0.320974737405777]",1,1,False,"['A', 'F']","['E', 'F']"
5ac2c3545542990b17b1548b::working_set_pack_a,5ac2c3545542990b17b1548b,"['A', 'B', 'C', 'D', 'E', 'F']","[1, 0, 0, 1, 0, 0]","[0.061914123594760895, 0.06524217873811722, 0.059053704142570496, 0.10165576636791229, -0.31315878033638, 0.025292981415987015]","[0.061914123594760895, 0.06524217873811722, 0.059053704142570496, 0.10165576636791229, -0.31315878033638, 0.025292981415987015]","[0.061914123594760895, 0.06524217873811722, 0.059053704142570496, 0.10165576636791229, -0.31315878033638, 0.025292981415987015]",1,1,True,"['A', 'D']","['A', 'D']"
5ac2c3545542990b17b1548b::active_set_pack_a,5ac2c3545542990b17b1548b,"['A', 'B', 'C', 'D', 'E', 'F']","[1, 0, 0, 1, 0, 0]","[0.06100672483444214, 0.061864230781793594, 0.056748006492853165, 0.08696383982896805, -0.2880643606185913, 0.021481595933437347]","[0.06100672483444214, 0.061864230781793594, 0.056748006492853165, 0.08696383982896805, -0.2880643606185913, 0.021481595933437347]","[0.06100672483444214, 0.061864230781793594, 0.056748006492853165, 0.08696383982896805, -0.2880643606185913, 0.021481595933437347]",1,1,True,"['A', 'D']","['A', 'D']"
5ac2c3545542990b17b1548b::working_set_pack_b,5ac2c3545542990b17b1548b,"['A', 'B', 'C', 'D', 'E', 'F']","[1, 0, 0, 1, 0, 0]","[0.07410632818937302, 0.07748773694038391, 0.0766974613070488, 0.08754682540893555, -0.36957693099975586, 0.0537385419011116]","[0.07410632818937302, 0.07748773694038391, 0.0766974613070488, 0.08754682540893555, -0.36957693099975586, 0.0537385419011116]","[0.07410632818937302, 0.07748773694038391, 0.0766974613070488, 0.08754682540893555, -0.36957693099975586, 0.0537385419011116]",1,1,True,"['A', 'D']","['A', 'D']"
5ac2c3545542990b17b1548b::active_set_pack_b,5ac2c3545542990b17b1548b,"['A', 'B', 'C', 'D', 'E', 'F']","[1, 0, 0, 1, 0, 0]","[0.06942492723464966, 0.07657771557569504, 0.06871433556079865, 0.08285832405090332, -0.342478483915329, 0.04490318149328232]","[0.06942492723464966, 0.07657771557569504, 0.06871433556079865, 0.08285832405090332, -0.342478483915329, 0.04490318149328232]","[0.06942492723464966, 0.07657771557569504, 0.06871433556079865, 0.08285832405090332, -0.342478483915329, 0.04490318149328232]",1,1,True,"['A', 'D']","['A', 'D']"
5a76a401554299373536012b::working_set_pack_a,5a76a401554299373536012b,"['A', 'B', 'C', 'D', 'E', 'F']","[0, 1, 1, 0, 0, 0]","[0.11824796348810196, 0.0993884950876236, 0.08945544809103012, 0.093388631939888, -0.4918542802333832, 0.09137365221977234]","[0.11824796348810196, 0.0993884950876236, 0.08945544809103012, 0.093388631939888, -0.4918542802333832, 0.09137365221977234]","[-0.11824796348810196, -0.0993884950876236, -0.08945544809103012, -0.093388631939888, 0.4918542802333832, -0.09137365221977234]",-1,-1,False,"['A', 'C']","['B', 'C']"
5a76a401554299373536012b::active_set_pack_a,5a76a401554299373536012b,"['A', 'B', 'C', 'D', 'E', 'F']","[0, 1, 1, 0, 0, 0]","[0.10476996749639511, 0.08258754014968872, 0.06800510734319687, 0.07022866606712341, -0.4014609158039093, 0.07586975395679474]","[0.10476996749639511, 0.08258754014968872, 0.06800510734319687, 0.07022866606712341, -0.4014609158039093, 0.07586975395679474]","[-0.10476996749639511, -0.08258754014968872, -0.06800510734319687, -0.07022866606712341, 0.4014609158039093, -0.07586975395679474]",-1,-1,False,"['A', 'C']","['B', 'C']"
5a76a401554299373536012b::working_set_pack_b,5a76a401554299373536012b,"['A', 'B', 'C', 'D', 'E', 'F']","[0, 1, 1, 0, 0, 0]","[0.10654731839895248, 0.08498620241880417, 0.06708214432001114, 0.0706581100821495, -0.4064883589744568, 0.07721459120512009]","[0.10654731839895248, 0.08498620241880417, 0.06708214432001114, 0.0706581100821495, -0.4064883589744568, 0.07721459120512009]","[0.10654731839895248, 0.08498620241880417, 0.06708214432001114, 0.0706581100821495, -0.4064883589744568, 0.07721459120512009]",1,1,False,"['A', 'C']","['B', 'C']"
5a76a401554299373536012b::active_set_pack_b,5a76a401554299373536012b,"['A', 'B', 'C', 'D', 'E', 'F']","[0, 1, 1, 0, 0, 0]","[0.11382198333740234, 0.07453181594610214, 0.06772338598966599, 0.052914805710315704, -0.3685605823993683, 0.05956874415278435]","[0.11382198333740234, 0.07453181594610214, 0.06772338598966599, 0.052914805710315704, -0.3685605823993683, 0.05956874415278435]","[0.11382198333740234, 0.07453181594610214, 0.06772338598966599, 0.052914805710315704, -0.3685605823993683, 0.05956874415278435]",1,1,False,"['A', 'C']","['B', 'C']"
5ae3918b5542994393b9e709::working_set_pack_a,5ae3918b5542994393b9e709,"['A', 'B', 'C', 'D', 'E', 'F']","[0, 0, 1, 0, 1, 0]","[-0.03735199570655823, -0.03882851451635361, 0.11250022798776627, -0.027879636734724045, 0.06828736513853073, -0.07672741264104843]","[-0.03735199570655823, -0.03882851451635361, 0.11250022798776627, -0.027879636734724045, 0.06828736513853073, -0.07672741264104843]","[0.03735199570655823, 0.03882851451635361, -0.11250022798776627, 0.027879636734724045, -0.06828736513853073, 0.07672741264104843]",-1,-1,False,"['A', 'E']","['C', 'E']"
5ae3918b5542994393b9e709::active_set_pack_a,5ae3918b5542994393b9e709,"['A', 'B', 'C', 'D', 'E', 'F']","[0, 0, 1, 0, 1, 0]","[-0.03705581650137901, -0.042609803378582, 0.12872815132141113, -0.0320444218814373, 0.06631357222795486, -0.08333171159029007]","[-0.03705581650137901, -0.042609803378582, 0.12872815132141113, -0.0320444218814373, 0.06631357222795486, -0.08333171159029007]","[0.03705581650137901, 0.042609803378582, -0.12872815132141113, 0.0320444218814373, -0.06631357222795486, 0.08333171159029007]",-1,-1,False,"['A', 'E']","['C', 'E']"
5ae3918b5542994393b9e709::working_set_pack_b,5ae3918b5542994393b9e709,"['A', 'B', 'C', 'D', 'E', 'F']","[0, 0, 1, 0, 1, 0]","[-0.03831472992897034, -0.0450727753341198, 0.12807537615299225, -0.042094841599464417, 0.08569183200597763, -0.08828478306531906]","[-0.03831472992897034, -0.0450727753341198, 0.12807537615299225, -0.042094841599464417, 0.08569183200597763, -0.08828478306531906]","[0.03831472992897034, 0.0450727753341198, -0.12807537615299225, 0.042094841599464417, -0.08569183200597763, 0.08828478306531906]",-1,-1,False,"['A', 'E']","['C', 'E']"
5ae3918b5542994393b9e709::active_set_pack_b,5ae3918b5542994393b9e709,"['A', 'B', 'C', 'D', 'E', 'F']","[0, 0, 1, 0, 1, 0]","[-0.03644055873155594, -0.05124104768037796, 0.16016608476638794, -0.03111979179084301, 0.05361068621277809, -0.09497534483671188]","[-0.03644055873155594, -0.05124104768037796, 0.16016608476638794, -0.03111979179084301, 0.05361068621277809, -0.09497534483671188]","[0.03644055873155594, 0.05124104768037796, -0.16016608476638794, 0.03111979179084301, -0.05361068621277809, 0.09497534483671188]",-1,-1,False,"['A', 'E']","['C', 'E']"
5a8efd3c55429918e830d179::working_set_pack_a,5a8efd3c55429918e830d179,"['A', 'B', 'C', 'D', 'E', 'F']","[0, 0, 0, 1, 1, 0]","[-0.1417701542377472, -0.12306208908557892, -0.11057586967945099, 0.6054506301879883, -0.06713845580816269, -0.16290415823459625]","[0.1417701542377472, 0.12306208908557892, 0.11057586967945099, -0.6054506301879883, 0.06713845580816269, 0.16290415823459625]","[-0.1417701542377472, -0.12306208908557892, -0.11057586967945099, 0.6054506301879883, -0.06713845580816269, -0.16290415823459625]",1,-1,False,"['A', 'E']","['D', 'E']"
5a8efd3c55429918e830d179::active_set_pack_a,5a8efd3c55429918e830d179,"['A', 'B', 'C', 'D', 'E', 'F']","[0, 0, 0, 1, 1, 0]","[-0.12444107979536057, -0.09980259090662003, -0.09085813164710999, 0.4926353693008423, -0.026111388579010963, -0.1514221578836441]","[0.12444107979536057, 0.09980259090662003, 0.09085813164710999, -0.4926353693008423, 0.026111388579010963, 0.1514221578836441]","[-0.12444107979536057, -0.09980259090662003, -0.09085813164710999, 0.4926353693008423, -0.026111388579010963, -0.1514221578836441]",1,-1,False,"['A', 'E']","['D', 'E']"
5a8efd3c55429918e830d179::working_set_pack_b,5a8efd3c55429918e830d179,"['A', 'B', 'C', 'D', 'E', 'F']","[0, 0, 0, 1, 1, 0]","[-0.17561858892440796, -0.16287453472614288, -0.1523779183626175, 0.673352837562561, 0.01612863317131996, -0.1986103504896164]","[0.17561858892440796, 0.16287453472614288, 0.1523779183626175, -0.673352837562561, -0.01612863317131996, 0.1986103504896164]","[-0.17561858892440796, -0.16287453472614288, -0.1523779183626175, 0.673352837562561, 0.01612863317131996, -0.1986103504896164]",1,-1,False,"['A', 'E']","['D', 'E']"
5a8efd3c55429918e830d179::active_set_pack_b,5a8efd3c55429918e830d179,"['A', 'B', 'C', 'D', 'E', 'F']","[0, 0, 0, 1, 1, 0]","[-0.13941940665245056, -0.11142019927501678, -0.10238887369632721, 0.5156058669090271, -0.021522289142012596, -0.14085505902767181]","[0.13941940665245056, 0.11142019927501678, 0.10238887369632721, -0.5156058669090271, 0.021522289142012596, 0.14085505902767181]","[-0.13941940665245056, -0.11142019927501678, -0.10238887369632721, 0.5156058669090271, -0.021522289142012596, -0.14085505902767181]",1,-1,False,"['A', 'E']","['D', 'E']"
5a8b63755542997f31a41cfe::working_set_pack_a,5a8b63755542997f31a41cfe,"['A', 'B', 'C', 'D', 'E', 'F']","[1, 0, 0, 0, 0, 1]","[0.25411245226860046, -0.027992192655801773, -0.03370321914553642, -0.08907845616340637, -0.038095712661743164, -0.06524282693862915]","[0.25411245226860046, -0.027992192655801773, -0.03370321914553642, -0.08907845616340637, -0.038095712661743164, -0.06524282693862915]","[0.25411245226860046, -0.027992192655801773, -0.03370321914553642, -0.08907845616340637, -0.038095712661743164, -0.06524282693862915]",1,1,True,"['A', 'F']","['A', 'F']"
5a8b63755542997f31a41cfe::active_set_pack_a,5a8b63755542997f31a41cfe,"['A', 'B', 'C', 'D', 'E', 'F']","[1, 0, 0, 0, 0, 1]","[0.29799002408981323, -0.028493434190750122, -0.0352359414100647, -0.09505156427621841, -0.03995213285088539, -0.09925702959299088]","[0.29799002408981323, -0.028493434190750122, -0.0352359414100647, -0.09505156427621841, -0.03995213285088539, -0.09925702959299088]","[-0.29799002408981323, 0.028493434190750122, 0.0352359414100647, 0.09505156427621841, 0.03995213285088539, 0.09925702959299088]",-1,-1,True,"['A', 'F']","['A', 'F']"
5a8b63755542997f31a41cfe::working_set_pack_b,5a8b63755542997f31a41cfe,"['A', 'B', 'C', 'D', 'E', 'F']","[1, 0, 0, 0, 0, 1]","[0.46879056096076965, -0.0713910236954689, -0.08640511333942413, -0.11336443573236465, -0.09013372659683228, -0.1074962317943573]","[0.46879056096076965, -0.0713910236954689, -0.08640511333942413, -0.11336443573236465, -0.09013372659683228, -0.1074962317943573]","[-0.46879056096076965, 0.0713910236954689, 0.08640511333942413, 0.11336443573236465, 0.09013372659683228, 0.1074962317943573]",-1,-1,True,"['A', 'F']","['A', 'F']"
5a8b63755542997f31a41cfe::active_set_pack_b,5a8b63755542997f31a41cfe,"['A', 'B', 'C', 'D', 'E', 'F']","[1, 0, 0, 0, 0, 1]","[0.22618348896503448, -0.015945836901664734, -0.030414044857025146, -0.1329111009836197, -0.021730663254857063, -0.025181807577610016]","[0.22618348896503448, -0.015945836901664734, -0.030414044857025146, -0.1329111009836197, -0.021730663254857063, -0.025181807577610016]","[0.22618348896503448, -0.015945836901664734, -0.030414044857025146, -0.1329111009836197, -0.021730663254857063, -0.025181807577610016]",1,1,True,"['A', 'F']","['A', 'F']"
5a7a02235542996c55b2dcd3::working_set_pack_a,5a7a02235542996c55b2dcd3,"['A', 'B', 'C', 'D', 'E', 'F']","[0, 1, 0, 0, 1, 0]","[-0.044282976537942886, -0.041427966207265854, -0.05668292194604874, -0.055034272372722626, 0.24601812660694122, -0.04858993738889694]","[0.044282976537942886, 0.041427966207265854, 0.05668292194604874, 0.055034272372722626, -0.24601812660694122, 0.04858993738889694]","[0.044282976537942886, 0.041427966207265854, 0.05668292194604874, 0.055034272372722626, -0.24601812660694122, 0.04858993738889694]",-1,1,False,"['A', 'B']","['B', 'E']"
5a7a02235542996c55b2dcd3::active_set_pack_a,5a7a02235542996c55b2dcd3,"['A', 'B', 'C', 'D', 'E', 'F']","[0, 1, 0, 0, 1, 0]","[-0.04835851117968559, -0.03966538980603218, -0.0628947988152504, -0.06867559254169464, 0.2726117968559265, -0.053017470985651016]","[0.04835851117968559, 0.03966538980603218, 0.0628947988152504, 0.06867559254169464, -0.2726117968559265, 0.053017470985651016]","[-0.04835851117968559, -0.03966538980603218, -0.0628947988152504, -0.06867559254169464, 0.2726117968559265, -0.053017470985651016]",1,-1,False,"['A', 'B']","['B', 'E']"
5a7a02235542996c55b2dcd3::working_set_pack_b,5a7a02235542996c55b2dcd3,"['A', 'B', 'C', 'D', 'E', 'F']","[0, 1, 0, 0, 1, 0]","[-0.043547336012125015, -0.025164490565657616, -0.05991038680076599, -0.08164700865745544, 0.2629639208316803, -0.05269460380077362]","[0.043547336012125015, 0.025164490565657616, 0.05991038680076599, 0.08164700865745544, -0.2629639208316803, 0.05269460380077362]","[-0.043547336012125015, -0.025164490565657616, -0.05991038680076599, -0.08164700865745544, 0.2629639208316803, -0.05269460380077362]",1,-1,False,"['A', 'B']","['B', 'E']"
5a7a02235542996c55b2dcd3::active_set_pack_b,5a7a02235542996c55b2dcd3,"['A', 'B', 'C', 'D', 'E', 'F']","[0, 1, 0, 0, 1, 0]","[-0.05432764068245888, -0.047341857105493546, -0.0746205523610115, -0.07371416687965393, 0.30998775362968445, -0.059983547776937485]","[0.05432764068245888, 0.047341857105493546, 0.0746205523610115, 0.07371416687965393, -0.30998775362968445, 0.059983547776937485]","[0.05432764068245888, 0.047341857105493546, 0.0746205523610115, 0.07371416687965393, -0.30998775362968445, 0.059983547776937485]",-1,1,False,"['A', 'B']","['B', 'E']"
5ac061ab554299294b218fac::working_set_pack_a,5ac061ab554299294b218fac,"['A', 'B', 'C', 'D', 'E', 'F']","[0, 1, 0, 1, 0, 0]","[-0.055895473808050156, -0.05717090889811516, -0.06974814087152481, 0.29834693670272827, -0.06551776081323624, -0.05001477152109146]","[-0.055895473808050156, -0.05717090889811516, -0.06974814087152481, 0.29834693670272827, -0.06551776081323624, -0.05001477152109146]","[-0.055895473808050156, -0.05717090889811516, -0.06974814087152481, 0.29834693670272827, -0.06551776081323624, -0.05001477152109146]",1,1,False,"['A', 'D']","['B', 'D']"
5ac061ab554299294b218fac::active_set_pack_a,5ac061ab554299294b218fac,"['A', 'B', 'C', 'D', 'E', 'F']","[0, 1, 0, 1, 0, 0]","[-0.061674319207668304, -0.05643751099705696, -0.07431972771883011, 0.3203738331794739, -0.07171667367219925, -0.056225601583719254]","[-0.061674319207668304, -0.05643751099705696, -0.07431972771883011, 0.3203738331794739, -0.07171667367219925, -0.056225601583719254]","[-0.061674319207668304, -0.05643751099705696, -0.07431972771883011, 0.3203738331794739, -0.07171667367219925, -0.056225601583719254]",1,1,False,"['A', 'D']","['B', 'D']"
5ac061ab554299294b218fac::working_set_pack_b,5ac061ab554299294b218fac,"['A', 'B', 'C', 'D', 'E', 'F']","[0, 1, 0, 1, 0, 0]","[-0.08895296603441238, -0.0921577513217926, -0.10369033366441727, 0.46195971965789795, -0.09798616915941238, -0.07917255908250809]","[-0.08895296603441238, -0.0921577513217926, -0.10369033366441727, 0.46195971965789795, -0.09798616915941238, -0.07917255908250809]","[-0.08895296603441238, -0.0921577513217926, -0.10369033366441727, 0.46195971965789795, -0.09798616915941238, -0.07917255908250809]",1,1,True,"['B', 'D']","['B', 'D']"
5ac061ab554299294b218fac::active_set_pack_b,5ac061ab554299294b218fac,"['A', 'B', 'C', 'D', 'E', 'F']","[0, 1, 0, 1, 0, 0]","[-0.0510077066719532, -0.002816603286191821, -0.07245995849370956, 0.22702258825302124, -0.06816688925027847, -0.0325714536011219]","[-0.0510077066719532, -0.002816603286191821, -0.07245995849370956, 0.22702258825302124, -0.06816688925027847, -0.0325714536011219]","[-0.0510077066719532, -0.002816603286191821, -0.07245995849370956, 0.22702258825302124, -0.06816688925027847, -0.0325714536011219]",1,1,False,"['A', 'D']","['B', 'D']"
5ab5a2f85542997d4ad1f197::working_set_pack_a,5ab5a2f85542997d4ad1f197,"['A', 'B', 'C', 'D', 'E', 'F']","[0, 0, 1, 0, 0, 1]","[-0.09129609912633896, -0.07401228696107864, 0.013426114805042744, -0.07779061794281006, -0.03552751988172531, 0.2652003765106201]","[-0.09129609912633896, -0.07401228696107864, 0.013426114805042744, -0.07779061794281006, -0.03552751988172531, 0.2652003765106201]","[0.09129609912633896, 0.07401228696107864, -0.013426114805042744, 0.07779061794281006, 0.03552751988172531, -0.2652003765106201]",-1,-1,False,"['A', 'F']","['C', 'F']"
5ab5a2f85542997d4ad1f197::active_set_pack_a,5ab5a2f85542997d4ad1f197,"['A', 'B', 'C', 'D', 'E', 'F']","[0, 0, 1, 0, 0, 1]","[-0.09457287192344666, -0.07706433534622192, 0.017592357471585274, -0.08904588222503662, -0.0365271121263504, 0.27961793541908264]","[-0.09457287192344666, -0.07706433534622192, 0.017592357471585274, -0.08904588222503662, -0.0365271121263504, 0.27961793541908264]","[0.09457287192344666, 0.07706433534622192, -0.017592357471585274, 0.08904588222503662, 0.0365271121263504, -0.27961793541908264]",-1,-1,False,"['A', 'F']","['C', 'F']"
5ab5a2f85542997d4ad1f197::working_set_pack_b,5ab5a2f85542997d4ad1f197,"['A', 'B', 'C', 'D', 'E', 'F']","[0, 0, 1, 0, 0, 1]","[-0.10608619451522827, -0.07487627863883972, 0.014058316126465797, -0.09966585785150528, -0.045795340090990067, 0.31236550211906433]","[0.10608619451522827, 0.07487627863883972, -0.014058316126465797, 0.09966585785150528, 0.045795340090990067, -0.31236550211906433]","[0.10608619451522827, 0.07487627863883972, -0.014058316126465797, 0.09966585785150528, 0.045795340090990067, -0.31236550211906433]",-1,1,False,"['A', 'C']","['C', 'F']"
5ab5a2f85542997d4ad1f197::active_set_pack_b,5ab5a2f85542997d4ad1f197,"['A', 'B', 'C', 'D', 'E', 'F']","[0, 0, 1, 0, 0, 1]","[-0.09396706521511078, -0.07113504409790039, 0.04366525635123253, -0.08914882689714432, -0.046610042452812195, 0.25719568133354187]","[-0.09396706521511078, -0.07113504409790039, 0.04366525635123253, -0.08914882689714432, -0.046610042452812195, 0.25719568133354187]","[0.09396706521511078, 0.07113504409790039, -0.04366525635123253, 0.08914882689714432, 0.046610042452812195, -0.25719568133354187]",-1,-1,False,"['A', 'F']","['C', 'F']"
5abd7ca05542993062266cab::working_set_pack_a,5abd7ca05542993062266cab,"['A', 'B', 'C', 'D', 'E', 'F']","[1, 0, 1, 0, 0, 0]","[0.0573049932718277, 0.08561994880437851, 0.00828278437256813, 0.04271608963608742, 0.033989377319812775, -0.2279132455587387]","[-0.0573049932718277, -0.08561994880437851, -0.00828278437256813, -0.04271608963608742, -0.033989377319812775, 0.2279132455587387]","[0.0573049932718277, 0.08561994880437851, 0.00828278437256813, 0.04271608963608742, 0.033989377319812775, -0.2279132455587387]",1,-1,False,"['A', 'F']","['A', 'C']"
5abd7ca05542993062266cab::active_set_pack_a,5abd7ca05542993062266cab,"['A', 'B', 'C', 'D', 'E', 'F']","[1, 0, 1, 0, 0, 0]","[0.06298679858446121, 0.08040416240692139, 0.025100532919168472, 0.04736586660146713, 0.029648611322045326, -0.24550607800483704]","[-0.06298679858446121, -0.08040416240692139, -0.025100532919168472, -0.04736586660146713, -0.029648611322045326, 0.24550607800483704]","[0.06298679858446121, 0.08040416240692139, 0.025100532919168472, 0.04736586660146713, 0.029648611322045326, -0.24550607800483704]",1,-1,False,"['A', 'F']","['A', 'C']"
5abd7ca05542993062266cab::working_set_pack_b,5abd7ca05542993062266cab,"['A', 'B', 'C', 'D', 'E', 'F']","[1, 0, 1, 0, 0, 0]","[0.03689102828502655, 0.15898723900318146, -0.0057968501932919025, 0.04177016392350197, 0.02855764329433441, -0.2604092061519623]","[-0.03689102828502655, -0.15898723900318146, 0.0057968501932919025, -0.04177016392350197, -0.02855764329433441, 0.2604092061519623]","[0.03689102828502655, 0.15898723900318146, -0.0057968501932919025, 0.04177016392350197, 0.02855764329433441, -0.2604092061519623]",1,-1,False,"['A', 'F']","['A', 'C']"
5abd7ca05542993062266cab::active_set_pack_b,5abd7ca05542993062266cab,"['A', 'B', 'C', 'D', 'E', 'F']","[1, 0, 1, 0, 0, 0]","[0.05517486855387688, 0.15852618217468262, -0.007779787294566631, 0.03787419945001602, 0.01683269441127777, -0.2606283128261566]","[0.05517486855387688, 0.15852618217468262, -0.007779787294566631, 0.03787419945001602, 0.01683269441127777, -0.2606283128261566]","[0.05517486855387688, 0.15852618217468262, -0.007779787294566631, 0.03787419945001602, 0.01683269441127777, -0.2606283128261566]",1,1,True,"['A', 'C']","['A', 'C']"
5ae732685542991e8301cbc3::working_set_pack_a,5ae732685542991e8301cbc3,"['A', 'B', 'C', 'D', 'E', 'F']","[1, 0, 1, 0, 0, 0]","[0.0683058425784111, -0.46340224146842957, 0.09593623876571655, 0.10651650279760361, 0.0982615128159523, 0.09438226372003555]","[0.0683058425784111, -0.46340224146842957, 0.09593623876571655, 0.10651650279760361, 0.0982615128159523, 0.09438226372003555]","[0.0683058425784111, -0.46340224146842957, 0.09593623876571655, 0.10651650279760361, 0.0982615128159523, 0.09438226372003555]",1,1,True,"['A', 'C']","['A', 'C']"
5ae732685542991e8301cbc3::active_set_pack_a,5ae732685542991e8301cbc3,"['A', 'B', 'C', 'D', 'E', 'F']","[1, 0, 1, 0, 0, 0]","[0.003993535879999399, -0.29647040367126465, 0.071299709379673, 0.08003231137990952, 0.07193922251462936, 0.06920585036277771]","[0.003993535879999399, -0.29647040367126465, 0.071299709379673, 0.08003231137990952, 0.07193922251462936, 0.06920585036277771]","[0.003993535879999399, -0.29647040367126465, 0.071299709379673, 0.08003231137990952, 0.07193922251462936, 0.06920585036277771]",1,1,True,"['A', 'C']","['A', 'C']"
5ae732685542991e8301cbc3::working_set_pack_b,5ae732685542991e8301cbc3,"['A', 'B', 'C', 'D', 'E', 'F']","[1, 0, 1, 0, 0, 0]","[-0.03556416556239128, -0.3492182791233063, 0.08605596423149109, 0.10700897872447968, 0.09727973490953445, 0.09443765133619308]","[-0.03556416556239128, -0.3492182791233063, 0.08605596423149109, 0.10700897872447968, 0.09727973490953445, 0.09443765133619308]","[-0.03556416556239128, -0.3492182791233063, 0.08605596423149109, 0.10700897872447968, 0.09727973490953445, 0.09443765133619308]",1,1,True,"['A', 'C']","['A', 'C']"
5ae732685542991e8301cbc3::active_set_pack_b,5ae732685542991e8301cbc3,"['A', 'B', 'C', 'D', 'E', 'F']","[1, 0, 1, 0, 0, 0]","[-0.007709788158535957, -0.22767573595046997, 0.05738963931798935, 0.06776756793260574, 0.05663925036787987, 0.0535891018807888]","[-0.007709788158535957, -0.22767573595046997, 0.05738963931798935, 0.06776756793260574, 0.05663925036787987, 0.0535891018807888]","[-0.007709788158535957, -0.22767573595046997, 0.05738963931798935, 0.06776756793260574, 0.05663925036787987, 0.0535891018807888]",1,1,True,"['A', 'C']","['A', 'C']"
5a8a2ebc5542996c9b8d5e33::working_set_pack_a,5a8a2ebc5542996c9b8d5e33,"['A', 'B', 'C', 'D', 'E', 'F']","[0, 0, 1, 0, 1, 0]","[-0.07904611527919769, -0.05897422134876251, -0.03813781216740608, -0.12221024185419083, 0.3637886047363281, -0.06542014330625534]","[0.07904611527919769, 0.05897422134876251, 0.03813781216740608, 0.12221024185419083, -0.3637886047363281, 0.06542014330625534]","[-0.07904611527919769, -0.05897422134876251, -0.03813781216740608, -0.12221024185419083, 0.3637886047363281, -0.06542014330625534]",1,-1,False,"['A', 'C']","['C', 'E']"
5a8a2ebc5542996c9b8d5e33::active_set_pack_a,5a8a2ebc5542996c9b8d5e33,"['A', 'B', 'C', 'D', 'E', 'F']","[0, 0, 1, 0, 1, 0]","[-0.097015380859375, -0.07834959775209427, -0.041736289858818054, -0.12900984287261963, 0.4277382791042328, -0.08162710070610046]","[0.097015380859375, 0.07834959775209427, 0.041736289858818054, 0.12900984287261963, -0.4277382791042328, 0.08162710070610046]","[-0.097015380859375, -0.07834959775209427, -0.041736289858818054, -0.12900984287261963, 0.4277382791042328, -0.08162710070610046]",1,-1,False,"['A', 'C']","['C', 'E']"
5a8a2ebc5542996c9b8d5e33::working_set_pack_b,5a8a2ebc5542996c9b8d5e33,"['A', 'B', 'C', 'D', 'E', 'F']","[0, 0, 1, 0, 1, 0]","[-0.13661062717437744, -0.10766374319791794, -0.06788946688175201, -0.16433973610401154, 0.5966452360153198, -0.12014171481132507]","[-0.13661062717437744, -0.10766374319791794, -0.06788946688175201, -0.16433973610401154, 0.5966452360153198, -0.12014171481132507]","[-0.13661062717437744, -0.10766374319791794, -0.06788946688175201, -0.16433973610401154, 0.5966452360153198, -0.12014171481132507]",1,1,False,"['A', 'E']","['C', 'E']"
5a8a2ebc5542996c9b8d5e33::active_set_pack_b,5a8a2ebc5542996c9b8d5e33,"['A', 'B', 'C', 'D', 'E', 'F']","[0, 0, 1, 0, 1, 0]","[-0.09481653571128845, -0.08283354341983795, 0.3621114194393158, -0.16415922343730927, 0.06609204411506653, -0.08639395236968994]","[-0.09481653571128845, -0.08283354341983795, 0.3621114194393158, -0.16415922343730927, 0.06609204411506653, -0.08639395236968994]","[0.09481653571128845, 0.08283354341983795, -0.3621114194393158, 0.16415922343730927, -0.06609204411506653, 0.08639395236968994]",-1,-1,False,"['A', 'C']","['C', 'E']"
5add28c85542992ae4cec4be::working_set_pack_a,5add28c85542992ae4cec4be,"['A', 'B', 'C', 'D', 'E', 'F']","[0, 0, 1, 0, 0, 1]","[-0.11872782558202744, -0.13090761005878448, -0.054390180855989456, -0.12999215722084045, -0.11776197701692581, 0.5517798066139221]","[-0.11872782558202744, -0.13090761005878448, -0.054390180855989456, -0.12999215722084045, -0.11776197701692581, 0.5517798066139221]","[-0.11872782558202744, -0.13090761005878448, -0.054390180855989456, -0.12999215722084045, -0.11776197701692581, 0.5517798066139221]",1,1,False,"['A', 'F']","['C', 'F']"
5add28c85542992ae4cec4be::active_set_pack_a,5add28c85542992ae4cec4be,"['A', 'B', 'C', 'D', 'E', 'F']","[0, 0, 1, 0, 0, 1]","[-0.13432276248931885, -0.13805748522281647, -0.08019646257162094, -0.1504996418952942, -0.1360398828983307, 0.6391161680221558]","[-0.13432276248931885, -0.13805748522281647, -0.08019646257162094, -0.1504996418952942, -0.1360398828983307, 0.6391161680221558]","[0.13432276248931885, 0.13805748522281647, 0.08019646257162094, 0.1504996418952942, 0.1360398828983307, -0.6391161680221558]",-1,-1,False,"['A', 'F']","['C', 'F']"
5add28c85542992ae4cec4be::working_set_pack_b,5add28c85542992ae4cec4be,"['A', 'B', 'C', 'D', 'E', 'F']","[0, 0, 1, 0, 0, 1]","[-0.17466716468334198, -0.18381039798259735, -0.03916717693209648, -0.18244370818138123, -0.16739413142204285, 0.7474827170372009]","[0.17466716468334198, 0.18381039798259735, 0.03916717693209648, 0.18244370818138123, 0.16739413142204285, -0.7474827170372009]","[0.17466716468334198, 0.18381039798259735, 0.03916717693209648, 0.18244370818138123, 0.16739413142204285, -0.7474827170372009]",-1,1,False,"['A', 'C']","['C', 'F']"
5add28c85542992ae4cec4be::active_set_pack_b,5add28c85542992ae4cec4be,"['A', 'B', 'C', 'D', 'E', 'F']","[0, 0, 1, 0, 0, 1]","[-0.14543990790843964, -0.15766288340091705, -0.07894059270620346, -0.160493865609169, -0.1434246450662613, 0.685961902141571]","[0.14543990790843964, 0.15766288340091705, 0.07894059270620346, 0.160493865609169, 0.1434246450662613, -0.685961902141571]","[0.14543990790843964, 0.15766288340091705, 0.07894059270620346, 0.160493865609169, 0.1434246450662613, -0.685961902141571]",-1,1,False,"['A', 'C']","['C', 'F']"
5ae78ec5554299540e5a5605::working_set_pack_a,5ae78ec5554299540e5a5605,"['A', 'B', 'C', 'D', 'E', 'F']","[0, 0, 1, 1, 0, 0]","[-0.12210318446159363, -0.027769675478339195, 0.051502786576747894, 0.18096497654914856, -0.03673308715224266, -0.045861776918172836]","[-0.12210318446159363, -0.027769675478339195, 0.051502786576747894, 0.18096497654914856, -0.03673308715224266, -0.045861776918172836]","[-0.12210318446159363, -0.027769675478339195, 0.051502786576747894, 0.18096497654914856, -0.03673308715224266, -0.045861776918172836]",1,1,False,"['A', 'D']","['C', 'D']"
5ae78ec5554299540e5a5605::active_set_pack_a,5ae78ec5554299540e5a5605,"['A', 'B', 'C', 'D', 'E', 'F']","[0, 0, 1, 1, 0, 0]","[-0.11433251947164536, -0.027318404987454414, 0.05649346485733986, 0.17927774786949158, -0.04229206591844559, -0.051828160881996155]","[-0.11433251947164536, -0.027318404987454414, 0.05649346485733986, 0.17927774786949158, -0.04229206591844559, -0.051828160881996155]","[-0.11433251947164536, -0.027318404987454414, 0.05649346485733986, 0.17927774786949158, -0.04229206591844559, -0.051828160881996155]",1,1,False,"['A', 'D']","['C', 'D']"
5ae78ec5554299540e5a5605::working_set_pack_b,5ae78ec5554299540e5a5605,"['A', 'B', 'C', 'D', 'E', 'F']","[0, 0, 1, 1, 0, 0]","[-0.13644939661026, -0.003335552057251334, 0.05445191264152527, 0.1906701624393463, -0.045677654445171356, -0.059659481048583984]","[-0.13644939661026, -0.003335552057251334, 0.05445191264152527, 0.1906701624393463, -0.045677654445171356, -0.059659481048583984]","[-0.13644939661026, -0.003335552057251334, 0.05445191264152527, 0.1906701624393463, -0.045677654445171356, -0.059659481048583984]",1,1,False,"['A', 'D']","['C', 'D']"
5ae78ec5554299540e5a5605::active_set_pack_b,5ae78ec5554299540e5a5605,"['A', 'B', 'C', 'D', 'E', 'F']","[0, 0, 1, 1, 0, 0]","[-0.20704632997512817, 0.011529889889061451, 0.09264715015888214, 0.12268095463514328, -0.008004898205399513, -0.011806711554527283]","[0.20704632997512817, -0.011529889889061451, -0.09264715015888214, -0.12268095463514328, 0.008004898205399513, 0.011806711554527283]","[-0.20704632997512817, 0.011529889889061451, 0.09264715015888214, 0.12268095463514328, -0.008004898205399513, -0.011806711554527283]",1,-1,False,"['A', 'D']","['C', 'D']"
5a7a52745542996c55b2dd4f::working_set_pack_a,5a7a52745542996c55b2dd4f,"['A', 'B', 'C', 'D', 'E', 'F']","[1, 0, 0, 1, 0, 0]","[0.04040921479463577, -0.2599965035915375, 0.07335645705461502, 0.04551008343696594, 0.043622080236673355, 0.05709870532155037]","[0.04040921479463577, -0.2599965035915375, 0.07335645705461502, 0.04551008343696594, 0.043622080236673355, 0.05709870532155037]","[0.04040921479463577, -0.2599965035915375, 0.07335645705461502, 0.04551008343696594, 0.043622080236673355, 0.05709870532155037]",1,1,True,"['A', 'D']","['A', 'D']"
5a7a52745542996c55b2dd4f::active_set_pack_a,5a7a52745542996c55b2dd4f,"['A', 'B', 'C', 'D', 'E', 'F']","[1, 0, 0, 1, 0, 0]","[0.05266522243618965, -0.3168979287147522, 0.08303049951791763, 0.05721879005432129, 0.05195173621177673, 0.07203155010938644]","[0.05266522243618965, -0.3168979287147522, 0.08303049951791763, 0.05721879005432129, 0.05195173621177673, 0.07203155010938644]","[0.05266522243618965, -0.3168979287147522, 0.08303049951791763, 0.05721879005432129, 0.05195173621177673, 0.07203155010938644]",1,1,True,"['A', 'D']","['A', 'D']"
5a7a52745542996c55b2dd4f::working_set_pack_b,5a7a52745542996c55b2dd4f,"['A', 'B', 'C', 'D', 'E', 'F']","[1, 0, 0, 1, 0, 0]","[0.061981722712516785, -0.4038320481777191, 0.10372070223093033, 0.07507379353046417, 0.07982691377401352, 0.08322885632514954]","[0.061981722712516785, -0.4038320481777191, 0.10372070223093033, 0.07507379353046417, 0.07982691377401352, 0.08322885632514954]","[0.061981722712516785, -0.4038320481777191, 0.10372070223093033, 0.07507379353046417, 0.07982691377401352, 0.08322885632514954]",1,1,True,"['A', 'D']","['A', 'D']"
5a7a52745542996c55b2dd4f::active_set_pack_b,5a7a52745542996c55b2dd4f,"['A', 'B', 'C', 'D', 'E', 'F']","[1, 0, 0, 1, 0, 0]","[0.04652759060263634, -0.278784841299057, 0.07966875284910202, 0.04522991180419922, 0.0458776019513607, 0.06148092448711395]","[0.04652759060263634, -0.278784841299057, 0.07966875284910202, 0.04522991180419922, 0.0458776019513607, 0.06148092448711395]","[0.04652759060263634, -0.278784841299057, 0.07966875284910202, 0.04522991180419922, 0.0458776019513607, 0.06148092448711395]",1,1,True,"['A', 'D']","['A', 'D']"
5a74248855429929fddd83e5::working_set_pack_a,5a74248855429929fddd83e5,"['A', 'B', 'C', 'D', 'E', 'F']","[0, 0, 0, 0, 1, 1]","[-0.057551030069589615, -0.0510115846991539, -0.05738086998462677, -0.04705071821808815, -0.07749869674444199, 0.290492981672287]","[0.057551030069589615, 0.0510115846991539, 0.05738086998462677, 0.04705071821808815, 0.07749869674444199, -0.290492981672287]","[-0.057551030069589615, -0.0510115846991539, -0.05738086998462677, -0.04705071821808815, -0.07749869674444199, 0.290492981672287]",1,-1,False,"['A', 'E']","['E', 'F']"
5a74248855429929fddd83e5::active_set_pack_a,5a74248855429929fddd83e5,"['A', 'B', 'C', 'D', 'E', 'F']","[0, 0, 0, 0, 1, 1]","[-0.0719103068113327, -0.06641636788845062, -0.0743865892291069, -0.07019777595996857, -0.0327429324388504, 0.31565389037132263]","[0.0719103068113327, 0.06641636788845062, 0.0743865892291069, 0.07019777595996857, 0.0327429324388504, -0.31565389037132263]","[-0.0719103068113327, -0.06641636788845062, -0.0743865892291069, -0.07019777595996857, -0.0327429324388504, 0.31565389037132263]",1,-1,False,"['A', 'E']","['E', 'F']"
5a74248855429929fddd83e5::working_set_pack_b,5a74248855429929fddd83e5,"['A', 'B', 'C', 'D', 'E', 'F']","[0, 0, 0, 0, 1, 1]","[-0.05878262594342232, -0.037516843527555466, -0.044619426131248474, -0.0628795474767685, 0.4050988554954529, -0.20130036771297455]","[-0.05878262594342232, -0.037516843527555466, -0.044619426131248474, -0.0628795474767685, 0.4050988554954529, -0.20130036771297455]","[0.05878262594342232, 0.037516843527555466, 0.044619426131248474, 0.0628795474767685, -0.4050988554954529, 0.20130036771297455]",-1,-1,False,"['B', 'E']","['E', 'F']"
5a74248855429929fddd83e5::active_set_pack_b,5a74248855429929fddd83e5,"['A', 'B', 'C', 'D', 'E', 'F']","[0, 0, 0, 0, 1, 1]","[-0.076076939702034, -0.05922572687268257, -0.065238818526268, -0.07965108007192612, 0.33627384901046753, -0.05608130618929863]","[-0.076076939702034, -0.05922572687268257, -0.065238818526268, -0.07965108007192612, 0.33627384901046753, -0.05608130618929863]","[-0.076076939702034, -0.05922572687268257, -0.065238818526268, -0.07965108007192612, 0.33627384901046753, -0.05608130618929863]",1,1,False,"['A', 'E']","['E', 'F']"
5abd04f15542996e802b467e::working_set_pack_a,5abd04f15542996e802b467e,"['A', 'B', 'C', 'D', 'E', 'F']","[0, 0, 0, 0, 1, 1]","[-0.08118937164545059, -0.07726891338825226, -0.04745098575949669, -0.028023501858115196, -0.054450295865535736, 0.28838303685188293]","[-0.08118937164545059, -0.07726891338825226, -0.04745098575949669, -0.028023501858115196, -0.054450295865535736, 0.28838303685188293]","[-0.08118937164545059, -0.07726891338825226, -0.04745098575949669, -0.028023501858115196, -0.054450295865535736, 0.28838303685188293]",1,1,False,"['A', 'F']","['E', 'F']"
5abd04f15542996e802b467e::active_set_pack_a,5abd04f15542996e802b467e,"['A', 'B', 'C', 'D', 'E', 'F']","[0, 0, 0, 0, 1, 1]","[-0.09910471737384796, -0.09532595425844193, -0.06017560139298439, -0.04732547700405121, -0.0743984654545784, 0.3763302266597748]","[-0.09910471737384796, -0.09532595425844193, -0.06017560139298439, -0.04732547700405121, -0.0743984654545784, 0.3763302266597748]","[-0.09910471737384796, -0.09532595425844193, -0.06017560139298439, -0.04732547700405121, -0.0743984654545784, 0.3763302266597748]",1,1,False,"['A', 'F']","['E', 'F']"
5abd04f15542996e802b467e::working_set_pack_b,5abd04f15542996e802b467e,"['A', 'B', 'C', 'D', 'E', 'F']","[0, 0, 0, 0, 1, 1]","[-0.11924196034669876, -0.11128532886505127, -0.06775189936161041, -0.054246935993433, -0.07541751861572266, 0.42794373631477356]","[-0.11924196034669876, -0.11128532886505127, -0.06775189936161041, -0.054246935993433, -0.07541751861572266, 0.42794373631477356]","[-0.11924196034669876, -0.11128532886505127, -0.06775189936161041, -0.054246935993433, -0.07541751861572266, 0.42794373631477356]",1,1,False,"['A', 'F']","['E', 'F']"
5abd04f15542996e802b467e::active_set_pack_b,5abd04f15542996e802b467e,"['A', 'B', 'C', 'D', 'E', 'F']","[0, 0, 0, 0, 1, 1]","[-0.11855557560920715, -0.100132055580616, -0.06042756885290146, -0.04069959744811058, -0.07183700799942017, 0.39165177941322327]","[-0.11855557560920715, -0.100132055580616, -0.06042756885290146, -0.04069959744811058, -0.07183700799942017, 0.39165177941322327]","[-0.11855557560920715, -0.100132055580616, -0.06042756885290146, -0.04069959744811058, -0.07183700799942017, 0.39165177941322327]",1,1,False,"['A', 'F']","['E', 'F']"
5ac3ad225542995ef918c1da::working_set_pack_a,5ac3ad225542995ef918c1da,"['A', 'B', 'C', 'D', 'E', 'F']","[0, 1, 1, 0, 0, 0]","[-0.18216818571090698, 0.7544261813163757, -0.131777822971344, -0.13942508399486542, -0.13784119486808777, -0.16321386396884918]","[-0.18216818571090698, 0.7544261813163757, -0.131777822971344, -0.13942508399486542, -0.13784119486808777, -0.16321386396884918]","[0.18216818571090698, -0.7544261813163757, 0.131777822971344, 0.13942508399486542, 0.13784119486808777, 0.16321386396884918]",-1,-1,False,"['B', 'F']","['B', 'C']"
5ac3ad225542995ef918c1da::active_set_pack_a,5ac3ad225542995ef918c1da,"['A', 'B', 'C', 'D', 'E', 'F']","[0, 1, 1, 0, 0, 0]","[-0.1887163519859314, 0.7787014842033386, -0.1365945041179657, -0.14326490461826324, -0.1409282684326172, -0.16919749975204468]","[-0.1887163519859314, 0.7787014842033386, -0.1365945041179657, -0.14326490461826324, -0.1409282684326172, -0.16919749975204468]","[0.1887163519859314, -0.7787014842033386, 0.1365945041179657, 0.14326490461826324, 0.1409282684326172, 0.16919749975204468]",-1,-1,False,"['A', 'B']","['B', 'C']"
5ac3ad225542995ef918c1da::working_set_pack_b,5ac3ad225542995ef918c1da,"['A', 'B', 'C', 'D', 'E', 'F']","[0, 1, 1, 0, 0, 0]","[-0.2890123724937439, 1.3073967695236206, -0.23493027687072754, -0.24183803796768188, -0.24160706996917725, -0.30000901222229004]","[-0.2890123724937439, 1.3073967695236206, -0.23493027687072754, -0.24183803796768188, -0.24160706996917725, -0.30000901222229004]","[0.2890123724937439, -1.3073967695236206, 0.23493027687072754, 0.24183803796768188, 0.24160706996917725, 0.30000901222229004]",-1,-1,False,"['B', 'F']","['B', 'C']"
5ac3ad225542995ef918c1da::active_set_pack_b,5ac3ad225542995ef918c1da,"['A', 'B', 'C', 'D', 'E', 'F']","[0, 1, 1, 0, 0, 0]","[-0.2698192596435547, 1.1847271919250488, -0.21406914293766022, -0.21929232776165009, -0.21647511422634125, -0.2650711238384247]","[-0.2698192596435547, 1.1847271919250488, -0.21406914293766022, -0.21929232776165009, -0.21647511422634125, -0.2650711238384247]","[0.2698192596435547, -1.1847271919250488, 0.21406914293766022, 0.21929232776165009, 0.21647511422634125, 0.2650711238384247]",-1,-1,False,"['B', 'F']","['B', 'C']"
5a736bfa5542991f29ee2e03::working_set_pack_a,5a736bfa5542991f29ee2e03,"['A', 'B', 'C', 'D', 'E', 'F']","[1, 0, 1, 0, 0, 0]","[0.07294199615716934, 0.05027176812291145, 0.039939794689416885, 0.06971839815378189, -0.27886632084846497, 0.04599428549408913]","[0.07294199615716934, 0.05027176812291145, 0.039939794689416885, 0.06971839815378189, -0.27886632084846497, 0.04599428549408913]","[0.07294199615716934, 0.05027176812291145, 0.039939794689416885, 0.06971839815378189, -0.27886632084846497, 0.04599428549408913]",1,1,True,"['A', 'C']","['A', 'C']"
5a736bfa5542991f29ee2e03::active_set_pack_a,5a736bfa5542991f29ee2e03,"['A', 'B', 'C', 'D', 'E', 'F']","[1, 0, 1, 0, 0, 0]","[0.07056611031293869, 0.041301168501377106, 0.034853577613830566, 0.0672118216753006, -0.24930956959724426, 0.03537687659263611]","[0.07056611031293869, 0.041301168501377106, 0.034853577613830566, 0.0672118216753006, -0.24930956959724426, 0.03537687659263611]","[0.07056611031293869, 0.041301168501377106, 0.034853577613830566, 0.0672118216753006, -0.24930956959724426, 0.03537687659263611]",1,1,True,"['A', 'C']","['A', 'C']"
5a736bfa5542991f29ee2e03::working_set_pack_b,5a736bfa5542991f29ee2e03,"['A', 'B', 'C', 'D', 'E', 'F']","[1, 0, 1, 0, 0, 0]","[0.08098475635051727, 0.06332497298717499, 0.05822262912988663, 0.09106472134590149, -0.3745062053203583, 0.08090906590223312]","[0.08098475635051727, 0.06332497298717499, 0.05822262912988663, 0.09106472134590149, -0.3745062053203583, 0.08090906590223312]","[0.08098475635051727, 0.06332497298717499, 0.05822262912988663, 0.09106472134590149, -0.3745062053203583, 0.08090906590223312]",1,1,True,"['A', 'C']","['A', 'C']"
5a736bfa5542991f29ee2e03::active_set_pack_b,5a736bfa5542991f29ee2e03,"['A', 'B', 'C', 'D', 'E', 'F']","[1, 0, 1, 0, 0, 0]","[0.07297807931900024, 0.038589783012866974, 0.028029410168528557, 0.07067863643169403, -0.2484828531742096, 0.03820697218179703]","[0.07297807931900024, 0.038589783012866974, 0.028029410168528557, 0.07067863643169403, -0.2484828531742096, 0.03820697218179703]","[0.07297807931900024, 0.038589783012866974, 0.028029410168528557, 0.07067863643169403, -0.2484828531742096, 0.03820697218179703]",1,1,True,"['A', 'C']","['A', 'C']"
5a7a0a965542996c55b2dce7::working_set_pack_a,5a7a0a965542996c55b2dce7,"['A', 'B', 'C', 'D', 'E', 'F']","[0, 1, 0, 0, 1, 0]","[-0.02345973439514637, 0.1590408980846405, -0.04376044124364853, -0.03180360049009323, -0.027984272688627243, -0.032032933086156845]","[0.02345973439514637, -0.1590408980846405, 0.04376044124364853, 0.03180360049009323, 0.027984272688627243, 0.032032933086156845]","[0.02345973439514637, -0.1590408980846405, 0.04376044124364853, 0.03180360049009323, 0.027984272688627243, 0.032032933086156845]",-1,1,False,"['A', 'E']","['B', 'E']"
5a7a0a965542996c55b2dce7::active_set_pack_a,5a7a0a965542996c55b2dce7,"['A', 'B', 'C', 'D', 'E', 'F']","[0, 1, 0, 0, 1, 0]","[-0.019884036853909492, 0.1878984123468399, -0.04559117928147316, -0.03917812556028366, -0.04261753708124161, -0.0406276173889637]","[0.019884036853909492, -0.1878984123468399, 0.04559117928147316, 0.03917812556028366, 0.04261753708124161, 0.0406276173889637]","[0.019884036853909492, -0.1878984123468399, 0.04559117928147316, 0.03917812556028366, 0.04261753708124161, 0.0406276173889637]",-1,1,False,"['A', 'E']","['B', 'E']"
5a7a0a965542996c55b2dce7::working_set_pack_b,5a7a0a965542996c55b2dce7,"['A', 'B', 'C', 'D', 'E', 'F']","[0, 1, 0, 0, 1, 0]","[-0.2526825964450836, 0.0013278881087899208, 0.06578747183084488, 0.060614533722400665, 0.07160784304141998, 0.053344808518886566]","[0.2526825964450836, -0.0013278881087899208, -0.06578747183084488, -0.060614533722400665, -0.07160784304141998, -0.053344808518886566]","[-0.2526825964450836, 0.0013278881087899208, 0.06578747183084488, 0.060614533722400665, 0.07160784304141998, 0.053344808518886566]",1,-1,False,"['A', 'E']","['B', 'E']"
5a7a0a965542996c55b2dce7::active_set_pack_b,5a7a0a965542996c55b2dce7,"['A', 'B', 'C', 'D', 'E', 'F']","[0, 1, 0, 0, 1, 0]","[0.002154324669390917, 0.17972789704799652, -0.08294939249753952, -0.03501144051551819, -0.029257625341415405, -0.03466373309493065]","[-0.002154324669390917, -0.17972789704799652, 0.08294939249753952, 0.03501144051551819, 0.029257625341415405, 0.03466373309493065]","[-0.002154324669390917, -0.17972789704799652, 0.08294939249753952, 0.03501144051551819, 0.029257625341415405, 0.03466373309493065]",-1,1,False,"['A', 'E']","['B', 'E']"
5a8ae49155429951533613a3::working_set_pack_a,5a8ae49155429951533613a3,"['A', 'B', 'C', 'D', 'E', 'F']","[1, 0, 1, 0, 0, 0]","[0.21770627796649933, -0.021113794296979904, 0.021524840965867043, -0.17698684334754944, -0.02067963220179081, -0.020450875163078308]","[0.21770627796649933, -0.021113794296979904, 0.021524840965867043, -0.17698684334754944, -0.02067963220179081, -0.020450875163078308]","[-0.21770627796649933, 0.021113794296979904, -0.021524840965867043, 0.17698684334754944, 0.02067963220179081, 0.020450875163078308]",-1,-1,True,"['A', 'C']","['A', 'C']"
5a8ae49155429951533613a3::active_set_pack_a,5a8ae49155429951533613a3,"['A', 'B', 'C', 'D', 'E', 'F']","[1, 0, 1, 0, 0, 0]","[0.2578071057796478, -0.03396798297762871, 0.016878291964530945, -0.17395657300949097, -0.03507488965988159, -0.03168599680066109]","[0.2578071057796478, -0.03396798297762871, 0.016878291964530945, -0.17395657300949097, -0.03507488965988159, -0.03168599680066109]","[-0.2578071057796478, 0.03396798297762871, -0.016878291964530945, 0.17395657300949097, 0.03507488965988159, 0.03168599680066109]",-1,-1,True,"['A', 'C']","['A', 'C']"
5a8ae49155429951533613a3::working_set_pack_b,5a8ae49155429951533613a3,"['A', 'B', 'C', 'D', 'E', 'F']","[1, 0, 1, 0, 0, 0]","[0.4461551308631897, -0.0866696685552597, -0.041292790323495865, -0.1451362520456314, -0.08857756108045578, -0.08447891473770142]","[0.4461551308631897, -0.0866696685552597, -0.041292790323495865, -0.1451362520456314, -0.08857756108045578, -0.08447891473770142]","[-0.4461551308631897, 0.0866696685552597, 0.041292790323495865, 0.1451362520456314, 0.08857756108045578, 0.08447891473770142]",-1,-1,True,"['A', 'C']","['A', 'C']"
5a8ae49155429951533613a3::active_set_pack_b,5a8ae49155429951533613a3,"['A', 'B', 'C', 'D', 'E', 'F']","[1, 0, 1, 0, 0, 0]","[0.14731086790561676, 0.02673768810927868, 0.06849360466003418, -0.2914842963218689, 0.02161329612135887, 0.027328917756676674]","[0.14731086790561676, 0.02673768810927868, 0.06849360466003418, -0.2914842963218689, 0.02161329612135887, 0.027328917756676674]","[0.14731086790561676, 0.02673768810927868, 0.06849360466003418, -0.2914842963218689, 0.02161329612135887, 0.027328917756676674]",1,1,True,"['A', 'C']","['A', 'C']"
5ab99943554299131ca42391::working_set_pack_a,5ab99943554299131ca42391,"['A', 'B', 'C', 'D', 'E', 'F']","[1, 0, 0, 0, 0, 1]","[-0.11215026676654816, -0.11914432048797607, -0.10332925617694855, -0.10580658912658691, -0.12902435660362244, 0.5694548487663269]","[-0.11215026676654816, -0.11914432048797607, -0.10332925617694855, -0.10580658912658691, -0.12902435660362244, 0.5694548487663269]","[0.11215026676654816, 0.11914432048797607, 0.10332925617694855, 0.10580658912658691, 0.12902435660362244, -0.5694548487663269]",-1,-1,True,"['A', 'F']","['A', 'F']"
5ab99943554299131ca42391::active_set_pack_a,5ab99943554299131ca42391,"['A', 'B', 'C', 'D', 'E', 'F']","[1, 0, 0, 0, 0, 1]","[-0.11068861931562424, -0.11897303909063339, -0.10191962122917175, -0.10514140874147415, -0.11856265366077423, 0.5552855730056763]","[-0.11068861931562424, -0.11897303909063339, -0.10191962122917175, -0.10514140874147415, -0.11856265366077423, 0.5552855730056763]","[0.11068861931562424, 0.11897303909063339, 0.10191962122917175, 0.10514140874147415, 0.11856265366077423, -0.5552855730056763]",-1,-1,True,"['A', 'F']","['A', 'F']"
5ab99943554299131ca42391::working_set_pack_b,5ab99943554299131ca42391,"['A', 'B', 'C', 'D', 'E', 'F']","[1, 0, 0, 0, 0, 1]","[-0.23985908925533295, -0.2548193037509918, -0.23451896011829376, -0.23477275669574738, -0.24115502834320068, 1.205125093460083]","[-0.23985908925533295, -0.2548193037509918, -0.23451896011829376, -0.23477275669574738, -0.24115502834320068, 1.205125093460083]","[0.23985908925533295, 0.2548193037509918, 0.23451896011829376, 0.23477275669574738, 0.24115502834320068, -1.205125093460083]",-1,-1,True,"['A', 'F']","['A', 'F']"
5ab99943554299131ca42391::active_set_pack_b,5ab99943554299131ca42391,"['A', 'B', 'C', 'D', 'E', 'F']","[1, 0, 0, 0, 0, 1]","[-0.15962707996368408, -0.17064884305000305, -0.15088704228401184, -0.1526501476764679, -0.16792380809783936, 0.8017368912696838]","[-0.15962707996368408, -0.17064884305000305, -0.15088704228401184, -0.1526501476764679, -0.16792380809783936, 0.8017368912696838]","[0.15962707996368408, 0.17064884305000305, 0.15088704228401184, 0.1526501476764679, 0.16792380809783936, -0.8017368912696838]",-1,-1,True,"['A', 'F']","['A', 'F']"
5ab70446554299110f219a94::working_set_pack_a,5ab70446554299110f219a94,"['A', 'B', 'C', 'D', 'E', 'F']","[0, 0, 1, 0, 0, 1]","[-0.10087770223617554, -0.05118308216333389, -0.03631036356091499, -0.06992080807685852, -0.009474429301917553, 0.2677663564682007]","[-0.10087770223617554, -0.05118308216333389, -0.03631036356091499, -0.06992080807685852, -0.009474429301917553, 0.2677663564682007]","[-0.10087770223617554, -0.05118308216333389, -0.03631036356091499, -0.06992080807685852, -0.009474429301917553, 0.2677663564682007]",1,1,False,"['A', 'F']","['C', 'F']"
5ab70446554299110f219a94::active_set_pack_a,5ab70446554299110f219a94,"['A', 'B', 'C', 'D', 'E', 'F']","[0, 0, 1, 0, 0, 1]","[-0.10196977108716965, -0.061010878533124924, -0.0435124970972538, -0.0768614187836647, -0.016308972612023354, 0.29966363310813904]","[-0.10196977108716965, -0.061010878533124924, -0.0435124970972538, -0.0768614187836647, -0.016308972612023354, 0.29966363310813904]","[-0.10196977108716965, -0.061010878533124924, -0.0435124970972538, -0.0768614187836647, -0.016308972612023354, 0.29966363310813904]",1,1,False,"['A', 'F']","['C', 'F']"
5ab70446554299110f219a94::working_set_pack_b,5ab70446554299110f219a94,"['A', 'B', 'C', 'D', 'E', 'F']","[0, 0, 1, 0, 0, 1]","[-0.12406997382640839, -0.08855751156806946, -0.07589156180620193, -0.11431813985109329, -0.07029718905687332, 0.47313427925109863]","[-0.12406997382640839, -0.08855751156806946, -0.07589156180620193, -0.11431813985109329, -0.07029718905687332, 0.47313427925109863]","[-0.12406997382640839, -0.08855751156806946, -0.07589156180620193, -0.11431813985109329, -0.07029718905687332, 0.47313427925109863]",1,1,False,"['A', 'F']","['C', 'F']"
5ab70446554299110f219a94::active_set_pack_b,5ab70446554299110f219a94,"['A', 'B', 'C', 'D', 'E', 'F']","[0, 0, 1, 0, 0, 1]","[-0.13311272859573364, -0.09375710785388947, -0.05921931564807892, -0.11001882702112198, -0.06722951680421829, 0.4633374512195587]","[-0.13311272859573364, -0.09375710785388947, -0.05921931564807892, -0.11001882702112198, -0.06722951680421829, 0.4633374512195587]","[-0.13311272859573364, -0.09375710785388947, -0.05921931564807892, -0.11001882702112198, -0.06722951680421829, 0.4633374512195587]",1,1,False,"['A', 'F']","['C', 'F']"
5ae6038155429929b0807a55::working_set_pack_a,5ae6038155429929b0807a55,"['A', 'B', 'C', 'D', 'E', 'F']","[0, 0, 1, 1, 0, 0]","[-0.05772951990365982, -0.07075897604227066, -0.013328042812645435, 0.2537592649459839, -0.03545473888516426, -0.07648801803588867]","[-0.05772951990365982, -0.07075897604227066, -0.013328042812645435, 0.2537592649459839, -0.03545473888516426, -0.07648801803588867]","[0.05772951990365982, 0.07075897604227066, 0.013328042812645435, -0.2537592649459839, 0.03545473888516426, 0.07648801803588867]",-1,-1,False,"['A', 'D']","['C', 'D']"
5ae6038155429929b0807a55::active_set_pack_a,5ae6038155429929b0807a55,"['A', 'B', 'C', 'D', 'E', 'F']","[0, 0, 1, 1, 0, 0]","[-0.03732317313551903, -0.08316396176815033, 0.05302394926548004, 0.1585625410079956, -0.02151714824140072, -0.06958222389221191]","[-0.03732317313551903, -0.08316396176815033, 0.05302394926548004, 0.1585625410079956, -0.02151714824140072, -0.06958222389221191]","[0.03732317313551903, 0.08316396176815033, -0.05302394926548004, -0.1585625410079956, 0.02151714824140072, 0.06958222389221191]",-1,-1,False,"['A', 'C']","['C', 'D']"
5ae6038155429929b0807a55::working_set_pack_b,5ae6038155429929b0807a55,"['A', 'B', 'C', 'D', 'E', 'F']","[0, 0, 1, 1, 0, 0]","[-0.08647958189249039, -0.0843442901968956, -0.049925077706575394, 0.41574153304100037, -0.06497565656900406, -0.13001693785190582]","[-0.08647958189249039, -0.0843442901968956, -0.049925077706575394, 0.41574153304100037, -0.06497565656900406, -0.13001693785190582]","[0.08647958189249039, 0.0843442901968956, 0.049925077706575394, -0.41574153304100037, 0.06497565656900406, 0.13001693785190582]",-1,-1,False,"['A', 'D']","['C', 'D']"
5ae6038155429929b0807a55::active_set_pack_b,5ae6038155429929b0807a55,"['A', 'B', 'C', 'D', 'E', 'F']","[0, 0, 1, 1, 0, 0]","[-0.05199609696865082, -0.0951431468129158, 0.03428226709365845, 0.23966677486896515, -0.03764261677861214, -0.08916717022657394]","[0.05199609696865082, 0.0951431468129158, -0.03428226709365845, -0.23966677486896515, 0.03764261677861214, 0.08916717022657394]","[0.05199609696865082, 0.0951431468129158, -0.03428226709365845, -0.23966677486896515, 0.03764261677861214, 0.08916717022657394]",-1,1,False,"['A', 'C']","['C', 'D']"
5a71458e5542994082a3e738::working_set_pack_a,5a71458e5542994082a3e738,"['A', 'B', 'C', 'D', 'E', 'F']","[0, 0, 0, 1, 0, 1]","[-0.07358676195144653, -0.054312873631715775, -0.05309808626770973, -0.031129365786910057, -0.08952831476926804, 0.3016553521156311]","[-0.07358676195144653, -0.054312873631715775, -0.05309808626770973, -0.031129365786910057, -0.08952831476926804, 0.3016553521156311]","[-0.07358676195144653, -0.054312873631715775, -0.05309808626770973, -0.031129365786910057, -0.08952831476926804, 0.3016553521156311]",1,1,False,"['A', 'F']","['D', 'F']"
5a71458e5542994082a3e738::active_set_pack_a,5a71458e5542994082a3e738,"['A', 'B', 'C', 'D', 'E', 'F']","[0, 0, 0, 1, 0, 1]","[-0.07908250391483307, -0.05719059705734253, -0.055943749845027924, -0.009302988648414612, -0.07425092160701752, 0.27577078342437744]","[-0.07908250391483307, -0.05719059705734253, -0.055943749845027924, -0.009302988648414612, -0.07425092160701752, 0.27577078342437744]","[-0.07908250391483307, -0.05719059705734253, -0.055943749845027924, -0.009302988648414612, -0.07425092160701752, 0.27577078342437744]",1,1,False,"['A', 'F']","['D', 'F']"
5a71458e5542994082a3e738::working_set_pack_b,5a71458e5542994082a3e738,"['A', 'B', 'C', 'D', 'E', 'F']","[0, 0, 0, 1, 0, 1]","[-0.07702411711215973, -0.05929838493466377, -0.05894653871655464, -0.03554634749889374, -0.10265522450208664, 0.33347058296203613]","[-0.07702411711215973, -0.05929838493466377, -0.05894653871655464, -0.03554634749889374, -0.10265522450208664, 0.33347058296203613]","[-0.07702411711215973, -0.05929838493466377, -0.05894653871655464, -0.03554634749889374, -0.10265522450208664, 0.33347058296203613]",1,1,False,"['A', 'F']","['D', 'F']"
5a71458e5542994082a3e738::active_set_pack_b,5a71458e5542994082a3e738,"['A', 'B', 'C', 'D', 'E', 'F']","[0, 0, 0, 1, 0, 1]","[-0.10472725331783295, -0.05436232313513756, -0.054416723549366, 0.04490580037236214, -0.06778145581483841, 0.23638200759887695]","[-0.10472725331783295, -0.05436232313513756, -0.054416723549366, 0.04490580037236214, -0.06778145581483841, 0.23638200759887695]","[0.10472725331783295, 0.05436232313513756, 0.054416723549366, -0.04490580037236214, 0.06778145581483841, -0.23638200759887695]",-1,-1,False,"['A', 'F']","['D', 'F']"
5ae500fd55429908b63264d8::working_set_pack_a,5ae500fd55429908b63264d8,"['A', 'B', 'C', 'D', 'E', 'F']","[1, 0, 0, 1, 0, 0]","[0.003528708592057228, -0.11170317977666855, 0.026354989036917686, 0.1850101202726364, -0.06139935180544853, -0.04179133474826813]","[0.003528708592057228, -0.11170317977666855, 0.026354989036917686, 0.1850101202726364, -0.06139935180544853, -0.04179133474826813]","[0.003528708592057228, -0.11170317977666855, 0.026354989036917686, 0.1850101202726364, -0.06139935180544853, -0.04179133474826813]",1,1,True,"['A', 'D']","['A', 'D']"
5ae500fd55429908b63264d8::active_set_pack_a,5ae500fd55429908b63264d8,"['A', 'B', 'C', 'D', 'E', 'F']","[1, 0, 0, 1, 0, 0]","[0.007378341630101204, -0.13935063779354095, 0.03129340708255768, 0.18804064393043518, -0.05335744097828865, -0.034004341810941696]","[0.007378341630101204, -0.13935063779354095, 0.03129340708255768, 0.18804064393043518, -0.05335744097828865, -0.034004341810941696]","[0.007378341630101204, -0.13935063779354095, 0.03129340708255768, 0.18804064393043518, -0.05335744097828865, -0.034004341810941696]",1,1,True,"['A', 'D']","['A', 'D']"
5ae500fd55429908b63264d8::working_set_pack_b,5ae500fd55429908b63264d8,"['A', 'B', 'C', 'D', 'E', 'F']","[1, 0, 0, 1, 0, 0]","[0.2448500096797943, -0.1903071254491806, 0.0032016609329730272, 0.045363642275333405, -0.047818392515182495, -0.05528999865055084]","[0.2448500096797943, -0.1903071254491806, 0.0032016609329730272, 0.045363642275333405, -0.047818392515182495, -0.05528999865055084]","[-0.2448500096797943, 0.1903071254491806, -0.0032016609329730272, -0.045363642275333405, 0.047818392515182495, 0.05528999865055084]",-1,-1,True,"['A', 'D']","['A', 'D']"
5ae500fd55429908b63264d8::active_set_pack_b,5ae500fd55429908b63264d8,"['A', 'B', 'C', 'D', 'E', 'F']","[1, 0, 0, 1, 0, 0]","[0.05551651865243912, -0.1933697909116745, 0.025866376236081123, 0.1563919335603714, -0.020624155178666115, -0.023780828341841698]","[0.05551651865243912, -0.1933697909116745, 0.025866376236081123, 0.1563919335603714, -0.020624155178666115, -0.023780828341841698]","[0.05551651865243912, -0.1933697909116745, 0.025866376236081123, 0.1563919335603714, -0.020624155178666115, -0.023780828341841698]",1,1,True,"['A', 'D']","['A', 'D']"
5a8514545542992a431d1ad2::working_set_pack_a,5a8514545542992a431d1ad2,"['A', 'B', 'C', 'D', 'E', 'F']","[0, 0, 0, 1, 1, 0]","[-0.14732694625854492, -0.06709078699350357, -0.09358743578195572, 0.011408141814172268, 0.3235880732536316, -0.02699110470712185]","[-0.14732694625854492, -0.06709078699350357, -0.09358743578195572, 0.011408141814172268, 0.3235880732536316, -0.02699110470712185]","[-0.14732694625854492, -0.06709078699350357, -0.09358743578195572, 0.011408141814172268, 0.3235880732536316, -0.02699110470712185]",1,1,False,"['A', 'E']","['D', 'E']"
5a8514545542992a431d1ad2::active_set_pack_a,5a8514545542992a431d1ad2,"['A', 'B', 'C', 'D', 'E', 'F']","[0, 0, 0, 1, 1, 0]","[-0.14745591580867767, -0.06474550068378448, -0.09616655111312866, 0.01204532291740179, 0.2843242883682251, 0.011998319998383522]","[-0.14745591580867767, -0.06474550068378448, -0.09616655111312866, 0.01204532291740179, 0.2843242883682251, 0.011998319998383522]","[-0.14745591580867767, -0.06474550068378448, -0.09616655111312866, 0.01204532291740179, 0.2843242883682251, 0.011998319998383522]",1,1,False,"['A', 'E']","['D', 'E']"
5a8514545542992a431d1ad2::working_set_pack_b,5a8514545542992a431d1ad2,"['A', 'B', 'C', 'D', 'E', 'F']","[0, 0, 0, 1, 1, 0]","[-0.16812847554683685, -0.07302206009626389, -0.10557900369167328, 0.056517940014600754, 0.3610134422779083, -0.07080189138650894]","[-0.16812847554683685, -0.07302206009626389, -0.10557900369167328, 0.056517940014600754, 0.3610134422779083, -0.07080189138650894]","[-0.16812847554683685, -0.07302206009626389, -0.10557900369167328, 0.056517940014600754, 0.3610134422779083, -0.07080189138650894]",1,1,False,"['A', 'E']","['D', 'E']"
5a8514545542992a431d1ad2::active_set_pack_b,5a8514545542992a431d1ad2,"['A', 'B', 'C', 'D', 'E', 'F']","[0, 0, 0, 1, 1, 0]","[-0.1507006734609604, -0.056012555956840515, -0.09457237273454666, 0.04811697080731392, 0.25311291217803955, 5.573681846726686e-05]","[0.1507006734609604, 0.056012555956840515, 0.09457237273454666, -0.04811697080731392, -0.25311291217803955, -5.573681846726686e-05]","[-0.1507006734609604, -0.056012555956840515, -0.09457237273454666, 0.04811697080731392, 0.25311291217803955, 5.573681846726686e-05]",1,-1,False,"['A', 'D']","['D', 'E']"
5ae3345f55429928c4239682::working_set_pack_a,5ae3345f55429928c4239682,"['A', 'B', 'C', 'D', 'E', 'F']","[1, 1, 0, 0, 0, 0]","[0.6937415599822998, -0.15005455911159515, -0.13250169157981873, -0.14602014422416687, -0.12689068913459778, -0.1382743865251541]","[0.6937415599822998, -0.15005455911159515, -0.13250169157981873, -0.14602014422416687, -0.12689068913459778, -0.1382743865251541]","[-0.6937415599822998, 0.15005455911159515, 0.13250169157981873, 0.14602014422416687, 0.12689068913459778, 0.1382743865251541]",-1,-1,True,"['A', 'B']","['A', 'B']"
5ae3345f55429928c4239682::active_set_pack_a,5ae3345f55429928c4239682,"['A', 'B', 'C', 'D', 'E', 'F']","[1, 1, 0, 0, 0, 0]","[0.8390702605247498, -0.17588607966899872, -0.16171720623970032, -0.1742306500673294, -0.16266340017318726, -0.1645733267068863]","[0.8390702605247498, -0.17588607966899872, -0.16171720623970032, -0.1742306500673294, -0.16266340017318726, -0.1645733267068863]","[-0.8390702605247498, 0.17588607966899872, 0.16171720623970032, 0.1742306500673294, 0.16266340017318726, 0.1645733267068863]",-1,-1,True,"['A', 'B']","['A', 'B']"
5ae3345f55429928c4239682::working_set_pack_b,5ae3345f55429928c4239682,"['A', 'B', 'C', 'D', 'E', 'F']","[1, 1, 0, 0, 0, 0]","[1.0530472993850708, -0.2192610800266266, -0.20042936503887177, -0.22291156649589539, -0.20493927597999573, -0.20550605654716492]","[1.0530472993850708, -0.2192610800266266, -0.20042936503887177, -0.22291156649589539, -0.20493927597999573, -0.20550605654716492]","[-1.0530472993850708, 0.2192610800266266, 0.20042936503887177, 0.22291156649589539, 0.20493927597999573, 0.20550605654716492]",-1,-1,True,"['A', 'B']","['A', 'B']"
5ae3345f55429928c4239682::active_set_pack_b,5ae3345f55429928c4239682,"['A', 'B', 'C', 'D', 'E', 'F']","[1, 1, 0, 0, 0, 0]","[0.8962234854698181, -0.19282685220241547, -0.16283263266086578, -0.19205331802368164, -0.17353007197380066, -0.17498070001602173]","[0.8962234854698181, -0.19282685220241547, -0.16283263266086578, -0.19205331802368164, -0.17353007197380066, -0.17498070001602173]","[0.8962234854698181, -0.19282685220241547, -0.16283263266086578, -0.19205331802368164, -0.17353007197380066, -0.17498070001602173]",1,1,True,"['A', 'B']","['A', 'B']"
5ac1b48f55429963665198f3::working_set_pack_a,5ac1b48f55429963665198f3,"['A', 'B', 'C', 'D', 'E', 'F']","[0, 0, 1, 1, 0, 0]","[-0.10079848021268845, -0.04259389266371727, -0.11033432185649872, 0.39521998167037964, -0.04615244269371033, -0.09534075856208801]","[-0.10079848021268845, -0.04259389266371727, -0.11033432185649872, 0.39521998167037964, -0.04615244269371033, -0.09534075856208801]","[-0.10079848021268845, -0.04259389266371727, -0.11033432185649872, 0.39521998167037964, -0.04615244269371033, -0.09534075856208801]",1,1,False,"['A', 'D']","['C', 'D']"
5ac1b48f55429963665198f3::active_set_pack_a,5ac1b48f55429963665198f3,"['A', 'B', 'C', 'D', 'E', 'F']","[0, 0, 1, 1, 0, 0]","[-0.0979989618062973, -0.0433504618704319, -0.1083858534693718, 0.39709195494651794, -0.05361597612500191, -0.09374077618122101]","[-0.0979989618062973, -0.0433504618704319, -0.1083858534693718, 0.39709195494651794, -0.05361597612500191, -0.09374077618122101]","[0.0979989618062973, 0.0433504618704319, 0.1083858534693718, -0.39709195494651794, 0.05361597612500191, 0.09374077618122101]",-1,-1,False,"['A', 'D']","['C', 'D']"
5ac1b48f55429963665198f3::working_set_pack_b,5ac1b48f55429963665198f3,"['A', 'B', 'C', 'D', 'E', 'F']","[0, 0, 1, 1, 0, 0]","[-0.20245687663555145, -0.13779951632022858, -0.18132242560386658, 0.8413307070732117, -0.14006000757217407, -0.17969179153442383]","[-0.20245687663555145, -0.13779951632022858, -0.18132242560386658, 0.8413307070732117, -0.14006000757217407, -0.17969179153442383]","[-0.20245687663555145, -0.13779951632022858, -0.18132242560386658, 0.8413307070732117, -0.14006000757217407, -0.17969179153442383]",1,1,False,"['A', 'D']","['C', 'D']"
5ac1b48f55429963665198f3::active_set_pack_b,5ac1b48f55429963665198f3,"['A', 'B', 'C', 'D', 'E', 'F']","[0, 0, 1, 1, 0, 0]","[-0.13869532942771912, -0.06699780374765396, -0.12455914914608002, 0.522106409072876, -0.07429017126560211, -0.11756391078233719]","[-0.13869532942771912, -0.06699780374765396, -0.12455914914608002, 0.522106409072876, -0.07429017126560211, -0.11756391078233719]","[-0.13869532942771912, -0.06699780374765396, -0.12455914914608002, 0.522106409072876, -0.07429017126560211, -0.11756391078233719]",1,1,False,"['A', 'D']","['C', 'D']"
5ab9d58855429939ce03dc3a::working_set_pack_a,5ab9d58855429939ce03dc3a,"['A', 'B', 'C', 'D', 'E', 'F']","[1, 0, 1, 0, 0, 0]","[-0.04035377502441406, 0.022427719086408615, 0.14394064247608185, -0.13149434328079224, 0.010968669317662716, -0.005488982889801264]","[-0.04035377502441406, 0.022427719086408615, 0.14394064247608185, -0.13149434328079224, 0.010968669317662716, -0.005488982889801264]","[-0.04035377502441406, 0.022427719086408615, 0.14394064247608185, -0.13149434328079224, 0.010968669317662716, -0.005488982889801264]",1,1,True,"['A', 'C']","['A', 'C']"
5ab9d58855429939ce03dc3a::active_set_pack_a,5ab9d58855429939ce03dc3a,"['A', 'B', 'C', 'D', 'E', 'F']","[1, 0, 1, 0, 0, 0]","[-0.022862352430820465, 0.018101761117577553, 0.161005899310112, -0.16141706705093384, 0.009765290655195713, -0.004593466408550739]","[-0.022862352430820465, 0.018101761117577553, 0.161005899310112, -0.16141706705093384, 0.009765290655195713, -0.004593466408550739]","[-0.022862352430820465, 0.018101761117577553, 0.161005899310112, -0.16141706705093384, 0.009765290655195713, -0.004593466408550739]",1,1,True,"['A', 'C']","['A', 'C']"
5ab9d58855429939ce03dc3a::working_set_pack_b,5ab9d58855429939ce03dc3a,"['A', 'B', 'C', 'D', 'E', 'F']","[1, 0, 1, 0, 0, 0]","[-0.05434500053524971, -0.022283885627985, 0.23996378481388092, -0.08605802804231644, -0.0345398411154747, -0.042736999690532684]","[-0.05434500053524971, -0.022283885627985, 0.23996378481388092, -0.08605802804231644, -0.0345398411154747, -0.042736999690532684]","[0.05434500053524971, 0.022283885627985, -0.23996378481388092, 0.08605802804231644, 0.0345398411154747, 0.042736999690532684]",-1,-1,True,"['A', 'C']","['A', 'C']"
5ab9d58855429939ce03dc3a::active_set_pack_b,5ab9d58855429939ce03dc3a,"['A', 'B', 'C', 'D', 'E', 'F']","[1, 0, 1, 0, 0, 0]","[-0.040023572742938995, 0.034445907920598984, 0.1631976217031479, -0.17675907909870148, 0.017165029421448708, 0.0019740364514291286]","[-0.040023572742938995, 0.034445907920598984, 0.1631976217031479, -0.17675907909870148, 0.017165029421448708, 0.0019740364514291286]","[-0.040023572742938995, 0.034445907920598984, 0.1631976217031479, -0.17675907909870148, 0.017165029421448708, 0.0019740364514291286]",1,1,True,"['A', 'C']","['A', 'C']"
5ab9121555429919ba4e238a::working_set_pack_a,5ab9121555429919ba4e238a,"['A', 'B', 'C', 'D', 'E', 'F']","[0, 1, 0, 0, 1, 0]","[-0.1070961207151413, 0.07164227217435837, -0.006149936001747847, 0.001464177737943828, 0.027207637205719948, 0.01293198298662901]","[0.1070961207151413, -0.07164227217435837, 0.006149936001747847, -0.001464177737943828, -0.027207637205719948, -0.01293198298662901]","[-0.1070961207151413, 0.07164227217435837, -0.006149936001747847, 0.001464177737943828, 0.027207637205719948, 0.01293198298662901]",1,-1,False,"['A', 'F']","['B', 'E']"
5ab9121555429919ba4e238a::active_set_pack_a,5ab9121555429919ba4e238a,"['A', 'B', 'C', 'D', 'E', 'F']","[0, 1, 0, 0, 1, 0]","[-0.07125561684370041, 0.11127237975597382, -0.018264830112457275, -0.02595893293619156, 0.013208187185227871, -0.009001236408948898]","[0.07125561684370041, -0.11127237975597382, 0.018264830112457275, 0.02595893293619156, -0.013208187185227871, 0.009001236408948898]","[-0.07125561684370041, 0.11127237975597382, -0.018264830112457275, -0.02595893293619156, 0.013208187185227871, -0.009001236408948898]",1,-1,False,"['A', 'F']","['B', 'E']"
5ab9121555429919ba4e238a::working_set_pack_b,5ab9121555429919ba4e238a,"['A', 'B', 'C', 'D', 'E', 'F']","[0, 1, 0, 0, 1, 0]","[-0.09199748188257217, 0.20095661282539368, -0.04600914195179939, -0.04566609114408493, 0.004667652305215597, -0.021951623260974884]","[0.09199748188257217, -0.20095661282539368, 0.04600914195179939, 0.04566609114408493, -0.004667652305215597, 0.021951623260974884]","[-0.09199748188257217, 0.20095661282539368, -0.04600914195179939, -0.04566609114408493, 0.004667652305215597, -0.021951623260974884]",1,-1,False,"['A', 'F']","['B', 'E']"
5ab9121555429919ba4e238a::active_set_pack_b,5ab9121555429919ba4e238a,"['A', 'B', 'C', 'D', 'E', 'F']","[0, 1, 0, 0, 1, 0]","[-0.06184287369251251, 0.17626899480819702, -0.0390508808195591, -0.04228467494249344, -0.001079847221262753, -0.032010823488235474]","[0.06184287369251251, -0.17626899480819702, 0.0390508808195591, 0.04228467494249344, 0.001079847221262753, 0.032010823488235474]","[-0.06184287369251251, 0.17626899480819702, -0.0390508808195591, -0.04228467494249344, -0.001079847221262753, -0.032010823488235474]",1,-1,False,"['A', 'F']","['B', 'E']"
5abf037a5542993fe9a41dbe::working_set_pack_a,5abf037a5542993fe9a41dbe,"['A', 'B', 'C', 'D', 'E', 'F']","[0, 0, 0, 1, 1, 0]","[-0.02629670314490795, 0.04040177911520004, -0.0016018907772377133, 0.1383867859840393, -0.021939406171441078, -0.1289505809545517]","[-0.02629670314490795, 0.04040177911520004, -0.0016018907772377133, 0.1383867859840393, -0.021939406171441078, -0.1289505809545517]","[-0.02629670314490795, 0.04040177911520004, -0.0016018907772377133, 0.1383867859840393, -0.021939406171441078, -0.1289505809545517]",1,1,False,"['A', 'D']","['D', 'E']"
5abf037a5542993fe9a41dbe::active_set_pack_a,5abf037a5542993fe9a41dbe,"['A', 'B', 'C', 'D', 'E', 'F']","[0, 0, 0, 1, 1, 0]","[0.003737018210813403, 0.0639653205871582, 0.02778518572449684, 0.08227337896823883, 0.0042450278997421265, -0.18200595676898956]","[0.003737018210813403, 0.0639653205871582, 0.02778518572449684, 0.08227337896823883, 0.0042450278997421265, -0.18200595676898956]","[0.003737018210813403, 0.0639653205871582, 0.02778518572449684, 0.08227337896823883, 0.0042450278997421265, -0.18200595676898956]",1,1,False,"['A', 'D']","['D', 'E']"
5abf037a5542993fe9a41dbe::working_set_pack_b,5abf037a5542993fe9a41dbe,"['A', 'B', 'C', 'D', 'E', 'F']","[0, 0, 0, 1, 1, 0]","[-0.07145033776760101, -0.02877884916961193, -0.03095170482993126, 0.3281414210796356, -0.05200900882482529, -0.1449517160654068]","[-0.07145033776760101, -0.02877884916961193, -0.03095170482993126, 0.3281414210796356, -0.05200900882482529, -0.1449517160654068]","[-0.07145033776760101, -0.02877884916961193, -0.03095170482993126, 0.3281414210796356, -0.05200900882482529, -0.1449517160654068]",1,1,False,"['A', 'D']","['D', 'E']"
5abf037a5542993fe9a41dbe::active_set_pack_b,5abf037a5542993fe9a41dbe,"['A', 'B', 'C', 'D', 'E', 'F']","[0, 0, 0, 1, 1, 0]","[0.026222750544548035, 0.05267654359340668, 0.04815058037638664, 0.09615679830312729, 0.02105865068733692, -0.24426540732383728]","[0.026222750544548035, 0.05267654359340668, 0.04815058037638664, 0.09615679830312729, 0.02105865068733692, -0.24426540732383728]","[0.026222750544548035, 0.05267654359340668, 0.04815058037638664, 0.09615679830312729, 0.02105865068733692, -0.24426540732383728]",1,1,False,"['A', 'D']","['D', 'E']"
5a74f2ff5542993748c89748::working_set_pack_a,5a74f2ff5542993748c89748,"['A', 'B', 'C', 'D', 'E', 'F']","[1, 0, 0, 0, 1, 0]","[0.22213247418403625, -0.09507673978805542, 0.020945848897099495, -0.041456189006567, -0.04586799815297127, -0.06067740172147751]","[0.22213247418403625, -0.09507673978805542, 0.020945848897099495, -0.041456189006567, -0.04586799815297127, -0.06067740172147751]","[-0.22213247418403625, 0.09507673978805542, -0.020945848897099495, 0.041456189006567, 0.04586799815297127, 0.06067740172147751]",-1,-1,True,"['A', 'E']","['A', 'E']"
5a74f2ff5542993748c89748::active_set_pack_a,5a74f2ff5542993748c89748,"['A', 'B', 'C', 'D', 'E', 'F']","[1, 0, 0, 0, 1, 0]","[0.2251850962638855, -0.09867925196886063, 0.03168685734272003, -0.04703238233923912, -0.023463966324925423, -0.08769641071557999]","[0.2251850962638855, -0.09867925196886063, 0.03168685734272003, -0.04703238233923912, -0.023463966324925423, -0.08769641071557999]","[-0.2251850962638855, 0.09867925196886063, -0.03168685734272003, 0.04703238233923912, 0.023463966324925423, 0.08769641071557999]",-1,-1,True,"['A', 'E']","['A', 'E']"
5a74f2ff5542993748c89748::working_set_pack_b,5a74f2ff5542993748c89748,"['A', 'B', 'C', 'D', 'E', 'F']","[1, 0, 0, 0, 1, 0]","[0.3204492926597595, -0.11882475018501282, 0.01803659461438656, -0.07596327364444733, -0.061570048332214355, -0.08212780207395554]","[0.3204492926597595, -0.11882475018501282, 0.01803659461438656, -0.07596327364444733, -0.061570048332214355, -0.08212780207395554]","[-0.3204492926597595, 0.11882475018501282, -0.01803659461438656, 0.07596327364444733, 0.061570048332214355, 0.08212780207395554]",-1,-1,True,"['A', 'E']","['A', 'E']"
5a74f2ff5542993748c89748::active_set_pack_b,5a74f2ff5542993748c89748,"['A', 'B', 'C', 'D', 'E', 'F']","[1, 0, 0, 0, 1, 0]","[0.19506430625915527, -0.1892467737197876, 0.09052129834890366, -0.031341444700956345, 0.03362678736448288, -0.09862419962882996]","[0.19506430625915527, -0.1892467737197876, 0.09052129834890366, -0.031341444700956345, 0.03362678736448288, -0.09862419962882996]","[-0.19506430625915527, 0.1892467737197876, -0.09052129834890366, 0.031341444700956345, -0.03362678736448288, 0.09862419962882996]",-1,-1,True,"['A', 'E']","['A', 'E']"
5ac52b495542994611c8b3de::working_set_pack_a,5ac52b495542994611c8b3de,"['A', 'B', 'C', 'D', 'E', 'F']","[1, 0, 1, 0, 0, 0]","[0.0402497723698616, -0.06106186285614967, 0.2190854549407959, -0.0645643100142479, -0.05238189920783043, -0.08132713288068771]","[0.0402497723698616, -0.06106186285614967, 0.2190854549407959, -0.0645643100142479, -0.05238189920783043, -0.08132713288068771]","[-0.0402497723698616, 0.06106186285614967, -0.2190854549407959, 0.0645643100142479, 0.05238189920783043, 0.08132713288068771]",-1,-1,True,"['A', 'C']","['A', 'C']"
5ac52b495542994611c8b3de::active_set_pack_a,5ac52b495542994611c8b3de,"['A', 'B', 'C', 'D', 'E', 'F']","[1, 0, 1, 0, 0, 0]","[0.014410659670829773, -0.08771543204784393, 0.3411673605442047, -0.08574273437261581, -0.0785035640001297, -0.10361635684967041]","[-0.014410659670829773, 0.08771543204784393, -0.3411673605442047, 0.08574273437261581, 0.0785035640001297, 0.10361635684967041]","[-0.014410659670829773, 0.08771543204784393, -0.3411673605442047, 0.08574273437261581, 0.0785035640001297, 0.10361635684967041]",-1,1,False,"['A', 'F']","['A', 'C']"
5ac52b495542994611c8b3de::working_set_pack_b,5ac52b495542994611c8b3de,"['A', 'B', 'C', 'D', 'E', 'F']","[1, 0, 1, 0, 0, 0]","[-0.03043929859995842, -0.15444301068782806, 0.6241462230682373, -0.15097908675670624, -0.14333048462867737, -0.14495454728603363]","[-0.03043929859995842, -0.15444301068782806, 0.6241462230682373, -0.15097908675670624, -0.14333048462867737, -0.14495454728603363]","[-0.03043929859995842, -0.15444301068782806, 0.6241462230682373, -0.15097908675670624, -0.14333048462867737, -0.14495454728603363]",1,1,True,"['A', 'C']","['A', 'C']"
5ac52b495542994611c8b3de::active_set_pack_b,5ac52b495542994611c8b3de,"['A', 'B', 'C', 'D', 'E', 'F']","[1, 0, 1, 0, 0, 0]","[-0.037025336176157, -0.14324192702770233, 0.5841740369796753, -0.14036010205745697, -0.13211487233638763, -0.13143177330493927]","[-0.037025336176157, -0.14324192702770233, 0.5841740369796753, -0.14036010205745697, -0.13211487233638763, -0.13143177330493927]","[0.037025336176157, 0.14324192702770233, -0.5841740369796753, 0.14036010205745697, 0.13211487233638763, 0.13143177330493927]",-1,-1,True,"['A', 'C']","['A', 'C']"
5a72b1c25542992359bc3172::working_set_pack_a,5a72b1c25542992359bc3172,"['A', 'B', 'C', 'D', 'E', 'F']","[1, 0, 0, 1, 0, 0]","[-0.016267824918031693, -0.0359128937125206, -0.01807337999343872, 0.13958226144313812, -0.01968217082321644, -0.04964597895741463]","[-0.016267824918031693, -0.0359128937125206, -0.01807337999343872, 0.13958226144313812, -0.01968217082321644, -0.04964597895741463]","[0.016267824918031693, 0.0359128937125206, 0.01807337999343872, -0.13958226144313812, 0.01968217082321644, 0.04964597895741463]",-1,-1,True,"['A', 'D']","['A', 'D']"
5a72b1c25542992359bc3172::active_set_pack_a,5a72b1c25542992359bc3172,"['A', 'B', 'C', 'D', 'E', 'F']","[1, 0, 0, 1, 0, 0]","[-0.026677055284380913, -0.040971092879772186, -0.032299477607011795, 0.16139084100723267, -0.030819792300462723, -0.030623415485024452]","[-0.026677055284380913, -0.040971092879772186, -0.032299477607011795, 0.16139084100723267, -0.030819792300462723, -0.030623415485024452]","[0.026677055284380913, 0.040971092879772186, 0.032299477607011795, -0.16139084100723267, 0.030819792300462723, 0.030623415485024452]",-1,-1,True,"['A', 'D']","['A', 'D']"
5a72b1c25542992359bc3172::working_set_pack_b,5a72b1c25542992359bc3172,"['A', 'B', 'C', 'D', 'E', 'F']","[1, 0, 0, 1, 0, 0]","[-0.010151953436434269, -0.055207911878824234, -0.038739606738090515, 0.19532044231891632, -0.03870472311973572, -0.052516188472509384]","[-0.010151953436434269, -0.055207911878824234, -0.038739606738090515, 0.19532044231891632, -0.03870472311973572, -0.052516188472509384]","[-0.010151953436434269, -0.055207911878824234, -0.038739606738090515, 0.19532044231891632, -0.03870472311973572, -0.052516188472509384]",1,1,True,"['A', 'D']","['A', 'D']"
5a72b1c25542992359bc3172::active_set_pack_b,5a72b1c25542992359bc3172,"['A', 'B', 'C', 'D', 'E', 'F']","[1, 0, 0, 1, 0, 0]","[0.0135761434212327, -0.06446264684200287, -0.01492459699511528, 0.13480833172798157, -0.020370537415146828, -0.04862665385007858]","[-0.0135761434212327, 0.06446264684200287, 0.01492459699511528, -0.13480833172798157, 0.020370537415146828, 0.04862665385007858]","[-0.0135761434212327, 0.06446264684200287, 0.01492459699511528, -0.13480833172798157, 0.020370537415146828, 0.04862665385007858]",-1,1,False,"['A', 'F']","['A', 'D']"
5ab39701554299233954ff5e::working_set_pack_a,5ab39701554299233954ff5e,"['A', 'B', 'C', 'D', 'E', 'F']","[0, 0, 1, 1, 0, 0]","[-0.07664332538843155, -0.08260110020637512, -0.04300324246287346, 0.324741393327713, -0.04167802631855011, -0.08081575483083725]","[-0.07664332538843155, -0.08260110020637512, -0.04300324246287346, 0.324741393327713, -0.04167802631855011, -0.08081575483083725]","[0.07664332538843155, 0.08260110020637512, 0.04300324246287346, -0.324741393327713, 0.04167802631855011, 0.08081575483083725]",-1,-1,True,"['C', 'D']","['C', 'D']"
5ab39701554299233954ff5e::active_set_pack_a,5ab39701554299233954ff5e,"['A', 'B', 'C', 'D', 'E', 'F']","[0, 0, 1, 1, 0, 0]","[-0.08591115474700928, -0.09392157196998596, -0.0502617247402668, 0.4020686149597168, -0.07940096408128738, -0.09257322549819946]","[-0.08591115474700928, -0.09392157196998596, -0.0502617247402668, 0.4020686149597168, -0.07940096408128738, -0.09257322549819946]","[0.08591115474700928, 0.09392157196998596, 0.0502617247402668, -0.4020686149597168, 0.07940096408128738, 0.09257322549819946]",-1,-1,True,"['C', 'D']","['C', 'D']"
5ab39701554299233954ff5e::working_set_pack_b,5ab39701554299233954ff5e,"['A', 'B', 'C', 'D', 'E', 'F']","[0, 0, 1, 1, 0, 0]","[-0.09440860897302628, -0.10176848620176315, -0.049586933106184006, 0.366458922624588, -0.025183407589793205, -0.09551157057285309]","[-0.09440860897302628, -0.10176848620176315, -0.049586933106184006, 0.366458922624588, -0.025183407589793205, -0.09551157057285309]","[0.09440860897302628, 0.10176848620176315, 0.049586933106184006, -0.366458922624588, 0.025183407589793205, 0.09551157057285309]",-1,-1,True,"['C', 'D']","['C', 'D']"
5ab39701554299233954ff5e::active_set_pack_b,5ab39701554299233954ff5e,"['A', 'B', 'C', 'D', 'E', 'F']","[0, 0, 1, 1, 0, 0]","[-0.08378330618143082, -0.08798040449619293, -0.042843710631132126, 0.31442832946777344, -0.016960367560386658, -0.0828605517745018]","[-0.08378330618143082, -0.08798040449619293, -0.042843710631132126, 0.31442832946777344, -0.016960367560386658, -0.0828605517745018]","[0.08378330618143082, 0.08798040449619293, 0.042843710631132126, -0.31442832946777344, 0.016960367560386658, 0.0828605517745018]",-1,-1,True,"['C', 'D']","['C', 'D']"
5adf8d5b5542995534e8c7e1::working_set_pack_a,5adf8d5b5542995534e8c7e1,"['A', 'B', 'C', 'D', 'E', 'F']","[0, 0, 0, 1, 1, 0]","[0.050440192222595215, -0.21424821019172668, -0.007900401949882507, 0.05582065135240555, 0.06153213977813721, 0.054355647414922714]","[0.050440192222595215, -0.21424821019172668, -0.007900401949882507, 0.05582065135240555, 0.06153213977813721, 0.054355647414922714]","[0.050440192222595215, -0.21424821019172668, -0.007900401949882507, 0.05582065135240555, 0.06153213977813721, 0.054355647414922714]",1,1,False,"['A', 'F']","['D', 'E']"
5adf8d5b5542995534e8c7e1::active_set_pack_a,5adf8d5b5542995534e8c7e1,"['A', 'B', 'C', 'D', 'E', 'F']","[0, 0, 0, 1, 1, 0]","[0.04353742673993111, -0.17854055762290955, -0.019087737426161766, 0.049776967614889145, 0.05716248229146004, 0.04715131223201752]","[0.04353742673993111, -0.17854055762290955, -0.019087737426161766, 0.049776967614889145, 0.05716248229146004, 0.04715131223201752]","[0.04353742673993111, -0.17854055762290955, -0.019087737426161766, 0.049776967614889145, 0.05716248229146004, 0.04715131223201752]",1,1,False,"['A', 'F']","['D', 'E']"
5adf8d5b5542995534e8c7e1::working_set_pack_b,5adf8d5b5542995534e8c7e1,"['A', 'B', 'C', 'D', 'E', 'F']","[0, 0, 0, 1, 1, 0]","[0.08034104108810425, -0.3377164900302887, 0.009600592777132988, 0.08148972690105438, 0.0865878090262413, 0.07969730347394943]","[0.08034104108810425, -0.3377164900302887, 0.009600592777132988, 0.08148972690105438, 0.0865878090262413, 0.07969730347394943]","[0.08034104108810425, -0.3377164900302887, 0.009600592777132988, 0.08148972690105438, 0.0865878090262413, 0.07969730347394943]",1,1,False,"['A', 'E']","['D', 'E']"
5adf8d5b5542995534e8c7e1::active_set_pack_b,5adf8d5b5542995534e8c7e1,"['A', 'B', 'C', 'D', 'E', 'F']","[0, 0, 0, 1, 1, 0]","[0.05794682726264, -0.17394514381885529, -0.09693396091461182, 0.07594824582338333, 0.0718563124537468, 0.06512772291898727]","[0.05794682726264, -0.17394514381885529, -0.09693396091461182, 0.07594824582338333, 0.0718563124537468, 0.06512772291898727]","[0.05794682726264, -0.17394514381885529, -0.09693396091461182, 0.07594824582338333, 0.0718563124537468, 0.06512772291898727]",1,1,False,"['A', 'E']","['D', 'E']"
5ae5b3df5542992663a4f20b::working_set_pack_a,5ae5b3df5542992663a4f20b,"['A', 'B', 'C', 'D', 'E', 'F']","[0, 0, 1, 1, 0, 0]","[-0.1000099927186966, 0.03911754488945007, -0.07177961617708206, 0.356981098651886, -0.10706973820924759, -0.11723922193050385]","[-0.1000099927186966, 0.03911754488945007, -0.07177961617708206, 0.356981098651886, -0.10706973820924759, -0.11723922193050385]","[-0.1000099927186966, 0.03911754488945007, -0.07177961617708206, 0.356981098651886, -0.10706973820924759, -0.11723922193050385]",1,1,False,"['A', 'D']","['C', 'D']"
5ae5b3df5542992663a4f20b::active_set_pack_a,5ae5b3df5542992663a4f20b,"['A', 'B', 'C', 'D', 'E', 'F']","[0, 0, 1, 1, 0, 0]","[-0.10785601288080215, 0.051027752459049225, -0.07725746184587479, 0.37784865498542786, -0.11686835438013077, -0.1268944889307022]","[-0.10785601288080215, 0.051027752459049225, -0.07725746184587479, 0.37784865498542786, -0.11686835438013077, -0.1268944889307022]","[-0.10785601288080215, 0.051027752459049225, -0.07725746184587479, 0.37784865498542786, -0.11686835438013077, -0.1268944889307022]",1,1,False,"['A', 'D']","['C', 'D']"
5ae5b3df5542992663a4f20b::working_set_pack_b,5ae5b3df5542992663a4f20b,"['A', 'B', 'C', 'D', 'E', 'F']","[0, 0, 1, 1, 0, 0]","[-0.11111219227313995, -0.03899212181568146, -0.09974980354309082, 0.5576962232589722, -0.147823765873909, -0.16001847386360168]","[-0.11111219227313995, -0.03899212181568146, -0.09974980354309082, 0.5576962232589722, -0.147823765873909, -0.16001847386360168]","[-0.11111219227313995, -0.03899212181568146, -0.09974980354309082, 0.5576962232589722, -0.147823765873909, -0.16001847386360168]",1,1,False,"['A', 'D']","['C', 'D']"
5ae5b3df5542992663a4f20b::active_set_pack_b,5ae5b3df5542992663a4f20b,"['A', 'B', 'C', 'D', 'E', 'F']","[0, 0, 1, 1, 0, 0]","[-0.09763944149017334, 0.057013627141714096, -0.07986028492450714, 0.3418455421924591, -0.10638251900672913, -0.11497685313224792]","[-0.09763944149017334, 0.057013627141714096, -0.07986028492450714, 0.3418455421924591, -0.10638251900672913, -0.11497685313224792]","[-0.09763944149017334, 0.057013627141714096, -0.07986028492450714, 0.3418455421924591, -0.10638251900672913, -0.11497685313224792]",1,1,False,"['A', 'D']","['C', 'D']"
5ac2423755429951e9e684ff::working_set_pack_a,5ac2423755429951e9e684ff,"['A', 'B', 'C', 'D', 'E', 'F']","[1, 0, 0, 0, 0, 1]","[0.022985218092799187, 0.1667572408914566, 0.025367962196469307, -0.21899355947971344, 0.014971454627811909, -0.011088423430919647]","[0.022985218092799187, 0.1667572408914566, 0.025367962196469307, -0.21899355947971344, 0.014971454627811909, -0.011088423430919647]","[0.022985218092799187, 0.1667572408914566, 0.025367962196469307, -0.21899355947971344, 0.014971454627811909, -0.011088423430919647]",1,1,True,"['A', 'F']","['A', 'F']"
5ac2423755429951e9e684ff::active_set_pack_a,5ac2423755429951e9e684ff,"['A', 'B', 'C', 'D', 'E', 'F']","[1, 0, 0, 0, 0, 1]","[0.03459334746003151, 0.13324931263923645, 0.04593266546726227, -0.2755657732486725, 0.035771727561950684, 0.02601868286728859]","[0.03459334746003151, 0.13324931263923645, 0.04593266546726227, -0.2755657732486725, 0.035771727561950684, 0.02601868286728859]","[0.03459334746003151, 0.13324931263923645, 0.04593266546726227, -0.2755657732486725, 0.035771727561950684, 0.02601868286728859]",1,1,True,"['A', 'F']","['A', 'F']"
5ac2423755429951e9e684ff::working_set_pack_b,5ac2423755429951e9e684ff,"['A', 'B', 'C', 'D', 'E', 'F']","[1, 0, 0, 0, 0, 1]","[0.04406147077679634, 0.14120683073997498, 0.04901706054806709, -0.320109486579895, 0.04113849624991417, 0.044685572385787964]","[0.04406147077679634, 0.14120683073997498, 0.04901706054806709, -0.320109486579895, 0.04113849624991417, 0.044685572385787964]","[0.04406147077679634, 0.14120683073997498, 0.04901706054806709, -0.320109486579895, 0.04113849624991417, 0.044685572385787964]",1,1,True,"['A', 'F']","['A', 'F']"
5ac2423755429951e9e684ff::active_set_pack_b,5ac2423755429951e9e684ff,"['A', 'B', 'C', 'D', 'E', 'F']","[1, 0, 0, 0, 0, 1]","[0.03991615027189255, 0.195719376206398, 0.04484329745173454, -0.3451942503452301, 0.036096781492233276, 0.028618602082133293]","[0.03991615027189255, 0.195719376206398, 0.04484329745173454, -0.3451942503452301, 0.036096781492233276, 0.028618602082133293]","[0.03991615027189255, 0.195719376206398, 0.04484329745173454, -0.3451942503452301, 0.036096781492233276, 0.028618602082133293]",1,1,True,"['A', 'F']","['A', 'F']"
5a822d4655429926c1cdae45::working_set_pack_a,5a822d4655429926c1cdae45,"['A', 'B', 'C', 'D', 'E', 'F']","[0, 1, 0, 0, 0, 1]","[0.007259729318320751, 0.25876307487487793, -0.058001741766929626, -0.032787322998046875, -0.011678827926516533, -0.16355502605438232]","[-0.007259729318320751, -0.25876307487487793, 0.058001741766929626, 0.032787322998046875, 0.011678827926516533, 0.16355502605438232]","[-0.007259729318320751, -0.25876307487487793, 0.058001741766929626, 0.032787322998046875, 0.011678827926516533, 0.16355502605438232]",-1,1,False,"['A', 'F']","['B', 'F']"
5a822d4655429926c1cdae45::active_set_pack_a,5a822d4655429926c1cdae45,"['A', 'B', 'C', 'D', 'E', 'F']","[0, 1, 0, 0, 0, 1]","[0.03679764270782471, 0.2513948976993561, -0.046272750943899155, -0.00821597408503294, 0.010322492569684982, -0.2440263032913208]","[-0.03679764270782471, -0.2513948976993561, 0.046272750943899155, 0.00821597408503294, -0.010322492569684982, 0.2440263032913208]","[-0.03679764270782471, -0.2513948976993561, 0.046272750943899155, 0.00821597408503294, -0.010322492569684982, 0.2440263032913208]",-1,1,False,"['A', 'F']","['B', 'F']"
5a822d4655429926c1cdae45::working_set_pack_b,5a822d4655429926c1cdae45,"['A', 'B', 'C', 'D', 'E', 'F']","[0, 1, 0, 0, 0, 1]","[-0.05713345482945442, -0.27198511362075806, 0.027064597234129906, -0.0006734696216881275, -0.00015467738558072597, 0.30288219451904297]","[-0.05713345482945442, -0.27198511362075806, 0.027064597234129906, -0.0006734696216881275, -0.00015467738558072597, 0.30288219451904297]","[-0.05713345482945442, -0.27198511362075806, 0.027064597234129906, -0.0006734696216881275, -0.00015467738558072597, 0.30288219451904297]",1,1,False,"['A', 'F']","['B', 'F']"
5a822d4655429926c1cdae45::active_set_pack_b,5a822d4655429926c1cdae45,"['A', 'B', 'C', 'D', 'E', 'F']","[0, 1, 0, 0, 0, 1]","[-0.02052190713584423, 0.319953590631485, -0.06516632437705994, -0.058529168367385864, -0.04423024505376816, -0.13150615990161896]","[0.02052190713584423, -0.319953590631485, 0.06516632437705994, 0.058529168367385864, 0.04423024505376816, 0.13150615990161896]","[0.02052190713584423, -0.319953590631485, 0.06516632437705994, 0.058529168367385864, 0.04423024505376816, 0.13150615990161896]",-1,1,False,"['A', 'F']","['B', 'F']"
5ab9672655429970cfb8eabd::working_set_pack_a,5ab9672655429970cfb8eabd,"['A', 'B', 'C', 'D', 'E', 'F']","[0, 0, 1, 1, 0, 0]","[-0.004005254711955786, 0.027300402522087097, -0.03675102815032005, 0.1301642656326294, -0.10084810853004456, -0.015860313549637794]","[-0.004005254711955786, 0.027300402522087097, -0.03675102815032005, 0.1301642656326294, -0.10084810853004456, -0.015860313549637794]","[0.004005254711955786, -0.027300402522087097, 0.03675102815032005, -0.1301642656326294, 0.10084810853004456, 0.015860313549637794]",-1,-1,False,"['A', 'D']","['C', 'D']"
5ab9672655429970cfb8eabd::active_set_pack_a,5ab9672655429970cfb8eabd,"['A', 'B', 'C', 'D', 'E', 'F']","[0, 0, 1, 1, 0, 0]","[-0.00445379875600338, 0.03167008236050606, -0.05877569690346718, 0.15694141387939453, -0.10587897151708603, -0.01950308494269848]","[-0.00445379875600338, 0.03167008236050606, -0.05877569690346718, 0.15694141387939453, -0.10587897151708603, -0.01950308494269848]","[0.00445379875600338, -0.03167008236050606, 0.05877569690346718, -0.15694141387939453, 0.10587897151708603, 0.01950308494269848]",-1,-1,False,"['A', 'D']","['C', 'D']"
5ab9672655429970cfb8eabd::working_set_pack_b,5ab9672655429970cfb8eabd,"['A', 'B', 'C', 'D', 'E', 'F']","[0, 0, 1, 1, 0, 0]","[0.026962310075759888, 0.04329361021518707, -0.020677831023931503, 0.1112682968378067, -0.1684650480747223, 0.0076187290251255035]","[0.026962310075759888, 0.04329361021518707, -0.020677831023931503, 0.1112682968378067, -0.1684650480747223, 0.0076187290251255035]","[-0.026962310075759888, -0.04329361021518707, 0.020677831023931503, -0.1112682968378067, 0.1684650480747223, -0.0076187290251255035]",-1,-1,False,"['A', 'D']","['C', 'D']"
5ab9672655429970cfb8eabd::active_set_pack_b,5ab9672655429970cfb8eabd,"['A', 'B', 'C', 'D', 'E', 'F']","[0, 0, 1, 1, 0, 0]","[-0.02170747146010399, 0.015727605670690536, -0.039757829159498215, 0.18835489451885223, -0.1174044981598854, -0.025212597101926804]","[-0.02170747146010399, 0.015727605670690536, -0.039757829159498215, 0.18835489451885223, -0.1174044981598854, -0.025212597101926804]","[0.02170747146010399, -0.015727605670690536, 0.039757829159498215, -0.18835489451885223, 0.1174044981598854, 0.025212597101926804]",-1,-1,False,"['A', 'D']","['C', 'D']"
5abb1f745542996cc5e49fb5::working_set_pack_a,5abb1f745542996cc5e49fb5,"['A', 'B', 'C', 'D', 'E', 'F']","[1, 0, 0, 0, 0, 1]","[0.18818151950836182, -0.06293453276157379, -0.025114042684435844, -0.05137418583035469, -0.08433934301137924, 0.03558051958680153]","[0.18818151950836182, -0.06293453276157379, -0.025114042684435844, -0.05137418583035469, -0.08433934301137924, 0.03558051958680153]","[-0.18818151950836182, 0.06293453276157379, 0.025114042684435844, 0.05137418583035469, 0.08433934301137924, -0.03558051958680153]",-1,-1,True,"['A', 'F']","['A', 'F']"
5abb1f745542996cc5e49fb5::active_set_pack_a,5abb1f745542996cc5e49fb5,"['A', 'B', 'C', 'D', 'E', 'F']","[1, 0, 0, 0, 0, 1]","[0.26322758197784424, -0.07591351121664047, -0.0485210046172142, -0.06521664559841156, -0.07216477394104004, -0.0014116020174697042]","[0.26322758197784424, -0.07591351121664047, -0.0485210046172142, -0.06521664559841156, -0.07216477394104004, -0.0014116020174697042]","[-0.26322758197784424, 0.07591351121664047, 0.0485210046172142, 0.06521664559841156, 0.07216477394104004, 0.0014116020174697042]",-1,-1,True,"['A', 'F']","['A', 'F']"
5abb1f745542996cc5e49fb5::working_set_pack_b,5abb1f745542996cc5e49fb5,"['A', 'B', 'C', 'D', 'E', 'F']","[1, 0, 0, 0, 0, 1]","[0.4904833436012268, -0.13706929981708527, -0.1051865965127945, -0.10223434865474701, -0.09894317388534546, -0.04704998806118965]","[0.4904833436012268, -0.13706929981708527, -0.1051865965127945, -0.10223434865474701, -0.09894317388534546, -0.04704998806118965]","[-0.4904833436012268, 0.13706929981708527, 0.1051865965127945, 0.10223434865474701, 0.09894317388534546, 0.04704998806118965]",-1,-1,True,"['A', 'F']","['A', 'F']"
5abb1f745542996cc5e49fb5::active_set_pack_b,5abb1f745542996cc5e49fb5,"['A', 'B', 'C', 'D', 'E', 'F']","[1, 0, 0, 0, 0, 1]","[0.24298562109470367, -0.09351307898759842, -0.057410337030887604, -0.06432290375232697, -0.04628103971481323, 0.018541669473052025]","[0.24298562109470367, -0.09351307898759842, -0.057410337030887604, -0.06432290375232697, -0.04628103971481323, 0.018541669473052025]","[-0.24298562109470367, 0.09351307898759842, 0.057410337030887604, 0.06432290375232697, 0.04628103971481323, -0.018541669473052025]",-1,-1,True,"['A', 'F']","['A', 'F']"
5abbbd0f55429931dba144d5::working_set_pack_a,5abbbd0f55429931dba144d5,"['A', 'B', 'C', 'D', 'E', 'F']","[0, 1, 0, 1, 0, 0]","[-0.08760610967874527, 0.35380616784095764, -0.08269616961479187, -0.06499612331390381, -0.03470863401889801, -0.08379910886287689]","[-0.08760610967874527, 0.35380616784095764, -0.08269616961479187, -0.06499612331390381, -0.03470863401889801, -0.08379910886287689]","[0.08760610967874527, -0.35380616784095764, 0.08269616961479187, 0.06499612331390381, 0.03470863401889801, 0.08379910886287689]",-1,-1,False,"['A', 'B']","['B', 'D']"
5abbbd0f55429931dba144d5::active_set_pack_a,5abbbd0f55429931dba144d5,"['A', 'B', 'C', 'D', 'E', 'F']","[0, 1, 0, 1, 0, 0]","[-0.09711510688066483, 0.3966746926307678, -0.09825973212718964, -0.07783286273479462, -0.024728557094931602, -0.09873858094215393]","[-0.09711510688066483, 0.3966746926307678, -0.09825973212718964, -0.07783286273479462, -0.024728557094931602, -0.09873858094215393]","[0.09711510688066483, -0.3966746926307678, 0.09825973212718964, 0.07783286273479462, 0.024728557094931602, 0.09873858094215393]",-1,-1,False,"['A', 'B']","['B', 'D']"
5abbbd0f55429931dba144d5::working_set_pack_b,5abbbd0f55429931dba144d5,"['A', 'B', 'C', 'D', 'E', 'F']","[0, 1, 0, 1, 0, 0]","[-0.13492351770401, 0.45401597023010254, -0.1253431737422943, -0.07991420477628708, 0.012511834502220154, -0.1263468861579895]","[-0.13492351770401, 0.45401597023010254, -0.1253431737422943, -0.07991420477628708, 0.012511834502220154, -0.1263468861579895]","[-0.13492351770401, 0.45401597023010254, -0.1253431737422943, -0.07991420477628708, 0.012511834502220154, -0.1263468861579895]",1,1,True,"['B', 'D']","['B', 'D']"
5abbbd0f55429931dba144d5::active_set_pack_b,5abbbd0f55429931dba144d5,"['A', 'B', 'C', 'D', 'E', 'F']","[0, 1, 0, 1, 0, 0]","[-0.11838343739509583, 0.4159359633922577, -0.10445643216371536, -0.055439598858356476, -0.033119600266218185, -0.1045370101928711]","[-0.11838343739509583, 0.4159359633922577, -0.10445643216371536, -0.055439598858356476, -0.033119600266218185, -0.1045370101928711]","[0.11838343739509583, -0.4159359633922577, 0.10445643216371536, 0.055439598858356476, 0.033119600266218185, 0.1045370101928711]",-1,-1,True,"['B', 'D']","['B', 'D']"
5ac3e8c65542997ea680c993::working_set_pack_a,5ac3e8c65542997ea680c993,"['A', 'B', 'C', 'D', 'E', 'F']","[0, 0, 0, 0, 1, 1]","[-0.1404782235622406, 0.0192651879042387, 0.016484715044498444, 0.027796229347586632, 0.05306297540664673, 0.02386913076043129]","[0.1404782235622406, -0.0192651879042387, -0.016484715044498444, -0.027796229347586632, -0.05306297540664673, -0.02386913076043129]","[-0.1404782235622406, 0.0192651879042387, 0.016484715044498444, 0.027796229347586632, 0.05306297540664673, 0.02386913076043129]",1,-1,False,"['A', 'F']","['E', 'F']"
5ac3e8c65542997ea680c993::active_set_pack_a,5ac3e8c65542997ea680c993,"['A', 'B', 'C', 'D', 'E', 'F']","[0, 0, 0, 0, 1, 1]","[-0.12538985908031464, 0.018033718690276146, 0.012906178832054138, 0.026039043441414833, 0.04846690222620964, 0.019943982362747192]","[0.12538985908031464, -0.018033718690276146, -0.012906178832054138, -0.026039043441414833, -0.04846690222620964, -0.019943982362747192]","[-0.12538985908031464, 0.018033718690276146, 0.012906178832054138, 0.026039043441414833, 0.04846690222620964, 0.019943982362747192]",1,-1,False,"['A', 'F']","['E', 'F']"
5ac3e8c65542997ea680c993::working_set_pack_b,5ac3e8c65542997ea680c993,"['A', 'B', 'C', 'D', 'E', 'F']","[0, 0, 0, 0, 1, 1]","[-0.11875972896814346, 0.011712515726685524, 0.005978530738502741, 0.02004421316087246, 0.05051421374082565, 0.03051026351749897]","[0.11875972896814346, -0.011712515726685524, -0.005978530738502741, -0.02004421316087246, -0.05051421374082565, -0.03051026351749897]","[-0.11875972896814346, 0.011712515726685524, 0.005978530738502741, 0.02004421316087246, 0.05051421374082565, 0.03051026351749897]",1,-1,False,"['A', 'F']","['E', 'F']"
5ac3e8c65542997ea680c993::active_set_pack_b,5ac3e8c65542997ea680c993,"['A', 'B', 'C', 'D', 'E', 'F']","[0, 0, 0, 0, 1, 1]","[-0.12145992368459702, 0.0202823206782341, 0.014711023308336735, 0.02157426066696644, 0.0485832542181015, 0.016309048980474472]","[0.12145992368459702, -0.0202823206782341, -0.014711023308336735, -0.02157426066696644, -0.0485832542181015, -0.016309048980474472]","[-0.12145992368459702, 0.0202823206782341, 0.014711023308336735, 0.02157426066696644, 0.0485832542181015, 0.016309048980474472]",1,-1,False,"['A', 'F']","['E', 'F']"
5a87390555429960ec39b769::working_set_pack_a,5a87390555429960ec39b769,"['A', 'B', 'C', 'D', 'E', 'F']","[1, 0, 0, 0, 1, 0]","[-0.10413843393325806, -0.039345547556877136, 0.0007252161158248782, -0.04719282314181328, 0.24289262294769287, -0.0529409795999527]","[0.10413843393325806, 0.039345547556877136, -0.0007252161158248782, 0.04719282314181328, -0.24289262294769287, 0.0529409795999527]","[-0.10413843393325806, -0.039345547556877136, 0.0007252161158248782, -0.04719282314181328, 0.24289262294769287, -0.0529409795999527]",1,-1,False,"['A', 'F']","['A', 'E']"
5a87390555429960ec39b769::active_set_pack_a,5a87390555429960ec39b769,"['A', 'B', 'C', 'D', 'E', 'F']","[1, 0, 0, 0, 1, 0]","[-0.13752469420433044, -0.02560451440513134, 0.009722587652504444, -0.03729647770524025, 0.23222936689853668, -0.041526321321725845]","[0.13752469420433044, 0.02560451440513134, -0.009722587652504444, 0.03729647770524025, -0.23222936689853668, 0.041526321321725845]","[-0.13752469420433044, -0.02560451440513134, 0.009722587652504444, -0.03729647770524025, 0.23222936689853668, -0.041526321321725845]",1,-1,False,"['A', 'F']","['A', 'E']"
5a87390555429960ec39b769::working_set_pack_b,5a87390555429960ec39b769,"['A', 'B', 'C', 'D', 'E', 'F']","[1, 0, 0, 0, 1, 0]","[0.42951712012290955, -0.08019426465034485, -0.07995306700468063, -0.0705568790435791, -0.12733566761016846, -0.07147720456123352]","[0.42951712012290955, -0.08019426465034485, -0.07995306700468063, -0.0705568790435791, -0.12733566761016846, -0.07147720456123352]","[-0.42951712012290955, 0.08019426465034485, 0.07995306700468063, 0.0705568790435791, 0.12733566761016846, 0.07147720456123352]",-1,-1,False,"['A', 'F']","['A', 'E']"
5a87390555429960ec39b769::active_set_pack_b,5a87390555429960ec39b769,"['A', 'B', 'C', 'D', 'E', 'F']","[1, 0, 0, 0, 1, 0]","[-0.12698370218276978, -0.05849549174308777, 0.04486808180809021, -0.05520090460777283, 0.25110363960266113, -0.05529157817363739]","[0.12698370218276978, 0.05849549174308777, -0.04486808180809021, 0.05520090460777283, -0.25110363960266113, 0.05529157817363739]","[0.12698370218276978, 0.05849549174308777, -0.04486808180809021, 0.05520090460777283, -0.25110363960266113, 0.05529157817363739]",-1,1,False,"['A', 'F']","['A', 'E']"
5a8766cb5542996e4f3087d6::working_set_pack_a,5a8766cb5542996e4f3087d6,"['A', 'B', 'C', 'D', 'E', 'F']","[0, 0, 0, 1, 1, 0]","[-0.10067076236009598, -0.0510275773704052, -0.07977139204740524, 0.3673921227455139, -0.05264720320701599, -0.08327513188123703]","[0.10067076236009598, 0.0510275773704052, 0.07977139204740524, -0.3673921227455139, 0.05264720320701599, 0.08327513188123703]","[-0.10067076236009598, -0.0510275773704052, -0.07977139204740524, 0.3673921227455139, -0.05264720320701599, -0.08327513188123703]",1,-1,False,"['A', 'E']","['D', 'E']"
5a8766cb5542996e4f3087d6::active_set_pack_a,5a8766cb5542996e4f3087d6,"['A', 'B', 'C', 'D', 'E', 'F']","[0, 0, 0, 1, 1, 0]","[-0.100423164665699, -0.04540976881980896, -0.08142784237861633, 0.3661183714866638, -0.05375667288899422, -0.08510098606348038]","[0.100423164665699, 0.04540976881980896, 0.08142784237861633, -0.3661183714866638, 0.05375667288899422, 0.08510098606348038]","[-0.100423164665699, -0.04540976881980896, -0.08142784237861633, 0.3661183714866638, -0.05375667288899422, -0.08510098606348038]",1,-1,False,"['A', 'E']","['D', 'E']"
5a8766cb5542996e4f3087d6::working_set_pack_b,5a8766cb5542996e4f3087d6,"['A', 'B', 'C', 'D', 'E', 'F']","[0, 0, 0, 1, 1, 0]","[-0.15833589434623718, -0.07724884152412415, -0.12054500728845596, 0.5393908023834229, -0.0602867528796196, -0.1229744404554367]","[0.15833589434623718, 0.07724884152412415, 0.12054500728845596, -0.5393908023834229, 0.0602867528796196, 0.1229744404554367]","[-0.15833589434623718, -0.07724884152412415, -0.12054500728845596, 0.5393908023834229, -0.0602867528796196, -0.1229744404554367]",1,-1,False,"['A', 'E']","['D', 'E']"
5a8766cb5542996e4f3087d6::active_set_pack_b,5a8766cb5542996e4f3087d6,"['A', 'B', 'C', 'D', 'E', 'F']","[0, 0, 0, 1, 1, 0]","[-0.1250380426645279, -0.0357467345893383, -0.09107663482427597, 0.39459970593452454, -0.05109164118766785, -0.09164661169052124]","[0.1250380426645279, 0.0357467345893383, 0.09107663482427597, -0.39459970593452454, 0.05109164118766785, 0.09164661169052124]","[-0.1250380426645279, -0.0357467345893383, -0.09107663482427597, 0.39459970593452454, -0.05109164118766785, -0.09164661169052124]",1,-1,False,"['A', 'E']","['D', 'E']"
5a7ca54c55429935c91b527f::working_set_pack_a,5a7ca54c55429935c91b527f,"['A', 'B', 'C', 'D', 'E', 'F']","[0, 1, 0, 0, 1, 0]","[0.1552330106496811, -0.03797266259789467, -0.11018548160791397, -0.03280169516801834, 0.061267439275979996, -0.035540662705898285]","[0.1552330106496811, -0.03797266259789467, -0.11018548160791397, -0.03280169516801834, 0.061267439275979996, -0.035540662705898285]","[-0.1552330106496811, 0.03797266259789467, 0.11018548160791397, 0.03280169516801834, -0.061267439275979996, 0.035540662705898285]",-1,-1,False,"['A', 'E']","['B', 'E']"
5a7ca54c55429935c91b527f::active_set_pack_a,5a7ca54c55429935c91b527f,"['A', 'B', 'C', 'D', 'E', 'F']","[0, 1, 0, 0, 1, 0]","[0.12867380678653717, -0.034462008625268936, -0.1377260833978653, -0.02388414368033409, 0.09372720867395401, -0.026328856125473976]","[0.12867380678653717, -0.034462008625268936, -0.1377260833978653, -0.02388414368033409, 0.09372720867395401, -0.026328856125473976]","[-0.12867380678653717, 0.034462008625268936, 0.1377260833978653, 0.02388414368033409, -0.09372720867395401, 0.026328856125473976]",-1,-1,False,"['A', 'E']","['B', 'E']"
5a7ca54c55429935c91b527f::working_set_pack_b,5a7ca54c55429935c91b527f,"['A', 'B', 'C', 'D', 'E', 'F']","[0, 1, 0, 0, 1, 0]","[0.10985928773880005, -0.09489180892705917, -0.08061710000038147, -0.06336061656475067, 0.1963408887386322, -0.06733054667711258]","[0.10985928773880005, -0.09489180892705917, -0.08061710000038147, -0.06336061656475067, 0.1963408887386322, -0.06733054667711258]","[-0.10985928773880005, 0.09489180892705917, 0.08061710000038147, 0.06336061656475067, -0.1963408887386322, 0.06733054667711258]",-1,-1,False,"['A', 'E']","['B', 'E']"
5a7ca54c55429935c91b527f::active_set_pack_b,5a7ca54c55429935c91b527f,"['A', 'B', 'C', 'D', 'E', 'F']","[0, 1, 0, 0, 1, 0]","[0.0644136294722557, 0.04272602126002312, -0.24182191491127014, 0.034341566264629364, 0.06597413122653961, 0.03436650335788727]","[0.0644136294722557, 0.04272602126002312, -0.24182191491127014, 0.034341566264629364, 0.06597413122653961, 0.03436650335788727]","[-0.0644136294722557, -0.04272602126002312, 0.24182191491127014, -0.034341566264629364, -0.06597413122653961, -0.03436650335788727]",-1,-1,False,"['A', 'E']","['B', 'E']"
5a90c2b35542995651fb51df::working_set_pack_a,5a90c2b35542995651fb51df,"['A', 'B', 'C', 'D', 'E', 'F']","[0, 1, 0, 1, 0, 0]","[-0.12655052542686462, -0.1449619084596634, -0.10825968533754349, 0.5781151652336121, -0.16044537723064423, -0.037897538393735886]","[0.12655052542686462, 0.1449619084596634, 0.10825968533754349, -0.5781151652336121, 0.16044537723064423, 0.037897538393735886]","[-0.12655052542686462, -0.1449619084596634, -0.10825968533754349, 0.5781151652336121, -0.16044537723064423, -0.037897538393735886]",1,-1,False,"['A', 'F']","['B', 'D']"
5a90c2b35542995651fb51df::active_set_pack_a,5a90c2b35542995651fb51df,"['A', 'B', 'C', 'D', 'E', 'F']","[0, 1, 0, 1, 0, 0]","[-0.16347892582416534, -0.1831783950328827, -0.13993042707443237, 0.779201090335846, -0.20172956585884094, -0.09088365733623505]","[0.16347892582416534, 0.1831783950328827, 0.13993042707443237, -0.779201090335846, 0.20172956585884094, 0.09088365733623505]","[0.16347892582416534, 0.1831783950328827, 0.13993042707443237, -0.779201090335846, 0.20172956585884094, 0.09088365733623505]",-1,1,False,"['A', 'F']","['B', 'D']"
5a90c2b35542995651fb51df::working_set_pack_b,5a90c2b35542995651fb51df,"['A', 'B', 'C', 'D', 'E', 'F']","[0, 1, 0, 1, 0, 0]","[-0.1602024883031845, -0.1918794959783554, -0.13549494743347168, 0.7291406393051147, -0.20827928185462952, -0.03328445926308632]","[0.1602024883031845, 0.1918794959783554, 0.13549494743347168, -0.7291406393051147, 0.20827928185462952, 0.03328445926308632]","[-0.1602024883031845, -0.1918794959783554, -0.13549494743347168, 0.7291406393051147, -0.20827928185462952, -0.03328445926308632]",1,-1,False,"['A', 'F']","['B', 'D']"
5a90c2b35542995651fb51df::active_set_pack_b,5a90c2b35542995651fb51df,"['A', 'B', 'C', 'D', 'E', 'F']","[0, 1, 0, 1, 0, 0]","[-0.1873326450586319, -0.20716769993305206, -0.15067905187606812, 0.8839743137359619, -0.23336027562618256, -0.10543458163738251]","[0.1873326450586319, 0.20716769993305206, 0.15067905187606812, -0.8839743137359619, 0.23336027562618256, 0.10543458163738251]","[0.1873326450586319, 0.20716769993305206, 0.15067905187606812, -0.8839743137359619, 0.23336027562618256, 0.10543458163738251]",-1,1,False,"['A', 'F']","['B', 'D']"
5a74a3bd55429979e28829da::working_set_pack_a,5a74a3bd55429979e28829da,"['A', 'B', 'C', 'D', 'E', 'F']","[0, 1, 0, 0, 1, 0]","[0.044776640832424164, 0.024571934714913368, 0.030520394444465637, -0.16172261536121368, 0.029120199382305145, 0.03273344784975052]","[0.044776640832424164, 0.024571934714913368, 0.030520394444465637, -0.16172261536121368, 0.029120199382305145, 0.03273344784975052]","[0.044776640832424164, 0.024571934714913368, 0.030520394444465637, -0.16172261536121368, 0.029120199382305145, 0.03273344784975052]",1,1,False,"['A', 'E']","['B', 'E']"
5a74a3bd55429979e28829da::active_set_pack_a,5a74a3bd55429979e28829da,"['A', 'B', 'C', 'D', 'E', 'F']","[0, 1, 0, 0, 1, 0]","[0.04033496230840683, 0.021393241360783577, 0.030766580253839493, -0.16232745349407196, 0.03161893039941788, 0.03821372613310814]","[0.04033496230840683, 0.021393241360783577, 0.030766580253839493, -0.16232745349407196, 0.03161893039941788, 0.03821372613310814]","[0.04033496230840683, 0.021393241360783577, 0.030766580253839493, -0.16232745349407196, 0.03161893039941788, 0.03821372613310814]",1,1,False,"['A', 'F']","['B', 'E']"
5a74a3bd55429979e28829da::working_set_pack_b,5a74a3bd55429979e28829da,"['A', 'B', 'C', 'D', 'E', 'F']","[0, 1, 0, 0, 1, 0]","[0.05178014189004898, 0.023504870012402534, 0.028289994224905968, -0.17141428589820862, 0.025983966886997223, 0.04185531288385391]","[0.05178014189004898, 0.023504870012402534, 0.028289994224905968, -0.17141428589820862, 0.025983966886997223, 0.04185531288385391]","[0.05178014189004898, 0.023504870012402534, 0.028289994224905968, -0.17141428589820862, 0.025983966886997223, 0.04185531288385391]",1,1,False,"['A', 'F']","['B', 'E']"
5a74a3bd55429979e28829da::active_set_pack_b,5a74a3bd55429979e28829da,"['A', 'B', 'C', 'D', 'E', 'F']","[0, 1, 0, 0, 1, 0]","[0.049423880875110626, 0.03170204162597656, 0.03586098924279213, -0.19330143928527832, 0.03515656292438507, 0.041157908737659454]","[0.049423880875110626, 0.03170204162597656, 0.03586098924279213, -0.19330143928527832, 0.03515656292438507, 0.041157908737659454]","[0.049423880875110626, 0.03170204162597656, 0.03586098924279213, -0.19330143928527832, 0.03515656292438507, 0.041157908737659454]",1,1,False,"['A', 'E']","['B', 'E']"
5add3b665542997545bbbcd2::working_set_pack_a,5add3b665542997545bbbcd2,"['A', 'B', 'C', 'D', 'E', 'F']","[1, 1, 0, 0, 0, 0]","[0.11012238264083862, -0.01074168086051941, 0.041960708796978, -0.22698010504245758, 0.041225552558898926, 0.04441310465335846]","[0.11012238264083862, -0.01074168086051941, 0.041960708796978, -0.22698010504245758, 0.041225552558898926, 0.04441310465335846]","[0.11012238264083862, -0.01074168086051941, 0.041960708796978, -0.22698010504245758, 0.041225552558898926, 0.04441310465335846]",1,1,True,"['A', 'B']","['A', 'B']"
5add3b665542997545bbbcd2::active_set_pack_a,5add3b665542997545bbbcd2,"['A', 'B', 'C', 'D', 'E', 'F']","[1, 1, 0, 0, 0, 0]","[0.21026374399662018, -0.0361383892595768, -0.011438488028943539, -0.1539004147052765, -0.006284932140260935, -0.002501460025086999]","[0.21026374399662018, -0.0361383892595768, -0.011438488028943539, -0.1539004147052765, -0.006284932140260935, -0.002501460025086999]","[-0.21026374399662018, 0.0361383892595768, 0.011438488028943539, 0.1539004147052765, 0.006284932140260935, 0.002501460025086999]",-1,-1,True,"['A', 'B']","['A', 'B']"
5add3b665542997545bbbcd2::working_set_pack_b,5add3b665542997545bbbcd2,"['A', 'B', 'C', 'D', 'E', 'F']","[1, 1, 0, 0, 0, 0]","[0.07558751106262207, -0.02487373910844326, 0.06792792677879333, -0.2529411315917969, 0.06634289026260376, 0.06795646250247955]","[0.07558751106262207, -0.02487373910844326, 0.06792792677879333, -0.2529411315917969, 0.06634289026260376, 0.06795646250247955]","[0.07558751106262207, -0.02487373910844326, 0.06792792677879333, -0.2529411315917969, 0.06634289026260376, 0.06795646250247955]",1,1,True,"['A', 'B']","['A', 'B']"
5add3b665542997545bbbcd2::active_set_pack_b,5add3b665542997545bbbcd2,"['A', 'B', 'C', 'D', 'E', 'F']","[1, 1, 0, 0, 0, 0]","[0.20567242801189423, -0.05597952753305435, 0.004225120879709721, -0.1755891889333725, 0.009736968204379082, 0.011934133246541023]","[0.20567242801189423, -0.05597952753305435, 0.004225120879709721, -0.1755891889333725, 0.009736968204379082, 0.011934133246541023]","[0.20567242801189423, -0.05597952753305435, 0.004225120879709721, -0.1755891889333725, 0.009736968204379082, 0.011934133246541023]",1,1,True,"['A', 'B']","['A', 'B']"
5ab728e45542992aa3b8c7b4::working_set_pack_a,5ab728e45542992aa3b8c7b4,"['A', 'B', 'C', 'D', 'E', 'F']","[0, 0, 0, 1, 0, 1]","[-0.032742734998464584, -0.014611396938562393, -0.01650046743452549, -0.10109754651784897, 0.013204664923250675, 0.151747465133667]","[-0.032742734998464584, -0.014611396938562393, -0.01650046743452549, -0.10109754651784897, 0.013204664923250675, 0.151747465133667]","[-0.032742734998464584, -0.014611396938562393, -0.01650046743452549, -0.10109754651784897, 0.013204664923250675, 0.151747465133667]",1,1,False,"['A', 'F']","['D', 'F']"
5ab728e45542992aa3b8c7b4::active_set_pack_a,5ab728e45542992aa3b8c7b4,"['A', 'B', 'C', 'D', 'E', 'F']","[0, 0, 0, 1, 0, 1]","[-0.0392816998064518, -0.025189751759171486, -0.032891057431697845, -0.08201107382774353, -0.0015521999448537827, 0.18092581629753113]","[-0.0392816998064518, -0.025189751759171486, -0.032891057431697845, -0.08201107382774353, -0.0015521999448537827, 0.18092581629753113]","[-0.0392816998064518, -0.025189751759171486, -0.032891057431697845, -0.08201107382774353, -0.0015521999448537827, 0.18092581629753113]",1,1,False,"['A', 'F']","['D', 'F']"
5ab728e45542992aa3b8c7b4::working_set_pack_b,5ab728e45542992aa3b8c7b4,"['A', 'B', 'C', 'D', 'E', 'F']","[0, 0, 0, 1, 0, 1]","[0.02068798616528511, -0.018457183614373207, -0.013439156115055084, 0.1579911857843399, -0.04923044145107269, -0.0975523293018341]","[-0.02068798616528511, 0.018457183614373207, 0.013439156115055084, -0.1579911857843399, 0.04923044145107269, 0.0975523293018341]","[-0.02068798616528511, 0.018457183614373207, 0.013439156115055084, -0.1579911857843399, 0.04923044145107269, 0.0975523293018341]",-1,1,False,"['A', 'F']","['D', 'F']"
5ab728e45542992aa3b8c7b4::active_set_pack_b,5ab728e45542992aa3b8c7b4,"['A', 'B', 'C', 'D', 'E', 'F']","[0, 0, 0, 1, 0, 1]","[0.03917739912867546, -0.03179037198424339, -0.020429564639925957, 0.17004641890525818, -0.05220740661025047, -0.10479647666215897]","[-0.03917739912867546, 0.03179037198424339, 0.020429564639925957, -0.17004641890525818, 0.05220740661025047, 0.10479647666215897]","[0.03917739912867546, -0.03179037198424339, -0.020429564639925957, 0.17004641890525818, -0.05220740661025047, -0.10479647666215897]",1,-1,False,"['A', 'F']","['D', 'F']"
5a74fbe55542996c70cfae63::working_set_pack_a,5a74fbe55542996c70cfae63,"['A', 'B', 'C', 'D', 'E', 'F']","[1, 0, 1, 0, 0, 0]","[0.0026292563416063786, -0.16511547565460205, 0.2007879614830017, -0.015301238745450974, -0.006429872941225767, -0.016570601612329483]","[0.0026292563416063786, -0.16511547565460205, 0.2007879614830017, -0.015301238745450974, -0.006429872941225767, -0.016570601612329483]","[-0.0026292563416063786, 0.16511547565460205, -0.2007879614830017, 0.015301238745450974, 0.006429872941225767, 0.016570601612329483]",-1,-1,True,"['A', 'C']","['A', 'C']"
5a74fbe55542996c70cfae63::active_set_pack_a,5a74fbe55542996c70cfae63,"['A', 'B', 'C', 'D', 'E', 'F']","[1, 0, 1, 0, 0, 0]","[-0.027545491233468056, -0.13489483296871185, 0.301828533411026, -0.047525554895401, -0.04430883377790451, -0.04755382239818573]","[-0.027545491233468056, -0.13489483296871185, 0.301828533411026, -0.047525554895401, -0.04430883377790451, -0.04755382239818573]","[-0.027545491233468056, -0.13489483296871185, 0.301828533411026, -0.047525554895401, -0.04430883377790451, -0.04755382239818573]",1,1,True,"['A', 'C']","['A', 'C']"
5a74fbe55542996c70cfae63::working_set_pack_b,5a74fbe55542996c70cfae63,"['A', 'B', 'C', 'D', 'E', 'F']","[1, 0, 1, 0, 0, 0]","[-0.02335735410451889, -0.16699600219726562, 0.3736499547958374, -0.062265921384096146, -0.056059617549180984, -0.0649711936712265]","[-0.02335735410451889, -0.16699600219726562, 0.3736499547958374, -0.062265921384096146, -0.056059617549180984, -0.0649711936712265]","[-0.02335735410451889, -0.16699600219726562, 0.3736499547958374, -0.062265921384096146, -0.056059617549180984, -0.0649711936712265]",1,1,True,"['A', 'C']","['A', 'C']"
5a74fbe55542996c70cfae63::active_set_pack_b,5a74fbe55542996c70cfae63,"['A', 'B', 'C', 'D', 'E', 'F']","[1, 0, 1, 0, 0, 0]","[0.005689090117812157, -0.23142710328102112, 0.27054184675216675, -0.017979271709918976, -0.006943040061742067, -0.019881583750247955]","[0.005689090117812157, -0.23142710328102112, 0.27054184675216675, -0.017979271709918976, -0.006943040061742067, -0.019881583750247955]","[0.005689090117812157, -0.23142710328102112, 0.27054184675216675, -0.017979271709918976, -0.006943040061742067, -0.019881583750247955]",1,1,True,"['A', 'C']","['A', 'C']"
5ab30bbb55429976abd1bc39::working_set_pack_a,5ab30bbb55429976abd1bc39,"['A', 'B', 'C', 'D', 'E', 'F']","[1, 0, 0, 1, 0, 0]","[0.012629914097487926, 0.13991954922676086, -0.1282835751771927, 0.017561163753271103, -0.007495271507650614, -0.03433181345462799]","[0.012629914097487926, 0.13991954922676086, -0.1282835751771927, 0.017561163753271103, -0.007495271507650614, -0.03433181345462799]","[-0.012629914097487926, -0.13991954922676086, 0.1282835751771927, -0.017561163753271103, 0.007495271507650614, 0.03433181345462799]",-1,-1,True,"['A', 'D']","['A', 'D']"
5ab30bbb55429976abd1bc39::active_set_pack_a,5ab30bbb55429976abd1bc39,"['A', 'B', 'C', 'D', 'E', 'F']","[1, 0, 0, 1, 0, 0]","[0.03446892648935318, 0.12009276449680328, -0.14773081243038177, 0.045229293406009674, 0.015824420377612114, -0.06788462400436401]","[0.03446892648935318, 0.12009276449680328, -0.14773081243038177, 0.045229293406009674, 0.015824420377612114, -0.06788462400436401]","[-0.03446892648935318, -0.12009276449680328, 0.14773081243038177, -0.045229293406009674, -0.015824420377612114, 0.06788462400436401]",-1,-1,True,"['A', 'D']","['A', 'D']"
5ab30bbb55429976abd1bc39::working_set_pack_b,5ab30bbb55429976abd1bc39,"['A', 'B', 'C', 'D', 'E', 'F']","[1, 0, 0, 1, 0, 0]","[0.04517744854092598, -0.19566066563129425, 0.09119611978530884, 0.027036111801862717, 0.03621850535273552, -0.003967535216361284]","[0.04517744854092598, -0.19566066563129425, 0.09119611978530884, 0.027036111801862717, 0.03621850535273552, -0.003967535216361284]","[-0.04517744854092598, 0.19566066563129425, -0.09119611978530884, -0.027036111801862717, -0.03621850535273552, 0.003967535216361284]",-1,-1,True,"['A', 'D']","['A', 'D']"
5ab30bbb55429976abd1bc39::active_set_pack_b,5ab30bbb55429976abd1bc39,"['A', 'B', 'C', 'D', 'E', 'F']","[1, 0, 0, 1, 0, 0]","[0.011210067197680473, 0.15628358721733093, -0.13172052800655365, 0.014494071714580059, -0.0028823225293308496, -0.04738498106598854]","[0.011210067197680473, 0.15628358721733093, -0.13172052800655365, 0.014494071714580059, -0.0028823225293308496, -0.04738498106598854]","[-0.011210067197680473, -0.15628358721733093, 0.13172052800655365, -0.014494071714580059, 0.0028823225293308496, 0.04738498106598854]",-1,-1,True,"['A', 'D']","['A', 'D']"
5abdbeed5542993062266cdd::working_set_pack_a,5abdbeed5542993062266cdd,"['A', 'B', 'C', 'D', 'E', 'F']","[0, 0, 1, 0, 1, 0]","[-0.15783843398094177, -0.03825702145695686, -0.027724947780370712, 0.2040081024169922, 0.07446418702602386, -0.05465186759829521]","[0.15783843398094177, 0.03825702145695686, 0.027724947780370712, -0.2040081024169922, -0.07446418702602386, 0.05465186759829521]","[-0.15783843398094177, -0.03825702145695686, -0.027724947780370712, 0.2040081024169922, 0.07446418702602386, -0.05465186759829521]",1,-1,False,"['A', 'E']","['C', 'E']"
5abdbeed5542993062266cdd::active_set_pack_a,5abdbeed5542993062266cdd,"['A', 'B', 'C', 'D', 'E', 'F']","[0, 0, 1, 0, 1, 0]","[-0.18013305962085724, -0.03343614563345909, -0.028024237602949142, 0.10733775794506073, 0.17773166298866272, -0.04347596690058708]","[0.18013305962085724, 0.03343614563345909, 0.028024237602949142, -0.10733775794506073, -0.17773166298866272, 0.04347596690058708]","[-0.18013305962085724, -0.03343614563345909, -0.028024237602949142, 0.10733775794506073, 0.17773166298866272, -0.04347596690058708]",1,-1,False,"['A', 'E']","['C', 'E']"
5abdbeed5542993062266cdd::working_set_pack_b,5abdbeed5542993062266cdd,"['A', 'B', 'C', 'D', 'E', 'F']","[0, 0, 1, 0, 1, 0]","[-0.1934586614370346, -0.06323646754026413, -0.0382050946354866, 0.28247418999671936, 0.10829626023769379, -0.09587037563323975]","[0.1934586614370346, 0.06323646754026413, 0.0382050946354866, -0.28247418999671936, -0.10829626023769379, 0.09587037563323975]","[-0.1934586614370346, -0.06323646754026413, -0.0382050946354866, 0.28247418999671936, 0.10829626023769379, -0.09587037563323975]",1,-1,False,"['A', 'E']","['C', 'E']"
5abdbeed5542993062266cdd::active_set_pack_b,5abdbeed5542993062266cdd,"['A', 'B', 'C', 'D', 'E', 'F']","[0, 0, 1, 0, 1, 0]","[-0.176263689994812, -0.05459301546216011, -0.02542978525161743, 0.09278873354196548, 0.21661996841430664, -0.053122345358133316]","[-0.176263689994812, -0.05459301546216011, -0.02542978525161743, 0.09278873354196548, 0.21661996841430664, -0.053122345358133316]","[-0.176263689994812, -0.05459301546216011, -0.02542978525161743, 0.09278873354196548, 0.21661996841430664, -0.053122345358133316]",1,1,False,"['A', 'E']","['C', 'E']"
5ab6e84a554299710c8d1fab::working_set_pack_a,5ab6e84a554299710c8d1fab,"['A', 'B', 'C', 'D', 'E', 'F']","[1, 1, 0, 0, 0, 0]","[0.008727970533072948, 0.2413852959871292, -0.07018104940652847, -0.06754173338413239, -0.05499594286084175, -0.05739456042647362]","[0.008727970533072948, 0.2413852959871292, -0.07018104940652847, -0.06754173338413239, -0.05499594286084175, -0.05739456042647362]","[0.008727970533072948, 0.2413852959871292, -0.07018104940652847, -0.06754173338413239, -0.05499594286084175, -0.05739456042647362]",1,1,True,"['A', 'B']","['A', 'B']"
5ab6e84a554299710c8d1fab::active_set_pack_a,5ab6e84a554299710c8d1fab,"['A', 'B', 'C', 'D', 'E', 'F']","[1, 1, 0, 0, 0, 0]","[0.016924673691391945, 0.2529292702674866, -0.07527904212474823, -0.07001990079879761, -0.06345325708389282, -0.06110177934169769]","[0.016924673691391945, 0.2529292702674866, -0.07527904212474823, -0.07001990079879761, -0.06345325708389282, -0.06110177934169769]","[0.016924673691391945, 0.2529292702674866, -0.07527904212474823, -0.07001990079879761, -0.06345325708389282, -0.06110177934169769]",1,1,True,"['A', 'B']","['A', 'B']"
5ab6e84a554299710c8d1fab::working_set_pack_b,5ab6e84a554299710c8d1fab,"['A', 'B', 'C', 'D', 'E', 'F']","[1, 1, 0, 0, 0, 0]","[0.013778806664049625, 0.42698633670806885, -0.11250883340835571, -0.11240097880363464, -0.11415249109268188, -0.10170286148786545]","[0.013778806664049625, 0.42698633670806885, -0.11250883340835571, -0.11240097880363464, -0.11415249109268188, -0.10170286148786545]","[0.013778806664049625, 0.42698633670806885, -0.11250883340835571, -0.11240097880363464, -0.11415249109268188, -0.10170286148786545]",1,1,True,"['A', 'B']","['A', 'B']"
5ab6e84a554299710c8d1fab::active_set_pack_b,5ab6e84a554299710c8d1fab,"['A', 'B', 'C', 'D', 'E', 'F']","[1, 1, 0, 0, 0, 0]","[-0.024709276854991913, 0.38063573837280273, -0.0987350344657898, -0.09067270159721375, -0.08997385948896408, -0.0765448734164238]","[-0.024709276854991913, 0.38063573837280273, -0.0987350344657898, -0.09067270159721375, -0.08997385948896408, -0.0765448734164238]","[-0.024709276854991913, 0.38063573837280273, -0.0987350344657898, -0.09067270159721375, -0.08997385948896408, -0.0765448734164238]",1,1,True,"['A', 'B']","['A', 'B']"
5a90454855429933b8a204bb::working_set_pack_a,5a90454855429933b8a204bb,"['A', 'B', 'C', 'D', 'E', 'F']","[0, 1, 0, 0, 1, 0]","[-0.07684916257858276, 0.2539612054824829, -0.047364410012960434, -0.03634626418352127, -0.03499263897538185, -0.05840873345732689]","[-0.07684916257858276, 0.2539612054824829, -0.047364410012960434, -0.03634626418352127, -0.03499263897538185, -0.05840873345732689]","[-0.07684916257858276, 0.2539612054824829, -0.047364410012960434, -0.03634626418352127, -0.03499263897538185, -0.05840873345732689]",1,1,False,"['A', 'B']","['B', 'E']"
5a90454855429933b8a204bb::active_set_pack_a,5a90454855429933b8a204bb,"['A', 'B', 'C', 'D', 'E', 'F']","[0, 1, 0, 0, 1, 0]","[-0.07520746439695358, 0.27225205302238464, -0.04890710860490799, -0.047950975596904755, -0.03808736056089401, -0.062099043279886246]","[-0.07520746439695358, 0.27225205302238464, -0.04890710860490799, -0.047950975596904755, -0.03808736056089401, -0.062099043279886246]","[-0.07520746439695358, 0.27225205302238464, -0.04890710860490799, -0.047950975596904755, -0.03808736056089401, -0.062099043279886246]",1,1,False,"['A', 'B']","['B', 'E']"
5a90454855429933b8a204bb::working_set_pack_b,5a90454855429933b8a204bb,"['A', 'B', 'C', 'D', 'E', 'F']","[0, 1, 0, 0, 1, 0]","[-0.08191737532615662, 0.2913050651550293, -0.058030448853969574, -0.046133656054735184, -0.03489739075303078, -0.07032628357410431]","[-0.08191737532615662, 0.2913050651550293, -0.058030448853969574, -0.046133656054735184, -0.03489739075303078, -0.07032628357410431]","[-0.08191737532615662, 0.2913050651550293, -0.058030448853969574, -0.046133656054735184, -0.03489739075303078, -0.07032628357410431]",1,1,False,"['A', 'B']","['B', 'E']"
5a90454855429933b8a204bb::active_set_pack_b,5a90454855429933b8a204bb,"['A', 'B', 'C', 'D', 'E', 'F']","[0, 1, 0, 0, 1, 0]","[-0.1185096874833107, 0.24662655591964722, -0.03286463022232056, -0.028954967856407166, -0.011899658478796482, -0.0543975867331028]","[-0.1185096874833107, 0.24662655591964722, -0.03286463022232056, -0.028954967856407166, -0.011899658478796482, -0.0543975867331028]","[-0.1185096874833107, 0.24662655591964722, -0.03286463022232056, -0.028954967856407166, -0.011899658478796482, -0.0543975867331028]",1,1,False,"['A', 'B']","['B', 'E']"
5abeed7e5542993fe9a41da0::working_set_pack_a,5abeed7e5542993fe9a41da0,"['A', 'B', 'C', 'D', 'E', 'F']","[1, 0, 1, 0, 0, 0]","[-0.07532883435487747, -0.09578955173492432, 0.45116153359413147, -0.0966726690530777, -0.09709090739488602, -0.08627957850694656]","[-0.07532883435487747, -0.09578955173492432, 0.45116153359413147, -0.0966726690530777, -0.09709090739488602, -0.08627957850694656]","[0.07532883435487747, 0.09578955173492432, -0.45116153359413147, 0.0966726690530777, 0.09709090739488602, 0.08627957850694656]",-1,-1,True,"['A', 'C']","['A', 'C']"
5abeed7e5542993fe9a41da0::active_set_pack_a,5abeed7e5542993fe9a41da0,"['A', 'B', 'C', 'D', 'E', 'F']","[1, 0, 1, 0, 0, 0]","[-0.09250157326459885, -0.11675062030553818, 0.5672826766967773, -0.12156231701374054, -0.12178925424814224, -0.11467915028333664]","[-0.09250157326459885, -0.11675062030553818, 0.5672826766967773, -0.12156231701374054, -0.12178925424814224, -0.11467915028333664]","[0.09250157326459885, 0.11675062030553818, -0.5672826766967773, 0.12156231701374054, 0.12178925424814224, 0.11467915028333664]",-1,-1,True,"['A', 'C']","['A', 'C']"
5abeed7e5542993fe9a41da0::working_set_pack_b,5abeed7e5542993fe9a41da0,"['A', 'B', 'C', 'D', 'E', 'F']","[1, 0, 1, 0, 0, 0]","[-0.17019964754581451, -0.20936915278434753, 0.9944756031036377, -0.20542454719543457, -0.20690394937992096, -0.2025781273841858]","[-0.17019964754581451, -0.20936915278434753, 0.9944756031036377, -0.20542454719543457, -0.20690394937992096, -0.2025781273841858]","[0.17019964754581451, 0.20936915278434753, -0.9944756031036377, 0.20542454719543457, 0.20690394937992096, 0.2025781273841858]",-1,-1,True,"['A', 'C']","['A', 'C']"
5abeed7e5542993fe9a41da0::active_set_pack_b,5abeed7e5542993fe9a41da0,"['A', 'B', 'C', 'D', 'E', 'F']","[1, 0, 1, 0, 0, 0]","[-0.12453548610210419, -0.1572219431400299, 0.7404108643531799, -0.15281197428703308, -0.15345200896263123, -0.15238919854164124]","[-0.12453548610210419, -0.1572219431400299, 0.7404108643531799, -0.15281197428703308, -0.15345200896263123, -0.15238919854164124]","[0.12453548610210419, 0.1572219431400299, -0.7404108643531799, 0.15281197428703308, 0.15345200896263123, 0.15238919854164124]",-1,-1,True,"['A', 'C']","['A', 'C']"
5ab5141a5542991779162d70::working_set_pack_a,5ab5141a5542991779162d70,"['A', 'B', 'C', 'D', 'E', 'F']","[0, 0, 0, 1, 1, 0]","[-0.02473890408873558, -0.02980479598045349, 0.015636567026376724, -0.03591631352901459, 0.17380155622959137, -0.09897809475660324]","[0.02473890408873558, 0.02980479598045349, -0.015636567026376724, 0.03591631352901459, -0.17380155622959137, 0.09897809475660324]","[-0.02473890408873558, -0.02980479598045349, 0.015636567026376724, -0.03591631352901459, 0.17380155622959137, -0.09897809475660324]",1,-1,False,"['A', 'D']","['D', 'E']"
5ab5141a5542991779162d70::active_set_pack_a,5ab5141a5542991779162d70,"['A', 'B', 'C', 'D', 'E', 'F']","[0, 0, 0, 1, 1, 0]","[-0.05222994461655617, -0.045045334845781326, -0.01981462724506855, -0.04786190763115883, 0.27225154638290405, -0.10729972273111343]","[-0.05222994461655617, -0.045045334845781326, -0.01981462724506855, -0.04786190763115883, 0.27225154638290405, -0.10729972273111343]","[-0.05222994461655617, -0.045045334845781326, -0.01981462724506855, -0.04786190763115883, 0.27225154638290405, -0.10729972273111343]",1,1,False,"['A', 'E']","['D', 'E']"
5ab5141a5542991779162d70::working_set_pack_b,5ab5141a5542991779162d70,"['A', 'B', 'C', 'D', 'E', 'F']","[0, 0, 0, 1, 1, 0]","[-0.07221747934818268, -0.06932218372821808, -0.03888766095042229, -0.037394341081380844, 0.32597440481185913, -0.10815277695655823]","[0.07221747934818268, 0.06932218372821808, 0.03888766095042229, 0.037394341081380844, -0.32597440481185913, 0.10815277695655823]","[-0.07221747934818268, -0.06932218372821808, -0.03888766095042229, -0.037394341081380844, 0.32597440481185913, -0.10815277695655823]",1,-1,False,"['A', 'D']","['D', 'E']"
5ab5141a5542991779162d70::active_set_pack_b,5ab5141a5542991779162d70,"['A', 'B', 'C', 'D', 'E', 'F']","[0, 0, 0, 1, 1, 0]","[-0.03570528328418732, -0.06284862756729126, -0.006173056084662676, 0.0016581554664298892, 0.2341722846031189, -0.131103515625]","[0.03570528328418732, 0.06284862756729126, 0.006173056084662676, -0.0016581554664298892, -0.2341722846031189, 0.131103515625]","[-0.03570528328418732, -0.06284862756729126, -0.006173056084662676, 0.0016581554664298892, 0.2341722846031189, -0.131103515625]",1,-1,False,"['A', 'D']","['D', 'E']"
5a7a0d455542990783324e13::working_set_pack_a,5a7a0d455542990783324e13,"['A', 'B', 'C', 'D', 'E', 'F']","[0, 1, 0, 0, 0, 1]","[-0.1447431892156601, -0.07928875833749771, -0.13821671903133392, -0.14417436718940735, -0.13935135304927826, 0.6457745432853699]","[-0.1447431892156601, -0.07928875833749771, -0.13821671903133392, -0.14417436718940735, -0.13935135304927826, 0.6457745432853699]","[-0.1447431892156601, -0.07928875833749771, -0.13821671903133392, -0.14417436718940735, -0.13935135304927826, 0.6457745432853699]",1,1,False,"['A', 'F']","['B', 'F']"
5a7a0d455542990783324e13::active_set_pack_a,5a7a0d455542990783324e13,"['A', 'B', 'C', 'D', 'E', 'F']","[0, 1, 0, 0, 0, 1]","[-0.14684626460075378, -0.07605946809053421, -0.1405186802148819, -0.14670909941196442, -0.13747000694274902, 0.6476033329963684]","[-0.14684626460075378, -0.07605946809053421, -0.1405186802148819, -0.14670909941196442, -0.13747000694274902, 0.6476033329963684]","[-0.14684626460075378, -0.07605946809053421, -0.1405186802148819, -0.14670909941196442, -0.13747000694274902, 0.6476033329963684]",1,1,False,"['A', 'F']","['B', 'F']"
5a7a0d455542990783324e13::working_set_pack_b,5a7a0d455542990783324e13,"['A', 'B', 'C', 'D', 'E', 'F']","[0, 1, 0, 0, 0, 1]","[-0.18770021200180054, -0.106068454682827, -0.18870079517364502, -0.19546402990818024, -0.18183203041553497, 0.8597655296325684]","[-0.18770021200180054, -0.106068454682827, -0.18870079517364502, -0.19546402990818024, -0.18183203041553497, 0.8597655296325684]","[-0.18770021200180054, -0.106068454682827, -0.18870079517364502, -0.19546402990818024, -0.18183203041553497, 0.8597655296325684]",1,1,False,"['A', 'F']","['B', 'F']"
5a7a0d455542990783324e13::active_set_pack_b,5a7a0d455542990783324e13,"['A', 'B', 'C', 'D', 'E', 'F']","[0, 1, 0, 0, 0, 1]","[-0.16621075570583344, -0.07845780998468399, -0.164594367146492, -0.1702694445848465, -0.154978409409523, 0.7345106601715088]","[-0.16621075570583344, -0.07845780998468399, -0.164594367146492, -0.1702694445848465, -0.154978409409523, 0.7345106601715088]","[-0.16621075570583344, -0.07845780998468399, -0.164594367146492, -0.1702694445848465, -0.154978409409523, 0.7345106601715088]",1,1,False,"['A', 'F']","['B', 'F']"
5ab42ebd5542992339550047::working_set_pack_a,5ab42ebd5542992339550047,"['A', 'B', 'C', 'D', 'E', 'F']","[0, 1, 0, 0, 0, 1]","[-0.07312900573015213, 0.18297284841537476, -0.035636015236377716, -0.03295593708753586, -0.031991127878427505, -0.009260724298655987]","[0.07312900573015213, -0.18297284841537476, 0.035636015236377716, 0.03295593708753586, 0.031991127878427505, 0.009260724298655987]","[0.07312900573015213, -0.18297284841537476, 0.035636015236377716, 0.03295593708753586, 0.031991127878427505, 0.009260724298655987]",-1,1,False,"['A', 'E']","['B', 'F']"
5ab42ebd5542992339550047::active_set_pack_a,5ab42ebd5542992339550047,"['A', 'B', 'C', 'D', 'E', 'F']","[0, 1, 0, 0, 0, 1]","[-0.06311438232660294, 0.20013591647148132, -0.030450375750660896, -0.03568083420395851, -0.05884319543838501, -0.0120471166446805]","[0.06311438232660294, -0.20013591647148132, 0.030450375750660896, 0.03568083420395851, 0.05884319543838501, 0.0120471166446805]","[0.06311438232660294, -0.20013591647148132, 0.030450375750660896, 0.03568083420395851, 0.05884319543838501, 0.0120471166446805]",-1,1,False,"['A', 'F']","['B', 'F']"
5ab42ebd5542992339550047::working_set_pack_b,5ab42ebd5542992339550047,"['A', 'B', 'C', 'D', 'E', 'F']","[0, 1, 0, 0, 0, 1]","[-0.1210567057132721, 0.4759065508842468, -0.08080363273620605, -0.08056967705488205, -0.12938925623893738, -0.06408707052469254]","[-0.1210567057132721, 0.4759065508842468, -0.08080363273620605, -0.08056967705488205, -0.12938925623893738, -0.06408707052469254]","[0.1210567057132721, -0.4759065508842468, 0.08080363273620605, 0.08056967705488205, 0.12938925623893738, 0.06408707052469254]",-1,-1,False,"['B', 'E']","['B', 'F']"
5ab42ebd5542992339550047::active_set_pack_b,5ab42ebd5542992339550047,"['A', 'B', 'C', 'D', 'E', 'F']","[0, 1, 0, 0, 0, 1]","[-0.12109071761369705, 0.26285383105278015, -0.04155139997601509, -0.03406570479273796, -0.05356438085436821, -0.012581673450767994]","[0.12109071761369705, -0.26285383105278015, 0.04155139997601509, 0.03406570479273796, 0.05356438085436821, 0.012581673450767994]","[0.12109071761369705, -0.26285383105278015, 0.04155139997601509, 0.03406570479273796, 0.05356438085436821, 0.012581673450767994]",-1,1,False,"['A', 'E']","['B', 'F']"
5a804fc45542992bc0c4a6f0::working_set_pack_a,5a804fc45542992bc0c4a6f0,"['A', 'B', 'C', 'D', 'E', 'F']","[0, 1, 0, 0, 1, 0]","[-0.04377162829041481, -0.06303303688764572, -0.06474753469228745, -0.05140339210629463, 0.2903290092945099, -0.06737338751554489]","[0.04377162829041481, 0.06303303688764572, 0.06474753469228745, 0.05140339210629463, -0.2903290092945099, 0.06737338751554489]","[0.04377162829041481, 0.06303303688764572, 0.06474753469228745, 0.05140339210629463, -0.2903290092945099, 0.06737338751554489]",-1,1,False,"['A', 'B']","['B', 'E']"
5a804fc45542992bc0c4a6f0::active_set_pack_a,5a804fc45542992bc0c4a6f0,"['A', 'B', 'C', 'D', 'E', 'F']","[0, 1, 0, 0, 1, 0]","[-0.05454583466053009, -0.060605086386203766, -0.07425017654895782, -0.05853606387972832, 0.32037803530693054, -0.07244089990854263]","[0.05454583466053009, 0.060605086386203766, 0.07425017654895782, 0.05853606387972832, -0.32037803530693054, 0.07244089990854263]","[0.05454583466053009, 0.060605086386203766, 0.07425017654895782, 0.05853606387972832, -0.32037803530693054, 0.07244089990854263]",-1,1,False,"['A', 'B']","['B', 'E']"
5a804fc45542992bc0c4a6f0::working_set_pack_b,5a804fc45542992bc0c4a6f0,"['A', 'B', 'C', 'D', 'E', 'F']","[0, 1, 0, 0, 1, 0]","[-0.08500507473945618, 0.4763141870498657, -0.04614169895648956, -0.06777016073465347, -0.22653576731681824, -0.05086151137948036]","[-0.08500507473945618, 0.4763141870498657, -0.04614169895648956, -0.06777016073465347, -0.22653576731681824, -0.05086151137948036]","[0.08500507473945618, -0.4763141870498657, 0.04614169895648956, 0.06777016073465347, 0.22653576731681824, 0.05086151137948036]",-1,-1,True,"['B', 'E']","['B', 'E']"
5a804fc45542992bc0c4a6f0::active_set_pack_b,5a804fc45542992bc0c4a6f0,"['A', 'B', 'C', 'D', 'E', 'F']","[0, 1, 0, 0, 1, 0]","[-0.044674940407276154, 0.2972271144390106, -0.0063191731460392475, -0.024152105674147606, -0.21678952872753143, -0.00529134925454855]","[-0.044674940407276154, 0.2972271144390106, -0.0063191731460392475, -0.024152105674147606, -0.21678952872753143, -0.00529134925454855]","[-0.044674940407276154, 0.2972271144390106, -0.0063191731460392475, -0.024152105674147606, -0.21678952872753143, -0.00529134925454855]",1,1,False,"['A', 'B']","['B', 'E']"
5add85b65542997545bbbd61::working_set_pack_a,5add85b65542997545bbbd61,"['A', 'B', 'C', 'D', 'E', 'F']","[0, 1, 0, 0, 0, 1]","[-0.12839946150779724, 0.28514522314071655, 0.06606600433588028, -0.08792851120233536, -0.07956840842962265, -0.05531485751271248]","[-0.12839946150779724, 0.28514522314071655, 0.06606600433588028, -0.08792851120233536, -0.07956840842962265, -0.05531485751271248]","[-0.12839946150779724, 0.28514522314071655, 0.06606600433588028, -0.08792851120233536, -0.07956840842962265, -0.05531485751271248]",1,1,False,"['A', 'B']","['B', 'F']"
5add85b65542997545bbbd61::active_set_pack_a,5add85b65542997545bbbd61,"['A', 'B', 'C', 'D', 'E', 'F']","[0, 1, 0, 0, 0, 1]","[-0.12050127983093262, 0.31375184655189514, 0.04554141312837601, -0.09030894190073013, -0.08506939560174942, -0.06341369450092316]","[-0.12050127983093262, 0.31375184655189514, 0.04554141312837601, -0.09030894190073013, -0.08506939560174942, -0.06341369450092316]","[-0.12050127983093262, 0.31375184655189514, 0.04554141312837601, -0.09030894190073013, -0.08506939560174942, -0.06341369450092316]",1,1,False,"['A', 'B']","['B', 'F']"
5add85b65542997545bbbd61::working_set_pack_b,5add85b65542997545bbbd61,"['A', 'B', 'C', 'D', 'E', 'F']","[0, 1, 0, 0, 0, 1]","[-0.14273948967456818, 0.46298646926879883, 0.013126928359270096, -0.12145727127790451, -0.11826390027999878, -0.09365259855985641]","[-0.14273948967456818, 0.46298646926879883, 0.013126928359270096, -0.12145727127790451, -0.11826390027999878, -0.09365259855985641]","[-0.14273948967456818, 0.46298646926879883, 0.013126928359270096, -0.12145727127790451, -0.11826390027999878, -0.09365259855985641]",1,1,True,"['B', 'F']","['B', 'F']"
5add85b65542997545bbbd61::active_set_pack_b,5add85b65542997545bbbd61,"['A', 'B', 'C', 'D', 'E', 'F']","[0, 1, 0, 0, 0, 1]","[-0.13971838355064392, 0.42168161273002625, 0.007321124896407127, -0.10787244886159897, -0.10292146354913712, -0.07849055528640747]","[0.13971838355064392, -0.42168161273002625, -0.007321124896407127, 0.10787244886159897, 0.10292146354913712, 0.07849055528640747]","[-0.13971838355064392, 0.42168161273002625, 0.007321124896407127, -0.10787244886159897, -0.10292146354913712, -0.07849055528640747]",1,-1,False,"['A', 'F']","['B', 'F']"
5ac068d25542996f0d89cba2::working_set_pack_a,5ac068d25542996f0d89cba2,"['A', 'B', 'C', 'D', 'E', 'F']","[1, 0, 0, 1, 0, 0]","[0.030632534995675087, 0.07419043034315109, 0.01855211891233921, 0.05046670511364937, 0.023066628724336624, -0.19690833985805511]","[0.030632534995675087, 0.07419043034315109, 0.01855211891233921, 0.05046670511364937, 0.023066628724336624, -0.19690833985805511]","[0.030632534995675087, 0.07419043034315109, 0.01855211891233921, 0.05046670511364937, 0.023066628724336624, -0.19690833985805511]",1,1,False,"['A', 'C']","['A', 'D']"
5ac068d25542996f0d89cba2::active_set_pack_a,5ac068d25542996f0d89cba2,"['A', 'B', 'C', 'D', 'E', 'F']","[1, 0, 0, 1, 0, 0]","[0.0444490909576416, 0.06051865592598915, 0.029823970049619675, 0.04609926789999008, 0.03680828958749771, -0.21769936382770538]","[0.0444490909576416, 0.06051865592598915, 0.029823970049619675, 0.04609926789999008, 0.03680828958749771, -0.21769936382770538]","[0.0444490909576416, 0.06051865592598915, 0.029823970049619675, 0.04609926789999008, 0.03680828958749771, -0.21769936382770538]",1,1,False,"['A', 'C']","['A', 'D']"
5ac068d25542996f0d89cba2::working_set_pack_b,5ac068d25542996f0d89cba2,"['A', 'B', 'C', 'D', 'E', 'F']","[1, 0, 0, 1, 0, 0]","[-0.010980642400681973, 0.1709684133529663, -0.009685443714261055, 0.026024948805570602, -0.003672285471111536, -0.1726548671722412]","[0.010980642400681973, -0.1709684133529663, 0.009685443714261055, -0.026024948805570602, 0.003672285471111536, 0.1726548671722412]","[0.010980642400681973, -0.1709684133529663, 0.009685443714261055, -0.026024948805570602, 0.003672285471111536, 0.1726548671722412]",-1,1,False,"['A', 'C']","['A', 'D']"
5ac068d25542996f0d89cba2::active_set_pack_b,5ac068d25542996f0d89cba2,"['A', 'B', 'C', 'D', 'E', 'F']","[1, 0, 0, 1, 0, 0]","[-0.006887561641633511, 0.17146748304367065, 0.0056573133915662766, 0.03206414356827736, 0.008633671328425407, -0.21093496680259705]","[0.006887561641633511, -0.17146748304367065, -0.0056573133915662766, -0.03206414356827736, -0.008633671328425407, 0.21093496680259705]","[0.006887561641633511, -0.17146748304367065, -0.0056573133915662766, -0.03206414356827736, -0.008633671328425407, 0.21093496680259705]",-1,1,False,"['A', 'C']","['A', 'D']"
5ade8f5e55429975fa854f11::working_set_pack_a,5ade8f5e55429975fa854f11,"['A', 'B', 'C', 'D', 'E', 'F']","[0, 1, 0, 0, 0, 1]","[-0.18422850966453552, 0.08409520238637924, -0.09557344019412994, -0.08299510926008224, -0.09012885391712189, 0.3688308000564575]","[0.18422850966453552, -0.08409520238637924, 0.09557344019412994, 0.08299510926008224, 0.09012885391712189, -0.3688308000564575]","[0.18422850966453552, -0.08409520238637924, 0.09557344019412994, 0.08299510926008224, 0.09012885391712189, -0.3688308000564575]",-1,1,False,"['A', 'D']","['B', 'F']"
5ade8f5e55429975fa854f11::active_set_pack_a,5ade8f5e55429975fa854f11,"['A', 'B', 'C', 'D', 'E', 'F']","[0, 1, 0, 0, 0, 1]","[-0.20541778206825256, 0.4121209383010864, -0.09953618794679642, -0.09299015253782272, -0.10538452863693237, 0.09120775014162064]","[0.20541778206825256, -0.4121209383010864, 0.09953618794679642, 0.09299015253782272, 0.10538452863693237, -0.09120775014162064]","[0.20541778206825256, -0.4121209383010864, 0.09953618794679642, 0.09299015253782272, 0.10538452863693237, -0.09120775014162064]",-1,1,False,"['A', 'D']","['B', 'F']"
5ade8f5e55429975fa854f11::working_set_pack_b,5ade8f5e55429975fa854f11,"['A', 'B', 'C', 'D', 'E', 'F']","[0, 1, 0, 0, 0, 1]","[-0.2672353684902191, 0.7112404704093933, -0.15706734359264374, -0.09334106743335724, -0.14265400171279907, -0.05094267055392265]","[-0.2672353684902191, 0.7112404704093933, -0.15706734359264374, -0.09334106743335724, -0.14265400171279907, -0.05094267055392265]","[0.2672353684902191, -0.7112404704093933, 0.15706734359264374, 0.09334106743335724, 0.14265400171279907, 0.05094267055392265]",-1,-1,False,"['B', 'D']","['B', 'F']"
5ade8f5e55429975fa854f11::active_set_pack_b,5ade8f5e55429975fa854f11,"['A', 'B', 'C', 'D', 'E', 'F']","[0, 1, 0, 0, 0, 1]","[-0.30773359537124634, 0.2694030702114105, -0.0940144881606102, -0.06684620678424835, -0.08919025957584381, 0.28838154673576355]","[0.30773359537124634, -0.2694030702114105, 0.0940144881606102, 0.06684620678424835, 0.08919025957584381, -0.28838154673576355]","[-0.30773359537124634, 0.2694030702114105, -0.0940144881606102, -0.06684620678424835, -0.08919025957584381, 0.28838154673576355]",1,-1,False,"['A', 'D']","['B', 'F']"
5ac1b7495542994ab5c67dd9::working_set_pack_a,5ac1b7495542994ab5c67dd9,"['A', 'B', 'C', 'D', 'E', 'F']","[0, 0, 1, 1, 0, 0]","[-0.07105840742588043, -0.016787730157375336, 0.16866305470466614, -0.038885362446308136, -0.04313579201698303, 0.0012042269809171557]","[0.07105840742588043, 0.016787730157375336, -0.16866305470466614, 0.038885362446308136, 0.04313579201698303, -0.0012042269809171557]","[0.07105840742588043, 0.016787730157375336, -0.16866305470466614, 0.038885362446308136, 0.04313579201698303, -0.0012042269809171557]",-1,1,False,"['A', 'D']","['C', 'D']"
5ac1b7495542994ab5c67dd9::active_set_pack_a,5ac1b7495542994ab5c67dd9,"['A', 'B', 'C', 'D', 'E', 'F']","[0, 0, 1, 1, 0, 0]","[-0.06854762881994247, -0.018201934173703194, 0.17283232510089874, -0.04025373235344887, -0.04917589947581291, 0.0033468648325651884]","[0.06854762881994247, 0.018201934173703194, -0.17283232510089874, 0.04025373235344887, 0.04917589947581291, -0.0033468648325651884]","[0.06854762881994247, 0.018201934173703194, -0.17283232510089874, 0.04025373235344887, 0.04917589947581291, -0.0033468648325651884]",-1,1,False,"['A', 'D']","['C', 'D']"
5ac1b7495542994ab5c67dd9::working_set_pack_b,5ac1b7495542994ab5c67dd9,"['A', 'B', 'C', 'D', 'E', 'F']","[0, 0, 1, 1, 0, 0]","[-0.08811432123184204, -0.028659382835030556, 0.19497337937355042, -0.05027325078845024, -0.05998993664979935, 0.03206341713666916]","[0.08811432123184204, 0.028659382835030556, -0.19497337937355042, 0.05027325078845024, 0.05998993664979935, -0.03206341713666916]","[0.08811432123184204, 0.028659382835030556, -0.19497337937355042, 0.05027325078845024, 0.05998993664979935, -0.03206341713666916]",-1,1,False,"['B', 'D']","['C', 'D']"
5ac1b7495542994ab5c67dd9::active_set_pack_b,5ac1b7495542994ab5c67dd9,"['A', 'B', 'C', 'D', 'E', 'F']","[0, 0, 1, 1, 0, 0]","[-0.09302186965942383, -0.004211141727864742, 0.20549225807189941, -0.032772865146398544, -0.04747767001390457, -0.02800877019762993]","[0.09302186965942383, 0.004211141727864742, -0.20549225807189941, 0.032772865146398544, 0.04747767001390457, 0.02800877019762993]","[0.09302186965942383, 0.004211141727864742, -0.20549225807189941, 0.032772865146398544, 0.04747767001390457, 0.02800877019762993]",-1,1,False,"['A', 'D']","['C', 'D']"
5ae4b3da55429913cc2044d6::working_set_pack_a,5ae4b3da55429913cc2044d6,"['A', 'B', 'C', 'D', 'E', 'F']","[0, 0, 1, 0, 0, 1]","[-0.10077832639217377, -0.0802369937300682, 0.37472960352897644, -0.0822170078754425, -0.05710382014513016, -0.05439355596899986]","[-0.10077832639217377, -0.0802369937300682, 0.37472960352897644, -0.0822170078754425, -0.05710382014513016, -0.05439355596899986]","[0.10077832639217377, 0.0802369937300682, -0.37472960352897644, 0.0822170078754425, 0.05710382014513016, 0.05439355596899986]",-1,-1,False,"['A', 'C']","['C', 'F']"
5ae4b3da55429913cc2044d6::active_set_pack_a,5ae4b3da55429913cc2044d6,"['A', 'B', 'C', 'D', 'E', 'F']","[0, 0, 1, 0, 0, 1]","[-0.10530661791563034, -0.08631883561611176, 0.3936596214771271, -0.08762025833129883, -0.05191240459680557, -0.06250163167715073]","[-0.10530661791563034, -0.08631883561611176, 0.3936596214771271, -0.08762025833129883, -0.05191240459680557, -0.06250163167715073]","[0.10530661791563034, 0.08631883561611176, -0.3936596214771271, 0.08762025833129883, 0.05191240459680557, 0.06250163167715073]",-1,-1,False,"['A', 'C']","['C', 'F']"
5ae4b3da55429913cc2044d6::working_set_pack_b,5ae4b3da55429913cc2044d6,"['A', 'B', 'C', 'D', 'E', 'F']","[0, 0, 1, 0, 0, 1]","[-0.18163204193115234, -0.1564704179763794, 0.775436282157898, -0.1604738086462021, -0.12294938415288925, -0.15391047298908234]","[-0.18163204193115234, -0.1564704179763794, 0.775436282157898, -0.1604738086462021, -0.12294938415288925, -0.15391047298908234]","[0.18163204193115234, 0.1564704179763794, -0.775436282157898, 0.1604738086462021, 0.12294938415288925, 0.15391047298908234]",-1,-1,False,"['C', 'E']","['C', 'F']"
5ae4b3da55429913cc2044d6::active_set_pack_b,5ae4b3da55429913cc2044d6,"['A', 'B', 'C', 'D', 'E', 'F']","[0, 0, 1, 0, 0, 1]","[-0.1387757509946823, -0.10256856679916382, 0.49327388405799866, -0.10566417872905731, -0.06312975287437439, -0.08313553035259247]","[-0.1387757509946823, -0.10256856679916382, 0.49327388405799866, -0.10566417872905731, -0.06312975287437439, -0.08313553035259247]","[0.1387757509946823, 0.10256856679916382, -0.49327388405799866, 0.10566417872905731, 0.06312975287437439, 0.08313553035259247]",-1,-1,False,"['A', 'C']","['C', 'F']"
5ab93287554299753720f78f::working_set_pack_a,5ab93287554299753720f78f,"['A', 'B', 'C', 'D', 'E', 'F']","[0, 0, 1, 0, 1, 0]","[-0.09654564410448074, 0.12269343435764313, 0.03504803776741028, -0.028659602627158165, -0.007709607947617769, -0.02482658065855503]","[0.09654564410448074, -0.12269343435764313, -0.03504803776741028, 0.028659602627158165, 0.007709607947617769, 0.02482658065855503]","[0.09654564410448074, -0.12269343435764313, -0.03504803776741028, 0.028659602627158165, 0.007709607947617769, 0.02482658065855503]",-1,1,False,"['A', 'F']","['C', 'E']"
5ab93287554299753720f78f::active_set_pack_a,5ab93287554299753720f78f,"['A', 'B', 'C', 'D', 'E', 'F']","[0, 0, 1, 0, 1, 0]","[0.09369636327028275, -0.18356172740459442, -0.025411920621991158, 0.04568216949701309, 0.02716122195124626, 0.04243398457765579]","[0.09369636327028275, -0.18356172740459442, -0.025411920621991158, 0.04568216949701309, 0.02716122195124626, 0.04243398457765579]","[0.09369636327028275, -0.18356172740459442, -0.025411920621991158, 0.04568216949701309, 0.02716122195124626, 0.04243398457765579]",1,1,False,"['A', 'F']","['C', 'E']"
5ab93287554299753720f78f::working_set_pack_b,5ab93287554299753720f78f,"['A', 'B', 'C', 'D', 'E', 'F']","[0, 0, 1, 0, 1, 0]","[0.11182703822851181, -0.284670889377594, -0.022747846320271492, 0.0725250318646431, 0.054093290120363235, 0.06897341459989548]","[-0.11182703822851181, 0.284670889377594, 0.022747846320271492, -0.0725250318646431, -0.054093290120363235, -0.06897341459989548]","[0.11182703822851181, -0.284670889377594, -0.022747846320271492, 0.0725250318646431, 0.054093290120363235, 0.06897341459989548]",1,-1,False,"['B', 'E']","['C', 'E']"
5ab93287554299753720f78f::active_set_pack_b,5ab93287554299753720f78f,"['A', 'B', 'C', 'D', 'E', 'F']","[0, 0, 1, 0, 1, 0]","[-0.1795743852853775, 0.18461599946022034, 0.04474595934152603, -0.024562831968069077, -0.0026229550130665302, -0.022601744160056114]","[0.1795743852853775, -0.18461599946022034, -0.04474595934152603, 0.024562831968069077, 0.0026229550130665302, 0.022601744160056114]","[0.1795743852853775, -0.18461599946022034, -0.04474595934152603, 0.024562831968069077, 0.0026229550130665302, 0.022601744160056114]",-1,1,False,"['A', 'E']","['C', 'E']"
5ae64cbf5542992ae0d162c1::working_set_pack_a,5ae64cbf5542992ae0d162c1,"['A', 'B', 'C', 'D', 'E', 'F']","[1, 0, 0, 1, 0, 0]","[-0.07373315840959549, -0.06465475261211395, -0.07409670203924179, 0.33722808957099915, -0.07515263557434082, -0.0495908297598362]","[-0.07373315840959549, -0.06465475261211395, -0.07409670203924179, 0.33722808957099915, -0.07515263557434082, -0.0495908297598362]","[-0.07373315840959549, -0.06465475261211395, -0.07409670203924179, 0.33722808957099915, -0.07515263557434082, -0.0495908297598362]",1,1,True,"['A', 'D']","['A', 'D']"
5ae64cbf5542992ae0d162c1::active_set_pack_a,5ae64cbf5542992ae0d162c1,"['A', 'B', 'C', 'D', 'E', 'F']","[1, 0, 0, 1, 0, 0]","[-0.10448690503835678, -0.10192378610372543, -0.10684849321842194, 0.4870736598968506, -0.10975726693868637, -0.0640571117401123]","[-0.10448690503835678, -0.10192378610372543, -0.10684849321842194, 0.4870736598968506, -0.10975726693868637, -0.0640571117401123]","[-0.10448690503835678, -0.10192378610372543, -0.10684849321842194, 0.4870736598968506, -0.10975726693868637, -0.0640571117401123]",1,1,True,"['A', 'D']","['A', 'D']"
5ae64cbf5542992ae0d162c1::working_set_pack_b,5ae64cbf5542992ae0d162c1,"['A', 'B', 'C', 'D', 'E', 'F']","[1, 0, 0, 1, 0, 0]","[-0.10536466538906097, -0.10856860876083374, -0.10661773383617401, 0.4775552749633789, -0.1052803248167038, -0.05172398313879967]","[-0.10536466538906097, -0.10856860876083374, -0.10661773383617401, 0.4775552749633789, -0.1052803248167038, -0.05172398313879967]","[-0.10536466538906097, -0.10856860876083374, -0.10661773383617401, 0.4775552749633789, -0.1052803248167038, -0.05172398313879967]",1,1,True,"['A', 'D']","['A', 'D']"
5ae64cbf5542992ae0d162c1::active_set_pack_b,5ae64cbf5542992ae0d162c1,"['A', 'B', 'C', 'D', 'E', 'F']","[1, 0, 0, 1, 0, 0]","[-0.08290107548236847, -0.07315690815448761, -0.08730696141719818, 0.38886845111846924, -0.08637946844100952, -0.05912404507398605]","[-0.08290107548236847, -0.07315690815448761, -0.08730696141719818, 0.38886845111846924, -0.08637946844100952, -0.05912404507398605]","[-0.08290107548236847, -0.07315690815448761, -0.08730696141719818, 0.38886845111846924, -0.08637946844100952, -0.05912404507398605]",1,1,True,"['A', 'D']","['A', 'D']"
5abae52a5542996cc5e49eea::working_set_pack_a,5abae52a5542996cc5e49eea,"['A', 'B', 'C', 'D', 'E', 'F']","[0, 1, 0, 0, 0, 1]","[-0.04600446671247482, -0.025578239932656288, -0.021151594817638397, -0.023275453597307205, -0.017502019181847572, 0.1335117220878601]","[-0.04600446671247482, -0.025578239932656288, -0.021151594817638397, -0.023275453597307205, -0.017502019181847572, 0.1335117220878601]","[-0.04600446671247482, -0.025578239932656288, -0.021151594817638397, -0.023275453597307205, -0.017502019181847572, 0.1335117220878601]",1,1,False,"['A', 'F']","['B', 'F']"
5abae52a5542996cc5e49eea::active_set_pack_a,5abae52a5542996cc5e49eea,"['A', 'B', 'C', 'D', 'E', 'F']","[0, 1, 0, 0, 0, 1]","[-0.040820103138685226, -0.04485543444752693, -0.0275545883923769, -0.02871829643845558, -0.023700321093201637, 0.16564874351024628]","[-0.040820103138685226, -0.04485543444752693, -0.0275545883923769, -0.02871829643845558, -0.023700321093201637, 0.16564874351024628]","[-0.040820103138685226, -0.04485543444752693, -0.0275545883923769, -0.02871829643845558, -0.023700321093201637, 0.16564874351024628]",1,1,False,"['A', 'F']","['B', 'F']"
5abae52a5542996cc5e49eea::working_set_pack_b,5abae52a5542996cc5e49eea,"['A', 'B', 'C', 'D', 'E', 'F']","[0, 1, 0, 0, 0, 1]","[0.006471035070717335, 0.15793168544769287, -0.02744956687092781, -0.01429707556962967, -0.026261141523718834, -0.09639494866132736]","[-0.006471035070717335, -0.15793168544769287, 0.02744956687092781, 0.01429707556962967, 0.026261141523718834, 0.09639494866132736]","[-0.006471035070717335, -0.15793168544769287, 0.02744956687092781, 0.01429707556962967, 0.026261141523718834, 0.09639494866132736]",-1,1,False,"['A', 'F']","['B', 'F']"
5abae52a5542996cc5e49eea::active_set_pack_b,5abae52a5542996cc5e49eea,"['A', 'B', 'C', 'D', 'E', 'F']","[0, 1, 0, 0, 0, 1]","[-0.04943012446165085, -0.03705884888768196, -0.027643593028187752, -0.02990402840077877, -0.02565944939851761, 0.16969607770442963]","[-0.04943012446165085, -0.03705884888768196, -0.027643593028187752, -0.02990402840077877, -0.02565944939851761, 0.16969607770442963]","[-0.04943012446165085, -0.03705884888768196, -0.027643593028187752, -0.02990402840077877, -0.02565944939851761, 0.16969607770442963]",1,1,False,"['A', 'F']","['B', 'F']"
5ae2e27155429928c423952a::working_set_pack_a,5ae2e27155429928c423952a,"['A', 'B', 'C', 'D', 'E', 'F']","[0, 0, 0, 0, 1, 1]","[-0.1344904750585556, 0.02460082620382309, 0.03366205841302872, 0.011742109432816505, 0.11525950580835342, -0.05077396333217621]","[0.1344904750585556, -0.02460082620382309, -0.03366205841302872, -0.011742109432816505, -0.11525950580835342, 0.05077396333217621]","[-0.1344904750585556, 0.02460082620382309, 0.03366205841302872, 0.011742109432816505, 0.11525950580835342, -0.05077396333217621]",1,-1,False,"['A', 'F']","['E', 'F']"
5ae2e27155429928c423952a::active_set_pack_a,5ae2e27155429928c423952a,"['A', 'B', 'C', 'D', 'E', 'F']","[0, 0, 0, 0, 1, 1]","[-0.12039203941822052, 0.004018689971417189, 0.02686569094657898, -0.010605002753436565, 0.13666659593582153, -0.03655397146940231]","[0.12039203941822052, -0.004018689971417189, -0.02686569094657898, 0.010605002753436565, -0.13666659593582153, 0.03655397146940231]","[-0.12039203941822052, 0.004018689971417189, 0.02686569094657898, -0.010605002753436565, 0.13666659593582153, -0.03655397146940231]",1,-1,False,"['A', 'F']","['E', 'F']"
5ae2e27155429928c423952a::working_set_pack_b,5ae2e27155429928c423952a,"['A', 'B', 'C', 'D', 'E', 'F']","[0, 0, 0, 0, 1, 1]","[-0.24400775134563446, 0.05550652742385864, 0.06205923482775688, 0.04824206605553627, 0.08030609041452408, -0.0021062216255813837]","[0.24400775134563446, -0.05550652742385864, -0.06205923482775688, -0.04824206605553627, -0.08030609041452408, 0.0021062216255813837]","[-0.24400775134563446, 0.05550652742385864, 0.06205923482775688, 0.04824206605553627, 0.08030609041452408, -0.0021062216255813837]",1,-1,False,"['A', 'F']","['E', 'F']"
5ae2e27155429928c423952a::active_set_pack_b,5ae2e27155429928c423952a,"['A', 'B', 'C', 'D', 'E', 'F']","[0, 0, 0, 0, 1, 1]","[-0.11467641592025757, -0.026838598772883415, 0.006562282331287861, -0.03441043198108673, 0.2376939058303833, -0.0683305412530899]","[0.11467641592025757, 0.026838598772883415, -0.006562282331287861, 0.03441043198108673, -0.2376939058303833, 0.0683305412530899]","[0.11467641592025757, 0.026838598772883415, -0.006562282331287861, 0.03441043198108673, -0.2376939058303833, 0.0683305412530899]",-1,1,False,"['A', 'F']","['E', 'F']"
5a80d30655429938b61421fe::working_set_pack_a,5a80d30655429938b61421fe,"['A', 'B', 'C', 'D', 'E', 'F']","[0, 0, 1, 0, 1, 0]","[-0.04715803638100624, -0.02146155759692192, -0.05110826715826988, -0.04206717386841774, 0.2133384346961975, -0.051543399691581726]","[-0.04715803638100624, -0.02146155759692192, -0.05110826715826988, -0.04206717386841774, 0.2133384346961975, -0.051543399691581726]","[-0.04715803638100624, -0.02146155759692192, -0.05110826715826988, -0.04206717386841774, 0.2133384346961975, -0.051543399691581726]",1,1,False,"['A', 'E']","['C', 'E']"
5a80d30655429938b61421fe::active_set_pack_a,5a80d30655429938b61421fe,"['A', 'B', 'C', 'D', 'E', 'F']","[0, 0, 1, 0, 1, 0]","[-0.04023788496851921, -0.014405187219381332, -0.04460066556930542, -0.03830660879611969, 0.2057640552520752, -0.06821368634700775]","[-0.04023788496851921, -0.014405187219381332, -0.04460066556930542, -0.03830660879611969, 0.2057640552520752, -0.06821368634700775]","[-0.04023788496851921, -0.014405187219381332, -0.04460066556930542, -0.03830660879611969, 0.2057640552520752, -0.06821368634700775]",1,1,False,"['A', 'E']","['C', 'E']"
5a80d30655429938b61421fe::working_set_pack_b,5a80d30655429938b61421fe,"['A', 'B', 'C', 'D', 'E', 'F']","[0, 0, 1, 0, 1, 0]","[-0.04242519289255142, -0.015286209993064404, -0.04828941822052002, -0.04375440999865532, 0.22510789334774017, -0.07535266131162643]","[-0.04242519289255142, -0.015286209993064404, -0.04828941822052002, -0.04375440999865532, 0.22510789334774017, -0.07535266131162643]","[-0.04242519289255142, -0.015286209993064404, -0.04828941822052002, -0.04375440999865532, 0.22510789334774017, -0.07535266131162643]",1,1,False,"['A', 'E']","['C', 'E']"
5a80d30655429938b61421fe::active_set_pack_b,5a80d30655429938b61421fe,"['A', 'B', 'C', 'D', 'E', 'F']","[0, 0, 1, 0, 1, 0]","[-0.008554679341614246, 0.0309723112732172, -0.006340365391224623, -0.021108513697981834, 0.20539836585521698, -0.20036709308624268]","[-0.008554679341614246, 0.0309723112732172, -0.006340365391224623, -0.021108513697981834, 0.20539836585521698, -0.20036709308624268]","[-0.008554679341614246, 0.0309723112732172, -0.006340365391224623, -0.021108513697981834, 0.20539836585521698, -0.20036709308624268]",1,1,False,"['A', 'E']","['C', 'E']"
5a77bd595542995d83181291::working_set_pack_a,5a77bd595542995d83181291,"['A', 'B', 'C', 'D', 'E', 'F']","[1, 1, 0, 0, 0, 0]","[0.06964118778705597, 0.057269781827926636, 0.040040042251348495, 0.026254789903759956, 0.020625879988074303, -0.21383175253868103]","[0.06964118778705597, 0.057269781827926636, 0.040040042251348495, 0.026254789903759956, 0.020625879988074303, -0.21383175253868103]","[0.06964118778705597, 0.057269781827926636, 0.040040042251348495, 0.026254789903759956, 0.020625879988074303, -0.21383175253868103]",1,1,True,"['A', 'B']","['A', 'B']"
5a77bd595542995d83181291::active_set_pack_a,5a77bd595542995d83181291,"['A', 'B', 'C', 'D', 'E', 'F']","[1, 1, 0, 0, 0, 0]","[0.13437610864639282, 0.035197678953409195, -0.18406526744365692, 0.012039868161082268, 0.005313247907906771, -0.0028617409989237785]","[0.13437610864639282, 0.035197678953409195, -0.18406526744365692, 0.012039868161082268, 0.005313247907906771, -0.0028617409989237785]","[-0.13437610864639282, -0.035197678953409195, 0.18406526744365692, -0.012039868161082268, -0.005313247907906771, 0.0028617409989237785]",-1,-1,True,"['A', 'B']","['A', 'B']"
5a77bd595542995d83181291::working_set_pack_b,5a77bd595542995d83181291,"['A', 'B', 'C', 'D', 'E', 'F']","[1, 1, 0, 0, 0, 0]","[0.10105270147323608, 0.06612275540828705, 0.022811103612184525, 0.025379033759236336, 0.02018626220524311, -0.2355518639087677]","[0.10105270147323608, 0.06612275540828705, 0.022811103612184525, 0.025379033759236336, 0.02018626220524311, -0.2355518639087677]","[0.10105270147323608, 0.06612275540828705, 0.022811103612184525, 0.025379033759236336, 0.02018626220524311, -0.2355518639087677]",1,1,True,"['A', 'B']","['A', 'B']"
5a77bd595542995d83181291::active_set_pack_b,5a77bd595542995d83181291,"['A', 'B', 'C', 'D', 'E', 'F']","[1, 1, 0, 0, 0, 0]","[0.03556380793452263, -0.017857473343610764, -0.14336144924163818, 0.0018108454532921314, -0.00022124795941635966, 0.12406552582979202]","[0.03556380793452263, -0.017857473343610764, -0.14336144924163818, 0.0018108454532921314, -0.00022124795941635966, 0.12406552582979202]","[-0.03556380793452263, 0.017857473343610764, 0.14336144924163818, -0.0018108454532921314, 0.00022124795941635966, -0.12406552582979202]",-1,-1,True,"['A', 'B']","['A', 'B']"
5abffc58554299012d1db552::working_set_pack_a,5abffc58554299012d1db552,"['A', 'B', 'C', 'D', 'E', 'F']","[0, 0, 1, 0, 1, 0]","[-0.02687608078122139, -0.010910489596426487, -0.014842690899968147, -0.05070514604449272, 0.21180182695388794, -0.10846740007400513]","[-0.02687608078122139, -0.010910489596426487, -0.014842690899968147, -0.05070514604449272, 0.21180182695388794, -0.10846740007400513]","[0.02687608078122139, 0.010910489596426487, 0.014842690899968147, 0.05070514604449272, -0.21180182695388794, 0.10846740007400513]",-1,-1,False,"['A', 'E']","['C', 'E']"
5abffc58554299012d1db552::active_set_pack_a,5abffc58554299012d1db552,"['A', 'B', 'C', 'D', 'E', 'F']","[0, 0, 1, 0, 1, 0]","[-0.014579901471734047, -0.002145935082808137, -0.009101780131459236, -0.04228828474879265, 0.1953108310699463, -0.12719488143920898]","[-0.014579901471734047, -0.002145935082808137, -0.009101780131459236, -0.04228828474879265, 0.1953108310699463, -0.12719488143920898]","[0.014579901471734047, 0.002145935082808137, 0.009101780131459236, 0.04228828474879265, -0.1953108310699463, 0.12719488143920898]",-1,-1,False,"['A', 'E']","['C', 'E']"
5abffc58554299012d1db552::working_set_pack_b,5abffc58554299012d1db552,"['A', 'B', 'C', 'D', 'E', 'F']","[0, 0, 1, 0, 1, 0]","[-0.049578890204429626, -0.03691703826189041, -0.004392771050333977, -0.06687714159488678, 0.2709614932537079, -0.11319570243358612]","[-0.049578890204429626, -0.03691703826189041, -0.004392771050333977, -0.06687714159488678, 0.2709614932537079, -0.11319570243358612]","[0.049578890204429626, 0.03691703826189041, 0.004392771050333977, 0.06687714159488678, -0.2709614932537079, 0.11319570243358612]",-1,-1,True,"['C', 'E']","['C', 'E']"
5abffc58554299012d1db552::active_set_pack_b,5abffc58554299012d1db552,"['A', 'B', 'C', 'D', 'E', 'F']","[0, 0, 1, 0, 1, 0]","[-0.04702400416135788, -0.10593117773532867, -0.017407026141881943, -0.06234493479132652, 0.33009251952171326, -0.09738539904356003]","[-0.04702400416135788, -0.10593117773532867, -0.017407026141881943, -0.06234493479132652, 0.33009251952171326, -0.09738539904356003]","[0.04702400416135788, 0.10593117773532867, 0.017407026141881943, 0.06234493479132652, -0.33009251952171326, 0.09738539904356003]",-1,-1,False,"['A', 'E']","['C', 'E']"
5ac12fda5542994d76dccdb0::working_set_pack_a,5ac12fda5542994d76dccdb0,"['A', 'B', 'C', 'D', 'E', 'F']","[0, 1, 0, 0, 1, 0]","[-0.11983147263526917, 0.5436688661575317, -0.14307978749275208, -0.13433319330215454, -0.016950493678450584, -0.12947385013103485]","[0.11983147263526917, -0.5436688661575317, 0.14307978749275208, 0.13433319330215454, 0.016950493678450584, 0.12947385013103485]","[0.11983147263526917, -0.5436688661575317, 0.14307978749275208, 0.13433319330215454, 0.016950493678450584, 0.12947385013103485]",-1,1,False,"['A', 'E']","['B', 'E']"
5ac12fda5542994d76dccdb0::active_set_pack_a,5ac12fda5542994d76dccdb0,"['A', 'B', 'C', 'D', 'E', 'F']","[0, 1, 0, 0, 1, 0]","[-0.13736191391944885, 0.6480944752693176, -0.16303880512714386, -0.15090633928775787, -0.0486680343747139, -0.14811962842941284]","[0.13736191391944885, -0.6480944752693176, 0.16303880512714386, 0.15090633928775787, 0.0486680343747139, 0.14811962842941284]","[0.13736191391944885, -0.6480944752693176, 0.16303880512714386, 0.15090633928775787, 0.0486680343747139, 0.14811962842941284]",-1,1,False,"['A', 'E']","['B', 'E']"
5ac12fda5542994d76dccdb0::working_set_pack_b,5ac12fda5542994d76dccdb0,"['A', 'B', 'C', 'D', 'E', 'F']","[0, 1, 0, 0, 1, 0]","[-0.1793329268693924, 0.8179943561553955, -0.20295527577400208, -0.1977611929178238, -0.0448579378426075, -0.19308698177337646]","[0.1793329268693924, -0.8179943561553955, 0.20295527577400208, 0.1977611929178238, 0.0448579378426075, 0.19308698177337646]","[0.1793329268693924, -0.8179943561553955, 0.20295527577400208, 0.1977611929178238, 0.0448579378426075, 0.19308698177337646]",-1,1,False,"['A', 'E']","['B', 'E']"
5ac12fda5542994d76dccdb0::active_set_pack_b,5ac12fda5542994d76dccdb0,"['A', 'B', 'C', 'D', 'E', 'F']","[0, 1, 0, 0, 1, 0]","[-0.11543857306241989, 0.5688182711601257, -0.17532163858413696, -0.1508738249540329, 0.015811119228601456, -0.14299523830413818]","[0.11543857306241989, -0.5688182711601257, 0.17532163858413696, 0.1508738249540329, -0.015811119228601456, 0.14299523830413818]","[0.11543857306241989, -0.5688182711601257, 0.17532163858413696, 0.1508738249540329, -0.015811119228601456, 0.14299523830413818]",-1,1,False,"['A', 'E']","['B', 'E']"
5a8e171b554299068b959e5a::working_set_pack_a,5a8e171b554299068b959e5a,"['A', 'B', 'C', 'D', 'E', 'F']","[1, 0, 0, 0, 0, 1]","[0.34127166867256165, -0.10227777063846588, -0.06017632037401199, -0.06125316396355629, -0.05371643975377083, -0.06384793668985367]","[0.34127166867256165, -0.10227777063846588, -0.06017632037401199, -0.06125316396355629, -0.05371643975377083, -0.06384793668985367]","[-0.34127166867256165, 0.10227777063846588, 0.06017632037401199, 0.06125316396355629, 0.05371643975377083, 0.06384793668985367]",-1,-1,True,"['A', 'F']","['A', 'F']"
5a8e171b554299068b959e5a::active_set_pack_a,5a8e171b554299068b959e5a,"['A', 'B', 'C', 'D', 'E', 'F']","[1, 0, 0, 0, 0, 1]","[0.37303271889686584, -0.11774630099534988, -0.05759973078966141, -0.05751160904765129, -0.048920031636953354, -0.0912550613284111]","[0.37303271889686584, -0.11774630099534988, -0.05759973078966141, -0.05751160904765129, -0.048920031636953354, -0.0912550613284111]","[-0.37303271889686584, 0.11774630099534988, 0.05759973078966141, 0.05751160904765129, 0.048920031636953354, 0.0912550613284111]",-1,-1,True,"['A', 'F']","['A', 'F']"
5a8e171b554299068b959e5a::working_set_pack_b,5a8e171b554299068b959e5a,"['A', 'B', 'C', 'D', 'E', 'F']","[1, 0, 0, 0, 0, 1]","[0.3740706741809845, -0.11503211408853531, -0.06196673959493637, -0.06736919283866882, -0.05596831440925598, -0.07373425364494324]","[0.3740706741809845, -0.11503211408853531, -0.06196673959493637, -0.06736919283866882, -0.05596831440925598, -0.07373425364494324]","[-0.3740706741809845, 0.11503211408853531, 0.06196673959493637, 0.06736919283866882, 0.05596831440925598, 0.07373425364494324]",-1,-1,True,"['A', 'F']","['A', 'F']"
5a8e171b554299068b959e5a::active_set_pack_b,5a8e171b554299068b959e5a,"['A', 'B', 'C', 'D', 'E', 'F']","[1, 0, 0, 0, 0, 1]","[0.2424333691596985, -0.12045742571353912, -0.02310757339000702, -0.030836118385195732, -0.01704465225338936, -0.05098754167556763]","[0.2424333691596985, -0.12045742571353912, -0.02310757339000702, -0.030836118385195732, -0.01704465225338936, -0.05098754167556763]","[-0.2424333691596985, 0.12045742571353912, 0.02310757339000702, 0.030836118385195732, 0.01704465225338936, 0.05098754167556763]",-1,-1,True,"['A', 'F']","['A', 'F']"
5ae377a35542994393b9e6db::working_set_pack_a,5ae377a35542994393b9e6db,"['A', 'B', 'C', 'D', 'E', 'F']","[0, 1, 0, 1, 0, 0]","[-0.1050291508436203, -0.06896153837442398, -0.08749400824308395, 0.4180600345134735, -0.09346086531877518, -0.06311462074518204]","[0.1050291508436203, 0.06896153837442398, 0.08749400824308395, -0.4180600345134735, 0.09346086531877518, 0.06311462074518204]","[-0.1050291508436203, -0.06896153837442398, -0.08749400824308395, 0.4180600345134735, -0.09346086531877518, -0.06311462074518204]",1,-1,False,"['A', 'F']","['B', 'D']"
5ae377a35542994393b9e6db::active_set_pack_a,5ae377a35542994393b9e6db,"['A', 'B', 'C', 'D', 'E', 'F']","[0, 1, 0, 1, 0, 0]","[-0.1062215268611908, -0.07227740436792374, -0.09678986668586731, 0.44249722361564636, -0.10075736045837402, -0.06645117700099945]","[0.1062215268611908, 0.07227740436792374, 0.09678986668586731, -0.44249722361564636, 0.10075736045837402, 0.06645117700099945]","[-0.1062215268611908, -0.07227740436792374, -0.09678986668586731, 0.44249722361564636, -0.10075736045837402, -0.06645117700099945]",1,-1,False,"['A', 'F']","['B', 'D']"
5ae377a35542994393b9e6db::working_set_pack_b,5ae377a35542994393b9e6db,"['A', 'B', 'C', 'D', 'E', 'F']","[0, 1, 0, 1, 0, 0]","[-0.1747531294822693, 0.011017393320798874, -0.16549533605575562, 0.6628355383872986, -0.17618082463741302, -0.15742379426956177]","[0.1747531294822693, -0.011017393320798874, 0.16549533605575562, -0.6628355383872986, 0.17618082463741302, 0.15742379426956177]","[-0.1747531294822693, 0.011017393320798874, -0.16549533605575562, 0.6628355383872986, -0.17618082463741302, -0.15742379426956177]",1,-1,False,"['A', 'F']","['B', 'D']"
5ae377a35542994393b9e6db::active_set_pack_b,5ae377a35542994393b9e6db,"['A', 'B', 'C', 'D', 'E', 'F']","[0, 1, 0, 1, 0, 0]","[-0.07870737463235855, -0.04551402106881142, -0.07339072972536087, 0.3213873505592346, -0.07963177561759949, -0.044143322855234146]","[0.07870737463235855, 0.04551402106881142, 0.07339072972536087, -0.3213873505592346, 0.07963177561759949, 0.044143322855234146]","[-0.07870737463235855, -0.04551402106881142, -0.07339072972536087, 0.3213873505592346, -0.07963177561759949, -0.044143322855234146]",1,-1,False,"['A', 'F']","['B', 'D']"
5a7906f55542990784727792::working_set_pack_a,5a7906f55542990784727792,"['A', 'B', 'C', 'D', 'E', 'F']","[0, 0, 0, 0, 1, 1]","[-0.05971306562423706, -0.06461560726165771, -0.05942780151963234, -0.06326611340045929, -0.0033269773703068495, 0.25034967064857483]","[-0.05971306562423706, -0.06461560726165771, -0.05942780151963234, -0.06326611340045929, -0.0033269773703068495, 0.25034967064857483]","[-0.05971306562423706, -0.06461560726165771, -0.05942780151963234, -0.06326611340045929, -0.0033269773703068495, 0.25034967064857483]",1,1,False,"['A', 'F']","['E', 'F']"
5a7906f55542990784727792::active_set_pack_a,5a7906f55542990784727792,"['A', 'B', 'C', 'D', 'E', 'F']","[0, 0, 0, 0, 1, 1]","[-0.06051493063569069, -0.07732804864645004, -0.06755026429891586, -0.07287979125976562, 0.0215925183147192, 0.2566804587841034]","[-0.06051493063569069, -0.07732804864645004, -0.06755026429891586, -0.07287979125976562, 0.0215925183147192, 0.2566804587841034]","[-0.06051493063569069, -0.07732804864645004, -0.06755026429891586, -0.07287979125976562, 0.0215925183147192, 0.2566804587841034]",1,1,False,"['A', 'F']","['E', 'F']"
5a7906f55542990784727792::working_set_pack_b,5a7906f55542990784727792,"['A', 'B', 'C', 'D', 'E', 'F']","[0, 0, 0, 0, 1, 1]","[-0.07873786985874176, -0.09319085627794266, -0.08268468827009201, -0.08595091849565506, 0.015143552795052528, 0.3254207968711853]","[-0.07873786985874176, -0.09319085627794266, -0.08268468827009201, -0.08595091849565506, 0.015143552795052528, 0.3254207968711853]","[-0.07873786985874176, -0.09319085627794266, -0.08268468827009201, -0.08595091849565506, 0.015143552795052528, 0.3254207968711853]",1,1,False,"['A', 'F']","['E', 'F']"
5a7906f55542990784727792::active_set_pack_b,5a7906f55542990784727792,"['A', 'B', 'C', 'D', 'E', 'F']","[0, 0, 0, 0, 1, 1]","[-0.08824486285448074, -0.11124346405267715, -0.08004019409418106, -0.08648603409528732, 0.19805993139743805, 0.16795457899570465]","[-0.08824486285448074, -0.11124346405267715, -0.08004019409418106, -0.08648603409528732, 0.19805993139743805, 0.16795457899570465]","[-0.08824486285448074, -0.11124346405267715, -0.08004019409418106, -0.08648603409528732, 0.19805993139743805, 0.16795457899570465]",1,1,False,"['A', 'F']","['E', 'F']"
5ab74412554299110f219ae8::working_set_pack_a,5ab74412554299110f219ae8,"['A', 'B', 'C', 'D', 'E', 'F']","[1, 1, 0, 0, 0, 0]","[0.05446678400039673, 0.04886121675372124, 0.04956645891070366, -0.25216352939605713, 0.049567267298698425, 0.049701813608407974]","[0.05446678400039673, 0.04886121675372124, 0.04956645891070366, -0.25216352939605713, 0.049567267298698425, 0.049701813608407974]","[0.05446678400039673, 0.04886121675372124, 0.04956645891070366, -0.25216352939605713, 0.049567267298698425, 0.049701813608407974]",1,1,False,"['A', 'E']","['A', 'B']"
5ab74412554299110f219ae8::active_set_pack_a,5ab74412554299110f219ae8,"['A', 'B', 'C', 'D', 'E', 'F']","[1, 1, 0, 0, 0, 0]","[0.05546022206544876, 0.05132800340652466, 0.041036080569028854, -0.23211708664894104, 0.042517244815826416, 0.04177550971508026]","[0.05546022206544876, 0.05132800340652466, 0.041036080569028854, -0.23211708664894104, 0.042517244815826416, 0.04177550971508026]","[0.05546022206544876, 0.05132800340652466, 0.041036080569028854, -0.23211708664894104, 0.042517244815826416, 0.04177550971508026]",1,1,True,"['A', 'B']","['A', 'B']"
5ab74412554299110f219ae8::working_set_pack_b,5ab74412554299110f219ae8,"['A', 'B', 'C', 'D', 'E', 'F']","[1, 1, 0, 0, 0, 0]","[0.2730134427547455, 0.08169480413198471, -0.05594385415315628, -0.19374041259288788, -0.052235327661037445, -0.052788712084293365]","[0.2730134427547455, 0.08169480413198471, -0.05594385415315628, -0.19374041259288788, -0.052235327661037445, -0.052788712084293365]","[0.2730134427547455, 0.08169480413198471, -0.05594385415315628, -0.19374041259288788, -0.052235327661037445, -0.052788712084293365]",1,1,True,"['A', 'B']","['A', 'B']"
5ab74412554299110f219ae8::active_set_pack_b,5ab74412554299110f219ae8,"['A', 'B', 'C', 'D', 'E', 'F']","[1, 1, 0, 0, 0, 0]","[0.07241792976856232, 0.06458441913127899, 0.049592938274145126, -0.28576236963272095, 0.04917445033788681, 0.04999268054962158]","[0.07241792976856232, 0.06458441913127899, 0.049592938274145126, -0.28576236963272095, 0.04917445033788681, 0.04999268054962158]","[0.07241792976856232, 0.06458441913127899, 0.049592938274145126, -0.28576236963272095, 0.04917445033788681, 0.04999268054962158]",1,1,True,"['A', 'B']","['A', 'B']"
5ac4bfd05542997ea680caab::working_set_pack_a,5ac4bfd05542997ea680caab,"['A', 'B', 'C', 'D', 'E', 'F']","[1, 0, 0, 1, 0, 0]","[0.08820222318172455, 0.09616988897323608, 0.007802160922437906, 0.10262560844421387, -0.3195679485797882, 0.024768084287643433]","[0.08820222318172455, 0.09616988897323608, 0.007802160922437906, 0.10262560844421387, -0.3195679485797882, 0.024768084287643433]","[-0.08820222318172455, -0.09616988897323608, -0.007802160922437906, -0.10262560844421387, 0.3195679485797882, -0.024768084287643433]",-1,-1,True,"['A', 'D']","['A', 'D']"
5ac4bfd05542997ea680caab::active_set_pack_a,5ac4bfd05542997ea680caab,"['A', 'B', 'C', 'D', 'E', 'F']","[1, 0, 0, 1, 0, 0]","[0.10213182121515274, 0.10979639738798141, 0.027899323031306267, 0.1270357370376587, -0.4116159975528717, 0.04475271329283714]","[0.10213182121515274, 0.10979639738798141, 0.027899323031306267, 0.1270357370376587, -0.4116159975528717, 0.04475271329283714]","[-0.10213182121515274, -0.10979639738798141, -0.027899323031306267, -0.1270357370376587, 0.4116159975528717, -0.04475271329283714]",-1,-1,True,"['A', 'D']","['A', 'D']"
5ac4bfd05542997ea680caab::working_set_pack_b,5ac4bfd05542997ea680caab,"['A', 'B', 'C', 'D', 'E', 'F']","[1, 0, 0, 1, 0, 0]","[0.10429281741380692, 0.06679927557706833, -0.017572034150362015, 0.13509340584278107, -0.31721875071525574, 0.02860521338880062]","[0.10429281741380692, 0.06679927557706833, -0.017572034150362015, 0.13509340584278107, -0.31721875071525574, 0.02860521338880062]","[-0.10429281741380692, -0.06679927557706833, 0.017572034150362015, -0.13509340584278107, 0.31721875071525574, -0.02860521338880062]",-1,-1,True,"['A', 'D']","['A', 'D']"
5ac4bfd05542997ea680caab::active_set_pack_b,5ac4bfd05542997ea680caab,"['A', 'B', 'C', 'D', 'E', 'F']","[1, 0, 0, 1, 0, 0]","[0.08845246583223343, 0.13447822630405426, 0.006304904818534851, 0.09574460983276367, -0.3529152572154999, 0.02793523669242859]","[0.08845246583223343, 0.13447822630405426, 0.006304904818534851, 0.09574460983276367, -0.3529152572154999, 0.02793523669242859]","[-0.08845246583223343, -0.13447822630405426, -0.006304904818534851, -0.09574460983276367, 0.3529152572154999, -0.02793523669242859]",-1,-1,True,"['A', 'D']","['A', 'D']"
5ab72adb5542993667793f5d::working_set_pack_a,5ab72adb5542993667793f5d,"['A', 'B', 'C', 'D', 'E', 'F']","[1, 0, 0, 0, 0, 1]","[-0.06510967761278152, 0.08210811018943787, -0.07010465860366821, -0.07627926021814346, -0.07755492627620697, 0.20694038271903992]","[-0.06510967761278152, 0.08210811018943787, -0.07010465860366821, -0.07627926021814346, -0.07755492627620697, 0.20694038271903992]","[0.06510967761278152, -0.08210811018943787, 0.07010465860366821, 0.07627926021814346, 0.07755492627620697, -0.20694038271903992]",-1,-1,True,"['A', 'F']","['A', 'F']"
5ab72adb5542993667793f5d::active_set_pack_a,5ab72adb5542993667793f5d,"['A', 'B', 'C', 'D', 'E', 'F']","[1, 0, 0, 0, 0, 1]","[-0.039201520383358, 0.2052580863237381, -0.06890943646430969, -0.07195806503295898, -0.07023044675588608, 0.045041393488645554]","[-0.039201520383358, 0.2052580863237381, -0.06890943646430969, -0.07195806503295898, -0.07023044675588608, 0.045041393488645554]","[-0.039201520383358, 0.2052580863237381, -0.06890943646430969, -0.07195806503295898, -0.07023044675588608, 0.045041393488645554]",1,1,True,"['A', 'F']","['A', 'F']"
5ab72adb5542993667793f5d::working_set_pack_b,5ab72adb5542993667793f5d,"['A', 'B', 'C', 'D', 'E', 'F']","[1, 0, 0, 0, 0, 1]","[0.025760767981410027, -0.3138301968574524, 0.09503751248121262, 0.09737584739923477, 0.0943051278591156, 0.0013509311247617006]","[0.025760767981410027, -0.3138301968574524, 0.09503751248121262, 0.09737584739923477, 0.0943051278591156, 0.0013509311247617006]","[0.025760767981410027, -0.3138301968574524, 0.09503751248121262, 0.09737584739923477, 0.0943051278591156, 0.0013509311247617006]",1,1,True,"['A', 'F']","['A', 'F']"
5ab72adb5542993667793f5d::active_set_pack_b,5ab72adb5542993667793f5d,"['A', 'B', 'C', 'D', 'E', 'F']","[1, 0, 0, 0, 0, 1]","[0.041845470666885376, -0.20594505965709686, 0.06618869304656982, 0.06779665499925613, 0.06339654326438904, -0.033282358199357986]","[0.041845470666885376, -0.20594505965709686, 0.06618869304656982, 0.06779665499925613, 0.06339654326438904, -0.033282358199357986]","[-0.041845470666885376, 0.20594505965709686, -0.06618869304656982, -0.06779665499925613, -0.06339654326438904, 0.033282358199357986]",-1,-1,True,"['A', 'F']","['A', 'F']"
5abb06bc554299232ef4a3bb::working_set_pack_a,5abb06bc554299232ef4a3bb,"['A', 'B', 'C', 'D', 'E', 'F']","[0, 0, 0, 1, 0, 1]","[0.04749951884150505, 0.03956679254770279, -0.1104801669716835, 0.019338484853506088, 0.01714119128882885, -0.013065720908343792]","[0.04749951884150505, 0.03956679254770279, -0.1104801669716835, 0.019338484853506088, 0.01714119128882885, -0.013065720908343792]","[0.04749951884150505, 0.03956679254770279, -0.1104801669716835, 0.019338484853506088, 0.01714119128882885, -0.013065720908343792]",1,1,False,"['A', 'F']","['D', 'F']"
5abb06bc554299232ef4a3bb::active_set_pack_a,5abb06bc554299232ef4a3bb,"['A', 'B', 'C', 'D', 'E', 'F']","[0, 0, 0, 1, 0, 1]","[-0.049637116491794586, -0.04215943440794945, 0.10441944003105164, -0.02341444231569767, -0.01732875593006611, 0.02812030166387558]","[0.049637116491794586, 0.04215943440794945, -0.10441944003105164, 0.02341444231569767, 0.01732875593006611, -0.02812030166387558]","[0.049637116491794586, 0.04215943440794945, -0.10441944003105164, 0.02341444231569767, 0.01732875593006611, -0.02812030166387558]",-1,1,False,"['A', 'F']","['D', 'F']"
5abb06bc554299232ef4a3bb::working_set_pack_b,5abb06bc554299232ef4a3bb,"['A', 'B', 'C', 'D', 'E', 'F']","[0, 0, 0, 1, 0, 1]","[-0.052614256739616394, -0.04754427820444107, 0.09580911695957184, -0.02897254377603531, -0.008373279124498367, 0.0416952446103096]","[0.052614256739616394, 0.04754427820444107, -0.09580911695957184, 0.02897254377603531, 0.008373279124498367, -0.0416952446103096]","[0.052614256739616394, 0.04754427820444107, -0.09580911695957184, 0.02897254377603531, 0.008373279124498367, -0.0416952446103096]",-1,1,False,"['A', 'F']","['D', 'F']"
5abb06bc554299232ef4a3bb::active_set_pack_b,5abb06bc554299232ef4a3bb,"['A', 'B', 'C', 'D', 'E', 'F']","[0, 0, 0, 1, 0, 1]","[-0.07800139486789703, -0.03902770206332207, 0.12235807627439499, -0.014226645231246948, -0.012470284476876259, 0.021367913112044334]","[0.07800139486789703, 0.03902770206332207, -0.12235807627439499, 0.014226645231246948, 0.012470284476876259, -0.021367913112044334]","[0.07800139486789703, 0.03902770206332207, -0.12235807627439499, 0.014226645231246948, 0.012470284476876259, -0.021367913112044334]",-1,1,False,"['A', 'F']","['D', 'F']"
5ae3cf7e5542990afbd1e1e2::working_set_pack_a,5ae3cf7e5542990afbd1e1e2,"['A', 'B', 'C', 'D', 'E', 'F']","[1, 0, 1, 0, 0, 0]","[0.09082743525505066, -0.18457148969173431, 0.07962585985660553, -0.012767381966114044, 0.01671508327126503, 0.01017046719789505]","[0.09082743525505066, -0.18457148969173431, 0.07962585985660553, -0.012767381966114044, 0.01671508327126503, 0.01017046719789505]","[-0.09082743525505066, 0.18457148969173431, -0.07962585985660553, 0.012767381966114044, -0.01671508327126503, -0.01017046719789505]",-1,-1,True,"['A', 'C']","['A', 'C']"
5ae3cf7e5542990afbd1e1e2::active_set_pack_a,5ae3cf7e5542990afbd1e1e2,"['A', 'B', 'C', 'D', 'E', 'F']","[1, 0, 1, 0, 0, 0]","[0.10584650188684464, -0.1889180690050125, 0.0838136374950409, -0.02073565497994423, 0.012979192659258842, 0.007014325354248285]","[0.10584650188684464, -0.1889180690050125, 0.0838136374950409, -0.02073565497994423, 0.012979192659258842, 0.007014325354248285]","[-0.10584650188684464, 0.1889180690050125, -0.0838136374950409, 0.02073565497994423, -0.012979192659258842, -0.007014325354248285]",-1,-1,True,"['A', 'C']","['A', 'C']"
5ae3cf7e5542990afbd1e1e2::working_set_pack_b,5ae3cf7e5542990afbd1e1e2,"['A', 'B', 'C', 'D', 'E', 'F']","[1, 0, 1, 0, 0, 0]","[0.041371870785951614, -0.1654755175113678, 0.268298476934433, -0.060942355543375015, -0.03797487914562225, -0.04527750238776207]","[0.041371870785951614, -0.1654755175113678, 0.268298476934433, -0.060942355543375015, -0.03797487914562225, -0.04527750238776207]","[-0.041371870785951614, 0.1654755175113678, -0.268298476934433, 0.060942355543375015, 0.03797487914562225, 0.04527750238776207]",-1,-1,True,"['A', 'C']","['A', 'C']"
5ae3cf7e5542990afbd1e1e2::active_set_pack_b,5ae3cf7e5542990afbd1e1e2,"['A', 'B', 'C', 'D', 'E', 'F']","[1, 0, 1, 0, 0, 0]","[0.03302738815546036, -0.23074443638324738, 0.2610778510570526, -0.03950453922152519, -0.00845377054065466, -0.01540247444063425]","[0.03302738815546036, -0.23074443638324738, 0.2610778510570526, -0.03950453922152519, -0.00845377054065466, -0.01540247444063425]","[-0.03302738815546036, 0.23074443638324738, -0.2610778510570526, 0.03950453922152519, 0.00845377054065466, 0.01540247444063425]",-1,-1,True,"['A', 'C']","['A', 'C']"
5a7315015542994cef4bc448::working_set_pack_a,5a7315015542994cef4bc448,"['A', 'B', 'C', 'D', 'E', 'F']","[1, 0, 0, 0, 1, 0]","[-0.058445610105991364, -0.05749596282839775, -0.039698317646980286, -0.04724489897489548, 0.2669822573661804, -0.06409751623868942]","[-0.058445610105991364, -0.05749596282839775, -0.039698317646980286, -0.04724489897489548, 0.2669822573661804, -0.06409751623868942]","[-0.058445610105991364, -0.05749596282839775, -0.039698317646980286, -0.04724489897489548, 0.2669822573661804, -0.06409751623868942]",1,1,True,"['A', 'E']","['A', 'E']"
5a7315015542994cef4bc448::active_set_pack_a,5a7315015542994cef4bc448,"['A', 'B', 'C', 'D', 'E', 'F']","[1, 0, 0, 0, 1, 0]","[-0.06111739203333855, -0.059757642447948456, -0.0409754253923893, -0.054108161479234695, 0.2816712558269501, -0.0657125934958458]","[-0.06111739203333855, -0.059757642447948456, -0.0409754253923893, -0.054108161479234695, 0.2816712558269501, -0.0657125934958458]","[-0.06111739203333855, -0.059757642447948456, -0.0409754253923893, -0.054108161479234695, 0.2816712558269501, -0.0657125934958458]",1,1,True,"['A', 'E']","['A', 'E']"
5a7315015542994cef4bc448::working_set_pack_b,5a7315015542994cef4bc448,"['A', 'B', 'C', 'D', 'E', 'F']","[1, 0, 0, 0, 1, 0]","[-0.06547839194536209, -0.07402841001749039, -0.05870036408305168, -0.07170756906270981, 0.35683271288871765, -0.0869179368019104]","[-0.06547839194536209, -0.07402841001749039, -0.05870036408305168, -0.07170756906270981, 0.35683271288871765, -0.0869179368019104]","[-0.06547839194536209, -0.07402841001749039, -0.05870036408305168, -0.07170756906270981, 0.35683271288871765, -0.0869179368019104]",1,1,True,"['A', 'E']","['A', 'E']"
5a7315015542994cef4bc448::active_set_pack_b,5a7315015542994cef4bc448,"['A', 'B', 'C', 'D', 'E', 'F']","[1, 0, 0, 0, 1, 0]","[-0.0652318224310875, -0.05725070461630821, -0.0405564159154892, -0.060543496161699295, 0.29564642906188965, -0.07206403464078903]","[-0.0652318224310875, -0.05725070461630821, -0.0405564159154892, -0.060543496161699295, 0.29564642906188965, -0.07206403464078903]","[-0.0652318224310875, -0.05725070461630821, -0.0405564159154892, -0.060543496161699295, 0.29564642906188965, -0.07206403464078903]",1,1,True,"['A', 'E']","['A', 'E']"
5ab1ce395542997061209579::working_set_pack_a,5ab1ce395542997061209579,"['A', 'B', 'C', 'D', 'E', 'F']","[1, 1, 0, 0, 0, 0]","[0.18882198631763458, 0.03618240728974342, -0.15088056027889252, -0.06226629763841629, 0.01580898091197014, -0.02766645886003971]","[0.18882198631763458, 0.03618240728974342, -0.15088056027889252, -0.06226629763841629, 0.01580898091197014, -0.02766645886003971]","[-0.18882198631763458, -0.03618240728974342, 0.15088056027889252, 0.06226629763841629, -0.01580898091197014, 0.02766645886003971]",-1,-1,False,"['A', 'F']","['A', 'B']"
5ab1ce395542997061209579::active_set_pack_a,5ab1ce395542997061209579,"['A', 'B', 'C', 'D', 'E', 'F']","[1, 1, 0, 0, 0, 0]","[0.21754080057144165, 0.03037971816956997, -0.15082481503486633, -0.07040414214134216, 0.009345971047878265, -0.03603758662939072]","[0.21754080057144165, 0.03037971816956997, -0.15082481503486633, -0.07040414214134216, 0.009345971047878265, -0.03603758662939072]","[0.21754080057144165, 0.03037971816956997, -0.15082481503486633, -0.07040414214134216, 0.009345971047878265, -0.03603758662939072]",1,1,True,"['A', 'B']","['A', 'B']"
5ab1ce395542997061209579::working_set_pack_b,5ab1ce395542997061209579,"['A', 'B', 'C', 'D', 'E', 'F']","[1, 1, 0, 0, 0, 0]","[0.37340739369392395, -0.03824824094772339, -0.10938213020563126, -0.07588149607181549, -0.056189700961112976, -0.09370572119951248]","[0.37340739369392395, -0.03824824094772339, -0.10938213020563126, -0.07588149607181549, -0.056189700961112976, -0.09370572119951248]","[0.37340739369392395, -0.03824824094772339, -0.10938213020563126, -0.07588149607181549, -0.056189700961112976, -0.09370572119951248]",1,1,False,"['A', 'F']","['A', 'B']"
5ab1ce395542997061209579::active_set_pack_b,5ab1ce395542997061209579,"['A', 'B', 'C', 'D', 'E', 'F']","[1, 1, 0, 0, 0, 0]","[0.12244401127099991, 0.0687544047832489, -0.2193869799375534, -0.03962520882487297, 0.05743609368801117, 0.010377749800682068]","[0.12244401127099991, 0.0687544047832489, -0.2193869799375534, -0.03962520882487297, 0.05743609368801117, 0.010377749800682068]","[0.12244401127099991, 0.0687544047832489, -0.2193869799375534, -0.03962520882487297, 0.05743609368801117, 0.010377749800682068]",1,1,False,"['A', 'F']","['A', 'B']"
5a8afba155429949d91db458::working_set_pack_a,5a8afba155429949d91db458,"['A', 'B', 'C', 'D', 'E', 'F']","[0, 0, 0, 1, 1, 0]","[-0.053536009043455124, -0.07930599898099899, 0.14269043505191803, 0.044797588139772415, -0.00024140554887708277, -0.054404523223638535]","[0.053536009043455124, 0.07930599898099899, -0.14269043505191803, -0.044797588139772415, 0.00024140554887708277, 0.054404523223638535]","[-0.053536009043455124, -0.07930599898099899, 0.14269043505191803, 0.044797588139772415, -0.00024140554887708277, -0.054404523223638535]",1,-1,False,"['A', 'E']","['D', 'E']"
5a8afba155429949d91db458::active_set_pack_a,5a8afba155429949d91db458,"['A', 'B', 'C', 'D', 'E', 'F']","[0, 0, 0, 1, 1, 0]","[-0.0542013943195343, -0.07990235835313797, 0.1596321016550064, 0.049969978630542755, -0.015199683606624603, -0.06029869616031647]","[0.0542013943195343, 0.07990235835313797, -0.1596321016550064, -0.049969978630542755, 0.015199683606624603, 0.06029869616031647]","[0.0542013943195343, 0.07990235835313797, -0.1596321016550064, -0.049969978630542755, 0.015199683606624603, 0.06029869616031647]",-1,1,False,"['A', 'E']","['D', 'E']"
5a8afba155429949d91db458::working_set_pack_b,5a8afba155429949d91db458,"['A', 'B', 'C', 'D', 'E', 'F']","[0, 0, 0, 1, 1, 0]","[-0.058523304760456085, -0.08740825951099396, 0.19087347388267517, 0.037059441208839417, -0.024928394705057144, -0.05707282945513725]","[0.058523304760456085, 0.08740825951099396, -0.19087347388267517, -0.037059441208839417, 0.024928394705057144, 0.05707282945513725]","[-0.058523304760456085, -0.08740825951099396, 0.19087347388267517, 0.037059441208839417, -0.024928394705057144, -0.05707282945513725]",1,-1,False,"['A', 'E']","['D', 'E']"
5a8afba155429949d91db458::active_set_pack_b,5a8afba155429949d91db458,"['A', 'B', 'C', 'D', 'E', 'F']","[0, 0, 0, 1, 1, 0]","[-0.0718415156006813, -0.07760597765445709, 0.16844184696674347, 0.058432843536138535, -0.01975334994494915, -0.05767379701137543]","[0.0718415156006813, 0.07760597765445709, -0.16844184696674347, -0.058432843536138535, 0.01975334994494915, 0.05767379701137543]","[-0.0718415156006813, -0.07760597765445709, 0.16844184696674347, 0.058432843536138535, -0.01975334994494915, -0.05767379701137543]",1,-1,False,"['A', 'E']","['D', 'E']"
5ade5a245542997c77adee0c::working_set_pack_a,5ade5a245542997c77adee0c,"['A', 'B', 'C', 'D', 'E', 'F']","[0, 0, 1, 0, 1, 0]","[-0.05240468680858612, -0.04823197051882744, 0.05032164603471756, -0.05672172084450722, 0.1416376680135727, -0.034600984305143356]","[0.05240468680858612, 0.04823197051882744, -0.05032164603471756, 0.05672172084450722, -0.1416376680135727, 0.034600984305143356]","[0.05240468680858612, 0.04823197051882744, -0.05032164603471756, 0.05672172084450722, -0.1416376680135727, 0.034600984305143356]",-1,1,False,"['A', 'C']","['C', 'E']"
5ade5a245542997c77adee0c::active_set_pack_a,5ade5a245542997c77adee0c,"['A', 'B', 'C', 'D', 'E', 'F']","[0, 0, 1, 0, 1, 0]","[-0.03525722771883011, -0.07235570251941681, 0.16992256045341492, -0.07710747420787811, 0.03334163501858711, -0.01854380965232849]","[-0.03525722771883011, -0.07235570251941681, 0.16992256045341492, -0.07710747420787811, 0.03334163501858711, -0.01854380965232849]","[-0.03525722771883011, -0.07235570251941681, 0.16992256045341492, -0.07710747420787811, 0.03334163501858711, -0.01854380965232849]",1,1,False,"['A', 'C']","['C', 'E']"
5ade5a245542997c77adee0c::working_set_pack_b,5ade5a245542997c77adee0c,"['A', 'B', 'C', 'D', 'E', 'F']","[0, 0, 1, 0, 1, 0]","[-0.017012333497405052, -0.07935182005167007, 0.2722066342830658, -0.07555719465017319, -0.043742209672927856, -0.05654321610927582]","[-0.017012333497405052, -0.07935182005167007, 0.2722066342830658, -0.07555719465017319, -0.043742209672927856, -0.05654321610927582]","[0.017012333497405052, 0.07935182005167007, -0.2722066342830658, 0.07555719465017319, 0.043742209672927856, 0.05654321610927582]",-1,-1,False,"['A', 'C']","['C', 'E']"
5ade5a245542997c77adee0c::active_set_pack_b,5ade5a245542997c77adee0c,"['A', 'B', 'C', 'D', 'E', 'F']","[0, 0, 1, 0, 1, 0]","[-0.02828325144946575, -0.08852103352546692, 0.219881072640419, -0.08903674781322479, 0.03523148596286774, -0.04927153140306473]","[-0.02828325144946575, -0.08852103352546692, 0.219881072640419, -0.08903674781322479, 0.03523148596286774, -0.04927153140306473]","[-0.02828325144946575, -0.08852103352546692, 0.219881072640419, -0.08903674781322479, 0.03523148596286774, -0.04927153140306473]",1,1,False,"['A', 'C']","['C', 'E']"
5ae65d055542996d980e7b14::working_set_pack_a,5ae65d055542996d980e7b14,"['A', 'B', 'C', 'D', 'E', 'F']","[0, 0, 1, 1, 0, 0]","[-0.10891924053430557, -0.06246110796928406, 0.4166903495788574, -0.04670773074030876, -0.1102774441242218, -0.08832477033138275]","[-0.10891924053430557, -0.06246110796928406, 0.4166903495788574, -0.04670773074030876, -0.1102774441242218, -0.08832477033138275]","[0.10891924053430557, 0.06246110796928406, -0.4166903495788574, 0.04670773074030876, 0.1102774441242218, 0.08832477033138275]",-1,-1,False,"['A', 'C']","['C', 'D']"
5ae65d055542996d980e7b14::active_set_pack_a,5ae65d055542996d980e7b14,"['A', 'B', 'C', 'D', 'E', 'F']","[0, 0, 1, 1, 0, 0]","[-0.09705907851457596, -0.049821637570858, 0.361396849155426, -0.03005191870033741, -0.1040453165769577, -0.08041892200708389]","[-0.09705907851457596, -0.049821637570858, 0.361396849155426, -0.03005191870033741, -0.1040453165769577, -0.08041892200708389]","[-0.09705907851457596, -0.049821637570858, 0.361396849155426, -0.03005191870033741, -0.1040453165769577, -0.08041892200708389]",1,1,False,"['A', 'C']","['C', 'D']"
5ae65d055542996d980e7b14::working_set_pack_b,5ae65d055542996d980e7b14,"['A', 'B', 'C', 'D', 'E', 'F']","[0, 0, 1, 1, 0, 0]","[-0.14971092343330383, -0.11355368047952652, 0.6142736077308655, -0.07079439610242844, -0.1484537124633789, -0.1317608803510666]","[-0.14971092343330383, -0.11355368047952652, 0.6142736077308655, -0.07079439610242844, -0.1484537124633789, -0.1317608803510666]","[-0.14971092343330383, -0.11355368047952652, 0.6142736077308655, -0.07079439610242844, -0.1484537124633789, -0.1317608803510666]",1,1,False,"['A', 'C']","['C', 'D']"
5ae65d055542996d980e7b14::active_set_pack_b,5ae65d055542996d980e7b14,"['A', 'B', 'C', 'D', 'E', 'F']","[0, 0, 1, 1, 0, 0]","[-0.12854719161987305, -0.05331794545054436, 0.44230443239212036, -0.04392449930310249, -0.12581244111061096, -0.09070233255624771]","[-0.12854719161987305, -0.05331794545054436, 0.44230443239212036, -0.04392449930310249, -0.12581244111061096, -0.09070233255624771]","[0.12854719161987305, 0.05331794545054436, -0.44230443239212036, 0.04392449930310249, 0.12581244111061096, 0.09070233255624771]",-1,-1,False,"['A', 'C']","['C', 'D']"
5a8a698255429930ff3c0dcf::working_set_pack_a,5a8a698255429930ff3c0dcf,"['A', 'B', 'C', 'D', 'E', 'F']","[0, 1, 0, 1, 0, 0]","[-0.09191585332155228, -0.047446563839912415, -0.027044836431741714, 0.27365967631340027, -0.07899907976388931, -0.028253326192498207]","[-0.09191585332155228, -0.047446563839912415, -0.027044836431741714, 0.27365967631340027, -0.07899907976388931, -0.028253326192498207]","[-0.09191585332155228, -0.047446563839912415, -0.027044836431741714, 0.27365967631340027, -0.07899907976388931, -0.028253326192498207]",1,1,False,"['A', 'D']","['B', 'D']"
5a8a698255429930ff3c0dcf::active_set_pack_a,5a8a698255429930ff3c0dcf,"['A', 'B', 'C', 'D', 'E', 'F']","[0, 1, 0, 1, 0, 0]","[-0.081019826233387, -0.07243911921977997, -0.048155006021261215, 0.3636510968208313, -0.11135654896497726, -0.05068047717213631]","[-0.081019826233387, -0.07243911921977997, -0.048155006021261215, 0.3636510968208313, -0.11135654896497726, -0.05068047717213631]","[-0.081019826233387, -0.07243911921977997, -0.048155006021261215, 0.3636510968208313, -0.11135654896497726, -0.05068047717213631]",1,1,False,"['A', 'D']","['B', 'D']"
5a8a698255429930ff3c0dcf::working_set_pack_b,5a8a698255429930ff3c0dcf,"['A', 'B', 'C', 'D', 'E', 'F']","[0, 1, 0, 1, 0, 0]","[-0.08357708156108856, -0.10305880010128021, -0.071695975959301, 0.4591164290904999, -0.12306255847215652, -0.07772227376699448]","[-0.08357708156108856, -0.10305880010128021, -0.071695975959301, 0.4591164290904999, -0.12306255847215652, -0.07772227376699448]","[-0.08357708156108856, -0.10305880010128021, -0.071695975959301, 0.4591164290904999, -0.12306255847215652, -0.07772227376699448]",1,1,False,"['A', 'D']","['B', 'D']"
5a8a698255429930ff3c0dcf::active_set_pack_b,5a8a698255429930ff3c0dcf,"['A', 'B', 'C', 'D', 'E', 'F']","[0, 1, 0, 1, 0, 0]","[-0.12409202754497528, -0.07157345116138458, -0.045759376138448715, 0.3837483525276184, -0.09490940719842911, -0.047414012253284454]","[-0.12409202754497528, -0.07157345116138458, -0.045759376138448715, 0.3837483525276184, -0.09490940719842911, -0.047414012253284454]","[-0.12409202754497528, -0.07157345116138458, -0.045759376138448715, 0.3837483525276184, -0.09490940719842911, -0.047414012253284454]",1,1,False,"['A', 'D']","['B', 'D']"
5ac4f4255542996feb3fe99d::working_set_pack_a,5ac4f4255542996feb3fe99d,"['A', 'B', 'C', 'D', 'E', 'F']","[0, 1, 0, 0, 0, 1]","[-0.04497206211090088, 0.25523173809051514, -0.07246525585651398, -0.05268652364611626, -0.060437142848968506, -0.024670735001564026]","[0.04497206211090088, -0.25523173809051514, 0.07246525585651398, 0.05268652364611626, 0.060437142848968506, 0.024670735001564026]","[0.04497206211090088, -0.25523173809051514, 0.07246525585651398, 0.05268652364611626, 0.060437142848968506, 0.024670735001564026]",-1,1,False,"['A', 'F']","['B', 'F']"
5ac4f4255542996feb3fe99d::active_set_pack_a,5ac4f4255542996feb3fe99d,"['A', 'B', 'C', 'D', 'E', 'F']","[0, 1, 0, 0, 0, 1]","[-0.05841393396258354, 0.3327951729297638, -0.08741525560617447, -0.07312814891338348, -0.07730021327733994, -0.036537639796733856]","[0.05841393396258354, -0.3327951729297638, 0.08741525560617447, 0.07312814891338348, 0.07730021327733994, 0.036537639796733856]","[0.05841393396258354, -0.3327951729297638, 0.08741525560617447, 0.07312814891338348, 0.07730021327733994, 0.036537639796733856]",-1,1,False,"['A', 'F']","['B', 'F']"
5ac4f4255542996feb3fe99d::working_set_pack_b,5ac4f4255542996feb3fe99d,"['A', 'B', 'C', 'D', 'E', 'F']","[0, 1, 0, 0, 0, 1]","[-0.08318202942609787, 0.4730713963508606, -0.1290934532880783, -0.0878949984908104, -0.12019862234592438, -0.052702292799949646]","[0.08318202942609787, -0.4730713963508606, 0.1290934532880783, 0.0878949984908104, 0.12019862234592438, 0.052702292799949646]","[0.08318202942609787, -0.4730713963508606, 0.1290934532880783, 0.0878949984908104, 0.12019862234592438, 0.052702292799949646]",-1,1,False,"['A', 'F']","['B', 'F']"
5ac4f4255542996feb3fe99d::active_set_pack_b,5ac4f4255542996feb3fe99d,"['A', 'B', 'C', 'D', 'E', 'F']","[0, 1, 0, 0, 0, 1]","[-0.08402461558580399, 0.37884727120399475, -0.09852177649736404, -0.10620465129613876, -0.08280926942825317, -0.007286796346306801]","[0.08402461558580399, -0.37884727120399475, 0.09852177649736404, 0.10620465129613876, 0.08280926942825317, 0.007286796346306801]","[0.08402461558580399, -0.37884727120399475, 0.09852177649736404, 0.10620465129613876, 0.08280926942825317, 0.007286796346306801]",-1,1,False,"['A', 'F']","['B', 'F']"
5a85d5ba5542997175ce205a::working_set_pack_a,5a85d5ba5542997175ce205a,"['A', 'B', 'C', 'D', 'E', 'F']","[0, 0, 1, 0, 1, 0]","[0.06924478709697723, -0.3406522274017334, 0.07801683247089386, 0.06427498161792755, 0.06243671104311943, 0.06667891144752502]","[-0.06924478709697723, 0.3406522274017334, -0.07801683247089386, -0.06427498161792755, -0.06243671104311943, -0.06667891144752502]","[0.06924478709697723, -0.3406522274017334, 0.07801683247089386, 0.06427498161792755, 0.06243671104311943, 0.06667891144752502]",1,-1,False,"['A', 'B']","['C', 'E']"
5a85d5ba5542997175ce205a::active_set_pack_a,5a85d5ba5542997175ce205a,"['A', 'B', 'C', 'D', 'E', 'F']","[0, 0, 1, 0, 1, 0]","[0.06535980105400085, -0.3609173595905304, 0.08399844914674759, 0.07206878811120987, 0.06395994871854782, 0.0755302757024765]","[-0.06535980105400085, 0.3609173595905304, -0.08399844914674759, -0.07206878811120987, -0.06395994871854782, -0.0755302757024765]","[0.06535980105400085, -0.3609173595905304, 0.08399844914674759, 0.07206878811120987, 0.06395994871854782, 0.0755302757024765]",1,-1,False,"['A', 'B']","['C', 'E']"
5a85d5ba5542997175ce205a::working_set_pack_b,5a85d5ba5542997175ce205a,"['A', 'B', 'C', 'D', 'E', 'F']","[0, 0, 1, 0, 1, 0]","[0.056583017110824585, -0.4136728048324585, 0.10423526167869568, 0.08465731889009476, 0.0791671872138977, 0.08902992308139801]","[-0.056583017110824585, 0.4136728048324585, -0.10423526167869568, -0.08465731889009476, -0.0791671872138977, -0.08902992308139801]","[0.056583017110824585, -0.4136728048324585, 0.10423526167869568, 0.08465731889009476, 0.0791671872138977, 0.08902992308139801]",1,-1,False,"['A', 'B']","['C', 'E']"
5a85d5ba5542997175ce205a::active_set_pack_b,5a85d5ba5542997175ce205a,"['A', 'B', 'C', 'D', 'E', 'F']","[0, 0, 1, 0, 1, 0]","[0.07259393483400345, -0.42798322439193726, 0.11181525886058807, 0.08110764622688293, 0.07447869330644608, 0.08798757195472717]","[-0.07259393483400345, 0.42798322439193726, -0.11181525886058807, -0.08110764622688293, -0.07447869330644608, -0.08798757195472717]","[0.07259393483400345, -0.42798322439193726, 0.11181525886058807, 0.08110764622688293, 0.07447869330644608, 0.08798757195472717]",1,-1,False,"['A', 'B']","['C', 'E']"
5a8a1eb755429970aeb70261::working_set_pack_a,5a8a1eb755429970aeb70261,"['A', 'B', 'C', 'D', 'E', 'F']","[0, 0, 1, 0, 0, 1]","[-0.05397362634539604, -0.05599354952573776, -0.09638037532567978, -0.09666460007429123, -0.06019167974591255, 0.3632037043571472]","[0.05397362634539604, 0.05599354952573776, 0.09638037532567978, 0.09666460007429123, 0.06019167974591255, -0.3632037043571472]","[0.05397362634539604, 0.05599354952573776, 0.09638037532567978, 0.09666460007429123, 0.06019167974591255, -0.3632037043571472]",-1,1,False,"['A', 'C']","['C', 'F']"
5a8a1eb755429970aeb70261::active_set_pack_a,5a8a1eb755429970aeb70261,"['A', 'B', 'C', 'D', 'E', 'F']","[0, 0, 1, 0, 0, 1]","[-0.03498227521777153, -0.05500409007072449, -0.09848105907440186, -0.08644617348909378, -0.10248635709285736, 0.37739986181259155]","[0.03498227521777153, 0.05500409007072449, 0.09848105907440186, 0.08644617348909378, 0.10248635709285736, -0.37739986181259155]","[0.03498227521777153, 0.05500409007072449, 0.09848105907440186, 0.08644617348909378, 0.10248635709285736, -0.37739986181259155]",-1,1,False,"['A', 'C']","['C', 'F']"
5a8a1eb755429970aeb70261::working_set_pack_b,5a8a1eb755429970aeb70261,"['A', 'B', 'C', 'D', 'E', 'F']","[0, 0, 1, 0, 0, 1]","[-0.029004201292991638, -0.02258208766579628, -0.21008683741092682, -0.0531669445335865, -0.053900398313999176, 0.3687405586242676]","[-0.029004201292991638, -0.02258208766579628, -0.21008683741092682, -0.0531669445335865, -0.053900398313999176, 0.3687405586242676]","[0.029004201292991638, 0.02258208766579628, 0.21008683741092682, 0.0531669445335865, 0.053900398313999176, -0.3687405586242676]",-1,-1,False,"['A', 'F']","['C', 'F']"
5a8a1eb755429970aeb70261::active_set_pack_b,5a8a1eb755429970aeb70261,"['A', 'B', 'C', 'D', 'E', 'F']","[0, 0, 1, 0, 0, 1]","[-0.002842264948412776, -0.016841573640704155, -0.18988490104675293, -0.06497136503458023, -0.053009066730737686, 0.3275492787361145]","[0.002842264948412776, 0.016841573640704155, 0.18988490104675293, 0.06497136503458023, 0.053009066730737686, -0.3275492787361145]","[0.002842264948412776, 0.016841573640704155, 0.18988490104675293, 0.06497136503458023, 0.053009066730737686, -0.3275492787361145]",-1,1,False,"['A', 'C']","['C', 'F']"
5ac3bb805542993915413909::working_set_pack_a,5ac3bb805542993915413909,"['A', 'B', 'C', 'D', 'E', 'F']","[0, 1, 1, 0, 0, 0]","[-0.0528288260102272, -0.03049110621213913, 0.2203253209590912, -0.048792533576488495, -0.04696473851799965, -0.041248172521591187]","[0.0528288260102272, 0.03049110621213913, -0.2203253209590912, 0.048792533576488495, 0.04696473851799965, 0.041248172521591187]","[0.0528288260102272, 0.03049110621213913, -0.2203253209590912, 0.048792533576488495, 0.04696473851799965, 0.041248172521591187]",-1,1,False,"['A', 'F']","['B', 'C']"
5ac3bb805542993915413909::active_set_pack_a,5ac3bb805542993915413909,"['A', 'B', 'C', 'D', 'E', 'F']","[0, 1, 1, 0, 0, 0]","[-0.05058981478214264, -0.03464977443218231, 0.24276795983314514, -0.05369807034730911, -0.05868201330304146, -0.04514828324317932]","[0.05058981478214264, 0.03464977443218231, -0.24276795983314514, 0.05369807034730911, 0.05868201330304146, 0.04514828324317932]","[0.05058981478214264, 0.03464977443218231, -0.24276795983314514, 0.05369807034730911, 0.05868201330304146, 0.04514828324317932]",-1,1,False,"['A', 'F']","['B', 'C']"
5ac3bb805542993915413909::working_set_pack_b,5ac3bb805542993915413909,"['A', 'B', 'C', 'D', 'E', 'F']","[0, 1, 1, 0, 0, 0]","[-0.0547628179192543, -0.08438798785209656, 0.28647086024284363, -0.05325525254011154, -0.051023710519075394, -0.043041106313467026]","[0.0547628179192543, 0.08438798785209656, -0.28647086024284363, 0.05325525254011154, 0.051023710519075394, 0.043041106313467026]","[0.0547628179192543, 0.08438798785209656, -0.28647086024284363, 0.05325525254011154, 0.051023710519075394, 0.043041106313467026]",-1,1,False,"['B', 'F']","['B', 'C']"
5ac3bb805542993915413909::active_set_pack_b,5ac3bb805542993915413909,"['A', 'B', 'C', 'D', 'E', 'F']","[0, 1, 1, 0, 0, 0]","[-0.10465462505817413, -0.02048073336482048, 0.28324267268180847, -0.060265880078077316, -0.0509648472070694, -0.04687666520476341]","[0.10465462505817413, 0.02048073336482048, -0.28324267268180847, 0.060265880078077316, 0.0509648472070694, 0.04687666520476341]","[0.10465462505817413, 0.02048073336482048, -0.28324267268180847, 0.060265880078077316, 0.0509648472070694, 0.04687666520476341]",-1,1,False,"['A', 'F']","['B', 'C']"
5a81102b554299260e20a22a::working_set_pack_a,5a81102b554299260e20a22a,"['A', 'B', 'C', 'D', 'E', 'F']","[1, 0, 1, 0, 0, 0]","[0.043749839067459106, -0.13067474961280823, 0.06414464861154556, -0.09560369700193405, 0.08557458966970444, 0.03280941769480705]","[0.043749839067459106, -0.13067474961280823, 0.06414464861154556, -0.09560369700193405, 0.08557458966970444, 0.03280941769480705]","[-0.043749839067459106, 0.13067474961280823, -0.06414464861154556, 0.09560369700193405, -0.08557458966970444, -0.03280941769480705]",-1,-1,False,"['A', 'E']","['A', 'C']"
5a81102b554299260e20a22a::active_set_pack_a,5a81102b554299260e20a22a,"['A', 'B', 'C', 'D', 'E', 'F']","[1, 0, 1, 0, 0, 0]","[0.057759713381528854, -0.15794023871421814, 0.07569438964128494, -0.12121572345495224, 0.09722735732793808, 0.048474524170160294]","[0.057759713381528854, -0.15794023871421814, 0.07569438964128494, -0.12121572345495224, 0.09722735732793808, 0.048474524170160294]","[-0.057759713381528854, 0.15794023871421814, -0.07569438964128494, 0.12121572345495224, -0.09722735732793808, -0.048474524170160294]",-1,-1,False,"['A', 'E']","['A', 'C']"
5a81102b554299260e20a22a::working_set_pack_b,5a81102b554299260e20a22a,"['A', 'B', 'C', 'D', 'E', 'F']","[1, 0, 1, 0, 0, 0]","[0.03774166852235794, -0.17159108817577362, 0.07734931260347366, -0.1066751554608345, 0.15969407558441162, 0.0034810788929462433]","[0.03774166852235794, -0.17159108817577362, 0.07734931260347366, -0.1066751554608345, 0.15969407558441162, 0.0034810788929462433]","[-0.03774166852235794, 0.17159108817577362, -0.07734931260347366, 0.1066751554608345, -0.15969407558441162, -0.0034810788929462433]",-1,-1,False,"['A', 'E']","['A', 'C']"
5a81102b554299260e20a22a::active_set_pack_b,5a81102b554299260e20a22a,"['A', 'B', 'C', 'D', 'E', 'F']","[1, 0, 1, 0, 0, 0]","[0.0750533789396286, -0.10332515835762024, 0.10002971440553665, -0.2371065318584442, 0.0838647112250328, 0.08148404210805893]","[0.0750533789396286, -0.10332515835762024, 0.10002971440553665, -0.2371065318584442, 0.0838647112250328, 0.08148404210805893]","[-0.0750533789396286, 0.10332515835762024, -0.10002971440553665, 0.2371065318584442, -0.0838647112250328, -0.08148404210805893]",-1,-1,False,"['A', 'E']","['A', 'C']"
5a77a0205542995d83181225::working_set_pack_a,5a77a0205542995d83181225,"['A', 'B', 'C', 'D', 'E', 'F']","[0, 1, 0, 0, 0, 1]","[0.05241406708955765, 0.09185920655727386, -0.17593351006507874, 0.03622257709503174, 0.041182465851306915, -0.04574476554989815]","[0.05241406708955765, 0.09185920655727386, -0.17593351006507874, 0.03622257709503174, 0.041182465851306915, -0.04574476554989815]","[0.05241406708955765, 0.09185920655727386, -0.17593351006507874, 0.03622257709503174, 0.041182465851306915, -0.04574476554989815]",1,1,False,"['A', 'B']","['B', 'F']"
5a77a0205542995d83181225::active_set_pack_a,5a77a0205542995d83181225,"['A', 'B', 'C', 'D', 'E', 'F']","[0, 1, 0, 0, 0, 1]","[0.052746593952178955, 0.08045608550310135, -0.1936405599117279, 0.03978729620575905, 0.04524703696370125, -0.024596504867076874]","[0.052746593952178955, 0.08045608550310135, -0.1936405599117279, 0.03978729620575905, 0.04524703696370125, -0.024596504867076874]","[0.052746593952178955, 0.08045608550310135, -0.1936405599117279, 0.03978729620575905, 0.04524703696370125, -0.024596504867076874]",1,1,False,"['A', 'B']","['B', 'F']"
5a77a0205542995d83181225::working_set_pack_b,5a77a0205542995d83181225,"['A', 'B', 'C', 'D', 'E', 'F']","[0, 1, 0, 0, 0, 1]","[-0.013241476379334927, 0.33089908957481384, -0.14916008710861206, -0.08183907717466354, -0.06658522039651871, -0.020073190331459045]","[-0.013241476379334927, 0.33089908957481384, -0.14916008710861206, -0.08183907717466354, -0.06658522039651871, -0.020073190331459045]","[0.013241476379334927, -0.33089908957481384, 0.14916008710861206, 0.08183907717466354, 0.06658522039651871, 0.020073190331459045]",-1,-1,False,"['A', 'B']","['B', 'F']"
5a77a0205542995d83181225::active_set_pack_b,5a77a0205542995d83181225,"['A', 'B', 'C', 'D', 'E', 'F']","[0, 1, 0, 0, 0, 1]","[-0.015254154801368713, 0.21161191165447235, -0.15653277933597565, -0.06764975935220718, -0.04235665127635002, 0.07018163055181503]","[-0.015254154801368713, 0.21161191165447235, -0.15653277933597565, -0.06764975935220718, -0.04235665127635002, 0.07018163055181503]","[0.015254154801368713, -0.21161191165447235, 0.15653277933597565, 0.06764975935220718, 0.04235665127635002, -0.07018163055181503]",-1,-1,False,"['A', 'B']","['B', 'F']"
5a8f7992554299458435d64c::working_set_pack_a,5a8f7992554299458435d64c,"['A', 'B', 'C', 'D', 'E', 'F']","[1, 0, 1, 0, 0, 0]","[0.06025226041674614, 0.05384745076298714, 0.028321046382188797, 0.048131220042705536, -0.2389003038406372, 0.04834827035665512]","[0.06025226041674614, 0.05384745076298714, 0.028321046382188797, 0.048131220042705536, -0.2389003038406372, 0.04834827035665512]","[0.06025226041674614, 0.05384745076298714, 0.028321046382188797, 0.048131220042705536, -0.2389003038406372, 0.04834827035665512]",1,1,True,"['A', 'C']","['A', 'C']"
5a8f7992554299458435d64c::active_set_pack_a,5a8f7992554299458435d64c,"['A', 'B', 'C', 'D', 'E', 'F']","[1, 0, 1, 0, 0, 0]","[0.056509871035814285, 0.06105203181505203, -0.0015374345239251852, 0.045689087361097336, -0.20734459161758423, 0.045631032437086105]","[0.056509871035814285, 0.06105203181505203, -0.0015374345239251852, 0.045689087361097336, -0.20734459161758423, 0.045631032437086105]","[0.056509871035814285, 0.06105203181505203, -0.0015374345239251852, 0.045689087361097336, -0.20734459161758423, 0.045631032437086105]",1,1,True,"['A', 'C']","['A', 'C']"
5a8f7992554299458435d64c::working_set_pack_b,5a8f7992554299458435d64c,"['A', 'B', 'C', 'D', 'E', 'F']","[1, 0, 1, 0, 0, 0]","[-0.0578649565577507, -0.14807210862636566, 0.0918089747428894, -0.047956060618162155, 0.21138177812099457, -0.04929759353399277]","[-0.0578649565577507, -0.14807210862636566, 0.0918089747428894, -0.047956060618162155, 0.21138177812099457, -0.04929759353399277]","[0.0578649565577507, 0.14807210862636566, -0.0918089747428894, 0.047956060618162155, -0.21138177812099457, 0.04929759353399277]",-1,-1,True,"['A', 'C']","['A', 'C']"
5a8f7992554299458435d64c::active_set_pack_b,5a8f7992554299458435d64c,"['A', 'B', 'C', 'D', 'E', 'F']","[1, 0, 1, 0, 0, 0]","[-0.07798587530851364, -0.11163000017404556, 0.11707442998886108, -0.05962881073355675, 0.1928306668996811, -0.060660429298877716]","[-0.07798587530851364, -0.11163000017404556, 0.11707442998886108, -0.05962881073355675, 0.1928306668996811, -0.060660429298877716]","[0.07798587530851364, 0.11163000017404556, -0.11707442998886108, 0.05962881073355675, -0.1928306668996811, 0.060660429298877716]",-1,-1,True,"['A', 'C']","['A', 'C']"
5a83088a55429966c78a6afc::working_set_pack_a,5a83088a55429966c78a6afc,"['A', 'B', 'C', 'D', 'E', 'F']","[0, 1, 0, 0, 1, 0]","[-0.05723859369754791, 0.26374295353889465, -0.08152473717927933, -0.07775630056858063, 0.032284267246723175, -0.07950756698846817]","[0.05723859369754791, -0.26374295353889465, 0.08152473717927933, 0.07775630056858063, -0.032284267246723175, 0.07950756698846817]","[-0.05723859369754791, 0.26374295353889465, -0.08152473717927933, -0.07775630056858063, 0.032284267246723175, -0.07950756698846817]",1,-1,False,"['A', 'E']","['B', 'E']"
5a83088a55429966c78a6afc::active_set_pack_a,5a83088a55429966c78a6afc,"['A', 'B', 'C', 'D', 'E', 'F']","[0, 1, 0, 0, 1, 0]","[-0.05943781137466431, 0.2821495532989502, -0.08276934921741486, -0.07636961340904236, 0.017614759504795074, -0.08118757605552673]","[0.05943781137466431, -0.2821495532989502, 0.08276934921741486, 0.07636961340904236, -0.017614759504795074, 0.08118757605552673]","[-0.05943781137466431, 0.2821495532989502, -0.08276934921741486, -0.07636961340904236, 0.017614759504795074, -0.08118757605552673]",1,-1,False,"['A', 'E']","['B', 'E']"
5a83088a55429966c78a6afc::working_set_pack_b,5a83088a55429966c78a6afc,"['A', 'B', 'C', 'D', 'E', 'F']","[0, 1, 0, 0, 1, 0]","[-0.05676445737481117, 0.30878379940986633, -0.08065062761306763, -0.0825340673327446, -0.009151006117463112, -0.07968374341726303]","[0.05676445737481117, -0.30878379940986633, 0.08065062761306763, 0.0825340673327446, 0.009151006117463112, 0.07968374341726303]","[-0.05676445737481117, 0.30878379940986633, -0.08065062761306763, -0.0825340673327446, -0.009151006117463112, -0.07968374341726303]",1,-1,False,"['A', 'E']","['B', 'E']"
5a83088a55429966c78a6afc::active_set_pack_b,5a83088a55429966c78a6afc,"['A', 'B', 'C', 'D', 'E', 'F']","[0, 1, 0, 0, 1, 0]","[-0.06280995905399323, 0.3298557996749878, -0.07562292367219925, -0.07733215391635895, -0.038549840450286865, -0.07554075866937637]","[0.06280995905399323, -0.3298557996749878, 0.07562292367219925, 0.07733215391635895, 0.038549840450286865, 0.07554075866937637]","[-0.06280995905399323, 0.3298557996749878, -0.07562292367219925, -0.07733215391635895, -0.038549840450286865, -0.07554075866937637]",1,-1,False,"['A', 'E']","['B', 'E']"
5ab54b5c5542992aa134a298::working_set_pack_a,5ab54b5c5542992aa134a298,"['A', 'B', 'C', 'D', 'E', 'F']","[0, 1, 0, 0, 1, 0]","[0.022288069128990173, 0.15950436890125275, 0.03112966939806938, 0.034074705094099045, 0.024688394740223885, -0.2716851830482483]","[0.022288069128990173, 0.15950436890125275, 0.03112966939806938, 0.034074705094099045, 0.024688394740223885, -0.2716851830482483]","[0.022288069128990173, 0.15950436890125275, 0.03112966939806938, 0.034074705094099045, 0.024688394740223885, -0.2716851830482483]",1,1,False,"['A', 'E']","['B', 'E']"
5ab54b5c5542992aa134a298::active_set_pack_a,5ab54b5c5542992aa134a298,"['A', 'B', 'C', 'D', 'E', 'F']","[0, 1, 0, 0, 1, 0]","[0.040105853229761124, 0.14347317814826965, 0.044962406158447266, 0.04299722984433174, 0.013786270283162594, -0.28532490134239197]","[0.040105853229761124, 0.14347317814826965, 0.044962406158447266, 0.04299722984433174, 0.013786270283162594, -0.28532490134239197]","[-0.040105853229761124, -0.14347317814826965, -0.044962406158447266, -0.04299722984433174, -0.013786270283162594, 0.28532490134239197]",-1,-1,False,"['A', 'E']","['B', 'E']"
5ab54b5c5542992aa134a298::working_set_pack_b,5ab54b5c5542992aa134a298,"['A', 'B', 'C', 'D', 'E', 'F']","[0, 1, 0, 0, 1, 0]","[-0.03254241123795509, 0.2283460646867752, -0.011428183875977993, -0.0013025897787883878, 0.02890152297914028, -0.21197453141212463]","[-0.03254241123795509, 0.2283460646867752, -0.011428183875977993, -0.0013025897787883878, 0.02890152297914028, -0.21197453141212463]","[0.03254241123795509, -0.2283460646867752, 0.011428183875977993, 0.0013025897787883878, -0.02890152297914028, 0.21197453141212463]",-1,-1,True,"['B', 'E']","['B', 'E']"
5ab54b5c5542992aa134a298::active_set_pack_b,5ab54b5c5542992aa134a298,"['A', 'B', 'C', 'D', 'E', 'F']","[0, 1, 0, 0, 1, 0]","[0.06921372562646866, 0.11398684233427048, 0.06711921095848083, 0.06667137891054153, -0.005044234916567802, -0.3119468688964844]","[0.06921372562646866, 0.11398684233427048, 0.06711921095848083, 0.06667137891054153, -0.005044234916567802, -0.3119468688964844]","[-0.06921372562646866, -0.11398684233427048, -0.06711921095848083, -0.06667137891054153, 0.005044234916567802, 0.3119468688964844]",-1,-1,True,"['B', 'E']","['B', 'E']"
5ac23b6f55429951e9e684b4::working_set_pack_a,5ac23b6f55429951e9e684b4,"['A', 'B', 'C', 'D', 'E', 'F']","[0, 1, 0, 0, 1, 0]","[-0.09820834547281265, -0.07357686012983322, -0.08735740929841995, -0.10730491578578949, 0.4616326689720154, -0.09518513828516006]","[-0.09820834547281265, -0.07357686012983322, -0.08735740929841995, -0.10730491578578949, 0.4616326689720154, -0.09518513828516006]","[0.09820834547281265, 0.07357686012983322, 0.08735740929841995, 0.10730491578578949, -0.4616326689720154, 0.09518513828516006]",-1,-1,False,"['A', 'E']","['B', 'E']"
5ac23b6f55429951e9e684b4::active_set_pack_a,5ac23b6f55429951e9e684b4,"['A', 'B', 'C', 'D', 'E', 'F']","[0, 1, 0, 0, 1, 0]","[-0.10174336284399033, -0.08049778640270233, -0.07768190652132034, -0.1111440658569336, 0.4714488387107849, -0.10038172453641891]","[-0.10174336284399033, -0.08049778640270233, -0.07768190652132034, -0.1111440658569336, 0.4714488387107849, -0.10038172453641891]","[0.10174336284399033, 0.08049778640270233, 0.07768190652132034, 0.1111440658569336, -0.4714488387107849, 0.10038172453641891]",-1,-1,False,"['A', 'E']","['B', 'E']"
5ac23b6f55429951e9e684b4::working_set_pack_b,5ac23b6f55429951e9e684b4,"['A', 'B', 'C', 'D', 'E', 'F']","[0, 1, 0, 0, 1, 0]","[-0.12085030972957611, -0.10163647681474686, -0.10309955477714539, -0.13242632150650024, 0.5788356065750122, -0.12082287669181824]","[-0.12085030972957611, -0.10163647681474686, -0.10309955477714539, -0.13242632150650024, 0.5788356065750122, -0.12082287669181824]","[0.12085030972957611, 0.10163647681474686, 0.10309955477714539, 0.13242632150650024, -0.5788356065750122, 0.12082287669181824]",-1,-1,False,"['A', 'E']","['B', 'E']"
5ac23b6f55429951e9e684b4::active_set_pack_b,5ac23b6f55429951e9e684b4,"['A', 'B', 'C', 'D', 'E', 'F']","[0, 1, 0, 0, 1, 0]","[-0.14357024431228638, -0.12383665889501572, -0.11495856195688248, -0.1367282271385193, 0.6627620458602905, -0.14366813004016876]","[-0.14357024431228638, -0.12383665889501572, -0.11495856195688248, -0.1367282271385193, 0.6627620458602905, -0.14366813004016876]","[0.14357024431228638, 0.12383665889501572, 0.11495856195688248, 0.1367282271385193, -0.6627620458602905, 0.14366813004016876]",-1,-1,False,"['A', 'E']","['B', 'E']"
5a7d231555429909bec76986::working_set_pack_a,5a7d231555429909bec76986,"['A', 'B', 'C', 'D', 'E', 'F']","[0, 1, 0, 0, 0, 1]","[0.018381085246801376, -0.011325991712510586, -0.2298710197210312, 0.038696300238370895, 0.010406207293272018, 0.17371340095996857]","[-0.018381085246801376, 0.011325991712510586, 0.2298710197210312, -0.038696300238370895, -0.010406207293272018, -0.17371340095996857]","[0.018381085246801376, -0.011325991712510586, -0.2298710197210312, 0.038696300238370895, 0.010406207293272018, 0.17371340095996857]",1,-1,False,"['A', 'C']","['B', 'F']"
5a7d231555429909bec76986::active_set_pack_a,5a7d231555429909bec76986,"['A', 'B', 'C', 'D', 'E', 'F']","[0, 1, 0, 0, 0, 1]","[-0.03475993126630783, -0.04417664557695389, -0.1568005383014679, 0.023157380521297455, -0.03430424630641937, 0.24688392877578735]","[0.03475993126630783, 0.04417664557695389, 0.1568005383014679, -0.023157380521297455, 0.03430424630641937, -0.24688392877578735]","[-0.03475993126630783, -0.04417664557695389, -0.1568005383014679, 0.023157380521297455, -0.03430424630641937, 0.24688392877578735]",1,-1,False,"['A', 'C']","['B', 'F']"
5a7d231555429909bec76986::working_set_pack_b,5a7d231555429909bec76986,"['A', 'B', 'C', 'D', 'E', 'F']","[0, 1, 0, 0, 0, 1]","[0.06890716403722763, -0.009553704410791397, -0.2635745704174042, 0.07003376632928848, 0.049590110778808594, 0.08459725975990295]","[-0.06890716403722763, 0.009553704410791397, 0.2635745704174042, -0.07003376632928848, -0.049590110778808594, -0.08459725975990295]","[0.06890716403722763, -0.009553704410791397, -0.2635745704174042, 0.07003376632928848, 0.049590110778808594, 0.08459725975990295]",1,-1,False,"['B', 'C']","['B', 'F']"
5a7d231555429909bec76986::active_set_pack_b,5a7d231555429909bec76986,"['A', 'B', 'C', 'D', 'E', 'F']","[0, 1, 0, 0, 0, 1]","[-0.035958558320999146, -0.03454190865159035, -0.1750393807888031, 0.016256136819720268, -0.03055400773882866, 0.2598375976085663]","[0.035958558320999146, 0.03454190865159035, 0.1750393807888031, -0.016256136819720268, 0.03055400773882866, -0.2598375976085663]","[-0.035958558320999146, -0.03454190865159035, -0.1750393807888031, 0.016256136819720268, -0.03055400773882866, 0.2598375976085663]",1,-1,False,"['B', 'C']","['B', 'F']"
5a79cc3c5542994bb94570b6::working_set_pack_a,5a79cc3c5542994bb94570b6,"['A', 'B', 'C', 'D', 'E', 'F']","[0, 1, 0, 1, 0, 0]","[-0.09016752243041992, 0.4478553533554077, -0.09720008075237274, -0.01862351782619953, -0.12550203502178192, -0.11636201292276382]","[0.09016752243041992, -0.4478553533554077, 0.09720008075237274, 0.01862351782619953, 0.12550203502178192, 0.11636201292276382]","[0.09016752243041992, -0.4478553533554077, 0.09720008075237274, 0.01862351782619953, 0.12550203502178192, 0.11636201292276382]",-1,1,False,"['A', 'D']","['B', 'D']"
5a79cc3c5542994bb94570b6::active_set_pack_a,5a79cc3c5542994bb94570b6,"['A', 'B', 'C', 'D', 'E', 'F']","[0, 1, 0, 1, 0, 0]","[-0.07948283106088638, 0.39243319630622864, -0.08818434923887253, -0.00017767910321708769, -0.11547747999429703, -0.10911091417074203]","[0.07948283106088638, -0.39243319630622864, 0.08818434923887253, 0.00017767910321708769, 0.11547747999429703, 0.10911091417074203]","[0.07948283106088638, -0.39243319630622864, 0.08818434923887253, 0.00017767910321708769, 0.11547747999429703, 0.10911091417074203]",-1,1,False,"['A', 'D']","['B', 'D']"
5a79cc3c5542994bb94570b6::working_set_pack_b,5a79cc3c5542994bb94570b6,"['A', 'B', 'C', 'D', 'E', 'F']","[0, 1, 0, 1, 0, 0]","[-0.12340623140335083, 0.5490756630897522, -0.123277448117733, -0.006982607766985893, -0.1449214369058609, -0.1504879742860794]","[0.12340623140335083, -0.5490756630897522, 0.123277448117733, 0.006982607766985893, 0.1449214369058609, 0.1504879742860794]","[0.12340623140335083, -0.5490756630897522, 0.123277448117733, 0.006982607766985893, 0.1449214369058609, 0.1504879742860794]",-1,1,False,"['A', 'D']","['B', 'D']"
5a79cc3c5542994bb94570b6::active_set_pack_b,5a79cc3c5542994bb94570b6,"['A', 'B', 'C', 'D', 'E', 'F']","[0, 1, 0, 1, 0, 0]","[-0.07915981858968735, 0.3645504415035248, -0.08681116253137589, 0.04188820719718933, -0.10410802066326141, -0.13635964691638947]","[0.07915981858968735, -0.3645504415035248, 0.08681116253137589, -0.04188820719718933, 0.10410802066326141, 0.13635964691638947]","[0.07915981858968735, -0.3645504415035248, 0.08681116253137589, -0.04188820719718933, 0.10410802066326141, 0.13635964691638947]",-1,1,False,"['A', 'D']","['B', 'D']"
5a769ac95542993569682c4f::working_set_pack_a,5a769ac95542993569682c4f,"['A', 'B', 'C', 'D', 'E', 'F']","[1, 0, 1, 0, 0, 0]","[0.016937749460339546, 0.016506049782037735, 0.13022024929523468, 0.011510761454701424, 0.027345791459083557, -0.20252077281475067]","[0.016937749460339546, 0.016506049782037735, 0.13022024929523468, 0.011510761454701424, 0.027345791459083557, -0.20252077281475067]","[0.016937749460339546, 0.016506049782037735, 0.13022024929523468, 0.011510761454701424, 0.027345791459083557, -0.20252077281475067]",1,1,True,"['A', 'C']","['A', 'C']"
5a769ac95542993569682c4f::active_set_pack_a,5a769ac95542993569682c4f,"['A', 'B', 'C', 'D', 'E', 'F']","[1, 0, 1, 0, 0, 0]","[0.02253144606947899, 0.018682317808270454, 0.12729384005069733, 0.012785481289029121, 0.02938259020447731, -0.2106756865978241]","[0.02253144606947899, 0.018682317808270454, 0.12729384005069733, 0.012785481289029121, 0.02938259020447731, -0.2106756865978241]","[0.02253144606947899, 0.018682317808270454, 0.12729384005069733, 0.012785481289029121, 0.02938259020447731, -0.2106756865978241]",1,1,True,"['A', 'C']","['A', 'C']"
5a769ac95542993569682c4f::working_set_pack_b,5a769ac95542993569682c4f,"['A', 'B', 'C', 'D', 'E', 'F']","[1, 0, 1, 0, 0, 0]","[-0.07748916000127792, -0.04150809347629547, 0.32493844628334045, -0.06816580146551132, -0.047899600118398666, -0.08987583220005035]","[-0.07748916000127792, -0.04150809347629547, 0.32493844628334045, -0.06816580146551132, -0.047899600118398666, -0.08987583220005035]","[0.07748916000127792, 0.04150809347629547, -0.32493844628334045, 0.06816580146551132, 0.047899600118398666, 0.08987583220005035]",-1,-1,True,"['A', 'C']","['A', 'C']"
5a769ac95542993569682c4f::active_set_pack_b,5a769ac95542993569682c4f,"['A', 'B', 'C', 'D', 'E', 'F']","[1, 0, 1, 0, 0, 0]","[-0.05300647392868996, -0.03808483108878136, 0.25526875257492065, -0.048083264380693436, -0.02185891941189766, -0.09423524886369705]","[-0.05300647392868996, -0.03808483108878136, 0.25526875257492065, -0.048083264380693436, -0.02185891941189766, -0.09423524886369705]","[0.05300647392868996, 0.03808483108878136, -0.25526875257492065, 0.048083264380693436, 0.02185891941189766, 0.09423524886369705]",-1,-1,True,"['A', 'C']","['A', 'C']"
5adf01425542995ec70e8f53::working_set_pack_a,5adf01425542995ec70e8f53,"['A', 'B', 'C', 'D', 'E', 'F']","[0, 0, 0, 0, 1, 1]","[-0.11604650318622589, -0.08269631117582321, -0.10479998588562012, -0.10334940999746323, 0.4614548981189728, -0.054562728852033615]","[0.11604650318622589, 0.08269631117582321, 0.10479998588562012, 0.10334940999746323, -0.4614548981189728, 0.054562728852033615]","[0.11604650318622589, 0.08269631117582321, 0.10479998588562012, 0.10334940999746323, -0.4614548981189728, 0.054562728852033615]",-1,1,False,"['A', 'F']","['E', 'F']"
5adf01425542995ec70e8f53::active_set_pack_a,5adf01425542995ec70e8f53,"['A', 'B', 'C', 'D', 'E', 'F']","[0, 0, 0, 0, 1, 1]","[-0.1028917208313942, -0.06472920626401901, -0.09054620563983917, -0.08930614590644836, 0.36938872933387756, -0.02191549353301525]","[0.1028917208313942, 0.06472920626401901, 0.09054620563983917, 0.08930614590644836, -0.36938872933387756, 0.02191549353301525]","[0.1028917208313942, 0.06472920626401901, 0.09054620563983917, 0.08930614590644836, -0.36938872933387756, 0.02191549353301525]",-1,1,False,"['A', 'F']","['E', 'F']"
5adf01425542995ec70e8f53::working_set_pack_b,5adf01425542995ec70e8f53,"['A', 'B', 'C', 'D', 'E', 'F']","[0, 0, 0, 0, 1, 1]","[-0.10356927663087845, -0.06209373474121094, -0.08943664282560349, -0.0900152400135994, 0.3462814390659332, -0.0011665341444313526]","[0.10356927663087845, 0.06209373474121094, 0.08943664282560349, 0.0900152400135994, -0.3462814390659332, 0.0011665341444313526]","[0.10356927663087845, 0.06209373474121094, 0.08943664282560349, 0.0900152400135994, -0.3462814390659332, 0.0011665341444313526]",-1,1,False,"['A', 'F']","['E', 'F']"
5adf01425542995ec70e8f53::active_set_pack_b,5adf01425542995ec70e8f53,"['A', 'B', 'C', 'D', 'E', 'F']","[0, 0, 0, 0, 1, 1]","[-0.12148769944906235, -0.06299249827861786, -0.09509845077991486, -0.09682411700487137, 0.3398890197277069, 0.036513641476631165]","[0.12148769944906235, 0.06299249827861786, 0.09509845077991486, 0.09682411700487137, -0.3398890197277069, -0.036513641476631165]","[0.12148769944906235, 0.06299249827861786, 0.09509845077991486, 0.09682411700487137, -0.3398890197277069, -0.036513641476631165]",-1,1,False,"['A', 'F']","['E', 'F']"
5adc1b1a55429944faac2422::working_set_pack_a,5adc1b1a55429944faac2422,"['A', 'B', 'C', 'D', 'E', 'F']","[1, 0, 0, 0, 1, 0]","[0.09432703256607056, 0.023626981303095818, -0.13396210968494415, 0.0030011245980858803, 0.0048157330602407455, 0.008191259577870369]","[0.09432703256607056, 0.023626981303095818, -0.13396210968494415, 0.0030011245980858803, 0.0048157330602407455, 0.008191259577870369]","[-0.09432703256607056, -0.023626981303095818, 0.13396210968494415, -0.0030011245980858803, -0.0048157330602407455, -0.008191259577870369]",-1,-1,False,"['A', 'F']","['A', 'E']"
5adc1b1a55429944faac2422::active_set_pack_a,5adc1b1a55429944faac2422,"['A', 'B', 'C', 'D', 'E', 'F']","[1, 0, 0, 0, 1, 0]","[0.03398464620113373, 0.012928003445267677, -0.16634653508663177, 0.029288291931152344, 0.037328511476516724, 0.05281704291701317]","[0.03398464620113373, 0.012928003445267677, -0.16634653508663177, 0.029288291931152344, 0.037328511476516724, 0.05281704291701317]","[-0.03398464620113373, -0.012928003445267677, 0.16634653508663177, -0.029288291931152344, -0.037328511476516724, -0.05281704291701317]",-1,-1,False,"['A', 'F']","['A', 'E']"
5adc1b1a55429944faac2422::working_set_pack_b,5adc1b1a55429944faac2422,"['A', 'B', 'C', 'D', 'E', 'F']","[1, 0, 0, 0, 1, 0]","[0.04056718572974205, 0.030314158648252487, -0.16020119190216064, 0.03237159550189972, 0.025826606899499893, 0.031121598556637764]","[0.04056718572974205, 0.030314158648252487, -0.16020119190216064, 0.03237159550189972, 0.025826606899499893, 0.031121598556637764]","[0.04056718572974205, 0.030314158648252487, -0.16020119190216064, 0.03237159550189972, 0.025826606899499893, 0.031121598556637764]",1,1,False,"['A', 'F']","['A', 'E']"
5adc1b1a55429944faac2422::active_set_pack_b,5adc1b1a55429944faac2422,"['A', 'B', 'C', 'D', 'E', 'F']","[1, 0, 0, 0, 1, 0]","[0.0189983993768692, 0.0369371622800827, -0.1643771082162857, 0.04997459799051285, 0.02641581930220127, 0.03205110505223274]","[0.0189983993768692, 0.0369371622800827, -0.1643771082162857, 0.04997459799051285, 0.02641581930220127, 0.03205110505223274]","[0.0189983993768692, 0.0369371622800827, -0.1643771082162857, 0.04997459799051285, 0.02641581930220127, 0.03205110505223274]",1,1,False,"['A', 'F']","['A', 'E']"
5add67b05542995b365fab2a::working_set_pack_a,5add67b05542995b365fab2a,"['A', 'B', 'C', 'D', 'E', 'F']","[1, 0, 0, 0, 1, 0]","[0.25328031182289124, 0.00407446688041091, -0.078704833984375, -0.07225238531827927, -0.044483546167612076, -0.061914004385471344]","[0.25328031182289124, 0.00407446688041091, -0.078704833984375, -0.07225238531827927, -0.044483546167612076, -0.061914004385471344]","[-0.25328031182289124, -0.00407446688041091, 0.078704833984375, 0.07225238531827927, 0.044483546167612076, 0.061914004385471344]",-1,-1,True,"['A', 'E']","['A', 'E']"
5add67b05542995b365fab2a::active_set_pack_a,5add67b05542995b365fab2a,"['A', 'B', 'C', 'D', 'E', 'F']","[1, 0, 0, 0, 1, 0]","[0.30687418580055237, -0.03499925136566162, -0.08227461576461792, -0.07874367386102676, -0.04265168309211731, -0.06820496171712875]","[0.30687418580055237, -0.03499925136566162, -0.08227461576461792, -0.07874367386102676, -0.04265168309211731, -0.06820496171712875]","[-0.30687418580055237, 0.03499925136566162, 0.08227461576461792, 0.07874367386102676, 0.04265168309211731, 0.06820496171712875]",-1,-1,False,"['A', 'F']","['A', 'E']"
5add67b05542995b365fab2a::working_set_pack_b,5add67b05542995b365fab2a,"['A', 'B', 'C', 'D', 'E', 'F']","[1, 0, 0, 0, 1, 0]","[0.2580622136592865, 0.11294421553611755, -0.10997475683689117, -0.10453404486179352, -0.06228746473789215, -0.0942101702094078]","[0.2580622136592865, 0.11294421553611755, -0.10997475683689117, -0.10453404486179352, -0.06228746473789215, -0.0942101702094078]","[0.2580622136592865, 0.11294421553611755, -0.10997475683689117, -0.10453404486179352, -0.06228746473789215, -0.0942101702094078]",1,1,True,"['A', 'E']","['A', 'E']"
5add67b05542995b365fab2a::active_set_pack_b,5add67b05542995b365fab2a,"['A', 'B', 'C', 'D', 'E', 'F']","[1, 0, 0, 0, 1, 0]","[0.2671150267124176, 0.02189488150179386, -0.1041002869606018, -0.06947339326143265, -0.05302335321903229, -0.062412913888692856]","[0.2671150267124176, 0.02189488150179386, -0.1041002869606018, -0.06947339326143265, -0.05302335321903229, -0.062412913888692856]","[0.2671150267124176, 0.02189488150179386, -0.1041002869606018, -0.06947339326143265, -0.05302335321903229, -0.062412913888692856]",1,1,True,"['A', 'E']","['A', 'E']"
5ac25c9055429951e9e68580::working_set_pack_a,5ac25c9055429951e9e68580,"['A', 'B', 'C', 'D', 'E', 'F']","[0, 1, 0, 0, 0, 1]","[-0.0851268619298935, -0.006031220778822899, -0.06504166126251221, -0.04185176268219948, -0.020584367215633392, 0.21863581240177155]","[-0.0851268619298935, -0.006031220778822899, -0.06504166126251221, -0.04185176268219948, -0.020584367215633392, 0.21863581240177155]","[0.0851268619298935, 0.006031220778822899, 0.06504166126251221, 0.04185176268219948, 0.020584367215633392, -0.21863581240177155]",-1,-1,False,"['A', 'F']","['B', 'F']"
5ac25c9055429951e9e68580::active_set_pack_a,5ac25c9055429951e9e68580,"['A', 'B', 'C', 'D', 'E', 'F']","[0, 1, 0, 0, 0, 1]","[-0.0740589126944542, -0.001447222544811666, -0.07834520936012268, -0.05221496522426605, -0.022230088710784912, 0.2282964140176773]","[-0.0740589126944542, -0.001447222544811666, -0.07834520936012268, -0.05221496522426605, -0.022230088710784912, 0.2282964140176773]","[0.0740589126944542, 0.001447222544811666, 0.07834520936012268, 0.05221496522426605, 0.022230088710784912, -0.2282964140176773]",-1,-1,False,"['A', 'F']","['B', 'F']"
5ac25c9055429951e9e68580::working_set_pack_b,5ac25c9055429951e9e68580,"['A', 'B', 'C', 'D', 'E', 'F']","[0, 1, 0, 0, 0, 1]","[-0.10054171830415726, -0.01303540263324976, -0.09428860992193222, -0.06853289157152176, -0.02832253836095333, 0.3047211766242981]","[-0.10054171830415726, -0.01303540263324976, -0.09428860992193222, -0.06853289157152176, -0.02832253836095333, 0.3047211766242981]","[0.10054171830415726, 0.01303540263324976, 0.09428860992193222, 0.06853289157152176, 0.02832253836095333, -0.3047211766242981]",-1,-1,False,"['A', 'F']","['B', 'F']"
5ac25c9055429951e9e68580::active_set_pack_b,5ac25c9055429951e9e68580,"['A', 'B', 'C', 'D', 'E', 'F']","[0, 1, 0, 0, 0, 1]","[-0.12567290663719177, 0.02753204107284546, -0.08967813849449158, -0.05243658274412155, -0.017201481387019157, 0.25745707750320435]","[-0.12567290663719177, 0.02753204107284546, -0.08967813849449158, -0.05243658274412155, -0.017201481387019157, 0.25745707750320435]","[0.12567290663719177, -0.02753204107284546, 0.08967813849449158, 0.05243658274412155, 0.017201481387019157, -0.25745707750320435]",-1,-1,False,"['A', 'F']","['B', 'F']"
5a8ef28c5542995b44241f0f::working_set_pack_a,5a8ef28c5542995b44241f0f,"['A', 'B', 'C', 'D', 'E', 'F']","[0, 1, 0, 1, 0, 0]","[-0.22650843858718872, 0.02724960260093212, 0.03841819986701012, 0.045935966074466705, 0.047936610877513885, 0.06696800887584686]","[0.22650843858718872, -0.02724960260093212, -0.03841819986701012, -0.045935966074466705, -0.047936610877513885, -0.06696800887584686]","[0.22650843858718872, -0.02724960260093212, -0.03841819986701012, -0.045935966074466705, -0.047936610877513885, -0.06696800887584686]",-1,1,False,"['A', 'B']","['B', 'D']"
5a8ef28c5542995b44241f0f::active_set_pack_a,5a8ef28c5542995b44241f0f,"['A', 'B', 'C', 'D', 'E', 'F']","[0, 1, 0, 1, 0, 0]","[-0.24770794808864594, 0.028177432715892792, 0.04377521201968193, 0.05047626048326492, 0.05338836461305618, 0.071890689432621]","[0.24770794808864594, -0.028177432715892792, -0.04377521201968193, -0.05047626048326492, -0.05338836461305618, -0.071890689432621]","[0.24770794808864594, -0.028177432715892792, -0.04377521201968193, -0.05047626048326492, -0.05338836461305618, -0.071890689432621]",-1,1,False,"['A', 'B']","['B', 'D']"
5a8ef28c5542995b44241f0f::working_set_pack_b,5a8ef28c5542995b44241f0f,"['A', 'B', 'C', 'D', 'E', 'F']","[0, 1, 0, 1, 0, 0]","[0.13308711349964142, 0.07968223094940186, -0.1011921614408493, -0.03144822642207146, -0.028835047036409378, -0.05129394307732582]","[0.13308711349964142, 0.07968223094940186, -0.1011921614408493, -0.03144822642207146, -0.028835047036409378, -0.05129394307732582]","[-0.13308711349964142, -0.07968223094940186, 0.1011921614408493, 0.03144822642207146, 0.028835047036409378, 0.05129394307732582]",-1,-1,False,"['A', 'C']","['B', 'D']"
5a8ef28c5542995b44241f0f::active_set_pack_b,5a8ef28c5542995b44241f0f,"['A', 'B', 'C', 'D', 'E', 'F']","[0, 1, 0, 1, 0, 0]","[0.12043776363134384, 0.07808461040258408, -0.03891003876924515, -0.0354115292429924, -0.04343033954501152, -0.08077046275138855]","[0.12043776363134384, 0.07808461040258408, -0.03891003876924515, -0.0354115292429924, -0.04343033954501152, -0.08077046275138855]","[0.12043776363134384, 0.07808461040258408, -0.03891003876924515, -0.0354115292429924, -0.04343033954501152, -0.08077046275138855]",1,1,False,"['A', 'C']","['B', 'D']"
5ab808755542990e739ec7f2::working_set_pack_a,5ab808755542990e739ec7f2,"['A', 'B', 'C', 'D', 'E', 'F']","[0, 0, 0, 0, 1, 1]","[-0.042849861085414886, -0.10112962126731873, -0.06609528511762619, -0.06421349197626114, 0.008603504858911037, 0.2656848430633545]","[0.042849861085414886, 0.10112962126731873, 0.06609528511762619, 0.06421349197626114, -0.008603504858911037, -0.2656848430633545]","[0.042849861085414886, 0.10112962126731873, 0.06609528511762619, 0.06421349197626114, -0.008603504858911037, -0.2656848430633545]",-1,1,False,"['A', 'E']","['E', 'F']"
5ab808755542990e739ec7f2::active_set_pack_a,5ab808755542990e739ec7f2,"['A', 'B', 'C', 'D', 'E', 'F']","[0, 0, 0, 0, 1, 1]","[-0.04960502311587334, -0.10182160139083862, -0.06768731772899628, -0.06346089392900467, 0.008536375127732754, 0.2740383744239807]","[0.04960502311587334, 0.10182160139083862, 0.06768731772899628, 0.06346089392900467, -0.008536375127732754, -0.2740383744239807]","[0.04960502311587334, 0.10182160139083862, 0.06768731772899628, 0.06346089392900467, -0.008536375127732754, -0.2740383744239807]",-1,1,False,"['A', 'E']","['E', 'F']"
5ab808755542990e739ec7f2::working_set_pack_b,5ab808755542990e739ec7f2,"['A', 'B', 'C', 'D', 'E', 'F']","[0, 0, 0, 0, 1, 1]","[-0.10017480701208115, -0.19256222248077393, -0.11806690692901611, -0.1184479147195816, 0.04842038452625275, 0.4808315336704254]","[0.10017480701208115, 0.19256222248077393, 0.11806690692901611, 0.1184479147195816, -0.04842038452625275, -0.4808315336704254]","[0.10017480701208115, 0.19256222248077393, 0.11806690692901611, 0.1184479147195816, -0.04842038452625275, -0.4808315336704254]",-1,1,False,"['A', 'E']","['E', 'F']"
5ab808755542990e739ec7f2::active_set_pack_b,5ab808755542990e739ec7f2,"['A', 'B', 'C', 'D', 'E', 'F']","[0, 0, 0, 0, 1, 1]","[-0.08601846545934677, -0.159763902425766, -0.10514265298843384, -0.10461082309484482, -0.022199736908078194, 0.4777355194091797]","[-0.08601846545934677, -0.159763902425766, -0.10514265298843384, -0.10461082309484482, -0.022199736908078194, 0.4777355194091797]","[0.08601846545934677, 0.159763902425766, 0.10514265298843384, 0.10461082309484482, 0.022199736908078194, -0.4777355194091797]",-1,-1,False,"['A', 'F']","['E', 'F']"
5a7d15e35542995ed0d165dd::working_set_pack_a,5a7d15e35542995ed0d165dd,"['A', 'B', 'C', 'D', 'E', 'F']","[0, 1, 0, 0, 0, 1]","[-0.15480419993400574, 0.5523360967636108, -0.1454632729291916, -0.15276974439620972, -0.1347433626651764, 0.03544456511735916]","[-0.15480419993400574, 0.5523360967636108, -0.1454632729291916, -0.15276974439620972, -0.1347433626651764, 0.03544456511735916]","[0.15480419993400574, -0.5523360967636108, 0.1454632729291916, 0.15276974439620972, 0.1347433626651764, -0.03544456511735916]",-1,-1,False,"['A', 'B']","['B', 'F']"
5a7d15e35542995ed0d165dd::active_set_pack_a,5a7d15e35542995ed0d165dd,"['A', 'B', 'C', 'D', 'E', 'F']","[0, 1, 0, 0, 0, 1]","[-0.16828179359436035, 0.6611592173576355, -0.16720536351203918, -0.17029115557670593, -0.15393057465553284, -0.001450240844860673]","[-0.16828179359436035, 0.6611592173576355, -0.16720536351203918, -0.17029115557670593, -0.15393057465553284, -0.001450240844860673]","[0.16828179359436035, -0.6611592173576355, 0.16720536351203918, 0.17029115557670593, 0.15393057465553284, 0.001450240844860673]",-1,-1,False,"['A', 'B']","['B', 'F']"
5a7d15e35542995ed0d165dd::working_set_pack_b,5a7d15e35542995ed0d165dd,"['A', 'B', 'C', 'D', 'E', 'F']","[0, 1, 0, 0, 0, 1]","[-0.2571316361427307, 1.0523260831832886, -0.254022479057312, -0.25436317920684814, -0.24213825166225433, -0.04467044025659561]","[-0.2571316361427307, 1.0523260831832886, -0.254022479057312, -0.25436317920684814, -0.24213825166225433, -0.04467044025659561]","[0.2571316361427307, -1.0523260831832886, 0.254022479057312, 0.25436317920684814, 0.24213825166225433, 0.04467044025659561]",-1,-1,False,"['A', 'B']","['B', 'F']"
5a7d15e35542995ed0d165dd::active_set_pack_b,5a7d15e35542995ed0d165dd,"['A', 'B', 'C', 'D', 'E', 'F']","[0, 1, 0, 0, 0, 1]","[-0.17327138781547546, 0.6011582016944885, -0.1638665497303009, -0.17600542306900024, -0.15048250555992126, 0.062467437237501144]","[0.17327138781547546, -0.6011582016944885, 0.1638665497303009, 0.17600542306900024, 0.15048250555992126, -0.062467437237501144]","[0.17327138781547546, -0.6011582016944885, 0.1638665497303009, 0.17600542306900024, 0.15048250555992126, -0.062467437237501144]",-1,1,False,"['A', 'F']","['B', 'F']"
5ac5247c55429924173fb602::working_set_pack_a,5ac5247c55429924173fb602,"['A', 'B', 'C', 'D', 'E', 'F']","[1, 0, 0, 1, 0, 0]","[-0.02376554161310196, -0.04131937772035599, -0.07554809004068375, 0.24457304179668427, -0.059107355773448944, -0.04483266547322273]","[-0.02376554161310196, -0.04131937772035599, -0.07554809004068375, 0.24457304179668427, -0.059107355773448944, -0.04483266547322273]","[-0.02376554161310196, -0.04131937772035599, -0.07554809004068375, 0.24457304179668427, -0.059107355773448944, -0.04483266547322273]",1,1,True,"['A', 'D']","['A', 'D']"
5ac5247c55429924173fb602::active_set_pack_a,5ac5247c55429924173fb602,"['A', 'B', 'C', 'D', 'E', 'F']","[1, 0, 0, 1, 0, 0]","[-0.03866458311676979, -0.049116093665361404, -0.09248185902833939, 0.31083443760871887, -0.07304952293634415, -0.05752238631248474]","[-0.03866458311676979, -0.049116093665361404, -0.09248185902833939, 0.31083443760871887, -0.07304952293634415, -0.05752238631248474]","[-0.03866458311676979, -0.049116093665361404, -0.09248185902833939, 0.31083443760871887, -0.07304952293634415, -0.05752238631248474]",1,1,True,"['A', 'D']","['A', 'D']"
5ac5247c55429924173fb602::working_set_pack_b,5ac5247c55429924173fb602,"['A', 'B', 'C', 'D', 'E', 'F']","[1, 0, 0, 1, 0, 0]","[-0.022726349532604218, -0.03608786314725876, -0.09918718785047531, 0.29506492614746094, -0.07479806244373322, -0.06226556748151779]","[-0.022726349532604218, -0.03608786314725876, -0.09918718785047531, 0.29506492614746094, -0.07479806244373322, -0.06226556748151779]","[0.022726349532604218, 0.03608786314725876, 0.09918718785047531, -0.29506492614746094, 0.07479806244373322, 0.06226556748151779]",-1,-1,True,"['A', 'D']","['A', 'D']"
5ac5247c55429924173fb602::active_set_pack_b,5ac5247c55429924173fb602,"['A', 'B', 'C', 'D', 'E', 'F']","[1, 0, 0, 1, 0, 0]","[-0.043716903775930405, -0.02899886481463909, -0.12508994340896606, 0.31299978494644165, -0.0649300217628479, -0.050263911485672]","[-0.043716903775930405, -0.02899886481463909, -0.12508994340896606, 0.31299978494644165, -0.0649300217628479, -0.050263911485672]","[0.043716903775930405, 0.02899886481463909, 0.12508994340896606, -0.31299978494644165, 0.0649300217628479, 0.050263911485672]",-1,-1,True,"['A', 'D']","['A', 'D']"
5a80b23a5542992bc0c4a7b2::working_set_pack_a,5a80b23a5542992bc0c4a7b2,"['A', 'B', 'C', 'D', 'E', 'F']","[0, 0, 1, 0, 0, 1]","[-0.08718129992485046, -0.07657209038734436, 0.3772298991680145, -0.07961322367191315, -0.04402417317032814, -0.0898391380906105]","[0.08718129992485046, 0.07657209038734436, -0.3772298991680145, 0.07961322367191315, 0.04402417317032814, 0.0898391380906105]","[-0.08718129992485046, -0.07657209038734436, 0.3772298991680145, -0.07961322367191315, -0.04402417317032814, -0.0898391380906105]",1,-1,False,"['A', 'F']","['C', 'F']"
5a80b23a5542992bc0c4a7b2::active_set_pack_a,5a80b23a5542992bc0c4a7b2,"['A', 'B', 'C', 'D', 'E', 'F']","[0, 0, 1, 0, 0, 1]","[-0.09545402228832245, -0.08557736128568649, 0.41595619916915894, -0.08915097266435623, -0.05162594094872475, -0.0941479429602623]","[-0.09545402228832245, -0.08557736128568649, 0.41595619916915894, -0.08915097266435623, -0.05162594094872475, -0.0941479429602623]","[-0.09545402228832245, -0.08557736128568649, 0.41595619916915894, -0.08915097266435623, -0.05162594094872475, -0.0941479429602623]",1,1,False,"['A', 'C']","['C', 'F']"
5a80b23a5542992bc0c4a7b2::working_set_pack_b,5a80b23a5542992bc0c4a7b2,"['A', 'B', 'C', 'D', 'E', 'F']","[0, 0, 1, 0, 0, 1]","[-0.14540883898735046, -0.13871389627456665, 0.6430222988128662, -0.13590008020401, -0.08998487889766693, -0.13301442563533783]","[-0.14540883898735046, -0.13871389627456665, 0.6430222988128662, -0.13590008020401, -0.08998487889766693, -0.13301442563533783]","[-0.14540883898735046, -0.13871389627456665, 0.6430222988128662, -0.13590008020401, -0.08998487889766693, -0.13301442563533783]",1,1,False,"['A', 'C']","['C', 'F']"
5a80b23a5542992bc0c4a7b2::active_set_pack_b,5a80b23a5542992bc0c4a7b2,"['A', 'B', 'C', 'D', 'E', 'F']","[0, 0, 1, 0, 0, 1]","[-0.09639962762594223, -0.09156107157468796, 0.44738420844078064, -0.09739428013563156, -0.062152475118637085, -0.09987667202949524]","[-0.09639962762594223, -0.09156107157468796, 0.44738420844078064, -0.09739428013563156, -0.062152475118637085, -0.09987667202949524]","[-0.09639962762594223, -0.09156107157468796, 0.44738420844078064, -0.09739428013563156, -0.062152475118637085, -0.09987667202949524]",1,1,False,"['A', 'C']","['C', 'F']"
5a8d209555429941ae14df84::working_set_pack_a,5a8d209555429941ae14df84,"['A', 'B', 'C', 'D', 'E', 'F']","[1, 0, 0, 1, 0, 0]","[0.4804726839065552, -0.11155955493450165, -0.0849083811044693, -0.10585661232471466, -0.09202180057764053, -0.08612645417451859]","[0.4804726839065552, -0.11155955493450165, -0.0849083811044693, -0.10585661232471466, -0.09202180057764053, -0.08612645417451859]","[-0.4804726839065552, 0.11155955493450165, 0.0849083811044693, 0.10585661232471466, 0.09202180057764053, 0.08612645417451859]",-1,-1,False,"['A', 'F']","['A', 'D']"
5a8d209555429941ae14df84::active_set_pack_a,5a8d209555429941ae14df84,"['A', 'B', 'C', 'D', 'E', 'F']","[1, 0, 0, 1, 0, 0]","[0.40188294649124146, -0.09955054521560669, -0.06833521276712418, -0.0840926468372345, -0.07970654964447021, -0.07019788771867752]","[0.40188294649124146, -0.09955054521560669, -0.06833521276712418, -0.0840926468372345, -0.07970654964447021, -0.07019788771867752]","[-0.40188294649124146, 0.09955054521560669, 0.06833521276712418, 0.0840926468372345, 0.07970654964447021, 0.07019788771867752]",-1,-1,False,"['A', 'F']","['A', 'D']"
5a8d209555429941ae14df84::working_set_pack_b,5a8d209555429941ae14df84,"['A', 'B', 'C', 'D', 'E', 'F']","[1, 0, 0, 1, 0, 0]","[0.7011310458183289, -0.16250252723693848, -0.1303078681230545, -0.1461264193058014, -0.13777577877044678, -0.12441860139369965]","[0.7011310458183289, -0.16250252723693848, -0.1303078681230545, -0.1461264193058014, -0.13777577877044678, -0.12441860139369965]","[-0.7011310458183289, 0.16250252723693848, 0.1303078681230545, 0.1461264193058014, 0.13777577877044678, 0.12441860139369965]",-1,-1,False,"['A', 'F']","['A', 'D']"
5a8d209555429941ae14df84::active_set_pack_b,5a8d209555429941ae14df84,"['A', 'B', 'C', 'D', 'E', 'F']","[1, 0, 0, 1, 0, 0]","[0.4271146357059479, -0.11150922626256943, -0.07507709413766861, -0.0788075178861618, -0.08928406238555908, -0.07243676483631134]","[0.4271146357059479, -0.11150922626256943, -0.07507709413766861, -0.0788075178861618, -0.08928406238555908, -0.07243676483631134]","[0.4271146357059479, -0.11150922626256943, -0.07507709413766861, -0.0788075178861618, -0.08928406238555908, -0.07243676483631134]",1,1,False,"['A', 'F']","['A', 'D']"
5adf698f5542993a75d264e2::working_set_pack_a,5adf698f5542993a75d264e2,"['A', 'B', 'C', 'D', 'E', 'F']","[0, 1, 0, 0, 1, 0]","[-0.10110807418823242, -0.07802366465330124, -0.11474278569221497, -0.10410066694021225, 0.5022401213645935, -0.10426507145166397]","[-0.10110807418823242, -0.07802366465330124, -0.11474278569221497, -0.10410066694021225, 0.5022401213645935, -0.10426507145166397]","[0.10110807418823242, 0.07802366465330124, 0.11474278569221497, 0.10410066694021225, -0.5022401213645935, 0.10426507145166397]",-1,-1,False,"['A', 'E']","['B', 'E']"
5adf698f5542993a75d264e2::active_set_pack_a,5adf698f5542993a75d264e2,"['A', 'B', 'C', 'D', 'E', 'F']","[0, 1, 0, 0, 1, 0]","[-0.12734349071979523, -0.09846215695142746, -0.1411190778017044, -0.13050305843353271, 0.6284428238868713, -0.13101503252983093]","[-0.12734349071979523, -0.09846215695142746, -0.1411190778017044, -0.13050305843353271, 0.6284428238868713, -0.13101503252983093]","[0.12734349071979523, 0.09846215695142746, 0.1411190778017044, 0.13050305843353271, -0.6284428238868713, 0.13101503252983093]",-1,-1,False,"['A', 'E']","['B', 'E']"
5adf698f5542993a75d264e2::working_set_pack_b,5adf698f5542993a75d264e2,"['A', 'B', 'C', 'D', 'E', 'F']","[0, 1, 0, 0, 1, 0]","[-0.1332635134458542, -0.0893559604883194, -0.1457141935825348, -0.13027702271938324, 0.632179856300354, -0.1335693895816803]","[-0.1332635134458542, -0.0893559604883194, -0.1457141935825348, -0.13027702271938324, 0.632179856300354, -0.1335693895816803]","[0.1332635134458542, 0.0893559604883194, 0.1457141935825348, 0.13027702271938324, -0.632179856300354, 0.1335693895816803]",-1,-1,True,"['B', 'E']","['B', 'E']"
5adf698f5542993a75d264e2::active_set_pack_b,5adf698f5542993a75d264e2,"['A', 'B', 'C', 'D', 'E', 'F']","[0, 1, 0, 0, 1, 0]","[-0.1317065954208374, -0.09593392163515091, -0.14125123620033264, -0.12989692389965057, 0.6316211223602295, -0.1328326314687729]","[-0.1317065954208374, -0.09593392163515091, -0.14125123620033264, -0.12989692389965057, 0.6316211223602295, -0.1328326314687729]","[0.1317065954208374, 0.09593392163515091, 0.14125123620033264, 0.12989692389965057, -0.6316211223602295, 0.1328326314687729]",-1,-1,False,"['A', 'E']","['B', 'E']"
5a8e506d5542990e94052ac8::working_set_pack_a,5a8e506d5542990e94052ac8,"['A', 'B', 'C', 'D', 'E', 'F']","[0, 1, 0, 1, 0, 0]","[-0.14161618053913116, 0.10713260620832443, -0.03973772004246712, 0.06046534702181816, 0.052203912287950516, -0.03844798356294632]","[0.14161618053913116, -0.10713260620832443, 0.03973772004246712, -0.06046534702181816, -0.052203912287950516, 0.03844798356294632]","[-0.14161618053913116, 0.10713260620832443, -0.03973772004246712, 0.06046534702181816, 0.052203912287950516, -0.03844798356294632]",1,-1,False,"['A', 'D']","['B', 'D']"
5a8e506d5542990e94052ac8::active_set_pack_a,5a8e506d5542990e94052ac8,"['A', 'B', 'C', 'D', 'E', 'F']","[0, 1, 0, 1, 0, 0]","[-0.11879327893257141, 0.11655974388122559, -0.03984258696436882, 0.06700712442398071, 0.013151234947144985, -0.03808228671550751]","[0.11879327893257141, -0.11655974388122559, 0.03984258696436882, -0.06700712442398071, -0.013151234947144985, 0.03808228671550751]","[-0.11879327893257141, 0.11655974388122559, -0.03984258696436882, 0.06700712442398071, 0.013151234947144985, -0.03808228671550751]",1,-1,False,"['A', 'D']","['B', 'D']"
5a8e506d5542990e94052ac8::working_set_pack_b,5a8e506d5542990e94052ac8,"['A', 'B', 'C', 'D', 'E', 'F']","[0, 1, 0, 1, 0, 0]","[-0.12599307298660278, 0.1001802459359169, -0.04016587510704994, 0.10283079743385315, 0.006181451957672834, -0.043033525347709656]","[0.12599307298660278, -0.1001802459359169, 0.04016587510704994, -0.10283079743385315, -0.006181451957672834, 0.043033525347709656]","[-0.12599307298660278, 0.1001802459359169, -0.04016587510704994, 0.10283079743385315, 0.006181451957672834, -0.043033525347709656]",1,-1,False,"['A', 'D']","['B', 'D']"
5a8e506d5542990e94052ac8::active_set_pack_b,5a8e506d5542990e94052ac8,"['A', 'B', 'C', 'D', 'E', 'F']","[0, 1, 0, 1, 0, 0]","[-0.10467261075973511, 0.18632061779499054, -0.02205360122025013, -0.006129049696028233, -0.02011970616877079, -0.03334568068385124]","[0.10467261075973511, -0.18632061779499054, 0.02205360122025013, 0.006129049696028233, 0.02011970616877079, 0.03334568068385124]","[0.10467261075973511, -0.18632061779499054, 0.02205360122025013, 0.006129049696028233, 0.02011970616877079, 0.03334568068385124]",-1,1,False,"['A', 'D']","['B', 'D']"
5ac3983a554299657fa290f5::working_set_pack_a,5ac3983a554299657fa290f5,"['A', 'B', 'C', 'D', 'E', 'F']","[1, 0, 1, 0, 0, 0]","[-0.05178998038172722, -0.1319165825843811, 0.47897300124168396, -0.09858611971139908, -0.11028695851564407, -0.08639322966337204]","[-0.05178998038172722, -0.1319165825843811, 0.47897300124168396, -0.09858611971139908, -0.11028695851564407, -0.08639322966337204]","[-0.05178998038172722, -0.1319165825843811, 0.47897300124168396, -0.09858611971139908, -0.11028695851564407, -0.08639322966337204]",1,1,True,"['A', 'C']","['A', 'C']"
5ac3983a554299657fa290f5::active_set_pack_a,5ac3983a554299657fa290f5,"['A', 'B', 'C', 'D', 'E', 'F']","[1, 0, 1, 0, 0, 0]","[-0.05355098098516464, -0.13407954573631287, 0.4618126451969147, -0.0889982208609581, -0.10973506420850754, -0.0754486471414566]","[-0.05355098098516464, -0.13407954573631287, 0.4618126451969147, -0.0889982208609581, -0.10973506420850754, -0.0754486471414566]","[-0.05355098098516464, -0.13407954573631287, 0.4618126451969147, -0.0889982208609581, -0.10973506420850754, -0.0754486471414566]",1,1,True,"['A', 'C']","['A', 'C']"
5ac3983a554299657fa290f5::working_set_pack_b,5ac3983a554299657fa290f5,"['A', 'B', 'C', 'D', 'E', 'F']","[1, 0, 1, 0, 0, 0]","[-0.17231419682502747, -0.24135269224643707, 0.961857795715332, -0.18698430061340332, -0.18275931477546692, -0.17844729125499725]","[-0.17231419682502747, -0.24135269224643707, 0.961857795715332, -0.18698430061340332, -0.18275931477546692, -0.17844729125499725]","[-0.17231419682502747, -0.24135269224643707, 0.961857795715332, -0.18698430061340332, -0.18275931477546692, -0.17844729125499725]",1,1,True,"['A', 'C']","['A', 'C']"
5ac3983a554299657fa290f5::active_set_pack_b,5ac3983a554299657fa290f5,"['A', 'B', 'C', 'D', 'E', 'F']","[1, 0, 1, 0, 0, 0]","[-0.059806376695632935, -0.2189314365386963, 0.5824369788169861, -0.09846282750368118, -0.11755546182394028, -0.0876808688044548]","[-0.059806376695632935, -0.2189314365386963, 0.5824369788169861, -0.09846282750368118, -0.11755546182394028, -0.0876808688044548]","[-0.059806376695632935, -0.2189314365386963, 0.5824369788169861, -0.09846282750368118, -0.11755546182394028, -0.0876808688044548]",1,1,True,"['A', 'C']","['A', 'C']"
5ac1bfd85542994ab5c67dfb::working_set_pack_a,5ac1bfd85542994ab5c67dfb,"['A', 'B', 'C', 'D', 'E', 'F']","[0, 1, 0, 1, 0, 0]","[-0.11406800150871277, 0.17385630309581757, -0.02973698079586029, 0.20804385840892792, -0.12686428427696228, -0.11123094707727432]","[-0.11406800150871277, 0.17385630309581757, -0.02973698079586029, 0.20804385840892792, -0.12686428427696228, -0.11123094707727432]","[0.11406800150871277, -0.17385630309581757, 0.02973698079586029, -0.20804385840892792, 0.12686428427696228, 0.11123094707727432]",-1,-1,False,"['A', 'D']","['B', 'D']"
5ac1bfd85542994ab5c67dfb::active_set_pack_a,5ac1bfd85542994ab5c67dfb,"['A', 'B', 'C', 'D', 'E', 'F']","[0, 1, 0, 1, 0, 0]","[-0.11608708649873734, 0.14856277406215668, -0.038233719766139984, 0.26320406794548035, -0.13172845542430878, -0.12571753561496735]","[-0.11608708649873734, 0.14856277406215668, -0.038233719766139984, 0.26320406794548035, -0.13172845542430878, -0.12571753561496735]","[0.11608708649873734, -0.14856277406215668, 0.038233719766139984, -0.26320406794548035, 0.13172845542430878, 0.12571753561496735]",-1,-1,False,"['A', 'D']","['B', 'D']"
5ac1bfd85542994ab5c67dfb::working_set_pack_b,5ac1bfd85542994ab5c67dfb,"['A', 'B', 'C', 'D', 'E', 'F']","[0, 1, 0, 1, 0, 0]","[-0.14032863080501556, 0.14964821934700012, -0.04870733618736267, 0.23531414568424225, -0.10216090828180313, -0.09376561641693115]","[-0.14032863080501556, 0.14964821934700012, -0.04870733618736267, 0.23531414568424225, -0.10216090828180313, -0.09376561641693115]","[-0.14032863080501556, 0.14964821934700012, -0.04870733618736267, 0.23531414568424225, -0.10216090828180313, -0.09376561641693115]",1,1,True,"['B', 'D']","['B', 'D']"
5ac1bfd85542994ab5c67dfb::active_set_pack_b,5ac1bfd85542994ab5c67dfb,"['A', 'B', 'C', 'D', 'E', 'F']","[0, 1, 0, 1, 0, 0]","[-0.15199758112430573, 0.10468023270368576, -0.04912252724170685, 0.33187949657440186, -0.12846899032592773, -0.10697073489427567]","[-0.15199758112430573, 0.10468023270368576, -0.04912252724170685, 0.33187949657440186, -0.12846899032592773, -0.10697073489427567]","[0.15199758112430573, -0.10468023270368576, 0.04912252724170685, -0.33187949657440186, 0.12846899032592773, 0.10697073489427567]",-1,-1,True,"['B', 'D']","['B', 'D']"
5a77251055429966f1a36ca5::working_set_pack_a,5a77251055429966f1a36ca5,"['A', 'B', 'C', 'D', 'E', 'F']","[1, 0, 0, 0, 0, 1]","[-0.06569933891296387, -0.03774675354361534, -0.030604222789406776, 0.0009990229737013578, -0.01981150172650814, 0.1528628021478653]","[-0.06569933891296387, -0.03774675354361534, -0.030604222789406776, 0.0009990229737013578, -0.01981150172650814, 0.1528628021478653]","[0.06569933891296387, 0.03774675354361534, 0.030604222789406776, -0.0009990229737013578, 0.01981150172650814, -0.1528628021478653]",-1,-1,True,"['A', 'F']","['A', 'F']"
5a77251055429966f1a36ca5::active_set_pack_a,5a77251055429966f1a36ca5,"['A', 'B', 'C', 'D', 'E', 'F']","[1, 0, 0, 0, 0, 1]","[-0.053039319813251495, -0.04775587469339371, -0.057128626853227615, -0.008740459568798542, -0.03181207552552223, 0.1984763741493225]","[-0.053039319813251495, -0.04775587469339371, -0.057128626853227615, -0.008740459568798542, -0.03181207552552223, 0.1984763741493225]","[0.053039319813251495, 0.04775587469339371, 0.057128626853227615, 0.008740459568798542, 0.03181207552552223, -0.1984763741493225]",-1,-1,True,"['A', 'F']","['A', 'F']"
5a77251055429966f1a36ca5::working_set_pack_b,5a77251055429966f1a36ca5,"['A', 'B', 'C', 'D', 'E', 'F']","[1, 0, 0, 0, 0, 1]","[-0.04708336293697357, -0.08053124696016312, -0.046599145978689194, -0.0072004105895757675, -0.05012891814112663, 0.23154319822788239]","[-0.04708336293697357, -0.08053124696016312, -0.046599145978689194, -0.0072004105895757675, -0.05012891814112663, 0.23154319822788239]","[0.04708336293697357, 0.08053124696016312, 0.046599145978689194, 0.0072004105895757675, 0.05012891814112663, -0.23154319822788239]",-1,-1,True,"['A', 'F']","['A', 'F']"
5a77251055429966f1a36ca5::active_set_pack_b,5a77251055429966f1a36ca5,"['A', 'B', 'C', 'D', 'E', 'F']","[1, 0, 0, 0, 0, 1]","[-0.13857072591781616, -0.04972733557224274, -0.016503801569342613, 0.0019476115703582764, -0.012007671408355236, 0.2148618847131729]","[-0.13857072591781616, -0.04972733557224274, -0.016503801569342613, 0.0019476115703582764, -0.012007671408355236, 0.2148618847131729]","[0.13857072591781616, 0.04972733557224274, 0.016503801569342613, -0.0019476115703582764, 0.012007671408355236, -0.2148618847131729]",-1,-1,True,"['A', 'F']","['A', 'F']"
5ac3bf5e5542995ef918c20f::working_set_pack_a,5ac3bf5e5542995ef918c20f,"['A', 'B', 'C', 'D', 'E', 'F']","[0, 0, 1, 0, 1, 0]","[-0.2004239559173584, -0.04458218440413475, 0.0713646188378334, -0.04141734540462494, 0.19865131378173828, 0.016407562419772148]","[0.2004239559173584, 0.04458218440413475, -0.0713646188378334, 0.04141734540462494, -0.19865131378173828, -0.016407562419772148]","[-0.2004239559173584, -0.04458218440413475, 0.0713646188378334, -0.04141734540462494, 0.19865131378173828, 0.016407562419772148]",1,-1,False,"['A', 'E']","['C', 'E']"
5ac3bf5e5542995ef918c20f::active_set_pack_a,5ac3bf5e5542995ef918c20f,"['A', 'B', 'C', 'D', 'E', 'F']","[0, 0, 1, 0, 1, 0]","[-0.21586105227470398, -0.0404563769698143, 0.16215229034423828, -0.03366715833544731, 0.12038472294807434, 0.007447677198797464]","[0.21586105227470398, 0.0404563769698143, -0.16215229034423828, 0.03366715833544731, -0.12038472294807434, -0.007447677198797464]","[0.21586105227470398, 0.0404563769698143, -0.16215229034423828, 0.03366715833544731, -0.12038472294807434, -0.007447677198797464]",-1,1,False,"['A', 'E']","['C', 'E']"
5ac3bf5e5542995ef918c20f::working_set_pack_b,5ac3bf5e5542995ef918c20f,"['A', 'B', 'C', 'D', 'E', 'F']","[0, 0, 1, 0, 1, 0]","[-0.18430690467357635, -0.12337428331375122, 0.6671868562698364, -0.12493821233510971, -0.08007851243019104, -0.15448881685733795]","[-0.18430690467357635, -0.12337428331375122, 0.6671868562698364, -0.12493821233510971, -0.08007851243019104, -0.15448881685733795]","[0.18430690467357635, 0.12337428331375122, -0.6671868562698364, 0.12493821233510971, 0.08007851243019104, 0.15448881685733795]",-1,-1,True,"['C', 'E']","['C', 'E']"
5ac3bf5e5542995ef918c20f::active_set_pack_b,5ac3bf5e5542995ef918c20f,"['A', 'B', 'C', 'D', 'E', 'F']","[0, 0, 1, 0, 1, 0]","[-0.32067111134529114, -0.025565432384610176, 0.13232548534870148, -0.00696671474725008, 0.1586115062236786, 0.062266286462545395]","[-0.32067111134529114, -0.025565432384610176, 0.13232548534870148, -0.00696671474725008, 0.1586115062236786, 0.062266286462545395]","[0.32067111134529114, 0.025565432384610176, -0.13232548534870148, 0.00696671474725008, -0.1586115062236786, -0.062266286462545395]",-1,-1,True,"['C', 'E']","['C', 'E']"
5a81fab9554299676cceb1b1::working_set_pack_a,5a81fab9554299676cceb1b1,"['A', 'B', 'C', 'D', 'E', 'F']","[1, 0, 0, 0, 0, 1]","[-0.09473863989114761, -0.11630730330944061, -0.057429175823926926, 0.010741797275841236, -0.09859637916088104, 0.35632967948913574]","[-0.09473863989114761, -0.11630730330944061, -0.057429175823926926, 0.010741797275841236, -0.09859637916088104, 0.35632967948913574]","[-0.09473863989114761, -0.11630730330944061, -0.057429175823926926, 0.010741797275841236, -0.09859637916088104, 0.35632967948913574]",1,1,True,"['A', 'F']","['A', 'F']"
5a81fab9554299676cceb1b1::active_set_pack_a,5a81fab9554299676cceb1b1,"['A', 'B', 'C', 'D', 'E', 'F']","[1, 0, 0, 0, 0, 1]","[-0.091327004134655, -0.11674582213163376, -0.05387018620967865, 0.026533475145697594, -0.09954819083213806, 0.33495765924453735]","[-0.091327004134655, -0.11674582213163376, -0.05387018620967865, 0.026533475145697594, -0.09954819083213806, 0.33495765924453735]","[-0.091327004134655, -0.11674582213163376, -0.05387018620967865, 0.026533475145697594, -0.09954819083213806, 0.33495765924453735]",1,1,True,"['A', 'F']","['A', 'F']"
5a81fab9554299676cceb1b1::working_set_pack_b,5a81fab9554299676cceb1b1,"['A', 'B', 'C', 'D', 'E', 'F']","[1, 0, 0, 0, 0, 1]","[-0.08197730779647827, -0.1560746282339096, -0.049614716321229935, 0.05475781485438347, -0.094350665807724, 0.32725945115089417]","[-0.08197730779647827, -0.1560746282339096, -0.049614716321229935, 0.05475781485438347, -0.094350665807724, 0.32725945115089417]","[-0.08197730779647827, -0.1560746282339096, -0.049614716321229935, 0.05475781485438347, -0.094350665807724, 0.32725945115089417]",1,1,True,"['A', 'F']","['A', 'F']"
5a81fab9554299676cceb1b1::active_set_pack_b,5a81fab9554299676cceb1b1,"['A', 'B', 'C', 'D', 'E', 'F']","[1, 0, 0, 0, 0, 1]","[-0.08978995680809021, -0.1564762145280838, -0.025281304493546486, 0.06080510839819908, -0.09795379638671875, 0.30869609117507935]","[-0.08978995680809021, -0.1564762145280838, -0.025281304493546486, 0.06080510839819908, -0.09795379638671875, 0.30869609117507935]","[-0.08978995680809021, -0.1564762145280838, -0.025281304493546486, 0.06080510839819908, -0.09795379638671875, 0.30869609117507935]",1,1,True,"['A', 'F']","['A', 'F']"
5ac141dd5542991316484a9b::working_set_pack_a,5ac141dd5542991316484a9b,"['A', 'B', 'C', 'D', 'E', 'F']","[0, 0, 0, 1, 0, 1]","[-0.08276055008172989, -0.055472150444984436, -0.05129094421863556, -0.021293705329298973, 0.008393230848014355, 0.20242413878440857]","[-0.08276055008172989, -0.055472150444984436, -0.05129094421863556, -0.021293705329298973, 0.008393230848014355, 0.20242413878440857]","[-0.08276055008172989, -0.055472150444984436, -0.05129094421863556, -0.021293705329298973, 0.008393230848014355, 0.20242413878440857]",1,1,False,"['A', 'F']","['D', 'F']"
5ac141dd5542991316484a9b::active_set_pack_a,5ac141dd5542991316484a9b,"['A', 'B', 'C', 'D', 'E', 'F']","[0, 0, 0, 1, 0, 1]","[-0.09955897182226181, -0.07011893391609192, -0.0681241899728775, -0.019932130351662636, 0.0285173486918211, 0.22921687364578247]","[-0.09955897182226181, -0.07011893391609192, -0.0681241899728775, -0.019932130351662636, 0.0285173486918211, 0.22921687364578247]","[-0.09955897182226181, -0.07011893391609192, -0.0681241899728775, -0.019932130351662636, 0.0285173486918211, 0.22921687364578247]",1,1,False,"['A', 'F']","['D', 'F']"
5ac141dd5542991316484a9b::working_set_pack_b,5ac141dd5542991316484a9b,"['A', 'B', 'C', 'D', 'E', 'F']","[0, 0, 0, 1, 0, 1]","[-0.10650208592414856, -0.07802048325538635, -0.08070098608732224, -0.012960250489413738, 0.02939481846988201, 0.24878892302513123]","[-0.10650208592414856, -0.07802048325538635, -0.08070098608732224, -0.012960250489413738, 0.02939481846988201, 0.24878892302513123]","[-0.10650208592414856, -0.07802048325538635, -0.08070098608732224, -0.012960250489413738, 0.02939481846988201, 0.24878892302513123]",1,1,False,"['A', 'F']","['D', 'F']"
5ac141dd5542991316484a9b::active_set_pack_b,5ac141dd5542991316484a9b,"['A', 'B', 'C', 'D', 'E', 'F']","[0, 0, 0, 1, 0, 1]","[-0.130204439163208, -0.07550593465566635, -0.07519987970590591, -0.0005593901150859892, 0.18554243445396423, 0.09592723846435547]","[0.130204439163208, 0.07550593465566635, 0.07519987970590591, 0.0005593901150859892, -0.18554243445396423, -0.09592723846435547]","[-0.130204439163208, -0.07550593465566635, -0.07519987970590591, -0.0005593901150859892, 0.18554243445396423, 0.09592723846435547]",1,-1,False,"['A', 'F']","['D', 'F']"
5ab6ef2f554299710c8d1fc5::working_set_pack_a,5ab6ef2f554299710c8d1fc5,"['A', 'B', 'C', 'D', 'E', 'F']","[0, 0, 0, 1, 0, 1]","[-0.10080248862504959, -0.1213875487446785, -0.10366768389940262, 0.5275827050209045, -0.10480391979217529, -0.09692104160785675]","[-0.10080248862504959, -0.1213875487446785, -0.10366768389940262, 0.5275827050209045, -0.10480391979217529, -0.09692104160785675]","[-0.10080248862504959, -0.1213875487446785, -0.10366768389940262, 0.5275827050209045, -0.10480391979217529, -0.09692104160785675]",1,1,False,"['A', 'D']","['D', 'F']"
5ab6ef2f554299710c8d1fc5::active_set_pack_a,5ab6ef2f554299710c8d1fc5,"['A', 'B', 'C', 'D', 'E', 'F']","[0, 0, 0, 1, 0, 1]","[-0.11076568812131882, -0.13534612953662872, -0.1141209751367569, 0.5847474336624146, -0.11521732062101364, -0.1092972457408905]","[-0.11076568812131882, -0.13534612953662872, -0.1141209751367569, 0.5847474336624146, -0.11521732062101364, -0.1092972457408905]","[-0.11076568812131882, -0.13534612953662872, -0.1141209751367569, 0.5847474336624146, -0.11521732062101364, -0.1092972457408905]",1,1,False,"['A', 'D']","['D', 'F']"
5ab6ef2f554299710c8d1fc5::working_set_pack_b,5ab6ef2f554299710c8d1fc5,"['A', 'B', 'C', 'D', 'E', 'F']","[0, 0, 0, 1, 0, 1]","[-0.1790679395198822, -0.18135038018226624, -0.1798524707555771, 0.8972324728965759, -0.1812189370393753, -0.17574255168437958]","[-0.1790679395198822, -0.18135038018226624, -0.1798524707555771, 0.8972324728965759, -0.1812189370393753, -0.17574255168437958]","[-0.1790679395198822, -0.18135038018226624, -0.1798524707555771, 0.8972324728965759, -0.1812189370393753, -0.17574255168437958]",1,1,False,"['A', 'D']","['D', 'F']"
5ab6ef2f554299710c8d1fc5::active_set_pack_b,5ab6ef2f554299710c8d1fc5,"['A', 'B', 'C', 'D', 'E', 'F']","[0, 0, 0, 1, 0, 1]","[-0.13602694869041443, -0.14901971817016602, -0.1384325921535492, 0.7063582539558411, -0.13996651768684387, -0.14291220903396606]","[-0.13602694869041443, -0.14901971817016602, -0.1384325921535492, 0.7063582539558411, -0.13996651768684387, -0.14291220903396606]","[-0.13602694869041443, -0.14901971817016602, -0.1384325921535492, 0.7063582539558411, -0.13996651768684387, -0.14291220903396606]",1,1,False,"['A', 'D']","['D', 'F']"
5ae546be5542990ba0bbb251::working_set_pack_a,5ae546be5542990ba0bbb251,"['A', 'B', 'C', 'D', 'E', 'F']","[0, 1, 0, 0, 0, 1]","[-0.06994248181581497, -0.0748664066195488, -0.052238963544368744, -0.0562363937497139, -0.05650460720062256, 0.30978888273239136]","[-0.06994248181581497, -0.0748664066195488, -0.052238963544368744, -0.0562363937497139, -0.05650460720062256, 0.30978888273239136]","[-0.06994248181581497, -0.0748664066195488, -0.052238963544368744, -0.0562363937497139, -0.05650460720062256, 0.30978888273239136]",1,1,False,"['A', 'F']","['B', 'F']"
5ae546be5542990ba0bbb251::active_set_pack_a,5ae546be5542990ba0bbb251,"['A', 'B', 'C', 'D', 'E', 'F']","[0, 1, 0, 0, 0, 1]","[-0.07038412243127823, -0.07751869410276413, -0.05838664248585701, -0.06667277216911316, -0.06648880243301392, 0.3394511640071869]","[-0.07038412243127823, -0.07751869410276413, -0.05838664248585701, -0.06667277216911316, -0.06648880243301392, 0.3394511640071869]","[-0.07038412243127823, -0.07751869410276413, -0.05838664248585701, -0.06667277216911316, -0.06648880243301392, 0.3394511640071869]",1,1,False,"['A', 'F']","['B', 'F']"
5ae546be5542990ba0bbb251::working_set_pack_b,5ae546be5542990ba0bbb251,"['A', 'B', 'C', 'D', 'E', 'F']","[0, 1, 0, 0, 0, 1]","[-0.07662153989076614, -0.0709836483001709, -0.05147956311702728, -0.06108589097857475, -0.0697014257311821, 0.3298720717430115]","[-0.07662153989076614, -0.0709836483001709, -0.05147956311702728, -0.06108589097857475, -0.0697014257311821, 0.3298720717430115]","[-0.07662153989076614, -0.0709836483001709, -0.05147956311702728, -0.06108589097857475, -0.0697014257311821, 0.3298720717430115]",1,1,False,"['A', 'F']","['B', 'F']"
5ae546be5542990ba0bbb251::active_set_pack_b,5ae546be5542990ba0bbb251,"['A', 'B', 'C', 'D', 'E', 'F']","[0, 1, 0, 0, 0, 1]","[-0.09747190028429031, -0.08903910964727402, -0.06826547533273697, -0.0780743956565857, -0.08498623967170715, 0.41783714294433594]","[-0.09747190028429031, -0.08903910964727402, -0.06826547533273697, -0.0780743956565857, -0.08498623967170715, 0.41783714294433594]","[-0.09747190028429031, -0.08903910964727402, -0.06826547533273697, -0.0780743956565857, -0.08498623967170715, 0.41783714294433594]",1,1,False,"['A', 'F']","['B', 'F']"
5a73f2265542993a88ae2ea9::working_set_pack_a,5a73f2265542993a88ae2ea9,"['A', 'B', 'C', 'D', 'E', 'F']","[0, 0, 0, 1, 1, 0]","[-0.04353630915284157, -0.0649947077035904, -0.024242328479886055, 0.017681071534752846, 0.15276357531547546, -0.037671320140361786]","[-0.04353630915284157, -0.0649947077035904, -0.024242328479886055, 0.017681071534752846, 0.15276357531547546, -0.037671320140361786]","[-0.04353630915284157, -0.0649947077035904, -0.024242328479886055, 0.017681071534752846, 0.15276357531547546, -0.037671320140361786]",1,1,False,"['A', 'E']","['D', 'E']"
5a73f2265542993a88ae2ea9::active_set_pack_a,5a73f2265542993a88ae2ea9,"['A', 'B', 'C', 'D', 'E', 'F']","[0, 0, 0, 1, 1, 0]","[-0.0650799572467804, -0.08033338934183121, -0.03537195175886154, 0.1077159196138382, 0.13896341621875763, -0.06589405983686447]","[-0.0650799572467804, -0.08033338934183121, -0.03537195175886154, 0.1077159196138382, 0.13896341621875763, -0.06589405983686447]","[-0.0650799572467804, -0.08033338934183121, -0.03537195175886154, 0.1077159196138382, 0.13896341621875763, -0.06589405983686447]",1,1,False,"['A', 'E']","['D', 'E']"
5a73f2265542993a88ae2ea9::working_set_pack_b,5a73f2265542993a88ae2ea9,"['A', 'B', 'C', 'D', 'E', 'F']","[0, 0, 0, 1, 1, 0]","[-0.08980287611484528, -0.10811739414930344, -0.055919744074344635, 0.3683144152164459, -0.01028352603316307, -0.10419079661369324]","[0.08980287611484528, 0.10811739414930344, 0.055919744074344635, -0.3683144152164459, 0.01028352603316307, 0.10419079661369324]","[-0.08980287611484528, -0.10811739414930344, -0.055919744074344635, 0.3683144152164459, -0.01028352603316307, -0.10419079661369324]",1,-1,False,"['A', 'E']","['D', 'E']"
5a73f2265542993a88ae2ea9::active_set_pack_b,5a73f2265542993a88ae2ea9,"['A', 'B', 'C', 'D', 'E', 'F']","[0, 0, 0, 1, 1, 0]","[-0.07591087371110916, -0.09624513983726501, -0.04066808521747589, 0.22725193202495575, 0.06695127487182617, -0.08137911558151245]","[0.07591087371110916, 0.09624513983726501, 0.04066808521747589, -0.22725193202495575, -0.06695127487182617, 0.08137911558151245]","[-0.07591087371110916, -0.09624513983726501, -0.04066808521747589, 0.22725193202495575, 0.06695127487182617, -0.08137911558151245]",1,-1,False,"['A', 'E']","['D', 'E']"
5a7cbd7c554299452d57b9e6::working_set_pack_a,5a7cbd7c554299452d57b9e6,"['A', 'B', 'C', 'D', 'E', 'F']","[0, 0, 0, 1, 0, 1]","[-0.05256051942706108, -0.04820239916443825, -0.046864282339811325, 0.0038237161934375763, -0.03793899342417717, 0.18174247443675995]","[-0.05256051942706108, -0.04820239916443825, -0.046864282339811325, 0.0038237161934375763, -0.03793899342417717, 0.18174247443675995]","[-0.05256051942706108, -0.04820239916443825, -0.046864282339811325, 0.0038237161934375763, -0.03793899342417717, 0.18174247443675995]",1,1,False,"['A', 'F']","['D', 'F']"
5a7cbd7c554299452d57b9e6::active_set_pack_a,5a7cbd7c554299452d57b9e6,"['A', 'B', 'C', 'D', 'E', 'F']","[0, 0, 0, 1, 0, 1]","[-0.06997576355934143, -0.055302694439888, -0.05653323605656624, -0.0036670081317424774, -0.04928814247250557, 0.2347669154405594]","[-0.06997576355934143, -0.055302694439888, -0.05653323605656624, -0.0036670081317424774, -0.04928814247250557, 0.2347669154405594]","[-0.06997576355934143, -0.055302694439888, -0.05653323605656624, -0.0036670081317424774, -0.04928814247250557, 0.2347669154405594]",1,1,False,"['A', 'F']","['D', 'F']"
5a7cbd7c554299452d57b9e6::working_set_pack_b,5a7cbd7c554299452d57b9e6,"['A', 'B', 'C', 'D', 'E', 'F']","[0, 0, 0, 1, 0, 1]","[-0.05960801988840103, -0.05636519193649292, -0.05546410009264946, -0.009022220969200134, -0.04523536562919617, 0.22569487988948822]","[-0.05960801988840103, -0.05636519193649292, -0.05546410009264946, -0.009022220969200134, -0.04523536562919617, 0.22569487988948822]","[0.05960801988840103, 0.05636519193649292, 0.05546410009264946, 0.009022220969200134, 0.04523536562919617, -0.22569487988948822]",-1,-1,False,"['A', 'F']","['D', 'F']"
5a7cbd7c554299452d57b9e6::active_set_pack_b,5a7cbd7c554299452d57b9e6,"['A', 'B', 'C', 'D', 'E', 'F']","[0, 0, 0, 1, 0, 1]","[-0.06435908377170563, -0.058782909065485, -0.047576673328876495, -0.008474739268422127, -0.04353849217295647, 0.22273193299770355]","[-0.06435908377170563, -0.058782909065485, -0.047576673328876495, -0.008474739268422127, -0.04353849217295647, 0.22273193299770355]","[0.06435908377170563, 0.058782909065485, 0.047576673328876495, 0.008474739268422127, 0.04353849217295647, -0.22273193299770355]",-1,-1,False,"['A', 'F']","['D', 'F']"
5adf9e7e5542992d7e9f93be::working_set_pack_a,5adf9e7e5542992d7e9f93be,"['A', 'B', 'C', 'D', 'E', 'F']","[0, 1, 1, 0, 0, 0]","[-0.08052011579275131, 0.14680927991867065, -0.06762360781431198, -0.07700320333242416, -0.07678033411502838, 0.15511801838874817]","[-0.08052011579275131, 0.14680927991867065, -0.06762360781431198, -0.07700320333242416, -0.07678033411502838, 0.15511801838874817]","[-0.08052011579275131, 0.14680927991867065, -0.06762360781431198, -0.07700320333242416, -0.07678033411502838, 0.15511801838874817]",1,1,False,"['A', 'F']","['B', 'C']"
5adf9e7e5542992d7e9f93be::active_set_pack_a,5adf9e7e5542992d7e9f93be,"['A', 'B', 'C', 'D', 'E', 'F']","[0, 1, 1, 0, 0, 0]","[-0.07473985850811005, 0.1878834068775177, -0.06339425593614578, -0.07547847926616669, -0.0744713842868805, 0.1002005785703659]","[-0.07473985850811005, 0.1878834068775177, -0.06339425593614578, -0.07547847926616669, -0.0744713842868805, 0.1002005785703659]","[0.07473985850811005, -0.1878834068775177, 0.06339425593614578, 0.07547847926616669, 0.0744713842868805, -0.1002005785703659]",-1,-1,False,"['A', 'B']","['B', 'C']"
5adf9e7e5542992d7e9f93be::working_set_pack_b,5adf9e7e5542992d7e9f93be,"['A', 'B', 'C', 'D', 'E', 'F']","[0, 1, 1, 0, 0, 0]","[-0.08015066385269165, 0.34534648060798645, -0.06182452663779259, -0.08567572385072708, -0.08605770766735077, -0.03163767606019974]","[-0.08015066385269165, 0.34534648060798645, -0.06182452663779259, -0.08567572385072708, -0.08605770766735077, -0.03163767606019974]","[0.08015066385269165, -0.34534648060798645, 0.06182452663779259, 0.08567572385072708, 0.08605770766735077, 0.03163767606019974]",-1,-1,False,"['B', 'F']","['B', 'C']"
5adf9e7e5542992d7e9f93be::active_set_pack_b,5adf9e7e5542992d7e9f93be,"['A', 'B', 'C', 'D', 'E', 'F']","[0, 1, 1, 0, 0, 0]","[-0.10262422263622284, 0.10181531310081482, -0.0795769914984703, -0.08968665450811386, -0.09012697637081146, 0.26019957661628723]","[-0.10262422263622284, 0.10181531310081482, -0.0795769914984703, -0.08968665450811386, -0.09012697637081146, 0.26019957661628723]","[-0.10262422263622284, 0.10181531310081482, -0.0795769914984703, -0.08968665450811386, -0.09012697637081146, 0.26019957661628723]",1,1,False,"['A', 'F']","['B', 'C']"
5a7b970c554299294a54aa0b::working_set_pack_a,5a7b970c554299294a54aa0b,"['A', 'B', 'C', 'D', 'E', 'F']","[0, 1, 1, 0, 0, 0]","[-0.06418731063604355, 0.09166205674409866, 0.12618379294872284, -0.0647498294711113, -0.043756209313869476, -0.045152418315410614]","[-0.06418731063604355, 0.09166205674409866, 0.12618379294872284, -0.0647498294711113, -0.043756209313869476, -0.045152418315410614]","[0.06418731063604355, -0.09166205674409866, -0.12618379294872284, 0.0647498294711113, 0.043756209313869476, 0.045152418315410614]",-1,-1,False,"['A', 'C']","['B', 'C']"
5a7b970c554299294a54aa0b::active_set_pack_a,5a7b970c554299294a54aa0b,"['A', 'B', 'C', 'D', 'E', 'F']","[0, 1, 1, 0, 0, 0]","[-0.058283768594264984, 0.09801864624023438, 0.17379140853881836, -0.09268436580896378, -0.062212664633989334, -0.05862932652235031]","[-0.058283768594264984, 0.09801864624023438, 0.17379140853881836, -0.09268436580896378, -0.062212664633989334, -0.05862932652235031]","[0.058283768594264984, -0.09801864624023438, -0.17379140853881836, 0.09268436580896378, 0.062212664633989334, 0.05862932652235031]",-1,-1,False,"['A', 'C']","['B', 'C']"
5a7b970c554299294a54aa0b::working_set_pack_b,5a7b970c554299294a54aa0b,"['A', 'B', 'C', 'D', 'E', 'F']","[0, 1, 1, 0, 0, 0]","[-0.055280063301324844, 0.039222847670316696, 0.21155990660190582, -0.08686660975217819, -0.05524539574980736, -0.053390733897686005]","[-0.055280063301324844, 0.039222847670316696, 0.21155990660190582, -0.08686660975217819, -0.05524539574980736, -0.053390733897686005]","[-0.055280063301324844, 0.039222847670316696, 0.21155990660190582, -0.08686660975217819, -0.05524539574980736, -0.053390733897686005]",1,1,False,"['A', 'C']","['B', 'C']"
5a7b970c554299294a54aa0b::active_set_pack_b,5a7b970c554299294a54aa0b,"['A', 'B', 'C', 'D', 'E', 'F']","[0, 1, 1, 0, 0, 0]","[-0.058755479753017426, 0.0665913075208664, 0.18263554573059082, -0.08836665749549866, -0.05332706868648529, -0.048777591437101364]","[-0.058755479753017426, 0.0665913075208664, 0.18263554573059082, -0.08836665749549866, -0.05332706868648529, -0.048777591437101364]","[-0.058755479753017426, 0.0665913075208664, 0.18263554573059082, -0.08836665749549866, -0.05332706868648529, -0.048777591437101364]",1,1,False,"['A', 'C']","['B', 'C']"
5ab8f24f55429934fafe6e20::working_set_pack_a,5ab8f24f55429934fafe6e20,"['A', 'B', 'C', 'D', 'E', 'F']","[1, 0, 0, 1, 0, 0]","[0.3327558934688568, -0.03349536657333374, -0.10035976022481918, -0.07181435823440552, -0.06434259563684464, -0.06274375319480896]","[0.3327558934688568, -0.03349536657333374, -0.10035976022481918, -0.07181435823440552, -0.06434259563684464, -0.06274375319480896]","[-0.3327558934688568, 0.03349536657333374, 0.10035976022481918, 0.07181435823440552, 0.06434259563684464, 0.06274375319480896]",-1,-1,False,"['A', 'F']","['A', 'D']"
5ab8f24f55429934fafe6e20::active_set_pack_a,5ab8f24f55429934fafe6e20,"['A', 'B', 'C', 'D', 'E', 'F']","[1, 0, 0, 1, 0, 0]","[0.32111164927482605, -0.030603524297475815, -0.10453202575445175, -0.06872963160276413, -0.0594337023794651, -0.05781267210841179]","[0.32111164927482605, -0.030603524297475815, -0.10453202575445175, -0.06872963160276413, -0.0594337023794651, -0.05781267210841179]","[-0.32111164927482605, 0.030603524297475815, 0.10453202575445175, 0.06872963160276413, 0.0594337023794651, 0.05781267210841179]",-1,-1,False,"['A', 'F']","['A', 'D']"
5ab8f24f55429934fafe6e20::working_set_pack_b,5ab8f24f55429934fafe6e20,"['A', 'B', 'C', 'D', 'E', 'F']","[1, 0, 0, 1, 0, 0]","[0.5124978423118591, -0.03840469568967819, -0.1527819186449051, -0.11571040004491806, -0.10547450929880142, -0.10012635588645935]","[0.5124978423118591, -0.03840469568967819, -0.1527819186449051, -0.11571040004491806, -0.10547450929880142, -0.10012635588645935]","[-0.5124978423118591, 0.03840469568967819, 0.1527819186449051, 0.11571040004491806, 0.10547450929880142, 0.10012635588645935]",-1,-1,False,"['A', 'F']","['A', 'D']"
5ab8f24f55429934fafe6e20::active_set_pack_b,5ab8f24f55429934fafe6e20,"['A', 'B', 'C', 'D', 'E', 'F']","[1, 0, 0, 1, 0, 0]","[0.27610453963279724, -0.007499703671783209, -0.13386793434619904, -0.05380568653345108, -0.04017069190740585, -0.04076060280203819]","[0.27610453963279724, -0.007499703671783209, -0.13386793434619904, -0.05380568653345108, -0.04017069190740585, -0.04076060280203819]","[-0.27610453963279724, 0.007499703671783209, 0.13386793434619904, 0.05380568653345108, 0.04017069190740585, 0.04076060280203819]",-1,-1,False,"['A', 'E']","['A', 'D']"
5a83cf395542996488c2e4e0::working_set_pack_a,5a83cf395542996488c2e4e0,"['A', 'B', 'C', 'D', 'E', 'F']","[0, 0, 1, 0, 0, 1]","[0.025404997169971466, 0.0507471077144146, 0.025122294202446938, 0.021748576313257217, -0.1406223177909851, 0.017599331215023994]","[-0.025404997169971466, -0.0507471077144146, -0.025122294202446938, -0.021748576313257217, 0.1406223177909851, -0.017599331215023994]","[0.025404997169971466, 0.0507471077144146, 0.025122294202446938, 0.021748576313257217, -0.1406223177909851, 0.017599331215023994]",1,-1,False,"['A', 'E']","['C', 'F']"
5a83cf395542996488c2e4e0::active_set_pack_a,5a83cf395542996488c2e4e0,"['A', 'B', 'C', 'D', 'E', 'F']","[0, 0, 1, 0, 0, 1]","[0.02635018341243267, 0.05613343417644501, 0.0294197890907526, 0.02233676239848137, -0.15276171267032623, 0.01852153055369854]","[0.02635018341243267, 0.05613343417644501, 0.0294197890907526, 0.02233676239848137, -0.15276171267032623, 0.01852153055369854]","[0.02635018341243267, 0.05613343417644501, 0.0294197890907526, 0.02233676239848137, -0.15276171267032623, 0.01852153055369854]",1,1,False,"['A', 'C']","['C', 'F']"
5a83cf395542996488c2e4e0::working_set_pack_b,5a83cf395542996488c2e4e0,"['A', 'B', 'C', 'D', 'E', 'F']","[0, 0, 1, 0, 0, 1]","[0.01294300053268671, 0.07534964382648468, 0.037006184458732605, 0.03210627660155296, -0.17731378972530365, 0.019908707588911057]","[0.01294300053268671, 0.07534964382648468, 0.037006184458732605, 0.03210627660155296, -0.17731378972530365, 0.019908707588911057]","[0.01294300053268671, 0.07534964382648468, 0.037006184458732605, 0.03210627660155296, -0.17731378972530365, 0.019908707588911057]",1,1,False,"['A', 'F']","['C', 'F']"
5a83cf395542996488c2e4e0::active_set_pack_b,5a83cf395542996488c2e4e0,"['A', 'B', 'C', 'D', 'E', 'F']","[0, 0, 1, 0, 0, 1]","[-0.01114357728511095, 0.15028594434261322, 0.011916674673557281, 0.010587976314127445, -0.1576232612133026, -0.0040237074717879295]","[0.01114357728511095, -0.15028594434261322, -0.011916674673557281, -0.010587976314127445, 0.1576232612133026, 0.0040237074717879295]","[-0.01114357728511095, 0.15028594434261322, 0.011916674673557281, 0.010587976314127445, -0.1576232612133026, -0.0040237074717879295]",1,-1,False,"['A', 'D']","['C', 'F']"
5ab265de5542993be8fa9901::working_set_pack_a,5ab265de5542993be8fa9901,"['A', 'B', 'C', 'D', 'E', 'F']","[0, 0, 0, 0, 1, 1]","[0.033572275191545486, 0.03698885440826416, -0.2834925949573517, 0.03175370767712593, 0.06547802686691284, 0.11569968611001968]","[0.033572275191545486, 0.03698885440826416, -0.2834925949573517, 0.03175370767712593, 0.06547802686691284, 0.11569968611001968]","[0.033572275191545486, 0.03698885440826416, -0.2834925949573517, 0.03175370767712593, 0.06547802686691284, 0.11569968611001968]",1,1,False,"['A', 'F']","['E', 'F']"
5ab265de5542993be8fa9901::active_set_pack_a,5ab265de5542993be8fa9901,"['A', 'B', 'C', 'D', 'E', 'F']","[0, 0, 0, 0, 1, 1]","[0.03594634309411049, 0.04064001888036728, -0.30678555369377136, 0.03483554720878601, 0.07611964643001556, 0.11924394965171814]","[0.03594634309411049, 0.04064001888036728, -0.30678555369377136, 0.03483554720878601, 0.07611964643001556, 0.11924394965171814]","[0.03594634309411049, 0.04064001888036728, -0.30678555369377136, 0.03483554720878601, 0.07611964643001556, 0.11924394965171814]",1,1,False,"['A', 'F']","['E', 'F']"
5ab265de5542993be8fa9901::working_set_pack_b,5ab265de5542993be8fa9901,"['A', 'B', 'C', 'D', 'E', 'F']","[0, 0, 0, 0, 1, 1]","[-0.06497709453105927, -0.06365618109703064, -0.1969655305147171, -0.10492237657308578, 0.043080542236566544, 0.38744083046913147]","[-0.06497709453105927, -0.06365618109703064, -0.1969655305147171, -0.10492237657308578, 0.043080542236566544, 0.38744083046913147]","[-0.06497709453105927, -0.06365618109703064, -0.1969655305147171, -0.10492237657308578, 0.043080542236566544, 0.38744083046913147]",1,1,False,"['A', 'F']","['E', 'F']"
5ab265de5542993be8fa9901::active_set_pack_b,5ab265de5542993be8fa9901,"['A', 'B', 'C', 'D', 'E', 'F']","[0, 0, 0, 0, 1, 1]","[0.06250587850809097, 0.06497054547071457, -0.34795081615448, 0.059844911098480225, 0.07729850709438324, 0.08333102613687515]","[0.06250587850809097, 0.06497054547071457, -0.34795081615448, 0.059844911098480225, 0.07729850709438324, 0.08333102613687515]","[0.06250587850809097, 0.06497054547071457, -0.34795081615448, 0.059844911098480225, 0.07729850709438324, 0.08333102613687515]",1,1,False,"['A', 'F']","['E', 'F']"
5abc0e30554299700f9d77c5::working_set_pack_a,5abc0e30554299700f9d77c5,"['A', 'B', 'C', 'D', 'E', 'F']","[0, 1, 0, 0, 1, 0]","[-0.16593030095100403, 0.01570024900138378, 0.05529296398162842, 0.03907519951462746, 0.020364908501505852, 0.03549695760011673]","[0.16593030095100403, -0.01570024900138378, -0.05529296398162842, -0.03907519951462746, -0.020364908501505852, -0.03549695760011673]","[-0.16593030095100403, 0.01570024900138378, 0.05529296398162842, 0.03907519951462746, 0.020364908501505852, 0.03549695760011673]",1,-1,False,"['A', 'F']","['B', 'E']"
5abc0e30554299700f9d77c5::active_set_pack_a,5abc0e30554299700f9d77c5,"['A', 'B', 'C', 'D', 'E', 'F']","[0, 1, 0, 0, 1, 0]","[-0.06237625330686569, -0.009065606631338596, -0.0806911364197731, -0.028589852154254913, 0.2066887766122818, -0.025965847074985504]","[0.06237625330686569, 0.009065606631338596, 0.0806911364197731, 0.028589852154254913, -0.2066887766122818, 0.025965847074985504]","[-0.06237625330686569, -0.009065606631338596, -0.0806911364197731, -0.028589852154254913, 0.2066887766122818, -0.025965847074985504]",1,-1,False,"['A', 'B']","['B', 'E']"
5abc0e30554299700f9d77c5::working_set_pack_b,5abc0e30554299700f9d77c5,"['A', 'B', 'C', 'D', 'E', 'F']","[0, 1, 0, 0, 1, 0]","[-0.18396537005901337, 0.12818866968154907, -0.034906741231679916, -0.007329108659178019, 0.09139815717935562, 0.00661437027156353]","[-0.18396537005901337, 0.12818866968154907, -0.034906741231679916, -0.007329108659178019, 0.09139815717935562, 0.00661437027156353]","[-0.18396537005901337, 0.12818866968154907, -0.034906741231679916, -0.007329108659178019, 0.09139815717935562, 0.00661437027156353]",1,1,True,"['B', 'E']","['B', 'E']"
5abc0e30554299700f9d77c5::active_set_pack_b,5abc0e30554299700f9d77c5,"['A', 'B', 'C', 'D', 'E', 'F']","[0, 1, 0, 0, 1, 0]","[-0.2138908952474594, 0.04895630106329918, 0.029265502467751503, 0.02808498777449131, 0.07566303759813309, 0.03192108869552612]","[0.2138908952474594, -0.04895630106329918, -0.029265502467751503, -0.02808498777449131, -0.07566303759813309, -0.03192108869552612]","[0.2138908952474594, -0.04895630106329918, -0.029265502467751503, -0.02808498777449131, -0.07566303759813309, -0.03192108869552612]",-1,1,False,"['A', 'B']","['B', 'E']"
5ae3417e5542990afbd1e0f7::working_set_pack_a,5ae3417e5542990afbd1e0f7,"['A', 'B', 'C', 'D', 'E', 'F']","[1, 0, 1, 0, 0, 0]","[0.15380863845348358, -0.028676390647888184, -0.028398336842656136, -0.026523396372795105, -0.03671415150165558, -0.03349634259939194]","[0.15380863845348358, -0.028676390647888184, -0.028398336842656136, -0.026523396372795105, -0.03671415150165558, -0.03349634259939194]","[-0.15380863845348358, 0.028676390647888184, 0.028398336842656136, 0.026523396372795105, 0.03671415150165558, 0.03349634259939194]",-1,-1,False,"['A', 'E']","['A', 'C']"
5ae3417e5542990afbd1e0f7::active_set_pack_a,5ae3417e5542990afbd1e0f7,"['A', 'B', 'C', 'D', 'E', 'F']","[1, 0, 1, 0, 0, 0]","[0.1538173258304596, -0.02785378508269787, -0.029305988922715187, -0.02715853787958622, -0.03509005904197693, -0.03440897539258003]","[0.1538173258304596, -0.02785378508269787, -0.029305988922715187, -0.02715853787958622, -0.03509005904197693, -0.03440897539258003]","[-0.1538173258304596, 0.02785378508269787, 0.029305988922715187, 0.02715853787958622, 0.03509005904197693, 0.03440897539258003]",-1,-1,False,"['A', 'E']","['A', 'C']"
5ae3417e5542990afbd1e0f7::working_set_pack_b,5ae3417e5542990afbd1e0f7,"['A', 'B', 'C', 'D', 'E', 'F']","[1, 0, 1, 0, 0, 0]","[0.18161197006702423, -0.035612110048532486, -0.03731345757842064, -0.02853848785161972, -0.04012247547507286, -0.04002543166279793]","[0.18161197006702423, -0.035612110048532486, -0.03731345757842064, -0.02853848785161972, -0.04012247547507286, -0.04002543166279793]","[-0.18161197006702423, 0.035612110048532486, 0.03731345757842064, 0.02853848785161972, 0.04012247547507286, 0.04002543166279793]",-1,-1,False,"['A', 'E']","['A', 'C']"
5ae3417e5542990afbd1e0f7::active_set_pack_b,5ae3417e5542990afbd1e0f7,"['A', 'B', 'C', 'D', 'E', 'F']","[1, 0, 1, 0, 0, 0]","[0.15349113941192627, -0.028695005923509598, -0.029551202431321144, -0.026327626779675484, -0.033718422055244446, -0.03519893065094948]","[0.15349113941192627, -0.028695005923509598, -0.029551202431321144, -0.026327626779675484, -0.033718422055244446, -0.03519893065094948]","[-0.15349113941192627, 0.028695005923509598, 0.029551202431321144, 0.026327626779675484, 0.033718422055244446, 0.03519893065094948]",-1,-1,True,"['A', 'C']","['A', 'C']"
5ae334345542991a06ce9951::working_set_pack_a,5ae334345542991a06ce9951,"['A', 'B', 'C', 'D', 'E', 'F']","[1, 0, 1, 0, 0, 0]","[-0.04548240453004837, -0.008125686086714268, 0.30191555619239807, -0.12651845812797546, -0.06071024760603905, -0.061078839004039764]","[-0.04548240453004837, -0.008125686086714268, 0.30191555619239807, -0.12651845812797546, -0.06071024760603905, -0.061078839004039764]","[0.04548240453004837, 0.008125686086714268, -0.30191555619239807, 0.12651845812797546, 0.06071024760603905, 0.061078839004039764]",-1,-1,True,"['A', 'C']","['A', 'C']"
5ae334345542991a06ce9951::active_set_pack_a,5ae334345542991a06ce9951,"['A', 'B', 'C', 'D', 'E', 'F']","[1, 0, 1, 0, 0, 0]","[-0.03863248601555824, 0.005644444841891527, 0.28710317611694336, -0.14231015741825104, -0.05533119663596153, -0.05647376552224159]","[-0.03863248601555824, 0.005644444841891527, 0.28710317611694336, -0.14231015741825104, -0.05533119663596153, -0.05647376552224159]","[-0.03863248601555824, 0.005644444841891527, 0.28710317611694336, -0.14231015741825104, -0.05533119663596153, -0.05647376552224159]",1,1,True,"['A', 'C']","['A', 'C']"
5ae334345542991a06ce9951::working_set_pack_b,5ae334345542991a06ce9951,"['A', 'B', 'C', 'D', 'E', 'F']","[1, 0, 1, 0, 0, 0]","[-0.15509524941444397, -0.10533861070871353, 0.8224016427993774, -0.22185716032981873, -0.1727416217327118, -0.1673692762851715]","[-0.15509524941444397, -0.10533861070871353, 0.8224016427993774, -0.22185716032981873, -0.1727416217327118, -0.1673692762851715]","[-0.15509524941444397, -0.10533861070871353, 0.8224016427993774, -0.22185716032981873, -0.1727416217327118, -0.1673692762851715]",1,1,True,"['A', 'C']","['A', 'C']"
5ae334345542991a06ce9951::active_set_pack_b,5ae334345542991a06ce9951,"['A', 'B', 'C', 'D', 'E', 'F']","[1, 0, 1, 0, 0, 0]","[-0.002605327172204852, 0.07842451333999634, 0.21739396452903748, -0.25535616278648376, -0.019141651690006256, -0.018715253099799156]","[-0.002605327172204852, 0.07842451333999634, 0.21739396452903748, -0.25535616278648376, -0.019141651690006256, -0.018715253099799156]","[0.002605327172204852, -0.07842451333999634, -0.21739396452903748, 0.25535616278648376, 0.019141651690006256, 0.018715253099799156]",-1,-1,True,"['A', 'C']","['A', 'C']"
5abeb68d5542994516f453f9::working_set_pack_a,5abeb68d5542994516f453f9,"['A', 'B', 'C', 'D', 'E', 'F']","[1, 0, 0, 0, 0, 1]","[-0.07216256111860275, -0.019201168790459633, -0.03608851879835129, 0.01881638914346695, -0.05803317949175835, 0.16666902601718903]","[-0.07216256111860275, -0.019201168790459633, -0.03608851879835129, 0.01881638914346695, -0.05803317949175835, 0.16666902601718903]","[0.07216256111860275, 0.019201168790459633, 0.03608851879835129, -0.01881638914346695, 0.05803317949175835, -0.16666902601718903]",-1,-1,True,"['A', 'F']","['A', 'F']"
5abeb68d5542994516f453f9::active_set_pack_a,5abeb68d5542994516f453f9,"['A', 'B', 'C', 'D', 'E', 'F']","[1, 0, 0, 0, 0, 1]","[-0.06878320127725601, -0.03493829444050789, -0.04319114610552788, -0.0003885948099195957, -0.062423720955848694, 0.20972493290901184]","[-0.06878320127725601, -0.03493829444050789, -0.04319114610552788, -0.0003885948099195957, -0.062423720955848694, 0.20972493290901184]","[0.06878320127725601, 0.03493829444050789, 0.04319114610552788, 0.0003885948099195957, 0.062423720955848694, -0.20972493290901184]",-1,-1,True,"['A', 'F']","['A', 'F']"
5abeb68d5542994516f453f9::working_set_pack_b,5abeb68d5542994516f453f9,"['A', 'B', 'C', 'D', 'E', 'F']","[1, 0, 0, 0, 0, 1]","[-0.08694485574960709, -0.024481184780597687, -0.03287379443645477, -0.006807577796280384, -0.06979133933782578, 0.22089876234531403]","[-0.08694485574960709, -0.024481184780597687, -0.03287379443645477, -0.006807577796280384, -0.06979133933782578, 0.22089876234531403]","[0.08694485574960709, 0.024481184780597687, 0.03287379443645477, 0.006807577796280384, 0.06979133933782578, -0.22089876234531403]",-1,-1,True,"['A', 'F']","['A', 'F']"
5abeb68d5542994516f453f9::active_set_pack_b,5abeb68d5542994516f453f9,"['A', 'B', 'C', 'D', 'E', 'F']","[1, 0, 0, 0, 0, 1]","[-0.08393114805221558, -0.04394404962658882, -0.041541434824466705, 0.002047498244792223, -0.07414460927248001, 0.24151372909545898]","[-0.08393114805221558, -0.04394404962658882, -0.041541434824466705, 0.002047498244792223, -0.07414460927248001, 0.24151372909545898]","[0.08393114805221558, 0.04394404962658882, 0.041541434824466705, -0.002047498244792223, 0.07414460927248001, -0.24151372909545898]",-1,-1,True,"['A', 'F']","['A', 'F']"
5ae1cab7554299492dc91b8a::working_set_pack_a,5ae1cab7554299492dc91b8a,"['A', 'B', 'C', 'D', 'E', 'F']","[0, 0, 1, 1, 0, 0]","[0.04612886905670166, 0.027494294568896294, 0.010845962911844254, 0.03779204189777374, -0.19067464768886566, 0.06841347366571426]","[0.04612886905670166, 0.027494294568896294, 0.010845962911844254, 0.03779204189777374, -0.19067464768886566, 0.06841347366571426]","[-0.04612886905670166, -0.027494294568896294, -0.010845962911844254, -0.03779204189777374, 0.19067464768886566, -0.06841347366571426]",-1,-1,False,"['A', 'D']","['C', 'D']"
5ae1cab7554299492dc91b8a::active_set_pack_a,5ae1cab7554299492dc91b8a,"['A', 'B', 'C', 'D', 'E', 'F']","[0, 0, 1, 1, 0, 0]","[0.02471531368792057, 0.02282855287194252, -0.011744151823222637, 0.07647313177585602, -0.16701537370681763, 0.05474245175719261]","[0.02471531368792057, 0.02282855287194252, -0.011744151823222637, 0.07647313177585602, -0.16701537370681763, 0.05474245175719261]","[-0.02471531368792057, -0.02282855287194252, 0.011744151823222637, -0.07647313177585602, 0.16701537370681763, -0.05474245175719261]",-1,-1,False,"['A', 'D']","['C', 'D']"
5ae1cab7554299492dc91b8a::working_set_pack_b,5ae1cab7554299492dc91b8a,"['A', 'B', 'C', 'D', 'E', 'F']","[0, 0, 1, 1, 0, 0]","[0.07917109876871109, 0.034196220338344574, 0.020047614350914955, 0.013321546837687492, -0.21254360675811768, 0.06580710411071777]","[0.07917109876871109, 0.034196220338344574, 0.020047614350914955, 0.013321546837687492, -0.21254360675811768, 0.06580710411071777]","[-0.07917109876871109, -0.034196220338344574, -0.020047614350914955, -0.013321546837687492, 0.21254360675811768, -0.06580710411071777]",-1,-1,False,"['A', 'D']","['C', 'D']"
5ae1cab7554299492dc91b8a::active_set_pack_b,5ae1cab7554299492dc91b8a,"['A', 'B', 'C', 'D', 'E', 'F']","[0, 0, 1, 1, 0, 0]","[-0.1544211506843567, -0.012090569362044334, 0.03003808669745922, 0.10256625711917877, 0.04157799482345581, -0.007670631632208824]","[0.1544211506843567, 0.012090569362044334, -0.03003808669745922, -0.10256625711917877, -0.04157799482345581, 0.007670631632208824]","[0.1544211506843567, 0.012090569362044334, -0.03003808669745922, -0.10256625711917877, -0.04157799482345581, 0.007670631632208824]",-1,1,False,"['A', 'D']","['C', 'D']"
5ae6e5d65542992ae0d163a1::working_set_pack_a,5ae6e5d65542992ae0d163a1,"['A', 'B', 'C', 'D', 'E', 'F']","[1, 0, 0, 0, 1, 0]","[-0.00522681325674057, -0.14254868030548096, 0.008243345655500889, 0.03128666430711746, 0.09808031469583511, 0.010165141895413399]","[-0.00522681325674057, -0.14254868030548096, 0.008243345655500889, 0.03128666430711746, 0.09808031469583511, 0.010165141895413399]","[-0.00522681325674057, -0.14254868030548096, 0.008243345655500889, 0.03128666430711746, 0.09808031469583511, 0.010165141895413399]",1,1,True,"['A', 'E']","['A', 'E']"
5ae6e5d65542992ae0d163a1::active_set_pack_a,5ae6e5d65542992ae0d163a1,"['A', 'B', 'C', 'D', 'E', 'F']","[1, 0, 0, 0, 1, 0]","[-0.04359105974435806, -0.10053446888923645, -0.005354662425816059, 0.021817918866872787, 0.1309252679347992, -0.0032629994675517082]","[0.04359105974435806, 0.10053446888923645, 0.005354662425816059, -0.021817918866872787, -0.1309252679347992, 0.0032629994675517082]","[0.04359105974435806, 0.10053446888923645, 0.005354662425816059, -0.021817918866872787, -0.1309252679347992, 0.0032629994675517082]",-1,1,False,"['A', 'C']","['A', 'E']"
5ae6e5d65542992ae0d163a1::working_set_pack_b,5ae6e5d65542992ae0d163a1,"['A', 'B', 'C', 'D', 'E', 'F']","[1, 0, 0, 0, 1, 0]","[0.09305056184530258, 0.14763160049915314, -0.04011989384889603, -0.07668830454349518, -0.08318418264389038, -0.04068978130817413]","[0.09305056184530258, 0.14763160049915314, -0.04011989384889603, -0.07668830454349518, -0.08318418264389038, -0.04068978130817413]","[-0.09305056184530258, -0.14763160049915314, 0.04011989384889603, 0.07668830454349518, 0.08318418264389038, 0.04068978130817413]",-1,-1,True,"['A', 'E']","['A', 'E']"
5ae6e5d65542992ae0d163a1::active_set_pack_b,5ae6e5d65542992ae0d163a1,"['A', 'B', 'C', 'D', 'E', 'F']","[1, 0, 0, 0, 1, 0]","[0.014615633524954319, -0.2145051509141922, 0.04113031178712845, 0.05503615364432335, 0.06131363287568092, 0.04240943491458893]","[0.014615633524954319, -0.2145051509141922, 0.04113031178712845, 0.05503615364432335, 0.06131363287568092, 0.04240943491458893]","[0.014615633524954319, -0.2145051509141922, 0.04113031178712845, 0.05503615364432335, 0.06131363287568092, 0.04240943491458893]",1,1,True,"['A', 'E']","['A', 'E']"
5abaebab55429939ce03dd66::working_set_pack_a,5abaebab55429939ce03dd66,"['A', 'B', 'C', 'D', 'E', 'F']","[1, 0, 0, 0, 1, 0]","[0.04319142550230026, -0.09738541394472122, -0.10217306017875671, -0.09403432905673981, 0.34627556800842285, -0.09587404876947403]","[-0.04319142550230026, 0.09738541394472122, 0.10217306017875671, 0.09403432905673981, -0.34627556800842285, 0.09587404876947403]","[-0.04319142550230026, 0.09738541394472122, 0.10217306017875671, 0.09403432905673981, -0.34627556800842285, 0.09587404876947403]",-1,1,False,"['A', 'F']","['A', 'E']"
5abaebab55429939ce03dd66::active_set_pack_a,5abaebab55429939ce03dd66,"['A', 'B', 'C', 'D', 'E', 'F']","[1, 0, 0, 0, 1, 0]","[0.05768259987235069, -0.10025546699762344, -0.10599762946367264, -0.09394026547670364, 0.34124311804771423, -0.0987323597073555]","[-0.05768259987235069, 0.10025546699762344, 0.10599762946367264, 0.09394026547670364, -0.34124311804771423, 0.0987323597073555]","[-0.05768259987235069, 0.10025546699762344, 0.10599762946367264, 0.09394026547670364, -0.34124311804771423, 0.0987323597073555]",-1,1,False,"['A', 'C']","['A', 'E']"
5abaebab55429939ce03dd66::working_set_pack_b,5abaebab55429939ce03dd66,"['A', 'B', 'C', 'D', 'E', 'F']","[1, 0, 0, 0, 1, 0]","[0.5216742157936096, -0.13185039162635803, -0.14011237025260925, -0.14501118659973145, 0.023220689967274666, -0.12792102992534637]","[0.5216742157936096, -0.13185039162635803, -0.14011237025260925, -0.14501118659973145, 0.023220689967274666, -0.12792102992534637]","[-0.5216742157936096, 0.13185039162635803, 0.14011237025260925, 0.14501118659973145, -0.023220689967274666, 0.12792102992534637]",-1,-1,False,"['A', 'C']","['A', 'E']"
5abaebab55429939ce03dd66::active_set_pack_b,5abaebab55429939ce03dd66,"['A', 'B', 'C', 'D', 'E', 'F']","[1, 0, 0, 0, 1, 0]","[0.18679279088974, -0.12406232208013535, -0.13462309539318085, -0.12323509156703949, 0.3185702860355377, -0.12344256043434143]","[0.18679279088974, -0.12406232208013535, -0.13462309539318085, -0.12323509156703949, 0.3185702860355377, -0.12344256043434143]","[-0.18679279088974, 0.12406232208013535, 0.13462309539318085, 0.12323509156703949, -0.3185702860355377, 0.12344256043434143]",-1,-1,False,"['A', 'C']","['A', 'E']"
5ab9149d5542991b5579f0e6::working_set_pack_a,5ab9149d5542991b5579f0e6,"['A', 'B', 'C', 'D', 'E', 'F']","[0, 0, 0, 0, 1, 1]","[-0.07644575834274292, -0.0699453130364418, -0.08146072924137115, -0.06449878960847855, 0.3168337345123291, -0.02448316477239132]","[0.07644575834274292, 0.0699453130364418, 0.08146072924137115, 0.06449878960847855, -0.3168337345123291, 0.02448316477239132]","[-0.07644575834274292, -0.0699453130364418, -0.08146072924137115, -0.06449878960847855, 0.3168337345123291, -0.02448316477239132]",1,-1,False,"['A', 'F']","['E', 'F']"
5ab9149d5542991b5579f0e6::active_set_pack_a,5ab9149d5542991b5579f0e6,"['A', 'B', 'C', 'D', 'E', 'F']","[0, 0, 0, 0, 1, 1]","[-0.08919782936573029, -0.07703465968370438, -0.09624359756708145, -0.07802926003932953, 0.25580787658691406, 0.0846974328160286]","[0.08919782936573029, 0.07703465968370438, 0.09624359756708145, 0.07802926003932953, -0.25580787658691406, -0.0846974328160286]","[-0.08919782936573029, -0.07703465968370438, -0.09624359756708145, -0.07802926003932953, 0.25580787658691406, 0.0846974328160286]",1,-1,False,"['A', 'F']","['E', 'F']"
5ab9149d5542991b5579f0e6::working_set_pack_b,5ab9149d5542991b5579f0e6,"['A', 'B', 'C', 'D', 'E', 'F']","[0, 0, 0, 0, 1, 1]","[-0.09066376835107803, -0.0727458968758583, -0.09538301825523376, -0.09477808326482773, -0.030831215903162956, 0.38440200686454773]","[0.09066376835107803, 0.0727458968758583, 0.09538301825523376, 0.09477808326482773, 0.030831215903162956, -0.38440200686454773]","[-0.09066376835107803, -0.0727458968758583, -0.09538301825523376, -0.09477808326482773, -0.030831215903162956, 0.38440200686454773]",1,-1,False,"['A', 'E']","['E', 'F']"
5ab9149d5542991b5579f0e6::active_set_pack_b,5ab9149d5542991b5579f0e6,"['A', 'B', 'C', 'D', 'E', 'F']","[0, 0, 0, 0, 1, 1]","[-0.09049981832504272, -0.07207418978214264, -0.09266732633113861, -0.07812541723251343, 0.21289260685443878, 0.12047412991523743]","[-0.09049981832504272, -0.07207418978214264, -0.09266732633113861, -0.07812541723251343, 0.21289260685443878, 0.12047412991523743]","[-0.09049981832504272, -0.07207418978214264, -0.09266732633113861, -0.07812541723251343, 0.21289260685443878, 0.12047412991523743]",1,1,False,"['A', 'F']","['E', 'F']"
5add57e35542992200553ac2::working_set_pack_a,5add57e35542992200553ac2,"['A', 'B', 'C', 'D', 'E', 'F']","[0, 0, 0, 1, 0, 1]","[-0.051322679966688156, -0.06724773347377777, -0.07572363317012787, -0.06067054718732834, -0.07017446309328079, 0.3251389265060425]","[0.051322679966688156, 0.06724773347377777, 0.07572363317012787, 0.06067054718732834, 0.07017446309328079, -0.3251389265060425]","[0.051322679966688156, 0.06724773347377777, 0.07572363317012787, 0.06067054718732834, 0.07017446309328079, -0.3251389265060425]",-1,1,False,"['A', 'D']","['D', 'F']"
5add57e35542992200553ac2::active_set_pack_a,5add57e35542992200553ac2,"['A', 'B', 'C', 'D', 'E', 'F']","[0, 0, 0, 1, 0, 1]","[-0.0481811985373497, -0.06552397459745407, -0.07603317499160767, -0.060923121869564056, -0.06904301047325134, 0.31970447301864624]","[0.0481811985373497, 0.06552397459745407, 0.07603317499160767, 0.060923121869564056, 0.06904301047325134, -0.31970447301864624]","[0.0481811985373497, 0.06552397459745407, 0.07603317499160767, 0.060923121869564056, 0.06904301047325134, -0.31970447301864624]",-1,1,False,"['A', 'D']","['D', 'F']"
5add57e35542992200553ac2::working_set_pack_b,5add57e35542992200553ac2,"['A', 'B', 'C', 'D', 'E', 'F']","[0, 0, 0, 1, 0, 1]","[-0.05757390707731247, -0.06936550885438919, -0.08172396570444107, -0.06533898413181305, -0.07666932046413422, 0.35067176818847656]","[0.05757390707731247, 0.06936550885438919, 0.08172396570444107, 0.06533898413181305, 0.07666932046413422, -0.35067176818847656]","[-0.05757390707731247, -0.06936550885438919, -0.08172396570444107, -0.06533898413181305, -0.07666932046413422, 0.35067176818847656]",1,-1,False,"['A', 'D']","['D', 'F']"
5add57e35542992200553ac2::active_set_pack_b,5add57e35542992200553ac2,"['A', 'B', 'C', 'D', 'E', 'F']","[0, 0, 0, 1, 0, 1]","[-0.0639917403459549, -0.07825425267219543, -0.08859241008758545, -0.07815235108137131, -0.08315889537334442, 0.392149418592453]","[0.0639917403459549, 0.07825425267219543, 0.08859241008758545, 0.07815235108137131, 0.08315889537334442, -0.392149418592453]","[-0.0639917403459549, -0.07825425267219543, -0.08859241008758545, -0.07815235108137131, -0.08315889537334442, 0.392149418592453]",1,-1,False,"['A', 'D']","['D', 'F']"
5a8fae775542992414482b3b::working_set_pack_a,5a8fae775542992414482b3b,"['A', 'B', 'C', 'D', 'E', 'F']","[1, 0, 1, 0, 0, 0]","[-0.029197819530963898, -0.08962249010801315, 0.3245723843574524, -0.08567678928375244, -0.07622704654932022, -0.043848250061273575]","[-0.029197819530963898, -0.08962249010801315, 0.3245723843574524, -0.08567678928375244, -0.07622704654932022, -0.043848250061273575]","[-0.029197819530963898, -0.08962249010801315, 0.3245723843574524, -0.08567678928375244, -0.07622704654932022, -0.043848250061273575]",1,1,True,"['A', 'C']","['A', 'C']"
5a8fae775542992414482b3b::active_set_pack_a,5a8fae775542992414482b3b,"['A', 'B', 'C', 'D', 'E', 'F']","[1, 0, 1, 0, 0, 0]","[-0.02158174104988575, -0.07992904633283615, 0.2906655967235565, -0.07693726569414139, -0.07498718053102493, -0.03723037242889404]","[-0.02158174104988575, -0.07992904633283615, 0.2906655967235565, -0.07693726569414139, -0.07498718053102493, -0.03723037242889404]","[-0.02158174104988575, -0.07992904633283615, 0.2906655967235565, -0.07693726569414139, -0.07498718053102493, -0.03723037242889404]",1,1,True,"['A', 'C']","['A', 'C']"
5a8fae775542992414482b3b::working_set_pack_b,5a8fae775542992414482b3b,"['A', 'B', 'C', 'D', 'E', 'F']","[1, 0, 1, 0, 0, 0]","[-0.03968009352684021, -0.1298353523015976, 0.4831492304801941, -0.12304501235485077, -0.11487510055303574, -0.07571367174386978]","[-0.03968009352684021, -0.1298353523015976, 0.4831492304801941, -0.12304501235485077, -0.11487510055303574, -0.07571367174386978]","[-0.03968009352684021, -0.1298353523015976, 0.4831492304801941, -0.12304501235485077, -0.11487510055303574, -0.07571367174386978]",1,1,True,"['A', 'C']","['A', 'C']"
5a8fae775542992414482b3b::active_set_pack_b,5a8fae775542992414482b3b,"['A', 'B', 'C', 'D', 'E', 'F']","[1, 0, 1, 0, 0, 0]","[-0.039381496608257294, -0.11248595267534256, 0.42660439014434814, -0.10400483012199402, -0.09954765439033508, -0.07118435204029083]","[-0.039381496608257294, -0.11248595267534256, 0.42660439014434814, -0.10400483012199402, -0.09954765439033508, -0.07118435204029083]","[-0.039381496608257294, -0.11248595267534256, 0.42660439014434814, -0.10400483012199402, -0.09954765439033508, -0.07118435204029083]",1,1,True,"['A', 'C']","['A', 'C']"
5ab71f385542993667793f41::working_set_pack_a,5ab71f385542993667793f41,"['A', 'B', 'C', 'D', 'E', 'F']","[1, 0, 0, 0, 0, 1]","[-0.08114270120859146, -0.016033966094255447, -0.017153728753328323, -0.012813876383006573, -0.012788328342139721, 0.13993260264396667]","[-0.08114270120859146, -0.016033966094255447, -0.017153728753328323, -0.012813876383006573, -0.012788328342139721, 0.13993260264396667]","[-0.08114270120859146, -0.016033966094255447, -0.017153728753328323, -0.012813876383006573, -0.012788328342139721, 0.13993260264396667]",1,1,True,"['A', 'F']","['A', 'F']"
5ab71f385542993667793f41::active_set_pack_a,5ab71f385542993667793f41,"['A', 'B', 'C', 'D', 'E', 'F']","[1, 0, 0, 0, 0, 1]","[-0.0661756694316864, -0.02874021790921688, -0.03012784570455551, -0.02043101191520691, -0.02554064616560936, 0.17101548612117767]","[-0.0661756694316864, -0.02874021790921688, -0.03012784570455551, -0.02043101191520691, -0.02554064616560936, 0.17101548612117767]","[-0.0661756694316864, -0.02874021790921688, -0.03012784570455551, -0.02043101191520691, -0.02554064616560936, 0.17101548612117767]",1,1,True,"['A', 'F']","['A', 'F']"
5ab71f385542993667793f41::working_set_pack_b,5ab71f385542993667793f41,"['A', 'B', 'C', 'D', 'E', 'F']","[1, 0, 0, 0, 0, 1]","[-0.13975483179092407, -0.016476595774292946, -0.016845472157001495, -0.005496122874319553, -0.006495221983641386, 0.18506821990013123]","[-0.13975483179092407, -0.016476595774292946, -0.016845472157001495, -0.005496122874319553, -0.006495221983641386, 0.18506821990013123]","[-0.13975483179092407, -0.016476595774292946, -0.016845472157001495, -0.005496122874319553, -0.006495221983641386, 0.18506821990013123]",1,1,True,"['A', 'F']","['A', 'F']"
5ab71f385542993667793f41::active_set_pack_b,5ab71f385542993667793f41,"['A', 'B', 'C', 'D', 'E', 'F']","[1, 0, 0, 0, 0, 1]","[-0.07178932428359985, -0.03400383144617081, -0.03639461472630501, -0.018791934475302696, -0.030850758776068687, 0.19183050096035004]","[-0.07178932428359985, -0.03400383144617081, -0.03639461472630501, -0.018791934475302696, -0.030850758776068687, 0.19183050096035004]","[-0.07178932428359985, -0.03400383144617081, -0.03639461472630501, -0.018791934475302696, -0.030850758776068687, 0.19183050096035004]",1,1,True,"['A', 'F']","['A', 'F']"
5a7d9eb55542990b8f5039cd::working_set_pack_a,5a7d9eb55542990b8f5039cd,"['A', 'B', 'C', 'D', 'E', 'F']","[1, 1, 0, 0, 0, 0]","[0.1608360856771469, 0.09537093341350555, -0.058688934892416, -0.0725567415356636, -0.05995145067572594, -0.06500986963510513]","[0.1608360856771469, 0.09537093341350555, -0.058688934892416, -0.0725567415356636, -0.05995145067572594, -0.06500986963510513]","[0.1608360856771469, 0.09537093341350555, -0.058688934892416, -0.0725567415356636, -0.05995145067572594, -0.06500986963510513]",1,1,False,"['A', 'F']","['A', 'B']"
5a7d9eb55542990b8f5039cd::active_set_pack_a,5a7d9eb55542990b8f5039cd,"['A', 'B', 'C', 'D', 'E', 'F']","[1, 1, 0, 0, 0, 0]","[0.07602353394031525, 0.28185245394706726, -0.09140919893980026, -0.1005682721734047, -0.09094300121068954, -0.07495555281639099]","[0.07602353394031525, 0.28185245394706726, -0.09140919893980026, -0.1005682721734047, -0.09094300121068954, -0.07495555281639099]","[-0.07602353394031525, -0.28185245394706726, 0.09140919893980026, 0.1005682721734047, 0.09094300121068954, 0.07495555281639099]",-1,-1,True,"['A', 'B']","['A', 'B']"
5a7d9eb55542990b8f5039cd::working_set_pack_b,5a7d9eb55542990b8f5039cd,"['A', 'B', 'C', 'D', 'E', 'F']","[1, 1, 0, 0, 0, 0]","[0.19109587371349335, 0.3087601065635681, -0.1269998401403427, -0.13176856935024261, -0.126056507229805, -0.11503112316131592]","[0.19109587371349335, 0.3087601065635681, -0.1269998401403427, -0.13176856935024261, -0.126056507229805, -0.11503112316131592]","[-0.19109587371349335, -0.3087601065635681, 0.1269998401403427, 0.13176856935024261, 0.126056507229805, 0.11503112316131592]",-1,-1,True,"['A', 'B']","['A', 'B']"
5a7d9eb55542990b8f5039cd::active_set_pack_b,5a7d9eb55542990b8f5039cd,"['A', 'B', 'C', 'D', 'E', 'F']","[1, 1, 0, 0, 0, 0]","[0.056359145790338516, 0.26353833079338074, -0.08325453847646713, -0.10087929666042328, -0.08477440476417542, -0.050989169627428055]","[0.056359145790338516, 0.26353833079338074, -0.08325453847646713, -0.10087929666042328, -0.08477440476417542, -0.050989169627428055]","[0.056359145790338516, 0.26353833079338074, -0.08325453847646713, -0.10087929666042328, -0.08477440476417542, -0.050989169627428055]",1,1,False,"['A', 'F']","['A', 'B']"
5ae5e2285542996de7b71a5a::working_set_pack_a,5ae5e2285542996de7b71a5a,"['A', 'B', 'C', 'D', 'E', 'F']","[0, 0, 1, 0, 0, 1]","[-0.09866505861282349, -0.06148852780461311, -0.08451089262962341, -0.09496869891881943, -0.08111783117055893, 0.42075103521347046]","[-0.09866505861282349, -0.06148852780461311, -0.08451089262962341, -0.09496869891881943, -0.08111783117055893, 0.42075103521347046]","[-0.09866505861282349, -0.06148852780461311, -0.08451089262962341, -0.09496869891881943, -0.08111783117055893, 0.42075103521347046]",1,1,False,"['A', 'F']","['C', 'F']"
5ae5e2285542996de7b71a5a::active_set_pack_a,5ae5e2285542996de7b71a5a,"['A', 'B', 'C', 'D', 'E', 'F']","[0, 0, 1, 0, 0, 1]","[-0.10755684226751328, -0.07215971499681473, -0.09232232719659805, -0.10631454735994339, -0.0944245308637619, 0.4727780222892761]","[-0.10755684226751328, -0.07215971499681473, -0.09232232719659805, -0.10631454735994339, -0.0944245308637619, 0.4727780222892761]","[-0.10755684226751328, -0.07215971499681473, -0.09232232719659805, -0.10631454735994339, -0.0944245308637619, 0.4727780222892761]",1,1,False,"['A', 'F']","['C', 'F']"
5ae5e2285542996de7b71a5a::working_set_pack_b,5ae5e2285542996de7b71a5a,"['A', 'B', 'C', 'D', 'E', 'F']","[0, 0, 1, 0, 0, 1]","[-0.114329993724823, -0.04487122222781181, -0.07258129864931107, -0.11514569073915482, -0.09675521403551102, 0.44368332624435425]","[0.114329993724823, 0.04487122222781181, 0.07258129864931107, 0.11514569073915482, 0.09675521403551102, -0.44368332624435425]","[-0.114329993724823, -0.04487122222781181, -0.07258129864931107, -0.11514569073915482, -0.09675521403551102, 0.44368332624435425]",1,-1,False,"['A', 'C']","['C', 'F']"
5ae5e2285542996de7b71a5a::active_set_pack_b,5ae5e2285542996de7b71a5a,"['A', 'B', 'C', 'D', 'E', 'F']","[0, 0, 1, 0, 0, 1]","[-0.08435216546058655, -0.04997836798429489, -0.08129623532295227, -0.09960409253835678, -0.08019719272851944, 0.3954281508922577]","[0.08435216546058655, 0.04997836798429489, 0.08129623532295227, 0.09960409253835678, 0.08019719272851944, -0.3954281508922577]","[-0.08435216546058655, -0.04997836798429489, -0.08129623532295227, -0.09960409253835678, -0.08019719272851944, 0.3954281508922577]",1,-1,False,"['A', 'C']","['C', 'F']"
5ac13d745542991316484a91::working_set_pack_a,5ac13d745542991316484a91,"['A', 'B', 'C', 'D', 'E', 'F']","[1, 0, 1, 0, 0, 0]","[-0.0308211762458086, -0.15577706694602966, 0.3728654682636261, -0.07035098969936371, -0.04976530745625496, -0.06615090370178223]","[-0.0308211762458086, -0.15577706694602966, 0.3728654682636261, -0.07035098969936371, -0.04976530745625496, -0.06615090370178223]","[0.0308211762458086, 0.15577706694602966, -0.3728654682636261, 0.07035098969936371, 0.04976530745625496, 0.06615090370178223]",-1,-1,True,"['A', 'C']","['A', 'C']"
5ac13d745542991316484a91::active_set_pack_a,5ac13d745542991316484a91,"['A', 'B', 'C', 'D', 'E', 'F']","[1, 0, 1, 0, 0, 0]","[-0.053737886250019073, -0.1744009405374527, 0.5031728744506836, -0.09804647415876389, -0.08144042640924454, -0.09554695338010788]","[-0.053737886250019073, -0.1744009405374527, 0.5031728744506836, -0.09804647415876389, -0.08144042640924454, -0.09554695338010788]","[0.053737886250019073, 0.1744009405374527, -0.5031728744506836, 0.09804647415876389, 0.08144042640924454, 0.09554695338010788]",-1,-1,True,"['A', 'C']","['A', 'C']"
5ac13d745542991316484a91::working_set_pack_b,5ac13d745542991316484a91,"['A', 'B', 'C', 'D', 'E', 'F']","[1, 0, 1, 0, 0, 0]","[-0.08058393001556396, -0.2026856541633606, 0.5970813035964966, -0.11424606293439865, -0.08845417201519012, -0.11111165583133698]","[-0.08058393001556396, -0.2026856541633606, 0.5970813035964966, -0.11424606293439865, -0.08845417201519012, -0.11111165583133698]","[0.08058393001556396, 0.2026856541633606, -0.5970813035964966, 0.11424606293439865, 0.08845417201519012, 0.11111165583133698]",-1,-1,True,"['A', 'C']","['A', 'C']"
5ac13d745542991316484a91::active_set_pack_b,5ac13d745542991316484a91,"['A', 'B', 'C', 'D', 'E', 'F']","[1, 0, 1, 0, 0, 0]","[-0.06592831760644913, -0.21669703722000122, 0.5211710929870605, -0.08928646892309189, -0.06500525772571564, -0.0842539519071579]","[-0.06592831760644913, -0.21669703722000122, 0.5211710929870605, -0.08928646892309189, -0.06500525772571564, -0.0842539519071579]","[0.06592831760644913, 0.21669703722000122, -0.5211710929870605, 0.08928646892309189, 0.06500525772571564, 0.0842539519071579]",-1,-1,True,"['A', 'C']","['A', 'C']"
5a7d24f1554299452d57bb21::working_set_pack_a,5a7d24f1554299452d57bb21,"['A', 'B', 'C', 'D', 'E', 'F']","[0, 0, 1, 0, 0, 1]","[-0.05770907551050186, -0.031229406595230103, -0.02930438704788685, -0.06055218353867531, 0.11498701572418213, 0.06380806118249893]","[-0.05770907551050186, -0.031229406595230103, -0.02930438704788685, -0.06055218353867531, 0.11498701572418213, 0.06380806118249893]","[0.05770907551050186, 0.031229406595230103, 0.02930438704788685, 0.06055218353867531, -0.11498701572418213, -0.06380806118249893]",-1,-1,False,"['A', 'F']","['C', 'F']"
5a7d24f1554299452d57bb21::active_set_pack_a,5a7d24f1554299452d57bb21,"['A', 'B', 'C', 'D', 'E', 'F']","[0, 0, 1, 0, 0, 1]","[-0.04933686554431915, -0.025348464027047157, -0.06417807191610336, -0.06835979968309402, 0.13729967176914215, 0.06992363184690475]","[-0.04933686554431915, -0.025348464027047157, -0.06417807191610336, -0.06835979968309402, 0.13729967176914215, 0.06992363184690475]","[-0.04933686554431915, -0.025348464027047157, -0.06417807191610336, -0.06835979968309402, 0.13729967176914215, 0.06992363184690475]",1,1,False,"['A', 'F']","['C', 'F']"
5a7d24f1554299452d57bb21::working_set_pack_b,5a7d24f1554299452d57bb21,"['A', 'B', 'C', 'D', 'E', 'F']","[0, 0, 1, 0, 0, 1]","[0.0022811200469732285, -0.04845965653657913, 0.2016781121492386, -0.04382048174738884, -0.07771522551774979, -0.03396386280655861]","[-0.0022811200469732285, 0.04845965653657913, -0.2016781121492386, 0.04382048174738884, 0.07771522551774979, 0.03396386280655861]","[-0.0022811200469732285, 0.04845965653657913, -0.2016781121492386, 0.04382048174738884, 0.07771522551774979, 0.03396386280655861]",-1,1,False,"['A', 'F']","['C', 'F']"
5a7d24f1554299452d57bb21::active_set_pack_b,5a7d24f1554299452d57bb21,"['A', 'B', 'C', 'D', 'E', 'F']","[0, 0, 1, 0, 0, 1]","[-0.012085503898561, -0.03295603767037392, 0.2253979593515396, -0.040989719331264496, -0.08982044458389282, -0.0495462492108345]","[0.012085503898561, 0.03295603767037392, -0.2253979593515396, 0.040989719331264496, 0.08982044458389282, 0.0495462492108345]","[0.012085503898561, 0.03295603767037392, -0.2253979593515396, 0.040989719331264496, 0.08982044458389282, 0.0495462492108345]",-1,1,False,"['A', 'F']","['C', 'F']"
5ac28a21554299677310256e::working_set_pack_a,5ac28a21554299677310256e,"['A', 'B', 'C', 'D', 'E', 'F']","[0, 1, 0, 0, 1, 0]","[-0.08064404875040054, -0.05570371821522713, -0.0781005397439003, -0.08547594398260117, 0.12448262423276901, 0.1754416674375534]","[0.08064404875040054, 0.05570371821522713, 0.0781005397439003, 0.08547594398260117, -0.12448262423276901, -0.1754416674375534]","[0.08064404875040054, 0.05570371821522713, 0.0781005397439003, 0.08547594398260117, -0.12448262423276901, -0.1754416674375534]",-1,1,False,"['A', 'B']","['B', 'E']"
5ac28a21554299677310256e::active_set_pack_a,5ac28a21554299677310256e,"['A', 'B', 'C', 'D', 'E', 'F']","[0, 1, 0, 0, 1, 0]","[-0.09477512538433075, 0.023007702082395554, -0.10462144017219543, -0.0976899191737175, 0.16377247869968414, 0.11030630022287369]","[0.09477512538433075, -0.023007702082395554, 0.10462144017219543, 0.0976899191737175, -0.16377247869968414, -0.11030630022287369]","[0.09477512538433075, -0.023007702082395554, 0.10462144017219543, 0.0976899191737175, -0.16377247869968414, -0.11030630022287369]",-1,1,False,"['A', 'B']","['B', 'E']"
5ac28a21554299677310256e::working_set_pack_b,5ac28a21554299677310256e,"['A', 'B', 'C', 'D', 'E', 'F']","[0, 1, 0, 0, 1, 0]","[-0.0912664532661438, -0.027481067925691605, -0.10493603348731995, -0.09620307385921478, 0.2550329864025116, 0.0648534968495369]","[0.0912664532661438, 0.027481067925691605, 0.10493603348731995, 0.09620307385921478, -0.2550329864025116, -0.0648534968495369]","[0.0912664532661438, 0.027481067925691605, 0.10493603348731995, 0.09620307385921478, -0.2550329864025116, -0.0648534968495369]",-1,1,False,"['A', 'B']","['B', 'E']"
5ac28a21554299677310256e::active_set_pack_b,5ac28a21554299677310256e,"['A', 'B', 'C', 'D', 'E', 'F']","[0, 1, 0, 0, 1, 0]","[0.0882880687713623, 0.03684041649103165, 0.08819951117038727, 0.08817484974861145, -0.02443954162299633, -0.2770632803440094]","[0.0882880687713623, 0.03684041649103165, 0.08819951117038727, 0.08817484974861145, -0.02443954162299633, -0.2770632803440094]","[0.0882880687713623, 0.03684041649103165, 0.08819951117038727, 0.08817484974861145, -0.02443954162299633, -0.2770632803440094]",1,1,False,"['A', 'B']","['B', 'E']"
5a8f11fd554299458435d544::working_set_pack_a,5a8f11fd554299458435d544,"['A', 'B', 'C', 'D', 'E', 'F']","[0, 0, 0, 1, 1, 0]","[-0.1101088747382164, -0.10849941521883011, -0.08987879008054733, 0.13815996050834656, 0.2654009163379669, -0.09507377445697784]","[-0.1101088747382164, -0.10849941521883011, -0.08987879008054733, 0.13815996050834656, 0.2654009163379669, -0.09507377445697784]","[0.1101088747382164, 0.10849941521883011, 0.08987879008054733, -0.13815996050834656, -0.2654009163379669, 0.09507377445697784]",-1,-1,False,"['A', 'D']","['D', 'E']"
5a8f11fd554299458435d544::active_set_pack_a,5a8f11fd554299458435d544,"['A', 'B', 'C', 'D', 'E', 'F']","[0, 0, 0, 1, 1, 0]","[-0.12284858524799347, -0.11030703783035278, -0.10407669097185135, 0.27552327513694763, 0.16925816237926483, -0.10754899680614471]","[-0.12284858524799347, -0.11030703783035278, -0.10407669097185135, 0.27552327513694763, 0.16925816237926483, -0.10754899680614471]","[0.12284858524799347, 0.11030703783035278, 0.10407669097185135, -0.27552327513694763, -0.16925816237926483, 0.10754899680614471]",-1,-1,False,"['A', 'D']","['D', 'E']"
5a8f11fd554299458435d544::working_set_pack_b,5a8f11fd554299458435d544,"['A', 'B', 'C', 'D', 'E', 'F']","[0, 0, 0, 1, 1, 0]","[-0.12885412573814392, -0.1114501953125, -0.09916447103023529, 0.10869534313678741, 0.3358241021633148, -0.10505057126283646]","[-0.12885412573814392, -0.1114501953125, -0.09916447103023529, 0.10869534313678741, 0.3358241021633148, -0.10505057126283646]","[0.12885412573814392, 0.1114501953125, 0.09916447103023529, -0.10869534313678741, -0.3358241021633148, 0.10505057126283646]",-1,-1,False,"['A', 'E']","['D', 'E']"
5a8f11fd554299458435d544::active_set_pack_b,5a8f11fd554299458435d544,"['A', 'B', 'C', 'D', 'E', 'F']","[0, 0, 0, 1, 1, 0]","[-0.16868704557418823, -0.1089010164141655, -0.10525902360677719, 0.3214031755924225, 0.17322492599487305, -0.11178101599216461]","[-0.16868704557418823, -0.1089010164141655, -0.10525902360677719, 0.3214031755924225, 0.17322492599487305, -0.11178101599216461]","[0.16868704557418823, 0.1089010164141655, 0.10525902360677719, -0.3214031755924225, -0.17322492599487305, 0.11178101599216461]",-1,-1,False,"['A', 'D']","['D', 'E']"
5abef2365542997ec76fd397::working_set_pack_a,5abef2365542997ec76fd397,"['A', 'B', 'C', 'D', 'E', 'F']","[1, 0, 0, 1, 0, 0]","[0.05051526427268982, 0.056662458926439285, 0.021443504840135574, 0.03664414957165718, -0.2012852132320404, 0.03601988032460213]","[0.05051526427268982, 0.056662458926439285, 0.021443504840135574, 0.03664414957165718, -0.2012852132320404, 0.03601988032460213]","[-0.05051526427268982, -0.056662458926439285, -0.021443504840135574, -0.03664414957165718, 0.2012852132320404, -0.03601988032460213]",-1,-1,True,"['A', 'D']","['A', 'D']"
5abef2365542997ec76fd397::active_set_pack_a,5abef2365542997ec76fd397,"['A', 'B', 'C', 'D', 'E', 'F']","[1, 0, 0, 1, 0, 0]","[0.044431913644075394, 0.0764053538441658, 0.011772655881941319, 0.031183995306491852, -0.19854800403118134, 0.03475404158234596]","[0.044431913644075394, 0.0764053538441658, 0.011772655881941319, 0.031183995306491852, -0.19854800403118134, 0.03475404158234596]","[-0.044431913644075394, -0.0764053538441658, -0.011772655881941319, -0.031183995306491852, 0.19854800403118134, -0.03475404158234596]",-1,-1,True,"['A', 'D']","['A', 'D']"
5abef2365542997ec76fd397::working_set_pack_b,5abef2365542997ec76fd397,"['A', 'B', 'C', 'D', 'E', 'F']","[1, 0, 0, 1, 0, 0]","[0.26545530557632446, -0.05900479853153229, -0.06781431287527084, -0.020824436098337173, -0.0767773762345314, -0.0410342700779438]","[0.26545530557632446, -0.05900479853153229, -0.06781431287527084, -0.020824436098337173, -0.0767773762345314, -0.0410342700779438]","[-0.26545530557632446, 0.05900479853153229, 0.06781431287527084, 0.020824436098337173, 0.0767773762345314, 0.0410342700779438]",-1,-1,True,"['A', 'D']","['A', 'D']"
5abef2365542997ec76fd397::active_set_pack_b,5abef2365542997ec76fd397,"['A', 'B', 'C', 'D', 'E', 'F']","[1, 0, 0, 1, 0, 0]","[0.034763824194669724, -0.18896155059337616, 0.04735958203673363, 0.05020955204963684, 0.011925394646823406, 0.0447031669318676]","[0.034763824194669724, -0.18896155059337616, 0.04735958203673363, 0.05020955204963684, 0.011925394646823406, 0.0447031669318676]","[0.034763824194669724, -0.18896155059337616, 0.04735958203673363, 0.05020955204963684, 0.011925394646823406, 0.0447031669318676]",1,1,True,"['A', 'D']","['A', 'D']"
5a78d1bd55429974737f78bd::working_set_pack_a,5a78d1bd55429974737f78bd,"['A', 'B', 'C', 'D', 'E', 'F']","[0, 0, 0, 1, 1, 0]","[-0.07633420825004578, 0.05231719836592674, -0.04337998479604721, 0.022347940132021904, 0.09031587839126587, -0.04526688903570175]","[-0.07633420825004578, 0.05231719836592674, -0.04337998479604721, 0.022347940132021904, 0.09031587839126587, -0.04526688903570175]","[-0.07633420825004578, 0.05231719836592674, -0.04337998479604721, 0.022347940132021904, 0.09031587839126587, -0.04526688903570175]",1,1,False,"['A', 'E']","['D', 'E']"
5a78d1bd55429974737f78bd::active_set_pack_a,5a78d1bd55429974737f78bd,"['A', 'B', 'C', 'D', 'E', 'F']","[0, 0, 0, 1, 1, 0]","[-0.06633258610963821, 0.043474022299051285, -0.04239751398563385, 0.006631504278630018, 0.10462294518947601, -0.04599840193986893]","[-0.06633258610963821, 0.043474022299051285, -0.04239751398563385, 0.006631504278630018, 0.10462294518947601, -0.04599840193986893]","[-0.06633258610963821, 0.043474022299051285, -0.04239751398563385, 0.006631504278630018, 0.10462294518947601, -0.04599840193986893]",1,1,False,"['A', 'E']","['D', 'E']"
5a78d1bd55429974737f78bd::working_set_pack_b,5a78d1bd55429974737f78bd,"['A', 'B', 'C', 'D', 'E', 'F']","[0, 0, 0, 1, 1, 0]","[-0.08988282829523087, 0.05866845324635506, -0.06616435199975967, 0.005270402878522873, 0.1591668576002121, -0.0670584887266159]","[-0.08988282829523087, 0.05866845324635506, -0.06616435199975967, 0.005270402878522873, 0.1591668576002121, -0.0670584887266159]","[-0.08988282829523087, 0.05866845324635506, -0.06616435199975967, 0.005270402878522873, 0.1591668576002121, -0.0670584887266159]",1,1,False,"['A', 'E']","['D', 'E']"
5a78d1bd55429974737f78bd::active_set_pack_b,5a78d1bd55429974737f78bd,"['A', 'B', 'C', 'D', 'E', 'F']","[0, 0, 0, 1, 1, 0]","[-0.0917888879776001, 0.0700385645031929, -0.06260222941637039, 0.019092850387096405, 0.12586697936058044, -0.060607243329286575]","[0.0917888879776001, -0.0700385645031929, 0.06260222941637039, -0.019092850387096405, -0.12586697936058044, 0.060607243329286575]","[-0.0917888879776001, 0.0700385645031929, -0.06260222941637039, 0.019092850387096405, 0.12586697936058044, -0.060607243329286575]",1,-1,False,"['A', 'D']","['D', 'E']"
5abdb9125542993f32c2a018::working_set_pack_a,5abdb9125542993f32c2a018,"['A', 'B', 'C', 'D', 'E', 'F']","[0, 0, 1, 1, 0, 0]","[-0.08561918884515762, -0.019382990896701813, 0.017720136791467667, 0.06897370517253876, -0.08284752815961838, 0.10115590691566467]","[-0.08561918884515762, -0.019382990896701813, 0.017720136791467667, 0.06897370517253876, -0.08284752815961838, 0.10115590691566467]","[0.08561918884515762, 0.019382990896701813, -0.017720136791467667, -0.06897370517253876, 0.08284752815961838, -0.10115590691566467]",-1,-1,False,"['A', 'F']","['C', 'D']"
5abdb9125542993f32c2a018::active_set_pack_a,5abdb9125542993f32c2a018,"['A', 'B', 'C', 'D', 'E', 'F']","[0, 0, 1, 1, 0, 0]","[-0.03878479450941086, -0.021568696945905685, 0.051821090281009674, 0.03955266252160072, -0.131460502743721, 0.10044018924236298]","[-0.03878479450941086, -0.021568696945905685, 0.051821090281009674, 0.03955266252160072, -0.131460502743721, 0.10044018924236298]","[0.03878479450941086, 0.021568696945905685, -0.051821090281009674, -0.03955266252160072, 0.131460502743721, -0.10044018924236298]",-1,-1,False,"['A', 'F']","['C', 'D']"
5abdb9125542993f32c2a018::working_set_pack_b,5abdb9125542993f32c2a018,"['A', 'B', 'C', 'D', 'E', 'F']","[0, 0, 1, 1, 0, 0]","[-0.09569764137268066, -0.03542865440249443, 0.015245852991938591, 0.0514175109565258, -0.08997438102960587, 0.15443728864192963]","[-0.09569764137268066, -0.03542865440249443, 0.015245852991938591, 0.0514175109565258, -0.08997438102960587, 0.15443728864192963]","[0.09569764137268066, 0.03542865440249443, -0.015245852991938591, -0.0514175109565258, 0.08997438102960587, -0.15443728864192963]",-1,-1,False,"['A', 'F']","['C', 'D']"
5abdb9125542993f32c2a018::active_set_pack_b,5abdb9125542993f32c2a018,"['A', 'B', 'C', 'D', 'E', 'F']","[0, 0, 1, 1, 0, 0]","[-0.09040343761444092, -0.017805786803364754, 0.036750711500644684, 0.056394919753074646, -0.09416604787111282, 0.10922960191965103]","[-0.09040343761444092, -0.017805786803364754, 0.036750711500644684, 0.056394919753074646, -0.09416604787111282, 0.10922960191965103]","[0.09040343761444092, 0.017805786803364754, -0.036750711500644684, -0.056394919753074646, 0.09416604787111282, -0.10922960191965103]",-1,-1,False,"['A', 'F']","['C', 'D']"
5a745eb055429979e2882928::working_set_pack_a,5a745eb055429979e2882928,"['A', 'B', 'C', 'D', 'E', 'F']","[0, 0, 0, 1, 0, 1]","[-0.15279321372509003, -0.123589888215065, -0.16294971108436584, 0.6993528604507446, -0.1267271190881729, -0.13329298794269562]","[-0.15279321372509003, -0.123589888215065, -0.16294971108436584, 0.6993528604507446, -0.1267271190881729, -0.13329298794269562]","[-0.15279321372509003, -0.123589888215065, -0.16294971108436584, 0.6993528604507446, -0.1267271190881729, -0.13329298794269562]",1,1,False,"['A', 'D']","['D', 'F']"
5a745eb055429979e2882928::active_set_pack_a,5a745eb055429979e2882928,"['A', 'B', 'C', 'D', 'E', 'F']","[0, 0, 0, 1, 0, 1]","[-0.13170476257801056, -0.10579632222652435, -0.1519395262002945, 0.612043023109436, -0.10876470059156418, -0.11383748799562454]","[-0.13170476257801056, -0.10579632222652435, -0.1519395262002945, 0.612043023109436, -0.10876470059156418, -0.11383748799562454]","[-0.13170476257801056, -0.10579632222652435, -0.1519395262002945, 0.612043023109436, -0.10876470059156418, -0.11383748799562454]",1,1,False,"['A', 'D']","['D', 'F']"
5a745eb055429979e2882928::working_set_pack_b,5a745eb055429979e2882928,"['A', 'B', 'C', 'D', 'E', 'F']","[0, 0, 0, 1, 0, 1]","[-0.21133680641651154, -0.19748146831989288, -0.22599297761917114, 1.0371142625808716, -0.1995016485452652, -0.20280136168003082]","[-0.21133680641651154, -0.19748146831989288, -0.22599297761917114, 1.0371142625808716, -0.1995016485452652, -0.20280136168003082]","[-0.21133680641651154, -0.19748146831989288, -0.22599297761917114, 1.0371142625808716, -0.1995016485452652, -0.20280136168003082]",1,1,False,"['A', 'D']","['D', 'F']"
5a745eb055429979e2882928::active_set_pack_b,5a745eb055429979e2882928,"['A', 'B', 'C', 'D', 'E', 'F']","[0, 0, 0, 1, 0, 1]","[-0.14886842668056488, -0.12291339039802551, -0.14861652255058289, 0.6787578463554382, -0.12507754564285278, -0.1332818567752838]","[-0.14886842668056488, -0.12291339039802551, -0.14861652255058289, 0.6787578463554382, -0.12507754564285278, -0.1332818567752838]","[-0.14886842668056488, -0.12291339039802551, -0.14861652255058289, 0.6787578463554382, -0.12507754564285278, -0.1332818567752838]",1,1,False,"['A', 'D']","['D', 'F']"
5ab7f030554299366779405a::working_set_pack_a,5ab7f030554299366779405a,"['A', 'B', 'C', 'D', 'E', 'F']","[1, 1, 0, 0, 0, 0]","[0.5862119197845459, -0.1337229311466217, -0.12431640923023224, -0.10518639534711838, -0.11024686694145203, -0.11273922026157379]","[0.5862119197845459, -0.1337229311466217, -0.12431640923023224, -0.10518639534711838, -0.11024686694145203, -0.11273922026157379]","[-0.5862119197845459, 0.1337229311466217, 0.12431640923023224, 0.10518639534711838, 0.11024686694145203, 0.11273922026157379]",-1,-1,False,"['A', 'C']","['A', 'B']"
5ab7f030554299366779405a::active_set_pack_a,5ab7f030554299366779405a,"['A', 'B', 'C', 'D', 'E', 'F']","[1, 1, 0, 0, 0, 0]","[0.7369094491004944, -0.15290765464305878, -0.15528565645217896, -0.1409219652414322, -0.14301718771457672, -0.1447770893573761]","[0.7369094491004944, -0.15290765464305878, -0.15528565645217896, -0.1409219652414322, -0.14301718771457672, -0.1447770893573761]","[-0.7369094491004944, 0.15290765464305878, 0.15528565645217896, 0.1409219652414322, 0.14301718771457672, 0.1447770893573761]",-1,-1,False,"['A', 'C']","['A', 'B']"
5ab7f030554299366779405a::working_set_pack_b,5ab7f030554299366779405a,"['A', 'B', 'C', 'D', 'E', 'F']","[1, 1, 0, 0, 0, 0]","[0.9745464324951172, -0.21586470305919647, -0.2044953852891922, -0.17807398736476898, -0.18861618638038635, -0.18749625980854034]","[0.9745464324951172, -0.21586470305919647, -0.2044953852891922, -0.17807398736476898, -0.18861618638038635, -0.18749625980854034]","[-0.9745464324951172, 0.21586470305919647, 0.2044953852891922, 0.17807398736476898, 0.18861618638038635, 0.18749625980854034]",-1,-1,False,"['A', 'C']","['A', 'B']"
5ab7f030554299366779405a::active_set_pack_b,5ab7f030554299366779405a,"['A', 'B', 'C', 'D', 'E', 'F']","[1, 1, 0, 0, 0, 0]","[0.6148419380187988, -0.12849673628807068, -0.13653673231601715, -0.11064072698354721, -0.11846190690994263, -0.12070563435554504]","[0.6148419380187988, -0.12849673628807068, -0.13653673231601715, -0.11064072698354721, -0.11846190690994263, -0.12070563435554504]","[-0.6148419380187988, 0.12849673628807068, 0.13653673231601715, 0.11064072698354721, 0.11846190690994263, 0.12070563435554504]",-1,-1,False,"['A', 'C']","['A', 'B']"
5a90bd6555429933b8a205cf::working_set_pack_a,5a90bd6555429933b8a205cf,"['A', 'B', 'C', 'D', 'E', 'F']","[0, 1, 0, 0, 0, 1]","[-0.1291966438293457, 0.5994911789894104, -0.14263032376766205, -0.12483339011669159, -0.08679351955652237, -0.1160372793674469]","[0.1291966438293457, -0.5994911789894104, 0.14263032376766205, 0.12483339011669159, 0.08679351955652237, 0.1160372793674469]","[0.1291966438293457, -0.5994911789894104, 0.14263032376766205, 0.12483339011669159, 0.08679351955652237, 0.1160372793674469]",-1,1,False,"['A', 'F']","['B', 'F']"
5a90bd6555429933b8a205cf::active_set_pack_a,5a90bd6555429933b8a205cf,"['A', 'B', 'C', 'D', 'E', 'F']","[0, 1, 0, 0, 0, 1]","[-0.1283869743347168, 0.6122773885726929, -0.14403365552425385, -0.12715430557727814, -0.0962153747677803, -0.11648686230182648]","[0.1283869743347168, -0.6122773885726929, 0.14403365552425385, 0.12715430557727814, 0.0962153747677803, 0.11648686230182648]","[0.1283869743347168, -0.6122773885726929, 0.14403365552425385, 0.12715430557727814, 0.0962153747677803, 0.11648686230182648]",-1,1,False,"['A', 'F']","['B', 'F']"
5a90bd6555429933b8a205cf::working_set_pack_b,5a90bd6555429933b8a205cf,"['A', 'B', 'C', 'D', 'E', 'F']","[0, 1, 0, 0, 0, 1]","[-0.14340350031852722, 0.6319418549537659, -0.15752290189266205, -0.146185040473938, -0.07213818281888962, -0.1126922145485878]","[0.14340350031852722, -0.6319418549537659, 0.15752290189266205, 0.146185040473938, 0.07213818281888962, 0.1126922145485878]","[0.14340350031852722, -0.6319418549537659, 0.15752290189266205, 0.146185040473938, 0.07213818281888962, 0.1126922145485878]",-1,1,False,"['A', 'F']","['B', 'F']"
5a90bd6555429933b8a205cf::active_set_pack_b,5a90bd6555429933b8a205cf,"['A', 'B', 'C', 'D', 'E', 'F']","[0, 1, 0, 0, 0, 1]","[-0.12355602532625198, 0.5488457083702087, -0.140952005982399, -0.11927563697099686, -0.06398197263479233, -0.10107988864183426]","[0.12355602532625198, -0.5488457083702087, 0.140952005982399, 0.11927563697099686, 0.06398197263479233, 0.10107988864183426]","[0.12355602532625198, -0.5488457083702087, 0.140952005982399, 0.11927563697099686, 0.06398197263479233, 0.10107988864183426]",-1,1,False,"['A', 'F']","['B', 'F']"
5ab433675542991751b4d6e6::working_set_pack_a,5ab433675542991751b4d6e6,"['A', 'B', 'C', 'D', 'E', 'F']","[0, 1, 1, 0, 0, 0]","[-0.21573062241077423, 0.9329636693000793, -0.12369833141565323, -0.19864240288734436, -0.19826959073543549, -0.19662265479564667]","[-0.21573062241077423, 0.9329636693000793, -0.12369833141565323, -0.19864240288734436, -0.19826959073543549, -0.19662265479564667]","[0.21573062241077423, -0.9329636693000793, 0.12369833141565323, 0.19864240288734436, 0.19826959073543549, 0.19662265479564667]",-1,-1,False,"['A', 'B']","['B', 'C']"
5ab433675542991751b4d6e6::active_set_pack_a,5ab433675542991751b4d6e6,"['A', 'B', 'C', 'D', 'E', 'F']","[0, 1, 1, 0, 0, 0]","[-0.27446797490119934, 1.2172095775604248, -0.18480652570724487, -0.2525527775287628, -0.25490304827690125, -0.2504793703556061]","[-0.27446797490119934, 1.2172095775604248, -0.18480652570724487, -0.2525527775287628, -0.25490304827690125, -0.2504793703556061]","[0.27446797490119934, -1.2172095775604248, 0.18480652570724487, 0.2525527775287628, 0.25490304827690125, 0.2504793703556061]",-1,-1,False,"['A', 'B']","['B', 'C']"
5ab433675542991751b4d6e6::working_set_pack_b,5ab433675542991751b4d6e6,"['A', 'B', 'C', 'D', 'E', 'F']","[0, 1, 1, 0, 0, 0]","[-0.35458239912986755, 1.575905442237854, -0.20026685297489166, -0.3379654884338379, -0.3449212610721588, -0.3381690979003906]","[-0.35458239912986755, 1.575905442237854, -0.20026685297489166, -0.3379654884338379, -0.3449212610721588, -0.3381690979003906]","[0.35458239912986755, -1.575905442237854, 0.20026685297489166, 0.3379654884338379, 0.3449212610721588, 0.3381690979003906]",-1,-1,False,"['B', 'E']","['B', 'C']"
5ab433675542991751b4d6e6::active_set_pack_b,5ab433675542991751b4d6e6,"['A', 'B', 'C', 'D', 'E', 'F']","[0, 1, 1, 0, 0, 0]","[-0.23544743657112122, 0.9709955453872681, -0.12608590722084045, -0.20332767069339752, -0.2064947634935379, -0.19963988661766052]","[-0.23544743657112122, 0.9709955453872681, -0.12608590722084045, -0.20332767069339752, -0.2064947634935379, -0.19963988661766052]","[0.23544743657112122, -0.9709955453872681, 0.12608590722084045, 0.20332767069339752, 0.2064947634935379, 0.19963988661766052]",-1,-1,False,"['A', 'B']","['B', 'C']"
5ac47249554299194317399c::working_set_pack_a,5ac47249554299194317399c,"['A', 'B', 'C', 'D', 'E', 'F']","[1, 0, 0, 0, 1, 0]","[0.07198157161474228, 0.026476342231035233, 0.04156454652547836, 0.03924625366926193, 0.0779024139046669, -0.257171094417572]","[0.07198157161474228, 0.026476342231035233, 0.04156454652547836, 0.03924625366926193, 0.0779024139046669, -0.257171094417572]","[0.07198157161474228, 0.026476342231035233, 0.04156454652547836, 0.03924625366926193, 0.0779024139046669, -0.257171094417572]",1,1,True,"['A', 'E']","['A', 'E']"
5ac47249554299194317399c::active_set_pack_a,5ac47249554299194317399c,"['A', 'B', 'C', 'D', 'E', 'F']","[1, 0, 0, 0, 1, 0]","[0.06771598756313324, 0.023577267304062843, 0.0401768833398819, 0.037413645535707474, 0.09072323143482208, -0.2596069872379303]","[0.06771598756313324, 0.023577267304062843, 0.0401768833398819, 0.037413645535707474, 0.09072323143482208, -0.2596069872379303]","[0.06771598756313324, 0.023577267304062843, 0.0401768833398819, 0.037413645535707474, 0.09072323143482208, -0.2596069872379303]",1,1,True,"['A', 'E']","['A', 'E']"
5ac47249554299194317399c::working_set_pack_b,5ac47249554299194317399c,"['A', 'B', 'C', 'D', 'E', 'F']","[1, 0, 0, 0, 1, 0]","[0.07212181389331818, 0.02715093083679676, 0.047302793711423874, 0.04460456222295761, 0.12742142379283905, -0.31860148906707764]","[0.07212181389331818, 0.02715093083679676, 0.047302793711423874, 0.04460456222295761, 0.12742142379283905, -0.31860148906707764]","[-0.07212181389331818, -0.02715093083679676, -0.047302793711423874, -0.04460456222295761, -0.12742142379283905, 0.31860148906707764]",-1,-1,True,"['A', 'E']","['A', 'E']"
5ac47249554299194317399c::active_set_pack_b,5ac47249554299194317399c,"['A', 'B', 'C', 'D', 'E', 'F']","[1, 0, 0, 0, 1, 0]","[0.08007527142763138, 0.030202124267816544, 0.05392615497112274, 0.04749182611703873, 0.10410113632678986, -0.31579646468162537]","[0.08007527142763138, 0.030202124267816544, 0.05392615497112274, 0.04749182611703873, 0.10410113632678986, -0.31579646468162537]","[0.08007527142763138, 0.030202124267816544, 0.05392615497112274, 0.04749182611703873, 0.10410113632678986, -0.31579646468162537]",1,1,True,"['A', 'E']","['A', 'E']"
5aba04fb55429939ce03dc54::working_set_pack_a,5aba04fb55429939ce03dc54,"['A', 'B', 'C', 'D', 'E', 'F']","[0, 0, 1, 0, 1, 0]","[-0.17116805911064148, -0.06081606075167656, 0.030344020575284958, -0.09450720250606537, 0.39465072751045227, -0.09850340336561203]","[0.17116805911064148, 0.06081606075167656, -0.030344020575284958, 0.09450720250606537, -0.39465072751045227, 0.09850340336561203]","[-0.17116805911064148, -0.06081606075167656, 0.030344020575284958, -0.09450720250606537, 0.39465072751045227, -0.09850340336561203]",1,-1,False,"['A', 'C']","['C', 'E']"
5aba04fb55429939ce03dc54::active_set_pack_a,5aba04fb55429939ce03dc54,"['A', 'B', 'C', 'D', 'E', 'F']","[0, 0, 1, 0, 1, 0]","[-0.19370706379413605, -0.03204440325498581, 0.2741355001926422, -0.09970208257436752, 0.14819422364234924, -0.09687624871730804]","[-0.19370706379413605, -0.03204440325498581, 0.2741355001926422, -0.09970208257436752, 0.14819422364234924, -0.09687624871730804]","[-0.19370706379413605, -0.03204440325498581, 0.2741355001926422, -0.09970208257436752, 0.14819422364234924, -0.09687624871730804]",1,1,False,"['A', 'C']","['C', 'E']"
5aba04fb55429939ce03dc54::working_set_pack_b,5aba04fb55429939ce03dc54,"['A', 'B', 'C', 'D', 'E', 'F']","[0, 0, 1, 0, 1, 0]","[-0.3253597021102905, 0.12561632692813873, 0.1949533075094223, -0.09108622372150421, 0.19146056473255157, -0.09558437019586563]","[-0.3253597021102905, 0.12561632692813873, 0.1949533075094223, -0.09108622372150421, 0.19146056473255157, -0.09558437019586563]","[0.3253597021102905, -0.12561632692813873, -0.1949533075094223, 0.09108622372150421, -0.19146056473255157, 0.09558437019586563]",-1,-1,False,"['B', 'C']","['C', 'E']"
5aba04fb55429939ce03dc54::active_set_pack_b,5aba04fb55429939ce03dc54,"['A', 'B', 'C', 'D', 'E', 'F']","[0, 0, 1, 0, 1, 0]","[-0.21365050971508026, 0.006497158668935299, 0.05652572587132454, -0.0843794122338295, 0.32911500334739685, -0.09410804510116577]","[0.21365050971508026, -0.006497158668935299, -0.05652572587132454, 0.0843794122338295, -0.32911500334739685, 0.09410804510116577]","[0.21365050971508026, -0.006497158668935299, -0.05652572587132454, 0.0843794122338295, -0.32911500334739685, 0.09410804510116577]",-1,1,False,"['A', 'C']","['C', 'E']"
5a79f2185542996a35c1703d::working_set_pack_a,5a79f2185542996a35c1703d,"['A', 'B', 'C', 'D', 'E', 'F']","[1, 1, 0, 0, 0, 0]","[0.08423849195241928, -0.04650666564702988, 0.03908809274435043, 0.027759451419115067, -0.16791607439517975, 0.06333664059638977]","[0.08423849195241928, -0.04650666564702988, 0.03908809274435043, 0.027759451419115067, -0.16791607439517975, 0.06333664059638977]","[-0.08423849195241928, 0.04650666564702988, -0.03908809274435043, -0.027759451419115067, 0.16791607439517975, -0.06333664059638977]",-1,-1,False,"['A', 'D']","['A', 'B']"
5a79f2185542996a35c1703d::active_set_pack_a,5a79f2185542996a35c1703d,"['A', 'B', 'C', 'D', 'E', 'F']","[1, 1, 0, 0, 0, 0]","[-0.057991717010736465, 0.15439213812351227, -0.04320129007101059, -0.048274483531713486, 0.0826169028878212, -0.08754145354032516]","[0.057991717010736465, -0.15439213812351227, 0.04320129007101059, 0.048274483531713486, -0.0826169028878212, 0.08754145354032516]","[-0.057991717010736465, 0.15439213812351227, -0.04320129007101059, -0.048274483531713486, 0.0826169028878212, -0.08754145354032516]",1,-1,False,"['A', 'D']","['A', 'B']"
5a79f2185542996a35c1703d::working_set_pack_b,5a79f2185542996a35c1703d,"['A', 'B', 'C', 'D', 'E', 'F']","[1, 1, 0, 0, 0, 0]","[-0.0678957849740982, 0.06983353197574615, -0.0639115497469902, -0.026674414053559303, 0.20400430262088776, -0.11535607278347015]","[0.0678957849740982, -0.06983353197574615, 0.0639115497469902, 0.026674414053559303, -0.20400430262088776, 0.11535607278347015]","[-0.0678957849740982, 0.06983353197574615, -0.0639115497469902, -0.026674414053559303, 0.20400430262088776, -0.11535607278347015]",1,-1,False,"['A', 'D']","['A', 'B']"
5a79f2185542996a35c1703d::active_set_pack_b,5a79f2185542996a35c1703d,"['A', 'B', 'C', 'D', 'E', 'F']","[1, 1, 0, 0, 0, 0]","[-0.05553748458623886, 0.15111209452152252, -0.05478886514902115, -0.05803404003381729, 0.11075035482645035, -0.09350205212831497]","[0.05553748458623886, -0.15111209452152252, 0.05478886514902115, 0.05803404003381729, -0.11075035482645035, 0.09350205212831497]","[-0.05553748458623886, 0.15111209452152252, -0.05478886514902115, -0.05803404003381729, 0.11075035482645035, -0.09350205212831497]",1,-1,False,"['A', 'D']","['A', 'B']"
5ae0925e55429945ae9593c9::working_set_pack_a,5ae0925e55429945ae9593c9,"['A', 'B', 'C', 'D', 'E', 'F']","[0, 1, 1, 0, 0, 0]","[-0.16131459176540375, 0.036773595958948135, 0.027426550164818764, 0.029828490689396858, 0.03605341538786888, 0.03123256377875805]","[0.16131459176540375, -0.036773595958948135, -0.027426550164818764, -0.029828490689396858, -0.03605341538786888, -0.03123256377875805]","[-0.16131459176540375, 0.036773595958948135, 0.027426550164818764, 0.029828490689396858, 0.03605341538786888, 0.03123256377875805]",1,-1,False,"['A', 'C']","['B', 'C']"
5ae0925e55429945ae9593c9::active_set_pack_a,5ae0925e55429945ae9593c9,"['A', 'B', 'C', 'D', 'E', 'F']","[0, 1, 1, 0, 0, 0]","[-0.1606687307357788, 0.03968434780836105, 0.030314108356833458, 0.028128530830144882, 0.033519092947244644, 0.029022635892033577]","[0.1606687307357788, -0.03968434780836105, -0.030314108356833458, -0.028128530830144882, -0.033519092947244644, -0.029022635892033577]","[-0.1606687307357788, 0.03968434780836105, 0.030314108356833458, 0.028128530830144882, 0.033519092947244644, 0.029022635892033577]",1,-1,False,"['A', 'C']","['B', 'C']"
5ae0925e55429945ae9593c9::working_set_pack_b,5ae0925e55429945ae9593c9,"['A', 'B', 'C', 'D', 'E', 'F']","[0, 1, 1, 0, 0, 0]","[-0.1879197061061859, 0.04842764884233475, 0.03465797379612923, 0.028198597952723503, 0.04206619784235954, 0.03456927090883255]","[0.1879197061061859, -0.04842764884233475, -0.03465797379612923, -0.028198597952723503, -0.04206619784235954, -0.03456927090883255]","[-0.1879197061061859, 0.04842764884233475, 0.03465797379612923, 0.028198597952723503, 0.04206619784235954, 0.03456927090883255]",1,-1,False,"['A', 'C']","['B', 'C']"
5ae0925e55429945ae9593c9::active_set_pack_b,5ae0925e55429945ae9593c9,"['A', 'B', 'C', 'D', 'E', 'F']","[0, 1, 1, 0, 0, 0]","[-0.19206541776657104, 0.03365320339798927, 0.0401051826775074, 0.03233176842331886, 0.04871773347258568, 0.03725752606987953]","[0.19206541776657104, -0.03365320339798927, -0.0401051826775074, -0.03233176842331886, -0.04871773347258568, -0.03725752606987953]","[-0.19206541776657104, 0.03365320339798927, 0.0401051826775074, 0.03233176842331886, 0.04871773347258568, 0.03725752606987953]",1,-1,False,"['A', 'C']","['B', 'C']"
5a7f165b55429934daa2fccd::working_set_pack_a,5a7f165b55429934daa2fccd,"['A', 'B', 'C', 'D', 'E', 'F']","[0, 0, 0, 1, 1, 0]","[-0.057512879371643066, -0.06892798095941544, -0.0344824343919754, 0.2577345073223114, -0.02616232819855213, -0.07064894586801529]","[0.057512879371643066, 0.06892798095941544, 0.0344824343919754, -0.2577345073223114, 0.02616232819855213, 0.07064894586801529]","[-0.057512879371643066, -0.06892798095941544, -0.0344824343919754, 0.2577345073223114, -0.02616232819855213, -0.07064894586801529]",1,-1,False,"['A', 'F']","['D', 'E']"
5a7f165b55429934daa2fccd::active_set_pack_a,5a7f165b55429934daa2fccd,"['A', 'B', 'C', 'D', 'E', 'F']","[0, 0, 0, 1, 1, 0]","[-0.060600705444812775, -0.07080244272947311, -0.038193028420209885, 0.2853531837463379, -0.03001619316637516, -0.08574090898036957]","[0.060600705444812775, 0.07080244272947311, 0.038193028420209885, -0.2853531837463379, 0.03001619316637516, 0.08574090898036957]","[-0.060600705444812775, -0.07080244272947311, -0.038193028420209885, 0.2853531837463379, -0.03001619316637516, -0.08574090898036957]",1,-1,False,"['A', 'F']","['D', 'E']"
5a7f165b55429934daa2fccd::working_set_pack_b,5a7f165b55429934daa2fccd,"['A', 'B', 'C', 'D', 'E', 'F']","[0, 0, 0, 1, 1, 0]","[-0.05484238266944885, -0.14937949180603027, -0.03229844570159912, 0.3478584885597229, -0.010171033442020416, -0.10116703063249588]","[0.05484238266944885, 0.14937949180603027, 0.03229844570159912, -0.3478584885597229, 0.010171033442020416, 0.10116703063249588]","[-0.05484238266944885, -0.14937949180603027, -0.03229844570159912, 0.3478584885597229, -0.010171033442020416, -0.10116703063249588]",1,-1,False,"['A', 'F']","['D', 'E']"
5a7f165b55429934daa2fccd::active_set_pack_b,5a7f165b55429934daa2fccd,"['A', 'B', 'C', 'D', 'E', 'F']","[0, 0, 0, 1, 1, 0]","[-0.1141481101512909, -0.07499875873327255, -0.04195496812462807, 0.34087854623794556, -0.027103332802653313, -0.08267335593700409]","[0.1141481101512909, 0.07499875873327255, 0.04195496812462807, -0.34087854623794556, 0.027103332802653313, 0.08267335593700409]","[-0.1141481101512909, -0.07499875873327255, -0.04195496812462807, 0.34087854623794556, -0.027103332802653313, -0.08267335593700409]",1,-1,False,"['A', 'F']","['D', 'E']"
5a8ba62d554299240d9c205c::working_set_pack_a,5a8ba62d554299240d9c205c,"['A', 'B', 'C', 'D', 'E', 'F']","[0, 1, 1, 0, 0, 0]","[-0.0428379662334919, 0.16149818897247314, -0.032170116901397705, -0.02639571763575077, -0.04254532977938652, -0.017549065873026848]","[-0.0428379662334919, 0.16149818897247314, -0.032170116901397705, -0.02639571763575077, -0.04254532977938652, -0.017549065873026848]","[0.0428379662334919, -0.16149818897247314, 0.032170116901397705, 0.02639571763575077, 0.04254532977938652, 0.017549065873026848]",-1,-1,False,"['A', 'B']","['B', 'C']"
5a8ba62d554299240d9c205c::active_set_pack_a,5a8ba62d554299240d9c205c,"['A', 'B', 'C', 'D', 'E', 'F']","[0, 1, 1, 0, 0, 0]","[-0.04799116402864456, 0.22251290082931519, -0.03703518956899643, -0.043042562901973724, -0.060919541865587234, -0.03352440521121025]","[-0.04799116402864456, 0.22251290082931519, -0.03703518956899643, -0.043042562901973724, -0.060919541865587234, -0.03352440521121025]","[-0.04799116402864456, 0.22251290082931519, -0.03703518956899643, -0.043042562901973724, -0.060919541865587234, -0.03352440521121025]",1,1,False,"['A', 'B']","['B', 'C']"
5a8ba62d554299240d9c205c::working_set_pack_b,5a8ba62d554299240d9c205c,"['A', 'B', 'C', 'D', 'E', 'F']","[0, 1, 1, 0, 0, 0]","[-0.07662015408277512, 0.3485502302646637, -0.062267985194921494, -0.06911921501159668, -0.08175399899482727, -0.05878886580467224]","[-0.07662015408277512, 0.3485502302646637, -0.062267985194921494, -0.06911921501159668, -0.08175399899482727, -0.05878886580467224]","[-0.07662015408277512, 0.3485502302646637, -0.062267985194921494, -0.06911921501159668, -0.08175399899482727, -0.05878886580467224]",1,1,False,"['A', 'B']","['B', 'C']"
5a8ba62d554299240d9c205c::active_set_pack_b,5a8ba62d554299240d9c205c,"['A', 'B', 'C', 'D', 'E', 'F']","[0, 1, 1, 0, 0, 0]","[-0.05804399400949478, 0.24618913233280182, -0.03603580594062805, -0.04722420126199722, -0.0685281753540039, -0.0363570936024189]","[-0.05804399400949478, 0.24618913233280182, -0.03603580594062805, -0.04722420126199722, -0.0685281753540039, -0.0363570936024189]","[-0.05804399400949478, 0.24618913233280182, -0.03603580594062805, -0.04722420126199722, -0.0685281753540039, -0.0363570936024189]",1,1,False,"['A', 'B']","['B', 'C']"
5ae6053c55429929b0807a60::working_set_pack_a,5ae6053c55429929b0807a60,"['A', 'B', 'C', 'D', 'E', 'F']","[0, 1, 0, 1, 0, 0]","[-0.17790046334266663, 0.7688843011856079, -0.13365072011947632, -0.13878189027309418, -0.17539185285568237, -0.1431591510772705]","[-0.17790046334266663, 0.7688843011856079, -0.13365072011947632, -0.13878189027309418, -0.17539185285568237, -0.1431591510772705]","[0.17790046334266663, -0.7688843011856079, 0.13365072011947632, 0.13878189027309418, 0.17539185285568237, 0.1431591510772705]",-1,-1,True,"['B', 'D']","['B', 'D']"
5ae6053c55429929b0807a60::active_set_pack_a,5ae6053c55429929b0807a60,"['A', 'B', 'C', 'D', 'E', 'F']","[0, 1, 0, 1, 0, 0]","[-0.2043854147195816, 0.9327563047409058, -0.16943997144699097, -0.17373304069042206, -0.21319235861301422, -0.17200513184070587]","[-0.2043854147195816, 0.9327563047409058, -0.16943997144699097, -0.17373304069042206, -0.21319235861301422, -0.17200513184070587]","[0.2043854147195816, -0.9327563047409058, 0.16943997144699097, 0.17373304069042206, 0.21319235861301422, 0.17200513184070587]",-1,-1,False,"['B', 'C']","['B', 'D']"
5ae6053c55429929b0807a60::working_set_pack_b,5ae6053c55429929b0807a60,"['A', 'B', 'C', 'D', 'E', 'F']","[0, 1, 0, 1, 0, 0]","[-0.25803765654563904, 1.2174115180969238, -0.22070258855819702, -0.23378562927246094, -0.2696496546268463, -0.23523582518100739]","[-0.25803765654563904, 1.2174115180969238, -0.22070258855819702, -0.23378562927246094, -0.2696496546268463, -0.23523582518100739]","[0.25803765654563904, -1.2174115180969238, 0.22070258855819702, 0.23378562927246094, 0.2696496546268463, 0.23523582518100739]",-1,-1,False,"['B', 'C']","['B', 'D']"
5ae6053c55429929b0807a60::active_set_pack_b,5ae6053c55429929b0807a60,"['A', 'B', 'C', 'D', 'E', 'F']","[0, 1, 0, 1, 0, 0]","[-0.18600839376449585, 0.8444666266441345, -0.14069460332393646, -0.14927728474140167, -0.20848287642002106, -0.16000351309776306]","[-0.18600839376449585, 0.8444666266441345, -0.14069460332393646, -0.14927728474140167, -0.20848287642002106, -0.16000351309776306]","[0.18600839376449585, -0.8444666266441345, 0.14069460332393646, 0.14927728474140167, 0.20848287642002106, 0.16000351309776306]",-1,-1,False,"['B', 'C']","['B', 'D']"
5ae42a195542995ad6573d0e::working_set_pack_a,5ae42a195542995ad6573d0e,"['A', 'B', 'C', 'D', 'E', 'F']","[1, 0, 0, 0, 1, 0]","[-0.041775017976760864, -0.06538207828998566, -0.04980644956231117, -0.06720257550477982, 0.3108941912651062, -0.08672813326120377]","[-0.041775017976760864, -0.06538207828998566, -0.04980644956231117, -0.06720257550477982, 0.3108941912651062, -0.08672813326120377]","[-0.041775017976760864, -0.06538207828998566, -0.04980644956231117, -0.06720257550477982, 0.3108941912651062, -0.08672813326120377]",1,1,True,"['A', 'E']","['A', 'E']"
5ae42a195542995ad6573d0e::active_set_pack_a,5ae42a195542995ad6573d0e,"['A', 'B', 'C', 'D', 'E', 'F']","[1, 0, 0, 0, 1, 0]","[-0.044408075511455536, -0.06547251343727112, -0.04610185697674751, -0.06743253767490387, 0.30903294682502747, -0.08561793714761734]","[-0.044408075511455536, -0.06547251343727112, -0.04610185697674751, -0.06743253767490387, 0.30903294682502747, -0.08561793714761734]","[-0.044408075511455536, -0.06547251343727112, -0.04610185697674751, -0.06743253767490387, 0.30903294682502747, -0.08561793714761734]",1,1,True,"['A', 'E']","['A', 'E']"
5ae42a195542995ad6573d0e::working_set_pack_b,5ae42a195542995ad6573d0e,"['A', 'B', 'C', 'D', 'E', 'F']","[1, 0, 0, 0, 1, 0]","[-0.05968981236219406, -0.08662573993206024, -0.08069518953561783, -0.08818545937538147, 0.40725186467170715, -0.09205564856529236]","[-0.05968981236219406, -0.08662573993206024, -0.08069518953561783, -0.08818545937538147, 0.40725186467170715, -0.09205564856529236]","[0.05968981236219406, 0.08662573993206024, 0.08069518953561783, 0.08818545937538147, -0.40725186467170715, 0.09205564856529236]",-1,-1,True,"['A', 'E']","['A', 'E']"
5ae42a195542995ad6573d0e::active_set_pack_b,5ae42a195542995ad6573d0e,"['A', 'B', 'C', 'D', 'E', 'F']","[1, 0, 0, 0, 1, 0]","[-0.05640248954296112, -0.06230827793478966, -0.056847285479307175, -0.06605803966522217, 0.3260473608970642, -0.08443121612071991]","[-0.05640248954296112, -0.06230827793478966, -0.056847285479307175, -0.06605803966522217, 0.3260473608970642, -0.08443121612071991]","[0.05640248954296112, 0.06230827793478966, 0.056847285479307175, 0.06605803966522217, -0.3260473608970642, 0.08443121612071991]",-1,-1,True,"['A', 'E']","['A', 'E']"
5ae1aed65542997f29b3c0ff::working_set_pack_a,5ae1aed65542997f29b3c0ff,"['A', 'B', 'C', 'D', 'E', 'F']","[1, 0, 0, 0, 0, 1]","[-0.061944879591464996, -0.05794757977128029, -0.07446007430553436, -0.05633719637989998, 0.04616767168045044, 0.204522043466568]","[-0.061944879591464996, -0.05794757977128029, -0.07446007430553436, -0.05633719637989998, 0.04616767168045044, 0.204522043466568]","[-0.061944879591464996, -0.05794757977128029, -0.07446007430553436, -0.05633719637989998, 0.04616767168045044, 0.204522043466568]",1,1,True,"['A', 'F']","['A', 'F']"
5ae1aed65542997f29b3c0ff::active_set_pack_a,5ae1aed65542997f29b3c0ff,"['A', 'B', 'C', 'D', 'E', 'F']","[1, 0, 0, 0, 0, 1]","[-0.05507969483733177, -0.059380903840065, -0.07057876884937286, -0.053904276341199875, 0.015910731628537178, 0.22303298115730286]","[-0.05507969483733177, -0.059380903840065, -0.07057876884937286, -0.053904276341199875, 0.015910731628537178, 0.22303298115730286]","[-0.05507969483733177, -0.059380903840065, -0.07057876884937286, -0.053904276341199875, 0.015910731628537178, 0.22303298115730286]",1,1,True,"['A', 'F']","['A', 'F']"
5ae1aed65542997f29b3c0ff::working_set_pack_b,5ae1aed65542997f29b3c0ff,"['A', 'B', 'C', 'D', 'E', 'F']","[1, 0, 0, 0, 0, 1]","[-0.07199779897928238, -0.08427315205335617, -0.0903305783867836, -0.0699068233370781, 0.02568083256483078, 0.29082754254341125]","[-0.07199779897928238, -0.08427315205335617, -0.0903305783867836, -0.0699068233370781, 0.02568083256483078, 0.29082754254341125]","[-0.07199779897928238, -0.08427315205335617, -0.0903305783867836, -0.0699068233370781, 0.02568083256483078, 0.29082754254341125]",1,1,True,"['A', 'F']","['A', 'F']"
5ae1aed65542997f29b3c0ff::active_set_pack_b,5ae1aed65542997f29b3c0ff,"['A', 'B', 'C', 'D', 'E', 'F']","[1, 0, 0, 0, 0, 1]","[-0.04684141278266907, -0.07686245441436768, -0.07983879745006561, -0.04136498272418976, 0.0063601708970963955, 0.2385474294424057]","[-0.04684141278266907, -0.07686245441436768, -0.07983879745006561, -0.04136498272418976, 0.0063601708970963955, 0.2385474294424057]","[-0.04684141278266907, -0.07686245441436768, -0.07983879745006561, -0.04136498272418976, 0.0063601708970963955, 0.2385474294424057]",1,1,True,"['A', 'F']","['A', 'F']"
5a7c75a655429935c91b51c4::working_set_pack_a,5a7c75a655429935c91b51c4,"['A', 'B', 'C', 'D', 'E', 'F']","[0, 1, 1, 0, 0, 0]","[0.03986845538020134, 0.0860956683754921, 0.047034043818712234, -0.2324773371219635, 0.03611290827393532, 0.023366227746009827]","[0.03986845538020134, 0.0860956683754921, 0.047034043818712234, -0.2324773371219635, 0.03611290827393532, 0.023366227746009827]","[-0.03986845538020134, -0.0860956683754921, -0.047034043818712234, 0.2324773371219635, -0.03611290827393532, -0.023366227746009827]",-1,-1,False,"['A', 'C']","['B', 'C']"
5a7c75a655429935c91b51c4::active_set_pack_a,5a7c75a655429935c91b51c4,"['A', 'B', 'C', 'D', 'E', 'F']","[0, 1, 1, 0, 0, 0]","[0.02983880043029785, 0.1177329495549202, 0.03622477129101753, -0.21826405823230743, 0.025936923921108246, 0.008530561812222004]","[0.02983880043029785, 0.1177329495549202, 0.03622477129101753, -0.21826405823230743, 0.025936923921108246, 0.008530561812222004]","[-0.02983880043029785, -0.1177329495549202, -0.03622477129101753, 0.21826405823230743, -0.025936923921108246, -0.008530561812222004]",-1,-1,False,"['A', 'C']","['B', 'C']"
5a7c75a655429935c91b51c4::working_set_pack_b,5a7c75a655429935c91b51c4,"['A', 'B', 'C', 'D', 'E', 'F']","[0, 1, 1, 0, 0, 0]","[-0.03803488612174988, 0.2950500547885895, 0.00015191867714747787, -0.17613860964775085, -0.03795873001217842, -0.043069738894701004]","[-0.03803488612174988, 0.2950500547885895, 0.00015191867714747787, -0.17613860964775085, -0.03795873001217842, -0.043069738894701004]","[0.03803488612174988, -0.2950500547885895, -0.00015191867714747787, 0.17613860964775085, 0.03795873001217842, 0.043069738894701004]",-1,-1,False,"['A', 'B']","['B', 'C']"
5a7c75a655429935c91b51c4::active_set_pack_b,5a7c75a655429935c91b51c4,"['A', 'B', 'C', 'D', 'E', 'F']","[0, 1, 1, 0, 0, 0]","[0.043412405997514725, 0.1161528006196022, 0.06162134185433388, -0.2884289622306824, 0.03521282225847244, 0.032029662281274796]","[0.043412405997514725, 0.1161528006196022, 0.06162134185433388, -0.2884289622306824, 0.03521282225847244, 0.032029662281274796]","[-0.043412405997514725, -0.1161528006196022, -0.06162134185433388, 0.2884289622306824, -0.03521282225847244, -0.032029662281274796]",-1,-1,False,"['A', 'C']","['B', 'C']"
5a76c0d3554299373536019f::working_set_pack_a,5a76c0d3554299373536019f,"['A', 'B', 'C', 'D', 'E', 'F']","[0, 1, 0, 0, 0, 1]","[-0.040443554520606995, 0.3080601394176483, -0.08217959851026535, -0.08837801963090897, -0.07372704893350601, -0.023331865668296814]","[0.040443554520606995, -0.3080601394176483, 0.08217959851026535, 0.08837801963090897, 0.07372704893350601, 0.023331865668296814]","[0.040443554520606995, -0.3080601394176483, 0.08217959851026535, 0.08837801963090897, 0.07372704893350601, 0.023331865668296814]",-1,1,False,"['A', 'F']","['B', 'F']"
5a76c0d3554299373536019f::active_set_pack_a,5a76c0d3554299373536019f,"['A', 'B', 'C', 'D', 'E', 'F']","[0, 1, 0, 0, 0, 1]","[-0.05349554494023323, 0.3290802240371704, -0.08677711337804794, -0.09224396198987961, -0.07780470699071884, -0.018758824095129967]","[0.05349554494023323, -0.3290802240371704, 0.08677711337804794, 0.09224396198987961, 0.07780470699071884, 0.018758824095129967]","[0.05349554494023323, -0.3290802240371704, 0.08677711337804794, 0.09224396198987961, 0.07780470699071884, 0.018758824095129967]",-1,1,False,"['A', 'F']","['B', 'F']"
5a76c0d3554299373536019f::working_set_pack_b,5a76c0d3554299373536019f,"['A', 'B', 'C', 'D', 'E', 'F']","[0, 1, 0, 0, 0, 1]","[0.009409544989466667, 0.3220894932746887, -0.09579933434724808, -0.10260482132434845, -0.08625659346580505, -0.04683821648359299]","[-0.009409544989466667, -0.3220894932746887, 0.09579933434724808, 0.10260482132434845, 0.08625659346580505, 0.04683821648359299]","[-0.009409544989466667, -0.3220894932746887, 0.09579933434724808, 0.10260482132434845, 0.08625659346580505, 0.04683821648359299]",-1,1,False,"['A', 'F']","['B', 'F']"
5a76c0d3554299373536019f::active_set_pack_b,5a76c0d3554299373536019f,"['A', 'B', 'C', 'D', 'E', 'F']","[0, 1, 0, 0, 0, 1]","[-0.07459883391857147, 0.38273873925209045, -0.09483713656663895, -0.09908175468444824, -0.08552876859903336, -0.028692124411463737]","[-0.07459883391857147, 0.38273873925209045, -0.09483713656663895, -0.09908175468444824, -0.08552876859903336, -0.028692124411463737]","[0.07459883391857147, -0.38273873925209045, 0.09483713656663895, 0.09908175468444824, 0.08552876859903336, 0.028692124411463737]",-1,-1,False,"['A', 'B']","['B', 'F']"
5a8b1fc955429971feec4643::working_set_pack_a,5a8b1fc955429971feec4643,"['A', 'B', 'C', 'D', 'E', 'F']","[1, 1, 0, 0, 0, 0]","[0.20576494932174683, -0.016592741012573242, -0.056436389684677124, -0.056400883942842484, -0.02338693104684353, -0.052948012948036194]","[0.20576494932174683, -0.016592741012573242, -0.056436389684677124, -0.056400883942842484, -0.02338693104684353, -0.052948012948036194]","[-0.20576494932174683, 0.016592741012573242, 0.056436389684677124, 0.056400883942842484, 0.02338693104684353, 0.052948012948036194]",-1,-1,False,"['A', 'F']","['A', 'B']"
5a8b1fc955429971feec4643::active_set_pack_a,5a8b1fc955429971feec4643,"['A', 'B', 'C', 'D', 'E', 'F']","[1, 1, 0, 0, 0, 0]","[0.22617745399475098, -0.023169469088315964, -0.06033875048160553, -0.05771849676966667, -0.03389260172843933, -0.051058195531368256]","[0.22617745399475098, -0.023169469088315964, -0.06033875048160553, -0.05771849676966667, -0.03389260172843933, -0.051058195531368256]","[-0.22617745399475098, 0.023169469088315964, 0.06033875048160553, 0.05771849676966667, 0.03389260172843933, 0.051058195531368256]",-1,-1,True,"['A', 'B']","['A', 'B']"
5a8b1fc955429971feec4643::working_set_pack_b,5a8b1fc955429971feec4643,"['A', 'B', 'C', 'D', 'E', 'F']","[1, 1, 0, 0, 0, 0]","[0.24475131928920746, -0.003617427544668317, -0.07027185708284378, -0.06802723556756973, -0.04143046215176582, -0.06140432879328728]","[0.24475131928920746, -0.003617427544668317, -0.07027185708284378, -0.06802723556756973, -0.04143046215176582, -0.06140432879328728]","[-0.24475131928920746, 0.003617427544668317, 0.07027185708284378, 0.06802723556756973, 0.04143046215176582, 0.06140432879328728]",-1,-1,True,"['A', 'B']","['A', 'B']"
5a8b1fc955429971feec4643::active_set_pack_b,5a8b1fc955429971feec4643,"['A', 'B', 'C', 'D', 'E', 'F']","[1, 1, 0, 0, 0, 0]","[0.24571429193019867, -0.01669669710099697, -0.06833391636610031, -0.06719116121530533, -0.030828135088086128, -0.06266435980796814]","[0.24571429193019867, -0.01669669710099697, -0.06833391636610031, -0.06719116121530533, -0.030828135088086128, -0.06266435980796814]","[-0.24571429193019867, 0.01669669710099697, 0.06833391636610031, 0.06719116121530533, 0.030828135088086128, 0.06266435980796814]",-1,-1,False,"['A', 'F']","['A', 'B']"
5a8add645542992d82986fb5::working_set_pack_a,5a8add645542992d82986fb5,"['A', 'B', 'C', 'D', 'E', 'F']","[0, 0, 0, 1, 0, 1]","[-0.06013607233762741, 0.056683968752622604, -0.0255430918186903, 0.11554450541734695, -0.15061530470848083, 0.06406602263450623]","[0.06013607233762741, -0.056683968752622604, 0.0255430918186903, -0.11554450541734695, 0.15061530470848083, -0.06406602263450623]","[0.06013607233762741, -0.056683968752622604, 0.0255430918186903, -0.11554450541734695, 0.15061530470848083, -0.06406602263450623]",-1,1,False,"['A', 'B']","['D', 'F']"
5a8add645542992d82986fb5::active_set_pack_a,5a8add645542992d82986fb5,"['A', 'B', 'C', 'D', 'E', 'F']","[0, 0, 0, 1, 0, 1]","[-0.04811393842101097, 0.04013519734144211, -0.027671830728650093, 0.08856615424156189, -0.17129985988140106, 0.11838440597057343]","[-0.04811393842101097, 0.04013519734144211, -0.027671830728650093, 0.08856615424156189, -0.17129985988140106, 0.11838440597057343]","[0.04811393842101097, -0.04013519734144211, 0.027671830728650093, -0.08856615424156189, 0.17129985988140106, -0.11838440597057343]",-1,-1,False,"['A', 'F']","['D', 'F']"
5a8add645542992d82986fb5::working_set_pack_b,5a8add645542992d82986fb5,"['A', 'B', 'C', 'D', 'E', 'F']","[0, 0, 0, 1, 0, 1]","[-0.12339239567518234, 0.09205008298158646, -0.07662699371576309, 0.3079952597618103, -0.15054775774478912, -0.04947822540998459]","[0.12339239567518234, -0.09205008298158646, 0.07662699371576309, -0.3079952597618103, 0.15054775774478912, 0.04947822540998459]","[0.12339239567518234, -0.09205008298158646, 0.07662699371576309, -0.3079952597618103, 0.15054775774478912, 0.04947822540998459]",-1,1,False,"['A', 'B']","['D', 'F']"
5a8add645542992d82986fb5::active_set_pack_b,5a8add645542992d82986fb5,"['A', 'B', 'C', 'D', 'E', 'F']","[0, 0, 0, 1, 0, 1]","[-0.1271897405385971, 0.10462728887796402, -0.04624876752495766, 0.19146113097667694, -0.11835058033466339, -0.00429920107126236]","[0.1271897405385971, -0.10462728887796402, 0.04624876752495766, -0.19146113097667694, 0.11835058033466339, 0.00429920107126236]","[-0.1271897405385971, 0.10462728887796402, -0.04624876752495766, 0.19146113097667694, -0.11835058033466339, -0.00429920107126236]",1,-1,False,"['A', 'B']","['D', 'F']"
5a754aa455429916b01642e3::working_set_pack_a,5a754aa455429916b01642e3,"['A', 'B', 'C', 'D', 'E', 'F']","[0, 0, 1, 1, 0, 0]","[-0.0842849388718605, 0.02197437174618244, 0.0033359199296683073, 0.14169573783874512, -0.04219174385070801, -0.04052935540676117]","[0.0842849388718605, -0.02197437174618244, -0.0033359199296683073, -0.14169573783874512, 0.04219174385070801, 0.04052935540676117]","[0.0842849388718605, -0.02197437174618244, -0.0033359199296683073, -0.14169573783874512, 0.04219174385070801, 0.04052935540676117]",-1,1,False,"['A', 'C']","['C', 'D']"
5a754aa455429916b01642e3::active_set_pack_a,5a754aa455429916b01642e3,"['A', 'B', 'C', 'D', 'E', 'F']","[0, 0, 1, 1, 0, 0]","[-0.0715242400765419, -0.022925512865185738, 0.004315004218369722, 0.18897594511508942, -0.050366099923849106, -0.048475220799446106]","[0.0715242400765419, 0.022925512865185738, -0.004315004218369722, -0.18897594511508942, 0.050366099923849106, 0.048475220799446106]","[0.0715242400765419, 0.022925512865185738, -0.004315004218369722, -0.18897594511508942, 0.050366099923849106, 0.048475220799446106]",-1,1,False,"['A', 'C']","['C', 'D']"
5a754aa455429916b01642e3::working_set_pack_b,5a754aa455429916b01642e3,"['A', 'B', 'C', 'D', 'E', 'F']","[0, 0, 1, 1, 0, 0]","[-0.07642212510108948, 0.037278108298778534, -0.013831029646098614, 0.1825733631849289, -0.06908709555864334, -0.06051119044423103]","[0.07642212510108948, -0.037278108298778534, 0.013831029646098614, -0.1825733631849289, 0.06908709555864334, 0.06051119044423103]","[0.07642212510108948, -0.037278108298778534, 0.013831029646098614, -0.1825733631849289, 0.06908709555864334, 0.06051119044423103]",-1,1,False,"['A', 'C']","['C', 'D']"
5a754aa455429916b01642e3::active_set_pack_b,5a754aa455429916b01642e3,"['A', 'B', 'C', 'D', 'E', 'F']","[0, 0, 1, 1, 0, 0]","[-0.08682764321565628, -0.00945513416081667, -0.002167696366086602, 0.20190268754959106, -0.0534672737121582, -0.0499848872423172]","[0.08682764321565628, 0.00945513416081667, 0.002167696366086602, -0.20190268754959106, 0.0534672737121582, 0.0499848872423172]","[0.08682764321565628, 0.00945513416081667, 0.002167696366086602, -0.20190268754959106, 0.0534672737121582, 0.0499848872423172]",-1,1,False,"['A', 'C']","['C', 'D']"
5abad3395542996cc5e49e9f::working_set_pack_a,5abad3395542996cc5e49e9f,"['A', 'B', 'C', 'D', 'E', 'F']","[1, 0, 0, 0, 1, 0]","[0.25544074177742004, -0.08152966946363449, -0.05331595614552498, -0.036726098507642746, -0.03784890100359917, -0.04602016881108284]","[0.25544074177742004, -0.08152966946363449, -0.05331595614552498, -0.036726098507642746, -0.03784890100359917, -0.04602016881108284]","[-0.25544074177742004, 0.08152966946363449, 0.05331595614552498, 0.036726098507642746, 0.03784890100359917, 0.04602016881108284]",-1,-1,False,"['A', 'D']","['A', 'E']"
5abad3395542996cc5e49e9f::active_set_pack_a,5abad3395542996cc5e49e9f,"['A', 'B', 'C', 'D', 'E', 'F']","[1, 0, 0, 0, 1, 0]","[0.328040212392807, -0.08982257544994354, -0.0691649317741394, -0.057893358170986176, -0.04926415905356407, -0.061895158141851425]","[0.328040212392807, -0.08982257544994354, -0.0691649317741394, -0.057893358170986176, -0.04926415905356407, -0.061895158141851425]","[-0.328040212392807, 0.08982257544994354, 0.0691649317741394, 0.057893358170986176, 0.04926415905356407, 0.061895158141851425]",-1,-1,False,"['A', 'D']","['A', 'E']"
5abad3395542996cc5e49e9f::working_set_pack_b,5abad3395542996cc5e49e9f,"['A', 'B', 'C', 'D', 'E', 'F']","[1, 0, 0, 0, 1, 0]","[0.7245170474052429, -0.1655491441488266, -0.14904171228408813, -0.1454544961452484, -0.12740004062652588, -0.1370716094970703]","[0.7245170474052429, -0.1655491441488266, -0.14904171228408813, -0.1454544961452484, -0.12740004062652588, -0.1370716094970703]","[-0.7245170474052429, 0.1655491441488266, 0.14904171228408813, 0.1454544961452484, 0.12740004062652588, 0.1370716094970703]",-1,-1,True,"['A', 'E']","['A', 'E']"
5abad3395542996cc5e49e9f::active_set_pack_b,5abad3395542996cc5e49e9f,"['A', 'B', 'C', 'D', 'E', 'F']","[1, 0, 0, 0, 1, 0]","[0.3319537341594696, -0.15936526656150818, -0.06589809060096741, -0.046358395367860794, -0.01590985804796219, -0.04442201554775238]","[0.3319537341594696, -0.15936526656150818, -0.06589809060096741, -0.046358395367860794, -0.01590985804796219, -0.04442201554775238]","[-0.3319537341594696, 0.15936526656150818, 0.06589809060096741, 0.046358395367860794, 0.01590985804796219, 0.04442201554775238]",-1,-1,True,"['A', 'E']","['A', 'E']"
